task_id,dossier_id,rotation_id,a_fact_id,b_fact_id,family,arm,factorial,selector_tier,relay_tier,selector_model,relay_model,intervention,source_reopened,intervention_changed,intervention_inserted,intervention_removed,intervention_reason,rescue_eligible,direct_baseline_correct,closed_book_known,qa_eligible,stage1_selected_ids,relay_input_ids,stage2_selected_ids,stage1_selected_count,stage2_selected_count,a_card_selected_stage1,b_card_selected_stage1_base,b_card_selected_relay_input,b_card_selected_stage2,a_present_stage1,b_present_stage1_base,b_present_relay_input,b_present_stage2,stage1_compliant,stage2_compliant,overall_compliant,stage1_empty,stage2_empty,stage1_truncated,stage2_truncated,stage1_packet_words,relay_input_words,stage2_packet_words,question,golds,pred,em,f1,judge_correct
fic:1|fic:1:A=side2:a361e4c7535d|B=fic:1:target,fic:1,fic:1:A=side2:a361e4c7535d,fic:1:side2,fic:1:target,llama,llama_ss,1,small,small,llama_small,llama_small,sealed,0,0,,,no intervention,0,1,0,1,fic:1:side2|fic:1:target|fic:1:side3,fic:1:side2|fic:1:target|fic:1:side3,fic:1:target,3,1,1,1,1,1,1,1,1,1,1,1,1,0,0,0,0,62,62,30,Who founded Veydrin Hollow?,Mara Teln,Mara Teln,1.0,1.0,1
fic:1|fic:1:A=side2:a361e4c7535d|B=fic:1:target,fic:1,fic:1:A=side2:a361e4c7535d,fic:1:side2,fic:1:target,llama,llama_sl,1,small,large,llama_small,llama_large,sealed,0,0,,,no intervention,0,1,0,1,fic:1:side2|fic:1:target|fic:1:side3,fic:1:side2|fic:1:target|fic:1:side3,fic:1:target,3,1,1,1,1,1,1,1,1,1,1,1,1,0,0,0,0,62,62,30,Who founded Veydrin Hollow?,Mara Teln,Mara Teln,1.0,1.0,1
fic:1|fic:1:A=side2:a361e4c7535d|B=fic:1:target,fic:1,fic:1:A=side2:a361e4c7535d,fic:1:side2,fic:1:target,llama,llama_ls,1,large,small,llama_large,llama_small,sealed,0,0,,,no intervention,0,1,0,1,fic:1:side2|fic:1:target|fic:1:side1,fic:1:side2|fic:1:target|fic:1:side1,fic:1:target,3,1,1,1,1,1,1,1,1,1,1,1,1,0,0,0,0,62,62,30,Who founded Veydrin Hollow?,Mara Teln,Mara Teln,1.0,1.0,1
fic:1|fic:1:A=side2:a361e4c7535d|B=fic:1:target,fic:1,fic:1:A=side2:a361e4c7535d,fic:1:side2,fic:1:target,llama,llama_ll,1,large,large,llama_large,llama_large,sealed,0,0,,,no intervention,0,1,0,1,fic:1:side2|fic:1:target|fic:1:side1,fic:1:side2|fic:1:target|fic:1:side1,fic:1:target,3,1,1,1,1,1,1,1,1,1,1,1,1,0,0,0,0,62,62,30,Who founded Veydrin Hollow?,Mara Teln,Mara Teln,1.0,1.0,1
fic:1|fic:1:A=side2:a361e4c7535d|B=fic:1:target,fic:1,fic:1:A=side2:a361e4c7535d,fic:1:side2,fic:1:target,llama,llama_sl_sham,0,small,large,llama_small,llama_large,sham,0,0,,,"restore was ineligible, so matched sham is a no-op",0,1,0,1,fic:1:side2|fic:1:target|fic:1:side3,fic:1:side2|fic:1:target|fic:1:side3,fic:1:target,3,1,1,1,1,1,1,1,1,1,1,1,1,0,0,0,0,62,62,30,Who founded Veydrin Hollow?,Mara Teln,Mara Teln,1.0,1.0,1
fic:1|fic:1:A=side2:a361e4c7535d|B=fic:1:target,fic:1,fic:1:A=side2:a361e4c7535d,fic:1:side2,fic:1:target,llama,llama_sl_restore,0,small,large,llama_small,llama_large,restore,0,0,,,support_already_present,0,1,0,1,fic:1:side2|fic:1:target|fic:1:side3,fic:1:side2|fic:1:target|fic:1:side3,fic:1:target,3,1,1,1,1,1,1,1,1,1,1,1,1,0,0,0,0,62,62,30,Who founded Veydrin Hollow?,Mara Teln,Mara Teln,1.0,1.0,1
fic:1|fic:1:A=side2:a361e4c7535d|B=fic:1:target,fic:1,fic:1:A=side2:a361e4c7535d,fic:1:side2,fic:1:target,llama,llama_sl_reopen,0,small,large,llama_small,llama_large,reopen,1,0,,,no intervention,0,1,0,1,fic:1:side2|fic:1:target|fic:1:side3,fic:1:side2|fic:1:target|fic:1:side5|fic:1:side1|fic:1:side3|fic:1:side4,fic:1:target,3,1,1,1,1,1,1,1,1,1,1,1,1,0,0,0,0,62,104,30,Who founded Veydrin Hollow?,Mara Teln,Mara Teln,1.0,1.0,1
fic:1|fic:1:A=side2:a361e4c7535d|B=fic:1:target,fic:1,fic:1:A=side2:a361e4c7535d,fic:1:side2,fic:1:target,qwen,qwen_ss,1,small,small,qwen_small,qwen_small,sealed,0,0,,,no intervention,0,1,0,1,fic:1:side2|fic:1:target|fic:1:side1,fic:1:side2|fic:1:target|fic:1:side1,fic:1:target,3,1,1,1,1,1,1,1,1,1,1,1,1,0,0,0,0,62,62,30,Who founded Veydrin Hollow?,Mara Teln,Mara Teln,1.0,1.0,1
fic:1|fic:1:A=side2:a361e4c7535d|B=fic:1:target,fic:1,fic:1:A=side2:a361e4c7535d,fic:1:side2,fic:1:target,qwen,qwen_sl,1,small,large,qwen_small,qwen_large,sealed,0,0,,,no intervention,0,1,0,1,fic:1:side2|fic:1:target|fic:1:side1,fic:1:side2|fic:1:target|fic:1:side1,fic:1:target,3,1,1,1,1,1,1,1,1,1,1,1,1,0,0,0,0,62,62,30,Who founded Veydrin Hollow?,Mara Teln,Mara Teln,1.0,1.0,1
fic:1|fic:1:A=side2:a361e4c7535d|B=fic:1:target,fic:1,fic:1:A=side2:a361e4c7535d,fic:1:side2,fic:1:target,qwen,qwen_ls,1,large,small,qwen_large,qwen_small,sealed,0,0,,,no intervention,0,1,0,1,fic:1:side2|fic:1:target|fic:1:side1,fic:1:side2|fic:1:target|fic:1:side1,fic:1:target,3,1,1,1,1,1,1,1,1,1,1,1,1,0,0,0,0,62,62,30,Who founded Veydrin Hollow?,Mara Teln,Mara Teln,1.0,1.0,1
fic:1|fic:1:A=side2:a361e4c7535d|B=fic:1:target,fic:1,fic:1:A=side2:a361e4c7535d,fic:1:side2,fic:1:target,qwen,qwen_ll,1,large,large,qwen_large,qwen_large,sealed,0,0,,,no intervention,0,1,0,1,fic:1:side2|fic:1:target|fic:1:side1,fic:1:side2|fic:1:target|fic:1:side1,fic:1:target,3,1,1,1,1,1,1,1,1,1,1,1,1,0,0,0,0,62,62,30,Who founded Veydrin Hollow?,Mara Teln,Mara Teln,1.0,1.0,1
fic:1|fic:1:A=side2:a361e4c7535d|B=fic:1:target,fic:1,fic:1:A=side2:a361e4c7535d,fic:1:side2,fic:1:target,qwen,qwen_sl_sham,0,small,large,qwen_small,qwen_large,sham,0,0,,,"restore was ineligible, so matched sham is a no-op",0,1,0,1,fic:1:side2|fic:1:target|fic:1:side1,fic:1:side2|fic:1:target|fic:1:side1,fic:1:target,3,1,1,1,1,1,1,1,1,1,1,1,1,0,0,0,0,62,62,30,Who founded Veydrin Hollow?,Mara Teln,Mara Teln,1.0,1.0,1
fic:1|fic:1:A=side2:a361e4c7535d|B=fic:1:target,fic:1,fic:1:A=side2:a361e4c7535d,fic:1:side2,fic:1:target,qwen,qwen_sl_restore,0,small,large,qwen_small,qwen_large,restore,0,0,,,support_already_present,0,1,0,1,fic:1:side2|fic:1:target|fic:1:side1,fic:1:side2|fic:1:target|fic:1:side1,fic:1:target,3,1,1,1,1,1,1,1,1,1,1,1,1,0,0,0,0,62,62,30,Who founded Veydrin Hollow?,Mara Teln,Mara Teln,1.0,1.0,1
fic:1|fic:1:A=side2:a361e4c7535d|B=fic:1:target,fic:1,fic:1:A=side2:a361e4c7535d,fic:1:side2,fic:1:target,qwen,qwen_sl_reopen,0,small,large,qwen_small,qwen_large,reopen,1,0,,,no intervention,0,1,0,1,fic:1:side2|fic:1:target|fic:1:side1,fic:1:side2|fic:1:target|fic:1:side5|fic:1:side1|fic:1:side3|fic:1:side4,fic:1:target,3,1,1,1,1,1,1,1,1,1,1,1,1,0,0,0,0,62,104,30,Who founded Veydrin Hollow?,Mara Teln,Mara Teln,1.0,1.0,1
fic:1|fic:1:A=target:97ff7ed76eac|B=fic:1:side5,fic:1,fic:1:A=target:97ff7ed76eac,fic:1:target,fic:1:side5,llama,llama_ss,1,small,small,llama_small,llama_small,sealed,0,0,,,no intervention,1,1,0,1,fic:1:target|fic:1:side2|fic:1:side3,fic:1:target|fic:1:side2|fic:1:side3,fic:1:target,3,1,1,0,0,0,1,0,0,0,1,1,1,0,0,0,0,62,62,30,In what year did Kestrelpin Common School open?,940 WR,732 WR,0.0,0.5,0
fic:1|fic:1:A=target:97ff7ed76eac|B=fic:1:side5,fic:1,fic:1:A=target:97ff7ed76eac,fic:1:target,fic:1:side5,llama,llama_sl,1,small,large,llama_small,llama_large,sealed,0,0,,,no intervention,1,1,0,1,fic:1:target|fic:1:side2|fic:1:side3,fic:1:target|fic:1:side2|fic:1:side3,fic:1:side2,3,1,1,0,0,0,1,0,0,0,1,1,1,0,0,0,0,62,62,16,In what year did Kestrelpin Common School open?,940 WR,889 WR,0.0,0.5,0
fic:1|fic:1:A=target:97ff7ed76eac|B=fic:1:side5,fic:1,fic:1:A=target:97ff7ed76eac,fic:1:target,fic:1:side5,llama,llama_ls,1,large,small,llama_large,llama_small,sealed,0,0,,,no intervention,1,1,0,1,fic:1:target|fic:1:side2|fic:1:side1,fic:1:target|fic:1:side2|fic:1:side1,fic:1:side2,3,1,1,0,0,0,1,0,0,0,1,1,1,0,0,0,0,62,62,16,In what year did Kestrelpin Common School open?,940 WR,889 WR,0.0,0.5,0
fic:1|fic:1:A=target:97ff7ed76eac|B=fic:1:side5,fic:1,fic:1:A=target:97ff7ed76eac,fic:1:target,fic:1:side5,llama,llama_ll,1,large,large,llama_large,llama_large,sealed,0,0,,,no intervention,1,1,0,1,fic:1:target|fic:1:side2|fic:1:side1,fic:1:target|fic:1:side2|fic:1:side1,fic:1:side2,3,1,1,0,0,0,1,0,0,0,1,1,1,0,0,0,0,62,62,16,In what year did Kestrelpin Common School open?,940 WR,889 WR,0.0,0.5,0
fic:1|fic:1:A=target:97ff7ed76eac|B=fic:1:side5,fic:1,fic:1:A=target:97ff7ed76eac,fic:1:target,fic:1:side5,llama,llama_sl_sham,0,small,large,llama_small,llama_large,sham,0,1,fic:1:side1,fic:1:side2,replaced_with_length_nearest_non_support_card,1,1,0,1,fic:1:target|fic:1:side2|fic:1:side3,fic:1:target|fic:1:side1|fic:1:side3,fic:1:target,3,1,1,0,0,0,1,0,0,0,1,1,1,0,0,0,0,62,62,30,In what year did Kestrelpin Common School open?,940 WR,732 WR,0.0,0.5,0
fic:1|fic:1:A=target:97ff7ed76eac|B=fic:1:side5,fic:1,fic:1:A=target:97ff7ed76eac,fic:1:target,fic:1:side5,llama,llama_sl_restore,0,small,large,llama_small,llama_large,restore,0,1,fic:1:side5,fic:1:side2,replaced_length_nearest_card,1,1,0,1,fic:1:target|fic:1:side2|fic:1:side3,fic:1:target|fic:1:side5|fic:1:side3,fic:1:side5,3,1,1,0,1,1,1,0,1,1,1,1,1,0,0,0,0,62,58,12,In what year did Kestrelpin Common School open?,940 WR,940 WR,1.0,1.0,1
fic:1|fic:1:A=target:97ff7ed76eac|B=fic:1:side5,fic:1,fic:1:A=target:97ff7ed76eac,fic:1:target,fic:1:side5,llama,llama_sl_reopen,0,small,large,llama_small,llama_large,reopen,1,0,,,no intervention,1,1,0,1,fic:1:target|fic:1:side2|fic:1:side3,fic:1:side2|fic:1:target|fic:1:side5|fic:1:side1|fic:1:side3|fic:1:side4,fic:1:side5,3,1,1,0,1,1,1,0,1,1,1,1,1,0,0,0,0,62,104,12,In what year did Kestrelpin Common School open?,940 WR,940 WR,1.0,1.0,1
fic:1|fic:1:A=target:97ff7ed76eac|B=fic:1:side5,fic:1,fic:1:A=target:97ff7ed76eac,fic:1:target,fic:1:side5,qwen,qwen_ss,1,small,small,qwen_small,qwen_small,sealed,0,0,,,no intervention,1,1,0,1,fic:1:target|fic:1:side2|fic:1:side1,fic:1:target|fic:1:side2|fic:1:side1,,3,0,1,0,0,0,1,0,0,0,1,0,0,0,0,0,0,62,62,3,In what year did Kestrelpin Common School open?,940 WR,,0.0,0.0,0
fic:1|fic:1:A=target:97ff7ed76eac|B=fic:1:side5,fic:1,fic:1:A=target:97ff7ed76eac,fic:1:target,fic:1:side5,qwen,qwen_sl,1,small,large,qwen_small,qwen_large,sealed,0,0,,,no intervention,1,1,0,1,fic:1:target|fic:1:side2|fic:1:side1,fic:1:target|fic:1:side2|fic:1:side1,,3,0,1,0,0,0,1,0,0,0,1,0,0,0,0,0,0,62,62,3,In what year did Kestrelpin Common School open?,940 WR,,0.0,0.0,0
fic:1|fic:1:A=target:97ff7ed76eac|B=fic:1:side5,fic:1,fic:1:A=target:97ff7ed76eac,fic:1:target,fic:1:side5,qwen,qwen_ls,1,large,small,qwen_large,qwen_small,sealed,0,0,,,no intervention,1,1,0,1,fic:1:target|fic:1:side1|fic:1:side4,fic:1:target|fic:1:side1|fic:1:side4,fic:1:target,3,1,1,0,0,0,1,0,0,0,1,1,1,0,0,0,0,60,60,30,In what year did Kestrelpin Common School open?,940 WR,732 WR,0.0,0.5,0
fic:1|fic:1:A=target:97ff7ed76eac|B=fic:1:side5,fic:1,fic:1:A=target:97ff7ed76eac,fic:1:target,fic:1:side5,qwen,qwen_ll,1,large,large,qwen_large,qwen_large,sealed,0,0,,,no intervention,1,1,0,1,fic:1:target|fic:1:side1|fic:1:side4,fic:1:target|fic:1:side1|fic:1:side4,,3,0,1,0,0,0,1,0,0,0,1,0,0,0,0,0,0,60,60,3,In what year did Kestrelpin Common School open?,940 WR,,0.0,0.0,0
fic:1|fic:1:A=target:97ff7ed76eac|B=fic:1:side5,fic:1,fic:1:A=target:97ff7ed76eac,fic:1:target,fic:1:side5,qwen,qwen_sl_sham,0,small,large,qwen_small,qwen_large,sham,0,1,fic:1:side3,fic:1:side2,replaced_with_length_nearest_non_support_card,1,1,0,1,fic:1:target|fic:1:side2|fic:1:side1,fic:1:target|fic:1:side3|fic:1:side1,,3,0,1,0,0,0,1,0,0,0,1,0,0,0,0,0,0,62,62,3,In what year did Kestrelpin Common School open?,940 WR,,0.0,0.0,0
fic:1|fic:1:A=target:97ff7ed76eac|B=fic:1:side5,fic:1,fic:1:A=target:97ff7ed76eac,fic:1:target,fic:1:side5,qwen,qwen_sl_restore,0,small,large,qwen_small,qwen_large,restore,0,1,fic:1:side5,fic:1:side2,replaced_length_nearest_card,1,1,0,1,fic:1:target|fic:1:side2|fic:1:side1,fic:1:target|fic:1:side5|fic:1:side1,fic:1:side5,3,1,1,0,1,1,1,0,1,1,1,1,1,0,0,0,0,62,58,12,In what year did Kestrelpin Common School open?,940 WR,940 WR,1.0,1.0,1
fic:1|fic:1:A=target:97ff7ed76eac|B=fic:1:side5,fic:1,fic:1:A=target:97ff7ed76eac,fic:1:target,fic:1:side5,qwen,qwen_sl_reopen,0,small,large,qwen_small,qwen_large,reopen,1,0,,,no intervention,1,1,0,1,fic:1:target|fic:1:side2|fic:1:side1,fic:1:side2|fic:1:target|fic:1:side5|fic:1:side1|fic:1:side3|fic:1:side4,fic:1:side5,3,1,1,0,1,1,1,0,1,1,1,1,1,0,0,0,0,62,104,12,In what year did Kestrelpin Common School open?,940 WR,940 WR,1.0,1.0,1
fic:1|fic:1:A=side4:31cdbd808e8f|B=fic:1:side2,fic:1,fic:1:A=side4:31cdbd808e8f,fic:1:side4,fic:1:side2,llama,llama_ss,1,small,small,llama_small,llama_small,sealed,0,0,,,no intervention,0,1,0,1,fic:1:target|fic:1:side4|fic:1:side2,fic:1:target|fic:1:side4|fic:1:side2,fic:1:side2,3,1,1,1,1,1,1,1,1,1,1,1,1,0,0,0,0,60,60,16,In what year was the present stone footbridge completed?,889 WR,889 WR,1.0,1.0,1
fic:1|fic:1:A=side4:31cdbd808e8f|B=fic:1:side2,fic:1,fic:1:A=side4:31cdbd808e8f,fic:1:side4,fic:1:side2,llama,llama_sl,1,small,large,llama_small,llama_large,sealed,0,0,,,no intervention,0,1,0,1,fic:1:target|fic:1:side4|fic:1:side2,fic:1:target|fic:1:side4|fic:1:side2,fic:1:side2,3,1,1,1,1,1,1,1,1,1,1,1,1,0,0,0,0,60,60,16,In what year was the present stone footbridge completed?,889 WR,889 WR,1.0,1.0,1
fic:1|fic:1:A=side4:31cdbd808e8f|B=fic:1:side2,fic:1,fic:1:A=side4:31cdbd808e8f,fic:1:side4,fic:1:side2,llama,llama_ls,1,large,small,llama_large,llama_small,sealed,0,0,,,no intervention,0,1,0,1,fic:1:side4|fic:1:target|fic:1:side2,fic:1:side4|fic:1:target|fic:1:side2,fic:1:side2,3,1,1,1,1,1,1,1,1,1,1,1,1,0,0,0,0,60,60,16,In what year was the present stone footbridge completed?,889 WR,889 WR,1.0,1.0,1
fic:1|fic:1:A=side4:31cdbd808e8f|B=fic:1:side2,fic:1,fic:1:A=side4:31cdbd808e8f,fic:1:side4,fic:1:side2,llama,llama_ll,1,large,large,llama_large,llama_large,sealed,0,0,,,no intervention,0,1,0,1,fic:1:side4|fic:1:target|fic:1:side2,fic:1:side4|fic:1:target|fic:1:side2,fic:1:side2,3,1,1,1,1,1,1,1,1,1,1,1,1,0,0,0,0,60,60,16,In what year was the present stone footbridge completed?,889 WR,889 WR,1.0,1.0,1
fic:1|fic:1:A=side4:31cdbd808e8f|B=fic:1:side2,fic:1,fic:1:A=side4:31cdbd808e8f,fic:1:side4,fic:1:side2,llama,llama_sl_sham,0,small,large,llama_small,llama_large,sham,0,0,,,"restore was ineligible, so matched sham is a no-op",0,1,0,1,fic:1:target|fic:1:side4|fic:1:side2,fic:1:target|fic:1:side4|fic:1:side2,fic:1:side2,3,1,1,1,1,1,1,1,1,1,1,1,1,0,0,0,0,60,60,16,In what year was the present stone footbridge completed?,889 WR,889 WR,1.0,1.0,1
fic:1|fic:1:A=side4:31cdbd808e8f|B=fic:1:side2,fic:1,fic:1:A=side4:31cdbd808e8f,fic:1:side4,fic:1:side2,llama,llama_sl_restore,0,small,large,llama_small,llama_large,restore,0,0,,,support_already_present,0,1,0,1,fic:1:target|fic:1:side4|fic:1:side2,fic:1:target|fic:1:side4|fic:1:side2,fic:1:side2,3,1,1,1,1,1,1,1,1,1,1,1,1,0,0,0,0,60,60,16,In what year was the present stone footbridge completed?,889 WR,889 WR,1.0,1.0,1
fic:1|fic:1:A=side4:31cdbd808e8f|B=fic:1:side2,fic:1,fic:1:A=side4:31cdbd808e8f,fic:1:side4,fic:1:side2,llama,llama_sl_reopen,0,small,large,llama_small,llama_large,reopen,1,0,,,no intervention,0,1,0,1,fic:1:target|fic:1:side4|fic:1:side2,fic:1:side2|fic:1:target|fic:1:side5|fic:1:side1|fic:1:side3|fic:1:side4,fic:1:side2,3,1,1,1,1,1,1,1,1,1,1,1,1,0,0,0,0,60,104,16,In what year was the present stone footbridge completed?,889 WR,889 WR,1.0,1.0,1
fic:1|fic:1:A=side4:31cdbd808e8f|B=fic:1:side2,fic:1,fic:1:A=side4:31cdbd808e8f,fic:1:side4,fic:1:side2,qwen,qwen_ss,1,small,small,qwen_small,qwen_small,sealed,0,0,,,no intervention,0,1,0,1,fic:1:side4|fic:1:target|fic:1:side2,fic:1:side4|fic:1:target|fic:1:side2,fic:1:side2,3,1,1,1,1,1,1,1,1,1,1,1,1,0,0,0,0,60,60,16,In what year was the present stone footbridge completed?,889 WR,889 WR,1.0,1.0,1
fic:1|fic:1:A=side4:31cdbd808e8f|B=fic:1:side2,fic:1,fic:1:A=side4:31cdbd808e8f,fic:1:side4,fic:1:side2,qwen,qwen_sl,1,small,large,qwen_small,qwen_large,sealed,0,0,,,no intervention,0,1,0,1,fic:1:side4|fic:1:target|fic:1:side2,fic:1:side4|fic:1:target|fic:1:side2,fic:1:side2,3,1,1,1,1,1,1,1,1,1,1,1,1,0,0,0,0,60,60,16,In what year was the present stone footbridge completed?,889 WR,889 WR,1.0,1.0,1
fic:1|fic:1:A=side4:31cdbd808e8f|B=fic:1:side2,fic:1,fic:1:A=side4:31cdbd808e8f,fic:1:side4,fic:1:side2,qwen,qwen_ls,1,large,small,qwen_large,qwen_small,sealed,0,0,,,no intervention,1,1,0,1,fic:1:side4|fic:1:target|fic:1:side1,fic:1:side4|fic:1:target|fic:1:side1,fic:1:target,3,1,1,0,0,0,1,0,0,0,1,1,1,0,0,0,0,60,60,30,In what year was the present stone footbridge completed?,889 WR,732 WR,0.0,0.5,0
fic:1|fic:1:A=side4:31cdbd808e8f|B=fic:1:side2,fic:1,fic:1:A=side4:31cdbd808e8f,fic:1:side4,fic:1:side2,qwen,qwen_ll,1,large,large,qwen_large,qwen_large,sealed,0,0,,,no intervention,1,1,0,1,fic:1:side4|fic:1:target|fic:1:side1,fic:1:side4|fic:1:target|fic:1:side1,fic:1:target,3,1,1,0,0,0,1,0,0,0,1,1,1,0,0,0,0,60,60,30,In what year was the present stone footbridge completed?,889 WR,732 WR,0.0,0.5,0
fic:1|fic:1:A=side4:31cdbd808e8f|B=fic:1:side2,fic:1,fic:1:A=side4:31cdbd808e8f,fic:1:side4,fic:1:side2,qwen,qwen_sl_sham,0,small,large,qwen_small,qwen_large,sham,0,0,,,"restore was ineligible, so matched sham is a no-op",0,1,0,1,fic:1:side4|fic:1:target|fic:1:side2,fic:1:side4|fic:1:target|fic:1:side2,fic:1:side2,3,1,1,1,1,1,1,1,1,1,1,1,1,0,0,0,0,60,60,16,In what year was the present stone footbridge completed?,889 WR,889 WR,1.0,1.0,1
fic:1|fic:1:A=side4:31cdbd808e8f|B=fic:1:side2,fic:1,fic:1:A=side4:31cdbd808e8f,fic:1:side4,fic:1:side2,qwen,qwen_sl_restore,0,small,large,qwen_small,qwen_large,restore,0,0,,,support_already_present,0,1,0,1,fic:1:side4|fic:1:target|fic:1:side2,fic:1:side4|fic:1:target|fic:1:side2,fic:1:side2,3,1,1,1,1,1,1,1,1,1,1,1,1,0,0,0,0,60,60,16,In what year was the present stone footbridge completed?,889 WR,889 WR,1.0,1.0,1
fic:1|fic:1:A=side4:31cdbd808e8f|B=fic:1:side2,fic:1,fic:1:A=side4:31cdbd808e8f,fic:1:side4,fic:1:side2,qwen,qwen_sl_reopen,0,small,large,qwen_small,qwen_large,reopen,1,0,,,no intervention,0,1,0,1,fic:1:side4|fic:1:target|fic:1:side2,fic:1:side2|fic:1:target|fic:1:side5|fic:1:side1|fic:1:side3|fic:1:side4,fic:1:side2,3,1,1,1,1,1,1,1,1,1,1,1,1,0,0,0,0,60,104,16,In what year was the present stone footbridge completed?,889 WR,889 WR,1.0,1.0,1
fic:1|fic:1:A=side3:ece784ddc2cb|B=fic:1:side4,fic:1,fic:1:A=side3:ece784ddc2cb,fic:1:side3,fic:1:side4,llama,llama_ss,1,small,small,llama_small,llama_small,sealed,0,0,,,no intervention,1,1,0,1,fic:1:side3|fic:1:target|fic:1:side2,fic:1:side3|fic:1:target|fic:1:side2,fic:1:side2,3,1,1,0,0,0,1,0,0,0,1,1,1,0,0,0,0,62,62,16,On what date is the annual Rillmarket held?,18 Waneset,889 WR,0.0,0.0,0
fic:1|fic:1:A=side3:ece784ddc2cb|B=fic:1:side4,fic:1,fic:1:A=side3:ece784ddc2cb,fic:1:side3,fic:1:side4,llama,llama_sl,1,small,large,llama_small,llama_large,sealed,0,0,,,no intervention,1,1,0,1,fic:1:side3|fic:1:target|fic:1:side2,fic:1:side3|fic:1:target|fic:1:side2,fic:1:side2,3,1,1,0,0,0,1,0,0,0,1,1,1,0,0,0,0,62,62,16,On what date is the annual Rillmarket held?,18 Waneset,889 WR,0.0,0.0,0
fic:1|fic:1:A=side3:ece784ddc2cb|B=fic:1:side4,fic:1,fic:1:A=side3:ece784ddc2cb,fic:1:side3,fic:1:side4,llama,llama_ls,1,large,small,llama_large,llama_small,sealed,0,0,,,no intervention,1,1,0,1,fic:1:side3|fic:1:side2|fic:1:target,fic:1:side3|fic:1:side2|fic:1:target,fic:1:side2,3,1,1,0,0,0,1,0,0,0,1,1,1,0,0,0,0,62,62,16,On what date is the annual Rillmarket held?,18 Waneset,889 WR,0.0,0.0,0
fic:1|fic:1:A=side3:ece784ddc2cb|B=fic:1:side4,fic:1,fic:1:A=side3:ece784ddc2cb,fic:1:side3,fic:1:side4,llama,llama_ll,1,large,large,llama_large,llama_large,sealed,0,0,,,no intervention,1,1,0,1,fic:1:side3|fic:1:side2|fic:1:target,fic:1:side3|fic:1:side2|fic:1:target,fic:1:side2,3,1,1,0,0,0,1,0,0,0,1,1,1,0,0,0,0,62,62,16,On what date is the annual Rillmarket held?,18 Waneset,889 WR,0.0,0.0,0
fic:1|fic:1:A=side3:ece784ddc2cb|B=fic:1:side4,fic:1,fic:1:A=side3:ece784ddc2cb,fic:1:side3,fic:1:side4,llama,llama_sl_sham,0,small,large,llama_small,llama_large,sham,0,1,fic:1:side1,fic:1:side2,replaced_with_length_nearest_non_support_card,1,1,0,1,fic:1:side3|fic:1:target|fic:1:side2,fic:1:side3|fic:1:target|fic:1:side1,fic:1:target,3,1,1,0,0,0,1,0,0,0,1,1,1,0,0,0,0,62,62,30,On what date is the annual Rillmarket held?,18 Waneset,732 WR,0.0,0.0,0
fic:1|fic:1:A=side3:ece784ddc2cb|B=fic:1:side4,fic:1,fic:1:A=side3:ece784ddc2cb,fic:1:side3,fic:1:side4,llama,llama_sl_restore,0,small,large,llama_small,llama_large,restore,0,1,fic:1:side4,fic:1:side2,replaced_length_nearest_card,1,1,0,1,fic:1:side3|fic:1:target|fic:1:side2,fic:1:side3|fic:1:target|fic:1:side4,fic:1:side4,3,1,1,0,1,1,1,0,1,1,1,1,1,0,0,0,0,62,60,14,On what date is the annual Rillmarket held?,18 Waneset,18 Waneset,1.0,1.0,1
fic:1|fic:1:A=side3:ece784ddc2cb|B=fic:1:side4,fic:1,fic:1:A=side3:ece784ddc2cb,fic:1:side3,fic:1:side4,llama,llama_sl_reopen,0,small,large,llama_small,llama_large,reopen,1,0,,,no intervention,1,1,0,1,fic:1:side3|fic:1:target|fic:1:side2,fic:1:side2|fic:1:target|fic:1:side5|fic:1:side1|fic:1:side3|fic:1:side4,fic:1:side4,3,1,1,0,1,1,1,0,1,1,1,1,1,0,0,0,0,62,104,14,On what date is the annual Rillmarket held?,18 Waneset,18 Waneset,1.0,1.0,1
fic:1|fic:1:A=side3:ece784ddc2cb|B=fic:1:side4,fic:1,fic:1:A=side3:ece784ddc2cb,fic:1:side3,fic:1:side4,qwen,qwen_ss,1,small,small,qwen_small,qwen_small,sealed,0,0,,,no intervention,1,1,0,1,fic:1:side3|fic:1:side2|fic:1:target,fic:1:side3|fic:1:side2|fic:1:target,,3,0,1,0,0,0,1,0,0,0,1,0,0,0,0,0,0,62,62,3,On what date is the annual Rillmarket held?,18 Waneset,,0.0,0.0,0
fic:1|fic:1:A=side3:ece784ddc2cb|B=fic:1:side4,fic:1,fic:1:A=side3:ece784ddc2cb,fic:1:side3,fic:1:side4,qwen,qwen_sl,1,small,large,qwen_small,qwen_large,sealed,0,0,,,no intervention,1,1,0,1,fic:1:side3|fic:1:side2|fic:1:target,fic:1:side3|fic:1:side2|fic:1:target,,3,0,1,0,0,0,1,0,0,0,1,0,0,0,0,0,0,62,62,3,On what date is the annual Rillmarket held?,18 Waneset,,0.0,0.0,0
fic:1|fic:1:A=side3:ece784ddc2cb|B=fic:1:side4,fic:1,fic:1:A=side3:ece784ddc2cb,fic:1:side3,fic:1:side4,qwen,qwen_ls,1,large,small,qwen_large,qwen_small,sealed,0,0,,,no intervention,1,1,0,1,fic:1:side3|fic:1:target|fic:1:side1,fic:1:side3|fic:1:target|fic:1:side1,,3,0,1,0,0,0,1,0,0,0,1,0,0,0,0,0,0,62,62,3,On what date is the annual Rillmarket held?,18 Waneset,,0.0,0.0,0
fic:1|fic:1:A=side3:ece784ddc2cb|B=fic:1:side4,fic:1,fic:1:A=side3:ece784ddc2cb,fic:1:side3,fic:1:side4,qwen,qwen_ll,1,large,large,qwen_large,qwen_large,sealed,0,0,,,no intervention,1,1,0,1,fic:1:side3|fic:1:target|fic:1:side1,fic:1:side3|fic:1:target|fic:1:side1,,3,0,1,0,0,0,1,0,0,0,1,0,0,0,0,0,0,62,62,3,On what date is the annual Rillmarket held?,18 Waneset,,0.0,0.0,0
fic:1|fic:1:A=side3:ece784ddc2cb|B=fic:1:side4,fic:1,fic:1:A=side3:ece784ddc2cb,fic:1:side3,fic:1:side4,qwen,qwen_sl_sham,0,small,large,qwen_small,qwen_large,sham,0,1,fic:1:side1,fic:1:side2,replaced_with_length_nearest_non_support_card,1,1,0,1,fic:1:side3|fic:1:side2|fic:1:target,fic:1:side3|fic:1:side1|fic:1:target,,3,0,1,0,0,0,1,0,0,0,1,0,0,0,0,0,0,62,62,3,On what date is the annual Rillmarket held?,18 Waneset,,0.0,0.0,0
fic:1|fic:1:A=side3:ece784ddc2cb|B=fic:1:side4,fic:1,fic:1:A=side3:ece784ddc2cb,fic:1:side3,fic:1:side4,qwen,qwen_sl_restore,0,small,large,qwen_small,qwen_large,restore,0,1,fic:1:side4,fic:1:side2,replaced_length_nearest_card,1,1,0,1,fic:1:side3|fic:1:side2|fic:1:target,fic:1:side3|fic:1:side4|fic:1:target,fic:1:side4,3,1,1,0,1,1,1,0,1,1,1,1,1,0,0,0,0,62,60,14,On what date is the annual Rillmarket held?,18 Waneset,18 Waneset,1.0,1.0,1
fic:1|fic:1:A=side3:ece784ddc2cb|B=fic:1:side4,fic:1,fic:1:A=side3:ece784ddc2cb,fic:1:side3,fic:1:side4,qwen,qwen_sl_reopen,0,small,large,qwen_small,qwen_large,reopen,1,0,,,no intervention,1,1,0,1,fic:1:side3|fic:1:side2|fic:1:target,fic:1:side2|fic:1:target|fic:1:side5|fic:1:side1|fic:1:side3|fic:1:side4,fic:1:side4,3,1,1,0,1,1,1,0,1,1,1,1,1,0,0,0,0,62,104,14,On what date is the annual Rillmarket held?,18 Waneset,18 Waneset,1.0,1.0,1
fic:2|fic:2:A=side4:fb4287023b08|B=fic:2:side1,fic:2,fic:2:A=side4:fb4287023b08,fic:2:side4,fic:2:side1,llama,llama_ss,1,small,small,llama_small,llama_small,sealed,0,0,,,no intervention,0,1,0,1,fic:2:side4|fic:2:target|fic:2:side1,fic:2:side4|fic:2:target|fic:2:side1,fic:2:side4,3,1,1,1,1,0,1,1,1,0,1,1,1,0,0,0,0,60,60,11,In what town is the Ryntham Collegium of Applied Letters located?,Kethryn Quay,Insufficient material,0.0,0.0,0
fic:2|fic:2:A=side4:fb4287023b08|B=fic:2:side1,fic:2,fic:2:A=side4:fb4287023b08,fic:2:side4,fic:2:side1,llama,llama_sl,1,small,large,llama_small,llama_large,sealed,0,0,,,no intervention,0,1,0,1,fic:2:side4|fic:2:target|fic:2:side1,fic:2:side4|fic:2:target|fic:2:side1,fic:2:side1,3,1,1,1,1,1,1,1,1,1,1,1,1,0,0,0,0,60,60,15,In what town is the Ryntham Collegium of Applied Letters located?,Kethryn Quay,Kethryn Quay,1.0,1.0,1
fic:2|fic:2:A=side4:fb4287023b08|B=fic:2:side1,fic:2,fic:2:A=side4:fb4287023b08,fic:2:side4,fic:2:side1,llama,llama_ls,1,large,small,llama_large,llama_small,sealed,0,0,,,no intervention,1,1,0,1,fic:2:side4|fic:2:side2|fic:2:target,fic:2:side4|fic:2:side2|fic:2:target,fic:2:target,3,1,1,0,0,0,1,0,0,0,1,1,1,0,0,0,0,57,57,34,In what town is the Ryntham Collegium of Applied Letters located?,Kethryn Quay,Brinewold,0.0,0.0,0
fic:2|fic:2:A=side4:fb4287023b08|B=fic:2:side1,fic:2,fic:2:A=side4:fb4287023b08,fic:2:side4,fic:2:side1,llama,llama_ll,1,large,large,llama_large,llama_large,sealed,0,0,,,no intervention,1,1,0,1,fic:2:side4|fic:2:side2|fic:2:target,fic:2:side4|fic:2:side2|fic:2:target,fic:2:target,3,1,1,0,0,0,1,0,0,0,1,1,1,0,0,0,0,57,57,34,In what town is the Ryntham Collegium of Applied Letters located?,Kethryn Quay,Brinewold,0.0,0.0,0
fic:2|fic:2:A=side4:fb4287023b08|B=fic:2:side1,fic:2,fic:2:A=side4:fb4287023b08,fic:2:side4,fic:2:side1,llama,llama_sl_sham,0,small,large,llama_small,llama_large,sham,0,0,,,"restore was ineligible, so matched sham is a no-op",0,1,0,1,fic:2:side4|fic:2:target|fic:2:side1,fic:2:side4|fic:2:target|fic:2:side1,fic:2:side1,3,1,1,1,1,1,1,1,1,1,1,1,1,0,0,0,0,60,60,15,In what town is the Ryntham Collegium of Applied Letters located?,Kethryn Quay,Kethryn Quay,1.0,1.0,1
fic:2|fic:2:A=side4:fb4287023b08|B=fic:2:side1,fic:2,fic:2:A=side4:fb4287023b08,fic:2:side4,fic:2:side1,llama,llama_sl_restore,0,small,large,llama_small,llama_large,restore,0,0,,,support_already_present,0,1,0,1,fic:2:side4|fic:2:target|fic:2:side1,fic:2:side4|fic:2:target|fic:2:side1,fic:2:side1,3,1,1,1,1,1,1,1,1,1,1,1,1,0,0,0,0,60,60,15,In what town is the Ryntham Collegium of Applied Letters located?,Kethryn Quay,Kethryn Quay,1.0,1.0,1
fic:2|fic:2:A=side4:fb4287023b08|B=fic:2:side1,fic:2,fic:2:A=side4:fb4287023b08,fic:2:side4,fic:2:side1,llama,llama_sl_reopen,0,small,large,llama_small,llama_large,reopen,1,0,,,no intervention,0,1,0,1,fic:2:side4|fic:2:target|fic:2:side1,fic:2:side2|fic:2:target|fic:2:side4|fic:2:side1|fic:2:side5|fic:2:side3,fic:2:side1,3,1,1,1,1,1,1,1,1,1,1,1,1,0,0,0,0,60,97,15,In what town is the Ryntham Collegium of Applied Letters located?,Kethryn Quay,Kethryn Quay,1.0,1.0,1
fic:2|fic:2:A=side4:fb4287023b08|B=fic:2:side1,fic:2,fic:2:A=side4:fb4287023b08,fic:2:side4,fic:2:side1,qwen,qwen_ss,1,small,small,qwen_small,qwen_small,sealed,0,0,,,no intervention,0,1,0,1,fic:2:side4|fic:2:side1|fic:2:target,fic:2:side4|fic:2:side1|fic:2:target,fic:2:side1,3,1,1,1,1,1,1,1,1,1,1,1,1,0,0,0,0,60,60,15,In what town is the Ryntham Collegium of Applied Letters located?,Kethryn Quay,Kethryn Quay,1.0,1.0,1
fic:2|fic:2:A=side4:fb4287023b08|B=fic:2:side1,fic:2,fic:2:A=side4:fb4287023b08,fic:2:side4,fic:2:side1,qwen,qwen_sl,1,small,large,qwen_small,qwen_large,sealed,0,0,,,no intervention,0,1,0,1,fic:2:side4|fic:2:side1|fic:2:target,fic:2:side4|fic:2:side1|fic:2:target,fic:2:side1,3,1,1,1,1,1,1,1,1,1,1,1,1,0,0,0,0,60,60,15,In what town is the Ryntham Collegium of Applied Letters located?,Kethryn Quay,Kethryn Quay,1.0,1.0,1
fic:2|fic:2:A=side4:fb4287023b08|B=fic:2:side1,fic:2,fic:2:A=side4:fb4287023b08,fic:2:side4,fic:2:side1,qwen,qwen_ls,1,large,small,qwen_large,qwen_small,sealed,0,0,,,no intervention,0,1,0,1,fic:2:side4|fic:2:side1|fic:2:side2,fic:2:side4|fic:2:side1|fic:2:side2,fic:2:side1,3,1,1,1,1,1,1,1,1,1,1,1,1,0,0,0,0,38,38,15,In what town is the Ryntham Collegium of Applied Letters located?,Kethryn Quay,Kethryn Quay,1.0,1.0,1
fic:2|fic:2:A=side4:fb4287023b08|B=fic:2:side1,fic:2,fic:2:A=side4:fb4287023b08,fic:2:side4,fic:2:side1,qwen,qwen_ll,1,large,large,qwen_large,qwen_large,sealed,0,0,,,no intervention,0,1,0,1,fic:2:side4|fic:2:side1|fic:2:side2,fic:2:side4|fic:2:side1|fic:2:side2,fic:2:side1,3,1,1,1,1,1,1,1,1,1,1,1,1,0,0,0,0,38,38,15,In what town is the Ryntham Collegium of Applied Letters located?,Kethryn Quay,Kethryn Quay,1.0,1.0,1
fic:2|fic:2:A=side4:fb4287023b08|B=fic:2:side1,fic:2,fic:2:A=side4:fb4287023b08,fic:2:side4,fic:2:side1,qwen,qwen_sl_sham,0,small,large,qwen_small,qwen_large,sham,0,0,,,"restore was ineligible, so matched sham is a no-op",0,1,0,1,fic:2:side4|fic:2:side1|fic:2:target,fic:2:side4|fic:2:side1|fic:2:target,fic:2:side1,3,1,1,1,1,1,1,1,1,1,1,1,1,0,0,0,0,60,60,15,In what town is the Ryntham Collegium of Applied Letters located?,Kethryn Quay,Kethryn Quay,1.0,1.0,1
fic:2|fic:2:A=side4:fb4287023b08|B=fic:2:side1,fic:2,fic:2:A=side4:fb4287023b08,fic:2:side4,fic:2:side1,qwen,qwen_sl_restore,0,small,large,qwen_small,qwen_large,restore,0,0,,,support_already_present,0,1,0,1,fic:2:side4|fic:2:side1|fic:2:target,fic:2:side4|fic:2:side1|fic:2:target,fic:2:side1,3,1,1,1,1,1,1,1,1,1,1,1,1,0,0,0,0,60,60,15,In what town is the Ryntham Collegium of Applied Letters located?,Kethryn Quay,Kethryn Quay,1.0,1.0,1
fic:2|fic:2:A=side4:fb4287023b08|B=fic:2:side1,fic:2,fic:2:A=side4:fb4287023b08,fic:2:side4,fic:2:side1,qwen,qwen_sl_reopen,0,small,large,qwen_small,qwen_large,reopen,1,0,,,no intervention,0,1,0,1,fic:2:side4|fic:2:side1|fic:2:target,fic:2:side2|fic:2:target|fic:2:side4|fic:2:side1|fic:2:side5|fic:2:side3,fic:2:side1,3,1,1,1,1,1,1,1,1,1,1,1,1,0,0,0,0,60,97,15,In what town is the Ryntham Collegium of Applied Letters located?,Kethryn Quay,Kethryn Quay,1.0,1.0,1
fic:2|fic:2:A=side5:4f81aeccb72d|B=fic:2:side3,fic:2,fic:2:A=side5:4f81aeccb72d,fic:2:side5,fic:2:side3,llama,llama_ss,1,small,small,llama_small,llama_small,sealed,0,0,,,no intervention,1,1,0,1,fic:2:target|fic:2:side5|fic:2:side1,fic:2:target|fic:2:side5|fic:2:side1,fic:2:target,3,1,1,0,0,0,1,0,0,0,1,1,1,0,0,0,0,63,63,34,What is the name of the first purpose-built classroom building?,Harrowglass Hall,Brinewold Lane,0.0,0.0,0
fic:2|fic:2:A=side5:4f81aeccb72d|B=fic:2:side3,fic:2,fic:2:A=side5:4f81aeccb72d,fic:2:side5,fic:2:side3,llama,llama_sl,1,small,large,llama_small,llama_large,sealed,0,0,,,no intervention,1,1,0,1,fic:2:target|fic:2:side5|fic:2:side1,fic:2:target|fic:2:side5|fic:2:side1,fic:2:target,3,1,1,0,0,0,1,0,0,0,1,1,1,0,0,0,0,63,63,34,What is the name of the first purpose-built classroom building?,Harrowglass Hall,Brinewold Lane,0.0,0.0,0
fic:2|fic:2:A=side5:4f81aeccb72d|B=fic:2:side3,fic:2,fic:2:A=side5:4f81aeccb72d,fic:2:side5,fic:2:side3,llama,llama_ls,1,large,small,llama_large,llama_small,sealed,0,0,,,no intervention,1,1,0,1,fic:2:side5|fic:2:side2|fic:2:target,fic:2:side5|fic:2:side2|fic:2:target,fic:2:target,3,1,1,0,0,0,1,0,0,0,1,1,1,0,0,0,0,60,60,34,What is the name of the first purpose-built classroom building?,Harrowglass Hall,Brinewold Lane,0.0,0.0,0
fic:2|fic:2:A=side5:4f81aeccb72d|B=fic:2:side3,fic:2,fic:2:A=side5:4f81aeccb72d,fic:2:side5,fic:2:side3,llama,llama_ll,1,large,large,llama_large,llama_large,sealed,0,0,,,no intervention,1,1,0,1,fic:2:side5|fic:2:side2|fic:2:target,fic:2:side5|fic:2:side2|fic:2:target,fic:2:side2,3,1,1,0,0,0,1,0,0,0,1,1,1,0,0,0,0,60,60,12,What is the name of the first purpose-built classroom building?,Harrowglass Hall,The material provided does not specify the name of the first purpose-built classroom building,0.0,0.0,0
fic:2|fic:2:A=side5:4f81aeccb72d|B=fic:2:side3,fic:2,fic:2:A=side5:4f81aeccb72d,fic:2:side5,fic:2:side3,llama,llama_sl_sham,0,small,large,llama_small,llama_large,sham,0,1,fic:2:side2,fic:2:side1,replaced_with_length_nearest_non_support_card,1,1,0,1,fic:2:target|fic:2:side5|fic:2:side1,fic:2:target|fic:2:side5|fic:2:side2,fic:2:side2,3,1,1,0,0,0,1,0,0,0,1,1,1,0,0,0,0,63,60,12,What is the name of the first purpose-built classroom building?,Harrowglass Hall,The material provided does not specify the name of the first purpose-built classroom building,0.0,0.0,0
fic:2|fic:2:A=side5:4f81aeccb72d|B=fic:2:side3,fic:2,fic:2:A=side5:4f81aeccb72d,fic:2:side5,fic:2:side3,llama,llama_sl_restore,0,small,large,llama_small,llama_large,restore,0,1,fic:2:side3,fic:2:side1,replaced_length_nearest_card,1,1,0,1,fic:2:target|fic:2:side5|fic:2:side1,fic:2:target|fic:2:side5|fic:2:side3,fic:2:side3,3,1,1,0,1,1,1,0,1,1,1,1,1,0,0,0,0,63,59,11,What is the name of the first purpose-built classroom building?,Harrowglass Hall,Harrowglass Hall,1.0,1.0,1
fic:2|fic:2:A=side5:4f81aeccb72d|B=fic:2:side3,fic:2,fic:2:A=side5:4f81aeccb72d,fic:2:side5,fic:2:side3,llama,llama_sl_reopen,0,small,large,llama_small,llama_large,reopen,1,0,,,no intervention,1,1,0,1,fic:2:target|fic:2:side5|fic:2:side1,fic:2:side2|fic:2:target|fic:2:side4|fic:2:side1|fic:2:side5|fic:2:side3,fic:2:side3,3,1,1,0,1,1,1,0,1,1,1,1,1,0,0,0,0,63,97,11,What is the name of the first purpose-built classroom building?,Harrowglass Hall,Harrowglass Hall,1.0,1.0,1
fic:2|fic:2:A=side5:4f81aeccb72d|B=fic:2:side3,fic:2,fic:2:A=side5:4f81aeccb72d,fic:2:side5,fic:2:side3,qwen,qwen_ss,1,small,small,qwen_small,qwen_small,sealed,0,0,,,no intervention,1,1,0,1,fic:2:target|fic:2:side5|fic:2:side1,fic:2:target|fic:2:side5|fic:2:side1,fic:2:target,3,1,1,0,0,0,1,0,0,0,1,1,1,0,0,0,0,63,63,34,What is the name of the first purpose-built classroom building?,Harrowglass Hall,Brinewold Lane,0.0,0.0,0
fic:2|fic:2:A=side5:4f81aeccb72d|B=fic:2:side3,fic:2,fic:2:A=side5:4f81aeccb72d,fic:2:side5,fic:2:side3,qwen,qwen_sl,1,small,large,qwen_small,qwen_large,sealed,0,0,,,no intervention,1,1,0,1,fic:2:target|fic:2:side5|fic:2:side1,fic:2:target|fic:2:side5|fic:2:side1,fic:2:target,3,1,1,0,0,0,1,0,0,0,1,1,1,0,0,0,0,63,63,34,What is the name of the first purpose-built classroom building?,Harrowglass Hall,Brinewold Lane,0.0,0.0,0
fic:2|fic:2:A=side5:4f81aeccb72d|B=fic:2:side3,fic:2,fic:2:A=side5:4f81aeccb72d,fic:2:side5,fic:2:side3,qwen,qwen_ls,1,large,small,qwen_large,qwen_small,sealed,0,0,,,no intervention,1,1,0,1,fic:2:side5|fic:2:side2|fic:2:side1,fic:2:side5|fic:2:side2|fic:2:side1,fic:2:side2,3,1,1,0,0,0,1,0,0,0,1,1,1,0,0,0,0,41,41,12,What is the name of the first purpose-built classroom building?,Harrowglass Hall,The material provided does not specify the name of the first purpose-built classroom building,0.0,0.0,0
fic:2|fic:2:A=side5:4f81aeccb72d|B=fic:2:side3,fic:2,fic:2:A=side5:4f81aeccb72d,fic:2:side5,fic:2:side3,qwen,qwen_ll,1,large,large,qwen_large,qwen_large,sealed,0,0,,,no intervention,1,1,0,1,fic:2:side5|fic:2:side2|fic:2:side1,fic:2:side5|fic:2:side2|fic:2:side1,fic:2:side1,3,1,1,0,0,0,1,0,0,0,1,1,1,0,0,0,0,41,41,15,What is the name of the first purpose-built classroom building?,Harrowglass Hall,Ryntham Collegium of Applied Letters,0.0,0.0,0
fic:2|fic:2:A=side5:4f81aeccb72d|B=fic:2:side3,fic:2,fic:2:A=side5:4f81aeccb72d,fic:2:side5,fic:2:side3,qwen,qwen_sl_sham,0,small,large,qwen_small,qwen_large,sham,0,1,fic:2:side2,fic:2:side1,replaced_with_length_nearest_non_support_card,1,1,0,1,fic:2:target|fic:2:side5|fic:2:side1,fic:2:target|fic:2:side5|fic:2:side2,,3,0,1,0,0,0,1,0,0,0,1,0,0,0,0,0,0,63,60,3,What is the name of the first purpose-built classroom building?,Harrowglass Hall,,0.0,0.0,0
fic:2|fic:2:A=side5:4f81aeccb72d|B=fic:2:side3,fic:2,fic:2:A=side5:4f81aeccb72d,fic:2:side5,fic:2:side3,qwen,qwen_sl_restore,0,small,large,qwen_small,qwen_large,restore,0,1,fic:2:side3,fic:2:side1,replaced_length_nearest_card,1,1,0,1,fic:2:target|fic:2:side5|fic:2:side1,fic:2:target|fic:2:side5|fic:2:side3,fic:2:side3,3,1,1,0,1,1,1,0,1,1,1,1,1,0,0,0,0,63,59,11,What is the name of the first purpose-built classroom building?,Harrowglass Hall,Harrowglass Hall,1.0,1.0,1
fic:2|fic:2:A=side5:4f81aeccb72d|B=fic:2:side3,fic:2,fic:2:A=side5:4f81aeccb72d,fic:2:side5,fic:2:side3,qwen,qwen_sl_reopen,0,small,large,qwen_small,qwen_large,reopen,1,0,,,no intervention,1,1,0,1,fic:2:target|fic:2:side5|fic:2:side1,fic:2:side2|fic:2:target|fic:2:side4|fic:2:side1|fic:2:side5|fic:2:side3,fic:2:side3,3,1,1,0,1,1,1,0,1,1,1,1,1,0,0,0,0,63,97,11,What is the name of the first purpose-built classroom building?,Harrowglass Hall,Harrowglass Hall,1.0,1.0,1
fic:2|fic:2:A=side2:185307e62bd8|B=fic:2:target,fic:2,fic:2:A=side2:185307e62bd8,fic:2:side2,fic:2:target,llama,llama_ss,1,small,small,llama_small,llama_small,sealed,0,0,,,no intervention,0,1,0,1,fic:2:side2|fic:2:target|fic:2:side1,fic:2:side2|fic:2:target|fic:2:side1,fic:2:target,3,1,1,1,1,1,1,1,1,1,1,1,1,0,0,0,0,61,61,34,Who founded the Ryntham Collegium of Applied Letters?,Meris Vanthel|Vanthel,Meris Vanthel,1.0,1.0,1
fic:2|fic:2:A=side2:185307e62bd8|B=fic:2:target,fic:2,fic:2:A=side2:185307e62bd8,fic:2:side2,fic:2:target,llama,llama_sl,1,small,large,llama_small,llama_large,sealed,0,0,,,no intervention,0,1,0,1,fic:2:side2|fic:2:target|fic:2:side1,fic:2:side2|fic:2:target|fic:2:side1,fic:2:target,3,1,1,1,1,1,1,1,1,1,1,1,1,0,0,0,0,61,61,34,Who founded the Ryntham Collegium of Applied Letters?,Meris Vanthel|Vanthel,Meris Vanthel,1.0,1.0,1
fic:2|fic:2:A=side2:185307e62bd8|B=fic:2:target,fic:2,fic:2:A=side2:185307e62bd8,fic:2:side2,fic:2:target,llama,llama_ls,1,large,small,llama_large,llama_small,sealed,0,0,,,no intervention,0,1,0,1,fic:2:side2|fic:2:target|fic:2:side5,fic:2:side2|fic:2:target|fic:2:side5,fic:2:target,3,1,1,1,1,1,1,1,1,1,1,1,1,0,0,0,0,60,60,34,Who founded the Ryntham Collegium of Applied Letters?,Meris Vanthel|Vanthel,Meris Vanthel,1.0,1.0,1
fic:2|fic:2:A=side2:185307e62bd8|B=fic:2:target,fic:2,fic:2:A=side2:185307e62bd8,fic:2:side2,fic:2:target,llama,llama_ll,1,large,large,llama_large,llama_large,sealed,0,0,,,no intervention,0,1,0,1,fic:2:side2|fic:2:target|fic:2:side5,fic:2:side2|fic:2:target|fic:2:side5,fic:2:target,3,1,1,1,1,1,1,1,1,1,1,1,1,0,0,0,0,60,60,34,Who founded the Ryntham Collegium of Applied Letters?,Meris Vanthel|Vanthel,Meris Vanthel,1.0,1.0,1
fic:2|fic:2:A=side2:185307e62bd8|B=fic:2:target,fic:2,fic:2:A=side2:185307e62bd8,fic:2:side2,fic:2:target,llama,llama_sl_sham,0,small,large,llama_small,llama_large,sham,0,0,,,"restore was ineligible, so matched sham is a no-op",0,1,0,1,fic:2:side2|fic:2:target|fic:2:side1,fic:2:side2|fic:2:target|fic:2:side1,fic:2:target,3,1,1,1,1,1,1,1,1,1,1,1,1,0,0,0,0,61,61,34,Who founded the Ryntham Collegium of Applied Letters?,Meris Vanthel|Vanthel,Meris Vanthel,1.0,1.0,1
fic:2|fic:2:A=side2:185307e62bd8|B=fic:2:target,fic:2,fic:2:A=side2:185307e62bd8,fic:2:side2,fic:2:target,llama,llama_sl_restore,0,small,large,llama_small,llama_large,restore,0,0,,,support_already_present,0,1,0,1,fic:2:side2|fic:2:target|fic:2:side1,fic:2:side2|fic:2:target|fic:2:side1,fic:2:target,3,1,1,1,1,1,1,1,1,1,1,1,1,0,0,0,0,61,61,34,Who founded the Ryntham Collegium of Applied Letters?,Meris Vanthel|Vanthel,Meris Vanthel,1.0,1.0,1
fic:2|fic:2:A=side2:185307e62bd8|B=fic:2:target,fic:2,fic:2:A=side2:185307e62bd8,fic:2:side2,fic:2:target,llama,llama_sl_reopen,0,small,large,llama_small,llama_large,reopen,1,0,,,no intervention,0,1,0,1,fic:2:side2|fic:2:target|fic:2:side1,fic:2:side2|fic:2:target|fic:2:side4|fic:2:side1|fic:2:side5|fic:2:side3,fic:2:target,3,1,1,1,1,1,1,1,1,1,1,1,1,0,0,0,0,61,97,34,Who founded the Ryntham Collegium of Applied Letters?,Meris Vanthel|Vanthel,Meris Vanthel,1.0,1.0,1
fic:2|fic:2:A=side2:185307e62bd8|B=fic:2:target,fic:2,fic:2:A=side2:185307e62bd8,fic:2:side2,fic:2:target,qwen,qwen_ss,1,small,small,qwen_small,qwen_small,sealed,0,0,,,no intervention,0,1,0,1,fic:2:side2|fic:2:target|fic:2:side5,fic:2:side2|fic:2:target|fic:2:side5,fic:2:target,3,1,1,1,1,1,1,1,1,1,1,1,1,0,0,0,0,60,60,34,Who founded the Ryntham Collegium of Applied Letters?,Meris Vanthel|Vanthel,Meris Vanthel,1.0,1.0,1
fic:2|fic:2:A=side2:185307e62bd8|B=fic:2:target,fic:2,fic:2:A=side2:185307e62bd8,fic:2:side2,fic:2:target,qwen,qwen_sl,1,small,large,qwen_small,qwen_large,sealed,0,0,,,no intervention,0,1,0,1,fic:2:side2|fic:2:target|fic:2:side5,fic:2:side2|fic:2:target|fic:2:side5,fic:2:target,3,1,1,1,1,1,1,1,1,1,1,1,1,0,0,0,0,60,60,34,Who founded the Ryntham Collegium of Applied Letters?,Meris Vanthel|Vanthel,Meris Vanthel,1.0,1.0,1
fic:2|fic:2:A=side2:185307e62bd8|B=fic:2:target,fic:2,fic:2:A=side2:185307e62bd8,fic:2:side2,fic:2:target,qwen,qwen_ls,1,large,small,qwen_large,qwen_small,sealed,0,0,,,no intervention,0,1,0,1,fic:2:side2|fic:2:target|fic:2:side5,fic:2:side2|fic:2:target|fic:2:side5,fic:2:target,3,1,1,1,1,1,1,1,1,1,1,1,1,0,0,0,0,60,60,34,Who founded the Ryntham Collegium of Applied Letters?,Meris Vanthel|Vanthel,Meris Vanthel,1.0,1.0,1
fic:2|fic:2:A=side2:185307e62bd8|B=fic:2:target,fic:2,fic:2:A=side2:185307e62bd8,fic:2:side2,fic:2:target,qwen,qwen_ll,1,large,large,qwen_large,qwen_large,sealed,0,0,,,no intervention,0,1,0,1,fic:2:side2|fic:2:target|fic:2:side5,fic:2:side2|fic:2:target|fic:2:side5,fic:2:target,3,1,1,1,1,1,1,1,1,1,1,1,1,0,0,0,0,60,60,34,Who founded the Ryntham Collegium of Applied Letters?,Meris Vanthel|Vanthel,Meris Vanthel,1.0,1.0,1
fic:2|fic:2:A=side2:185307e62bd8|B=fic:2:target,fic:2,fic:2:A=side2:185307e62bd8,fic:2:side2,fic:2:target,qwen,qwen_sl_sham,0,small,large,qwen_small,qwen_large,sham,0,0,,,"restore was ineligible, so matched sham is a no-op",0,1,0,1,fic:2:side2|fic:2:target|fic:2:side5,fic:2:side2|fic:2:target|fic:2:side5,fic:2:target,3,1,1,1,1,1,1,1,1,1,1,1,1,0,0,0,0,60,60,34,Who founded the Ryntham Collegium of Applied Letters?,Meris Vanthel|Vanthel,Meris Vanthel,1.0,1.0,1
fic:2|fic:2:A=side2:185307e62bd8|B=fic:2:target,fic:2,fic:2:A=side2:185307e62bd8,fic:2:side2,fic:2:target,qwen,qwen_sl_restore,0,small,large,qwen_small,qwen_large,restore,0,0,,,support_already_present,0,1,0,1,fic:2:side2|fic:2:target|fic:2:side5,fic:2:side2|fic:2:target|fic:2:side5,fic:2:target,3,1,1,1,1,1,1,1,1,1,1,1,1,0,0,0,0,60,60,34,Who founded the Ryntham Collegium of Applied Letters?,Meris Vanthel|Vanthel,Meris Vanthel,1.0,1.0,1
fic:2|fic:2:A=side2:185307e62bd8|B=fic:2:target,fic:2,fic:2:A=side2:185307e62bd8,fic:2:side2,fic:2:target,qwen,qwen_sl_reopen,0,small,large,qwen_small,qwen_large,reopen,1,0,,,no intervention,0,1,0,1,fic:2:side2|fic:2:target|fic:2:side5,fic:2:side2|fic:2:target|fic:2:side4|fic:2:side1|fic:2:side5|fic:2:side3,fic:2:target,3,1,1,1,1,1,1,1,1,1,1,1,1,0,0,0,0,60,97,34,Who founded the Ryntham Collegium of Applied Letters?,Meris Vanthel|Vanthel,Meris Vanthel,1.0,1.0,1
fic:2|fic:2:A=target:bdce12a8e3a6|B=fic:2:side4,fic:2,fic:2:A=target:bdce12a8e3a6,fic:2:target,fic:2:side4,llama,llama_ss,1,small,small,llama_small,llama_small,sealed,0,0,,,no intervention,1,1,0,1,fic:2:side1|fic:2:target|fic:2:side3,fic:2:side1|fic:2:target|fic:2:side3,fic:2:target,3,1,1,0,0,0,1,0,0,0,1,1,1,0,0,0,0,60,60,34,Across how many bays is teaching organized?,14 bays,Insufficient material,0.0,0.0,0
fic:2|fic:2:A=target:bdce12a8e3a6|B=fic:2:side4,fic:2,fic:2:A=target:bdce12a8e3a6,fic:2:target,fic:2:side4,llama,llama_sl,1,small,large,llama_small,llama_large,sealed,0,0,,,no intervention,1,1,0,1,fic:2:side1|fic:2:target|fic:2:side3,fic:2:side1|fic:2:target|fic:2:side3,fic:2:target,3,1,1,0,0,0,1,0,0,0,1,1,1,0,0,0,0,60,60,34,Across how many bays is teaching organized?,14 bays,Insufficient material,0.0,0.0,0
fic:2|fic:2:A=target:bdce12a8e3a6|B=fic:2:side4,fic:2,fic:2:A=target:bdce12a8e3a6,fic:2:target,fic:2:side4,llama,llama_ls,1,large,small,llama_large,llama_small,sealed,0,0,,,no intervention,1,1,0,1,fic:2:target|fic:2:side2|fic:2:side1,fic:2:target|fic:2:side2|fic:2:side1,fic:2:target,3,1,1,0,0,0,1,0,0,0,1,1,1,0,0,0,0,61,61,34,Across how many bays is teaching organized?,14 bays,Insufficient material,0.0,0.0,0
fic:2|fic:2:A=target:bdce12a8e3a6|B=fic:2:side4,fic:2,fic:2:A=target:bdce12a8e3a6,fic:2:target,fic:2:side4,llama,llama_ll,1,large,large,llama_large,llama_large,sealed,0,0,,,no intervention,1,1,0,1,fic:2:target|fic:2:side2|fic:2:side1,fic:2:target|fic:2:side2|fic:2:side1,fic:2:side2,3,1,1,0,0,0,1,0,0,0,1,1,1,0,0,0,0,61,61,12,Across how many bays is teaching organized?,14 bays,Insufficient material,0.0,0.0,0
fic:2|fic:2:A=target:bdce12a8e3a6|B=fic:2:side4,fic:2,fic:2:A=target:bdce12a8e3a6,fic:2:target,fic:2:side4,llama,llama_sl_sham,0,small,large,llama_small,llama_large,sham,0,1,fic:2:side2,fic:2:side3,replaced_with_length_nearest_non_support_card,1,1,0,1,fic:2:side1|fic:2:target|fic:2:side3,fic:2:side1|fic:2:target|fic:2:side2,fic:2:side2,3,1,1,0,0,0,1,0,0,0,1,1,1,0,0,0,0,60,61,12,Across how many bays is teaching organized?,14 bays,Insufficient material,0.0,0.0,0
fic:2|fic:2:A=target:bdce12a8e3a6|B=fic:2:side4,fic:2,fic:2:A=target:bdce12a8e3a6,fic:2:target,fic:2:side4,llama,llama_sl_restore,0,small,large,llama_small,llama_large,restore,0,1,fic:2:side4,fic:2:side3,replaced_length_nearest_card,1,1,0,1,fic:2:side1|fic:2:target|fic:2:side3,fic:2:side1|fic:2:target|fic:2:side4,fic:2:side4,3,1,1,0,1,1,1,0,1,1,1,1,1,0,0,0,0,60,60,11,Across how many bays is teaching organized?,14 bays,14,0.0,0.6666666666666666,1
fic:2|fic:2:A=target:bdce12a8e3a6|B=fic:2:side4,fic:2,fic:2:A=target:bdce12a8e3a6,fic:2:target,fic:2:side4,llama,llama_sl_reopen,0,small,large,llama_small,llama_large,reopen,1,0,,,no intervention,1,1,0,1,fic:2:side1|fic:2:target|fic:2:side3,fic:2:side2|fic:2:target|fic:2:side4|fic:2:side1|fic:2:side5|fic:2:side3,fic:2:side4,3,1,1,0,1,1,1,0,1,1,1,1,1,0,0,0,0,60,97,11,Across how many bays is teaching organized?,14 bays,14,0.0,0.6666666666666666,1
fic:2|fic:2:A=target:bdce12a8e3a6|B=fic:2:side4,fic:2,fic:2:A=target:bdce12a8e3a6,fic:2:target,fic:2:side4,qwen,qwen_ss,1,small,small,qwen_small,qwen_small,sealed,0,0,,,no intervention,1,1,0,1,fic:2:target|fic:2:side1|fic:2:side5,fic:2:target|fic:2:side1|fic:2:side5,fic:2:target,3,1,1,0,0,0,1,0,0,0,1,1,1,0,0,0,0,63,63,34,Across how many bays is teaching organized?,14 bays,Insufficient material,0.0,0.0,0
fic:2|fic:2:A=target:bdce12a8e3a6|B=fic:2:side4,fic:2,fic:2:A=target:bdce12a8e3a6,fic:2:target,fic:2:side4,qwen,qwen_sl,1,small,large,qwen_small,qwen_large,sealed,0,0,,,no intervention,1,1,0,1,fic:2:target|fic:2:side1|fic:2:side5,fic:2:target|fic:2:side1|fic:2:side5,fic:2:side1,3,1,1,0,0,0,1,0,0,0,1,1,1,0,0,0,0,63,63,15,Across how many bays is teaching organized?,14 bays,1,0.0,0.0,0
fic:2|fic:2:A=target:bdce12a8e3a6|B=fic:2:side4,fic:2,fic:2:A=target:bdce12a8e3a6,fic:2:target,fic:2:side4,qwen,qwen_ls,1,large,small,qwen_large,qwen_small,sealed,0,0,,,no intervention,1,1,0,1,fic:2:target|fic:2:side1|fic:2:side2,fic:2:target|fic:2:side1|fic:2:side2,fic:2:side1,3,1,1,0,0,0,1,0,0,0,1,1,1,0,0,0,0,61,61,15,Across how many bays is teaching organized?,14 bays,1,0.0,0.0,0
fic:2|fic:2:A=target:bdce12a8e3a6|B=fic:2:side4,fic:2,fic:2:A=target:bdce12a8e3a6,fic:2:target,fic:2:side4,qwen,qwen_ll,1,large,large,qwen_large,qwen_large,sealed,0,0,,,no intervention,1,1,0,1,fic:2:target|fic:2:side1|fic:2:side2,fic:2:target|fic:2:side1|fic:2:side2,fic:2:side1,3,1,1,0,0,0,1,0,0,0,1,1,1,0,0,0,0,61,61,15,Across how many bays is teaching organized?,14 bays,1,0.0,0.0,0
fic:2|fic:2:A=target:bdce12a8e3a6|B=fic:2:side4,fic:2,fic:2:A=target:bdce12a8e3a6,fic:2:target,fic:2:side4,qwen,qwen_sl_sham,0,small,large,qwen_small,qwen_large,sham,0,1,fic:2:side2,fic:2:side5,replaced_with_length_nearest_non_support_card,1,1,0,1,fic:2:target|fic:2:side1|fic:2:side5,fic:2:target|fic:2:side1|fic:2:side2,fic:2:side1,3,1,1,0,0,0,1,0,0,0,1,1,1,0,0,0,0,63,61,15,Across how many bays is teaching organized?,14 bays,1,0.0,0.0,0
fic:2|fic:2:A=target:bdce12a8e3a6|B=fic:2:side4,fic:2,fic:2:A=target:bdce12a8e3a6,fic:2:target,fic:2:side4,qwen,qwen_sl_restore,0,small,large,qwen_small,qwen_large,restore,0,1,fic:2:side4,fic:2:side5,replaced_length_nearest_card,1,1,0,1,fic:2:target|fic:2:side1|fic:2:side5,fic:2:target|fic:2:side1|fic:2:side4,fic:2:side4,3,1,1,0,1,1,1,0,1,1,1,1,1,0,0,0,0,63,60,11,Across how many bays is teaching organized?,14 bays,14,0.0,0.6666666666666666,1
fic:2|fic:2:A=target:bdce12a8e3a6|B=fic:2:side4,fic:2,fic:2:A=target:bdce12a8e3a6,fic:2:target,fic:2:side4,qwen,qwen_sl_reopen,0,small,large,qwen_small,qwen_large,reopen,1,0,,,no intervention,1,1,0,1,fic:2:target|fic:2:side1|fic:2:side5,fic:2:side2|fic:2:target|fic:2:side4|fic:2:side1|fic:2:side5|fic:2:side3,fic:2:side4,3,1,1,0,1,1,1,0,1,1,1,1,1,0,0,0,0,63,97,11,Across how many bays is teaching organized?,14 bays,14,0.0,0.6666666666666666,1
fic:3|fic:3:A=target:0c8eca31fe3f|B=fic:3:side3,fic:3,fic:3:A=target:0c8eca31fe3f,fic:3:target,fic:3:side3,llama,llama_ss,1,small,small,llama_small,llama_small,sealed,0,0,,,no intervention,0,1,0,1,fic:3:target|fic:3:side1|fic:3:side3,fic:3:target|fic:3:side1|fic:3:side3,fic:3:side3,3,1,1,1,1,1,1,1,1,1,1,1,1,0,0,0,0,66,66,15,How long is the standard ashwood beam?,46 cm,46 cm,1.0,1.0,1
fic:3|fic:3:A=target:0c8eca31fe3f|B=fic:3:side3,fic:3,fic:3:A=target:0c8eca31fe3f,fic:3:target,fic:3:side3,llama,llama_sl,1,small,large,llama_small,llama_large,sealed,0,0,,,no intervention,0,1,0,1,fic:3:target|fic:3:side1|fic:3:side3,fic:3:target|fic:3:side1|fic:3:side3,fic:3:side3,3,1,1,1,1,1,1,1,1,1,1,1,1,0,0,0,0,66,66,15,How long is the standard ashwood beam?,46 cm,46 cm,1.0,1.0,1
fic:3|fic:3:A=target:0c8eca31fe3f|B=fic:3:side3,fic:3,fic:3:A=target:0c8eca31fe3f,fic:3:target,fic:3:side3,llama,llama_ls,1,large,small,llama_large,llama_small,sealed,0,0,,,no intervention,1,1,0,1,fic:3:target|fic:3:side2|fic:3:side1,fic:3:target|fic:3:side2|fic:3:side1,fic:3:target,3,1,1,0,0,0,1,0,0,0,1,1,1,0,0,0,0,70,70,36,How long is the standard ashwood beam?,46 cm,Insufficient material,0.0,0.0,0
fic:3|fic:3:A=target:0c8eca31fe3f|B=fic:3:side3,fic:3,fic:3:A=target:0c8eca31fe3f,fic:3:target,fic:3:side3,llama,llama_ll,1,large,large,llama_large,llama_large,sealed,0,0,,,no intervention,1,1,0,1,fic:3:target|fic:3:side2|fic:3:side1,fic:3:target|fic:3:side2|fic:3:side1,fic:3:target,3,1,1,0,0,0,1,0,0,0,1,1,1,0,0,0,0,70,70,36,How long is the standard ashwood beam?,46 cm,Insufficient material,0.0,0.0,0
fic:3|fic:3:A=target:0c8eca31fe3f|B=fic:3:side3,fic:3,fic:3:A=target:0c8eca31fe3f,fic:3:target,fic:3:side3,llama,llama_sl_sham,0,small,large,llama_small,llama_large,sham,0,0,,,"restore was ineligible, so matched sham is a no-op",0,1,0,1,fic:3:target|fic:3:side1|fic:3:side3,fic:3:target|fic:3:side1|fic:3:side3,fic:3:side3,3,1,1,1,1,1,1,1,1,1,1,1,1,0,0,0,0,66,66,15,How long is the standard ashwood beam?,46 cm,46 cm,1.0,1.0,1
fic:3|fic:3:A=target:0c8eca31fe3f|B=fic:3:side3,fic:3,fic:3:A=target:0c8eca31fe3f,fic:3:target,fic:3:side3,llama,llama_sl_restore,0,small,large,llama_small,llama_large,restore,0,0,,,support_already_present,0,1,0,1,fic:3:target|fic:3:side1|fic:3:side3,fic:3:target|fic:3:side1|fic:3:side3,fic:3:side3,3,1,1,1,1,1,1,1,1,1,1,1,1,0,0,0,0,66,66,15,How long is the standard ashwood beam?,46 cm,46 cm,1.0,1.0,1
fic:3|fic:3:A=target:0c8eca31fe3f|B=fic:3:side3,fic:3,fic:3:A=target:0c8eca31fe3f,fic:3:target,fic:3:side3,llama,llama_sl_reopen,0,small,large,llama_small,llama_large,reopen,1,0,,,no intervention,0,1,0,1,fic:3:target|fic:3:side1|fic:3:side3,fic:3:side5|fic:3:target|fic:3:side3|fic:3:side2|fic:3:side4|fic:3:side1,fic:3:side3,3,1,1,1,1,1,1,1,1,1,1,1,1,0,0,0,0,66,122,15,How long is the standard ashwood beam?,46 cm,46 cm,1.0,1.0,1
fic:3|fic:3:A=target:0c8eca31fe3f|B=fic:3:side3,fic:3,fic:3:A=target:0c8eca31fe3f,fic:3:target,fic:3:side3,qwen,qwen_ss,1,small,small,qwen_small,qwen_small,sealed,0,0,,,no intervention,1,1,0,1,fic:3:target|fic:3:side2|fic:3:side1,fic:3:target|fic:3:side2|fic:3:side1,fic:3:target,3,1,1,0,0,0,1,0,0,0,1,1,1,0,0,0,0,70,70,36,How long is the standard ashwood beam?,46 cm,Insufficient material,0.0,0.0,0
fic:3|fic:3:A=target:0c8eca31fe3f|B=fic:3:side3,fic:3,fic:3:A=target:0c8eca31fe3f,fic:3:target,fic:3:side3,qwen,qwen_sl,1,small,large,qwen_small,qwen_large,sealed,0,0,,,no intervention,1,1,0,1,fic:3:target|fic:3:side2|fic:3:side1,fic:3:target|fic:3:side2|fic:3:side1,,3,0,1,0,0,0,1,0,0,0,1,0,0,0,0,0,0,70,70,3,How long is the standard ashwood beam?,46 cm,,0.0,0.0,0
fic:3|fic:3:A=target:0c8eca31fe3f|B=fic:3:side3,fic:3,fic:3:A=target:0c8eca31fe3f,fic:3:target,fic:3:side3,qwen,qwen_ls,1,large,small,qwen_large,qwen_small,sealed,0,0,,,no intervention,1,1,0,1,fic:3:target|fic:3:side1|fic:3:side2,fic:3:target|fic:3:side1|fic:3:side2,fic:3:target,3,1,1,0,0,0,1,0,0,0,1,1,1,0,0,0,0,70,70,36,How long is the standard ashwood beam?,46 cm,Insufficient material,0.0,0.0,0
fic:3|fic:3:A=target:0c8eca31fe3f|B=fic:3:side3,fic:3,fic:3:A=target:0c8eca31fe3f,fic:3:target,fic:3:side3,qwen,qwen_ll,1,large,large,qwen_large,qwen_large,sealed,0,0,,,no intervention,1,1,0,1,fic:3:target|fic:3:side1|fic:3:side2,fic:3:target|fic:3:side1|fic:3:side2,,3,0,1,0,0,0,1,0,0,0,1,0,0,0,0,0,0,70,70,3,How long is the standard ashwood beam?,46 cm,,0.0,0.0,0
fic:3|fic:3:A=target:0c8eca31fe3f|B=fic:3:side3,fic:3,fic:3:A=target:0c8eca31fe3f,fic:3:target,fic:3:side3,qwen,qwen_sl_sham,0,small,large,qwen_small,qwen_large,sham,0,1,fic:3:side4,fic:3:side1,replaced_with_length_nearest_non_support_card,1,1,0,1,fic:3:target|fic:3:side2|fic:3:side1,fic:3:target|fic:3:side2|fic:3:side4,fic:3:side4,3,1,1,0,0,0,1,0,0,0,1,1,1,0,0,0,0,70,73,18,How long is the standard ashwood beam?,46 cm,300 korrivs,0.0,0.0,0
fic:3|fic:3:A=target:0c8eca31fe3f|B=fic:3:side3,fic:3,fic:3:A=target:0c8eca31fe3f,fic:3:target,fic:3:side3,qwen,qwen_sl_restore,0,small,large,qwen_small,qwen_large,restore,0,1,fic:3:side3,fic:3:side1,replaced_length_nearest_card,1,1,0,1,fic:3:target|fic:3:side2|fic:3:side1,fic:3:target|fic:3:side2|fic:3:side3,fic:3:side3,3,1,1,0,1,1,1,0,1,1,1,1,1,0,0,0,0,70,70,15,How long is the standard ashwood beam?,46 cm,46 cm,1.0,1.0,1
fic:3|fic:3:A=target:0c8eca31fe3f|B=fic:3:side3,fic:3,fic:3:A=target:0c8eca31fe3f,fic:3:target,fic:3:side3,qwen,qwen_sl_reopen,0,small,large,qwen_small,qwen_large,reopen,1,0,,,no intervention,1,1,0,1,fic:3:target|fic:3:side2|fic:3:side1,fic:3:side5|fic:3:target|fic:3:side3|fic:3:side2|fic:3:side4|fic:3:side1,fic:3:side3,3,1,1,0,1,1,1,0,1,1,1,1,1,0,0,0,0,70,122,15,How long is the standard ashwood beam?,46 cm,46 cm,1.0,1.0,1
fic:3|fic:3:A=side1:ae2e632ecb50|B=fic:3:side5,fic:3,fic:3:A=side1:ae2e632ecb50,fic:3:side1,fic:3:side5,llama,llama_ss,1,small,small,llama_small,llama_small,sealed,0,0,,,no intervention,0,1,0,1,fic:3:side1|fic:3:target|fic:3:side3,fic:3:side1|fic:3:target|fic:3:side3,fic:3:target,3,1,1,0,0,0,1,1,1,1,1,1,1,0,0,0,0,66,66,36,In what harbor city was the Rillmark Collegium of Natural Philosophy?,Cindrel Port,Cindrel Port,1.0,1.0,1
fic:3|fic:3:A=side1:ae2e632ecb50|B=fic:3:side5,fic:3,fic:3:A=side1:ae2e632ecb50,fic:3:side1,fic:3:side5,llama,llama_sl,1,small,large,llama_small,llama_large,sealed,0,0,,,no intervention,0,1,0,1,fic:3:side1|fic:3:target|fic:3:side3,fic:3:side1|fic:3:target|fic:3:side3,fic:3:target,3,1,1,0,0,0,1,1,1,1,1,1,1,0,0,0,0,66,66,36,In what harbor city was the Rillmark Collegium of Natural Philosophy?,Cindrel Port,Cindrel Port,1.0,1.0,1
fic:3|fic:3:A=side1:ae2e632ecb50|B=fic:3:side5,fic:3,fic:3:A=side1:ae2e632ecb50,fic:3:side1,fic:3:side5,llama,llama_ls,1,large,small,llama_large,llama_small,sealed,0,0,,,no intervention,0,1,0,1,fic:3:target|fic:3:side1|fic:3:side2,fic:3:target|fic:3:side1|fic:3:side2,fic:3:target,3,1,1,0,0,0,1,1,1,1,1,1,1,0,0,0,0,70,70,36,In what harbor city was the Rillmark Collegium of Natural Philosophy?,Cindrel Port,Cindrel Port,1.0,1.0,1
fic:3|fic:3:A=side1:ae2e632ecb50|B=fic:3:side5,fic:3,fic:3:A=side1:ae2e632ecb50,fic:3:side1,fic:3:side5,llama,llama_ll,1,large,large,llama_large,llama_large,sealed,0,0,,,no intervention,0,1,0,1,fic:3:target|fic:3:side1|fic:3:side2,fic:3:target|fic:3:side1|fic:3:side2,fic:3:target,3,1,1,0,0,0,1,1,1,1,1,1,1,0,0,0,0,70,70,36,In what harbor city was the Rillmark Collegium of Natural Philosophy?,Cindrel Port,Cindrel Port,1.0,1.0,1
fic:3|fic:3:A=side1:ae2e632ecb50|B=fic:3:side5,fic:3,fic:3:A=side1:ae2e632ecb50,fic:3:side1,fic:3:side5,llama,llama_sl_sham,0,small,large,llama_small,llama_large,sham,0,1,fic:3:side4,fic:3:side3,replaced_with_length_nearest_non_support_card,0,1,0,1,fic:3:side1|fic:3:target|fic:3:side3,fic:3:side1|fic:3:target|fic:3:side4,fic:3:target,3,1,1,0,0,0,1,1,1,1,1,1,1,0,0,0,0,66,69,36,In what harbor city was the Rillmark Collegium of Natural Philosophy?,Cindrel Port,Cindrel Port,1.0,1.0,1
fic:3|fic:3:A=side1:ae2e632ecb50|B=fic:3:side5,fic:3,fic:3:A=side1:ae2e632ecb50,fic:3:side1,fic:3:side5,llama,llama_sl_restore,0,small,large,llama_small,llama_large,restore,0,1,fic:3:side5,fic:3:side3,replaced_length_nearest_card,0,1,0,1,fic:3:side1|fic:3:target|fic:3:side3,fic:3:side1|fic:3:target|fic:3:side5,fic:3:side5,3,1,1,0,1,1,1,1,1,1,1,1,1,0,0,0,0,66,70,19,In what harbor city was the Rillmark Collegium of Natural Philosophy?,Cindrel Port,Cindrel Port,1.0,1.0,1
fic:3|fic:3:A=side1:ae2e632ecb50|B=fic:3:side5,fic:3,fic:3:A=side1:ae2e632ecb50,fic:3:side1,fic:3:side5,llama,llama_sl_reopen,0,small,large,llama_small,llama_large,reopen,1,0,,,no intervention,0,1,0,1,fic:3:side1|fic:3:target|fic:3:side3,fic:3:side5|fic:3:target|fic:3:side3|fic:3:side2|fic:3:side4|fic:3:side1,fic:3:side5,3,1,1,0,1,1,1,1,1,1,1,1,1,0,0,0,0,66,122,19,In what harbor city was the Rillmark Collegium of Natural Philosophy?,Cindrel Port,Cindrel Port,1.0,1.0,1
fic:3|fic:3:A=side1:ae2e632ecb50|B=fic:3:side5,fic:3,fic:3:A=side1:ae2e632ecb50,fic:3:side1,fic:3:side5,qwen,qwen_ss,1,small,small,qwen_small,qwen_small,sealed,0,0,,,no intervention,0,1,0,1,fic:3:target|fic:3:side1|fic:3:side2,fic:3:target|fic:3:side1|fic:3:side2,fic:3:target,3,1,1,0,0,0,1,1,1,1,1,1,1,0,0,0,0,70,70,36,In what harbor city was the Rillmark Collegium of Natural Philosophy?,Cindrel Port,Cindrel Port,1.0,1.0,1
fic:3|fic:3:A=side1:ae2e632ecb50|B=fic:3:side5,fic:3,fic:3:A=side1:ae2e632ecb50,fic:3:side1,fic:3:side5,qwen,qwen_sl,1,small,large,qwen_small,qwen_large,sealed,0,0,,,no intervention,0,1,0,1,fic:3:target|fic:3:side1|fic:3:side2,fic:3:target|fic:3:side1|fic:3:side2,fic:3:target,3,1,1,0,0,0,1,1,1,1,1,1,1,0,0,0,0,70,70,36,In what harbor city was the Rillmark Collegium of Natural Philosophy?,Cindrel Port,Cindrel Port,1.0,1.0,1
fic:3|fic:3:A=side1:ae2e632ecb50|B=fic:3:side5,fic:3,fic:3:A=side1:ae2e632ecb50,fic:3:side1,fic:3:side5,qwen,qwen_ls,1,large,small,qwen_large,qwen_small,sealed,0,0,,,no intervention,0,1,0,1,fic:3:target|fic:3:side1|fic:3:side2,fic:3:target|fic:3:side1|fic:3:side2,fic:3:target,3,1,1,0,0,0,1,1,1,1,1,1,1,0,0,0,0,70,70,36,In what harbor city was the Rillmark Collegium of Natural Philosophy?,Cindrel Port,Cindrel Port,1.0,1.0,1
fic:3|fic:3:A=side1:ae2e632ecb50|B=fic:3:side5,fic:3,fic:3:A=side1:ae2e632ecb50,fic:3:side1,fic:3:side5,qwen,qwen_ll,1,large,large,qwen_large,qwen_large,sealed,0,0,,,no intervention,0,1,0,1,fic:3:target|fic:3:side1|fic:3:side2,fic:3:target|fic:3:side1|fic:3:side2,fic:3:target,3,1,1,0,0,0,1,1,1,1,1,1,1,0,0,0,0,70,70,36,In what harbor city was the Rillmark Collegium of Natural Philosophy?,Cindrel Port,Cindrel Port,1.0,1.0,1
fic:3|fic:3:A=side1:ae2e632ecb50|B=fic:3:side5,fic:3,fic:3:A=side1:ae2e632ecb50,fic:3:side1,fic:3:side5,qwen,qwen_sl_sham,0,small,large,qwen_small,qwen_large,sham,0,1,fic:3:side4,fic:3:side2,replaced_with_length_nearest_non_support_card,0,1,0,1,fic:3:target|fic:3:side1|fic:3:side2,fic:3:target|fic:3:side1|fic:3:side4,fic:3:target,3,1,1,0,0,0,1,1,1,1,1,1,1,0,0,0,0,70,69,36,In what harbor city was the Rillmark Collegium of Natural Philosophy?,Cindrel Port,Cindrel Port,1.0,1.0,1
fic:3|fic:3:A=side1:ae2e632ecb50|B=fic:3:side5,fic:3,fic:3:A=side1:ae2e632ecb50,fic:3:side1,fic:3:side5,qwen,qwen_sl_restore,0,small,large,qwen_small,qwen_large,restore,0,1,fic:3:side5,fic:3:side2,replaced_length_nearest_card,0,1,0,1,fic:3:target|fic:3:side1|fic:3:side2,fic:3:target|fic:3:side1|fic:3:side5,fic:3:side5,3,1,1,0,1,1,1,1,1,1,1,1,1,0,0,0,0,70,70,19,In what harbor city was the Rillmark Collegium of Natural Philosophy?,Cindrel Port,Cindrel Port,1.0,1.0,1
fic:3|fic:3:A=side1:ae2e632ecb50|B=fic:3:side5,fic:3,fic:3:A=side1:ae2e632ecb50,fic:3:side1,fic:3:side5,qwen,qwen_sl_reopen,0,small,large,qwen_small,qwen_large,reopen,1,0,,,no intervention,0,1,0,1,fic:3:target|fic:3:side1|fic:3:side2,fic:3:side5|fic:3:target|fic:3:side3|fic:3:side2|fic:3:side4|fic:3:side1,fic:3:side5,3,1,1,0,1,1,1,1,1,1,1,1,1,0,0,0,0,70,122,19,In what harbor city was the Rillmark Collegium of Natural Philosophy?,Cindrel Port,Cindrel Port,1.0,1.0,1
fic:3|fic:3:A=side4:ff6306a4b50f|B=fic:3:side1,fic:3,fic:3:A=side4:ff6306a4b50f,fic:3:side4,fic:3:side1,llama,llama_ss,1,small,small,llama_small,llama_small,sealed,0,0,,,no intervention,1,1,0,1,fic:3:side4|fic:3:target|fic:3:side3,fic:3:side4|fic:3:target|fic:3:side3,fic:3:side3,3,1,1,0,0,0,1,0,0,0,1,1,1,0,0,0,0,69,69,15,On what date was Merodyn’s first working unit completed?,19 October 1937,Insufficient material,0.0,0.0,0
fic:3|fic:3:A=side4:ff6306a4b50f|B=fic:3:side1,fic:3,fic:3:A=side4:ff6306a4b50f,fic:3:side4,fic:3:side1,llama,llama_sl,1,small,large,llama_small,llama_large,sealed,0,0,,,no intervention,1,1,0,1,fic:3:side4|fic:3:target|fic:3:side3,fic:3:side4|fic:3:target|fic:3:side3,fic:3:target,3,1,1,0,0,0,1,0,0,0,1,1,1,0,0,0,0,69,69,36,On what date was Merodyn’s first working unit completed?,19 October 1937,1937,0.0,0.5,0
fic:3|fic:3:A=side4:ff6306a4b50f|B=fic:3:side1,fic:3,fic:3:A=side4:ff6306a4b50f,fic:3:side4,fic:3:side1,llama,llama_ls,1,large,small,llama_large,llama_small,sealed,0,0,,,no intervention,1,1,0,1,fic:3:target|fic:3:side2|fic:3:side4,fic:3:target|fic:3:side2|fic:3:side4,fic:3:target,3,1,1,0,0,0,1,0,0,0,1,1,1,0,0,0,0,73,73,36,On what date was Merodyn’s first working unit completed?,19 October 1937,1937,0.0,0.5,0
fic:3|fic:3:A=side4:ff6306a4b50f|B=fic:3:side1,fic:3,fic:3:A=side4:ff6306a4b50f,fic:3:side4,fic:3:side1,llama,llama_ll,1,large,large,llama_large,llama_large,sealed,0,0,,,no intervention,1,1,0,1,fic:3:target|fic:3:side2|fic:3:side4,fic:3:target|fic:3:side2|fic:3:side4,fic:3:target,3,1,1,0,0,0,1,0,0,0,1,1,1,0,0,0,0,73,73,36,On what date was Merodyn’s first working unit completed?,19 October 1937,1937,0.0,0.5,0
fic:3|fic:3:A=side4:ff6306a4b50f|B=fic:3:side1,fic:3,fic:3:A=side4:ff6306a4b50f,fic:3:side4,fic:3:side1,llama,llama_sl_sham,0,small,large,llama_small,llama_large,sham,0,1,fic:3:side2,fic:3:side3,replaced_with_length_nearest_non_support_card,1,1,0,1,fic:3:side4|fic:3:target|fic:3:side3,fic:3:side4|fic:3:target|fic:3:side2,fic:3:target,3,1,1,0,0,0,1,0,0,0,1,1,1,0,0,0,0,69,73,36,On what date was Merodyn’s first working unit completed?,19 October 1937,1937,0.0,0.5,0
fic:3|fic:3:A=side4:ff6306a4b50f|B=fic:3:side1,fic:3,fic:3:A=side4:ff6306a4b50f,fic:3:side4,fic:3:side1,llama,llama_sl_restore,0,small,large,llama_small,llama_large,restore,0,1,fic:3:side1,fic:3:side3,replaced_length_nearest_card,1,1,0,1,fic:3:side4|fic:3:target|fic:3:side3,fic:3:side4|fic:3:target|fic:3:side1,fic:3:side1,3,1,1,0,1,1,1,0,1,1,1,1,1,0,0,0,0,69,69,15,On what date was Merodyn’s first working unit completed?,19 October 1937,19 October 1937,1.0,1.0,1
fic:3|fic:3:A=side4:ff6306a4b50f|B=fic:3:side1,fic:3,fic:3:A=side4:ff6306a4b50f,fic:3:side4,fic:3:side1,llama,llama_sl_reopen,0,small,large,llama_small,llama_large,reopen,1,0,,,no intervention,1,1,0,1,fic:3:side4|fic:3:target|fic:3:side3,fic:3:side5|fic:3:target|fic:3:side3|fic:3:side2|fic:3:side4|fic:3:side1,fic:3:side1,3,1,1,0,1,1,1,0,1,1,1,1,1,0,0,0,0,69,122,15,On what date was Merodyn’s first working unit completed?,19 October 1937,19 October 1937,1.0,1.0,1
fic:3|fic:3:A=side4:ff6306a4b50f|B=fic:3:side1,fic:3,fic:3:A=side4:ff6306a4b50f,fic:3:side4,fic:3:side1,qwen,qwen_ss,1,small,small,qwen_small,qwen_small,sealed,0,0,,,no intervention,1,1,0,1,fic:3:side4|fic:3:side2|fic:3:target,fic:3:side4|fic:3:side2|fic:3:target,fic:3:target,3,1,1,0,0,0,1,0,0,0,1,1,1,0,0,0,0,73,73,36,On what date was Merodyn’s first working unit completed?,19 October 1937,1937,0.0,0.5,0
fic:3|fic:3:A=side4:ff6306a4b50f|B=fic:3:side1,fic:3,fic:3:A=side4:ff6306a4b50f,fic:3:side4,fic:3:side1,qwen,qwen_sl,1,small,large,qwen_small,qwen_large,sealed,0,0,,,no intervention,1,1,0,1,fic:3:side4|fic:3:side2|fic:3:target,fic:3:side4|fic:3:side2|fic:3:target,fic:3:target,3,1,1,0,0,0,1,0,0,0,1,1,1,0,0,0,0,73,73,36,On what date was Merodyn’s first working unit completed?,19 October 1937,1937,0.0,0.5,0
fic:3|fic:3:A=side4:ff6306a4b50f|B=fic:3:side1,fic:3,fic:3:A=side4:ff6306a4b50f,fic:3:side4,fic:3:side1,qwen,qwen_ls,1,large,small,qwen_large,qwen_small,sealed,0,0,,,no intervention,1,1,0,1,fic:3:side4|fic:3:target|fic:3:side5,fic:3:side4|fic:3:target|fic:3:side5,fic:3:target,3,1,1,0,0,0,1,0,0,0,1,1,1,0,0,0,0,73,73,36,On what date was Merodyn’s first working unit completed?,19 October 1937,1937,0.0,0.5,0
fic:3|fic:3:A=side4:ff6306a4b50f|B=fic:3:side1,fic:3,fic:3:A=side4:ff6306a4b50f,fic:3:side4,fic:3:side1,qwen,qwen_ll,1,large,large,qwen_large,qwen_large,sealed,0,0,,,no intervention,1,1,0,1,fic:3:side4|fic:3:target|fic:3:side5,fic:3:side4|fic:3:target|fic:3:side5,fic:3:target,3,1,1,0,0,0,1,0,0,0,1,1,1,0,0,0,0,73,73,36,On what date was Merodyn’s first working unit completed?,19 October 1937,1937,0.0,0.5,0
fic:3|fic:3:A=side4:ff6306a4b50f|B=fic:3:side1,fic:3,fic:3:A=side4:ff6306a4b50f,fic:3:side4,fic:3:side1,qwen,qwen_sl_sham,0,small,large,qwen_small,qwen_large,sham,0,1,fic:3:side5,fic:3:side2,replaced_with_length_nearest_non_support_card,1,1,0,1,fic:3:side4|fic:3:side2|fic:3:target,fic:3:side4|fic:3:side5|fic:3:target,fic:3:target,3,1,1,0,0,0,1,0,0,0,1,1,1,0,0,0,0,73,73,36,On what date was Merodyn’s first working unit completed?,19 October 1937,1937,0.0,0.5,0
fic:3|fic:3:A=side4:ff6306a4b50f|B=fic:3:side1,fic:3,fic:3:A=side4:ff6306a4b50f,fic:3:side4,fic:3:side1,qwen,qwen_sl_restore,0,small,large,qwen_small,qwen_large,restore,0,1,fic:3:side1,fic:3:side2,replaced_length_nearest_card,1,1,0,1,fic:3:side4|fic:3:side2|fic:3:target,fic:3:side4|fic:3:side1|fic:3:target,fic:3:side1,3,1,1,0,1,1,1,0,1,1,1,1,1,0,0,0,0,73,69,15,On what date was Merodyn’s first working unit completed?,19 October 1937,19 October 1937,1.0,1.0,1
fic:3|fic:3:A=side4:ff6306a4b50f|B=fic:3:side1,fic:3,fic:3:A=side4:ff6306a4b50f,fic:3:side4,fic:3:side1,qwen,qwen_sl_reopen,0,small,large,qwen_small,qwen_large,reopen,1,0,,,no intervention,1,1,0,1,fic:3:side4|fic:3:side2|fic:3:target,fic:3:side5|fic:3:target|fic:3:side3|fic:3:side2|fic:3:side4|fic:3:side1,fic:3:side1,3,1,1,0,1,1,1,0,1,1,1,1,1,0,0,0,0,73,122,15,On what date was Merodyn’s first working unit completed?,19 October 1937,19 October 1937,1.0,1.0,1
fic:3|fic:3:A=side3:47d87b3f307c|B=fic:3:side2,fic:3,fic:3:A=side3:47d87b3f307c,fic:3:side3,fic:3:side2,llama,llama_ss,1,small,small,llama_small,llama_small,sealed,0,0,,,no intervention,1,1,0,1,fic:3:side3|fic:3:side1|fic:3:side4,fic:3:side3|fic:3:side1|fic:3:side4,fic:3:side3,3,1,1,0,0,0,1,0,0,0,1,1,1,0,0,0,0,48,48,15,On what date was the gauge publicly demonstrated during the Collegium’s Winter Demonstrations?,12 January 1938,Insufficient material,0.0,0.0,0
fic:3|fic:3:A=side3:47d87b3f307c|B=fic:3:side2,fic:3,fic:3:A=side3:47d87b3f307c,fic:3:side3,fic:3:side2,llama,llama_sl,1,small,large,llama_small,llama_large,sealed,0,0,,,no intervention,1,1,0,1,fic:3:side3|fic:3:side1|fic:3:side4,fic:3:side3|fic:3:side1|fic:3:side4,fic:3:side1,3,1,1,0,0,0,1,0,0,0,1,1,1,0,0,0,0,48,48,15,On what date was the gauge publicly demonstrated during the Collegium’s Winter Demonstrations?,12 January 1938,19 October 1937,0.0,0.0,0
fic:3|fic:3:A=side3:47d87b3f307c|B=fic:3:side2,fic:3,fic:3:A=side3:47d87b3f307c,fic:3:side3,fic:3:side2,llama,llama_ls,1,large,small,llama_large,llama_small,sealed,0,0,,,no intervention,1,1,0,1,fic:3:side3|fic:3:side5|fic:3:target,fic:3:side3|fic:3:side5|fic:3:target,fic:3:target,3,1,1,0,0,0,1,0,0,0,1,1,1,0,0,0,0,70,70,36,On what date was the gauge publicly demonstrated during the Collegium’s Winter Demonstrations?,12 January 1938,1937,0.0,0.0,0
fic:3|fic:3:A=side3:47d87b3f307c|B=fic:3:side2,fic:3,fic:3:A=side3:47d87b3f307c,fic:3:side3,fic:3:side2,llama,llama_ll,1,large,large,llama_large,llama_large,sealed,0,0,,,no intervention,1,1,0,1,fic:3:side3|fic:3:side5|fic:3:target,fic:3:side3|fic:3:side5|fic:3:target,fic:3:target,3,1,1,0,0,0,1,0,0,0,1,1,1,0,0,0,0,70,70,36,On what date was the gauge publicly demonstrated during the Collegium’s Winter Demonstrations?,12 January 1938,1937,0.0,0.0,0
fic:3|fic:3:A=side3:47d87b3f307c|B=fic:3:side2,fic:3,fic:3:A=side3:47d87b3f307c,fic:3:side3,fic:3:side2,llama,llama_sl_sham,0,small,large,llama_small,llama_large,sham,0,1,fic:3:side5,fic:3:side4,replaced_with_length_nearest_non_support_card,1,1,0,1,fic:3:side3|fic:3:side1|fic:3:side4,fic:3:side3|fic:3:side1|fic:3:side5,fic:3:side1,3,1,1,0,0,0,1,0,0,0,1,1,1,0,0,0,0,48,49,15,On what date was the gauge publicly demonstrated during the Collegium’s Winter Demonstrations?,12 January 1938,19 October 1937,0.0,0.0,0
fic:3|fic:3:A=side3:47d87b3f307c|B=fic:3:side2,fic:3,fic:3:A=side3:47d87b3f307c,fic:3:side3,fic:3:side2,llama,llama_sl_restore,0,small,large,llama_small,llama_large,restore,0,1,fic:3:side2,fic:3:side4,replaced_length_nearest_card,1,1,0,1,fic:3:side3|fic:3:side1|fic:3:side4,fic:3:side3|fic:3:side1|fic:3:side2,fic:3:side2,3,1,1,0,1,1,1,0,1,1,1,1,1,0,0,0,0,48,49,19,On what date was the gauge publicly demonstrated during the Collegium’s Winter Demonstrations?,12 January 1938,12 January 1938,1.0,1.0,1
fic:3|fic:3:A=side3:47d87b3f307c|B=fic:3:side2,fic:3,fic:3:A=side3:47d87b3f307c,fic:3:side3,fic:3:side2,llama,llama_sl_reopen,0,small,large,llama_small,llama_large,reopen,1,0,,,no intervention,1,1,0,1,fic:3:side3|fic:3:side1|fic:3:side4,fic:3:side5|fic:3:target|fic:3:side3|fic:3:side2|fic:3:side4|fic:3:side1,fic:3:side2,3,1,1,0,1,1,1,0,1,1,1,1,1,0,0,0,0,48,122,19,On what date was the gauge publicly demonstrated during the Collegium’s Winter Demonstrations?,12 January 1938,12 January 1938,1.0,1.0,1
fic:3|fic:3:A=side3:47d87b3f307c|B=fic:3:side2,fic:3,fic:3:A=side3:47d87b3f307c,fic:3:side3,fic:3:side2,qwen,qwen_ss,1,small,small,qwen_small,qwen_small,sealed,0,0,,,no intervention,1,1,0,1,fic:3:side5|fic:3:side3|fic:3:side4,fic:3:side5|fic:3:side3|fic:3:side4,fic:3:side5,3,1,1,0,0,0,1,0,0,0,1,1,1,0,0,0,0,52,52,19,On what date was the gauge publicly demonstrated during the Collegium’s Winter Demonstrations?,12 January 1938,The material provided does not contain information about the date of the public demonstration of the gauge during the Collegium’s Winter Demonstrations,0.0,0.0,0
fic:3|fic:3:A=side3:47d87b3f307c|B=fic:3:side2,fic:3,fic:3:A=side3:47d87b3f307c,fic:3:side3,fic:3:side2,qwen,qwen_sl,1,small,large,qwen_small,qwen_large,sealed,0,0,,,no intervention,1,1,0,1,fic:3:side5|fic:3:side3|fic:3:side4,fic:3:side5|fic:3:side3|fic:3:side4,fic:3:side5,3,1,1,0,0,0,1,0,0,0,1,1,1,0,0,0,0,52,52,19,On what date was the gauge publicly demonstrated during the Collegium’s Winter Demonstrations?,12 January 1938,The material provided does not contain information about the date of the public demonstration of the gauge during the Collegium’s Winter Demonstrations,0.0,0.0,0
fic:3|fic:3:A=side3:47d87b3f307c|B=fic:3:side2,fic:3,fic:3:A=side3:47d87b3f307c,fic:3:side3,fic:3:side2,qwen,qwen_ls,1,large,small,qwen_large,qwen_small,sealed,0,0,,,no intervention,1,1,0,1,fic:3:side3|fic:3:target|fic:3:side5,fic:3:side3|fic:3:target|fic:3:side5,fic:3:target,3,1,1,0,0,0,1,0,0,0,1,1,1,0,0,0,0,70,70,36,On what date was the gauge publicly demonstrated during the Collegium’s Winter Demonstrations?,12 January 1938,1937,0.0,0.0,0
fic:3|fic:3:A=side3:47d87b3f307c|B=fic:3:side2,fic:3,fic:3:A=side3:47d87b3f307c,fic:3:side3,fic:3:side2,qwen,qwen_ll,1,large,large,qwen_large,qwen_large,sealed,0,0,,,no intervention,1,1,0,1,fic:3:side3|fic:3:target|fic:3:side5,fic:3:side3|fic:3:target|fic:3:side5,fic:3:target,3,1,1,0,0,0,1,0,0,0,1,1,1,0,0,0,0,70,70,36,On what date was the gauge publicly demonstrated during the Collegium’s Winter Demonstrations?,12 January 1938,1937,0.0,0.0,0
fic:3|fic:3:A=side3:47d87b3f307c|B=fic:3:side2,fic:3,fic:3:A=side3:47d87b3f307c,fic:3:side3,fic:3:side2,qwen,qwen_sl_sham,0,small,large,qwen_small,qwen_large,sham,0,1,fic:3:side1,fic:3:side5,replaced_with_length_nearest_non_support_card,1,1,0,1,fic:3:side5|fic:3:side3|fic:3:side4,fic:3:side1|fic:3:side3|fic:3:side4,fic:3:side1,3,1,1,0,0,0,1,0,0,0,1,1,1,0,0,0,0,52,48,15,On what date was the gauge publicly demonstrated during the Collegium’s Winter Demonstrations?,12 January 1938,19 October 1937,0.0,0.0,0
fic:3|fic:3:A=side3:47d87b3f307c|B=fic:3:side2,fic:3,fic:3:A=side3:47d87b3f307c,fic:3:side3,fic:3:side2,qwen,qwen_sl_restore,0,small,large,qwen_small,qwen_large,restore,0,1,fic:3:side2,fic:3:side5,replaced_length_nearest_card,1,1,0,1,fic:3:side5|fic:3:side3|fic:3:side4,fic:3:side2|fic:3:side3|fic:3:side4,fic:3:side2,3,1,1,0,1,1,1,0,1,1,1,1,1,0,0,0,0,52,52,19,On what date was the gauge publicly demonstrated during the Collegium’s Winter Demonstrations?,12 January 1938,12 January 1938,1.0,1.0,1
fic:3|fic:3:A=side3:47d87b3f307c|B=fic:3:side2,fic:3,fic:3:A=side3:47d87b3f307c,fic:3:side3,fic:3:side2,qwen,qwen_sl_reopen,0,small,large,qwen_small,qwen_large,reopen,1,0,,,no intervention,1,1,0,1,fic:3:side5|fic:3:side3|fic:3:side4,fic:3:side5|fic:3:target|fic:3:side3|fic:3:side2|fic:3:side4|fic:3:side1,fic:3:side2,3,1,1,0,1,1,1,0,1,1,1,1,1,0,0,0,0,52,122,19,On what date was the gauge publicly demonstrated during the Collegium’s Winter Demonstrations?,12 January 1938,12 January 1938,1.0,1.0,1
fic:4|fic:4:A=side2:bb606e8dcae8|B=fic:4:side3,fic:4,fic:4:A=side2:bb606e8dcae8,fic:4:side2,fic:4:side3,llama,llama_ss,1,small,small,llama_small,llama_small,sealed,0,0,,,no intervention,1,1,0,1,fic:4:side2|fic:4:target|fic:4:side5,fic:4:side2|fic:4:target|fic:4:side5,fic:4:side5,3,1,1,0,0,0,1,0,0,0,1,1,1,0,0,0,0,74,74,18,How many lumes are made and released?,121,Insufficient material,0.0,0.0,0
fic:4|fic:4:A=side2:bb606e8dcae8|B=fic:4:side3,fic:4,fic:4:A=side2:bb606e8dcae8,fic:4:side2,fic:4:side3,llama,llama_sl,1,small,large,llama_small,llama_large,sealed,0,0,,,no intervention,1,1,0,1,fic:4:side2|fic:4:target|fic:4:side5,fic:4:side2|fic:4:target|fic:4:side5,fic:4:target,3,1,1,0,0,0,1,0,0,0,1,1,1,0,0,0,0,74,74,34,How many lumes are made and released?,121,Not specified,0.0,0.0,0
fic:4|fic:4:A=side2:bb606e8dcae8|B=fic:4:side3,fic:4,fic:4:A=side2:bb606e8dcae8,fic:4:side2,fic:4:side3,llama,llama_ls,1,large,small,llama_large,llama_small,sealed,0,0,,,no intervention,1,1,0,1,fic:4:side2|fic:4:side1|fic:4:target,fic:4:side2|fic:4:side1|fic:4:target,fic:4:side2,3,1,1,0,0,0,1,0,0,0,1,1,1,0,0,0,0,73,73,22,How many lumes are made and released?,121,0,0.0,0.0,0
fic:4|fic:4:A=side2:bb606e8dcae8|B=fic:4:side3,fic:4,fic:4:A=side2:bb606e8dcae8,fic:4:side2,fic:4:side3,llama,llama_ll,1,large,large,llama_large,llama_large,sealed,0,0,,,no intervention,1,1,0,1,fic:4:side2|fic:4:side1|fic:4:target,fic:4:side2|fic:4:side1|fic:4:target,fic:4:side2,3,1,1,0,0,0,1,0,0,0,1,1,1,0,0,0,0,73,73,22,How many lumes are made and released?,121,0,0.0,0.0,0
fic:4|fic:4:A=side2:bb606e8dcae8|B=fic:4:side3,fic:4,fic:4:A=side2:bb606e8dcae8,fic:4:side2,fic:4:side3,llama,llama_sl_sham,0,small,large,llama_small,llama_large,sham,0,1,fic:4:side1,fic:4:side5,replaced_with_length_nearest_non_support_card,1,1,0,1,fic:4:side2|fic:4:target|fic:4:side5,fic:4:side2|fic:4:target|fic:4:side1,fic:4:side2,3,1,1,0,0,0,1,0,0,0,1,1,1,0,0,0,0,74,73,22,How many lumes are made and released?,121,0,0.0,0.0,0
fic:4|fic:4:A=side2:bb606e8dcae8|B=fic:4:side3,fic:4,fic:4:A=side2:bb606e8dcae8,fic:4:side2,fic:4:side3,llama,llama_sl_restore,0,small,large,llama_small,llama_large,restore,0,1,fic:4:side3,fic:4:side5,replaced_length_nearest_card,1,1,0,1,fic:4:side2|fic:4:target|fic:4:side5,fic:4:side2|fic:4:target|fic:4:side3,fic:4:side3,3,1,1,0,1,1,1,0,1,1,1,1,1,0,0,0,0,74,72,16,How many lumes are made and released?,121,121,1.0,1.0,1
fic:4|fic:4:A=side2:bb606e8dcae8|B=fic:4:side3,fic:4,fic:4:A=side2:bb606e8dcae8,fic:4:side2,fic:4:side3,llama,llama_sl_reopen,0,small,large,llama_small,llama_large,reopen,1,0,,,no intervention,1,1,0,1,fic:4:side2|fic:4:target|fic:4:side5,fic:4:side5|fic:4:side2|fic:4:side3|fic:4:side1|fic:4:side4|fic:4:target,fic:4:side3,3,1,1,0,1,1,1,0,1,1,1,1,1,0,0,0,0,74,120,16,How many lumes are made and released?,121,121,1.0,1.0,1
fic:4|fic:4:A=side2:bb606e8dcae8|B=fic:4:side3,fic:4,fic:4:A=side2:bb606e8dcae8,fic:4:side2,fic:4:side3,qwen,qwen_ss,1,small,small,qwen_small,qwen_small,sealed,0,0,,,no intervention,1,1,0,1,fic:4:side2|fic:4:side1|fic:4:side4,fic:4:side2|fic:4:side1|fic:4:side4,fic:4:side2,3,1,1,0,0,0,1,0,0,0,1,1,1,0,0,0,0,52,52,22,How many lumes are made and released?,121,0,0.0,0.0,0
fic:4|fic:4:A=side2:bb606e8dcae8|B=fic:4:side3,fic:4,fic:4:A=side2:bb606e8dcae8,fic:4:side2,fic:4:side3,qwen,qwen_sl,1,small,large,qwen_small,qwen_large,sealed,0,0,,,no intervention,1,1,0,1,fic:4:side2|fic:4:side1|fic:4:side4,fic:4:side2|fic:4:side1|fic:4:side4,fic:4:side4,3,1,1,0,0,0,1,0,0,0,1,1,1,0,0,0,0,52,52,13,How many lumes are made and released?,121,Insufficient material,0.0,0.0,0
fic:4|fic:4:A=side2:bb606e8dcae8|B=fic:4:side3,fic:4,fic:4:A=side2:bb606e8dcae8,fic:4:side2,fic:4:side3,qwen,qwen_ls,1,large,small,qwen_large,qwen_small,sealed,0,0,,,no intervention,1,1,0,1,fic:4:side2|fic:4:side1|fic:4:target,fic:4:side2|fic:4:side1|fic:4:target,fic:4:target,3,1,1,0,0,0,1,0,0,0,1,1,1,0,0,0,0,73,73,34,How many lumes are made and released?,121,Not specified,0.0,0.0,0
fic:4|fic:4:A=side2:bb606e8dcae8|B=fic:4:side3,fic:4,fic:4:A=side2:bb606e8dcae8,fic:4:side2,fic:4:side3,qwen,qwen_ll,1,large,large,qwen_large,qwen_large,sealed,0,0,,,no intervention,1,1,0,1,fic:4:side2|fic:4:side1|fic:4:target,fic:4:side2|fic:4:side1|fic:4:target,fic:4:target,3,1,1,0,0,0,1,0,0,0,1,1,1,0,0,0,0,73,73,34,How many lumes are made and released?,121,Not specified,0.0,0.0,0
fic:4|fic:4:A=side2:bb606e8dcae8|B=fic:4:side3,fic:4,fic:4:A=side2:bb606e8dcae8,fic:4:side2,fic:4:side3,qwen,qwen_sl_sham,0,small,large,qwen_small,qwen_large,sham,0,1,fic:4:side5,fic:4:side1,replaced_with_length_nearest_non_support_card,1,1,0,1,fic:4:side2|fic:4:side1|fic:4:side4,fic:4:side2|fic:4:side5|fic:4:side4,,3,0,1,0,0,0,1,0,0,0,1,0,0,0,0,0,0,52,53,3,How many lumes are made and released?,121,,0.0,0.0,0
fic:4|fic:4:A=side2:bb606e8dcae8|B=fic:4:side3,fic:4,fic:4:A=side2:bb606e8dcae8,fic:4:side2,fic:4:side3,qwen,qwen_sl_restore,0,small,large,qwen_small,qwen_large,restore,0,1,fic:4:side3,fic:4:side1,replaced_length_nearest_card,1,1,0,1,fic:4:side2|fic:4:side1|fic:4:side4,fic:4:side2|fic:4:side3|fic:4:side4,fic:4:side3,3,1,1,0,1,1,1,0,1,1,1,1,1,0,0,0,0,52,51,16,How many lumes are made and released?,121,121,1.0,1.0,1
fic:4|fic:4:A=side2:bb606e8dcae8|B=fic:4:side3,fic:4,fic:4:A=side2:bb606e8dcae8,fic:4:side2,fic:4:side3,qwen,qwen_sl_reopen,0,small,large,qwen_small,qwen_large,reopen,1,0,,,no intervention,1,1,0,1,fic:4:side2|fic:4:side1|fic:4:side4,fic:4:side5|fic:4:side2|fic:4:side3|fic:4:side1|fic:4:side4|fic:4:target,fic:4:side3,3,1,1,0,1,1,1,0,1,1,1,1,1,0,0,0,0,52,120,16,How many lumes are made and released?,121,121,1.0,1.0,1
fic:4|fic:4:A=side5:e3bf4334c573|B=fic:4:side2,fic:4,fic:4:A=side5:e3bf4334c573,fic:4:side5,fic:4:side2,llama,llama_ss,1,small,small,llama_small,llama_small,sealed,0,0,,,no intervention,1,1,0,1,fic:4:side5|fic:4:side3|fic:4:target,fic:4:side5|fic:4:side3|fic:4:target,fic:4:side3,3,1,1,0,0,0,1,0,0,0,1,1,1,0,0,0,0,68,68,16,What is the stone span most closely associated with the festival?,Bridge of Seven Bolts,lumes,0.0,0.0,0
fic:4|fic:4:A=side5:e3bf4334c573|B=fic:4:side2,fic:4,fic:4:A=side5:e3bf4334c573,fic:4:side5,fic:4:side2,llama,llama_sl,1,small,large,llama_small,llama_large,sealed,0,0,,,no intervention,1,1,0,1,fic:4:side5|fic:4:side3|fic:4:target,fic:4:side5|fic:4:side3|fic:4:target,fic:4:target,3,1,1,0,0,0,1,0,0,0,1,1,1,0,0,0,0,68,68,34,What is the stone span most closely associated with the festival?,Bridge of Seven Bolts,lantern-boats,0.0,0.0,0
fic:4|fic:4:A=side5:e3bf4334c573|B=fic:4:side2,fic:4,fic:4:A=side5:e3bf4334c573,fic:4:side5,fic:4:side2,llama,llama_ls,1,large,small,llama_large,llama_small,sealed,0,0,,,no intervention,1,1,0,1,fic:4:side5|fic:4:side4|fic:4:target,fic:4:side5|fic:4:side4|fic:4:target,fic:4:side5,3,1,1,0,0,0,1,0,0,0,1,1,1,0,0,0,0,65,65,18,What is the stone span most closely associated with the festival?,Bridge of Seven Bolts,40,0.0,0.0,0
fic:4|fic:4:A=side5:e3bf4334c573|B=fic:4:side2,fic:4,fic:4:A=side5:e3bf4334c573,fic:4:side5,fic:4:side2,llama,llama_ll,1,large,large,llama_large,llama_large,sealed,0,0,,,no intervention,1,1,0,1,fic:4:side5|fic:4:side4|fic:4:target,fic:4:side5|fic:4:side4|fic:4:target,fic:4:target,3,1,1,0,0,0,1,0,0,0,1,1,1,0,0,0,0,65,65,34,What is the stone span most closely associated with the festival?,Bridge of Seven Bolts,lantern-boats,0.0,0.0,0
fic:4|fic:4:A=side5:e3bf4334c573|B=fic:4:side2,fic:4,fic:4:A=side5:e3bf4334c573,fic:4:side5,fic:4:side2,llama,llama_sl_sham,0,small,large,llama_small,llama_large,sham,0,1,fic:4:side1,fic:4:side3,replaced_with_length_nearest_non_support_card,1,1,0,1,fic:4:side5|fic:4:side3|fic:4:target,fic:4:side5|fic:4:side1|fic:4:target,fic:4:target,3,1,1,0,0,0,1,0,0,0,1,1,1,0,0,0,0,68,69,34,What is the stone span most closely associated with the festival?,Bridge of Seven Bolts,lantern-boats,0.0,0.0,0
fic:4|fic:4:A=side5:e3bf4334c573|B=fic:4:side2,fic:4,fic:4:A=side5:e3bf4334c573,fic:4:side5,fic:4:side2,llama,llama_sl_restore,0,small,large,llama_small,llama_large,restore,0,1,fic:4:side2,fic:4:side3,replaced_length_nearest_card,1,1,0,1,fic:4:side5|fic:4:side3|fic:4:target,fic:4:side5|fic:4:side2|fic:4:target,fic:4:side2,3,1,1,0,1,1,1,0,1,1,1,1,1,0,0,0,0,68,74,22,What is the stone span most closely associated with the festival?,Bridge of Seven Bolts,Bridge of Seven Bolts,1.0,1.0,1
fic:4|fic:4:A=side5:e3bf4334c573|B=fic:4:side2,fic:4,fic:4:A=side5:e3bf4334c573,fic:4:side5,fic:4:side2,llama,llama_sl_reopen,0,small,large,llama_small,llama_large,reopen,1,0,,,no intervention,1,1,0,1,fic:4:side5|fic:4:side3|fic:4:target,fic:4:side5|fic:4:side2|fic:4:side3|fic:4:side1|fic:4:side4|fic:4:target,fic:4:side2,3,1,1,0,1,1,1,0,1,1,1,1,1,0,0,0,0,68,120,22,What is the stone span most closely associated with the festival?,Bridge of Seven Bolts,Bridge of Seven Bolts,1.0,1.0,1
fic:4|fic:4:A=side5:e3bf4334c573|B=fic:4:side2,fic:4,fic:4:A=side5:e3bf4334c573,fic:4:side5,fic:4:side2,qwen,qwen_ss,1,small,small,qwen_small,qwen_small,sealed,0,0,,,no intervention,1,1,0,1,fic:4:side5|fic:4:side4|fic:4:target,fic:4:side5|fic:4:side4|fic:4:target,fic:4:side4,3,1,1,0,0,0,1,0,0,0,1,1,1,0,0,0,0,65,65,13,What is the stone span most closely associated with the festival?,Bridge of Seven Bolts,833,0.0,0.0,0
fic:4|fic:4:A=side5:e3bf4334c573|B=fic:4:side2,fic:4,fic:4:A=side5:e3bf4334c573,fic:4:side5,fic:4:side2,qwen,qwen_sl,1,small,large,qwen_small,qwen_large,sealed,0,0,,,no intervention,1,1,0,1,fic:4:side5|fic:4:side4|fic:4:target,fic:4:side5|fic:4:side4|fic:4:target,fic:4:target,3,1,1,0,0,0,1,0,0,0,1,1,1,0,0,0,0,65,65,34,What is the stone span most closely associated with the festival?,Bridge of Seven Bolts,lantern-boats,0.0,0.0,0
fic:4|fic:4:A=side5:e3bf4334c573|B=fic:4:side2,fic:4,fic:4:A=side5:e3bf4334c573,fic:4:side5,fic:4:side2,qwen,qwen_ls,1,large,small,qwen_large,qwen_small,sealed,0,0,,,no intervention,1,1,0,1,fic:4:side5|fic:4:side4|fic:4:target,fic:4:side5|fic:4:side4|fic:4:target,fic:4:side4,3,1,1,0,0,0,1,0,0,0,1,1,1,0,0,0,0,65,65,13,What is the stone span most closely associated with the festival?,Bridge of Seven Bolts,833,0.0,0.0,0
fic:4|fic:4:A=side5:e3bf4334c573|B=fic:4:side2,fic:4,fic:4:A=side5:e3bf4334c573,fic:4:side5,fic:4:side2,qwen,qwen_ll,1,large,large,qwen_large,qwen_large,sealed,0,0,,,no intervention,1,1,0,1,fic:4:side5|fic:4:side4|fic:4:target,fic:4:side5|fic:4:side4|fic:4:target,fic:4:target,3,1,1,0,0,0,1,0,0,0,1,1,1,0,0,0,0,65,65,34,What is the stone span most closely associated with the festival?,Bridge of Seven Bolts,lantern-boats,0.0,0.0,0
fic:4|fic:4:A=side5:e3bf4334c573|B=fic:4:side2,fic:4,fic:4:A=side5:e3bf4334c573,fic:4:side5,fic:4:side2,qwen,qwen_sl_sham,0,small,large,qwen_small,qwen_large,sham,0,1,fic:4:side3,fic:4:side4,replaced_with_length_nearest_non_support_card,1,1,0,1,fic:4:side5|fic:4:side4|fic:4:target,fic:4:side5|fic:4:side3|fic:4:target,fic:4:target,3,1,1,0,0,0,1,0,0,0,1,1,1,0,0,0,0,65,68,34,What is the stone span most closely associated with the festival?,Bridge of Seven Bolts,lantern-boats,0.0,0.0,0
fic:4|fic:4:A=side5:e3bf4334c573|B=fic:4:side2,fic:4,fic:4:A=side5:e3bf4334c573,fic:4:side5,fic:4:side2,qwen,qwen_sl_restore,0,small,large,qwen_small,qwen_large,restore,0,1,fic:4:side2,fic:4:side4,replaced_length_nearest_card,1,1,0,1,fic:4:side5|fic:4:side4|fic:4:target,fic:4:side5|fic:4:side2|fic:4:target,fic:4:side2,3,1,1,0,1,1,1,0,1,1,1,1,1,0,0,0,0,65,74,22,What is the stone span most closely associated with the festival?,Bridge of Seven Bolts,Bridge of Seven Bolts,1.0,1.0,1
fic:4|fic:4:A=side5:e3bf4334c573|B=fic:4:side2,fic:4,fic:4:A=side5:e3bf4334c573,fic:4:side5,fic:4:side2,qwen,qwen_sl_reopen,0,small,large,qwen_small,qwen_large,reopen,1,0,,,no intervention,1,1,0,1,fic:4:side5|fic:4:side4|fic:4:target,fic:4:side5|fic:4:side2|fic:4:side3|fic:4:side1|fic:4:side4|fic:4:target,fic:4:side2,3,1,1,0,1,1,1,0,1,1,1,1,1,0,0,0,0,65,120,22,What is the stone span most closely associated with the festival?,Bridge of Seven Bolts,Bridge of Seven Bolts,1.0,1.0,1
fic:4|fic:4:A=side3:ca7d09321ac6|B=fic:4:side1,fic:4,fic:4:A=side3:ca7d09321ac6,fic:4:side3,fic:4:side1,llama,llama_ss,1,small,small,llama_small,llama_small,sealed,0,0,,,no intervention,1,1,0,1,fic:4:side3|fic:4:side2|fic:4:target,fic:4:side3|fic:4:side2|fic:4:target,fic:4:side3,3,1,1,0,0,0,1,0,0,0,1,1,1,0,0,0,0,72,72,16,On what night of Serev does the Driftlight Procession begin?,14th night of Serev,121st,0.0,0.0,0
fic:4|fic:4:A=side3:ca7d09321ac6|B=fic:4:side1,fic:4,fic:4:A=side3:ca7d09321ac6,fic:4:side3,fic:4:side1,llama,llama_sl,1,small,large,llama_small,llama_large,sealed,0,0,,,no intervention,1,1,0,1,fic:4:side3|fic:4:side2|fic:4:target,fic:4:side3|fic:4:side2|fic:4:target,fic:4:side2,3,1,1,0,0,0,1,0,0,0,1,1,1,0,0,0,0,72,72,22,On what night of Serev does the Driftlight Procession begin?,14th night of Serev,The 12th,0.0,0.0,0
fic:4|fic:4:A=side3:ca7d09321ac6|B=fic:4:side1,fic:4,fic:4:A=side3:ca7d09321ac6,fic:4:side3,fic:4:side1,llama,llama_ls,1,large,small,llama_large,llama_small,sealed,0,0,,,no intervention,0,1,0,1,fic:4:side3|fic:4:side1|fic:4:target,fic:4:side3|fic:4:side1|fic:4:target,fic:4:side1,3,1,1,1,1,1,1,1,1,1,1,1,1,0,0,0,0,67,67,17,On what night of Serev does the Driftlight Procession begin?,14th night of Serev,14th,0.0,0.4,1
fic:4|fic:4:A=side3:ca7d09321ac6|B=fic:4:side1,fic:4,fic:4:A=side3:ca7d09321ac6,fic:4:side3,fic:4:side1,llama,llama_ll,1,large,large,llama_large,llama_large,sealed,0,0,,,no intervention,0,1,0,1,fic:4:side3|fic:4:side1|fic:4:target,fic:4:side3|fic:4:side1|fic:4:target,fic:4:side1,3,1,1,1,1,1,1,1,1,1,1,1,1,0,0,0,0,67,67,17,On what night of Serev does the Driftlight Procession begin?,14th night of Serev,14th,0.0,0.4,1
fic:4|fic:4:A=side3:ca7d09321ac6|B=fic:4:side1,fic:4,fic:4:A=side3:ca7d09321ac6,fic:4:side3,fic:4:side1,llama,llama_sl_sham,0,small,large,llama_small,llama_large,sham,0,1,fic:4:side5,fic:4:side2,replaced_with_length_nearest_non_support_card,1,1,0,1,fic:4:side3|fic:4:side2|fic:4:target,fic:4:side3|fic:4:side5|fic:4:target,fic:4:target,3,1,1,0,0,0,1,0,0,0,1,1,1,0,0,0,0,72,68,34,On what night of Serev does the Driftlight Procession begin?,14th night of Serev,The following year,0.0,0.0,0
fic:4|fic:4:A=side3:ca7d09321ac6|B=fic:4:side1,fic:4,fic:4:A=side3:ca7d09321ac6,fic:4:side3,fic:4:side1,llama,llama_sl_restore,0,small,large,llama_small,llama_large,restore,0,1,fic:4:side1,fic:4:side2,replaced_length_nearest_card,1,1,0,1,fic:4:side3|fic:4:side2|fic:4:target,fic:4:side3|fic:4:side1|fic:4:target,fic:4:side1,3,1,1,0,1,1,1,0,1,1,1,1,1,0,0,0,0,72,67,17,On what night of Serev does the Driftlight Procession begin?,14th night of Serev,14th,0.0,0.4,1
fic:4|fic:4:A=side3:ca7d09321ac6|B=fic:4:side1,fic:4,fic:4:A=side3:ca7d09321ac6,fic:4:side3,fic:4:side1,llama,llama_sl_reopen,0,small,large,llama_small,llama_large,reopen,1,0,,,no intervention,1,1,0,1,fic:4:side3|fic:4:side2|fic:4:target,fic:4:side5|fic:4:side2|fic:4:side3|fic:4:side1|fic:4:side4|fic:4:target,fic:4:side1,3,1,1,0,1,1,1,0,1,1,1,1,1,0,0,0,0,72,120,17,On what night of Serev does the Driftlight Procession begin?,14th night of Serev,14th,0.0,0.4,1
fic:4|fic:4:A=side3:ca7d09321ac6|B=fic:4:side1,fic:4,fic:4:A=side3:ca7d09321ac6,fic:4:side3,fic:4:side1,qwen,qwen_ss,1,small,small,qwen_small,qwen_small,sealed,0,0,,,no intervention,0,1,0,1,fic:4:side3|fic:4:side1|fic:4:side4,fic:4:side3|fic:4:side1|fic:4:side4,fic:4:side1,3,1,1,1,1,1,1,1,1,1,1,1,1,0,0,0,0,46,46,17,On what night of Serev does the Driftlight Procession begin?,14th night of Serev,14th,0.0,0.4,1
fic:4|fic:4:A=side3:ca7d09321ac6|B=fic:4:side1,fic:4,fic:4:A=side3:ca7d09321ac6,fic:4:side3,fic:4:side1,qwen,qwen_sl,1,small,large,qwen_small,qwen_large,sealed,0,0,,,no intervention,0,1,0,1,fic:4:side3|fic:4:side1|fic:4:side4,fic:4:side3|fic:4:side1|fic:4:side4,fic:4:side1,3,1,1,1,1,1,1,1,1,1,1,1,1,0,0,0,0,46,46,17,On what night of Serev does the Driftlight Procession begin?,14th night of Serev,14th,0.0,0.4,1
fic:4|fic:4:A=side3:ca7d09321ac6|B=fic:4:side1,fic:4,fic:4:A=side3:ca7d09321ac6,fic:4:side3,fic:4:side1,qwen,qwen_ls,1,large,small,qwen_large,qwen_small,sealed,0,0,,,no intervention,0,1,0,1,fic:4:side3|fic:4:side1|fic:4:side2,fic:4:side3|fic:4:side1|fic:4:side2,fic:4:side1,3,1,1,1,1,1,1,1,1,1,1,1,1,0,0,0,0,55,55,17,On what night of Serev does the Driftlight Procession begin?,14th night of Serev,14th,0.0,0.4,1
fic:4|fic:4:A=side3:ca7d09321ac6|B=fic:4:side1,fic:4,fic:4:A=side3:ca7d09321ac6,fic:4:side3,fic:4:side1,qwen,qwen_ll,1,large,large,qwen_large,qwen_large,sealed,0,0,,,no intervention,0,1,0,1,fic:4:side3|fic:4:side1|fic:4:side2,fic:4:side3|fic:4:side1|fic:4:side2,fic:4:side1,3,1,1,1,1,1,1,1,1,1,1,1,1,0,0,0,0,55,55,17,On what night of Serev does the Driftlight Procession begin?,14th night of Serev,14th,0.0,0.4,1
fic:4|fic:4:A=side3:ca7d09321ac6|B=fic:4:side1,fic:4,fic:4:A=side3:ca7d09321ac6,fic:4:side3,fic:4:side1,qwen,qwen_sl_sham,0,small,large,qwen_small,qwen_large,sham,0,0,,,"restore was ineligible, so matched sham is a no-op",0,1,0,1,fic:4:side3|fic:4:side1|fic:4:side4,fic:4:side3|fic:4:side1|fic:4:side4,fic:4:side1,3,1,1,1,1,1,1,1,1,1,1,1,1,0,0,0,0,46,46,17,On what night of Serev does the Driftlight Procession begin?,14th night of Serev,14th,0.0,0.4,1
fic:4|fic:4:A=side3:ca7d09321ac6|B=fic:4:side1,fic:4,fic:4:A=side3:ca7d09321ac6,fic:4:side3,fic:4:side1,qwen,qwen_sl_restore,0,small,large,qwen_small,qwen_large,restore,0,0,,,support_already_present,0,1,0,1,fic:4:side3|fic:4:side1|fic:4:side4,fic:4:side3|fic:4:side1|fic:4:side4,fic:4:side1,3,1,1,1,1,1,1,1,1,1,1,1,1,0,0,0,0,46,46,17,On what night of Serev does the Driftlight Procession begin?,14th night of Serev,14th,0.0,0.4,1
fic:4|fic:4:A=side3:ca7d09321ac6|B=fic:4:side1,fic:4,fic:4:A=side3:ca7d09321ac6,fic:4:side3,fic:4:side1,qwen,qwen_sl_reopen,0,small,large,qwen_small,qwen_large,reopen,1,0,,,no intervention,0,1,0,1,fic:4:side3|fic:4:side1|fic:4:side4,fic:4:side5|fic:4:side2|fic:4:side3|fic:4:side1|fic:4:side4|fic:4:target,fic:4:side1,3,1,1,1,1,1,1,1,1,1,1,1,1,0,0,0,0,46,120,17,On what night of Serev does the Driftlight Procession begin?,14th night of Serev,14th,0.0,0.4,1
fic:4|fic:4:A=target:9f2e2ccdc1f9|B=fic:4:side5,fic:4,fic:4:A=target:9f2e2ccdc1f9,fic:4:target,fic:4:side5,llama,llama_ss,1,small,small,llama_small,llama_small,sealed,0,0,,,no intervention,1,1,0,1,fic:4:target|fic:4:side4|fic:4:side1,fic:4:target|fic:4:side4|fic:4:side1,fic:4:side1,3,1,1,0,0,0,1,0,0,0,1,1,1,0,0,0,0,64,64,17,What is the standard penalty assessed for violations?,40 scrip,Insufficient material,0.0,0.0,0
fic:4|fic:4:A=target:9f2e2ccdc1f9|B=fic:4:side5,fic:4,fic:4:A=target:9f2e2ccdc1f9,fic:4:target,fic:4:side5,llama,llama_sl,1,small,large,llama_small,llama_large,sealed,0,0,,,no intervention,1,1,0,1,fic:4:target|fic:4:side4|fic:4:side1,fic:4:target|fic:4:side4|fic:4:side1,fic:4:side1,3,1,1,0,0,0,1,0,0,0,1,1,1,0,0,0,0,64,64,17,What is the standard penalty assessed for violations?,40 scrip,Insufficient material,0.0,0.0,0
fic:4|fic:4:A=target:9f2e2ccdc1f9|B=fic:4:side5,fic:4,fic:4:A=target:9f2e2ccdc1f9,fic:4:target,fic:4:side5,llama,llama_ls,1,large,small,llama_large,llama_small,sealed,0,0,,,no intervention,1,1,0,1,fic:4:side1|fic:4:target|fic:4:side4,fic:4:side1|fic:4:target|fic:4:side4,fic:4:side1,3,1,1,0,0,0,1,0,0,0,1,1,1,0,0,0,0,64,64,17,What is the standard penalty assessed for violations?,40 scrip,Insufficient material,0.0,0.0,0
fic:4|fic:4:A=target:9f2e2ccdc1f9|B=fic:4:side5,fic:4,fic:4:A=target:9f2e2ccdc1f9,fic:4:target,fic:4:side5,llama,llama_ll,1,large,large,llama_large,llama_large,sealed,0,0,,,no intervention,1,1,0,1,fic:4:side1|fic:4:target|fic:4:side4,fic:4:side1|fic:4:target|fic:4:side4,fic:4:side1,3,1,1,0,0,0,1,0,0,0,1,1,1,0,0,0,0,64,64,17,What is the standard penalty assessed for violations?,40 scrip,Insufficient material,0.0,0.0,0
fic:4|fic:4:A=target:9f2e2ccdc1f9|B=fic:4:side5,fic:4,fic:4:A=target:9f2e2ccdc1f9,fic:4:target,fic:4:side5,llama,llama_sl_sham,0,small,large,llama_small,llama_large,sham,0,1,fic:4:side3,fic:4:side1,replaced_with_length_nearest_non_support_card,1,1,0,1,fic:4:target|fic:4:side4|fic:4:side1,fic:4:target|fic:4:side4|fic:4:side3,fic:4:side3,3,1,1,0,0,0,1,0,0,0,1,1,1,0,0,0,0,64,63,16,What is the standard penalty assessed for violations?,40 scrip,Insufficient material,0.0,0.0,0
fic:4|fic:4:A=target:9f2e2ccdc1f9|B=fic:4:side5,fic:4,fic:4:A=target:9f2e2ccdc1f9,fic:4:target,fic:4:side5,llama,llama_sl_restore,0,small,large,llama_small,llama_large,restore,0,1,fic:4:side5,fic:4:side1,replaced_length_nearest_card,1,1,0,1,fic:4:target|fic:4:side4|fic:4:side1,fic:4:target|fic:4:side4|fic:4:side5,fic:4:side5,3,1,1,0,1,1,1,0,1,1,1,1,1,0,0,0,0,64,65,18,What is the standard penalty assessed for violations?,40 scrip,40 scrip,1.0,1.0,1
fic:4|fic:4:A=target:9f2e2ccdc1f9|B=fic:4:side5,fic:4,fic:4:A=target:9f2e2ccdc1f9,fic:4:target,fic:4:side5,llama,llama_sl_reopen,0,small,large,llama_small,llama_large,reopen,1,0,,,no intervention,1,1,0,1,fic:4:target|fic:4:side4|fic:4:side1,fic:4:side5|fic:4:side2|fic:4:side3|fic:4:side1|fic:4:side4|fic:4:target,fic:4:side5,3,1,1,0,1,1,1,0,1,1,1,1,1,0,0,0,0,64,120,18,What is the standard penalty assessed for violations?,40 scrip,40 scrip,1.0,1.0,1
fic:4|fic:4:A=target:9f2e2ccdc1f9|B=fic:4:side5,fic:4,fic:4:A=target:9f2e2ccdc1f9,fic:4:target,fic:4:side5,qwen,qwen_ss,1,small,small,qwen_small,qwen_small,sealed,0,0,,,no intervention,1,1,0,1,fic:4:side1|fic:4:target|fic:4:side4,fic:4:side1|fic:4:target|fic:4:side4,fic:4:side1,3,1,1,0,0,0,1,0,0,0,1,1,1,0,0,0,0,64,64,17,What is the standard penalty assessed for violations?,40 scrip,Insufficient material,0.0,0.0,0
fic:4|fic:4:A=target:9f2e2ccdc1f9|B=fic:4:side5,fic:4,fic:4:A=target:9f2e2ccdc1f9,fic:4:target,fic:4:side5,qwen,qwen_sl,1,small,large,qwen_small,qwen_large,sealed,0,0,,,no intervention,1,1,0,1,fic:4:side1|fic:4:target|fic:4:side4,fic:4:side1|fic:4:target|fic:4:side4,,3,0,1,0,0,0,1,0,0,0,1,0,0,0,0,0,0,64,64,3,What is the standard penalty assessed for violations?,40 scrip,,0.0,0.0,0
fic:4|fic:4:A=target:9f2e2ccdc1f9|B=fic:4:side5,fic:4,fic:4:A=target:9f2e2ccdc1f9,fic:4:target,fic:4:side5,qwen,qwen_ls,1,large,small,qwen_large,qwen_small,sealed,0,0,,,no intervention,1,1,0,1,fic:4:target|fic:4:side4|fic:4:side1,fic:4:target|fic:4:side4|fic:4:side1,fic:4:side1,3,1,1,0,0,0,1,0,0,0,1,1,1,0,0,0,0,64,64,17,What is the standard penalty assessed for violations?,40 scrip,Insufficient material,0.0,0.0,0
fic:4|fic:4:A=target:9f2e2ccdc1f9|B=fic:4:side5,fic:4,fic:4:A=target:9f2e2ccdc1f9,fic:4:target,fic:4:side5,qwen,qwen_ll,1,large,large,qwen_large,qwen_large,sealed,0,0,,,no intervention,1,1,0,1,fic:4:target|fic:4:side4|fic:4:side1,fic:4:target|fic:4:side4|fic:4:side1,,3,0,1,0,0,0,1,0,0,0,1,0,0,0,0,0,0,64,64,3,What is the standard penalty assessed for violations?,40 scrip,,0.0,0.0,0
fic:4|fic:4:A=target:9f2e2ccdc1f9|B=fic:4:side5,fic:4,fic:4:A=target:9f2e2ccdc1f9,fic:4:target,fic:4:side5,qwen,qwen_sl_sham,0,small,large,qwen_small,qwen_large,sham,0,1,fic:4:side3,fic:4:side1,replaced_with_length_nearest_non_support_card,1,1,0,1,fic:4:side1|fic:4:target|fic:4:side4,fic:4:side3|fic:4:target|fic:4:side4,fic:4:side3,3,1,1,0,0,0,1,0,0,0,1,1,1,0,0,0,0,64,63,16,What is the standard penalty assessed for violations?,40 scrip,Insufficient material,0.0,0.0,0
fic:4|fic:4:A=target:9f2e2ccdc1f9|B=fic:4:side5,fic:4,fic:4:A=target:9f2e2ccdc1f9,fic:4:target,fic:4:side5,qwen,qwen_sl_restore,0,small,large,qwen_small,qwen_large,restore,0,1,fic:4:side5,fic:4:side1,replaced_length_nearest_card,1,1,0,1,fic:4:side1|fic:4:target|fic:4:side4,fic:4:side5|fic:4:target|fic:4:side4,fic:4:side5,3,1,1,0,1,1,1,0,1,1,1,1,1,0,0,0,0,64,65,18,What is the standard penalty assessed for violations?,40 scrip,40 scrip,1.0,1.0,1
fic:4|fic:4:A=target:9f2e2ccdc1f9|B=fic:4:side5,fic:4,fic:4:A=target:9f2e2ccdc1f9,fic:4:target,fic:4:side5,qwen,qwen_sl_reopen,0,small,large,qwen_small,qwen_large,reopen,1,0,,,no intervention,1,1,0,1,fic:4:side1|fic:4:target|fic:4:side4,fic:4:side5|fic:4:side2|fic:4:side3|fic:4:side1|fic:4:side4|fic:4:target,fic:4:side5,3,1,1,0,1,1,1,0,1,1,1,1,1,0,0,0,0,64,120,18,What is the standard penalty assessed for violations?,40 scrip,40 scrip,1.0,1.0,1
fic:5|fic:5:A=side3:7f8918780adb|B=fic:5:side1,fic:5,fic:5:A=side3:7f8918780adb,fic:5:side3,fic:5:side1,llama,llama_ss,1,small,small,llama_small,llama_small,sealed,0,0,,,no intervention,1,1,0,1,fic:5:target|fic:5:side3|fic:5:side4,fic:5:target|fic:5:side3|fic:5:side4,fic:5:side4,3,1,1,0,0,0,1,0,0,0,1,1,1,0,0,0,0,64,64,13,What is the highest rim point of the Veyrun Steps called?,Kroth Spire,[SLOT 1 | CARD C03],0.0,0.0,0
fic:5|fic:5:A=side3:7f8918780adb|B=fic:5:side1,fic:5,fic:5:A=side3:7f8918780adb,fic:5:side3,fic:5:side1,llama,llama_sl,1,small,large,llama_small,llama_large,sealed,0,0,,,no intervention,1,1,0,1,fic:5:target|fic:5:side3|fic:5:side4,fic:5:target|fic:5:side3|fic:5:side4,fic:5:target,3,1,1,0,0,0,1,0,0,0,1,1,1,0,0,0,0,64,64,37,What is the highest rim point of the Veyrun Steps called?,Kroth Spire,Serevin Mapping Hall,0.0,0.0,0
fic:5|fic:5:A=side3:7f8918780adb|B=fic:5:side1,fic:5,fic:5:A=side3:7f8918780adb,fic:5:side3,fic:5:side1,llama,llama_ls,1,large,small,llama_large,llama_small,sealed,0,0,,,no intervention,0,1,0,1,fic:5:side3|fic:5:side1|fic:5:target,fic:5:side3|fic:5:side1|fic:5:target,fic:5:side1,3,1,1,1,1,1,1,1,1,1,1,1,1,0,0,0,0,68,68,17,What is the highest rim point of the Veyrun Steps called?,Kroth Spire,Kroth Spire,1.0,1.0,1
fic:5|fic:5:A=side3:7f8918780adb|B=fic:5:side1,fic:5,fic:5:A=side3:7f8918780adb,fic:5:side3,fic:5:side1,llama,llama_ll,1,large,large,llama_large,llama_large,sealed,0,0,,,no intervention,0,1,0,1,fic:5:side3|fic:5:side1|fic:5:target,fic:5:side3|fic:5:side1|fic:5:target,fic:5:side1,3,1,1,1,1,1,1,1,1,1,1,1,1,0,0,0,0,68,68,17,What is the highest rim point of the Veyrun Steps called?,Kroth Spire,Kroth Spire,1.0,1.0,1
fic:5|fic:5:A=side3:7f8918780adb|B=fic:5:side1,fic:5,fic:5:A=side3:7f8918780adb,fic:5:side3,fic:5:side1,llama,llama_sl_sham,0,small,large,llama_small,llama_large,sham,0,1,fic:5:side5,fic:5:side4,replaced_with_length_nearest_non_support_card,1,1,0,1,fic:5:target|fic:5:side3|fic:5:side4,fic:5:target|fic:5:side3|fic:5:side5,fic:5:target,3,1,1,0,0,0,1,0,0,0,1,1,1,0,0,0,0,64,66,37,What is the highest rim point of the Veyrun Steps called?,Kroth Spire,Serevin Mapping Hall,0.0,0.0,0
fic:5|fic:5:A=side3:7f8918780adb|B=fic:5:side1,fic:5,fic:5:A=side3:7f8918780adb,fic:5:side3,fic:5:side1,llama,llama_sl_restore,0,small,large,llama_small,llama_large,restore,0,1,fic:5:side1,fic:5:side4,replaced_length_nearest_card,1,1,0,1,fic:5:target|fic:5:side3|fic:5:side4,fic:5:target|fic:5:side3|fic:5:side1,fic:5:side1,3,1,1,0,1,1,1,0,1,1,1,1,1,0,0,0,0,64,68,17,What is the highest rim point of the Veyrun Steps called?,Kroth Spire,Kroth Spire,1.0,1.0,1
fic:5|fic:5:A=side3:7f8918780adb|B=fic:5:side1,fic:5,fic:5:A=side3:7f8918780adb,fic:5:side3,fic:5:side1,llama,llama_sl_reopen,0,small,large,llama_small,llama_large,reopen,1,0,,,no intervention,1,1,0,1,fic:5:target|fic:5:side3|fic:5:side4,fic:5:side1|fic:5:target|fic:5:side4|fic:5:side5|fic:5:side2|fic:5:side3,fic:5:side1,3,1,1,0,1,1,1,0,1,1,1,1,1,0,0,0,0,64,118,17,What is the highest rim point of the Veyrun Steps called?,Kroth Spire,Kroth Spire,1.0,1.0,1
fic:5|fic:5:A=side3:7f8918780adb|B=fic:5:side1,fic:5,fic:5:A=side3:7f8918780adb,fic:5:side3,fic:5:side1,qwen,qwen_ss,1,small,small,qwen_small,qwen_small,sealed,0,0,,,no intervention,1,1,0,1,fic:5:side3|fic:5:target|fic:5:side2,fic:5:side3|fic:5:target|fic:5:side2,fic:5:target,3,1,1,0,0,0,1,0,0,0,1,1,1,0,0,0,0,73,73,37,What is the highest rim point of the Veyrun Steps called?,Kroth Spire,Serevin Mapping Hall,0.0,0.0,0
fic:5|fic:5:A=side3:7f8918780adb|B=fic:5:side1,fic:5,fic:5:A=side3:7f8918780adb,fic:5:side3,fic:5:side1,qwen,qwen_sl,1,small,large,qwen_small,qwen_large,sealed,0,0,,,no intervention,1,1,0,1,fic:5:side3|fic:5:target|fic:5:side2,fic:5:side3|fic:5:target|fic:5:side2,fic:5:target,3,1,1,0,0,0,1,0,0,0,1,1,1,0,0,0,0,73,73,37,What is the highest rim point of the Veyrun Steps called?,Kroth Spire,Serevin Mapping Hall,0.0,0.0,0
fic:5|fic:5:A=side3:7f8918780adb|B=fic:5:side1,fic:5,fic:5:A=side3:7f8918780adb,fic:5:side3,fic:5:side1,qwen,qwen_ls,1,large,small,qwen_large,qwen_small,sealed,0,0,,,no intervention,0,1,0,1,fic:5:side3|fic:5:side1|fic:5:target,fic:5:side3|fic:5:side1|fic:5:target,fic:5:side1,3,1,1,1,1,1,1,1,1,1,1,1,1,0,0,0,0,68,68,17,What is the highest rim point of the Veyrun Steps called?,Kroth Spire,Kroth Spire,1.0,1.0,1
fic:5|fic:5:A=side3:7f8918780adb|B=fic:5:side1,fic:5,fic:5:A=side3:7f8918780adb,fic:5:side3,fic:5:side1,qwen,qwen_ll,1,large,large,qwen_large,qwen_large,sealed,0,0,,,no intervention,0,1,0,1,fic:5:side3|fic:5:side1|fic:5:target,fic:5:side3|fic:5:side1|fic:5:target,fic:5:side1,3,1,1,1,1,1,1,1,1,1,1,1,1,0,0,0,0,68,68,17,What is the highest rim point of the Veyrun Steps called?,Kroth Spire,Kroth Spire,1.0,1.0,1
fic:5|fic:5:A=side3:7f8918780adb|B=fic:5:side1,fic:5,fic:5:A=side3:7f8918780adb,fic:5:side3,fic:5:side1,qwen,qwen_sl_sham,0,small,large,qwen_small,qwen_large,sham,0,1,fic:5:side5,fic:5:side2,replaced_with_length_nearest_non_support_card,1,1,0,1,fic:5:side3|fic:5:target|fic:5:side2,fic:5:side3|fic:5:target|fic:5:side5,,3,0,1,0,0,0,1,0,0,0,1,0,0,0,0,0,0,73,66,3,What is the highest rim point of the Veyrun Steps called?,Kroth Spire,,0.0,0.0,0
fic:5|fic:5:A=side3:7f8918780adb|B=fic:5:side1,fic:5,fic:5:A=side3:7f8918780adb,fic:5:side3,fic:5:side1,qwen,qwen_sl_restore,0,small,large,qwen_small,qwen_large,restore,0,1,fic:5:side1,fic:5:side2,replaced_length_nearest_card,1,1,0,1,fic:5:side3|fic:5:target|fic:5:side2,fic:5:side3|fic:5:target|fic:5:side1,fic:5:side1,3,1,1,0,1,1,1,0,1,1,1,1,1,0,0,0,0,73,68,17,What is the highest rim point of the Veyrun Steps called?,Kroth Spire,Kroth Spire,1.0,1.0,1
fic:5|fic:5:A=side3:7f8918780adb|B=fic:5:side1,fic:5,fic:5:A=side3:7f8918780adb,fic:5:side3,fic:5:side1,qwen,qwen_sl_reopen,0,small,large,qwen_small,qwen_large,reopen,1,0,,,no intervention,1,1,0,1,fic:5:side3|fic:5:target|fic:5:side2,fic:5:side1|fic:5:target|fic:5:side4|fic:5:side5|fic:5:side2|fic:5:side3,fic:5:side1,3,1,1,0,1,1,1,0,1,1,1,1,1,0,0,0,0,73,118,17,What is the highest rim point of the Veyrun Steps called?,Kroth Spire,Kroth Spire,1.0,1.0,1
fic:5|fic:5:A=side2:66bec0159ce6|B=fic:5:side3,fic:5,fic:5:A=side2:66bec0159ce6,fic:5:side2,fic:5:side3,llama,llama_ss,1,small,small,llama_small,llama_small,sealed,0,0,,,no intervention,1,1,0,1,fic:5:side2|fic:5:target|fic:5:side4,fic:5:side2|fic:5:target|fic:5:side4,fic:5:side4,3,1,1,0,0,0,1,0,0,0,1,1,1,0,0,0,0,72,72,13,What is the name of the most extensive cave system?,Talq Underreach,Kethra Reserve,0.0,0.0,0
fic:5|fic:5:A=side2:66bec0159ce6|B=fic:5:side3,fic:5,fic:5:A=side2:66bec0159ce6,fic:5:side2,fic:5:side3,llama,llama_sl,1,small,large,llama_small,llama_large,sealed,0,0,,,no intervention,1,1,0,1,fic:5:side2|fic:5:target|fic:5:side4,fic:5:side2|fic:5:target|fic:5:side4,fic:5:target,3,1,1,0,0,0,1,0,0,0,1,1,1,0,0,0,0,72,72,37,What is the name of the most extensive cave system?,Talq Underreach,The material provided does not specify the name of the most extensive cave system,0.0,0.0,0
fic:5|fic:5:A=side2:66bec0159ce6|B=fic:5:side3,fic:5,fic:5:A=side2:66bec0159ce6,fic:5:side2,fic:5:side3,llama,llama_ls,1,large,small,llama_large,llama_small,sealed,0,0,,,no intervention,1,1,0,1,fic:5:side2|fic:5:side1|fic:5:target,fic:5:side2|fic:5:side1|fic:5:target,fic:5:target,3,1,1,0,0,0,1,0,0,0,1,1,1,0,0,0,0,76,76,37,What is the name of the most extensive cave system?,Talq Underreach,The material provided does not specify the name of the most extensive cave system,0.0,0.0,0
fic:5|fic:5:A=side2:66bec0159ce6|B=fic:5:side3,fic:5,fic:5:A=side2:66bec0159ce6,fic:5:side2,fic:5:side3,llama,llama_ll,1,large,large,llama_large,llama_large,sealed,0,0,,,no intervention,1,1,0,1,fic:5:side2|fic:5:side1|fic:5:target,fic:5:side2|fic:5:side1|fic:5:target,fic:5:side1,3,1,1,0,0,0,1,0,0,0,1,1,1,0,0,0,0,76,76,17,What is the name of the most extensive cave system?,Talq Underreach,Veyrun Steps,0.0,0.0,0
fic:5|fic:5:A=side2:66bec0159ce6|B=fic:5:side3,fic:5,fic:5:A=side2:66bec0159ce6,fic:5:side2,fic:5:side3,llama,llama_sl_sham,0,small,large,llama_small,llama_large,sham,0,1,fic:5:side5,fic:5:side4,replaced_with_length_nearest_non_support_card,1,1,0,1,fic:5:side2|fic:5:target|fic:5:side4,fic:5:side2|fic:5:target|fic:5:side5,fic:5:target,3,1,1,0,0,0,1,0,0,0,1,1,1,0,0,0,0,72,74,37,What is the name of the most extensive cave system?,Talq Underreach,The material provided does not specify the name of the most extensive cave system,0.0,0.0,0
fic:5|fic:5:A=side2:66bec0159ce6|B=fic:5:side3,fic:5,fic:5:A=side2:66bec0159ce6,fic:5:side2,fic:5:side3,llama,llama_sl_restore,0,small,large,llama_small,llama_large,restore,0,1,fic:5:side3,fic:5:side4,replaced_length_nearest_card,1,1,0,1,fic:5:side2|fic:5:target|fic:5:side4,fic:5:side2|fic:5:target|fic:5:side3,fic:5:side3,3,1,1,0,1,1,1,0,1,1,1,1,1,0,0,0,0,72,73,14,What is the name of the most extensive cave system?,Talq Underreach,Talq Underreach,1.0,1.0,1
fic:5|fic:5:A=side2:66bec0159ce6|B=fic:5:side3,fic:5,fic:5:A=side2:66bec0159ce6,fic:5:side2,fic:5:side3,llama,llama_sl_reopen,0,small,large,llama_small,llama_large,reopen,1,0,,,no intervention,1,1,0,1,fic:5:side2|fic:5:target|fic:5:side4,fic:5:side1|fic:5:target|fic:5:side4|fic:5:side5|fic:5:side2|fic:5:side3,fic:5:side3,3,1,1,0,1,1,1,0,1,1,1,1,1,0,0,0,0,72,118,14,What is the name of the most extensive cave system?,Talq Underreach,Talq Underreach,1.0,1.0,1
fic:5|fic:5:A=side2:66bec0159ce6|B=fic:5:side3,fic:5,fic:5:A=side2:66bec0159ce6,fic:5:side2,fic:5:side3,qwen,qwen_ss,1,small,small,qwen_small,qwen_small,sealed,0,0,,,no intervention,1,1,0,1,fic:5:side2|fic:5:target|fic:5:side1,fic:5:side2|fic:5:target|fic:5:side1,fic:5:side1,3,1,1,0,0,0,1,0,0,0,1,1,1,0,0,0,0,76,76,17,What is the name of the most extensive cave system?,Talq Underreach,Veyrun Steps,0.0,0.0,0
fic:5|fic:5:A=side2:66bec0159ce6|B=fic:5:side3,fic:5,fic:5:A=side2:66bec0159ce6,fic:5:side2,fic:5:side3,qwen,qwen_sl,1,small,large,qwen_small,qwen_large,sealed,0,0,,,no intervention,1,1,0,1,fic:5:side2|fic:5:target|fic:5:side1,fic:5:side2|fic:5:target|fic:5:side1,,3,0,1,0,0,0,1,0,0,0,1,0,0,0,0,0,0,76,76,3,What is the name of the most extensive cave system?,Talq Underreach,,0.0,0.0,0
fic:5|fic:5:A=side2:66bec0159ce6|B=fic:5:side3,fic:5,fic:5:A=side2:66bec0159ce6,fic:5:side2,fic:5:side3,qwen,qwen_ls,1,large,small,qwen_large,qwen_small,sealed,0,0,,,no intervention,0,1,0,1,fic:5:side2|fic:5:side3|fic:5:side5,fic:5:side2|fic:5:side3|fic:5:side5,fic:5:side3,3,1,1,1,1,1,1,1,1,1,1,1,1,0,0,0,0,51,51,14,What is the name of the most extensive cave system?,Talq Underreach,Talq Underreach,1.0,1.0,1
fic:5|fic:5:A=side2:66bec0159ce6|B=fic:5:side3,fic:5,fic:5:A=side2:66bec0159ce6,fic:5:side2,fic:5:side3,qwen,qwen_ll,1,large,large,qwen_large,qwen_large,sealed,0,0,,,no intervention,0,1,0,1,fic:5:side2|fic:5:side3|fic:5:side5,fic:5:side2|fic:5:side3|fic:5:side5,fic:5:side3,3,1,1,1,1,1,1,1,1,1,1,1,1,0,0,0,0,51,51,14,What is the name of the most extensive cave system?,Talq Underreach,Talq Underreach,1.0,1.0,1
fic:5|fic:5:A=side2:66bec0159ce6|B=fic:5:side3,fic:5,fic:5:A=side2:66bec0159ce6,fic:5:side2,fic:5:side3,qwen,qwen_sl_sham,0,small,large,qwen_small,qwen_large,sham,0,1,fic:5:side5,fic:5:side1,replaced_with_length_nearest_non_support_card,1,1,0,1,fic:5:side2|fic:5:target|fic:5:side1,fic:5:side2|fic:5:target|fic:5:side5,fic:5:target,3,1,1,0,0,0,1,0,0,0,1,1,1,0,0,0,0,76,74,37,What is the name of the most extensive cave system?,Talq Underreach,The material provided does not specify the name of the most extensive cave system,0.0,0.0,0
fic:5|fic:5:A=side2:66bec0159ce6|B=fic:5:side3,fic:5,fic:5:A=side2:66bec0159ce6,fic:5:side2,fic:5:side3,qwen,qwen_sl_restore,0,small,large,qwen_small,qwen_large,restore,0,1,fic:5:side3,fic:5:side1,replaced_length_nearest_card,1,1,0,1,fic:5:side2|fic:5:target|fic:5:side1,fic:5:side2|fic:5:target|fic:5:side3,fic:5:side3,3,1,1,0,1,1,1,0,1,1,1,1,1,0,0,0,0,76,73,14,What is the name of the most extensive cave system?,Talq Underreach,Talq Underreach,1.0,1.0,1
fic:5|fic:5:A=side2:66bec0159ce6|B=fic:5:side3,fic:5,fic:5:A=side2:66bec0159ce6,fic:5:side2,fic:5:side3,qwen,qwen_sl_reopen,0,small,large,qwen_small,qwen_large,reopen,1,0,,,no intervention,1,1,0,1,fic:5:side2|fic:5:target|fic:5:side1,fic:5:side1|fic:5:target|fic:5:side4|fic:5:side5|fic:5:side2|fic:5:side3,fic:5:side3,3,1,1,0,1,1,1,0,1,1,1,1,1,0,0,0,0,76,118,14,What is the name of the most extensive cave system?,Talq Underreach,Talq Underreach,1.0,1.0,1
fic:5|fic:5:A=target:5e3f61979f77|B=fic:5:side4,fic:5,fic:5:A=target:5e3f61979f77,fic:5:target,fic:5:side4,llama,llama_ss,1,small,small,llama_small,llama_small,sealed,0,0,,,no intervention,0,1,0,1,fic:5:side1|fic:5:target|fic:5:side4,fic:5:side1|fic:5:target|fic:5:side4,fic:5:side4,3,1,1,1,1,1,1,1,1,1,1,1,1,0,0,0,0,67,67,13,How large is the area covered by Kethra Reserve?,640 km²,640 km²,1.0,1.0,1
fic:5|fic:5:A=target:5e3f61979f77|B=fic:5:side4,fic:5,fic:5:A=target:5e3f61979f77,fic:5:target,fic:5:side4,llama,llama_sl,1,small,large,llama_small,llama_large,sealed,0,0,,,no intervention,0,1,0,1,fic:5:side1|fic:5:target|fic:5:side4,fic:5:side1|fic:5:target|fic:5:side4,fic:5:side4,3,1,1,1,1,1,1,1,1,1,1,1,1,0,0,0,0,67,67,13,How large is the area covered by Kethra Reserve?,640 km²,640 km²,1.0,1.0,1
fic:5|fic:5:A=target:5e3f61979f77|B=fic:5:side4,fic:5,fic:5:A=target:5e3f61979f77,fic:5:target,fic:5:side4,llama,llama_ls,1,large,small,llama_large,llama_small,sealed,0,0,,,no intervention,1,1,0,1,fic:5:side1|fic:5:target|fic:5:side3,fic:5:side1|fic:5:target|fic:5:side3,fic:5:target,3,1,1,0,0,0,1,0,0,0,1,1,1,0,0,0,0,68,68,37,How large is the area covered by Kethra Reserve?,640 km²,Insufficient material,0.0,0.0,0
fic:5|fic:5:A=target:5e3f61979f77|B=fic:5:side4,fic:5,fic:5:A=target:5e3f61979f77,fic:5:target,fic:5:side4,llama,llama_ll,1,large,large,llama_large,llama_large,sealed,0,0,,,no intervention,1,1,0,1,fic:5:side1|fic:5:target|fic:5:side3,fic:5:side1|fic:5:target|fic:5:side3,fic:5:side1,3,1,1,0,0,0,1,0,0,0,1,1,1,0,0,0,0,68,68,17,How large is the area covered by Kethra Reserve?,640 km²,Insufficient material,0.0,0.0,0
fic:5|fic:5:A=target:5e3f61979f77|B=fic:5:side4,fic:5,fic:5:A=target:5e3f61979f77,fic:5:target,fic:5:side4,llama,llama_sl_sham,0,small,large,llama_small,llama_large,sham,0,0,,,"restore was ineligible, so matched sham is a no-op",0,1,0,1,fic:5:side1|fic:5:target|fic:5:side4,fic:5:side1|fic:5:target|fic:5:side4,fic:5:side4,3,1,1,1,1,1,1,1,1,1,1,1,1,0,0,0,0,67,67,13,How large is the area covered by Kethra Reserve?,640 km²,640 km²,1.0,1.0,1
fic:5|fic:5:A=target:5e3f61979f77|B=fic:5:side4,fic:5,fic:5:A=target:5e3f61979f77,fic:5:target,fic:5:side4,llama,llama_sl_restore,0,small,large,llama_small,llama_large,restore,0,0,,,support_already_present,0,1,0,1,fic:5:side1|fic:5:target|fic:5:side4,fic:5:side1|fic:5:target|fic:5:side4,fic:5:side4,3,1,1,1,1,1,1,1,1,1,1,1,1,0,0,0,0,67,67,13,How large is the area covered by Kethra Reserve?,640 km²,640 km²,1.0,1.0,1
fic:5|fic:5:A=target:5e3f61979f77|B=fic:5:side4,fic:5,fic:5:A=target:5e3f61979f77,fic:5:target,fic:5:side4,llama,llama_sl_reopen,0,small,large,llama_small,llama_large,reopen,1,0,,,no intervention,0,1,0,1,fic:5:side1|fic:5:target|fic:5:side4,fic:5:side1|fic:5:target|fic:5:side4|fic:5:side5|fic:5:side2|fic:5:side3,fic:5:side4,3,1,1,1,1,1,1,1,1,1,1,1,1,0,0,0,0,67,118,13,How large is the area covered by Kethra Reserve?,640 km²,640 km²,1.0,1.0,1
fic:5|fic:5:A=target:5e3f61979f77|B=fic:5:side4,fic:5,fic:5:A=target:5e3f61979f77,fic:5:target,fic:5:side4,qwen,qwen_ss,1,small,small,qwen_small,qwen_small,sealed,0,0,,,no intervention,1,1,0,1,fic:5:target|fic:5:side1|fic:5:side3,fic:5:target|fic:5:side1|fic:5:side3,fic:5:side1,3,1,1,0,0,0,1,0,0,0,1,1,1,0,0,0,0,68,68,17,How large is the area covered by Kethra Reserve?,640 km²,Insufficient material,0.0,0.0,0
fic:5|fic:5:A=target:5e3f61979f77|B=fic:5:side4,fic:5,fic:5:A=target:5e3f61979f77,fic:5:target,fic:5:side4,qwen,qwen_sl,1,small,large,qwen_small,qwen_large,sealed,0,0,,,no intervention,1,1,0,1,fic:5:target|fic:5:side1|fic:5:side3,fic:5:target|fic:5:side1|fic:5:side3,,3,0,1,0,0,0,1,0,0,0,1,0,0,0,0,0,0,68,68,3,How large is the area covered by Kethra Reserve?,640 km²,,0.0,0.0,0
fic:5|fic:5:A=target:5e3f61979f77|B=fic:5:side4,fic:5,fic:5:A=target:5e3f61979f77,fic:5:target,fic:5:side4,qwen,qwen_ls,1,large,small,qwen_large,qwen_small,sealed,0,0,,,no intervention,1,1,0,1,fic:5:target|fic:5:side1|fic:5:side3,fic:5:target|fic:5:side1|fic:5:side3,fic:5:side1,3,1,1,0,0,0,1,0,0,0,1,1,1,0,0,0,0,68,68,17,How large is the area covered by Kethra Reserve?,640 km²,Insufficient material,0.0,0.0,0
fic:5|fic:5:A=target:5e3f61979f77|B=fic:5:side4,fic:5,fic:5:A=target:5e3f61979f77,fic:5:target,fic:5:side4,qwen,qwen_ll,1,large,large,qwen_large,qwen_large,sealed,0,0,,,no intervention,1,1,0,1,fic:5:target|fic:5:side1|fic:5:side3,fic:5:target|fic:5:side1|fic:5:side3,,3,0,1,0,0,0,1,0,0,0,1,0,0,0,0,0,0,68,68,3,How large is the area covered by Kethra Reserve?,640 km²,,0.0,0.0,0
fic:5|fic:5:A=target:5e3f61979f77|B=fic:5:side4,fic:5,fic:5:A=target:5e3f61979f77,fic:5:target,fic:5:side4,qwen,qwen_sl_sham,0,small,large,qwen_small,qwen_large,sham,0,1,fic:5:side5,fic:5:side3,replaced_with_length_nearest_non_support_card,1,1,0,1,fic:5:target|fic:5:side1|fic:5:side3,fic:5:target|fic:5:side1|fic:5:side5,,3,0,1,0,0,0,1,0,0,0,1,0,0,0,0,0,0,68,69,3,How large is the area covered by Kethra Reserve?,640 km²,,0.0,0.0,0
fic:5|fic:5:A=target:5e3f61979f77|B=fic:5:side4,fic:5,fic:5:A=target:5e3f61979f77,fic:5:target,fic:5:side4,qwen,qwen_sl_restore,0,small,large,qwen_small,qwen_large,restore,0,1,fic:5:side4,fic:5:side3,replaced_length_nearest_card,1,1,0,1,fic:5:target|fic:5:side1|fic:5:side3,fic:5:target|fic:5:side1|fic:5:side4,fic:5:side4,3,1,1,0,1,1,1,0,1,1,1,1,1,0,0,0,0,68,67,13,How large is the area covered by Kethra Reserve?,640 km²,640 km²,1.0,1.0,1
fic:5|fic:5:A=target:5e3f61979f77|B=fic:5:side4,fic:5,fic:5:A=target:5e3f61979f77,fic:5:target,fic:5:side4,qwen,qwen_sl_reopen,0,small,large,qwen_small,qwen_large,reopen,1,0,,,no intervention,1,1,0,1,fic:5:target|fic:5:side1|fic:5:side3,fic:5:side1|fic:5:target|fic:5:side4|fic:5:side5|fic:5:side2|fic:5:side3,fic:5:side4,3,1,1,0,1,1,1,0,1,1,1,1,1,0,0,0,0,68,118,13,How large is the area covered by Kethra Reserve?,640 km²,640 km²,1.0,1.0,1
fic:5|fic:5:A=side5:9cd819efaac7|B=fic:5:side2,fic:5,fic:5:A=side5:9cd819efaac7,fic:5:side5,fic:5:side2,llama,llama_ss,1,small,small,llama_small,llama_small,sealed,0,0,,,no intervention,1,1,0,1,fic:5:side5|fic:5:target|fic:5:side3,fic:5:side5|fic:5:target|fic:5:side3,fic:5:target,3,1,1,0,0,0,1,0,0,0,1,1,1,0,0,0,0,66,66,37,To what date is the upper plateau basalt dated by the Irvon Petrology House?,7.8 million years before present,684 V.E,0.0,0.0,0
fic:5|fic:5:A=side5:9cd819efaac7|B=fic:5:side2,fic:5,fic:5:A=side5:9cd819efaac7,fic:5:side5,fic:5:side2,llama,llama_sl,1,small,large,llama_small,llama_large,sealed,0,0,,,no intervention,1,1,0,1,fic:5:side5|fic:5:target|fic:5:side3,fic:5:side5|fic:5:target|fic:5:side3,fic:5:target,3,1,1,0,0,0,1,0,0,0,1,1,1,0,0,0,0,66,66,37,To what date is the upper plateau basalt dated by the Irvon Petrology House?,7.8 million years before present,684 V.E,0.0,0.0,0
fic:5|fic:5:A=side5:9cd819efaac7|B=fic:5:side2,fic:5,fic:5:A=side5:9cd819efaac7,fic:5:side5,fic:5:side2,llama,llama_ls,1,large,small,llama_large,llama_small,sealed,0,0,,,no intervention,1,1,0,1,fic:5:side5|fic:5:side1|fic:5:side4,fic:5:side5|fic:5:side1|fic:5:side4,fic:5:side4,3,1,1,0,0,0,1,0,0,0,1,1,1,0,0,0,0,45,45,13,To what date is the upper plateau basalt dated by the Irvon Petrology House?,7.8 million years before present,Insufficient material,0.0,0.0,0
fic:5|fic:5:A=side5:9cd819efaac7|B=fic:5:side2,fic:5,fic:5:A=side5:9cd819efaac7,fic:5:side5,fic:5:side2,llama,llama_ll,1,large,large,llama_large,llama_large,sealed,0,0,,,no intervention,1,1,0,1,fic:5:side5|fic:5:side1|fic:5:side4,fic:5:side5|fic:5:side1|fic:5:side4,fic:5:side1,3,1,1,0,0,0,1,0,0,0,1,1,1,0,0,0,0,45,45,17,To what date is the upper plateau basalt dated by the Irvon Petrology House?,7.8 million years before present,No date provided,0.0,0.0,0
fic:5|fic:5:A=side5:9cd819efaac7|B=fic:5:side2,fic:5,fic:5:A=side5:9cd819efaac7,fic:5:side5,fic:5:side2,llama,llama_sl_sham,0,small,large,llama_small,llama_large,sham,0,1,fic:5:side4,fic:5:side3,replaced_with_length_nearest_non_support_card,1,1,0,1,fic:5:side5|fic:5:target|fic:5:side3,fic:5:side5|fic:5:target|fic:5:side4,fic:5:target,3,1,1,0,0,0,1,0,0,0,1,1,1,0,0,0,0,66,65,37,To what date is the upper plateau basalt dated by the Irvon Petrology House?,7.8 million years before present,684 V.E,0.0,0.0,0
fic:5|fic:5:A=side5:9cd819efaac7|B=fic:5:side2,fic:5,fic:5:A=side5:9cd819efaac7,fic:5:side5,fic:5:side2,llama,llama_sl_restore,0,small,large,llama_small,llama_large,restore,0,1,fic:5:side2,fic:5:side3,replaced_length_nearest_card,1,1,0,1,fic:5:side5|fic:5:target|fic:5:side3,fic:5:side5|fic:5:target|fic:5:side2,fic:5:side2,3,1,1,0,1,1,1,0,1,1,1,1,1,0,0,0,0,66,74,22,To what date is the upper plateau basalt dated by the Irvon Petrology House?,7.8 million years before present,7.8 million years before present,1.0,1.0,1
fic:5|fic:5:A=side5:9cd819efaac7|B=fic:5:side2,fic:5,fic:5:A=side5:9cd819efaac7,fic:5:side5,fic:5:side2,llama,llama_sl_reopen,0,small,large,llama_small,llama_large,reopen,1,0,,,no intervention,1,1,0,1,fic:5:side5|fic:5:target|fic:5:side3,fic:5:side1|fic:5:target|fic:5:side4|fic:5:side5|fic:5:side2|fic:5:side3,fic:5:side2,3,1,1,0,1,1,1,0,1,1,1,1,1,0,0,0,0,66,118,22,To what date is the upper plateau basalt dated by the Irvon Petrology House?,7.8 million years before present,7.8 million years before present,1.0,1.0,1
fic:5|fic:5:A=side5:9cd819efaac7|B=fic:5:side2,fic:5,fic:5:A=side5:9cd819efaac7,fic:5:side5,fic:5:side2,qwen,qwen_ss,1,small,small,qwen_small,qwen_small,sealed,0,0,,,no intervention,1,1,0,1,fic:5:side5|fic:5:side1|fic:5:target,fic:5:side5|fic:5:side1|fic:5:target,fic:5:target,3,1,1,0,0,0,1,0,0,0,1,1,1,0,0,0,0,69,69,37,To what date is the upper plateau basalt dated by the Irvon Petrology House?,7.8 million years before present,684 V.E,0.0,0.0,0
fic:5|fic:5:A=side5:9cd819efaac7|B=fic:5:side2,fic:5,fic:5:A=side5:9cd819efaac7,fic:5:side5,fic:5:side2,qwen,qwen_sl,1,small,large,qwen_small,qwen_large,sealed,0,0,,,no intervention,1,1,0,1,fic:5:side5|fic:5:side1|fic:5:target,fic:5:side5|fic:5:side1|fic:5:target,,3,0,1,0,0,0,1,0,0,0,1,0,0,0,0,0,0,69,69,3,To what date is the upper plateau basalt dated by the Irvon Petrology House?,7.8 million years before present,,0.0,0.0,0
fic:5|fic:5:A=side5:9cd819efaac7|B=fic:5:side2,fic:5,fic:5:A=side5:9cd819efaac7,fic:5:side5,fic:5:side2,qwen,qwen_ls,1,large,small,qwen_large,qwen_small,sealed,0,0,,,no intervention,1,1,0,1,fic:5:side5|fic:5:side4|fic:5:side3,fic:5:side5|fic:5:side4|fic:5:side3,fic:5:side4,3,1,1,0,0,0,1,0,0,0,1,1,1,0,0,0,0,42,42,13,To what date is the upper plateau basalt dated by the Irvon Petrology House?,7.8 million years before present,Insufficient material,0.0,0.0,0
fic:5|fic:5:A=side5:9cd819efaac7|B=fic:5:side2,fic:5,fic:5:A=side5:9cd819efaac7,fic:5:side5,fic:5:side2,qwen,qwen_ll,1,large,large,qwen_large,qwen_large,sealed,0,0,,,no intervention,1,1,0,1,fic:5:side5|fic:5:side4|fic:5:side3,fic:5:side5|fic:5:side4|fic:5:side3,,3,0,1,0,0,0,1,0,0,0,1,0,0,0,0,0,0,42,42,3,To what date is the upper plateau basalt dated by the Irvon Petrology House?,7.8 million years before present,,0.0,0.0,0
fic:5|fic:5:A=side5:9cd819efaac7|B=fic:5:side2,fic:5,fic:5:A=side5:9cd819efaac7,fic:5:side5,fic:5:side2,qwen,qwen_sl_sham,0,small,large,qwen_small,qwen_large,sham,0,1,fic:5:side3,fic:5:side1,replaced_with_length_nearest_non_support_card,1,1,0,1,fic:5:side5|fic:5:side1|fic:5:target,fic:5:side5|fic:5:side3|fic:5:target,,3,0,1,0,0,0,1,0,0,0,1,0,0,0,0,0,0,69,66,3,To what date is the upper plateau basalt dated by the Irvon Petrology House?,7.8 million years before present,,0.0,0.0,0
fic:5|fic:5:A=side5:9cd819efaac7|B=fic:5:side2,fic:5,fic:5:A=side5:9cd819efaac7,fic:5:side5,fic:5:side2,qwen,qwen_sl_restore,0,small,large,qwen_small,qwen_large,restore,0,1,fic:5:side2,fic:5:side1,replaced_length_nearest_card,1,1,0,1,fic:5:side5|fic:5:side1|fic:5:target,fic:5:side5|fic:5:side2|fic:5:target,fic:5:side2,3,1,1,0,1,1,1,0,1,1,1,1,1,0,0,0,0,69,74,22,To what date is the upper plateau basalt dated by the Irvon Petrology House?,7.8 million years before present,7.8 million years before present,1.0,1.0,1
fic:5|fic:5:A=side5:9cd819efaac7|B=fic:5:side2,fic:5,fic:5:A=side5:9cd819efaac7,fic:5:side5,fic:5:side2,qwen,qwen_sl_reopen,0,small,large,qwen_small,qwen_large,reopen,1,0,,,no intervention,1,1,0,1,fic:5:side5|fic:5:side1|fic:5:target,fic:5:side1|fic:5:target|fic:5:side4|fic:5:side5|fic:5:side2|fic:5:side3,fic:5:side2,3,1,1,0,1,1,1,0,1,1,1,1,1,0,0,0,0,69,118,22,To what date is the upper plateau basalt dated by the Irvon Petrology House?,7.8 million years before present,7.8 million years before present,1.0,1.0,1
fic:6|fic:6:A=side5:0704f8107daf|B=fic:6:side2,fic:6,fic:6:A=side5:0704f8107daf,fic:6:side5,fic:6:side2,llama,llama_ss,1,small,small,llama_small,llama_small,sealed,0,0,,,no intervention,0,1,0,1,fic:6:side5|fic:6:target|fic:6:side2,fic:6:side5|fic:6:target|fic:6:side2,fic:6:side2,3,1,1,1,1,1,1,1,1,1,1,1,1,0,0,0,0,63,63,18,Where was the countinghouse where the nine wirewrights convened?,Lantern Quay,Lantern Quay,1.0,1.0,1
fic:6|fic:6:A=side5:0704f8107daf|B=fic:6:side2,fic:6,fic:6:A=side5:0704f8107daf,fic:6:side5,fic:6:side2,llama,llama_sl,1,small,large,llama_small,llama_large,sealed,0,0,,,no intervention,0,1,0,1,fic:6:side5|fic:6:target|fic:6:side2,fic:6:side5|fic:6:target|fic:6:side2,fic:6:side2,3,1,1,1,1,1,1,1,1,1,1,1,1,0,0,0,0,63,63,18,Where was the countinghouse where the nine wirewrights convened?,Lantern Quay,Lantern Quay,1.0,1.0,1
fic:6|fic:6:A=side5:0704f8107daf|B=fic:6:side2,fic:6,fic:6:A=side5:0704f8107daf,fic:6:side5,fic:6:side2,llama,llama_ls,1,large,small,llama_large,llama_small,sealed,0,0,,,no intervention,0,1,0,1,fic:6:side5|fic:6:side2|fic:6:target,fic:6:side5|fic:6:side2|fic:6:target,fic:6:side2,3,1,1,1,1,1,1,1,1,1,1,1,1,0,0,0,0,63,63,18,Where was the countinghouse where the nine wirewrights convened?,Lantern Quay,Lantern Quay,1.0,1.0,1
fic:6|fic:6:A=side5:0704f8107daf|B=fic:6:side2,fic:6,fic:6:A=side5:0704f8107daf,fic:6:side5,fic:6:side2,llama,llama_ll,1,large,large,llama_large,llama_large,sealed,0,0,,,no intervention,0,1,0,1,fic:6:side5|fic:6:side2|fic:6:target,fic:6:side5|fic:6:side2|fic:6:target,fic:6:side2,3,1,1,1,1,1,1,1,1,1,1,1,1,0,0,0,0,63,63,18,Where was the countinghouse where the nine wirewrights convened?,Lantern Quay,Lantern Quay,1.0,1.0,1
fic:6|fic:6:A=side5:0704f8107daf|B=fic:6:side2,fic:6,fic:6:A=side5:0704f8107daf,fic:6:side5,fic:6:side2,llama,llama_sl_sham,0,small,large,llama_small,llama_large,sham,0,0,,,"restore was ineligible, so matched sham is a no-op",0,1,0,1,fic:6:side5|fic:6:target|fic:6:side2,fic:6:side5|fic:6:target|fic:6:side2,fic:6:side2,3,1,1,1,1,1,1,1,1,1,1,1,1,0,0,0,0,63,63,18,Where was the countinghouse where the nine wirewrights convened?,Lantern Quay,Lantern Quay,1.0,1.0,1
fic:6|fic:6:A=side5:0704f8107daf|B=fic:6:side2,fic:6,fic:6:A=side5:0704f8107daf,fic:6:side5,fic:6:side2,llama,llama_sl_restore,0,small,large,llama_small,llama_large,restore,0,0,,,support_already_present,0,1,0,1,fic:6:side5|fic:6:target|fic:6:side2,fic:6:side5|fic:6:target|fic:6:side2,fic:6:side2,3,1,1,1,1,1,1,1,1,1,1,1,1,0,0,0,0,63,63,18,Where was the countinghouse where the nine wirewrights convened?,Lantern Quay,Lantern Quay,1.0,1.0,1
fic:6|fic:6:A=side5:0704f8107daf|B=fic:6:side2,fic:6,fic:6:A=side5:0704f8107daf,fic:6:side5,fic:6:side2,llama,llama_sl_reopen,0,small,large,llama_small,llama_large,reopen,1,0,,,no intervention,0,1,0,1,fic:6:side5|fic:6:target|fic:6:side2,fic:6:side5|fic:6:side2|fic:6:side4|fic:6:side1|fic:6:target|fic:6:side3,fic:6:side2,3,1,1,1,1,1,1,1,1,1,1,1,1,0,0,0,0,63,110,18,Where was the countinghouse where the nine wirewrights convened?,Lantern Quay,Lantern Quay,1.0,1.0,1
fic:6|fic:6:A=side5:0704f8107daf|B=fic:6:side2,fic:6,fic:6:A=side5:0704f8107daf,fic:6:side5,fic:6:side2,qwen,qwen_ss,1,small,small,qwen_small,qwen_small,sealed,0,0,,,no intervention,0,1,0,1,fic:6:side5|fic:6:side2|fic:6:target,fic:6:side5|fic:6:side2|fic:6:target,fic:6:side2,3,1,1,1,1,1,1,1,1,1,1,1,1,0,0,0,0,63,63,18,Where was the countinghouse where the nine wirewrights convened?,Lantern Quay,Lantern Quay,1.0,1.0,1
fic:6|fic:6:A=side5:0704f8107daf|B=fic:6:side2,fic:6,fic:6:A=side5:0704f8107daf,fic:6:side5,fic:6:side2,qwen,qwen_sl,1,small,large,qwen_small,qwen_large,sealed,0,0,,,no intervention,0,1,0,1,fic:6:side5|fic:6:side2|fic:6:target,fic:6:side5|fic:6:side2|fic:6:target,fic:6:side2,3,1,1,1,1,1,1,1,1,1,1,1,1,0,0,0,0,63,63,18,Where was the countinghouse where the nine wirewrights convened?,Lantern Quay,Lantern Quay,1.0,1.0,1
fic:6|fic:6:A=side5:0704f8107daf|B=fic:6:side2,fic:6,fic:6:A=side5:0704f8107daf,fic:6:side5,fic:6:side2,qwen,qwen_ls,1,large,small,qwen_large,qwen_small,sealed,0,0,,,no intervention,0,1,0,1,fic:6:side5|fic:6:target|fic:6:side4,fic:6:side5|fic:6:target|fic:6:side4,fic:6:target,3,1,1,0,0,0,1,1,1,1,1,1,1,0,0,0,0,56,56,29,Where was the countinghouse where the nine wirewrights convened?,Lantern Quay,Lantern Quay,1.0,1.0,1
fic:6|fic:6:A=side5:0704f8107daf|B=fic:6:side2,fic:6,fic:6:A=side5:0704f8107daf,fic:6:side5,fic:6:side2,qwen,qwen_ll,1,large,large,qwen_large,qwen_large,sealed,0,0,,,no intervention,0,1,0,1,fic:6:side5|fic:6:target|fic:6:side4,fic:6:side5|fic:6:target|fic:6:side4,fic:6:target,3,1,1,0,0,0,1,1,1,1,1,1,1,0,0,0,0,56,56,29,Where was the countinghouse where the nine wirewrights convened?,Lantern Quay,Lantern Quay,1.0,1.0,1
fic:6|fic:6:A=side5:0704f8107daf|B=fic:6:side2,fic:6,fic:6:A=side5:0704f8107daf,fic:6:side5,fic:6:side2,qwen,qwen_sl_sham,0,small,large,qwen_small,qwen_large,sham,0,0,,,"restore was ineligible, so matched sham is a no-op",0,1,0,1,fic:6:side5|fic:6:side2|fic:6:target,fic:6:side5|fic:6:side2|fic:6:target,fic:6:side2,3,1,1,1,1,1,1,1,1,1,1,1,1,0,0,0,0,63,63,18,Where was the countinghouse where the nine wirewrights convened?,Lantern Quay,Lantern Quay,1.0,1.0,1
fic:6|fic:6:A=side5:0704f8107daf|B=fic:6:side2,fic:6,fic:6:A=side5:0704f8107daf,fic:6:side5,fic:6:side2,qwen,qwen_sl_restore,0,small,large,qwen_small,qwen_large,restore,0,0,,,support_already_present,0,1,0,1,fic:6:side5|fic:6:side2|fic:6:target,fic:6:side5|fic:6:side2|fic:6:target,fic:6:side2,3,1,1,1,1,1,1,1,1,1,1,1,1,0,0,0,0,63,63,18,Where was the countinghouse where the nine wirewrights convened?,Lantern Quay,Lantern Quay,1.0,1.0,1
fic:6|fic:6:A=side5:0704f8107daf|B=fic:6:side2,fic:6,fic:6:A=side5:0704f8107daf,fic:6:side5,fic:6:side2,qwen,qwen_sl_reopen,0,small,large,qwen_small,qwen_large,reopen,1,0,,,no intervention,0,1,0,1,fic:6:side5|fic:6:side2|fic:6:target,fic:6:side5|fic:6:side2|fic:6:side4|fic:6:side1|fic:6:target|fic:6:side3,fic:6:side2,3,1,1,1,1,1,1,1,1,1,1,1,1,0,0,0,0,63,110,18,Where was the countinghouse where the nine wirewrights convened?,Lantern Quay,Lantern Quay,1.0,1.0,1
fic:6|fic:6:A=side1:4578508412bd|B=fic:6:target,fic:6,fic:6:A=side1:4578508412bd,fic:6:side1,fic:6:target,llama,llama_ss,1,small,small,llama_small,llama_small,sealed,0,0,,,no intervention,0,1,0,1,fic:6:side1|fic:6:target|fic:6:side2,fic:6:side1|fic:6:target|fic:6:side2,fic:6:side2,3,1,1,1,1,0,1,1,1,0,1,1,1,0,0,0,0,66,66,18,Who founded the Telvaun Filigreewrights' Order?,Maelin Voss|Master Maelin Voss|Voss,Jendri Poll,0.0,0.0,0
fic:6|fic:6:A=side1:4578508412bd|B=fic:6:target,fic:6,fic:6:A=side1:4578508412bd,fic:6:side1,fic:6:target,llama,llama_sl,1,small,large,llama_small,llama_large,sealed,0,0,,,no intervention,0,1,0,1,fic:6:side1|fic:6:target|fic:6:side2,fic:6:side1|fic:6:target|fic:6:side2,fic:6:target,3,1,1,1,1,1,1,1,1,1,1,1,1,0,0,0,0,66,66,29,Who founded the Telvaun Filigreewrights' Order?,Maelin Voss|Master Maelin Voss|Voss,Master Maelin Voss,1.0,1.0,1
fic:6|fic:6:A=side1:4578508412bd|B=fic:6:target,fic:6,fic:6:A=side1:4578508412bd,fic:6:side1,fic:6:target,llama,llama_ls,1,large,small,llama_large,llama_small,sealed,0,0,,,no intervention,0,1,0,1,fic:6:side1|fic:6:target|fic:6:side3,fic:6:side1|fic:6:target|fic:6:side3,fic:6:target,3,1,1,1,1,1,1,1,1,1,1,1,1,0,0,0,0,65,65,29,Who founded the Telvaun Filigreewrights' Order?,Maelin Voss|Master Maelin Voss|Voss,Master Maelin Voss,1.0,1.0,1
fic:6|fic:6:A=side1:4578508412bd|B=fic:6:target,fic:6,fic:6:A=side1:4578508412bd,fic:6:side1,fic:6:target,llama,llama_ll,1,large,large,llama_large,llama_large,sealed,0,0,,,no intervention,0,1,0,1,fic:6:side1|fic:6:target|fic:6:side3,fic:6:side1|fic:6:target|fic:6:side3,fic:6:target,3,1,1,1,1,1,1,1,1,1,1,1,1,0,0,0,0,65,65,29,Who founded the Telvaun Filigreewrights' Order?,Maelin Voss|Master Maelin Voss|Voss,Master Maelin Voss,1.0,1.0,1
fic:6|fic:6:A=side1:4578508412bd|B=fic:6:target,fic:6,fic:6:A=side1:4578508412bd,fic:6:side1,fic:6:target,llama,llama_sl_sham,0,small,large,llama_small,llama_large,sham,0,0,,,"restore was ineligible, so matched sham is a no-op",0,1,0,1,fic:6:side1|fic:6:target|fic:6:side2,fic:6:side1|fic:6:target|fic:6:side2,fic:6:target,3,1,1,1,1,1,1,1,1,1,1,1,1,0,0,0,0,66,66,29,Who founded the Telvaun Filigreewrights' Order?,Maelin Voss|Master Maelin Voss|Voss,Master Maelin Voss,1.0,1.0,1
fic:6|fic:6:A=side1:4578508412bd|B=fic:6:target,fic:6,fic:6:A=side1:4578508412bd,fic:6:side1,fic:6:target,llama,llama_sl_restore,0,small,large,llama_small,llama_large,restore,0,0,,,support_already_present,0,1,0,1,fic:6:side1|fic:6:target|fic:6:side2,fic:6:side1|fic:6:target|fic:6:side2,fic:6:target,3,1,1,1,1,1,1,1,1,1,1,1,1,0,0,0,0,66,66,29,Who founded the Telvaun Filigreewrights' Order?,Maelin Voss|Master Maelin Voss|Voss,Master Maelin Voss,1.0,1.0,1
fic:6|fic:6:A=side1:4578508412bd|B=fic:6:target,fic:6,fic:6:A=side1:4578508412bd,fic:6:side1,fic:6:target,llama,llama_sl_reopen,0,small,large,llama_small,llama_large,reopen,1,0,,,no intervention,0,1,0,1,fic:6:side1|fic:6:target|fic:6:side2,fic:6:side5|fic:6:side2|fic:6:side4|fic:6:side1|fic:6:target|fic:6:side3,fic:6:target,3,1,1,1,1,1,1,1,1,1,1,1,1,0,0,0,0,66,110,29,Who founded the Telvaun Filigreewrights' Order?,Maelin Voss|Master Maelin Voss|Voss,Master Maelin Voss,1.0,1.0,1
fic:6|fic:6:A=side1:4578508412bd|B=fic:6:target,fic:6,fic:6:A=side1:4578508412bd,fic:6:side1,fic:6:target,qwen,qwen_ss,1,small,small,qwen_small,qwen_small,sealed,0,0,,,no intervention,0,1,0,1,fic:6:side1|fic:6:target|fic:6:side2,fic:6:side1|fic:6:target|fic:6:side2,fic:6:target,3,1,1,1,1,1,1,1,1,1,1,1,1,0,0,0,0,66,66,29,Who founded the Telvaun Filigreewrights' Order?,Maelin Voss|Master Maelin Voss|Voss,Master Maelin Voss,1.0,1.0,1
fic:6|fic:6:A=side1:4578508412bd|B=fic:6:target,fic:6,fic:6:A=side1:4578508412bd,fic:6:side1,fic:6:target,qwen,qwen_sl,1,small,large,qwen_small,qwen_large,sealed,0,0,,,no intervention,0,1,0,1,fic:6:side1|fic:6:target|fic:6:side2,fic:6:side1|fic:6:target|fic:6:side2,fic:6:target,3,1,1,1,1,1,1,1,1,1,1,1,1,0,0,0,0,66,66,29,Who founded the Telvaun Filigreewrights' Order?,Maelin Voss|Master Maelin Voss|Voss,Master Maelin Voss,1.0,1.0,1
fic:6|fic:6:A=side1:4578508412bd|B=fic:6:target,fic:6,fic:6:A=side1:4578508412bd,fic:6:side1,fic:6:target,qwen,qwen_ls,1,large,small,qwen_large,qwen_small,sealed,0,0,,,no intervention,0,1,0,1,fic:6:side1|fic:6:target|fic:6:side2,fic:6:side1|fic:6:target|fic:6:side2,fic:6:target,3,1,1,1,1,1,1,1,1,1,1,1,1,0,0,0,0,66,66,29,Who founded the Telvaun Filigreewrights' Order?,Maelin Voss|Master Maelin Voss|Voss,Master Maelin Voss,1.0,1.0,1
fic:6|fic:6:A=side1:4578508412bd|B=fic:6:target,fic:6,fic:6:A=side1:4578508412bd,fic:6:side1,fic:6:target,qwen,qwen_ll,1,large,large,qwen_large,qwen_large,sealed,0,0,,,no intervention,0,1,0,1,fic:6:side1|fic:6:target|fic:6:side2,fic:6:side1|fic:6:target|fic:6:side2,fic:6:target,3,1,1,1,1,1,1,1,1,1,1,1,1,0,0,0,0,66,66,29,Who founded the Telvaun Filigreewrights' Order?,Maelin Voss|Master Maelin Voss|Voss,Master Maelin Voss,1.0,1.0,1
fic:6|fic:6:A=side1:4578508412bd|B=fic:6:target,fic:6,fic:6:A=side1:4578508412bd,fic:6:side1,fic:6:target,qwen,qwen_sl_sham,0,small,large,qwen_small,qwen_large,sham,0,0,,,"restore was ineligible, so matched sham is a no-op",0,1,0,1,fic:6:side1|fic:6:target|fic:6:side2,fic:6:side1|fic:6:target|fic:6:side2,fic:6:target,3,1,1,1,1,1,1,1,1,1,1,1,1,0,0,0,0,66,66,29,Who founded the Telvaun Filigreewrights' Order?,Maelin Voss|Master Maelin Voss|Voss,Master Maelin Voss,1.0,1.0,1
fic:6|fic:6:A=side1:4578508412bd|B=fic:6:target,fic:6,fic:6:A=side1:4578508412bd,fic:6:side1,fic:6:target,qwen,qwen_sl_restore,0,small,large,qwen_small,qwen_large,restore,0,0,,,support_already_present,0,1,0,1,fic:6:side1|fic:6:target|fic:6:side2,fic:6:side1|fic:6:target|fic:6:side2,fic:6:target,3,1,1,1,1,1,1,1,1,1,1,1,1,0,0,0,0,66,66,29,Who founded the Telvaun Filigreewrights' Order?,Maelin Voss|Master Maelin Voss|Voss,Master Maelin Voss,1.0,1.0,1
fic:6|fic:6:A=side1:4578508412bd|B=fic:6:target,fic:6,fic:6:A=side1:4578508412bd,fic:6:side1,fic:6:target,qwen,qwen_sl_reopen,0,small,large,qwen_small,qwen_large,reopen,1,0,,,no intervention,0,1,0,1,fic:6:side1|fic:6:target|fic:6:side2,fic:6:side5|fic:6:side2|fic:6:side4|fic:6:side1|fic:6:target|fic:6:side3,fic:6:target,3,1,1,1,1,1,1,1,1,1,1,1,1,0,0,0,0,66,110,29,Who founded the Telvaun Filigreewrights' Order?,Maelin Voss|Master Maelin Voss|Voss,Master Maelin Voss,1.0,1.0,1
fic:6|fic:6:A=side4:6b4b2ec2aa2a|B=fic:6:side1,fic:6,fic:6:A=side4:6b4b2ec2aa2a,fic:6:side4,fic:6:side1,llama,llama_ss,1,small,small,llama_small,llama_small,sealed,0,0,,,no intervention,1,1,0,1,fic:6:side4|fic:6:target|fic:6:side2,fic:6:side4|fic:6:target|fic:6:side2,fic:6:side4,3,1,1,0,0,0,1,0,0,0,1,1,1,0,0,0,0,58,58,11,In what year of the Tide-Reckoning was the motif first impressed on goods?,323 of the Tide-Reckoning,Insufficient material,0.0,0.0,0
fic:6|fic:6:A=side4:6b4b2ec2aa2a|B=fic:6:side1,fic:6,fic:6:A=side4:6b4b2ec2aa2a,fic:6:side4,fic:6:side1,llama,llama_sl,1,small,large,llama_small,llama_large,sealed,0,0,,,no intervention,1,1,0,1,fic:6:side4|fic:6:target|fic:6:side2,fic:6:side4|fic:6:target|fic:6:side2,fic:6:target,3,1,1,0,0,0,1,0,0,0,1,1,1,0,0,0,0,58,58,29,In what year of the Tide-Reckoning was the motif first impressed on goods?,323 of the Tide-Reckoning,317,0.0,0.0,0
fic:6|fic:6:A=side4:6b4b2ec2aa2a|B=fic:6:side1,fic:6,fic:6:A=side4:6b4b2ec2aa2a,fic:6:side4,fic:6:side1,llama,llama_ls,1,large,small,llama_large,llama_small,sealed,0,0,,,no intervention,1,1,0,1,fic:6:side4|fic:6:target|fic:6:side2,fic:6:side4|fic:6:target|fic:6:side2,fic:6:side4,3,1,1,0,0,0,1,0,0,0,1,1,1,0,0,0,0,58,58,11,In what year of the Tide-Reckoning was the motif first impressed on goods?,323 of the Tide-Reckoning,Insufficient material,0.0,0.0,0
fic:6|fic:6:A=side4:6b4b2ec2aa2a|B=fic:6:side1,fic:6,fic:6:A=side4:6b4b2ec2aa2a,fic:6:side4,fic:6:side1,llama,llama_ll,1,large,large,llama_large,llama_large,sealed,0,0,,,no intervention,1,1,0,1,fic:6:side4|fic:6:target|fic:6:side2,fic:6:side4|fic:6:target|fic:6:side2,fic:6:target,3,1,1,0,0,0,1,0,0,0,1,1,1,0,0,0,0,58,58,29,In what year of the Tide-Reckoning was the motif first impressed on goods?,323 of the Tide-Reckoning,317,0.0,0.0,0
fic:6|fic:6:A=side4:6b4b2ec2aa2a|B=fic:6:side1,fic:6,fic:6:A=side4:6b4b2ec2aa2a,fic:6:side4,fic:6:side1,llama,llama_sl_sham,0,small,large,llama_small,llama_large,sham,0,1,fic:6:side3,fic:6:side2,replaced_with_length_nearest_non_support_card,1,1,0,1,fic:6:side4|fic:6:target|fic:6:side2,fic:6:side4|fic:6:target|fic:6:side3,fic:6:target,3,1,1,0,0,0,1,0,0,0,1,1,1,0,0,0,0,58,57,29,In what year of the Tide-Reckoning was the motif first impressed on goods?,323 of the Tide-Reckoning,317,0.0,0.0,0
fic:6|fic:6:A=side4:6b4b2ec2aa2a|B=fic:6:side1,fic:6,fic:6:A=side4:6b4b2ec2aa2a,fic:6:side4,fic:6:side1,llama,llama_sl_restore,0,small,large,llama_small,llama_large,restore,0,1,fic:6:side1,fic:6:side2,replaced_length_nearest_card,1,1,0,1,fic:6:side4|fic:6:target|fic:6:side2,fic:6:side4|fic:6:target|fic:6:side1,fic:6:side1,3,1,1,0,1,1,1,0,1,1,1,1,1,0,0,0,0,58,59,19,In what year of the Tide-Reckoning was the motif first impressed on goods?,323 of the Tide-Reckoning,323,0.0,0.5,1
fic:6|fic:6:A=side4:6b4b2ec2aa2a|B=fic:6:side1,fic:6,fic:6:A=side4:6b4b2ec2aa2a,fic:6:side4,fic:6:side1,llama,llama_sl_reopen,0,small,large,llama_small,llama_large,reopen,1,0,,,no intervention,1,1,0,1,fic:6:side4|fic:6:target|fic:6:side2,fic:6:side5|fic:6:side2|fic:6:side4|fic:6:side1|fic:6:target|fic:6:side3,fic:6:side1,3,1,1,0,1,1,1,0,1,1,1,1,1,0,0,0,0,58,110,19,In what year of the Tide-Reckoning was the motif first impressed on goods?,323 of the Tide-Reckoning,323,0.0,0.5,1
fic:6|fic:6:A=side4:6b4b2ec2aa2a|B=fic:6:side1,fic:6,fic:6:A=side4:6b4b2ec2aa2a,fic:6:side4,fic:6:side1,qwen,qwen_ss,1,small,small,qwen_small,qwen_small,sealed,0,0,,,no intervention,1,1,0,1,fic:6:side4|fic:6:target|fic:6:side2,fic:6:side4|fic:6:target|fic:6:side2,fic:6:side4,3,1,1,0,0,0,1,0,0,0,1,1,1,0,0,0,0,58,58,11,In what year of the Tide-Reckoning was the motif first impressed on goods?,323 of the Tide-Reckoning,Insufficient material,0.0,0.0,0
fic:6|fic:6:A=side4:6b4b2ec2aa2a|B=fic:6:side1,fic:6,fic:6:A=side4:6b4b2ec2aa2a,fic:6:side4,fic:6:side1,qwen,qwen_sl,1,small,large,qwen_small,qwen_large,sealed,0,0,,,no intervention,1,1,0,1,fic:6:side4|fic:6:target|fic:6:side2,fic:6:side4|fic:6:target|fic:6:side2,fic:6:target,3,1,1,0,0,0,1,0,0,0,1,1,1,0,0,0,0,58,58,29,In what year of the Tide-Reckoning was the motif first impressed on goods?,323 of the Tide-Reckoning,317,0.0,0.0,0
fic:6|fic:6:A=side4:6b4b2ec2aa2a|B=fic:6:side1,fic:6,fic:6:A=side4:6b4b2ec2aa2a,fic:6:side4,fic:6:side1,qwen,qwen_ls,1,large,small,qwen_large,qwen_small,sealed,0,0,,,no intervention,1,1,0,1,fic:6:side4|fic:6:target|fic:6:side2,fic:6:side4|fic:6:target|fic:6:side2,fic:6:side4,3,1,1,0,0,0,1,0,0,0,1,1,1,0,0,0,0,58,58,11,In what year of the Tide-Reckoning was the motif first impressed on goods?,323 of the Tide-Reckoning,Insufficient material,0.0,0.0,0
fic:6|fic:6:A=side4:6b4b2ec2aa2a|B=fic:6:side1,fic:6,fic:6:A=side4:6b4b2ec2aa2a,fic:6:side4,fic:6:side1,qwen,qwen_ll,1,large,large,qwen_large,qwen_large,sealed,0,0,,,no intervention,1,1,0,1,fic:6:side4|fic:6:target|fic:6:side2,fic:6:side4|fic:6:target|fic:6:side2,fic:6:target,3,1,1,0,0,0,1,0,0,0,1,1,1,0,0,0,0,58,58,29,In what year of the Tide-Reckoning was the motif first impressed on goods?,323 of the Tide-Reckoning,317,0.0,0.0,0
fic:6|fic:6:A=side4:6b4b2ec2aa2a|B=fic:6:side1,fic:6,fic:6:A=side4:6b4b2ec2aa2a,fic:6:side4,fic:6:side1,qwen,qwen_sl_sham,0,small,large,qwen_small,qwen_large,sham,0,1,fic:6:side3,fic:6:side2,replaced_with_length_nearest_non_support_card,1,1,0,1,fic:6:side4|fic:6:target|fic:6:side2,fic:6:side4|fic:6:target|fic:6:side3,fic:6:side3,3,1,1,0,0,0,1,0,0,0,1,1,1,0,0,0,0,58,57,17,In what year of the Tide-Reckoning was the motif first impressed on goods?,323 of the Tide-Reckoning,319,0.0,0.0,0
fic:6|fic:6:A=side4:6b4b2ec2aa2a|B=fic:6:side1,fic:6,fic:6:A=side4:6b4b2ec2aa2a,fic:6:side4,fic:6:side1,qwen,qwen_sl_restore,0,small,large,qwen_small,qwen_large,restore,0,1,fic:6:side1,fic:6:side2,replaced_length_nearest_card,1,1,0,1,fic:6:side4|fic:6:target|fic:6:side2,fic:6:side4|fic:6:target|fic:6:side1,fic:6:side1,3,1,1,0,1,1,1,0,1,1,1,1,1,0,0,0,0,58,59,19,In what year of the Tide-Reckoning was the motif first impressed on goods?,323 of the Tide-Reckoning,323,0.0,0.5,1
fic:6|fic:6:A=side4:6b4b2ec2aa2a|B=fic:6:side1,fic:6,fic:6:A=side4:6b4b2ec2aa2a,fic:6:side4,fic:6:side1,qwen,qwen_sl_reopen,0,small,large,qwen_small,qwen_large,reopen,1,0,,,no intervention,1,1,0,1,fic:6:side4|fic:6:target|fic:6:side2,fic:6:side5|fic:6:side2|fic:6:side4|fic:6:side1|fic:6:target|fic:6:side3,fic:6:side1,3,1,1,0,1,1,1,0,1,1,1,1,1,0,0,0,0,58,110,19,In what year of the Tide-Reckoning was the motif first impressed on goods?,323 of the Tide-Reckoning,323,0.0,0.5,1
fic:6|fic:6:A=target:42047b3ff00b|B=fic:6:side3,fic:6,fic:6:A=target:42047b3ff00b,fic:6:target,fic:6:side3,llama,llama_ss,1,small,small,llama_small,llama_small,sealed,0,0,,,no intervention,1,1,0,1,fic:6:target|fic:6:side2|fic:6:side1,fic:6:target|fic:6:side2|fic:6:side1,fic:6:side2,3,1,1,0,0,0,1,0,0,0,1,1,1,0,0,0,0,66,66,18,What charter did the Council of Eastrun grant in 319?,Charter of Nine Scribes,The Lantern Quay charter,0.0,0.28571428571428575,0
fic:6|fic:6:A=target:42047b3ff00b|B=fic:6:side3,fic:6,fic:6:A=target:42047b3ff00b,fic:6:target,fic:6:side3,llama,llama_sl,1,small,large,llama_small,llama_large,sealed,0,0,,,no intervention,1,1,0,1,fic:6:target|fic:6:side2|fic:6:side1,fic:6:target|fic:6:side2|fic:6:side1,fic:6:target,3,1,1,0,0,0,1,0,0,0,1,1,1,0,0,0,0,66,66,29,What charter did the Council of Eastrun grant in 319?,Charter of Nine Scribes,The Order,0.0,0.0,0
fic:6|fic:6:A=target:42047b3ff00b|B=fic:6:side3,fic:6,fic:6:A=target:42047b3ff00b,fic:6:target,fic:6:side3,llama,llama_ls,1,large,small,llama_large,llama_small,sealed,0,0,,,no intervention,1,1,0,1,fic:6:side2|fic:6:side1|fic:6:target,fic:6:side2|fic:6:side1|fic:6:target,fic:6:side2,3,1,1,0,0,0,1,0,0,0,1,1,1,0,0,0,0,66,66,18,What charter did the Council of Eastrun grant in 319?,Charter of Nine Scribes,The Lantern Quay charter,0.0,0.28571428571428575,0
fic:6|fic:6:A=target:42047b3ff00b|B=fic:6:side3,fic:6,fic:6:A=target:42047b3ff00b,fic:6:target,fic:6:side3,llama,llama_ll,1,large,large,llama_large,llama_large,sealed,0,0,,,no intervention,1,1,0,1,fic:6:side2|fic:6:side1|fic:6:target,fic:6:side2|fic:6:side1|fic:6:target,fic:6:target,3,1,1,0,0,0,1,0,0,0,1,1,1,0,0,0,0,66,66,29,What charter did the Council of Eastrun grant in 319?,Charter of Nine Scribes,The Order,0.0,0.0,0
fic:6|fic:6:A=target:42047b3ff00b|B=fic:6:side3,fic:6,fic:6:A=target:42047b3ff00b,fic:6:target,fic:6:side3,llama,llama_sl_sham,0,small,large,llama_small,llama_large,sham,0,1,fic:6:side5,fic:6:side2,replaced_with_length_nearest_non_support_card,1,1,0,1,fic:6:target|fic:6:side2|fic:6:side1,fic:6:target|fic:6:side5|fic:6:side1,fic:6:target,3,1,1,0,0,0,1,0,0,0,1,1,1,0,0,0,0,66,64,29,What charter did the Council of Eastrun grant in 319?,Charter of Nine Scribes,The Order,0.0,0.0,0
fic:6|fic:6:A=target:42047b3ff00b|B=fic:6:side3,fic:6,fic:6:A=target:42047b3ff00b,fic:6:target,fic:6:side3,llama,llama_sl_restore,0,small,large,llama_small,llama_large,restore,0,1,fic:6:side3,fic:6:side2,replaced_length_nearest_card,1,1,0,1,fic:6:target|fic:6:side2|fic:6:side1,fic:6:target|fic:6:side3|fic:6:side1,fic:6:side3,3,1,1,0,1,1,1,0,1,1,1,1,1,0,0,0,0,66,65,17,What charter did the Council of Eastrun grant in 319?,Charter of Nine Scribes,Charter of Nine Scribes,1.0,1.0,1
fic:6|fic:6:A=target:42047b3ff00b|B=fic:6:side3,fic:6,fic:6:A=target:42047b3ff00b,fic:6:target,fic:6:side3,llama,llama_sl_reopen,0,small,large,llama_small,llama_large,reopen,1,0,,,no intervention,1,1,0,1,fic:6:target|fic:6:side2|fic:6:side1,fic:6:side5|fic:6:side2|fic:6:side4|fic:6:side1|fic:6:target|fic:6:side3,fic:6:side3,3,1,1,0,1,1,1,0,1,1,1,1,1,0,0,0,0,66,110,17,What charter did the Council of Eastrun grant in 319?,Charter of Nine Scribes,Charter of Nine Scribes,1.0,1.0,1
fic:6|fic:6:A=target:42047b3ff00b|B=fic:6:side3,fic:6,fic:6:A=target:42047b3ff00b,fic:6:target,fic:6:side3,qwen,qwen_ss,1,small,small,qwen_small,qwen_small,sealed,0,0,,,no intervention,1,1,0,1,fic:6:target|fic:6:side2|fic:6:side1,fic:6:target|fic:6:side2|fic:6:side1,fic:6:target,3,1,1,0,0,0,1,0,0,0,1,1,1,0,0,0,0,66,66,29,What charter did the Council of Eastrun grant in 319?,Charter of Nine Scribes,The Order,0.0,0.0,0
fic:6|fic:6:A=target:42047b3ff00b|B=fic:6:side3,fic:6,fic:6:A=target:42047b3ff00b,fic:6:target,fic:6:side3,qwen,qwen_sl,1,small,large,qwen_small,qwen_large,sealed,0,0,,,no intervention,1,1,0,1,fic:6:target|fic:6:side2|fic:6:side1,fic:6:target|fic:6:side2|fic:6:side1,fic:6:target,3,1,1,0,0,0,1,0,0,0,1,1,1,0,0,0,0,66,66,29,What charter did the Council of Eastrun grant in 319?,Charter of Nine Scribes,The Order,0.0,0.0,0
fic:6|fic:6:A=target:42047b3ff00b|B=fic:6:side3,fic:6,fic:6:A=target:42047b3ff00b,fic:6:target,fic:6:side3,qwen,qwen_ls,1,large,small,qwen_large,qwen_small,sealed,0,0,,,no intervention,1,1,0,1,fic:6:target|fic:6:side2|fic:6:side1,fic:6:target|fic:6:side2|fic:6:side1,fic:6:target,3,1,1,0,0,0,1,0,0,0,1,1,1,0,0,0,0,66,66,29,What charter did the Council of Eastrun grant in 319?,Charter of Nine Scribes,The Order,0.0,0.0,0
fic:6|fic:6:A=target:42047b3ff00b|B=fic:6:side3,fic:6,fic:6:A=target:42047b3ff00b,fic:6:target,fic:6:side3,qwen,qwen_ll,1,large,large,qwen_large,qwen_large,sealed,0,0,,,no intervention,1,1,0,1,fic:6:target|fic:6:side2|fic:6:side1,fic:6:target|fic:6:side2|fic:6:side1,fic:6:target,3,1,1,0,0,0,1,0,0,0,1,1,1,0,0,0,0,66,66,29,What charter did the Council of Eastrun grant in 319?,Charter of Nine Scribes,The Order,0.0,0.0,0
fic:6|fic:6:A=target:42047b3ff00b|B=fic:6:side3,fic:6,fic:6:A=target:42047b3ff00b,fic:6:target,fic:6:side3,qwen,qwen_sl_sham,0,small,large,qwen_small,qwen_large,sham,0,1,fic:6:side5,fic:6:side2,replaced_with_length_nearest_non_support_card,1,1,0,1,fic:6:target|fic:6:side2|fic:6:side1,fic:6:target|fic:6:side5|fic:6:side1,fic:6:target,3,1,1,0,0,0,1,0,0,0,1,1,1,0,0,0,0,66,64,29,What charter did the Council of Eastrun grant in 319?,Charter of Nine Scribes,The Order,0.0,0.0,0
fic:6|fic:6:A=target:42047b3ff00b|B=fic:6:side3,fic:6,fic:6:A=target:42047b3ff00b,fic:6:target,fic:6:side3,qwen,qwen_sl_restore,0,small,large,qwen_small,qwen_large,restore,0,1,fic:6:side3,fic:6:side2,replaced_length_nearest_card,1,1,0,1,fic:6:target|fic:6:side2|fic:6:side1,fic:6:target|fic:6:side3|fic:6:side1,fic:6:side3,3,1,1,0,1,1,1,0,1,1,1,1,1,0,0,0,0,66,65,17,What charter did the Council of Eastrun grant in 319?,Charter of Nine Scribes,Charter of Nine Scribes,1.0,1.0,1
fic:6|fic:6:A=target:42047b3ff00b|B=fic:6:side3,fic:6,fic:6:A=target:42047b3ff00b,fic:6:target,fic:6:side3,qwen,qwen_sl_reopen,0,small,large,qwen_small,qwen_large,reopen,1,0,,,no intervention,1,1,0,1,fic:6:target|fic:6:side2|fic:6:side1,fic:6:side5|fic:6:side2|fic:6:side4|fic:6:side1|fic:6:target|fic:6:side3,fic:6:side3,3,1,1,0,1,1,1,0,1,1,1,1,1,0,0,0,0,66,110,17,What charter did the Council of Eastrun grant in 319?,Charter of Nine Scribes,Charter of Nine Scribes,1.0,1.0,1
fic:7|fic:7:A=side3:e72286918ed9|B=fic:7:side4,fic:7,fic:7:A=side3:e72286918ed9,fic:7:side3,fic:7:side4,llama,llama_ss,1,small,small,llama_small,llama_small,sealed,0,0,,,no intervention,1,1,0,1,fic:7:side3|fic:7:target|fic:7:side2,fic:7:side3|fic:7:target|fic:7:side2,fic:7:target,3,1,1,0,0,0,1,0,0,0,1,1,1,0,0,0,0,63,63,34,What catalog designation was the chart given at the Orlinne Provincial Archive?,OPA MS-44/17,C03,0.0,0.0,0
fic:7|fic:7:A=side3:e72286918ed9|B=fic:7:side4,fic:7,fic:7:A=side3:e72286918ed9,fic:7:side3,fic:7:side4,llama,llama_sl,1,small,large,llama_small,llama_large,sealed,0,0,,,no intervention,1,1,0,1,fic:7:side3|fic:7:target|fic:7:side2,fic:7:side3|fic:7:target|fic:7:side2,fic:7:side2,3,1,1,0,0,0,1,0,0,0,1,1,1,0,0,0,0,63,63,16,What catalog designation was the chart given at the Orlinne Provincial Archive?,OPA MS-44/17,C02,0.0,0.0,0
fic:7|fic:7:A=side3:e72286918ed9|B=fic:7:side4,fic:7,fic:7:A=side3:e72286918ed9,fic:7:side3,fic:7:side4,llama,llama_ls,1,large,small,llama_large,llama_small,sealed,0,0,,,no intervention,1,1,0,1,fic:7:side3|fic:7:side2|fic:7:target,fic:7:side3|fic:7:side2|fic:7:target,fic:7:target,3,1,1,0,0,0,1,0,0,0,1,1,1,0,0,0,0,63,63,34,What catalog designation was the chart given at the Orlinne Provincial Archive?,OPA MS-44/17,C03,0.0,0.0,0
fic:7|fic:7:A=side3:e72286918ed9|B=fic:7:side4,fic:7,fic:7:A=side3:e72286918ed9,fic:7:side3,fic:7:side4,llama,llama_ll,1,large,large,llama_large,llama_large,sealed,0,0,,,no intervention,1,1,0,1,fic:7:side3|fic:7:side2|fic:7:target,fic:7:side3|fic:7:side2|fic:7:target,fic:7:side2,3,1,1,0,0,0,1,0,0,0,1,1,1,0,0,0,0,63,63,16,What catalog designation was the chart given at the Orlinne Provincial Archive?,OPA MS-44/17,C02,0.0,0.0,0
fic:7|fic:7:A=side3:e72286918ed9|B=fic:7:side4,fic:7,fic:7:A=side3:e72286918ed9,fic:7:side3,fic:7:side4,llama,llama_sl_sham,0,small,large,llama_small,llama_large,sham,0,1,fic:7:side5,fic:7:side2,replaced_with_length_nearest_non_support_card,1,1,0,1,fic:7:side3|fic:7:target|fic:7:side2,fic:7:side3|fic:7:target|fic:7:side5,fic:7:side5,3,1,1,0,0,0,1,0,0,0,1,1,1,0,0,0,0,63,63,16,What catalog designation was the chart given at the Orlinne Provincial Archive?,OPA MS-44/17,C01,0.0,0.0,0
fic:7|fic:7:A=side3:e72286918ed9|B=fic:7:side4,fic:7,fic:7:A=side3:e72286918ed9,fic:7:side3,fic:7:side4,llama,llama_sl_restore,0,small,large,llama_small,llama_large,restore,0,1,fic:7:side4,fic:7:side2,replaced_length_nearest_card,1,1,0,1,fic:7:side3|fic:7:target|fic:7:side2,fic:7:side3|fic:7:target|fic:7:side4,fic:7:side4,3,1,1,0,1,1,1,0,1,1,1,1,1,0,0,0,0,63,59,12,What catalog designation was the chart given at the Orlinne Provincial Archive?,OPA MS-44/17,OPA MS-44/17,1.0,1.0,1
fic:7|fic:7:A=side3:e72286918ed9|B=fic:7:side4,fic:7,fic:7:A=side3:e72286918ed9,fic:7:side3,fic:7:side4,llama,llama_sl_reopen,0,small,large,llama_small,llama_large,reopen,1,0,,,no intervention,1,1,0,1,fic:7:side3|fic:7:target|fic:7:side2,fic:7:side5|fic:7:side2|fic:7:target|fic:7:side1|fic:7:side3|fic:7:side4,fic:7:side4,3,1,1,0,1,1,1,0,1,1,1,1,1,0,0,0,0,63,105,12,What catalog designation was the chart given at the Orlinne Provincial Archive?,OPA MS-44/17,OPA MS-44/17,1.0,1.0,1
fic:7|fic:7:A=side3:e72286918ed9|B=fic:7:side4,fic:7,fic:7:A=side3:e72286918ed9,fic:7:side3,fic:7:side4,qwen,qwen_ss,1,small,small,qwen_small,qwen_small,sealed,0,0,,,no intervention,1,1,0,1,fic:7:side3|fic:7:side2|fic:7:side5,fic:7:side3|fic:7:side2|fic:7:side5,fic:7:side5,3,1,1,0,0,0,1,0,0,0,1,1,1,0,0,0,0,45,45,16,What catalog designation was the chart given at the Orlinne Provincial Archive?,OPA MS-44/17,C01,0.0,0.0,0
fic:7|fic:7:A=side3:e72286918ed9|B=fic:7:side4,fic:7,fic:7:A=side3:e72286918ed9,fic:7:side3,fic:7:side4,qwen,qwen_sl,1,small,large,qwen_small,qwen_large,sealed,0,0,,,no intervention,1,1,0,1,fic:7:side3|fic:7:side2|fic:7:side5,fic:7:side3|fic:7:side2|fic:7:side5,fic:7:side5,3,1,1,0,0,0,1,0,0,0,1,1,1,0,0,0,0,45,45,16,What catalog designation was the chart given at the Orlinne Provincial Archive?,OPA MS-44/17,C01,0.0,0.0,0
fic:7|fic:7:A=side3:e72286918ed9|B=fic:7:side4,fic:7,fic:7:A=side3:e72286918ed9,fic:7:side3,fic:7:side4,qwen,qwen_ls,1,large,small,qwen_large,qwen_small,sealed,0,0,,,no intervention,0,1,0,1,fic:7:side3|fic:7:side2|fic:7:side4,fic:7:side3|fic:7:side2|fic:7:side4,fic:7:side4,3,1,1,1,1,1,1,1,1,1,1,1,1,0,0,0,0,41,41,12,What catalog designation was the chart given at the Orlinne Provincial Archive?,OPA MS-44/17,OPA MS-44/17,1.0,1.0,1
fic:7|fic:7:A=side3:e72286918ed9|B=fic:7:side4,fic:7,fic:7:A=side3:e72286918ed9,fic:7:side3,fic:7:side4,qwen,qwen_ll,1,large,large,qwen_large,qwen_large,sealed,0,0,,,no intervention,0,1,0,1,fic:7:side3|fic:7:side2|fic:7:side4,fic:7:side3|fic:7:side2|fic:7:side4,fic:7:side4,3,1,1,1,1,1,1,1,1,1,1,1,1,0,0,0,0,41,41,12,What catalog designation was the chart given at the Orlinne Provincial Archive?,OPA MS-44/17,OPA MS-44/17,1.0,1.0,1
fic:7|fic:7:A=side3:e72286918ed9|B=fic:7:side4,fic:7,fic:7:A=side3:e72286918ed9,fic:7:side3,fic:7:side4,qwen,qwen_sl_sham,0,small,large,qwen_small,qwen_large,sham,0,1,fic:7:side1,fic:7:side5,replaced_with_length_nearest_non_support_card,1,1,0,1,fic:7:side3|fic:7:side2|fic:7:side5,fic:7:side3|fic:7:side2|fic:7:side1,fic:7:side2,3,1,1,0,0,0,1,0,0,0,1,1,1,0,0,0,0,45,43,16,What catalog designation was the chart given at the Orlinne Provincial Archive?,OPA MS-44/17,C02,0.0,0.0,0
fic:7|fic:7:A=side3:e72286918ed9|B=fic:7:side4,fic:7,fic:7:A=side3:e72286918ed9,fic:7:side3,fic:7:side4,qwen,qwen_sl_restore,0,small,large,qwen_small,qwen_large,restore,0,1,fic:7:side4,fic:7:side5,replaced_length_nearest_card,1,1,0,1,fic:7:side3|fic:7:side2|fic:7:side5,fic:7:side3|fic:7:side2|fic:7:side4,fic:7:side4,3,1,1,0,1,1,1,0,1,1,1,1,1,0,0,0,0,45,41,12,What catalog designation was the chart given at the Orlinne Provincial Archive?,OPA MS-44/17,OPA MS-44/17,1.0,1.0,1
fic:7|fic:7:A=side3:e72286918ed9|B=fic:7:side4,fic:7,fic:7:A=side3:e72286918ed9,fic:7:side3,fic:7:side4,qwen,qwen_sl_reopen,0,small,large,qwen_small,qwen_large,reopen,1,0,,,no intervention,1,1,0,1,fic:7:side3|fic:7:side2|fic:7:side5,fic:7:side5|fic:7:side2|fic:7:target|fic:7:side1|fic:7:side3|fic:7:side4,fic:7:side4,3,1,1,0,1,1,1,0,1,1,1,1,1,0,0,0,0,45,105,12,What catalog designation was the chart given at the Orlinne Provincial Archive?,OPA MS-44/17,OPA MS-44/17,1.0,1.0,1
fic:7|fic:7:A=target:3f5782500b6f|B=fic:7:side1,fic:7,fic:7:A=target:3f5782500b6f,fic:7:target,fic:7:side1,llama,llama_ss,1,small,small,llama_small,llama_small,sealed,0,0,,,no intervention,0,1,0,1,fic:7:side5|fic:7:target|fic:7:side1,fic:7:side5|fic:7:target|fic:7:side1,fic:7:target,3,1,1,1,1,0,1,1,1,1,1,1,1,0,0,0,0,64,64,34,What year is the map dated to in its colophon?,1129,1129,1.0,1.0,1
fic:7|fic:7:A=target:3f5782500b6f|B=fic:7:side1,fic:7,fic:7:A=target:3f5782500b6f,fic:7:target,fic:7:side1,llama,llama_sl,1,small,large,llama_small,llama_large,sealed,0,0,,,no intervention,0,1,0,1,fic:7:side5|fic:7:target|fic:7:side1,fic:7:side5|fic:7:target|fic:7:side1,fic:7:side1,3,1,1,1,1,1,1,1,1,1,1,1,1,0,0,0,0,64,64,14,What year is the map dated to in its colophon?,1129,1129,1.0,1.0,1
fic:7|fic:7:A=target:3f5782500b6f|B=fic:7:side1,fic:7,fic:7:A=target:3f5782500b6f,fic:7:target,fic:7:side1,llama,llama_ls,1,large,small,llama_large,llama_small,sealed,0,0,,,no intervention,0,1,0,1,fic:7:target|fic:7:side1|fic:7:side4,fic:7:target|fic:7:side1|fic:7:side4,fic:7:target,3,1,1,1,1,0,1,1,1,1,1,1,1,0,0,0,0,60,60,34,What year is the map dated to in its colophon?,1129,1129,1.0,1.0,1
fic:7|fic:7:A=target:3f5782500b6f|B=fic:7:side1,fic:7,fic:7:A=target:3f5782500b6f,fic:7:target,fic:7:side1,llama,llama_ll,1,large,large,llama_large,llama_large,sealed,0,0,,,no intervention,0,1,0,1,fic:7:target|fic:7:side1|fic:7:side4,fic:7:target|fic:7:side1|fic:7:side4,fic:7:side1,3,1,1,1,1,1,1,1,1,1,1,1,1,0,0,0,0,60,60,14,What year is the map dated to in its colophon?,1129,1129,1.0,1.0,1
fic:7|fic:7:A=target:3f5782500b6f|B=fic:7:side1,fic:7,fic:7:A=target:3f5782500b6f,fic:7:target,fic:7:side1,llama,llama_sl_sham,0,small,large,llama_small,llama_large,sham,0,0,,,"restore was ineligible, so matched sham is a no-op",0,1,0,1,fic:7:side5|fic:7:target|fic:7:side1,fic:7:side5|fic:7:target|fic:7:side1,fic:7:side1,3,1,1,1,1,1,1,1,1,1,1,1,1,0,0,0,0,64,64,14,What year is the map dated to in its colophon?,1129,1129,1.0,1.0,1
fic:7|fic:7:A=target:3f5782500b6f|B=fic:7:side1,fic:7,fic:7:A=target:3f5782500b6f,fic:7:target,fic:7:side1,llama,llama_sl_restore,0,small,large,llama_small,llama_large,restore,0,0,,,support_already_present,0,1,0,1,fic:7:side5|fic:7:target|fic:7:side1,fic:7:side5|fic:7:target|fic:7:side1,fic:7:side1,3,1,1,1,1,1,1,1,1,1,1,1,1,0,0,0,0,64,64,14,What year is the map dated to in its colophon?,1129,1129,1.0,1.0,1
fic:7|fic:7:A=target:3f5782500b6f|B=fic:7:side1,fic:7,fic:7:A=target:3f5782500b6f,fic:7:target,fic:7:side1,llama,llama_sl_reopen,0,small,large,llama_small,llama_large,reopen,1,0,,,no intervention,0,1,0,1,fic:7:side5|fic:7:target|fic:7:side1,fic:7:side5|fic:7:side2|fic:7:target|fic:7:side1|fic:7:side3|fic:7:side4,fic:7:side1,3,1,1,1,1,1,1,1,1,1,1,1,1,0,0,0,0,64,105,14,What year is the map dated to in its colophon?,1129,1129,1.0,1.0,1
fic:7|fic:7:A=target:3f5782500b6f|B=fic:7:side1,fic:7,fic:7:A=target:3f5782500b6f,fic:7:target,fic:7:side1,qwen,qwen_ss,1,small,small,qwen_small,qwen_small,sealed,0,0,,,no intervention,0,1,0,1,fic:7:target|fic:7:side1|fic:7:side5,fic:7:target|fic:7:side1|fic:7:side5,fic:7:side1,3,1,1,1,1,1,1,1,1,1,1,1,1,0,0,0,0,64,64,14,What year is the map dated to in its colophon?,1129,1129,1.0,1.0,1
fic:7|fic:7:A=target:3f5782500b6f|B=fic:7:side1,fic:7,fic:7:A=target:3f5782500b6f,fic:7:target,fic:7:side1,qwen,qwen_sl,1,small,large,qwen_small,qwen_large,sealed,0,0,,,no intervention,0,1,0,1,fic:7:target|fic:7:side1|fic:7:side5,fic:7:target|fic:7:side1|fic:7:side5,fic:7:side1,3,1,1,1,1,1,1,1,1,1,1,1,1,0,0,0,0,64,64,14,What year is the map dated to in its colophon?,1129,1129,1.0,1.0,1
fic:7|fic:7:A=target:3f5782500b6f|B=fic:7:side1,fic:7,fic:7:A=target:3f5782500b6f,fic:7:target,fic:7:side1,qwen,qwen_ls,1,large,small,qwen_large,qwen_small,sealed,0,0,,,no intervention,0,1,0,1,fic:7:target|fic:7:side1|fic:7:side4,fic:7:target|fic:7:side1|fic:7:side4,fic:7:side1,3,1,1,1,1,1,1,1,1,1,1,1,1,0,0,0,0,60,60,14,What year is the map dated to in its colophon?,1129,1129,1.0,1.0,1
fic:7|fic:7:A=target:3f5782500b6f|B=fic:7:side1,fic:7,fic:7:A=target:3f5782500b6f,fic:7:target,fic:7:side1,qwen,qwen_ll,1,large,large,qwen_large,qwen_large,sealed,0,0,,,no intervention,0,1,0,1,fic:7:target|fic:7:side1|fic:7:side4,fic:7:target|fic:7:side1|fic:7:side4,fic:7:side1,3,1,1,1,1,1,1,1,1,1,1,1,1,0,0,0,0,60,60,14,What year is the map dated to in its colophon?,1129,1129,1.0,1.0,1
fic:7|fic:7:A=target:3f5782500b6f|B=fic:7:side1,fic:7,fic:7:A=target:3f5782500b6f,fic:7:target,fic:7:side1,qwen,qwen_sl_sham,0,small,large,qwen_small,qwen_large,sham,0,0,,,"restore was ineligible, so matched sham is a no-op",0,1,0,1,fic:7:target|fic:7:side1|fic:7:side5,fic:7:target|fic:7:side1|fic:7:side5,fic:7:side1,3,1,1,1,1,1,1,1,1,1,1,1,1,0,0,0,0,64,64,14,What year is the map dated to in its colophon?,1129,1129,1.0,1.0,1
fic:7|fic:7:A=target:3f5782500b6f|B=fic:7:side1,fic:7,fic:7:A=target:3f5782500b6f,fic:7:target,fic:7:side1,qwen,qwen_sl_restore,0,small,large,qwen_small,qwen_large,restore,0,0,,,support_already_present,0,1,0,1,fic:7:target|fic:7:side1|fic:7:side5,fic:7:target|fic:7:side1|fic:7:side5,fic:7:side1,3,1,1,1,1,1,1,1,1,1,1,1,1,0,0,0,0,64,64,14,What year is the map dated to in its colophon?,1129,1129,1.0,1.0,1
fic:7|fic:7:A=target:3f5782500b6f|B=fic:7:side1,fic:7,fic:7:A=target:3f5782500b6f,fic:7:target,fic:7:side1,qwen,qwen_sl_reopen,0,small,large,qwen_small,qwen_large,reopen,1,0,,,no intervention,0,1,0,1,fic:7:target|fic:7:side1|fic:7:side5,fic:7:side5|fic:7:side2|fic:7:target|fic:7:side1|fic:7:side3|fic:7:side4,fic:7:side1,3,1,1,1,1,1,1,1,1,1,1,1,1,0,0,0,0,64,105,14,What year is the map dated to in its colophon?,1129,1129,1.0,1.0,1
fic:7|fic:7:A=side4:afa9f9d9c5d1|B=fic:7:side5,fic:7,fic:7:A=side4:afa9f9d9c5d1,fic:7:side4,fic:7:side5,llama,llama_ss,1,small,small,llama_small,llama_small,sealed,0,0,,,no intervention,1,1,0,1,fic:7:side2|fic:7:side1|fic:7:side4,fic:7:side2|fic:7:side1|fic:7:side4,fic:7:side2,3,1,1,0,0,0,1,0,0,0,1,1,1,0,0,0,0,42,42,16,In what year did the Orlinne Provincial Archive complete a full color facsimile?,2009,1995,0.0,0.0,0
fic:7|fic:7:A=side4:afa9f9d9c5d1|B=fic:7:side5,fic:7,fic:7:A=side4:afa9f9d9c5d1,fic:7:side4,fic:7:side5,llama,llama_sl,1,small,large,llama_small,llama_large,sealed,0,0,,,no intervention,1,1,0,1,fic:7:side2|fic:7:side1|fic:7:side4,fic:7:side2|fic:7:side1|fic:7:side4,fic:7:side1,3,1,1,0,0,0,1,0,0,0,1,1,1,0,0,0,0,42,42,14,In what year did the Orlinne Provincial Archive complete a full color facsimile?,2009,2004,0.0,0.0,0
fic:7|fic:7:A=side4:afa9f9d9c5d1|B=fic:7:side5,fic:7,fic:7:A=side4:afa9f9d9c5d1,fic:7:side4,fic:7:side5,llama,llama_ls,1,large,small,llama_large,llama_small,sealed,0,0,,,no intervention,0,1,0,1,fic:7:side4|fic:7:side5|fic:7:side1,fic:7:side4|fic:7:side5|fic:7:side1,fic:7:side5,3,1,1,1,1,1,1,1,1,1,1,1,1,0,0,0,0,42,42,16,In what year did the Orlinne Provincial Archive complete a full color facsimile?,2009,2009,1.0,1.0,1
fic:7|fic:7:A=side4:afa9f9d9c5d1|B=fic:7:side5,fic:7,fic:7:A=side4:afa9f9d9c5d1,fic:7:side4,fic:7:side5,llama,llama_ll,1,large,large,llama_large,llama_large,sealed,0,0,,,no intervention,0,1,0,1,fic:7:side4|fic:7:side5|fic:7:side1,fic:7:side4|fic:7:side5|fic:7:side1,fic:7:side5,3,1,1,1,1,1,1,1,1,1,1,1,1,0,0,0,0,42,42,16,In what year did the Orlinne Provincial Archive complete a full color facsimile?,2009,2009,1.0,1.0,1
fic:7|fic:7:A=side4:afa9f9d9c5d1|B=fic:7:side5,fic:7,fic:7:A=side4:afa9f9d9c5d1,fic:7:side4,fic:7:side5,llama,llama_sl_sham,0,small,large,llama_small,llama_large,sham,0,1,fic:7:side3,fic:7:side2,replaced_with_length_nearest_non_support_card,1,1,0,1,fic:7:side2|fic:7:side1|fic:7:side4,fic:7:side3|fic:7:side1|fic:7:side4,fic:7:side4,3,1,1,0,0,0,1,0,0,0,1,1,1,0,0,0,0,42,39,12,In what year did the Orlinne Provincial Archive complete a full color facsimile?,2009,2017,0.0,0.0,0
fic:7|fic:7:A=side4:afa9f9d9c5d1|B=fic:7:side5,fic:7,fic:7:A=side4:afa9f9d9c5d1,fic:7:side4,fic:7:side5,llama,llama_sl_restore,0,small,large,llama_small,llama_large,restore,0,1,fic:7:side5,fic:7:side2,replaced_length_nearest_card,1,1,0,1,fic:7:side2|fic:7:side1|fic:7:side4,fic:7:side5|fic:7:side1|fic:7:side4,fic:7:side5,3,1,1,0,1,1,1,0,1,1,1,1,1,0,0,0,0,42,42,16,In what year did the Orlinne Provincial Archive complete a full color facsimile?,2009,2009,1.0,1.0,1
fic:7|fic:7:A=side4:afa9f9d9c5d1|B=fic:7:side5,fic:7,fic:7:A=side4:afa9f9d9c5d1,fic:7:side4,fic:7:side5,llama,llama_sl_reopen,0,small,large,llama_small,llama_large,reopen,1,0,,,no intervention,1,1,0,1,fic:7:side2|fic:7:side1|fic:7:side4,fic:7:side5|fic:7:side2|fic:7:target|fic:7:side1|fic:7:side3|fic:7:side4,fic:7:side5,3,1,1,0,1,1,1,0,1,1,1,1,1,0,0,0,0,42,105,16,In what year did the Orlinne Provincial Archive complete a full color facsimile?,2009,2009,1.0,1.0,1
fic:7|fic:7:A=side4:afa9f9d9c5d1|B=fic:7:side5,fic:7,fic:7:A=side4:afa9f9d9c5d1,fic:7:side4,fic:7:side5,qwen,qwen_ss,1,small,small,qwen_small,qwen_small,sealed,0,0,,,no intervention,0,1,0,1,fic:7:side5|fic:7:side4|fic:7:side1,fic:7:side5|fic:7:side4|fic:7:side1,fic:7:side5,3,1,1,1,1,1,1,1,1,1,1,1,1,0,0,0,0,42,42,16,In what year did the Orlinne Provincial Archive complete a full color facsimile?,2009,2009,1.0,1.0,1
fic:7|fic:7:A=side4:afa9f9d9c5d1|B=fic:7:side5,fic:7,fic:7:A=side4:afa9f9d9c5d1,fic:7:side4,fic:7:side5,qwen,qwen_sl,1,small,large,qwen_small,qwen_large,sealed,0,0,,,no intervention,0,1,0,1,fic:7:side5|fic:7:side4|fic:7:side1,fic:7:side5|fic:7:side4|fic:7:side1,fic:7:side5,3,1,1,1,1,1,1,1,1,1,1,1,1,0,0,0,0,42,42,16,In what year did the Orlinne Provincial Archive complete a full color facsimile?,2009,2009,1.0,1.0,1
fic:7|fic:7:A=side4:afa9f9d9c5d1|B=fic:7:side5,fic:7,fic:7:A=side4:afa9f9d9c5d1,fic:7:side4,fic:7:side5,qwen,qwen_ls,1,large,small,qwen_large,qwen_small,sealed,0,0,,,no intervention,1,1,0,1,fic:7:side4|fic:7:side1|fic:7:side2,fic:7:side4|fic:7:side1|fic:7:side2,fic:7:side2,3,1,1,0,0,0,1,0,0,0,1,1,1,0,0,0,0,42,42,16,In what year did the Orlinne Provincial Archive complete a full color facsimile?,2009,1995,0.0,0.0,0
fic:7|fic:7:A=side4:afa9f9d9c5d1|B=fic:7:side5,fic:7,fic:7:A=side4:afa9f9d9c5d1,fic:7:side4,fic:7:side5,qwen,qwen_ll,1,large,large,qwen_large,qwen_large,sealed,0,0,,,no intervention,1,1,0,1,fic:7:side4|fic:7:side1|fic:7:side2,fic:7:side4|fic:7:side1|fic:7:side2,fic:7:side4,3,1,1,0,0,0,1,0,0,0,1,1,1,0,0,0,0,42,42,12,In what year did the Orlinne Provincial Archive complete a full color facsimile?,2009,2017,0.0,0.0,0
fic:7|fic:7:A=side4:afa9f9d9c5d1|B=fic:7:side5,fic:7,fic:7:A=side4:afa9f9d9c5d1,fic:7:side4,fic:7:side5,qwen,qwen_sl_sham,0,small,large,qwen_small,qwen_large,sham,0,0,,,"restore was ineligible, so matched sham is a no-op",0,1,0,1,fic:7:side5|fic:7:side4|fic:7:side1,fic:7:side5|fic:7:side4|fic:7:side1,fic:7:side5,3,1,1,1,1,1,1,1,1,1,1,1,1,0,0,0,0,42,42,16,In what year did the Orlinne Provincial Archive complete a full color facsimile?,2009,2009,1.0,1.0,1
fic:7|fic:7:A=side4:afa9f9d9c5d1|B=fic:7:side5,fic:7,fic:7:A=side4:afa9f9d9c5d1,fic:7:side4,fic:7:side5,qwen,qwen_sl_restore,0,small,large,qwen_small,qwen_large,restore,0,0,,,support_already_present,0,1,0,1,fic:7:side5|fic:7:side4|fic:7:side1,fic:7:side5|fic:7:side4|fic:7:side1,fic:7:side5,3,1,1,1,1,1,1,1,1,1,1,1,1,0,0,0,0,42,42,16,In what year did the Orlinne Provincial Archive complete a full color facsimile?,2009,2009,1.0,1.0,1
fic:7|fic:7:A=side4:afa9f9d9c5d1|B=fic:7:side5,fic:7,fic:7:A=side4:afa9f9d9c5d1,fic:7:side4,fic:7:side5,qwen,qwen_sl_reopen,0,small,large,qwen_small,qwen_large,reopen,1,0,,,no intervention,0,1,0,1,fic:7:side5|fic:7:side4|fic:7:side1,fic:7:side5|fic:7:side2|fic:7:target|fic:7:side1|fic:7:side3|fic:7:side4,fic:7:side5,3,1,1,1,1,1,1,1,1,1,1,1,1,0,0,0,0,42,105,16,In what year did the Orlinne Provincial Archive complete a full color facsimile?,2009,2009,1.0,1.0,1
fic:7|fic:7:A=side2:eaac347f495c|B=fic:7:target,fic:7,fic:7:A=side2:eaac347f495c,fic:7:side2,fic:7:target,llama,llama_ss,1,small,small,llama_small,llama_small,sealed,0,0,,,no intervention,0,1,0,1,fic:7:side2|fic:7:target|fic:7:side3,fic:7:side2|fic:7:target|fic:7:side3,fic:7:target,3,1,1,1,1,1,1,1,1,1,1,1,1,0,0,0,0,63,63,34,Who is named in the colophon as the compiler of the Vaskeryn Drift Map?,Esvan Teler,Esvan Teler,1.0,1.0,1
fic:7|fic:7:A=side2:eaac347f495c|B=fic:7:target,fic:7,fic:7:A=side2:eaac347f495c,fic:7:side2,fic:7:target,llama,llama_sl,1,small,large,llama_small,llama_large,sealed,0,0,,,no intervention,0,1,0,1,fic:7:side2|fic:7:target|fic:7:side3,fic:7:side2|fic:7:target|fic:7:side3,fic:7:target,3,1,1,1,1,1,1,1,1,1,1,1,1,0,0,0,0,63,63,34,Who is named in the colophon as the compiler of the Vaskeryn Drift Map?,Esvan Teler,Esvan Teler,1.0,1.0,1
fic:7|fic:7:A=side2:eaac347f495c|B=fic:7:target,fic:7,fic:7:A=side2:eaac347f495c,fic:7:side2,fic:7:target,llama,llama_ls,1,large,small,llama_large,llama_small,sealed,0,0,,,no intervention,0,1,0,1,fic:7:side2|fic:7:target|fic:7:side1,fic:7:side2|fic:7:target|fic:7:side1,fic:7:target,3,1,1,1,1,1,1,1,1,1,1,1,1,0,0,0,0,64,64,34,Who is named in the colophon as the compiler of the Vaskeryn Drift Map?,Esvan Teler,Esvan Teler,1.0,1.0,1
fic:7|fic:7:A=side2:eaac347f495c|B=fic:7:target,fic:7,fic:7:A=side2:eaac347f495c,fic:7:side2,fic:7:target,llama,llama_ll,1,large,large,llama_large,llama_large,sealed,0,0,,,no intervention,0,1,0,1,fic:7:side2|fic:7:target|fic:7:side1,fic:7:side2|fic:7:target|fic:7:side1,fic:7:target,3,1,1,1,1,1,1,1,1,1,1,1,1,0,0,0,0,64,64,34,Who is named in the colophon as the compiler of the Vaskeryn Drift Map?,Esvan Teler,Esvan Teler,1.0,1.0,1
fic:7|fic:7:A=side2:eaac347f495c|B=fic:7:target,fic:7,fic:7:A=side2:eaac347f495c,fic:7:side2,fic:7:target,llama,llama_sl_sham,0,small,large,llama_small,llama_large,sham,0,0,,,"restore was ineligible, so matched sham is a no-op",0,1,0,1,fic:7:side2|fic:7:target|fic:7:side3,fic:7:side2|fic:7:target|fic:7:side3,fic:7:target,3,1,1,1,1,1,1,1,1,1,1,1,1,0,0,0,0,63,63,34,Who is named in the colophon as the compiler of the Vaskeryn Drift Map?,Esvan Teler,Esvan Teler,1.0,1.0,1
fic:7|fic:7:A=side2:eaac347f495c|B=fic:7:target,fic:7,fic:7:A=side2:eaac347f495c,fic:7:side2,fic:7:target,llama,llama_sl_restore,0,small,large,llama_small,llama_large,restore,0,0,,,support_already_present,0,1,0,1,fic:7:side2|fic:7:target|fic:7:side3,fic:7:side2|fic:7:target|fic:7:side3,fic:7:target,3,1,1,1,1,1,1,1,1,1,1,1,1,0,0,0,0,63,63,34,Who is named in the colophon as the compiler of the Vaskeryn Drift Map?,Esvan Teler,Esvan Teler,1.0,1.0,1
fic:7|fic:7:A=side2:eaac347f495c|B=fic:7:target,fic:7,fic:7:A=side2:eaac347f495c,fic:7:side2,fic:7:target,llama,llama_sl_reopen,0,small,large,llama_small,llama_large,reopen,1,0,,,no intervention,0,1,0,1,fic:7:side2|fic:7:target|fic:7:side3,fic:7:side5|fic:7:side2|fic:7:target|fic:7:side1|fic:7:side3|fic:7:side4,fic:7:target,3,1,1,1,1,1,1,1,1,1,1,1,1,0,0,0,0,63,105,34,Who is named in the colophon as the compiler of the Vaskeryn Drift Map?,Esvan Teler,Esvan Teler,1.0,1.0,1
fic:7|fic:7:A=side2:eaac347f495c|B=fic:7:target,fic:7,fic:7:A=side2:eaac347f495c,fic:7:side2,fic:7:target,qwen,qwen_ss,1,small,small,qwen_small,qwen_small,sealed,0,0,,,no intervention,1,1,0,1,fic:7:side2|fic:7:side3|fic:7:side4,fic:7:side2|fic:7:side3|fic:7:side4,fic:7:side2,3,1,1,0,0,0,1,0,0,0,1,1,1,0,0,0,0,41,41,16,Who is named in the colophon as the compiler of the Vaskeryn Drift Map?,Esvan Teler,The compiler is not named in the colophon,0.0,0.0,0
fic:7|fic:7:A=side2:eaac347f495c|B=fic:7:target,fic:7,fic:7:A=side2:eaac347f495c,fic:7:side2,fic:7:target,qwen,qwen_sl,1,small,large,qwen_small,qwen_large,sealed,0,0,,,no intervention,1,1,0,1,fic:7:side2|fic:7:side3|fic:7:side4,fic:7:side2|fic:7:side3|fic:7:side4,fic:7:side2,3,1,1,0,0,0,1,0,0,0,1,1,1,0,0,0,0,41,41,16,Who is named in the colophon as the compiler of the Vaskeryn Drift Map?,Esvan Teler,The compiler is not named in the colophon,0.0,0.0,0
fic:7|fic:7:A=side2:eaac347f495c|B=fic:7:target,fic:7,fic:7:A=side2:eaac347f495c,fic:7:side2,fic:7:target,qwen,qwen_ls,1,large,small,qwen_large,qwen_small,sealed,0,0,,,no intervention,0,1,0,1,fic:7:side2|fic:7:target|fic:7:side1,fic:7:side2|fic:7:target|fic:7:side1,fic:7:target,3,1,1,1,1,1,1,1,1,1,1,1,1,0,0,0,0,64,64,34,Who is named in the colophon as the compiler of the Vaskeryn Drift Map?,Esvan Teler,Esvan Teler,1.0,1.0,1
fic:7|fic:7:A=side2:eaac347f495c|B=fic:7:target,fic:7,fic:7:A=side2:eaac347f495c,fic:7:side2,fic:7:target,qwen,qwen_ll,1,large,large,qwen_large,qwen_large,sealed,0,0,,,no intervention,0,1,0,1,fic:7:side2|fic:7:target|fic:7:side1,fic:7:side2|fic:7:target|fic:7:side1,fic:7:target,3,1,1,1,1,1,1,1,1,1,1,1,1,0,0,0,0,64,64,34,Who is named in the colophon as the compiler of the Vaskeryn Drift Map?,Esvan Teler,Esvan Teler,1.0,1.0,1
fic:7|fic:7:A=side2:eaac347f495c|B=fic:7:target,fic:7,fic:7:A=side2:eaac347f495c,fic:7:side2,fic:7:target,qwen,qwen_sl_sham,0,small,large,qwen_small,qwen_large,sham,0,1,fic:7:side1,fic:7:side3,replaced_with_length_nearest_non_support_card,1,1,0,1,fic:7:side2|fic:7:side3|fic:7:side4,fic:7:side2|fic:7:side1|fic:7:side4,fic:7:side1,3,1,1,0,0,0,1,0,0,0,1,1,1,0,0,0,0,41,42,14,Who is named in the colophon as the compiler of the Vaskeryn Drift Map?,Esvan Teler,The compiler is not named in the colophon,0.0,0.0,0
fic:7|fic:7:A=side2:eaac347f495c|B=fic:7:target,fic:7,fic:7:A=side2:eaac347f495c,fic:7:side2,fic:7:target,qwen,qwen_sl_restore,0,small,large,qwen_small,qwen_large,restore,0,1,fic:7:target,fic:7:side3,replaced_length_nearest_card,1,1,0,1,fic:7:side2|fic:7:side3|fic:7:side4,fic:7:side2|fic:7:target|fic:7:side4,fic:7:target,3,1,1,0,1,1,1,0,1,1,1,1,1,0,0,0,0,41,62,34,Who is named in the colophon as the compiler of the Vaskeryn Drift Map?,Esvan Teler,Esvan Teler,1.0,1.0,1
fic:7|fic:7:A=side2:eaac347f495c|B=fic:7:target,fic:7,fic:7:A=side2:eaac347f495c,fic:7:side2,fic:7:target,qwen,qwen_sl_reopen,0,small,large,qwen_small,qwen_large,reopen,1,0,,,no intervention,1,1,0,1,fic:7:side2|fic:7:side3|fic:7:side4,fic:7:side5|fic:7:side2|fic:7:target|fic:7:side1|fic:7:side3|fic:7:side4,fic:7:target,3,1,1,0,1,1,1,0,1,1,1,1,1,0,0,0,0,41,105,34,Who is named in the colophon as the compiler of the Vaskeryn Drift Map?,Esvan Teler,Esvan Teler,1.0,1.0,1
fic:8|fic:8:A=side4:420adebdef88|B=fic:8:side1,fic:8,fic:8:A=side4:420adebdef88,fic:8:side4,fic:8:side1,llama,llama_ss,1,small,small,llama_small,llama_small,sealed,0,0,,,no intervention,0,1,0,1,fic:8:side4|fic:8:side1|fic:8:target,fic:8:side4|fic:8:side1|fic:8:target,fic:8:side1,3,1,1,1,1,1,1,1,1,1,1,1,1,0,0,0,0,59,59,11,How long is the Ardolen Canal?,62.4 km,62.4 km,1.0,1.0,1
fic:8|fic:8:A=side4:420adebdef88|B=fic:8:side1,fic:8,fic:8:A=side4:420adebdef88,fic:8:side4,fic:8:side1,llama,llama_sl,1,small,large,llama_small,llama_large,sealed,0,0,,,no intervention,0,1,0,1,fic:8:side4|fic:8:side1|fic:8:target,fic:8:side4|fic:8:side1|fic:8:target,fic:8:side1,3,1,1,1,1,1,1,1,1,1,1,1,1,0,0,0,0,59,59,11,How long is the Ardolen Canal?,62.4 km,62.4 km,1.0,1.0,1
fic:8|fic:8:A=side4:420adebdef88|B=fic:8:side1,fic:8,fic:8:A=side4:420adebdef88,fic:8:side4,fic:8:side1,llama,llama_ls,1,large,small,llama_large,llama_small,sealed,0,0,,,no intervention,0,1,0,1,fic:8:side4|fic:8:side1|fic:8:target,fic:8:side4|fic:8:side1|fic:8:target,fic:8:side1,3,1,1,1,1,1,1,1,1,1,1,1,1,0,0,0,0,59,59,11,How long is the Ardolen Canal?,62.4 km,62.4 km,1.0,1.0,1
fic:8|fic:8:A=side4:420adebdef88|B=fic:8:side1,fic:8,fic:8:A=side4:420adebdef88,fic:8:side4,fic:8:side1,llama,llama_ll,1,large,large,llama_large,llama_large,sealed,0,0,,,no intervention,0,1,0,1,fic:8:side4|fic:8:side1|fic:8:target,fic:8:side4|fic:8:side1|fic:8:target,fic:8:side1,3,1,1,1,1,1,1,1,1,1,1,1,1,0,0,0,0,59,59,11,How long is the Ardolen Canal?,62.4 km,62.4 km,1.0,1.0,1
fic:8|fic:8:A=side4:420adebdef88|B=fic:8:side1,fic:8,fic:8:A=side4:420adebdef88,fic:8:side4,fic:8:side1,llama,llama_sl_sham,0,small,large,llama_small,llama_large,sham,0,0,,,"restore was ineligible, so matched sham is a no-op",0,1,0,1,fic:8:side4|fic:8:side1|fic:8:target,fic:8:side4|fic:8:side1|fic:8:target,fic:8:side1,3,1,1,1,1,1,1,1,1,1,1,1,1,0,0,0,0,59,59,11,How long is the Ardolen Canal?,62.4 km,62.4 km,1.0,1.0,1
fic:8|fic:8:A=side4:420adebdef88|B=fic:8:side1,fic:8,fic:8:A=side4:420adebdef88,fic:8:side4,fic:8:side1,llama,llama_sl_restore,0,small,large,llama_small,llama_large,restore,0,0,,,support_already_present,0,1,0,1,fic:8:side4|fic:8:side1|fic:8:target,fic:8:side4|fic:8:side1|fic:8:target,fic:8:side1,3,1,1,1,1,1,1,1,1,1,1,1,1,0,0,0,0,59,59,11,How long is the Ardolen Canal?,62.4 km,62.4 km,1.0,1.0,1
fic:8|fic:8:A=side4:420adebdef88|B=fic:8:side1,fic:8,fic:8:A=side4:420adebdef88,fic:8:side4,fic:8:side1,llama,llama_sl_reopen,0,small,large,llama_small,llama_large,reopen,1,0,,,no intervention,0,1,0,1,fic:8:side4|fic:8:side1|fic:8:target,fic:8:side4|fic:8:side1|fic:8:side2|fic:8:side3|fic:8:target|fic:8:side5,fic:8:side1,3,1,1,1,1,1,1,1,1,1,1,1,1,0,0,0,0,59,102,11,How long is the Ardolen Canal?,62.4 km,62.4 km,1.0,1.0,1
fic:8|fic:8:A=side4:420adebdef88|B=fic:8:side1,fic:8,fic:8:A=side4:420adebdef88,fic:8:side4,fic:8:side1,qwen,qwen_ss,1,small,small,qwen_small,qwen_small,sealed,0,0,,,no intervention,1,1,0,1,fic:8:side4|fic:8:target|fic:8:side5,fic:8:side4|fic:8:target|fic:8:side5,fic:8:target,3,1,1,0,0,0,1,0,0,0,1,1,1,0,0,0,0,60,60,29,How long is the Ardolen Canal?,62.4 km,Insufficient material,0.0,0.0,0
fic:8|fic:8:A=side4:420adebdef88|B=fic:8:side1,fic:8,fic:8:A=side4:420adebdef88,fic:8:side4,fic:8:side1,qwen,qwen_sl,1,small,large,qwen_small,qwen_large,sealed,0,0,,,no intervention,1,1,0,1,fic:8:side4|fic:8:target|fic:8:side5,fic:8:side4|fic:8:target|fic:8:side5,fic:8:target,3,1,1,0,0,0,1,0,0,0,1,1,1,0,0,0,0,60,60,29,How long is the Ardolen Canal?,62.4 km,Insufficient material,0.0,0.0,0
fic:8|fic:8:A=side4:420adebdef88|B=fic:8:side1,fic:8,fic:8:A=side4:420adebdef88,fic:8:side4,fic:8:side1,qwen,qwen_ls,1,large,small,qwen_large,qwen_small,sealed,0,0,,,no intervention,0,1,0,1,fic:8:side4|fic:8:side1|fic:8:target,fic:8:side4|fic:8:side1|fic:8:target,fic:8:side1,3,1,1,1,1,1,1,1,1,1,1,1,1,0,0,0,0,59,59,11,How long is the Ardolen Canal?,62.4 km,62.4 km,1.0,1.0,1
fic:8|fic:8:A=side4:420adebdef88|B=fic:8:side1,fic:8,fic:8:A=side4:420adebdef88,fic:8:side4,fic:8:side1,qwen,qwen_ll,1,large,large,qwen_large,qwen_large,sealed,0,0,,,no intervention,0,1,0,1,fic:8:side4|fic:8:side1|fic:8:target,fic:8:side4|fic:8:side1|fic:8:target,fic:8:side1,3,1,1,1,1,1,1,1,1,1,1,1,1,0,0,0,0,59,59,11,How long is the Ardolen Canal?,62.4 km,62.4 km,1.0,1.0,1
fic:8|fic:8:A=side4:420adebdef88|B=fic:8:side1,fic:8,fic:8:A=side4:420adebdef88,fic:8:side4,fic:8:side1,qwen,qwen_sl_sham,0,small,large,qwen_small,qwen_large,sham,0,1,fic:8:side3,fic:8:side5,replaced_with_length_nearest_non_support_card,1,1,0,1,fic:8:side4|fic:8:target|fic:8:side5,fic:8:side4|fic:8:target|fic:8:side3,fic:8:target,3,1,1,0,0,0,1,0,0,0,1,1,1,0,0,0,0,60,63,29,How long is the Ardolen Canal?,62.4 km,Insufficient material,0.0,0.0,0
fic:8|fic:8:A=side4:420adebdef88|B=fic:8:side1,fic:8,fic:8:A=side4:420adebdef88,fic:8:side4,fic:8:side1,qwen,qwen_sl_restore,0,small,large,qwen_small,qwen_large,restore,0,1,fic:8:side1,fic:8:side5,replaced_length_nearest_card,1,1,0,1,fic:8:side4|fic:8:target|fic:8:side5,fic:8:side4|fic:8:target|fic:8:side1,fic:8:side1,3,1,1,0,1,1,1,0,1,1,1,1,1,0,0,0,0,60,59,11,How long is the Ardolen Canal?,62.4 km,62.4 km,1.0,1.0,1
fic:8|fic:8:A=side4:420adebdef88|B=fic:8:side1,fic:8,fic:8:A=side4:420adebdef88,fic:8:side4,fic:8:side1,qwen,qwen_sl_reopen,0,small,large,qwen_small,qwen_large,reopen,1,0,,,no intervention,1,1,0,1,fic:8:side4|fic:8:target|fic:8:side5,fic:8:side4|fic:8:side1|fic:8:side2|fic:8:side3|fic:8:target|fic:8:side5,fic:8:side1,3,1,1,0,1,1,1,0,1,1,1,1,1,0,0,0,0,60,102,11,How long is the Ardolen Canal?,62.4 km,62.4 km,1.0,1.0,1
fic:8|fic:8:A=side1:041cfe3bb131|B=fic:8:side2,fic:8,fic:8:A=side1:041cfe3bb131,fic:8:side1,fic:8:side2,llama,llama_ss,1,small,small,llama_small,llama_small,sealed,0,0,,,no intervention,1,1,0,1,fic:8:side1|fic:8:target|fic:8:side5,fic:8:side1|fic:8:target|fic:8:side5,fic:8:side1,3,1,1,0,0,0,1,0,0,0,1,1,1,0,0,0,0,52,52,11,What is the length of the Ruskell Tunnel?,1.3 km,62.4 km,0.0,0.5,0
fic:8|fic:8:A=side1:041cfe3bb131|B=fic:8:side2,fic:8,fic:8:A=side1:041cfe3bb131,fic:8:side1,fic:8:side2,llama,llama_sl,1,small,large,llama_small,llama_large,sealed,0,0,,,no intervention,1,1,0,1,fic:8:side1|fic:8:target|fic:8:side5,fic:8:side1|fic:8:target|fic:8:side5,fic:8:side1,3,1,1,0,0,0,1,0,0,0,1,1,1,0,0,0,0,52,52,11,What is the length of the Ruskell Tunnel?,1.3 km,62.4 km,0.0,0.5,0
fic:8|fic:8:A=side1:041cfe3bb131|B=fic:8:side2,fic:8,fic:8:A=side1:041cfe3bb131,fic:8:side1,fic:8:side2,llama,llama_ls,1,large,small,llama_large,llama_small,sealed,0,0,,,no intervention,1,1,0,1,fic:8:side1|fic:8:side4|fic:8:target,fic:8:side1|fic:8:side4|fic:8:target,fic:8:side1,3,1,1,0,0,0,1,0,0,0,1,1,1,0,0,0,0,59,59,11,What is the length of the Ruskell Tunnel?,1.3 km,62.4 km,0.0,0.5,0
fic:8|fic:8:A=side1:041cfe3bb131|B=fic:8:side2,fic:8,fic:8:A=side1:041cfe3bb131,fic:8:side1,fic:8:side2,llama,llama_ll,1,large,large,llama_large,llama_large,sealed,0,0,,,no intervention,1,1,0,1,fic:8:side1|fic:8:side4|fic:8:target,fic:8:side1|fic:8:side4|fic:8:target,fic:8:side1,3,1,1,0,0,0,1,0,0,0,1,1,1,0,0,0,0,59,59,11,What is the length of the Ruskell Tunnel?,1.3 km,62.4 km,0.0,0.5,0
fic:8|fic:8:A=side1:041cfe3bb131|B=fic:8:side2,fic:8,fic:8:A=side1:041cfe3bb131,fic:8:side1,fic:8:side2,llama,llama_sl_sham,0,small,large,llama_small,llama_large,sham,0,1,fic:8:side3,fic:8:side5,replaced_with_length_nearest_non_support_card,1,1,0,1,fic:8:side1|fic:8:target|fic:8:side5,fic:8:side1|fic:8:target|fic:8:side3,fic:8:side1,3,1,1,0,0,0,1,0,0,0,1,1,1,0,0,0,0,52,55,11,What is the length of the Ruskell Tunnel?,1.3 km,62.4 km,0.0,0.5,0
fic:8|fic:8:A=side1:041cfe3bb131|B=fic:8:side2,fic:8,fic:8:A=side1:041cfe3bb131,fic:8:side1,fic:8:side2,llama,llama_sl_restore,0,small,large,llama_small,llama_large,restore,0,1,fic:8:side2,fic:8:side5,replaced_length_nearest_card,1,1,0,1,fic:8:side1|fic:8:target|fic:8:side5,fic:8:side1|fic:8:target|fic:8:side2,fic:8:side2,3,1,1,0,1,1,1,0,1,1,1,1,1,0,0,0,0,52,56,16,What is the length of the Ruskell Tunnel?,1.3 km,1.3 km,1.0,1.0,1
fic:8|fic:8:A=side1:041cfe3bb131|B=fic:8:side2,fic:8,fic:8:A=side1:041cfe3bb131,fic:8:side1,fic:8:side2,llama,llama_sl_reopen,0,small,large,llama_small,llama_large,reopen,1,0,,,no intervention,1,1,0,1,fic:8:side1|fic:8:target|fic:8:side5,fic:8:side4|fic:8:side1|fic:8:side2|fic:8:side3|fic:8:target|fic:8:side5,fic:8:side2,3,1,1,0,1,1,1,0,1,1,1,1,1,0,0,0,0,52,102,16,What is the length of the Ruskell Tunnel?,1.3 km,1.3 km,1.0,1.0,1
fic:8|fic:8:A=side1:041cfe3bb131|B=fic:8:side2,fic:8,fic:8:A=side1:041cfe3bb131,fic:8:side1,fic:8:side2,qwen,qwen_ss,1,small,small,qwen_small,qwen_small,sealed,0,0,,,no intervention,1,1,0,1,fic:8:side4|fic:8:side1|fic:8:target,fic:8:side4|fic:8:side1|fic:8:target,fic:8:side1,3,1,1,0,0,0,1,0,0,0,1,1,1,0,0,0,0,59,59,11,What is the length of the Ruskell Tunnel?,1.3 km,62.4 km,0.0,0.5,0
fic:8|fic:8:A=side1:041cfe3bb131|B=fic:8:side2,fic:8,fic:8:A=side1:041cfe3bb131,fic:8:side1,fic:8:side2,qwen,qwen_sl,1,small,large,qwen_small,qwen_large,sealed,0,0,,,no intervention,1,1,0,1,fic:8:side4|fic:8:side1|fic:8:target,fic:8:side4|fic:8:side1|fic:8:target,fic:8:side1,3,1,1,0,0,0,1,0,0,0,1,1,1,0,0,0,0,59,59,11,What is the length of the Ruskell Tunnel?,1.3 km,62.4 km,0.0,0.5,0
fic:8|fic:8:A=side1:041cfe3bb131|B=fic:8:side2,fic:8,fic:8:A=side1:041cfe3bb131,fic:8:side1,fic:8:side2,qwen,qwen_ls,1,large,small,qwen_large,qwen_small,sealed,0,0,,,no intervention,1,1,0,1,fic:8:side1|fic:8:target|fic:8:side5,fic:8:side1|fic:8:target|fic:8:side5,fic:8:side1,3,1,1,0,0,0,1,0,0,0,1,1,1,0,0,0,0,52,52,11,What is the length of the Ruskell Tunnel?,1.3 km,62.4 km,0.0,0.5,0
fic:8|fic:8:A=side1:041cfe3bb131|B=fic:8:side2,fic:8,fic:8:A=side1:041cfe3bb131,fic:8:side1,fic:8:side2,qwen,qwen_ll,1,large,large,qwen_large,qwen_large,sealed,0,0,,,no intervention,1,1,0,1,fic:8:side1|fic:8:target|fic:8:side5,fic:8:side1|fic:8:target|fic:8:side5,fic:8:side1,3,1,1,0,0,0,1,0,0,0,1,1,1,0,0,0,0,52,52,11,What is the length of the Ruskell Tunnel?,1.3 km,62.4 km,0.0,0.5,0
fic:8|fic:8:A=side1:041cfe3bb131|B=fic:8:side2,fic:8,fic:8:A=side1:041cfe3bb131,fic:8:side1,fic:8:side2,qwen,qwen_sl_sham,0,small,large,qwen_small,qwen_large,sham,0,1,fic:8:side3,fic:8:side4,replaced_with_length_nearest_non_support_card,1,1,0,1,fic:8:side4|fic:8:side1|fic:8:target,fic:8:side3|fic:8:side1|fic:8:target,,3,0,1,0,0,0,1,0,0,0,1,0,0,0,0,0,0,59,55,3,What is the length of the Ruskell Tunnel?,1.3 km,,0.0,0.0,0
fic:8|fic:8:A=side1:041cfe3bb131|B=fic:8:side2,fic:8,fic:8:A=side1:041cfe3bb131,fic:8:side1,fic:8:side2,qwen,qwen_sl_restore,0,small,large,qwen_small,qwen_large,restore,0,1,fic:8:side2,fic:8:side4,replaced_length_nearest_card,1,1,0,1,fic:8:side4|fic:8:side1|fic:8:target,fic:8:side2|fic:8:side1|fic:8:target,fic:8:side2,3,1,1,0,1,1,1,0,1,1,1,1,1,0,0,0,0,59,56,16,What is the length of the Ruskell Tunnel?,1.3 km,1.3 km,1.0,1.0,1
fic:8|fic:8:A=side1:041cfe3bb131|B=fic:8:side2,fic:8,fic:8:A=side1:041cfe3bb131,fic:8:side1,fic:8:side2,qwen,qwen_sl_reopen,0,small,large,qwen_small,qwen_large,reopen,1,0,,,no intervention,1,1,0,1,fic:8:side4|fic:8:side1|fic:8:target,fic:8:side4|fic:8:side1|fic:8:side2|fic:8:side3|fic:8:target|fic:8:side5,fic:8:side2,3,1,1,0,1,1,1,0,1,1,1,1,1,0,0,0,0,59,102,16,What is the length of the Ruskell Tunnel?,1.3 km,1.3 km,1.0,1.0,1
fic:8|fic:8:A=target:90a2a6aa554f|B=fic:8:side5,fic:8,fic:8:A=target:90a2a6aa554f,fic:8:target,fic:8:side5,llama,llama_ss,1,small,small,llama_small,llama_small,sealed,0,0,,,no intervention,1,1,0,1,fic:8:target|fic:8:side1|fic:8:side4,fic:8:target|fic:8:side1|fic:8:side4,fic:8:side1,3,1,1,0,0,0,1,0,0,0,1,1,1,0,0,0,0,59,59,11,What was the peak commercial tonnage on the canal?,1.4 million tonnes,Insufficient material,0.0,0.0,0
fic:8|fic:8:A=target:90a2a6aa554f|B=fic:8:side5,fic:8,fic:8:A=target:90a2a6aa554f,fic:8:target,fic:8:side5,llama,llama_sl,1,small,large,llama_small,llama_large,sealed,0,0,,,no intervention,1,1,0,1,fic:8:target|fic:8:side1|fic:8:side4,fic:8:target|fic:8:side1|fic:8:side4,fic:8:target,3,1,1,0,0,0,1,0,0,0,1,1,1,0,0,0,0,59,59,29,What was the peak commercial tonnage on the canal?,1.4 million tonnes,480 tonnes,0.0,0.4,0
fic:8|fic:8:A=target:90a2a6aa554f|B=fic:8:side5,fic:8,fic:8:A=target:90a2a6aa554f,fic:8:target,fic:8:side5,llama,llama_ls,1,large,small,llama_large,llama_small,sealed,0,0,,,no intervention,1,1,0,1,fic:8:target|fic:8:side4|fic:8:side1,fic:8:target|fic:8:side4|fic:8:side1,fic:8:side1,3,1,1,0,0,0,1,0,0,0,1,1,1,0,0,0,0,59,59,11,What was the peak commercial tonnage on the canal?,1.4 million tonnes,Insufficient material,0.0,0.0,0
fic:8|fic:8:A=target:90a2a6aa554f|B=fic:8:side5,fic:8,fic:8:A=target:90a2a6aa554f,fic:8:target,fic:8:side5,llama,llama_ll,1,large,large,llama_large,llama_large,sealed,0,0,,,no intervention,1,1,0,1,fic:8:target|fic:8:side4|fic:8:side1,fic:8:target|fic:8:side4|fic:8:side1,fic:8:target,3,1,1,0,0,0,1,0,0,0,1,1,1,0,0,0,0,59,59,29,What was the peak commercial tonnage on the canal?,1.4 million tonnes,480 tonnes,0.0,0.4,0
fic:8|fic:8:A=target:90a2a6aa554f|B=fic:8:side5,fic:8,fic:8:A=target:90a2a6aa554f,fic:8:target,fic:8:side5,llama,llama_sl_sham,0,small,large,llama_small,llama_large,sham,0,1,fic:8:side3,fic:8:side1,replaced_with_length_nearest_non_support_card,1,1,0,1,fic:8:target|fic:8:side1|fic:8:side4,fic:8:target|fic:8:side3|fic:8:side4,fic:8:target,3,1,1,0,0,0,1,0,0,0,1,1,1,0,0,0,0,59,63,29,What was the peak commercial tonnage on the canal?,1.4 million tonnes,480 tonnes,0.0,0.4,0
fic:8|fic:8:A=target:90a2a6aa554f|B=fic:8:side5,fic:8,fic:8:A=target:90a2a6aa554f,fic:8:target,fic:8:side5,llama,llama_sl_restore,0,small,large,llama_small,llama_large,restore,0,1,fic:8:side5,fic:8:side1,replaced_length_nearest_card,1,1,0,1,fic:8:target|fic:8:side1|fic:8:side4,fic:8:target|fic:8:side5|fic:8:side4,fic:8:side5,3,1,1,0,1,1,1,0,1,1,1,1,1,0,0,0,0,59,60,12,What was the peak commercial tonnage on the canal?,1.4 million tonnes,1.4 million tonnes,1.0,1.0,1
fic:8|fic:8:A=target:90a2a6aa554f|B=fic:8:side5,fic:8,fic:8:A=target:90a2a6aa554f,fic:8:target,fic:8:side5,llama,llama_sl_reopen,0,small,large,llama_small,llama_large,reopen,1,0,,,no intervention,1,1,0,1,fic:8:target|fic:8:side1|fic:8:side4,fic:8:side4|fic:8:side1|fic:8:side2|fic:8:side3|fic:8:target|fic:8:side5,fic:8:side5,3,1,1,0,1,1,1,0,1,1,1,1,1,0,0,0,0,59,102,12,What was the peak commercial tonnage on the canal?,1.4 million tonnes,1.4 million tonnes,1.0,1.0,1
fic:8|fic:8:A=target:90a2a6aa554f|B=fic:8:side5,fic:8,fic:8:A=target:90a2a6aa554f,fic:8:target,fic:8:side5,qwen,qwen_ss,1,small,small,qwen_small,qwen_small,sealed,0,0,,,no intervention,0,1,0,1,fic:8:side4|fic:8:target|fic:8:side5,fic:8:side4|fic:8:target|fic:8:side5,fic:8:side5,3,1,1,1,1,1,1,1,1,1,1,1,1,0,0,0,0,60,60,12,What was the peak commercial tonnage on the canal?,1.4 million tonnes,1.4 million tonnes,1.0,1.0,1
fic:8|fic:8:A=target:90a2a6aa554f|B=fic:8:side5,fic:8,fic:8:A=target:90a2a6aa554f,fic:8:target,fic:8:side5,qwen,qwen_sl,1,small,large,qwen_small,qwen_large,sealed,0,0,,,no intervention,0,1,0,1,fic:8:side4|fic:8:target|fic:8:side5,fic:8:side4|fic:8:target|fic:8:side5,fic:8:side5,3,1,1,1,1,1,1,1,1,1,1,1,1,0,0,0,0,60,60,12,What was the peak commercial tonnage on the canal?,1.4 million tonnes,1.4 million tonnes,1.0,1.0,1
fic:8|fic:8:A=target:90a2a6aa554f|B=fic:8:side5,fic:8,fic:8:A=target:90a2a6aa554f,fic:8:target,fic:8:side5,qwen,qwen_ls,1,large,small,qwen_large,qwen_small,sealed,0,0,,,no intervention,1,1,0,1,fic:8:target|fic:8:side4|fic:8:side1,fic:8:target|fic:8:side4|fic:8:side1,fic:8:target,3,1,1,0,0,0,1,0,0,0,1,1,1,0,0,0,0,59,59,29,What was the peak commercial tonnage on the canal?,1.4 million tonnes,480 tonnes,0.0,0.4,0
fic:8|fic:8:A=target:90a2a6aa554f|B=fic:8:side5,fic:8,fic:8:A=target:90a2a6aa554f,fic:8:target,fic:8:side5,qwen,qwen_ll,1,large,large,qwen_large,qwen_large,sealed,0,0,,,no intervention,1,1,0,1,fic:8:target|fic:8:side4|fic:8:side1,fic:8:target|fic:8:side4|fic:8:side1,fic:8:target,3,1,1,0,0,0,1,0,0,0,1,1,1,0,0,0,0,59,59,29,What was the peak commercial tonnage on the canal?,1.4 million tonnes,480 tonnes,0.0,0.4,0
fic:8|fic:8:A=target:90a2a6aa554f|B=fic:8:side5,fic:8,fic:8:A=target:90a2a6aa554f,fic:8:target,fic:8:side5,qwen,qwen_sl_sham,0,small,large,qwen_small,qwen_large,sham,0,0,,,"restore was ineligible, so matched sham is a no-op",0,1,0,1,fic:8:side4|fic:8:target|fic:8:side5,fic:8:side4|fic:8:target|fic:8:side5,fic:8:side5,3,1,1,1,1,1,1,1,1,1,1,1,1,0,0,0,0,60,60,12,What was the peak commercial tonnage on the canal?,1.4 million tonnes,1.4 million tonnes,1.0,1.0,1
fic:8|fic:8:A=target:90a2a6aa554f|B=fic:8:side5,fic:8,fic:8:A=target:90a2a6aa554f,fic:8:target,fic:8:side5,qwen,qwen_sl_restore,0,small,large,qwen_small,qwen_large,restore,0,0,,,support_already_present,0,1,0,1,fic:8:side4|fic:8:target|fic:8:side5,fic:8:side4|fic:8:target|fic:8:side5,fic:8:side5,3,1,1,1,1,1,1,1,1,1,1,1,1,0,0,0,0,60,60,12,What was the peak commercial tonnage on the canal?,1.4 million tonnes,1.4 million tonnes,1.0,1.0,1
fic:8|fic:8:A=target:90a2a6aa554f|B=fic:8:side5,fic:8,fic:8:A=target:90a2a6aa554f,fic:8:target,fic:8:side5,qwen,qwen_sl_reopen,0,small,large,qwen_small,qwen_large,reopen,1,0,,,no intervention,0,1,0,1,fic:8:side4|fic:8:target|fic:8:side5,fic:8:side4|fic:8:side1|fic:8:side2|fic:8:side3|fic:8:target|fic:8:side5,fic:8:side5,3,1,1,1,1,1,1,1,1,1,1,1,1,0,0,0,0,60,102,12,What was the peak commercial tonnage on the canal?,1.4 million tonnes,1.4 million tonnes,1.0,1.0,1
fic:8|fic:8:A=side3:a3e680084363|B=fic:8:target,fic:8,fic:8:A=side3:a3e680084363,fic:8:side3,fic:8:target,llama,llama_ss,1,small,small,llama_small,llama_small,sealed,0,0,,,no intervention,0,1,0,1,fic:8:side3|fic:8:side1|fic:8:target,fic:8:side3|fic:8:side1|fic:8:target,fic:8:target,3,1,1,1,1,1,1,1,1,1,1,1,1,0,0,0,0,55,55,29,On what date was the Ardolen Canal opened to through traffic?,17 Luthen 1907,17 Luthen 1907,1.0,1.0,1
fic:8|fic:8:A=side3:a3e680084363|B=fic:8:target,fic:8,fic:8:A=side3:a3e680084363,fic:8:side3,fic:8:target,llama,llama_sl,1,small,large,llama_small,llama_large,sealed,0,0,,,no intervention,0,1,0,1,fic:8:side3|fic:8:side1|fic:8:target,fic:8:side3|fic:8:side1|fic:8:target,fic:8:target,3,1,1,1,1,1,1,1,1,1,1,1,1,0,0,0,0,55,55,29,On what date was the Ardolen Canal opened to through traffic?,17 Luthen 1907,17 Luthen 1907,1.0,1.0,1
fic:8|fic:8:A=side3:a3e680084363|B=fic:8:target,fic:8,fic:8:A=side3:a3e680084363,fic:8:side3,fic:8:target,llama,llama_ls,1,large,small,llama_large,llama_small,sealed,0,0,,,no intervention,0,1,0,1,fic:8:side3|fic:8:side4|fic:8:target,fic:8:side3|fic:8:side4|fic:8:target,fic:8:target,3,1,1,1,1,1,1,1,1,1,1,1,1,0,0,0,0,63,63,29,On what date was the Ardolen Canal opened to through traffic?,17 Luthen 1907,17 Luthen 1907,1.0,1.0,1
fic:8|fic:8:A=side3:a3e680084363|B=fic:8:target,fic:8,fic:8:A=side3:a3e680084363,fic:8:side3,fic:8:target,llama,llama_ll,1,large,large,llama_large,llama_large,sealed,0,0,,,no intervention,0,1,0,1,fic:8:side3|fic:8:side4|fic:8:target,fic:8:side3|fic:8:side4|fic:8:target,fic:8:target,3,1,1,1,1,1,1,1,1,1,1,1,1,0,0,0,0,63,63,29,On what date was the Ardolen Canal opened to through traffic?,17 Luthen 1907,17 Luthen 1907,1.0,1.0,1
fic:8|fic:8:A=side3:a3e680084363|B=fic:8:target,fic:8,fic:8:A=side3:a3e680084363,fic:8:side3,fic:8:target,llama,llama_sl_sham,0,small,large,llama_small,llama_large,sham,0,0,,,"restore was ineligible, so matched sham is a no-op",0,1,0,1,fic:8:side3|fic:8:side1|fic:8:target,fic:8:side3|fic:8:side1|fic:8:target,fic:8:target,3,1,1,1,1,1,1,1,1,1,1,1,1,0,0,0,0,55,55,29,On what date was the Ardolen Canal opened to through traffic?,17 Luthen 1907,17 Luthen 1907,1.0,1.0,1
fic:8|fic:8:A=side3:a3e680084363|B=fic:8:target,fic:8,fic:8:A=side3:a3e680084363,fic:8:side3,fic:8:target,llama,llama_sl_restore,0,small,large,llama_small,llama_large,restore,0,0,,,support_already_present,0,1,0,1,fic:8:side3|fic:8:side1|fic:8:target,fic:8:side3|fic:8:side1|fic:8:target,fic:8:target,3,1,1,1,1,1,1,1,1,1,1,1,1,0,0,0,0,55,55,29,On what date was the Ardolen Canal opened to through traffic?,17 Luthen 1907,17 Luthen 1907,1.0,1.0,1
fic:8|fic:8:A=side3:a3e680084363|B=fic:8:target,fic:8,fic:8:A=side3:a3e680084363,fic:8:side3,fic:8:target,llama,llama_sl_reopen,0,small,large,llama_small,llama_large,reopen,1,0,,,no intervention,0,1,0,1,fic:8:side3|fic:8:side1|fic:8:target,fic:8:side4|fic:8:side1|fic:8:side2|fic:8:side3|fic:8:target|fic:8:side5,fic:8:target,3,1,1,1,1,1,1,1,1,1,1,1,1,0,0,0,0,55,102,29,On what date was the Ardolen Canal opened to through traffic?,17 Luthen 1907,17 Luthen 1907,1.0,1.0,1
fic:8|fic:8:A=side3:a3e680084363|B=fic:8:target,fic:8,fic:8:A=side3:a3e680084363,fic:8:side3,fic:8:target,qwen,qwen_ss,1,small,small,qwen_small,qwen_small,sealed,0,0,,,no intervention,0,1,0,1,fic:8:side3|fic:8:target|fic:8:side5,fic:8:side3|fic:8:target|fic:8:side5,fic:8:target,3,1,1,1,1,1,1,1,1,1,1,1,1,0,0,0,0,56,56,29,On what date was the Ardolen Canal opened to through traffic?,17 Luthen 1907,17 Luthen 1907,1.0,1.0,1
fic:8|fic:8:A=side3:a3e680084363|B=fic:8:target,fic:8,fic:8:A=side3:a3e680084363,fic:8:side3,fic:8:target,qwen,qwen_sl,1,small,large,qwen_small,qwen_large,sealed,0,0,,,no intervention,0,1,0,1,fic:8:side3|fic:8:target|fic:8:side5,fic:8:side3|fic:8:target|fic:8:side5,fic:8:target,3,1,1,1,1,1,1,1,1,1,1,1,1,0,0,0,0,56,56,29,On what date was the Ardolen Canal opened to through traffic?,17 Luthen 1907,17 Luthen 1907,1.0,1.0,1
fic:8|fic:8:A=side3:a3e680084363|B=fic:8:target,fic:8,fic:8:A=side3:a3e680084363,fic:8:side3,fic:8:target,qwen,qwen_ls,1,large,small,qwen_large,qwen_small,sealed,0,0,,,no intervention,1,1,0,1,fic:8:side3|fic:8:side1|fic:8:side2,fic:8:side3|fic:8:side1|fic:8:side2,fic:8:side1,3,1,1,0,0,0,1,0,0,0,1,1,1,0,0,0,0,42,42,11,On what date was the Ardolen Canal opened to through traffic?,17 Luthen 1907,Insufficient material,0.0,0.0,0
fic:8|fic:8:A=side3:a3e680084363|B=fic:8:target,fic:8,fic:8:A=side3:a3e680084363,fic:8:side3,fic:8:target,qwen,qwen_ll,1,large,large,qwen_large,qwen_large,sealed,0,0,,,no intervention,1,1,0,1,fic:8:side3|fic:8:side1|fic:8:side2,fic:8:side3|fic:8:side1|fic:8:side2,fic:8:side1,3,1,1,0,0,0,1,0,0,0,1,1,1,0,0,0,0,42,42,11,On what date was the Ardolen Canal opened to through traffic?,17 Luthen 1907,Insufficient material,0.0,0.0,0
fic:8|fic:8:A=side3:a3e680084363|B=fic:8:target,fic:8,fic:8:A=side3:a3e680084363,fic:8:side3,fic:8:target,qwen,qwen_sl_sham,0,small,large,qwen_small,qwen_large,sham,0,0,,,"restore was ineligible, so matched sham is a no-op",0,1,0,1,fic:8:side3|fic:8:target|fic:8:side5,fic:8:side3|fic:8:target|fic:8:side5,fic:8:target,3,1,1,1,1,1,1,1,1,1,1,1,1,0,0,0,0,56,56,29,On what date was the Ardolen Canal opened to through traffic?,17 Luthen 1907,17 Luthen 1907,1.0,1.0,1
fic:8|fic:8:A=side3:a3e680084363|B=fic:8:target,fic:8,fic:8:A=side3:a3e680084363,fic:8:side3,fic:8:target,qwen,qwen_sl_restore,0,small,large,qwen_small,qwen_large,restore,0,0,,,support_already_present,0,1,0,1,fic:8:side3|fic:8:target|fic:8:side5,fic:8:side3|fic:8:target|fic:8:side5,fic:8:target,3,1,1,1,1,1,1,1,1,1,1,1,1,0,0,0,0,56,56,29,On what date was the Ardolen Canal opened to through traffic?,17 Luthen 1907,17 Luthen 1907,1.0,1.0,1
fic:8|fic:8:A=side3:a3e680084363|B=fic:8:target,fic:8,fic:8:A=side3:a3e680084363,fic:8:side3,fic:8:target,qwen,qwen_sl_reopen,0,small,large,qwen_small,qwen_large,reopen,1,0,,,no intervention,0,1,0,1,fic:8:side3|fic:8:target|fic:8:side5,fic:8:side4|fic:8:side1|fic:8:side2|fic:8:side3|fic:8:target|fic:8:side5,fic:8:target,3,1,1,1,1,1,1,1,1,1,1,1,1,0,0,0,0,56,102,29,On what date was the Ardolen Canal opened to through traffic?,17 Luthen 1907,17 Luthen 1907,1.0,1.0,1
fic:9|fic:9:A=side5:db0fb474c7ee|B=fic:9:side1,fic:9,fic:9:A=side5:db0fb474c7ee,fic:9:side5,fic:9:side1,llama,llama_ss,1,small,small,llama_small,llama_small,sealed,0,0,,,no intervention,1,1,0,1,fic:9:side5|fic:9:side4|fic:9:target,fic:9:side5|fic:9:side4|fic:9:target,fic:9:side4,3,1,1,0,0,0,1,0,0,0,1,1,1,0,0,0,0,63,63,13,What family is the Vyrnish ripple-salamander placed in?,Drelphidae,Ruzhar,0.0,0.0,0
fic:9|fic:9:A=side5:db0fb474c7ee|B=fic:9:side1,fic:9,fic:9:A=side5:db0fb474c7ee,fic:9:side5,fic:9:side1,llama,llama_sl,1,small,large,llama_small,llama_large,sealed,0,0,,,no intervention,1,1,0,1,fic:9:side5|fic:9:side4|fic:9:target,fic:9:side5|fic:9:side4|fic:9:target,fic:9:target,3,1,1,0,0,0,1,0,0,0,1,1,1,0,0,0,0,63,63,34,What family is the Vyrnish ripple-salamander placed in?,Drelphidae,Vyrnidae,0.0,0.0,0
fic:9|fic:9:A=side5:db0fb474c7ee|B=fic:9:side1,fic:9,fic:9:A=side5:db0fb474c7ee,fic:9:side5,fic:9:side1,llama,llama_ls,1,large,small,llama_large,llama_small,sealed,0,0,,,no intervention,1,1,0,1,fic:9:side5|fic:9:side3|fic:9:target,fic:9:side5|fic:9:side3|fic:9:target,fic:9:side5,3,1,1,0,0,0,1,0,0,0,1,1,1,0,0,0,0,65,65,16,What family is the Vyrnish ripple-salamander placed in?,Drelphidae,Vyrnish,0.0,0.0,0
fic:9|fic:9:A=side5:db0fb474c7ee|B=fic:9:side1,fic:9,fic:9:A=side5:db0fb474c7ee,fic:9:side5,fic:9:side1,llama,llama_ll,1,large,large,llama_large,llama_large,sealed,0,0,,,no intervention,1,1,0,1,fic:9:side5|fic:9:side3|fic:9:target,fic:9:side5|fic:9:side3|fic:9:target,fic:9:target,3,1,1,0,0,0,1,0,0,0,1,1,1,0,0,0,0,65,65,34,What family is the Vyrnish ripple-salamander placed in?,Drelphidae,Vyrnidae,0.0,0.0,0
fic:9|fic:9:A=side5:db0fb474c7ee|B=fic:9:side1,fic:9,fic:9:A=side5:db0fb474c7ee,fic:9:side5,fic:9:side1,llama,llama_sl_sham,0,small,large,llama_small,llama_large,sham,0,1,fic:9:side2,fic:9:side4,replaced_with_length_nearest_non_support_card,1,1,0,1,fic:9:side5|fic:9:side4|fic:9:target,fic:9:side5|fic:9:side2|fic:9:target,fic:9:side2,3,1,1,0,0,0,1,0,0,0,1,1,1,0,0,0,0,63,63,13,What family is the Vyrnish ripple-salamander placed in?,Drelphidae,Lyravoridae,0.0,0.0,0
fic:9|fic:9:A=side5:db0fb474c7ee|B=fic:9:side1,fic:9,fic:9:A=side5:db0fb474c7ee,fic:9:side5,fic:9:side1,llama,llama_sl_restore,0,small,large,llama_small,llama_large,restore,0,1,fic:9:side1,fic:9:side4,replaced_length_nearest_card,1,1,0,1,fic:9:side5|fic:9:side4|fic:9:target,fic:9:side5|fic:9:side1|fic:9:target,fic:9:side1,3,1,1,0,1,1,1,0,1,1,1,1,1,0,0,0,0,63,64,14,What family is the Vyrnish ripple-salamander placed in?,Drelphidae,Drelphidae,1.0,1.0,1
fic:9|fic:9:A=side5:db0fb474c7ee|B=fic:9:side1,fic:9,fic:9:A=side5:db0fb474c7ee,fic:9:side5,fic:9:side1,llama,llama_sl_reopen,0,small,large,llama_small,llama_large,reopen,1,0,,,no intervention,1,1,0,1,fic:9:side5|fic:9:side4|fic:9:target,fic:9:side5|fic:9:side1|fic:9:side4|fic:9:side3|fic:9:target|fic:9:side2,fic:9:side1,3,1,1,0,1,1,1,0,1,1,1,1,1,0,0,0,0,63,105,14,What family is the Vyrnish ripple-salamander placed in?,Drelphidae,Drelphidae,1.0,1.0,1
fic:9|fic:9:A=side5:db0fb474c7ee|B=fic:9:side1,fic:9,fic:9:A=side5:db0fb474c7ee,fic:9:side5,fic:9:side1,qwen,qwen_ss,1,small,small,qwen_small,qwen_small,sealed,0,0,,,no intervention,1,1,0,1,fic:9:side5|fic:9:target|fic:9:side3,fic:9:side5|fic:9:target|fic:9:side3,,3,0,1,0,0,0,1,0,0,0,1,0,0,0,0,0,0,65,65,3,What family is the Vyrnish ripple-salamander placed in?,Drelphidae,,0.0,0.0,0
fic:9|fic:9:A=side5:db0fb474c7ee|B=fic:9:side1,fic:9,fic:9:A=side5:db0fb474c7ee,fic:9:side5,fic:9:side1,qwen,qwen_sl,1,small,large,qwen_small,qwen_large,sealed,0,0,,,no intervention,1,1,0,1,fic:9:side5|fic:9:target|fic:9:side3,fic:9:side5|fic:9:target|fic:9:side3,fic:9:target,3,1,1,0,0,0,1,0,0,0,1,1,1,0,0,0,0,65,65,34,What family is the Vyrnish ripple-salamander placed in?,Drelphidae,Vyrnidae,0.0,0.0,0
fic:9|fic:9:A=side5:db0fb474c7ee|B=fic:9:side1,fic:9,fic:9:A=side5:db0fb474c7ee,fic:9:side5,fic:9:side1,qwen,qwen_ls,1,large,small,qwen_large,qwen_small,sealed,0,0,,,no intervention,1,1,0,1,fic:9:side5|fic:9:target|fic:9:side3,fic:9:side5|fic:9:target|fic:9:side3,,3,0,1,0,0,0,1,0,0,0,1,0,0,0,0,0,0,65,65,3,What family is the Vyrnish ripple-salamander placed in?,Drelphidae,,0.0,0.0,0
fic:9|fic:9:A=side5:db0fb474c7ee|B=fic:9:side1,fic:9,fic:9:A=side5:db0fb474c7ee,fic:9:side5,fic:9:side1,qwen,qwen_ll,1,large,large,qwen_large,qwen_large,sealed,0,0,,,no intervention,1,1,0,1,fic:9:side5|fic:9:target|fic:9:side3,fic:9:side5|fic:9:target|fic:9:side3,fic:9:target,3,1,1,0,0,0,1,0,0,0,1,1,1,0,0,0,0,65,65,34,What family is the Vyrnish ripple-salamander placed in?,Drelphidae,Vyrnidae,0.0,0.0,0
fic:9|fic:9:A=side5:db0fb474c7ee|B=fic:9:side1,fic:9,fic:9:A=side5:db0fb474c7ee,fic:9:side5,fic:9:side1,qwen,qwen_sl_sham,0,small,large,qwen_small,qwen_large,sham,0,1,fic:9:side2,fic:9:side3,replaced_with_length_nearest_non_support_card,1,1,0,1,fic:9:side5|fic:9:target|fic:9:side3,fic:9:side5|fic:9:target|fic:9:side2,fic:9:side2,3,1,1,0,0,0,1,0,0,0,1,1,1,0,0,0,0,65,63,13,What family is the Vyrnish ripple-salamander placed in?,Drelphidae,Lyravoridae,0.0,0.0,0
fic:9|fic:9:A=side5:db0fb474c7ee|B=fic:9:side1,fic:9,fic:9:A=side5:db0fb474c7ee,fic:9:side5,fic:9:side1,qwen,qwen_sl_restore,0,small,large,qwen_small,qwen_large,restore,0,1,fic:9:side1,fic:9:side3,replaced_length_nearest_card,1,1,0,1,fic:9:side5|fic:9:target|fic:9:side3,fic:9:side5|fic:9:target|fic:9:side1,fic:9:side1,3,1,1,0,1,1,1,0,1,1,1,1,1,0,0,0,0,65,64,14,What family is the Vyrnish ripple-salamander placed in?,Drelphidae,Drelphidae,1.0,1.0,1
fic:9|fic:9:A=side5:db0fb474c7ee|B=fic:9:side1,fic:9,fic:9:A=side5:db0fb474c7ee,fic:9:side5,fic:9:side1,qwen,qwen_sl_reopen,0,small,large,qwen_small,qwen_large,reopen,1,0,,,no intervention,1,1,0,1,fic:9:side5|fic:9:target|fic:9:side3,fic:9:side5|fic:9:side1|fic:9:side4|fic:9:side3|fic:9:target|fic:9:side2,fic:9:side1,3,1,1,0,1,1,1,0,1,1,1,1,1,0,0,0,0,65,105,14,What family is the Vyrnish ripple-salamander placed in?,Drelphidae,Drelphidae,1.0,1.0,1
fic:9|fic:9:A=side1:0859b9799924|B=fic:9:side4,fic:9,fic:9:A=side1:0859b9799924,fic:9:side1,fic:9:side4,llama,llama_ss,1,small,small,llama_small,llama_small,sealed,0,0,,,no intervention,0,1,0,1,fic:9:side1|fic:9:side4|fic:9:target,fic:9:side1|fic:9:side4|fic:9:target,fic:9:side4,3,1,1,1,1,1,1,1,1,1,1,1,1,0,0,0,0,61,61,13,What is one accession code listed for Ruzhar’s original series?,VAH-1923-44g,VAH-1923-44g,1.0,1.0,1
fic:9|fic:9:A=side1:0859b9799924|B=fic:9:side4,fic:9,fic:9:A=side1:0859b9799924,fic:9:side1,fic:9:side4,llama,llama_sl,1,small,large,llama_small,llama_large,sealed,0,0,,,no intervention,0,1,0,1,fic:9:side1|fic:9:side4|fic:9:target,fic:9:side1|fic:9:side4|fic:9:target,fic:9:side4,3,1,1,1,1,1,1,1,1,1,1,1,1,0,0,0,0,61,61,13,What is one accession code listed for Ruzhar’s original series?,VAH-1923-44g,VAH-1923-44g,1.0,1.0,1
fic:9|fic:9:A=side1:0859b9799924|B=fic:9:side4,fic:9,fic:9:A=side1:0859b9799924,fic:9:side1,fic:9:side4,llama,llama_ls,1,large,small,llama_large,llama_small,sealed,0,0,,,no intervention,1,1,0,1,fic:9:side1|fic:9:target|fic:9:side3,fic:9:side1|fic:9:target|fic:9:side3,fic:9:target,3,1,1,0,0,0,1,0,0,0,1,1,1,0,0,0,0,63,63,34,What is one accession code listed for Ruzhar’s original series?,VAH-1923-44g,C05,0.0,0.0,0
fic:9|fic:9:A=side1:0859b9799924|B=fic:9:side4,fic:9,fic:9:A=side1:0859b9799924,fic:9:side1,fic:9:side4,llama,llama_ll,1,large,large,llama_large,llama_large,sealed,0,0,,,no intervention,1,1,0,1,fic:9:side1|fic:9:target|fic:9:side3,fic:9:side1|fic:9:target|fic:9:side3,fic:9:target,3,1,1,0,0,0,1,0,0,0,1,1,1,0,0,0,0,63,63,34,What is one accession code listed for Ruzhar’s original series?,VAH-1923-44g,C05,0.0,0.0,0
fic:9|fic:9:A=side1:0859b9799924|B=fic:9:side4,fic:9,fic:9:A=side1:0859b9799924,fic:9:side1,fic:9:side4,llama,llama_sl_sham,0,small,large,llama_small,llama_large,sham,0,0,,,"restore was ineligible, so matched sham is a no-op",0,1,0,1,fic:9:side1|fic:9:side4|fic:9:target,fic:9:side1|fic:9:side4|fic:9:target,fic:9:side4,3,1,1,1,1,1,1,1,1,1,1,1,1,0,0,0,0,61,61,13,What is one accession code listed for Ruzhar’s original series?,VAH-1923-44g,VAH-1923-44g,1.0,1.0,1
fic:9|fic:9:A=side1:0859b9799924|B=fic:9:side4,fic:9,fic:9:A=side1:0859b9799924,fic:9:side1,fic:9:side4,llama,llama_sl_restore,0,small,large,llama_small,llama_large,restore,0,0,,,support_already_present,0,1,0,1,fic:9:side1|fic:9:side4|fic:9:target,fic:9:side1|fic:9:side4|fic:9:target,fic:9:side4,3,1,1,1,1,1,1,1,1,1,1,1,1,0,0,0,0,61,61,13,What is one accession code listed for Ruzhar’s original series?,VAH-1923-44g,VAH-1923-44g,1.0,1.0,1
fic:9|fic:9:A=side1:0859b9799924|B=fic:9:side4,fic:9,fic:9:A=side1:0859b9799924,fic:9:side1,fic:9:side4,llama,llama_sl_reopen,0,small,large,llama_small,llama_large,reopen,1,0,,,no intervention,0,1,0,1,fic:9:side1|fic:9:side4|fic:9:target,fic:9:side5|fic:9:side1|fic:9:side4|fic:9:side3|fic:9:target|fic:9:side2,fic:9:side4,3,1,1,1,1,1,1,1,1,1,1,1,1,0,0,0,0,61,105,13,What is one accession code listed for Ruzhar’s original series?,VAH-1923-44g,VAH-1923-44g,1.0,1.0,1
fic:9|fic:9:A=side1:0859b9799924|B=fic:9:side4,fic:9,fic:9:A=side1:0859b9799924,fic:9:side1,fic:9:side4,qwen,qwen_ss,1,small,small,qwen_small,qwen_small,sealed,0,0,,,no intervention,1,1,0,1,fic:9:side1|fic:9:target|fic:9:side2,fic:9:side1|fic:9:target|fic:9:side2,fic:9:target,3,1,1,0,0,0,1,0,0,0,1,1,1,0,0,0,0,61,61,34,What is one accession code listed for Ruzhar’s original series?,VAH-1923-44g,C05,0.0,0.0,0
fic:9|fic:9:A=side1:0859b9799924|B=fic:9:side4,fic:9,fic:9:A=side1:0859b9799924,fic:9:side1,fic:9:side4,qwen,qwen_sl,1,small,large,qwen_small,qwen_large,sealed,0,0,,,no intervention,1,1,0,1,fic:9:side1|fic:9:target|fic:9:side2,fic:9:side1|fic:9:target|fic:9:side2,fic:9:target,3,1,1,0,0,0,1,0,0,0,1,1,1,0,0,0,0,61,61,34,What is one accession code listed for Ruzhar’s original series?,VAH-1923-44g,C05,0.0,0.0,0
fic:9|fic:9:A=side1:0859b9799924|B=fic:9:side4,fic:9,fic:9:A=side1:0859b9799924,fic:9:side1,fic:9:side4,qwen,qwen_ls,1,large,small,qwen_large,qwen_small,sealed,0,0,,,no intervention,1,1,0,1,fic:9:side1|fic:9:target|fic:9:side2,fic:9:side1|fic:9:target|fic:9:side2,fic:9:target,3,1,1,0,0,0,1,0,0,0,1,1,1,0,0,0,0,61,61,34,What is one accession code listed for Ruzhar’s original series?,VAH-1923-44g,C05,0.0,0.0,0
fic:9|fic:9:A=side1:0859b9799924|B=fic:9:side4,fic:9,fic:9:A=side1:0859b9799924,fic:9:side1,fic:9:side4,qwen,qwen_ll,1,large,large,qwen_large,qwen_large,sealed,0,0,,,no intervention,1,1,0,1,fic:9:side1|fic:9:target|fic:9:side2,fic:9:side1|fic:9:target|fic:9:side2,fic:9:target,3,1,1,0,0,0,1,0,0,0,1,1,1,0,0,0,0,61,61,34,What is one accession code listed for Ruzhar’s original series?,VAH-1923-44g,C05,0.0,0.0,0
fic:9|fic:9:A=side1:0859b9799924|B=fic:9:side4,fic:9,fic:9:A=side1:0859b9799924,fic:9:side1,fic:9:side4,qwen,qwen_sl_sham,0,small,large,qwen_small,qwen_large,sham,0,1,fic:9:side3,fic:9:side2,replaced_with_length_nearest_non_support_card,1,1,0,1,fic:9:side1|fic:9:target|fic:9:side2,fic:9:side1|fic:9:target|fic:9:side3,fic:9:target,3,1,1,0,0,0,1,0,0,0,1,1,1,0,0,0,0,61,63,34,What is one accession code listed for Ruzhar’s original series?,VAH-1923-44g,C05,0.0,0.0,0
fic:9|fic:9:A=side1:0859b9799924|B=fic:9:side4,fic:9,fic:9:A=side1:0859b9799924,fic:9:side1,fic:9:side4,qwen,qwen_sl_restore,0,small,large,qwen_small,qwen_large,restore,0,1,fic:9:side4,fic:9:side2,replaced_length_nearest_card,1,1,0,1,fic:9:side1|fic:9:target|fic:9:side2,fic:9:side1|fic:9:target|fic:9:side4,fic:9:side4,3,1,1,0,1,1,1,0,1,1,1,1,1,0,0,0,0,61,61,13,What is one accession code listed for Ruzhar’s original series?,VAH-1923-44g,VAH-1923-44g,1.0,1.0,1
fic:9|fic:9:A=side1:0859b9799924|B=fic:9:side4,fic:9,fic:9:A=side1:0859b9799924,fic:9:side1,fic:9:side4,qwen,qwen_sl_reopen,0,small,large,qwen_small,qwen_large,reopen,1,0,,,no intervention,1,1,0,1,fic:9:side1|fic:9:target|fic:9:side2,fic:9:side5|fic:9:side1|fic:9:side4|fic:9:side3|fic:9:target|fic:9:side2,fic:9:side4,3,1,1,0,1,1,1,0,1,1,1,1,1,0,0,0,0,61,105,13,What is one accession code listed for Ruzhar’s original series?,VAH-1923-44g,VAH-1923-44g,1.0,1.0,1
fic:9|fic:9:A=target:ce4003a94b8d|B=fic:9:side2,fic:9,fic:9:A=target:ce4003a94b8d,fic:9:target,fic:9:side2,llama,llama_ss,1,small,small,llama_small,llama_small,sealed,0,0,,,no intervention,1,1,0,1,fic:9:side5|fic:9:side4|fic:9:target,fic:9:side5|fic:9:side4|fic:9:target,fic:9:side4,3,1,1,0,0,0,1,0,0,0,1,1,1,0,0,0,0,63,63,13,What order is the species placed in?,Lyravora,No answer,0.0,0.0,0
fic:9|fic:9:A=target:ce4003a94b8d|B=fic:9:side2,fic:9,fic:9:A=target:ce4003a94b8d,fic:9:target,fic:9:side2,llama,llama_sl,1,small,large,llama_small,llama_large,sealed,0,0,,,no intervention,1,1,0,1,fic:9:side5|fic:9:side4|fic:9:target,fic:9:side5|fic:9:side4|fic:9:target,fic:9:target,3,1,1,0,0,0,1,0,0,0,1,1,1,0,0,0,0,63,63,34,What order is the species placed in?,Lyravora,Insufficient material,0.0,0.0,0
fic:9|fic:9:A=target:ce4003a94b8d|B=fic:9:side2,fic:9,fic:9:A=target:ce4003a94b8d,fic:9:target,fic:9:side2,llama,llama_ls,1,large,small,llama_large,llama_small,sealed,0,0,,,no intervention,1,1,0,1,fic:9:target|fic:9:side1|fic:9:side3,fic:9:target|fic:9:side1|fic:9:side3,fic:9:side1,3,1,1,0,0,0,1,0,0,0,1,1,1,0,0,0,0,63,63,14,What order is the species placed in?,Lyravora,Drelphidae,0.0,0.0,0
fic:9|fic:9:A=target:ce4003a94b8d|B=fic:9:side2,fic:9,fic:9:A=target:ce4003a94b8d,fic:9:target,fic:9:side2,llama,llama_ll,1,large,large,llama_large,llama_large,sealed,0,0,,,no intervention,1,1,0,1,fic:9:target|fic:9:side1|fic:9:side3,fic:9:target|fic:9:side1|fic:9:side3,fic:9:side1,3,1,1,0,0,0,1,0,0,0,1,1,1,0,0,0,0,63,63,14,What order is the species placed in?,Lyravora,Drelphidae,0.0,0.0,0
fic:9|fic:9:A=target:ce4003a94b8d|B=fic:9:side2,fic:9,fic:9:A=target:ce4003a94b8d,fic:9:target,fic:9:side2,llama,llama_sl_sham,0,small,large,llama_small,llama_large,sham,0,1,fic:9:side1,fic:9:side4,replaced_with_length_nearest_non_support_card,1,1,0,1,fic:9:side5|fic:9:side4|fic:9:target,fic:9:side5|fic:9:side1|fic:9:target,fic:9:side1,3,1,1,0,0,0,1,0,0,0,1,1,1,0,0,0,0,63,64,14,What order is the species placed in?,Lyravora,Drelphidae,0.0,0.0,0
fic:9|fic:9:A=target:ce4003a94b8d|B=fic:9:side2,fic:9,fic:9:A=target:ce4003a94b8d,fic:9:target,fic:9:side2,llama,llama_sl_restore,0,small,large,llama_small,llama_large,restore,0,1,fic:9:side2,fic:9:side4,replaced_length_nearest_card,1,1,0,1,fic:9:side5|fic:9:side4|fic:9:target,fic:9:side5|fic:9:side2|fic:9:target,fic:9:side2,3,1,1,0,1,1,1,0,1,1,1,1,1,0,0,0,0,63,63,13,What order is the species placed in?,Lyravora,Lyravora,1.0,1.0,1
fic:9|fic:9:A=target:ce4003a94b8d|B=fic:9:side2,fic:9,fic:9:A=target:ce4003a94b8d,fic:9:target,fic:9:side2,llama,llama_sl_reopen,0,small,large,llama_small,llama_large,reopen,1,0,,,no intervention,1,1,0,1,fic:9:side5|fic:9:side4|fic:9:target,fic:9:side5|fic:9:side1|fic:9:side4|fic:9:side3|fic:9:target|fic:9:side2,fic:9:side2,3,1,1,0,1,1,1,0,1,1,1,1,1,0,0,0,0,63,105,13,What order is the species placed in?,Lyravora,Lyravora,1.0,1.0,1
fic:9|fic:9:A=target:ce4003a94b8d|B=fic:9:side2,fic:9,fic:9:A=target:ce4003a94b8d,fic:9:target,fic:9:side2,qwen,qwen_ss,1,small,small,qwen_small,qwen_small,sealed,0,0,,,no intervention,0,1,0,1,fic:9:target|fic:9:side1|fic:9:side2,fic:9:target|fic:9:side1|fic:9:side2,fic:9:side2,3,1,1,1,1,1,1,1,1,1,1,1,1,0,0,0,0,61,61,13,What order is the species placed in?,Lyravora,Lyravora,1.0,1.0,1
fic:9|fic:9:A=target:ce4003a94b8d|B=fic:9:side2,fic:9,fic:9:A=target:ce4003a94b8d,fic:9:target,fic:9:side2,qwen,qwen_sl,1,small,large,qwen_small,qwen_large,sealed,0,0,,,no intervention,0,1,0,1,fic:9:target|fic:9:side1|fic:9:side2,fic:9:target|fic:9:side1|fic:9:side2,fic:9:side2,3,1,1,1,1,1,1,1,1,1,1,1,1,0,0,0,0,61,61,13,What order is the species placed in?,Lyravora,Lyravora,1.0,1.0,1
fic:9|fic:9:A=target:ce4003a94b8d|B=fic:9:side2,fic:9,fic:9:A=target:ce4003a94b8d,fic:9:target,fic:9:side2,qwen,qwen_ls,1,large,small,qwen_large,qwen_small,sealed,0,0,,,no intervention,0,1,0,1,fic:9:side4|fic:9:target|fic:9:side2,fic:9:side4|fic:9:target|fic:9:side2,fic:9:side2,3,1,1,1,1,1,1,1,1,1,1,1,1,0,0,0,0,60,60,13,What order is the species placed in?,Lyravora,Lyravora,1.0,1.0,1
fic:9|fic:9:A=target:ce4003a94b8d|B=fic:9:side2,fic:9,fic:9:A=target:ce4003a94b8d,fic:9:target,fic:9:side2,qwen,qwen_ll,1,large,large,qwen_large,qwen_large,sealed,0,0,,,no intervention,0,1,0,1,fic:9:side4|fic:9:target|fic:9:side2,fic:9:side4|fic:9:target|fic:9:side2,fic:9:side2,3,1,1,1,1,1,1,1,1,1,1,1,1,0,0,0,0,60,60,13,What order is the species placed in?,Lyravora,Lyravora,1.0,1.0,1
fic:9|fic:9:A=target:ce4003a94b8d|B=fic:9:side2,fic:9,fic:9:A=target:ce4003a94b8d,fic:9:target,fic:9:side2,qwen,qwen_sl_sham,0,small,large,qwen_small,qwen_large,sham,0,0,,,"restore was ineligible, so matched sham is a no-op",0,1,0,1,fic:9:target|fic:9:side1|fic:9:side2,fic:9:target|fic:9:side1|fic:9:side2,fic:9:side2,3,1,1,1,1,1,1,1,1,1,1,1,1,0,0,0,0,61,61,13,What order is the species placed in?,Lyravora,Lyravora,1.0,1.0,1
fic:9|fic:9:A=target:ce4003a94b8d|B=fic:9:side2,fic:9,fic:9:A=target:ce4003a94b8d,fic:9:target,fic:9:side2,qwen,qwen_sl_restore,0,small,large,qwen_small,qwen_large,restore,0,0,,,support_already_present,0,1,0,1,fic:9:target|fic:9:side1|fic:9:side2,fic:9:target|fic:9:side1|fic:9:side2,fic:9:side2,3,1,1,1,1,1,1,1,1,1,1,1,1,0,0,0,0,61,61,13,What order is the species placed in?,Lyravora,Lyravora,1.0,1.0,1
fic:9|fic:9:A=target:ce4003a94b8d|B=fic:9:side2,fic:9,fic:9:A=target:ce4003a94b8d,fic:9:target,fic:9:side2,qwen,qwen_sl_reopen,0,small,large,qwen_small,qwen_large,reopen,1,0,,,no intervention,0,1,0,1,fic:9:target|fic:9:side1|fic:9:side2,fic:9:side5|fic:9:side1|fic:9:side4|fic:9:side3|fic:9:target|fic:9:side2,fic:9:side2,3,1,1,1,1,1,1,1,1,1,1,1,1,0,0,0,0,61,105,13,What order is the species placed in?,Lyravora,Lyravora,1.0,1.0,1
fic:9|fic:9:A=side4:849489a7948c|B=fic:9:side3,fic:9,fic:9:A=side4:849489a7948c,fic:9:side4,fic:9:side3,llama,llama_ss,1,small,small,llama_small,llama_small,sealed,0,0,,,no intervention,0,1,0,1,fic:9:side5|fic:9:side4|fic:9:target,fic:9:side5|fic:9:side4|fic:9:target,fic:9:side4,3,1,1,0,0,0,1,1,1,0,1,1,1,0,0,0,0,63,63,13,At what elevation were the specimens taken from Tirvane Mire?,410 m,1923,0.0,0.0,0
fic:9|fic:9:A=side4:849489a7948c|B=fic:9:side3,fic:9,fic:9:A=side4:849489a7948c,fic:9:side4,fic:9:side3,llama,llama_sl,1,small,large,llama_small,llama_large,sealed,0,0,,,no intervention,0,1,0,1,fic:9:side5|fic:9:side4|fic:9:target,fic:9:side5|fic:9:side4|fic:9:target,fic:9:target,3,1,1,0,0,0,1,1,1,1,1,1,1,0,0,0,0,63,63,34,At what elevation were the specimens taken from Tirvane Mire?,410 m,410 m,1.0,1.0,1
fic:9|fic:9:A=side4:849489a7948c|B=fic:9:side3,fic:9,fic:9:A=side4:849489a7948c,fic:9:side4,fic:9:side3,llama,llama_ls,1,large,small,llama_large,llama_small,sealed,0,0,,,no intervention,0,1,0,1,fic:9:side4|fic:9:side3|fic:9:target,fic:9:side4|fic:9:side3|fic:9:target,fic:9:side3,3,1,1,1,1,1,1,1,1,1,1,1,1,0,0,0,0,62,62,15,At what elevation were the specimens taken from Tirvane Mire?,410 m,410 m,1.0,1.0,1
fic:9|fic:9:A=side4:849489a7948c|B=fic:9:side3,fic:9,fic:9:A=side4:849489a7948c,fic:9:side4,fic:9:side3,llama,llama_ll,1,large,large,llama_large,llama_large,sealed,0,0,,,no intervention,0,1,0,1,fic:9:side4|fic:9:side3|fic:9:target,fic:9:side4|fic:9:side3|fic:9:target,fic:9:side3,3,1,1,1,1,1,1,1,1,1,1,1,1,0,0,0,0,62,62,15,At what elevation were the specimens taken from Tirvane Mire?,410 m,410 m,1.0,1.0,1
fic:9|fic:9:A=side4:849489a7948c|B=fic:9:side3,fic:9,fic:9:A=side4:849489a7948c,fic:9:side4,fic:9:side3,llama,llama_sl_sham,0,small,large,llama_small,llama_large,sham,0,1,fic:9:side1,fic:9:side5,replaced_with_length_nearest_non_support_card,0,1,0,1,fic:9:side5|fic:9:side4|fic:9:target,fic:9:side1|fic:9:side4|fic:9:target,fic:9:target,3,1,1,0,0,0,1,1,1,1,1,1,1,0,0,0,0,63,61,34,At what elevation were the specimens taken from Tirvane Mire?,410 m,410 m,1.0,1.0,1
fic:9|fic:9:A=side4:849489a7948c|B=fic:9:side3,fic:9,fic:9:A=side4:849489a7948c,fic:9:side4,fic:9:side3,llama,llama_sl_restore,0,small,large,llama_small,llama_large,restore,0,1,fic:9:side3,fic:9:side5,replaced_length_nearest_card,0,1,0,1,fic:9:side5|fic:9:side4|fic:9:target,fic:9:side3|fic:9:side4|fic:9:target,fic:9:side3,3,1,1,0,1,1,1,1,1,1,1,1,1,0,0,0,0,63,62,15,At what elevation were the specimens taken from Tirvane Mire?,410 m,410 m,1.0,1.0,1
fic:9|fic:9:A=side4:849489a7948c|B=fic:9:side3,fic:9,fic:9:A=side4:849489a7948c,fic:9:side4,fic:9:side3,llama,llama_sl_reopen,0,small,large,llama_small,llama_large,reopen,1,0,,,no intervention,0,1,0,1,fic:9:side5|fic:9:side4|fic:9:target,fic:9:side5|fic:9:side1|fic:9:side4|fic:9:side3|fic:9:target|fic:9:side2,fic:9:side3,3,1,1,0,1,1,1,1,1,1,1,1,1,0,0,0,0,63,105,15,At what elevation were the specimens taken from Tirvane Mire?,410 m,410 m,1.0,1.0,1
fic:9|fic:9:A=side4:849489a7948c|B=fic:9:side3,fic:9,fic:9:A=side4:849489a7948c,fic:9:side4,fic:9:side3,qwen,qwen_ss,1,small,small,qwen_small,qwen_small,sealed,0,0,,,no intervention,0,1,0,1,fic:9:side5|fic:9:side4|fic:9:target,fic:9:side5|fic:9:side4|fic:9:target,fic:9:target,3,1,1,0,0,0,1,1,1,1,1,1,1,0,0,0,0,63,63,34,At what elevation were the specimens taken from Tirvane Mire?,410 m,410 m,1.0,1.0,1
fic:9|fic:9:A=side4:849489a7948c|B=fic:9:side3,fic:9,fic:9:A=side4:849489a7948c,fic:9:side4,fic:9:side3,qwen,qwen_sl,1,small,large,qwen_small,qwen_large,sealed,0,0,,,no intervention,0,1,0,1,fic:9:side5|fic:9:side4|fic:9:target,fic:9:side5|fic:9:side4|fic:9:target,fic:9:target,3,1,1,0,0,0,1,1,1,1,1,1,1,0,0,0,0,63,63,34,At what elevation were the specimens taken from Tirvane Mire?,410 m,410 m,1.0,1.0,1
fic:9|fic:9:A=side4:849489a7948c|B=fic:9:side3,fic:9,fic:9:A=side4:849489a7948c,fic:9:side4,fic:9:side3,qwen,qwen_ls,1,large,small,qwen_large,qwen_small,sealed,0,0,,,no intervention,0,1,0,1,fic:9:side4|fic:9:target|fic:9:side3,fic:9:side4|fic:9:target|fic:9:side3,fic:9:side3,3,1,1,1,1,1,1,1,1,1,1,1,1,0,0,0,0,62,62,15,At what elevation were the specimens taken from Tirvane Mire?,410 m,410 m,1.0,1.0,1
fic:9|fic:9:A=side4:849489a7948c|B=fic:9:side3,fic:9,fic:9:A=side4:849489a7948c,fic:9:side4,fic:9:side3,qwen,qwen_ll,1,large,large,qwen_large,qwen_large,sealed,0,0,,,no intervention,0,1,0,1,fic:9:side4|fic:9:target|fic:9:side3,fic:9:side4|fic:9:target|fic:9:side3,fic:9:side3,3,1,1,1,1,1,1,1,1,1,1,1,1,0,0,0,0,62,62,15,At what elevation were the specimens taken from Tirvane Mire?,410 m,410 m,1.0,1.0,1
fic:9|fic:9:A=side4:849489a7948c|B=fic:9:side3,fic:9,fic:9:A=side4:849489a7948c,fic:9:side4,fic:9:side3,qwen,qwen_sl_sham,0,small,large,qwen_small,qwen_large,sham,0,1,fic:9:side1,fic:9:side5,replaced_with_length_nearest_non_support_card,0,1,0,1,fic:9:side5|fic:9:side4|fic:9:target,fic:9:side1|fic:9:side4|fic:9:target,fic:9:target,3,1,1,0,0,0,1,1,1,1,1,1,1,0,0,0,0,63,61,34,At what elevation were the specimens taken from Tirvane Mire?,410 m,410 m,1.0,1.0,1
fic:9|fic:9:A=side4:849489a7948c|B=fic:9:side3,fic:9,fic:9:A=side4:849489a7948c,fic:9:side4,fic:9:side3,qwen,qwen_sl_restore,0,small,large,qwen_small,qwen_large,restore,0,1,fic:9:side3,fic:9:side5,replaced_length_nearest_card,0,1,0,1,fic:9:side5|fic:9:side4|fic:9:target,fic:9:side3|fic:9:side4|fic:9:target,fic:9:side3,3,1,1,0,1,1,1,1,1,1,1,1,1,0,0,0,0,63,62,15,At what elevation were the specimens taken from Tirvane Mire?,410 m,410 m,1.0,1.0,1
fic:9|fic:9:A=side4:849489a7948c|B=fic:9:side3,fic:9,fic:9:A=side4:849489a7948c,fic:9:side4,fic:9:side3,qwen,qwen_sl_reopen,0,small,large,qwen_small,qwen_large,reopen,1,0,,,no intervention,0,1,0,1,fic:9:side5|fic:9:side4|fic:9:target,fic:9:side5|fic:9:side1|fic:9:side4|fic:9:side3|fic:9:target|fic:9:side2,fic:9:side3,3,1,1,0,1,1,1,1,1,1,1,1,1,0,0,0,0,63,105,15,At what elevation were the specimens taken from Tirvane Mire?,410 m,410 m,1.0,1.0,1
fic:10|fic:10:A=side5:29da9921f062|B=fic:10:side3,fic:10,fic:10:A=side5:29da9921f062,fic:10:side5,fic:10:side3,llama,llama_ss,1,small,small,llama_small,llama_small,sealed,0,0,,,no intervention,1,1,0,1,fic:10:side5|fic:10:side1|fic:10:side2,fic:10:side5|fic:10:side1|fic:10:side2,fic:10:side2,3,1,1,0,0,0,1,0,0,0,1,1,1,0,0,0,0,46,46,13,On what date did it open to the public?,17 May 1896,Insufficient material,0.0,0.0,0
fic:10|fic:10:A=side5:29da9921f062|B=fic:10:side3,fic:10,fic:10:A=side5:29da9921f062,fic:10:side5,fic:10:side3,llama,llama_sl,1,small,large,llama_small,llama_large,sealed,0,0,,,no intervention,1,1,0,1,fic:10:side5|fic:10:side1|fic:10:side2,fic:10:side5|fic:10:side1|fic:10:side2,fic:10:side1,3,1,1,0,0,0,1,0,0,0,1,1,1,0,0,0,0,46,46,16,On what date did it open to the public?,17 May 1896,Insufficient material,0.0,0.0,0
fic:10|fic:10:A=side5:29da9921f062|B=fic:10:side3,fic:10,fic:10:A=side5:29da9921f062,fic:10:side5,fic:10:side3,llama,llama_ls,1,large,small,llama_large,llama_small,sealed,0,0,,,no intervention,0,1,0,1,fic:10:side5|fic:10:side4|fic:10:side3,fic:10:side5|fic:10:side4|fic:10:side3,fic:10:side3,3,1,1,1,1,1,1,1,1,1,1,1,1,0,0,0,0,45,45,14,On what date did it open to the public?,17 May 1896,17 May 1896,1.0,1.0,1
fic:10|fic:10:A=side5:29da9921f062|B=fic:10:side3,fic:10,fic:10:A=side5:29da9921f062,fic:10:side5,fic:10:side3,llama,llama_ll,1,large,large,llama_large,llama_large,sealed,0,0,,,no intervention,0,1,0,1,fic:10:side5|fic:10:side4|fic:10:side3,fic:10:side5|fic:10:side4|fic:10:side3,fic:10:side3,3,1,1,1,1,1,1,1,1,1,1,1,1,0,0,0,0,45,45,14,On what date did it open to the public?,17 May 1896,17 May 1896,1.0,1.0,1
fic:10|fic:10:A=side5:29da9921f062|B=fic:10:side3,fic:10,fic:10:A=side5:29da9921f062,fic:10:side5,fic:10:side3,llama,llama_sl_sham,0,small,large,llama_small,llama_large,sham,0,1,fic:10:side4,fic:10:side2,replaced_with_length_nearest_non_support_card,1,1,0,1,fic:10:side5|fic:10:side1|fic:10:side2,fic:10:side5|fic:10:side1|fic:10:side4,fic:10:side4,3,1,1,0,0,0,1,0,0,0,1,1,1,0,0,0,0,46,47,14,On what date did it open to the public?,17 May 1896,1938,0.0,0.0,0
fic:10|fic:10:A=side5:29da9921f062|B=fic:10:side3,fic:10,fic:10:A=side5:29da9921f062,fic:10:side5,fic:10:side3,llama,llama_sl_restore,0,small,large,llama_small,llama_large,restore,0,1,fic:10:side3,fic:10:side2,replaced_length_nearest_card,1,1,0,1,fic:10:side5|fic:10:side1|fic:10:side2,fic:10:side5|fic:10:side1|fic:10:side3,fic:10:side3,3,1,1,0,1,1,1,0,1,1,1,1,1,0,0,0,0,46,47,14,On what date did it open to the public?,17 May 1896,17 May 1896,1.0,1.0,1
fic:10|fic:10:A=side5:29da9921f062|B=fic:10:side3,fic:10,fic:10:A=side5:29da9921f062,fic:10:side5,fic:10:side3,llama,llama_sl_reopen,0,small,large,llama_small,llama_large,reopen,1,0,,,no intervention,1,1,0,1,fic:10:side5|fic:10:side1|fic:10:side2,fic:10:side4|fic:10:side1|fic:10:side2|fic:10:side5|fic:10:side3|fic:10:target,fic:10:side3,3,1,1,0,1,1,1,0,1,1,1,1,1,0,0,0,0,46,104,14,On what date did it open to the public?,17 May 1896,17 May 1896,1.0,1.0,1
fic:10|fic:10:A=side5:29da9921f062|B=fic:10:side3,fic:10,fic:10:A=side5:29da9921f062,fic:10:side5,fic:10:side3,qwen,qwen_ss,1,small,small,qwen_small,qwen_small,sealed,0,0,,,no intervention,0,1,0,1,fic:10:side5|fic:10:side4|fic:10:side3,fic:10:side5|fic:10:side4|fic:10:side3,fic:10:side3,3,1,1,1,1,1,1,1,1,1,1,1,1,0,0,0,0,45,45,14,On what date did it open to the public?,17 May 1896,17 May 1896,1.0,1.0,1
fic:10|fic:10:A=side5:29da9921f062|B=fic:10:side3,fic:10,fic:10:A=side5:29da9921f062,fic:10:side5,fic:10:side3,qwen,qwen_sl,1,small,large,qwen_small,qwen_large,sealed,0,0,,,no intervention,0,1,0,1,fic:10:side5|fic:10:side4|fic:10:side3,fic:10:side5|fic:10:side4|fic:10:side3,fic:10:side3,3,1,1,1,1,1,1,1,1,1,1,1,1,0,0,0,0,45,45,14,On what date did it open to the public?,17 May 1896,17 May 1896,1.0,1.0,1
fic:10|fic:10:A=side5:29da9921f062|B=fic:10:side3,fic:10,fic:10:A=side5:29da9921f062,fic:10:side5,fic:10:side3,qwen,qwen_ls,1,large,small,qwen_large,qwen_small,sealed,0,0,,,no intervention,1,1,0,1,fic:10:side5|fic:10:side4|fic:10:side1,fic:10:side5|fic:10:side4|fic:10:side1,,3,0,1,0,0,0,1,0,0,0,1,0,0,0,0,0,0,47,47,3,On what date did it open to the public?,17 May 1896,,0.0,0.0,0
fic:10|fic:10:A=side5:29da9921f062|B=fic:10:side3,fic:10,fic:10:A=side5:29da9921f062,fic:10:side5,fic:10:side3,qwen,qwen_ll,1,large,large,qwen_large,qwen_large,sealed,0,0,,,no intervention,1,1,0,1,fic:10:side5|fic:10:side4|fic:10:side1,fic:10:side5|fic:10:side4|fic:10:side1,fic:10:side1,3,1,1,0,0,0,1,0,0,0,1,1,1,0,0,0,0,47,47,16,On what date did it open to the public?,17 May 1896,Insufficient material,0.0,0.0,0
fic:10|fic:10:A=side5:29da9921f062|B=fic:10:side3,fic:10,fic:10:A=side5:29da9921f062,fic:10:side5,fic:10:side3,qwen,qwen_sl_sham,0,small,large,qwen_small,qwen_large,sham,0,0,,,"restore was ineligible, so matched sham is a no-op",0,1,0,1,fic:10:side5|fic:10:side4|fic:10:side3,fic:10:side5|fic:10:side4|fic:10:side3,fic:10:side3,3,1,1,1,1,1,1,1,1,1,1,1,1,0,0,0,0,45,45,14,On what date did it open to the public?,17 May 1896,17 May 1896,1.0,1.0,1
fic:10|fic:10:A=side5:29da9921f062|B=fic:10:side3,fic:10,fic:10:A=side5:29da9921f062,fic:10:side5,fic:10:side3,qwen,qwen_sl_restore,0,small,large,qwen_small,qwen_large,restore,0,0,,,support_already_present,0,1,0,1,fic:10:side5|fic:10:side4|fic:10:side3,fic:10:side5|fic:10:side4|fic:10:side3,fic:10:side3,3,1,1,1,1,1,1,1,1,1,1,1,1,0,0,0,0,45,45,14,On what date did it open to the public?,17 May 1896,17 May 1896,1.0,1.0,1
fic:10|fic:10:A=side5:29da9921f062|B=fic:10:side3,fic:10,fic:10:A=side5:29da9921f062,fic:10:side5,fic:10:side3,qwen,qwen_sl_reopen,0,small,large,qwen_small,qwen_large,reopen,1,0,,,no intervention,0,1,0,1,fic:10:side5|fic:10:side4|fic:10:side3,fic:10:side4|fic:10:side1|fic:10:side2|fic:10:side5|fic:10:side3|fic:10:target,fic:10:side3,3,1,1,1,1,1,1,1,1,1,1,1,1,0,0,0,0,45,104,14,On what date did it open to the public?,17 May 1896,17 May 1896,1.0,1.0,1
fic:10|fic:10:A=side3:1e9980263edc|B=fic:10:target,fic:10,fic:10:A=side3:1e9980263edc,fic:10:side3,fic:10:target,llama,llama_ss,1,small,small,llama_small,llama_small,sealed,0,0,,,no intervention,1,1,0,1,fic:10:side3|fic:10:side1|fic:10:side2,fic:10:side3|fic:10:side1|fic:10:side2,fic:10:side2,3,1,1,0,0,0,1,0,0,0,1,1,1,0,0,0,0,43,43,13,Who founded the Sarneth Cabinet of Timekeeping?,Edrin Volma|Volma|E. Volma,Sarneth,0.0,0.0,0
fic:10|fic:10:A=side3:1e9980263edc|B=fic:10:target,fic:10,fic:10:A=side3:1e9980263edc,fic:10:side3,fic:10:target,llama,llama_sl,1,small,large,llama_small,llama_large,sealed,0,0,,,no intervention,1,1,0,1,fic:10:side3|fic:10:side1|fic:10:side2,fic:10:side3|fic:10:side1|fic:10:side2,fic:10:side1,3,1,1,0,0,0,1,0,0,0,1,1,1,0,0,0,0,43,43,16,Who founded the Sarneth Cabinet of Timekeeping?,Edrin Volma|Volma|E. Volma,The material provided does not specify who founded the Sarneth Cabinet of Timekeeping,0.0,0.0,0
fic:10|fic:10:A=side3:1e9980263edc|B=fic:10:target,fic:10,fic:10:A=side3:1e9980263edc,fic:10:side3,fic:10:target,llama,llama_ls,1,large,small,llama_large,llama_small,sealed,0,0,,,no intervention,0,1,0,1,fic:10:side3|fic:10:side4|fic:10:target,fic:10:side3|fic:10:side4|fic:10:target,fic:10:target,3,1,1,1,1,1,1,1,1,1,1,1,1,0,0,0,0,58,58,30,Who founded the Sarneth Cabinet of Timekeeping?,Edrin Volma|Volma|E. Volma,Edrin Volma,1.0,1.0,1
fic:10|fic:10:A=side3:1e9980263edc|B=fic:10:target,fic:10,fic:10:A=side3:1e9980263edc,fic:10:side3,fic:10:target,llama,llama_ll,1,large,large,llama_large,llama_large,sealed,0,0,,,no intervention,0,1,0,1,fic:10:side3|fic:10:side4|fic:10:target,fic:10:side3|fic:10:side4|fic:10:target,fic:10:target,3,1,1,1,1,1,1,1,1,1,1,1,1,0,0,0,0,58,58,30,Who founded the Sarneth Cabinet of Timekeeping?,Edrin Volma|Volma|E. Volma,Edrin Volma,1.0,1.0,1
fic:10|fic:10:A=side3:1e9980263edc|B=fic:10:target,fic:10,fic:10:A=side3:1e9980263edc,fic:10:side3,fic:10:target,llama,llama_sl_sham,0,small,large,llama_small,llama_large,sham,0,1,fic:10:side5,fic:10:side1,replaced_with_length_nearest_non_support_card,1,1,0,1,fic:10:side3|fic:10:side1|fic:10:side2,fic:10:side3|fic:10:side5|fic:10:side2,fic:10:side2,3,1,1,0,0,0,1,0,0,0,1,1,1,0,0,0,0,43,44,13,Who founded the Sarneth Cabinet of Timekeeping?,Edrin Volma|Volma|E. Volma,Sarneth,0.0,0.0,0
fic:10|fic:10:A=side3:1e9980263edc|B=fic:10:target,fic:10,fic:10:A=side3:1e9980263edc,fic:10:side3,fic:10:target,llama,llama_sl_restore,0,small,large,llama_small,llama_large,restore,0,1,fic:10:target,fic:10:side1,replaced_length_nearest_card,1,1,0,1,fic:10:side3|fic:10:side1|fic:10:side2,fic:10:side3|fic:10:target|fic:10:side2,fic:10:target,3,1,1,0,1,1,1,0,1,1,1,1,1,0,0,0,0,43,57,30,Who founded the Sarneth Cabinet of Timekeeping?,Edrin Volma|Volma|E. Volma,Edrin Volma,1.0,1.0,1
fic:10|fic:10:A=side3:1e9980263edc|B=fic:10:target,fic:10,fic:10:A=side3:1e9980263edc,fic:10:side3,fic:10:target,llama,llama_sl_reopen,0,small,large,llama_small,llama_large,reopen,1,0,,,no intervention,1,1,0,1,fic:10:side3|fic:10:side1|fic:10:side2,fic:10:side4|fic:10:side1|fic:10:side2|fic:10:side5|fic:10:side3|fic:10:target,fic:10:target,3,1,1,0,1,1,1,0,1,1,1,1,1,0,0,0,0,43,104,30,Who founded the Sarneth Cabinet of Timekeeping?,Edrin Volma|Volma|E. Volma,Edrin Volma,1.0,1.0,1
fic:10|fic:10:A=side3:1e9980263edc|B=fic:10:target,fic:10,fic:10:A=side3:1e9980263edc,fic:10:side3,fic:10:target,qwen,qwen_ss,1,small,small,qwen_small,qwen_small,sealed,0,0,,,no intervention,0,1,0,1,fic:10:side3|fic:10:side4|fic:10:target,fic:10:side3|fic:10:side4|fic:10:target,fic:10:target,3,1,1,1,1,1,1,1,1,1,1,1,1,0,0,0,0,58,58,30,Who founded the Sarneth Cabinet of Timekeeping?,Edrin Volma|Volma|E. Volma,Edrin Volma,1.0,1.0,1
fic:10|fic:10:A=side3:1e9980263edc|B=fic:10:target,fic:10,fic:10:A=side3:1e9980263edc,fic:10:side3,fic:10:target,qwen,qwen_sl,1,small,large,qwen_small,qwen_large,sealed,0,0,,,no intervention,0,1,0,1,fic:10:side3|fic:10:side4|fic:10:target,fic:10:side3|fic:10:side4|fic:10:target,fic:10:target,3,1,1,1,1,1,1,1,1,1,1,1,1,0,0,0,0,58,58,30,Who founded the Sarneth Cabinet of Timekeeping?,Edrin Volma|Volma|E. Volma,Edrin Volma,1.0,1.0,1
fic:10|fic:10:A=side3:1e9980263edc|B=fic:10:target,fic:10,fic:10:A=side3:1e9980263edc,fic:10:side3,fic:10:target,qwen,qwen_ls,1,large,small,qwen_large,qwen_small,sealed,0,0,,,no intervention,0,1,0,1,fic:10:side3|fic:10:target|fic:10:side1,fic:10:side3|fic:10:target|fic:10:side1,fic:10:target,3,1,1,1,1,1,1,1,1,1,1,1,1,0,0,0,0,60,60,30,Who founded the Sarneth Cabinet of Timekeeping?,Edrin Volma|Volma|E. Volma,Edrin Volma,1.0,1.0,1
fic:10|fic:10:A=side3:1e9980263edc|B=fic:10:target,fic:10,fic:10:A=side3:1e9980263edc,fic:10:side3,fic:10:target,qwen,qwen_ll,1,large,large,qwen_large,qwen_large,sealed,0,0,,,no intervention,0,1,0,1,fic:10:side3|fic:10:target|fic:10:side1,fic:10:side3|fic:10:target|fic:10:side1,fic:10:target,3,1,1,1,1,1,1,1,1,1,1,1,1,0,0,0,0,60,60,30,Who founded the Sarneth Cabinet of Timekeeping?,Edrin Volma|Volma|E. Volma,Edrin Volma,1.0,1.0,1
fic:10|fic:10:A=side3:1e9980263edc|B=fic:10:target,fic:10,fic:10:A=side3:1e9980263edc,fic:10:side3,fic:10:target,qwen,qwen_sl_sham,0,small,large,qwen_small,qwen_large,sham,0,0,,,"restore was ineligible, so matched sham is a no-op",0,1,0,1,fic:10:side3|fic:10:side4|fic:10:target,fic:10:side3|fic:10:side4|fic:10:target,fic:10:target,3,1,1,1,1,1,1,1,1,1,1,1,1,0,0,0,0,58,58,30,Who founded the Sarneth Cabinet of Timekeeping?,Edrin Volma|Volma|E. Volma,Edrin Volma,1.0,1.0,1
fic:10|fic:10:A=side3:1e9980263edc|B=fic:10:target,fic:10,fic:10:A=side3:1e9980263edc,fic:10:side3,fic:10:target,qwen,qwen_sl_restore,0,small,large,qwen_small,qwen_large,restore,0,0,,,support_already_present,0,1,0,1,fic:10:side3|fic:10:side4|fic:10:target,fic:10:side3|fic:10:side4|fic:10:target,fic:10:target,3,1,1,1,1,1,1,1,1,1,1,1,1,0,0,0,0,58,58,30,Who founded the Sarneth Cabinet of Timekeeping?,Edrin Volma|Volma|E. Volma,Edrin Volma,1.0,1.0,1
fic:10|fic:10:A=side3:1e9980263edc|B=fic:10:target,fic:10,fic:10:A=side3:1e9980263edc,fic:10:side3,fic:10:target,qwen,qwen_sl_reopen,0,small,large,qwen_small,qwen_large,reopen,1,0,,,no intervention,0,1,0,1,fic:10:side3|fic:10:side4|fic:10:target,fic:10:side4|fic:10:side1|fic:10:side2|fic:10:side5|fic:10:side3|fic:10:target,fic:10:target,3,1,1,1,1,1,1,1,1,1,1,1,1,0,0,0,0,58,104,30,Who founded the Sarneth Cabinet of Timekeeping?,Edrin Volma|Volma|E. Volma,Edrin Volma,1.0,1.0,1
fic:10|fic:10:A=side4:730fe414b790|B=fic:10:side1,fic:10,fic:10:A=side4:730fe414b790,fic:10:side4,fic:10:side1,llama,llama_ss,1,small,small,llama_small,llama_small,sealed,0,0,,,no intervention,0,1,0,1,fic:10:side4|fic:10:side1|fic:10:side5,fic:10:side4|fic:10:side1|fic:10:side5,fic:10:side1,3,1,1,1,1,1,1,1,1,1,1,1,1,0,0,0,0,47,47,16,At what address does the Cabinet occupy a converted riverside warehouse?,43 Harthane Quay,43 Harthane Quay,1.0,1.0,1
fic:10|fic:10:A=side4:730fe414b790|B=fic:10:side1,fic:10,fic:10:A=side4:730fe414b790,fic:10:side4,fic:10:side1,llama,llama_sl,1,small,large,llama_small,llama_large,sealed,0,0,,,no intervention,0,1,0,1,fic:10:side4|fic:10:side1|fic:10:side5,fic:10:side4|fic:10:side1|fic:10:side5,fic:10:side1,3,1,1,1,1,1,1,1,1,1,1,1,1,0,0,0,0,47,47,16,At what address does the Cabinet occupy a converted riverside warehouse?,43 Harthane Quay,43 Harthane Quay,1.0,1.0,1
fic:10|fic:10:A=side4:730fe414b790|B=fic:10:side1,fic:10,fic:10:A=side4:730fe414b790,fic:10:side4,fic:10:side1,llama,llama_ls,1,large,small,llama_large,llama_small,sealed,0,0,,,no intervention,1,1,0,1,fic:10:side4|fic:10:side3|fic:10:target,fic:10:side4|fic:10:side3|fic:10:target,fic:10:target,3,1,1,0,0,0,1,0,0,0,1,1,1,0,0,0,0,58,58,30,At what address does the Cabinet occupy a converted riverside warehouse?,43 Harthane Quay,Material insufficient,0.0,0.0,0
fic:10|fic:10:A=side4:730fe414b790|B=fic:10:side1,fic:10,fic:10:A=side4:730fe414b790,fic:10:side4,fic:10:side1,llama,llama_ll,1,large,large,llama_large,llama_large,sealed,0,0,,,no intervention,1,1,0,1,fic:10:side4|fic:10:side3|fic:10:target,fic:10:side4|fic:10:side3|fic:10:target,fic:10:target,3,1,1,0,0,0,1,0,0,0,1,1,1,0,0,0,0,58,58,30,At what address does the Cabinet occupy a converted riverside warehouse?,43 Harthane Quay,Material insufficient,0.0,0.0,0
fic:10|fic:10:A=side4:730fe414b790|B=fic:10:side1,fic:10,fic:10:A=side4:730fe414b790,fic:10:side4,fic:10:side1,llama,llama_sl_sham,0,small,large,llama_small,llama_large,sham,0,0,,,"restore was ineligible, so matched sham is a no-op",0,1,0,1,fic:10:side4|fic:10:side1|fic:10:side5,fic:10:side4|fic:10:side1|fic:10:side5,fic:10:side1,3,1,1,1,1,1,1,1,1,1,1,1,1,0,0,0,0,47,47,16,At what address does the Cabinet occupy a converted riverside warehouse?,43 Harthane Quay,43 Harthane Quay,1.0,1.0,1
fic:10|fic:10:A=side4:730fe414b790|B=fic:10:side1,fic:10,fic:10:A=side4:730fe414b790,fic:10:side4,fic:10:side1,llama,llama_sl_restore,0,small,large,llama_small,llama_large,restore,0,0,,,support_already_present,0,1,0,1,fic:10:side4|fic:10:side1|fic:10:side5,fic:10:side4|fic:10:side1|fic:10:side5,fic:10:side1,3,1,1,1,1,1,1,1,1,1,1,1,1,0,0,0,0,47,47,16,At what address does the Cabinet occupy a converted riverside warehouse?,43 Harthane Quay,43 Harthane Quay,1.0,1.0,1
fic:10|fic:10:A=side4:730fe414b790|B=fic:10:side1,fic:10,fic:10:A=side4:730fe414b790,fic:10:side4,fic:10:side1,llama,llama_sl_reopen,0,small,large,llama_small,llama_large,reopen,1,0,,,no intervention,0,1,0,1,fic:10:side4|fic:10:side1|fic:10:side5,fic:10:side4|fic:10:side1|fic:10:side2|fic:10:side5|fic:10:side3|fic:10:target,fic:10:side1,3,1,1,1,1,1,1,1,1,1,1,1,1,0,0,0,0,47,104,16,At what address does the Cabinet occupy a converted riverside warehouse?,43 Harthane Quay,43 Harthane Quay,1.0,1.0,1
fic:10|fic:10:A=side4:730fe414b790|B=fic:10:side1,fic:10,fic:10:A=side4:730fe414b790,fic:10:side4,fic:10:side1,qwen,qwen_ss,1,small,small,qwen_small,qwen_small,sealed,0,0,,,no intervention,1,1,0,1,fic:10:side4|fic:10:side3|fic:10:target,fic:10:side4|fic:10:side3|fic:10:target,fic:10:side3,3,1,1,0,0,0,1,0,0,0,1,1,1,0,0,0,0,58,58,14,At what address does the Cabinet occupy a converted riverside warehouse?,43 Harthane Quay,Insufficient material,0.0,0.0,0
fic:10|fic:10:A=side4:730fe414b790|B=fic:10:side1,fic:10,fic:10:A=side4:730fe414b790,fic:10:side4,fic:10:side1,qwen,qwen_sl,1,small,large,qwen_small,qwen_large,sealed,0,0,,,no intervention,1,1,0,1,fic:10:side4|fic:10:side3|fic:10:target,fic:10:side4|fic:10:side3|fic:10:target,,3,0,1,0,0,0,1,0,0,0,1,0,0,0,0,0,0,58,58,3,At what address does the Cabinet occupy a converted riverside warehouse?,43 Harthane Quay,,0.0,0.0,0
fic:10|fic:10:A=side4:730fe414b790|B=fic:10:side1,fic:10,fic:10:A=side4:730fe414b790,fic:10:side4,fic:10:side1,qwen,qwen_ls,1,large,small,qwen_large,qwen_small,sealed,0,0,,,no intervention,1,1,0,1,fic:10:side4|fic:10:side3|fic:10:target,fic:10:side4|fic:10:side3|fic:10:target,fic:10:side3,3,1,1,0,0,0,1,0,0,0,1,1,1,0,0,0,0,58,58,14,At what address does the Cabinet occupy a converted riverside warehouse?,43 Harthane Quay,Insufficient material,0.0,0.0,0
fic:10|fic:10:A=side4:730fe414b790|B=fic:10:side1,fic:10,fic:10:A=side4:730fe414b790,fic:10:side4,fic:10:side1,qwen,qwen_ll,1,large,large,qwen_large,qwen_large,sealed,0,0,,,no intervention,1,1,0,1,fic:10:side4|fic:10:side3|fic:10:target,fic:10:side4|fic:10:side3|fic:10:target,,3,0,1,0,0,0,1,0,0,0,1,0,0,0,0,0,0,58,58,3,At what address does the Cabinet occupy a converted riverside warehouse?,43 Harthane Quay,,0.0,0.0,0
fic:10|fic:10:A=side4:730fe414b790|B=fic:10:side1,fic:10,fic:10:A=side4:730fe414b790,fic:10:side4,fic:10:side1,qwen,qwen_sl_sham,0,small,large,qwen_small,qwen_large,sham,0,1,fic:10:side2,fic:10:side3,replaced_with_length_nearest_non_support_card,1,1,0,1,fic:10:side4|fic:10:side3|fic:10:target,fic:10:side4|fic:10:side2|fic:10:target,fic:10:target,3,1,1,0,0,0,1,0,0,0,1,1,1,0,0,0,0,58,57,30,At what address does the Cabinet occupy a converted riverside warehouse?,43 Harthane Quay,Material insufficient,0.0,0.0,0
fic:10|fic:10:A=side4:730fe414b790|B=fic:10:side1,fic:10,fic:10:A=side4:730fe414b790,fic:10:side4,fic:10:side1,qwen,qwen_sl_restore,0,small,large,qwen_small,qwen_large,restore,0,1,fic:10:side1,fic:10:side3,replaced_length_nearest_card,1,1,0,1,fic:10:side4|fic:10:side3|fic:10:target,fic:10:side4|fic:10:side1|fic:10:target,fic:10:side1,3,1,1,0,1,1,1,0,1,1,1,1,1,0,0,0,0,58,60,16,At what address does the Cabinet occupy a converted riverside warehouse?,43 Harthane Quay,43 Harthane Quay,1.0,1.0,1
fic:10|fic:10:A=side4:730fe414b790|B=fic:10:side1,fic:10,fic:10:A=side4:730fe414b790,fic:10:side4,fic:10:side1,qwen,qwen_sl_reopen,0,small,large,qwen_small,qwen_large,reopen,1,0,,,no intervention,1,1,0,1,fic:10:side4|fic:10:side3|fic:10:target,fic:10:side4|fic:10:side1|fic:10:side2|fic:10:side5|fic:10:side3|fic:10:target,fic:10:side1,3,1,1,0,1,1,1,0,1,1,1,1,1,0,0,0,0,58,104,16,At what address does the Cabinet occupy a converted riverside warehouse?,43 Harthane Quay,43 Harthane Quay,1.0,1.0,1
fic:10|fic:10:A=target:ef1f90042f8b|B=fic:10:side4,fic:10,fic:10:A=target:ef1f90042f8b,fic:10:target,fic:10:side4,llama,llama_ss,1,small,small,llama_small,llama_small,sealed,0,0,,,no intervention,1,1,0,1,fic:10:target|fic:10:side3|fic:10:side1,fic:10:target|fic:10:side3|fic:10:side1,fic:10:target,3,1,1,0,0,0,1,0,0,0,1,1,1,0,0,0,0,60,60,30,In what year did a fire destroy the original lecture cabinet?,1938,1880s,0.0,0.0,0
fic:10|fic:10:A=target:ef1f90042f8b|B=fic:10:side4,fic:10,fic:10:A=target:ef1f90042f8b,fic:10:target,fic:10:side4,llama,llama_sl,1,small,large,llama_small,llama_large,sealed,0,0,,,no intervention,1,1,0,1,fic:10:target|fic:10:side3|fic:10:side1,fic:10:target|fic:10:side3|fic:10:side1,fic:10:target,3,1,1,0,0,0,1,0,0,0,1,1,1,0,0,0,0,60,60,30,In what year did a fire destroy the original lecture cabinet?,1938,1880s,0.0,0.0,0
fic:10|fic:10:A=target:ef1f90042f8b|B=fic:10:side4,fic:10,fic:10:A=target:ef1f90042f8b,fic:10:target,fic:10:side4,llama,llama_ls,1,large,small,llama_large,llama_small,sealed,0,0,,,no intervention,0,1,0,1,fic:10:target|fic:10:side4|fic:10:side3,fic:10:target|fic:10:side4|fic:10:side3,fic:10:side4,3,1,1,1,1,1,1,1,1,1,1,1,1,0,0,0,0,58,58,14,In what year did a fire destroy the original lecture cabinet?,1938,1938,1.0,1.0,1
fic:10|fic:10:A=target:ef1f90042f8b|B=fic:10:side4,fic:10,fic:10:A=target:ef1f90042f8b,fic:10:target,fic:10:side4,llama,llama_ll,1,large,large,llama_large,llama_large,sealed,0,0,,,no intervention,0,1,0,1,fic:10:target|fic:10:side4|fic:10:side3,fic:10:target|fic:10:side4|fic:10:side3,fic:10:side4,3,1,1,1,1,1,1,1,1,1,1,1,1,0,0,0,0,58,58,14,In what year did a fire destroy the original lecture cabinet?,1938,1938,1.0,1.0,1
fic:10|fic:10:A=target:ef1f90042f8b|B=fic:10:side4,fic:10,fic:10:A=target:ef1f90042f8b,fic:10:target,fic:10:side4,llama,llama_sl_sham,0,small,large,llama_small,llama_large,sham,0,1,fic:10:side2,fic:10:side3,replaced_with_length_nearest_non_support_card,1,1,0,1,fic:10:target|fic:10:side3|fic:10:side1,fic:10:target|fic:10:side2|fic:10:side1,fic:10:target,3,1,1,0,0,0,1,0,0,0,1,1,1,0,0,0,0,60,59,30,In what year did a fire destroy the original lecture cabinet?,1938,1880s,0.0,0.0,0
fic:10|fic:10:A=target:ef1f90042f8b|B=fic:10:side4,fic:10,fic:10:A=target:ef1f90042f8b,fic:10:target,fic:10:side4,llama,llama_sl_restore,0,small,large,llama_small,llama_large,restore,0,1,fic:10:side4,fic:10:side3,replaced_length_nearest_card,1,1,0,1,fic:10:target|fic:10:side3|fic:10:side1,fic:10:target|fic:10:side4|fic:10:side1,fic:10:side4,3,1,1,0,1,1,1,0,1,1,1,1,1,0,0,0,0,60,60,14,In what year did a fire destroy the original lecture cabinet?,1938,1938,1.0,1.0,1
fic:10|fic:10:A=target:ef1f90042f8b|B=fic:10:side4,fic:10,fic:10:A=target:ef1f90042f8b,fic:10:target,fic:10:side4,llama,llama_sl_reopen,0,small,large,llama_small,llama_large,reopen,1,0,,,no intervention,1,1,0,1,fic:10:target|fic:10:side3|fic:10:side1,fic:10:side4|fic:10:side1|fic:10:side2|fic:10:side5|fic:10:side3|fic:10:target,fic:10:side4,3,1,1,0,1,1,1,0,1,1,1,1,1,0,0,0,0,60,104,14,In what year did a fire destroy the original lecture cabinet?,1938,1938,1.0,1.0,1
fic:10|fic:10:A=target:ef1f90042f8b|B=fic:10:side4,fic:10,fic:10:A=target:ef1f90042f8b,fic:10:target,fic:10:side4,qwen,qwen_ss,1,small,small,qwen_small,qwen_small,sealed,0,0,,,no intervention,1,1,0,1,fic:10:target|fic:10:side3|fic:10:side1,fic:10:target|fic:10:side3|fic:10:side1,fic:10:side1,3,1,1,0,0,0,1,0,0,0,1,1,1,0,0,0,0,60,60,16,In what year did a fire destroy the original lecture cabinet?,1938,Insufficient material,0.0,0.0,0
fic:10|fic:10:A=target:ef1f90042f8b|B=fic:10:side4,fic:10,fic:10:A=target:ef1f90042f8b,fic:10:target,fic:10:side4,qwen,qwen_sl,1,small,large,qwen_small,qwen_large,sealed,0,0,,,no intervention,1,1,0,1,fic:10:target|fic:10:side3|fic:10:side1,fic:10:target|fic:10:side3|fic:10:side1,fic:10:target,3,1,1,0,0,0,1,0,0,0,1,1,1,0,0,0,0,60,60,30,In what year did a fire destroy the original lecture cabinet?,1938,1880s,0.0,0.0,0
fic:10|fic:10:A=target:ef1f90042f8b|B=fic:10:side4,fic:10,fic:10:A=target:ef1f90042f8b,fic:10:target,fic:10:side4,qwen,qwen_ls,1,large,small,qwen_large,qwen_small,sealed,0,0,,,no intervention,1,1,0,1,fic:10:target|fic:10:side3|fic:10:side1,fic:10:target|fic:10:side3|fic:10:side1,fic:10:side1,3,1,1,0,0,0,1,0,0,0,1,1,1,0,0,0,0,60,60,16,In what year did a fire destroy the original lecture cabinet?,1938,Insufficient material,0.0,0.0,0
fic:10|fic:10:A=target:ef1f90042f8b|B=fic:10:side4,fic:10,fic:10:A=target:ef1f90042f8b,fic:10:target,fic:10:side4,qwen,qwen_ll,1,large,large,qwen_large,qwen_large,sealed,0,0,,,no intervention,1,1,0,1,fic:10:target|fic:10:side3|fic:10:side1,fic:10:target|fic:10:side3|fic:10:side1,fic:10:target,3,1,1,0,0,0,1,0,0,0,1,1,1,0,0,0,0,60,60,30,In what year did a fire destroy the original lecture cabinet?,1938,1880s,0.0,0.0,0
fic:10|fic:10:A=target:ef1f90042f8b|B=fic:10:side4,fic:10,fic:10:A=target:ef1f90042f8b,fic:10:target,fic:10:side4,qwen,qwen_sl_sham,0,small,large,qwen_small,qwen_large,sham,0,1,fic:10:side2,fic:10:side3,replaced_with_length_nearest_non_support_card,1,1,0,1,fic:10:target|fic:10:side3|fic:10:side1,fic:10:target|fic:10:side2|fic:10:side1,fic:10:target,3,1,1,0,0,0,1,0,0,0,1,1,1,0,0,0,0,60,59,30,In what year did a fire destroy the original lecture cabinet?,1938,1880s,0.0,0.0,0
fic:10|fic:10:A=target:ef1f90042f8b|B=fic:10:side4,fic:10,fic:10:A=target:ef1f90042f8b,fic:10:target,fic:10:side4,qwen,qwen_sl_restore,0,small,large,qwen_small,qwen_large,restore,0,1,fic:10:side4,fic:10:side3,replaced_length_nearest_card,1,1,0,1,fic:10:target|fic:10:side3|fic:10:side1,fic:10:target|fic:10:side4|fic:10:side1,fic:10:side4,3,1,1,0,1,1,1,0,1,1,1,1,1,0,0,0,0,60,60,14,In what year did a fire destroy the original lecture cabinet?,1938,1938,1.0,1.0,1
fic:10|fic:10:A=target:ef1f90042f8b|B=fic:10:side4,fic:10,fic:10:A=target:ef1f90042f8b,fic:10:target,fic:10:side4,qwen,qwen_sl_reopen,0,small,large,qwen_small,qwen_large,reopen,1,0,,,no intervention,1,1,0,1,fic:10:target|fic:10:side3|fic:10:side1,fic:10:side4|fic:10:side1|fic:10:side2|fic:10:side5|fic:10:side3|fic:10:target,fic:10:side4,3,1,1,0,1,1,1,0,1,1,1,1,1,0,0,0,0,60,104,14,In what year did a fire destroy the original lecture cabinet?,1938,1938,1.0,1.0,1
fic:11|fic:11:A=side4:31f97086a809|B=fic:11:target,fic:11,fic:11:A=side4:31f97086a809,fic:11:side4,fic:11:target,llama,llama_ss,1,small,small,llama_small,llama_small,sealed,0,0,,,no intervention,0,1,0,1,fic:11:side4|fic:11:side5|fic:11:target,fic:11:side4|fic:11:side5|fic:11:target,fic:11:target,3,1,1,1,1,1,1,1,1,1,1,1,1,0,0,0,0,62,62,32,On what date was the Charter of Lyrnwood Crossing sealed?,"12 Sere 418|12 Sere, 418",12 Sere 418,1.0,1.0,1
fic:11|fic:11:A=side4:31f97086a809|B=fic:11:target,fic:11,fic:11:A=side4:31f97086a809,fic:11:side4,fic:11:target,llama,llama_sl,1,small,large,llama_small,llama_large,sealed,0,0,,,no intervention,0,1,0,1,fic:11:side4|fic:11:side5|fic:11:target,fic:11:side4|fic:11:side5|fic:11:target,fic:11:target,3,1,1,1,1,1,1,1,1,1,1,1,1,0,0,0,0,62,62,32,On what date was the Charter of Lyrnwood Crossing sealed?,"12 Sere 418|12 Sere, 418",12 Sere 418,1.0,1.0,1
fic:11|fic:11:A=side4:31f97086a809|B=fic:11:target,fic:11,fic:11:A=side4:31f97086a809,fic:11:side4,fic:11:target,llama,llama_ls,1,large,small,llama_large,llama_small,sealed,0,0,,,no intervention,1,1,0,1,fic:11:side4|fic:11:side3|fic:11:side2,fic:11:side4|fic:11:side3|fic:11:side2,fic:11:side3,3,1,1,0,0,0,1,0,0,0,1,1,1,0,0,0,0,48,48,18,On what date was the Charter of Lyrnwood Crossing sealed?,"12 Sere 418|12 Sere, 418",Unknown,0.0,0.0,0
fic:11|fic:11:A=side4:31f97086a809|B=fic:11:target,fic:11,fic:11:A=side4:31f97086a809,fic:11:side4,fic:11:target,llama,llama_ll,1,large,large,llama_large,llama_large,sealed,0,0,,,no intervention,1,1,0,1,fic:11:side4|fic:11:side3|fic:11:side2,fic:11:side4|fic:11:side3|fic:11:side2,fic:11:side3,3,1,1,0,0,0,1,0,0,0,1,1,1,0,0,0,0,48,48,18,On what date was the Charter of Lyrnwood Crossing sealed?,"12 Sere 418|12 Sere, 418",Unknown,0.0,0.0,0
fic:11|fic:11:A=side4:31f97086a809|B=fic:11:target,fic:11,fic:11:A=side4:31f97086a809,fic:11:side4,fic:11:target,llama,llama_sl_sham,0,small,large,llama_small,llama_large,sham,0,0,,,"restore was ineligible, so matched sham is a no-op",0,1,0,1,fic:11:side4|fic:11:side5|fic:11:target,fic:11:side4|fic:11:side5|fic:11:target,fic:11:target,3,1,1,1,1,1,1,1,1,1,1,1,1,0,0,0,0,62,62,32,On what date was the Charter of Lyrnwood Crossing sealed?,"12 Sere 418|12 Sere, 418",12 Sere 418,1.0,1.0,1
fic:11|fic:11:A=side4:31f97086a809|B=fic:11:target,fic:11,fic:11:A=side4:31f97086a809,fic:11:side4,fic:11:target,llama,llama_sl_restore,0,small,large,llama_small,llama_large,restore,0,0,,,support_already_present,0,1,0,1,fic:11:side4|fic:11:side5|fic:11:target,fic:11:side4|fic:11:side5|fic:11:target,fic:11:target,3,1,1,1,1,1,1,1,1,1,1,1,1,0,0,0,0,62,62,32,On what date was the Charter of Lyrnwood Crossing sealed?,"12 Sere 418|12 Sere, 418",12 Sere 418,1.0,1.0,1
fic:11|fic:11:A=side4:31f97086a809|B=fic:11:target,fic:11,fic:11:A=side4:31f97086a809,fic:11:side4,fic:11:target,llama,llama_sl_reopen,0,small,large,llama_small,llama_large,reopen,1,0,,,no intervention,0,1,0,1,fic:11:side4|fic:11:side5|fic:11:target,fic:11:side3|fic:11:side5|fic:11:side1|fic:11:side4|fic:11:target|fic:11:side2,fic:11:target,3,1,1,1,1,1,1,1,1,1,1,1,1,0,0,0,0,62,114,32,On what date was the Charter of Lyrnwood Crossing sealed?,"12 Sere 418|12 Sere, 418",12 Sere 418,1.0,1.0,1
fic:11|fic:11:A=side4:31f97086a809|B=fic:11:target,fic:11,fic:11:A=side4:31f97086a809,fic:11:side4,fic:11:target,qwen,qwen_ss,1,small,small,qwen_small,qwen_small,sealed,0,0,,,no intervention,0,1,0,1,fic:11:side4|fic:11:target|fic:11:side2,fic:11:side4|fic:11:target|fic:11:side2,fic:11:target,3,1,1,1,1,1,1,1,1,1,1,1,1,0,0,0,0,62,62,32,On what date was the Charter of Lyrnwood Crossing sealed?,"12 Sere 418|12 Sere, 418",12 Sere 418,1.0,1.0,1
fic:11|fic:11:A=side4:31f97086a809|B=fic:11:target,fic:11,fic:11:A=side4:31f97086a809,fic:11:side4,fic:11:target,qwen,qwen_sl,1,small,large,qwen_small,qwen_large,sealed,0,0,,,no intervention,0,1,0,1,fic:11:side4|fic:11:target|fic:11:side2,fic:11:side4|fic:11:target|fic:11:side2,fic:11:target,3,1,1,1,1,1,1,1,1,1,1,1,1,0,0,0,0,62,62,32,On what date was the Charter of Lyrnwood Crossing sealed?,"12 Sere 418|12 Sere, 418",12 Sere 418,1.0,1.0,1
fic:11|fic:11:A=side4:31f97086a809|B=fic:11:target,fic:11,fic:11:A=side4:31f97086a809,fic:11:side4,fic:11:target,qwen,qwen_ls,1,large,small,qwen_large,qwen_small,sealed,0,0,,,no intervention,0,1,0,1,fic:11:side4|fic:11:side2|fic:11:target,fic:11:side4|fic:11:side2|fic:11:target,fic:11:target,3,1,1,1,1,1,1,1,1,1,1,1,1,0,0,0,0,62,62,32,On what date was the Charter of Lyrnwood Crossing sealed?,"12 Sere 418|12 Sere, 418",12 Sere 418,1.0,1.0,1
fic:11|fic:11:A=side4:31f97086a809|B=fic:11:target,fic:11,fic:11:A=side4:31f97086a809,fic:11:side4,fic:11:target,qwen,qwen_ll,1,large,large,qwen_large,qwen_large,sealed,0,0,,,no intervention,0,1,0,1,fic:11:side4|fic:11:side2|fic:11:target,fic:11:side4|fic:11:side2|fic:11:target,fic:11:target,3,1,1,1,1,1,1,1,1,1,1,1,1,0,0,0,0,62,62,32,On what date was the Charter of Lyrnwood Crossing sealed?,"12 Sere 418|12 Sere, 418",12 Sere 418,1.0,1.0,1
fic:11|fic:11:A=side4:31f97086a809|B=fic:11:target,fic:11,fic:11:A=side4:31f97086a809,fic:11:side4,fic:11:target,qwen,qwen_sl_sham,0,small,large,qwen_small,qwen_large,sham,0,0,,,"restore was ineligible, so matched sham is a no-op",0,1,0,1,fic:11:side4|fic:11:target|fic:11:side2,fic:11:side4|fic:11:target|fic:11:side2,fic:11:target,3,1,1,1,1,1,1,1,1,1,1,1,1,0,0,0,0,62,62,32,On what date was the Charter of Lyrnwood Crossing sealed?,"12 Sere 418|12 Sere, 418",12 Sere 418,1.0,1.0,1
fic:11|fic:11:A=side4:31f97086a809|B=fic:11:target,fic:11,fic:11:A=side4:31f97086a809,fic:11:side4,fic:11:target,qwen,qwen_sl_restore,0,small,large,qwen_small,qwen_large,restore,0,0,,,support_already_present,0,1,0,1,fic:11:side4|fic:11:target|fic:11:side2,fic:11:side4|fic:11:target|fic:11:side2,fic:11:target,3,1,1,1,1,1,1,1,1,1,1,1,1,0,0,0,0,62,62,32,On what date was the Charter of Lyrnwood Crossing sealed?,"12 Sere 418|12 Sere, 418",12 Sere 418,1.0,1.0,1
fic:11|fic:11:A=side4:31f97086a809|B=fic:11:target,fic:11,fic:11:A=side4:31f97086a809,fic:11:side4,fic:11:target,qwen,qwen_sl_reopen,0,small,large,qwen_small,qwen_large,reopen,1,0,,,no intervention,0,1,0,1,fic:11:side4|fic:11:target|fic:11:side2,fic:11:side3|fic:11:side5|fic:11:side1|fic:11:side4|fic:11:target|fic:11:side2,fic:11:target,3,1,1,1,1,1,1,1,1,1,1,1,1,0,0,0,0,62,114,32,On what date was the Charter of Lyrnwood Crossing sealed?,"12 Sere 418|12 Sere, 418",12 Sere 418,1.0,1.0,1
fic:11|fic:11:A=side3:112eba2d2b9d|B=fic:11:side5,fic:11,fic:11:A=side3:112eba2d2b9d,fic:11:side3,fic:11:side5,llama,llama_ss,1,small,small,llama_small,llama_small,sealed,0,0,,,no intervention,1,1,0,1,fic:11:side3|fic:11:side1|fic:11:side2,fic:11:side3|fic:11:side1|fic:11:side2,fic:11:side1,3,1,1,0,0,0,1,0,0,0,1,1,1,0,0,0,0,52,52,20,At what lock did the Sere Addendum authorize bell signals?,Fogwreath Lock,Reedlock,0.0,0.0,0
fic:11|fic:11:A=side3:112eba2d2b9d|B=fic:11:side5,fic:11,fic:11:A=side3:112eba2d2b9d,fic:11:side3,fic:11:side5,llama,llama_sl,1,small,large,llama_small,llama_large,sealed,0,0,,,no intervention,1,1,0,1,fic:11:side3|fic:11:side1|fic:11:side2,fic:11:side3|fic:11:side1|fic:11:side2,fic:11:side3,3,1,1,0,0,0,1,0,0,0,1,1,1,0,0,0,0,52,52,18,At what lock did the Sere Addendum authorize bell signals?,Fogwreath Lock,Courts of the Three Keys,0.0,0.0,0
fic:11|fic:11:A=side3:112eba2d2b9d|B=fic:11:side5,fic:11,fic:11:A=side3:112eba2d2b9d,fic:11:side3,fic:11:side5,llama,llama_ls,1,large,small,llama_large,llama_small,sealed,0,0,,,no intervention,1,1,0,1,fic:11:side3|fic:11:target|fic:11:side2,fic:11:side3|fic:11:target|fic:11:side2,fic:11:side3,3,1,1,0,0,0,1,0,0,0,1,1,1,0,0,0,0,64,64,18,At what lock did the Sere Addendum authorize bell signals?,Fogwreath Lock,Courts of the Three Keys,0.0,0.0,0
fic:11|fic:11:A=side3:112eba2d2b9d|B=fic:11:side5,fic:11,fic:11:A=side3:112eba2d2b9d,fic:11:side3,fic:11:side5,llama,llama_ll,1,large,large,llama_large,llama_large,sealed,0,0,,,no intervention,1,1,0,1,fic:11:side3|fic:11:target|fic:11:side2,fic:11:side3|fic:11:target|fic:11:side2,fic:11:side3,3,1,1,0,0,0,1,0,0,0,1,1,1,0,0,0,0,64,64,18,At what lock did the Sere Addendum authorize bell signals?,Fogwreath Lock,Courts of the Three Keys,0.0,0.0,0
fic:11|fic:11:A=side3:112eba2d2b9d|B=fic:11:side5,fic:11,fic:11:A=side3:112eba2d2b9d,fic:11:side3,fic:11:side5,llama,llama_sl_sham,0,small,large,llama_small,llama_large,sham,0,1,fic:11:side4,fic:11:side2,replaced_with_length_nearest_non_support_card,1,1,0,1,fic:11:side3|fic:11:side1|fic:11:side2,fic:11:side3|fic:11:side1|fic:11:side4,fic:11:side3,3,1,1,0,0,0,1,0,0,0,1,1,1,0,0,0,0,52,54,18,At what lock did the Sere Addendum authorize bell signals?,Fogwreath Lock,Courts of the Three Keys,0.0,0.0,0
fic:11|fic:11:A=side3:112eba2d2b9d|B=fic:11:side5,fic:11,fic:11:A=side3:112eba2d2b9d,fic:11:side3,fic:11:side5,llama,llama_sl_restore,0,small,large,llama_small,llama_large,restore,0,1,fic:11:side5,fic:11:side2,replaced_length_nearest_card,1,1,0,1,fic:11:side3|fic:11:side1|fic:11:side2,fic:11:side3|fic:11:side1|fic:11:side5,fic:11:side5,3,1,1,0,1,1,1,0,1,1,1,1,1,0,0,0,0,52,52,14,At what lock did the Sere Addendum authorize bell signals?,Fogwreath Lock,Fogwreath Lock,1.0,1.0,1
fic:11|fic:11:A=side3:112eba2d2b9d|B=fic:11:side5,fic:11,fic:11:A=side3:112eba2d2b9d,fic:11:side3,fic:11:side5,llama,llama_sl_reopen,0,small,large,llama_small,llama_large,reopen,1,0,,,no intervention,1,1,0,1,fic:11:side3|fic:11:side1|fic:11:side2,fic:11:side3|fic:11:side5|fic:11:side1|fic:11:side4|fic:11:target|fic:11:side2,fic:11:side5,3,1,1,0,1,1,1,0,1,1,1,1,1,0,0,0,0,52,114,14,At what lock did the Sere Addendum authorize bell signals?,Fogwreath Lock,Fogwreath Lock,1.0,1.0,1
fic:11|fic:11:A=side3:112eba2d2b9d|B=fic:11:side5,fic:11,fic:11:A=side3:112eba2d2b9d,fic:11:side3,fic:11:side5,qwen,qwen_ss,1,small,small,qwen_small,qwen_small,sealed,0,0,,,no intervention,1,1,0,1,fic:11:side3|fic:11:target|fic:11:side2,fic:11:side3|fic:11:target|fic:11:side2,fic:11:side3,3,1,1,0,0,0,1,0,0,0,1,1,1,0,0,0,0,64,64,18,At what lock did the Sere Addendum authorize bell signals?,Fogwreath Lock,Courts of the Three Keys,0.0,0.0,0
fic:11|fic:11:A=side3:112eba2d2b9d|B=fic:11:side5,fic:11,fic:11:A=side3:112eba2d2b9d,fic:11:side3,fic:11:side5,qwen,qwen_sl,1,small,large,qwen_small,qwen_large,sealed,0,0,,,no intervention,1,1,0,1,fic:11:side3|fic:11:target|fic:11:side2,fic:11:side3|fic:11:target|fic:11:side2,,3,0,1,0,0,0,1,0,0,0,1,0,0,0,0,0,0,64,64,3,At what lock did the Sere Addendum authorize bell signals?,Fogwreath Lock,,0.0,0.0,0
fic:11|fic:11:A=side3:112eba2d2b9d|B=fic:11:side5,fic:11,fic:11:A=side3:112eba2d2b9d,fic:11:side3,fic:11:side5,qwen,qwen_ls,1,large,small,qwen_large,qwen_small,sealed,0,0,,,no intervention,1,1,0,1,fic:11:side3|fic:11:target|fic:11:side2,fic:11:side3|fic:11:target|fic:11:side2,fic:11:side3,3,1,1,0,0,0,1,0,0,0,1,1,1,0,0,0,0,64,64,18,At what lock did the Sere Addendum authorize bell signals?,Fogwreath Lock,Courts of the Three Keys,0.0,0.0,0
fic:11|fic:11:A=side3:112eba2d2b9d|B=fic:11:side5,fic:11,fic:11:A=side3:112eba2d2b9d,fic:11:side3,fic:11:side5,qwen,qwen_ll,1,large,large,qwen_large,qwen_large,sealed,0,0,,,no intervention,1,1,0,1,fic:11:side3|fic:11:target|fic:11:side2,fic:11:side3|fic:11:target|fic:11:side2,,3,0,1,0,0,0,1,0,0,0,1,0,0,0,0,0,0,64,64,3,At what lock did the Sere Addendum authorize bell signals?,Fogwreath Lock,,0.0,0.0,0
fic:11|fic:11:A=side3:112eba2d2b9d|B=fic:11:side5,fic:11,fic:11:A=side3:112eba2d2b9d,fic:11:side3,fic:11:side5,qwen,qwen_sl_sham,0,small,large,qwen_small,qwen_large,sham,0,1,fic:11:side4,fic:11:side2,replaced_with_length_nearest_non_support_card,1,1,0,1,fic:11:side3|fic:11:target|fic:11:side2,fic:11:side3|fic:11:target|fic:11:side4,,3,0,1,0,0,0,1,0,0,0,1,0,0,0,0,0,0,64,66,3,At what lock did the Sere Addendum authorize bell signals?,Fogwreath Lock,,0.0,0.0,0
fic:11|fic:11:A=side3:112eba2d2b9d|B=fic:11:side5,fic:11,fic:11:A=side3:112eba2d2b9d,fic:11:side3,fic:11:side5,qwen,qwen_sl_restore,0,small,large,qwen_small,qwen_large,restore,0,1,fic:11:side5,fic:11:side2,replaced_length_nearest_card,1,1,0,1,fic:11:side3|fic:11:target|fic:11:side2,fic:11:side3|fic:11:target|fic:11:side5,fic:11:side5,3,1,1,0,1,1,1,0,1,1,1,1,1,0,0,0,0,64,64,14,At what lock did the Sere Addendum authorize bell signals?,Fogwreath Lock,Fogwreath Lock,1.0,1.0,1
fic:11|fic:11:A=side3:112eba2d2b9d|B=fic:11:side5,fic:11,fic:11:A=side3:112eba2d2b9d,fic:11:side3,fic:11:side5,qwen,qwen_sl_reopen,0,small,large,qwen_small,qwen_large,reopen,1,0,,,no intervention,1,1,0,1,fic:11:side3|fic:11:target|fic:11:side2,fic:11:side3|fic:11:side5|fic:11:side1|fic:11:side4|fic:11:target|fic:11:side2,fic:11:side5,3,1,1,0,1,1,1,0,1,1,1,1,1,0,0,0,0,64,114,14,At what lock did the Sere Addendum authorize bell signals?,Fogwreath Lock,Fogwreath Lock,1.0,1.0,1
fic:11|fic:11:A=side1:d3be5eefea7e|B=fic:11:side4,fic:11,fic:11:A=side1:d3be5eefea7e,fic:11:side1,fic:11:side4,llama,llama_ss,1,small,small,llama_small,llama_small,sealed,0,0,,,no intervention,1,1,0,1,fic:11:side1|fic:11:side5|fic:11:side2,fic:11:side1|fic:11:side5|fic:11:side2,fic:11:side1,3,1,1,0,0,0,1,0,0,0,1,1,1,0,0,0,0,48,48,20,What toll was set per loaded wagon in Article 5?,four drift-crowns,Insufficient material,0.0,0.0,0
fic:11|fic:11:A=side1:d3be5eefea7e|B=fic:11:side4,fic:11,fic:11:A=side1:d3be5eefea7e,fic:11:side1,fic:11:side4,llama,llama_sl,1,small,large,llama_small,llama_large,sealed,0,0,,,no intervention,1,1,0,1,fic:11:side1|fic:11:side5|fic:11:side2,fic:11:side1|fic:11:side5|fic:11:side2,fic:11:side5,3,1,1,0,0,0,1,0,0,0,1,1,1,0,0,0,0,48,48,14,What toll was set per loaded wagon in Article 5?,four drift-crowns,Insufficient material,0.0,0.0,0
fic:11|fic:11:A=side1:d3be5eefea7e|B=fic:11:side4,fic:11,fic:11:A=side1:d3be5eefea7e,fic:11:side1,fic:11:side4,llama,llama_ls,1,large,small,llama_large,llama_small,sealed,0,0,,,no intervention,1,1,0,1,fic:11:side1|fic:11:side3|fic:11:side2,fic:11:side1|fic:11:side3|fic:11:side2,fic:11:side1,3,1,1,0,0,0,1,0,0,0,1,1,1,0,0,0,0,52,52,20,What toll was set per loaded wagon in Article 5?,four drift-crowns,Insufficient material,0.0,0.0,0
fic:11|fic:11:A=side1:d3be5eefea7e|B=fic:11:side4,fic:11,fic:11:A=side1:d3be5eefea7e,fic:11:side1,fic:11:side4,llama,llama_ll,1,large,large,llama_large,llama_large,sealed,0,0,,,no intervention,1,1,0,1,fic:11:side1|fic:11:side3|fic:11:side2,fic:11:side1|fic:11:side3|fic:11:side2,fic:11:side3,3,1,1,0,0,0,1,0,0,0,1,1,1,0,0,0,0,52,52,18,What toll was set per loaded wagon in Article 5?,four drift-crowns,Insufficient material,0.0,0.0,0
fic:11|fic:11:A=side1:d3be5eefea7e|B=fic:11:side4,fic:11,fic:11:A=side1:d3be5eefea7e,fic:11:side1,fic:11:side4,llama,llama_sl_sham,0,small,large,llama_small,llama_large,sham,0,1,fic:11:side3,fic:11:side2,replaced_with_length_nearest_non_support_card,1,1,0,1,fic:11:side1|fic:11:side5|fic:11:side2,fic:11:side1|fic:11:side5|fic:11:side3,fic:11:side3,3,1,1,0,0,0,1,0,0,0,1,1,1,0,0,0,0,48,52,18,What toll was set per loaded wagon in Article 5?,four drift-crowns,Insufficient material,0.0,0.0,0
fic:11|fic:11:A=side1:d3be5eefea7e|B=fic:11:side4,fic:11,fic:11:A=side1:d3be5eefea7e,fic:11:side1,fic:11:side4,llama,llama_sl_restore,0,small,large,llama_small,llama_large,restore,0,1,fic:11:side4,fic:11:side2,replaced_length_nearest_card,1,1,0,1,fic:11:side1|fic:11:side5|fic:11:side2,fic:11:side1|fic:11:side5|fic:11:side4,fic:11:side4,3,1,1,0,1,1,1,0,1,1,1,1,1,0,0,0,0,48,50,16,What toll was set per loaded wagon in Article 5?,four drift-crowns,four drift-crowns,1.0,1.0,1
fic:11|fic:11:A=side1:d3be5eefea7e|B=fic:11:side4,fic:11,fic:11:A=side1:d3be5eefea7e,fic:11:side1,fic:11:side4,llama,llama_sl_reopen,0,small,large,llama_small,llama_large,reopen,1,0,,,no intervention,1,1,0,1,fic:11:side1|fic:11:side5|fic:11:side2,fic:11:side3|fic:11:side5|fic:11:side1|fic:11:side4|fic:11:target|fic:11:side2,fic:11:side4,3,1,1,0,1,1,1,0,1,1,1,1,1,0,0,0,0,48,114,16,What toll was set per loaded wagon in Article 5?,four drift-crowns,four drift-crowns,1.0,1.0,1
fic:11|fic:11:A=side1:d3be5eefea7e|B=fic:11:side4,fic:11,fic:11:A=side1:d3be5eefea7e,fic:11:side1,fic:11:side4,qwen,qwen_ss,1,small,small,qwen_small,qwen_small,sealed,0,0,,,no intervention,0,1,0,1,fic:11:side1|fic:11:side4|fic:11:target,fic:11:side1|fic:11:side4|fic:11:target,fic:11:side4,3,1,1,1,1,1,1,1,1,1,1,1,1,0,0,0,0,68,68,16,What toll was set per loaded wagon in Article 5?,four drift-crowns,four drift-crowns,1.0,1.0,1
fic:11|fic:11:A=side1:d3be5eefea7e|B=fic:11:side4,fic:11,fic:11:A=side1:d3be5eefea7e,fic:11:side1,fic:11:side4,qwen,qwen_sl,1,small,large,qwen_small,qwen_large,sealed,0,0,,,no intervention,0,1,0,1,fic:11:side1|fic:11:side4|fic:11:target,fic:11:side1|fic:11:side4|fic:11:target,fic:11:side4,3,1,1,1,1,1,1,1,1,1,1,1,1,0,0,0,0,68,68,16,What toll was set per loaded wagon in Article 5?,four drift-crowns,four drift-crowns,1.0,1.0,1
fic:11|fic:11:A=side1:d3be5eefea7e|B=fic:11:side4,fic:11,fic:11:A=side1:d3be5eefea7e,fic:11:side1,fic:11:side4,qwen,qwen_ls,1,large,small,qwen_large,qwen_small,sealed,0,0,,,no intervention,1,1,0,1,fic:11:side1|fic:11:side3|fic:11:side2,fic:11:side1|fic:11:side3|fic:11:side2,fic:11:side3,3,1,1,0,0,0,1,0,0,0,1,1,1,0,0,0,0,52,52,18,What toll was set per loaded wagon in Article 5?,four drift-crowns,Insufficient material,0.0,0.0,0
fic:11|fic:11:A=side1:d3be5eefea7e|B=fic:11:side4,fic:11,fic:11:A=side1:d3be5eefea7e,fic:11:side1,fic:11:side4,qwen,qwen_ll,1,large,large,qwen_large,qwen_large,sealed,0,0,,,no intervention,1,1,0,1,fic:11:side1|fic:11:side3|fic:11:side2,fic:11:side1|fic:11:side3|fic:11:side2,fic:11:side2,3,1,1,0,0,0,1,0,0,0,1,1,1,0,0,0,0,52,52,14,What toll was set per loaded wagon in Article 5?,four drift-crowns,10 pence,0.0,0.0,0
fic:11|fic:11:A=side1:d3be5eefea7e|B=fic:11:side4,fic:11,fic:11:A=side1:d3be5eefea7e,fic:11:side1,fic:11:side4,qwen,qwen_sl_sham,0,small,large,qwen_small,qwen_large,sham,0,0,,,"restore was ineligible, so matched sham is a no-op",0,1,0,1,fic:11:side1|fic:11:side4|fic:11:target,fic:11:side1|fic:11:side4|fic:11:target,fic:11:side4,3,1,1,1,1,1,1,1,1,1,1,1,1,0,0,0,0,68,68,16,What toll was set per loaded wagon in Article 5?,four drift-crowns,four drift-crowns,1.0,1.0,1
fic:11|fic:11:A=side1:d3be5eefea7e|B=fic:11:side4,fic:11,fic:11:A=side1:d3be5eefea7e,fic:11:side1,fic:11:side4,qwen,qwen_sl_restore,0,small,large,qwen_small,qwen_large,restore,0,0,,,support_already_present,0,1,0,1,fic:11:side1|fic:11:side4|fic:11:target,fic:11:side1|fic:11:side4|fic:11:target,fic:11:side4,3,1,1,1,1,1,1,1,1,1,1,1,1,0,0,0,0,68,68,16,What toll was set per loaded wagon in Article 5?,four drift-crowns,four drift-crowns,1.0,1.0,1
fic:11|fic:11:A=side1:d3be5eefea7e|B=fic:11:side4,fic:11,fic:11:A=side1:d3be5eefea7e,fic:11:side1,fic:11:side4,qwen,qwen_sl_reopen,0,small,large,qwen_small,qwen_large,reopen,1,0,,,no intervention,0,1,0,1,fic:11:side1|fic:11:side4|fic:11:target,fic:11:side3|fic:11:side5|fic:11:side1|fic:11:side4|fic:11:target|fic:11:side2,fic:11:side4,3,1,1,1,1,1,1,1,1,1,1,1,1,0,0,0,0,68,114,16,What toll was set per loaded wagon in Article 5?,four drift-crowns,four drift-crowns,1.0,1.0,1
fic:11|fic:11:A=target:52f6400bf414|B=fic:11:side2,fic:11,fic:11:A=target:52f6400bf414,fic:11:target,fic:11:side2,llama,llama_ss,1,small,small,llama_small,llama_small,sealed,0,0,,,no intervention,1,1,0,1,fic:11:target|fic:11:side5|fic:11:side3,fic:11:target|fic:11:side5|fic:11:side3,fic:11:side3,3,1,1,0,0,0,1,0,0,0,1,1,1,0,0,0,0,64,64,18,What canal corridor did the charter govern?,Mireway Canal,Venetian,0.0,0.0,0
fic:11|fic:11:A=target:52f6400bf414|B=fic:11:side2,fic:11,fic:11:A=target:52f6400bf414,fic:11:target,fic:11:side2,llama,llama_sl,1,small,large,llama_small,llama_large,sealed,0,0,,,no intervention,1,1,0,1,fic:11:target|fic:11:side5|fic:11:side3,fic:11:target|fic:11:side5|fic:11:side3,fic:11:side3,3,1,1,0,0,0,1,0,0,0,1,1,1,0,0,0,0,64,64,18,What canal corridor did the charter govern?,Mireway Canal,Venetian,0.0,0.0,0
fic:11|fic:11:A=target:52f6400bf414|B=fic:11:side2,fic:11,fic:11:A=target:52f6400bf414,fic:11:target,fic:11:side2,llama,llama_ls,1,large,small,llama_large,llama_small,sealed,0,0,,,no intervention,0,1,0,1,fic:11:target|fic:11:side3|fic:11:side2,fic:11:target|fic:11:side3|fic:11:side2,fic:11:side2,3,1,1,1,1,1,1,1,1,1,1,1,1,0,0,0,0,64,64,14,What canal corridor did the charter govern?,Mireway Canal,Mireway Canal,1.0,1.0,1
fic:11|fic:11:A=target:52f6400bf414|B=fic:11:side2,fic:11,fic:11:A=target:52f6400bf414,fic:11:target,fic:11:side2,llama,llama_ll,1,large,large,llama_large,llama_large,sealed,0,0,,,no intervention,0,1,0,1,fic:11:target|fic:11:side3|fic:11:side2,fic:11:target|fic:11:side3|fic:11:side2,fic:11:side2,3,1,1,1,1,1,1,1,1,1,1,1,1,0,0,0,0,64,64,14,What canal corridor did the charter govern?,Mireway Canal,Mireway Canal,1.0,1.0,1
fic:11|fic:11:A=target:52f6400bf414|B=fic:11:side2,fic:11,fic:11:A=target:52f6400bf414,fic:11:target,fic:11:side2,llama,llama_sl_sham,0,small,large,llama_small,llama_large,sham,0,1,fic:11:side4,fic:11:side5,replaced_with_length_nearest_non_support_card,1,1,0,1,fic:11:target|fic:11:side5|fic:11:side3,fic:11:target|fic:11:side4|fic:11:side3,fic:11:side3,3,1,1,0,0,0,1,0,0,0,1,1,1,0,0,0,0,64,66,18,What canal corridor did the charter govern?,Mireway Canal,Venetian,0.0,0.0,0
fic:11|fic:11:A=target:52f6400bf414|B=fic:11:side2,fic:11,fic:11:A=target:52f6400bf414,fic:11:target,fic:11:side2,llama,llama_sl_restore,0,small,large,llama_small,llama_large,restore,0,1,fic:11:side2,fic:11:side5,replaced_length_nearest_card,1,1,0,1,fic:11:target|fic:11:side5|fic:11:side3,fic:11:target|fic:11:side2|fic:11:side3,fic:11:side2,3,1,1,0,1,1,1,0,1,1,1,1,1,0,0,0,0,64,64,14,What canal corridor did the charter govern?,Mireway Canal,Mireway Canal,1.0,1.0,1
fic:11|fic:11:A=target:52f6400bf414|B=fic:11:side2,fic:11,fic:11:A=target:52f6400bf414,fic:11:target,fic:11:side2,llama,llama_sl_reopen,0,small,large,llama_small,llama_large,reopen,1,0,,,no intervention,1,1,0,1,fic:11:target|fic:11:side5|fic:11:side3,fic:11:side3|fic:11:side5|fic:11:side1|fic:11:side4|fic:11:target|fic:11:side2,fic:11:side2,3,1,1,0,1,1,1,0,1,1,1,1,1,0,0,0,0,64,114,14,What canal corridor did the charter govern?,Mireway Canal,Mireway Canal,1.0,1.0,1
fic:11|fic:11:A=target:52f6400bf414|B=fic:11:side2,fic:11,fic:11:A=target:52f6400bf414,fic:11:target,fic:11:side2,qwen,qwen_ss,1,small,small,qwen_small,qwen_small,sealed,0,0,,,no intervention,0,1,0,1,fic:11:target|fic:11:side3|fic:11:side2,fic:11:target|fic:11:side3|fic:11:side2,fic:11:side2,3,1,1,1,1,1,1,1,1,1,1,1,1,0,0,0,0,64,64,14,What canal corridor did the charter govern?,Mireway Canal,Mireway Canal,1.0,1.0,1
fic:11|fic:11:A=target:52f6400bf414|B=fic:11:side2,fic:11,fic:11:A=target:52f6400bf414,fic:11:target,fic:11:side2,qwen,qwen_sl,1,small,large,qwen_small,qwen_large,sealed,0,0,,,no intervention,0,1,0,1,fic:11:target|fic:11:side3|fic:11:side2,fic:11:target|fic:11:side3|fic:11:side2,fic:11:side2,3,1,1,1,1,1,1,1,1,1,1,1,1,0,0,0,0,64,64,14,What canal corridor did the charter govern?,Mireway Canal,Mireway Canal,1.0,1.0,1
fic:11|fic:11:A=target:52f6400bf414|B=fic:11:side2,fic:11,fic:11:A=target:52f6400bf414,fic:11:target,fic:11:side2,qwen,qwen_ls,1,large,small,qwen_large,qwen_small,sealed,0,0,,,no intervention,0,1,0,1,fic:11:target|fic:11:side3|fic:11:side2,fic:11:target|fic:11:side3|fic:11:side2,fic:11:side2,3,1,1,1,1,1,1,1,1,1,1,1,1,0,0,0,0,64,64,14,What canal corridor did the charter govern?,Mireway Canal,Mireway Canal,1.0,1.0,1
fic:11|fic:11:A=target:52f6400bf414|B=fic:11:side2,fic:11,fic:11:A=target:52f6400bf414,fic:11:target,fic:11:side2,qwen,qwen_ll,1,large,large,qwen_large,qwen_large,sealed,0,0,,,no intervention,0,1,0,1,fic:11:target|fic:11:side3|fic:11:side2,fic:11:target|fic:11:side3|fic:11:side2,fic:11:side2,3,1,1,1,1,1,1,1,1,1,1,1,1,0,0,0,0,64,64,14,What canal corridor did the charter govern?,Mireway Canal,Mireway Canal,1.0,1.0,1
fic:11|fic:11:A=target:52f6400bf414|B=fic:11:side2,fic:11,fic:11:A=target:52f6400bf414,fic:11:target,fic:11:side2,qwen,qwen_sl_sham,0,small,large,qwen_small,qwen_large,sham,0,0,,,"restore was ineligible, so matched sham is a no-op",0,1,0,1,fic:11:target|fic:11:side3|fic:11:side2,fic:11:target|fic:11:side3|fic:11:side2,fic:11:side2,3,1,1,1,1,1,1,1,1,1,1,1,1,0,0,0,0,64,64,14,What canal corridor did the charter govern?,Mireway Canal,Mireway Canal,1.0,1.0,1
fic:11|fic:11:A=target:52f6400bf414|B=fic:11:side2,fic:11,fic:11:A=target:52f6400bf414,fic:11:target,fic:11:side2,qwen,qwen_sl_restore,0,small,large,qwen_small,qwen_large,restore,0,0,,,support_already_present,0,1,0,1,fic:11:target|fic:11:side3|fic:11:side2,fic:11:target|fic:11:side3|fic:11:side2,fic:11:side2,3,1,1,1,1,1,1,1,1,1,1,1,1,0,0,0,0,64,64,14,What canal corridor did the charter govern?,Mireway Canal,Mireway Canal,1.0,1.0,1
fic:11|fic:11:A=target:52f6400bf414|B=fic:11:side2,fic:11,fic:11:A=target:52f6400bf414,fic:11:target,fic:11:side2,qwen,qwen_sl_reopen,0,small,large,qwen_small,qwen_large,reopen,1,0,,,no intervention,0,1,0,1,fic:11:target|fic:11:side3|fic:11:side2,fic:11:side3|fic:11:side5|fic:11:side1|fic:11:side4|fic:11:target|fic:11:side2,fic:11:side2,3,1,1,1,1,1,1,1,1,1,1,1,1,0,0,0,0,64,114,14,What canal corridor did the charter govern?,Mireway Canal,Mireway Canal,1.0,1.0,1
fic:12|fic:12:A=target:d4b50315d001|B=fic:12:side1,fic:12,fic:12:A=target:d4b50315d001,fic:12:target,fic:12:side1,llama,llama_ss,1,small,small,llama_small,llama_small,sealed,0,0,,,no intervention,0,1,0,1,fic:12:target|fic:12:side1|fic:12:side3,fic:12:target|fic:12:side1|fic:12:side3,fic:12:side1,3,1,1,1,1,1,1,1,1,1,1,1,1,0,0,0,0,61,61,17,Along which canal were the winter dock gatherings?,Rooke Canal,Rooke Canal,1.0,1.0,1
fic:12|fic:12:A=target:d4b50315d001|B=fic:12:side1,fic:12,fic:12:A=target:d4b50315d001,fic:12:target,fic:12:side1,llama,llama_sl,1,small,large,llama_small,llama_large,sealed,0,0,,,no intervention,0,1,0,1,fic:12:target|fic:12:side1|fic:12:side3,fic:12:target|fic:12:side1|fic:12:side3,fic:12:side1,3,1,1,1,1,1,1,1,1,1,1,1,1,0,0,0,0,61,61,17,Along which canal were the winter dock gatherings?,Rooke Canal,Rooke Canal,1.0,1.0,1
fic:12|fic:12:A=target:d4b50315d001|B=fic:12:side1,fic:12,fic:12:A=target:d4b50315d001,fic:12:target,fic:12:side1,llama,llama_ls,1,large,small,llama_large,llama_small,sealed,0,0,,,no intervention,0,1,0,1,fic:12:target|fic:12:side1|fic:12:side2,fic:12:target|fic:12:side1|fic:12:side2,fic:12:side1,3,1,1,1,1,1,1,1,1,1,1,1,1,0,0,0,0,58,58,17,Along which canal were the winter dock gatherings?,Rooke Canal,Rooke Canal,1.0,1.0,1
fic:12|fic:12:A=target:d4b50315d001|B=fic:12:side1,fic:12,fic:12:A=target:d4b50315d001,fic:12:target,fic:12:side1,llama,llama_ll,1,large,large,llama_large,llama_large,sealed,0,0,,,no intervention,0,1,0,1,fic:12:target|fic:12:side1|fic:12:side2,fic:12:target|fic:12:side1|fic:12:side2,fic:12:side1,3,1,1,1,1,1,1,1,1,1,1,1,1,0,0,0,0,58,58,17,Along which canal were the winter dock gatherings?,Rooke Canal,Rooke Canal,1.0,1.0,1
fic:12|fic:12:A=target:d4b50315d001|B=fic:12:side1,fic:12,fic:12:A=target:d4b50315d001,fic:12:target,fic:12:side1,llama,llama_sl_sham,0,small,large,llama_small,llama_large,sham,0,0,,,"restore was ineligible, so matched sham is a no-op",0,1,0,1,fic:12:target|fic:12:side1|fic:12:side3,fic:12:target|fic:12:side1|fic:12:side3,fic:12:side1,3,1,1,1,1,1,1,1,1,1,1,1,1,0,0,0,0,61,61,17,Along which canal were the winter dock gatherings?,Rooke Canal,Rooke Canal,1.0,1.0,1
fic:12|fic:12:A=target:d4b50315d001|B=fic:12:side1,fic:12,fic:12:A=target:d4b50315d001,fic:12:target,fic:12:side1,llama,llama_sl_restore,0,small,large,llama_small,llama_large,restore,0,0,,,support_already_present,0,1,0,1,fic:12:target|fic:12:side1|fic:12:side3,fic:12:target|fic:12:side1|fic:12:side3,fic:12:side1,3,1,1,1,1,1,1,1,1,1,1,1,1,0,0,0,0,61,61,17,Along which canal were the winter dock gatherings?,Rooke Canal,Rooke Canal,1.0,1.0,1
fic:12|fic:12:A=target:d4b50315d001|B=fic:12:side1,fic:12,fic:12:A=target:d4b50315d001,fic:12:target,fic:12:side1,llama,llama_sl_reopen,0,small,large,llama_small,llama_large,reopen,1,0,,,no intervention,0,1,0,1,fic:12:target|fic:12:side1|fic:12:side3,fic:12:target|fic:12:side1|fic:12:side4|fic:12:side3|fic:12:side2|fic:12:side5,fic:12:side1,3,1,1,1,1,1,1,1,1,1,1,1,1,0,0,0,0,61,107,17,Along which canal were the winter dock gatherings?,Rooke Canal,Rooke Canal,1.0,1.0,1
fic:12|fic:12:A=target:d4b50315d001|B=fic:12:side1,fic:12,fic:12:A=target:d4b50315d001,fic:12:target,fic:12:side1,qwen,qwen_ss,1,small,small,qwen_small,qwen_small,sealed,0,0,,,no intervention,0,1,0,1,fic:12:target|fic:12:side2|fic:12:side1,fic:12:target|fic:12:side2|fic:12:side1,fic:12:side1,3,1,1,1,1,1,1,1,1,1,1,1,1,0,0,0,0,58,58,17,Along which canal were the winter dock gatherings?,Rooke Canal,Rooke Canal,1.0,1.0,1
fic:12|fic:12:A=target:d4b50315d001|B=fic:12:side1,fic:12,fic:12:A=target:d4b50315d001,fic:12:target,fic:12:side1,qwen,qwen_sl,1,small,large,qwen_small,qwen_large,sealed,0,0,,,no intervention,0,1,0,1,fic:12:target|fic:12:side2|fic:12:side1,fic:12:target|fic:12:side2|fic:12:side1,fic:12:side1,3,1,1,1,1,1,1,1,1,1,1,1,1,0,0,0,0,58,58,17,Along which canal were the winter dock gatherings?,Rooke Canal,Rooke Canal,1.0,1.0,1
fic:12|fic:12:A=target:d4b50315d001|B=fic:12:side1,fic:12,fic:12:A=target:d4b50315d001,fic:12:target,fic:12:side1,qwen,qwen_ls,1,large,small,qwen_large,qwen_small,sealed,0,0,,,no intervention,0,1,0,1,fic:12:target|fic:12:side2|fic:12:side1,fic:12:target|fic:12:side2|fic:12:side1,fic:12:side1,3,1,1,1,1,1,1,1,1,1,1,1,1,0,0,0,0,58,58,17,Along which canal were the winter dock gatherings?,Rooke Canal,Rooke Canal,1.0,1.0,1
fic:12|fic:12:A=target:d4b50315d001|B=fic:12:side1,fic:12,fic:12:A=target:d4b50315d001,fic:12:target,fic:12:side1,qwen,qwen_ll,1,large,large,qwen_large,qwen_large,sealed,0,0,,,no intervention,0,1,0,1,fic:12:target|fic:12:side2|fic:12:side1,fic:12:target|fic:12:side2|fic:12:side1,fic:12:side1,3,1,1,1,1,1,1,1,1,1,1,1,1,0,0,0,0,58,58,17,Along which canal were the winter dock gatherings?,Rooke Canal,Rooke Canal,1.0,1.0,1
fic:12|fic:12:A=target:d4b50315d001|B=fic:12:side1,fic:12,fic:12:A=target:d4b50315d001,fic:12:target,fic:12:side1,qwen,qwen_sl_sham,0,small,large,qwen_small,qwen_large,sham,0,0,,,"restore was ineligible, so matched sham is a no-op",0,1,0,1,fic:12:target|fic:12:side2|fic:12:side1,fic:12:target|fic:12:side2|fic:12:side1,fic:12:side1,3,1,1,1,1,1,1,1,1,1,1,1,1,0,0,0,0,58,58,17,Along which canal were the winter dock gatherings?,Rooke Canal,Rooke Canal,1.0,1.0,1
fic:12|fic:12:A=target:d4b50315d001|B=fic:12:side1,fic:12,fic:12:A=target:d4b50315d001,fic:12:target,fic:12:side1,qwen,qwen_sl_restore,0,small,large,qwen_small,qwen_large,restore,0,0,,,support_already_present,0,1,0,1,fic:12:target|fic:12:side2|fic:12:side1,fic:12:target|fic:12:side2|fic:12:side1,fic:12:side1,3,1,1,1,1,1,1,1,1,1,1,1,1,0,0,0,0,58,58,17,Along which canal were the winter dock gatherings?,Rooke Canal,Rooke Canal,1.0,1.0,1
fic:12|fic:12:A=target:d4b50315d001|B=fic:12:side1,fic:12,fic:12:A=target:d4b50315d001,fic:12:target,fic:12:side1,qwen,qwen_sl_reopen,0,small,large,qwen_small,qwen_large,reopen,1,0,,,no intervention,0,1,0,1,fic:12:target|fic:12:side2|fic:12:side1,fic:12:target|fic:12:side1|fic:12:side4|fic:12:side3|fic:12:side2|fic:12:side5,fic:12:side1,3,1,1,1,1,1,1,1,1,1,1,1,1,0,0,0,0,58,107,17,Along which canal were the winter dock gatherings?,Rooke Canal,Rooke Canal,1.0,1.0,1
fic:12|fic:12:A=side2:34a43fb0e00c|B=fic:12:side5,fic:12,fic:12:A=side2:34a43fb0e00c,fic:12:side2,fic:12:side5,llama,llama_ss,1,small,small,llama_small,llama_small,sealed,0,0,,,no intervention,1,1,0,1,fic:12:target|fic:12:side1|fic:12:side2,fic:12:target|fic:12:side1|fic:12:side2,fic:12:side1,3,1,1,0,0,0,1,0,0,0,1,1,1,0,0,0,0,58,58,17,What is the name of the wax set issued by the Lornet Phonograph Office?,Chalk Harbor Takes,Lornet Phonograph Office,0.0,0.0,0
fic:12|fic:12:A=side2:34a43fb0e00c|B=fic:12:side5,fic:12,fic:12:A=side2:34a43fb0e00c,fic:12:side2,fic:12:side5,llama,llama_sl,1,small,large,llama_small,llama_large,sealed,0,0,,,no intervention,1,1,0,1,fic:12:target|fic:12:side1|fic:12:side2,fic:12:target|fic:12:side1|fic:12:side2,fic:12:target,3,1,1,0,0,0,1,0,0,0,1,1,1,0,0,0,0,58,58,27,What is the name of the wax set issued by the Lornet Phonograph Office?,Chalk Harbor Takes,Vescarin Foldstep,0.0,0.0,0
fic:12|fic:12:A=side2:34a43fb0e00c|B=fic:12:side5,fic:12,fic:12:A=side2:34a43fb0e00c,fic:12:side2,fic:12:side5,llama,llama_ls,1,large,small,llama_large,llama_small,sealed,0,0,,,no intervention,1,1,0,1,fic:12:side2|fic:12:target|fic:12:side1,fic:12:side2|fic:12:target|fic:12:side1,fic:12:side1,3,1,1,0,0,0,1,0,0,0,1,1,1,0,0,0,0,58,58,17,What is the name of the wax set issued by the Lornet Phonograph Office?,Chalk Harbor Takes,Lornet Phonograph Office,0.0,0.0,0
fic:12|fic:12:A=side2:34a43fb0e00c|B=fic:12:side5,fic:12,fic:12:A=side2:34a43fb0e00c,fic:12:side2,fic:12:side5,llama,llama_ll,1,large,large,llama_large,llama_large,sealed,0,0,,,no intervention,1,1,0,1,fic:12:side2|fic:12:target|fic:12:side1,fic:12:side2|fic:12:target|fic:12:side1,fic:12:target,3,1,1,0,0,0,1,0,0,0,1,1,1,0,0,0,0,58,58,27,What is the name of the wax set issued by the Lornet Phonograph Office?,Chalk Harbor Takes,Vescarin Foldstep,0.0,0.0,0
fic:12|fic:12:A=side2:34a43fb0e00c|B=fic:12:side5,fic:12,fic:12:A=side2:34a43fb0e00c,fic:12:side2,fic:12:side5,llama,llama_sl_sham,0,small,large,llama_small,llama_large,sham,0,1,fic:12:side3,fic:12:side1,replaced_with_length_nearest_non_support_card,1,1,0,1,fic:12:target|fic:12:side1|fic:12:side2,fic:12:target|fic:12:side3|fic:12:side2,fic:12:target,3,1,1,0,0,0,1,0,0,0,1,1,1,0,0,0,0,58,58,27,What is the name of the wax set issued by the Lornet Phonograph Office?,Chalk Harbor Takes,Vescarin Foldstep,0.0,0.0,0
fic:12|fic:12:A=side2:34a43fb0e00c|B=fic:12:side5,fic:12,fic:12:A=side2:34a43fb0e00c,fic:12:side2,fic:12:side5,llama,llama_sl_restore,0,small,large,llama_small,llama_large,restore,0,1,fic:12:side5,fic:12:side1,replaced_length_nearest_card,1,1,0,1,fic:12:target|fic:12:side1|fic:12:side2,fic:12:target|fic:12:side5|fic:12:side2,fic:12:side5,3,1,1,0,1,1,1,0,1,1,1,1,1,0,0,0,0,58,60,19,What is the name of the wax set issued by the Lornet Phonograph Office?,Chalk Harbor Takes,Chalk Harbor Takes,1.0,1.0,1
fic:12|fic:12:A=side2:34a43fb0e00c|B=fic:12:side5,fic:12,fic:12:A=side2:34a43fb0e00c,fic:12:side2,fic:12:side5,llama,llama_sl_reopen,0,small,large,llama_small,llama_large,reopen,1,0,,,no intervention,1,1,0,1,fic:12:target|fic:12:side1|fic:12:side2,fic:12:target|fic:12:side1|fic:12:side4|fic:12:side3|fic:12:side2|fic:12:side5,fic:12:side5,3,1,1,0,1,1,1,0,1,1,1,1,1,0,0,0,0,58,107,19,What is the name of the wax set issued by the Lornet Phonograph Office?,Chalk Harbor Takes,Chalk Harbor Takes,1.0,1.0,1
fic:12|fic:12:A=side2:34a43fb0e00c|B=fic:12:side5,fic:12,fic:12:A=side2:34a43fb0e00c,fic:12:side2,fic:12:side5,qwen,qwen_ss,1,small,small,qwen_small,qwen_small,sealed,0,0,,,no intervention,0,1,0,1,,,,0,0,0,0,0,0,0,0,0,0,0,0,0,0,1,0,0,9,9,3,What is the name of the wax set issued by the Lornet Phonograph Office?,Chalk Harbor Takes,,0.0,0.0,0
fic:12|fic:12:A=side2:34a43fb0e00c|B=fic:12:side5,fic:12,fic:12:A=side2:34a43fb0e00c,fic:12:side2,fic:12:side5,qwen,qwen_sl,1,small,large,qwen_small,qwen_large,sealed,0,0,,,no intervention,0,1,0,1,,,,0,0,0,0,0,0,0,0,0,0,0,0,0,0,1,0,0,9,9,3,What is the name of the wax set issued by the Lornet Phonograph Office?,Chalk Harbor Takes,,0.0,0.0,0
fic:12|fic:12:A=side2:34a43fb0e00c|B=fic:12:side5,fic:12,fic:12:A=side2:34a43fb0e00c,fic:12:side2,fic:12:side5,qwen,qwen_ls,1,large,small,qwen_large,qwen_small,sealed,0,0,,,no intervention,1,1,0,1,fic:12:side2|fic:12:target|fic:12:side1,fic:12:side2|fic:12:target|fic:12:side1,,3,0,1,0,0,0,1,0,0,0,1,0,0,0,0,0,0,58,58,3,What is the name of the wax set issued by the Lornet Phonograph Office?,Chalk Harbor Takes,,0.0,0.0,0
fic:12|fic:12:A=side2:34a43fb0e00c|B=fic:12:side5,fic:12,fic:12:A=side2:34a43fb0e00c,fic:12:side2,fic:12:side5,qwen,qwen_ll,1,large,large,qwen_large,qwen_large,sealed,0,0,,,no intervention,1,1,0,1,fic:12:side2|fic:12:target|fic:12:side1,fic:12:side2|fic:12:target|fic:12:side1,,3,0,1,0,0,0,1,0,0,0,1,0,0,0,0,0,0,58,58,3,What is the name of the wax set issued by the Lornet Phonograph Office?,Chalk Harbor Takes,,0.0,0.0,0
fic:12|fic:12:A=side2:34a43fb0e00c|B=fic:12:side5,fic:12,fic:12:A=side2:34a43fb0e00c,fic:12:side2,fic:12:side5,qwen,qwen_sl_sham,0,small,large,qwen_small,qwen_large,sham,0,0,,,no intervention,0,1,0,1,,,,0,0,0,0,0,0,0,0,0,0,0,0,0,0,1,0,0,9,9,3,What is the name of the wax set issued by the Lornet Phonograph Office?,Chalk Harbor Takes,,0.0,0.0,0
fic:12|fic:12:A=side2:34a43fb0e00c|B=fic:12:side5,fic:12,fic:12:A=side2:34a43fb0e00c,fic:12:side2,fic:12:side5,qwen,qwen_sl_restore,0,small,large,qwen_small,qwen_large,restore,0,0,,,no intervention,0,1,0,1,,,,0,0,0,0,0,0,0,0,0,0,0,0,0,0,1,0,0,9,9,3,What is the name of the wax set issued by the Lornet Phonograph Office?,Chalk Harbor Takes,,0.0,0.0,0
fic:12|fic:12:A=side2:34a43fb0e00c|B=fic:12:side5,fic:12,fic:12:A=side2:34a43fb0e00c,fic:12:side2,fic:12:side5,qwen,qwen_sl_reopen,0,small,large,qwen_small,qwen_large,reopen,1,0,,,no intervention,0,1,0,1,,fic:12:target|fic:12:side1|fic:12:side4|fic:12:side3|fic:12:side2|fic:12:side5,fic:12:side5,0,1,0,0,1,1,0,0,1,1,0,1,0,0,0,0,0,9,107,19,What is the name of the wax set issued by the Lornet Phonograph Office?,Chalk Harbor Takes,Chalk Harbor Takes,1.0,1.0,1
fic:12|fic:12:A=side3:5aff2ed1c64e|B=fic:12:side2,fic:12,fic:12:A=side3:5aff2ed1c64e,fic:12:side3,fic:12:side2,llama,llama_ss,1,small,small,llama_small,llama_small,sealed,0,0,,,no intervention,1,1,0,1,fic:12:side1|fic:12:side3|fic:12:side5,fic:12:side1|fic:12:side3|fic:12:side5,fic:12:side1,3,1,1,0,0,0,1,0,0,0,1,1,1,0,0,0,0,53,53,17,What years are given for the Neraud Wharf nights?,809–811|809-811,No years given,0.0,0.0,0
fic:12|fic:12:A=side3:5aff2ed1c64e|B=fic:12:side2,fic:12,fic:12:A=side3:5aff2ed1c64e,fic:12:side3,fic:12:side2,llama,llama_sl,1,small,large,llama_small,llama_large,sealed,0,0,,,no intervention,1,1,0,1,fic:12:side1|fic:12:side3|fic:12:side5,fic:12:side1|fic:12:side3|fic:12:side5,fic:12:side1,3,1,1,0,0,0,1,0,0,0,1,1,1,0,0,0,0,53,53,17,What years are given for the Neraud Wharf nights?,809–811|809-811,No years given,0.0,0.0,0
fic:12|fic:12:A=side3:5aff2ed1c64e|B=fic:12:side2,fic:12,fic:12:A=side3:5aff2ed1c64e,fic:12:side3,fic:12:side2,llama,llama_ls,1,large,small,llama_large,llama_small,sealed,0,0,,,no intervention,1,1,0,1,fic:12:side3|fic:12:target|fic:12:side1,fic:12:side3|fic:12:target|fic:12:side1,fic:12:side1,3,1,1,0,0,0,1,0,0,0,1,1,1,0,0,0,0,61,61,17,What years are given for the Neraud Wharf nights?,809–811|809-811,No years given,0.0,0.0,0
fic:12|fic:12:A=side3:5aff2ed1c64e|B=fic:12:side2,fic:12,fic:12:A=side3:5aff2ed1c64e,fic:12:side3,fic:12:side2,llama,llama_ll,1,large,large,llama_large,llama_large,sealed,0,0,,,no intervention,1,1,0,1,fic:12:side3|fic:12:target|fic:12:side1,fic:12:side3|fic:12:target|fic:12:side1,fic:12:target,3,1,1,0,0,0,1,0,0,0,1,1,1,0,0,0,0,61,61,27,What years are given for the Neraud Wharf nights?,809–811|809-811,No years given,0.0,0.0,0
fic:12|fic:12:A=side3:5aff2ed1c64e|B=fic:12:side2,fic:12,fic:12:A=side3:5aff2ed1c64e,fic:12:side3,fic:12:side2,llama,llama_sl_sham,0,small,large,llama_small,llama_large,sham,0,1,fic:12:side4,fic:12:side1,replaced_with_length_nearest_non_support_card,1,1,0,1,fic:12:side1|fic:12:side3|fic:12:side5,fic:12:side4|fic:12:side3|fic:12:side5,fic:12:side3,3,1,1,0,0,0,1,0,0,0,1,1,1,0,0,0,0,53,49,17,What years are given for the Neraud Wharf nights?,809–811|809-811,Insufficient material,0.0,0.0,0
fic:12|fic:12:A=side3:5aff2ed1c64e|B=fic:12:side2,fic:12,fic:12:A=side3:5aff2ed1c64e,fic:12:side3,fic:12:side2,llama,llama_sl_restore,0,small,large,llama_small,llama_large,restore,0,1,fic:12:side2,fic:12:side1,replaced_length_nearest_card,1,1,0,1,fic:12:side1|fic:12:side3|fic:12:side5,fic:12:side2|fic:12:side3|fic:12:side5,fic:12:side2,3,1,1,0,1,1,1,0,1,1,1,1,1,0,0,0,0,53,50,14,What years are given for the Neraud Wharf nights?,809–811|809-811,809–811,1.0,1.0,1
fic:12|fic:12:A=side3:5aff2ed1c64e|B=fic:12:side2,fic:12,fic:12:A=side3:5aff2ed1c64e,fic:12:side3,fic:12:side2,llama,llama_sl_reopen,0,small,large,llama_small,llama_large,reopen,1,0,,,no intervention,1,1,0,1,fic:12:side1|fic:12:side3|fic:12:side5,fic:12:target|fic:12:side1|fic:12:side4|fic:12:side3|fic:12:side2|fic:12:side5,fic:12:side2,3,1,1,0,1,1,1,0,1,1,1,1,1,0,0,0,0,53,107,14,What years are given for the Neraud Wharf nights?,809–811|809-811,809–811,1.0,1.0,1
fic:12|fic:12:A=side3:5aff2ed1c64e|B=fic:12:side2,fic:12,fic:12:A=side3:5aff2ed1c64e,fic:12:side3,fic:12:side2,qwen,qwen_ss,1,small,small,qwen_small,qwen_small,sealed,0,0,,,no intervention,0,1,0,1,fic:12:side3|fic:12:target|fic:12:side2,fic:12:side3|fic:12:target|fic:12:side2,fic:12:side2,3,1,1,1,1,1,1,1,1,1,1,1,1,0,0,0,0,58,58,14,What years are given for the Neraud Wharf nights?,809–811|809-811,809–811,1.0,1.0,1
fic:12|fic:12:A=side3:5aff2ed1c64e|B=fic:12:side2,fic:12,fic:12:A=side3:5aff2ed1c64e,fic:12:side3,fic:12:side2,qwen,qwen_sl,1,small,large,qwen_small,qwen_large,sealed,0,0,,,no intervention,0,1,0,1,fic:12:side3|fic:12:target|fic:12:side2,fic:12:side3|fic:12:target|fic:12:side2,fic:12:side2,3,1,1,1,1,1,1,1,1,1,1,1,1,0,0,0,0,58,58,14,What years are given for the Neraud Wharf nights?,809–811|809-811,809–811,1.0,1.0,1
fic:12|fic:12:A=side3:5aff2ed1c64e|B=fic:12:side2,fic:12,fic:12:A=side3:5aff2ed1c64e,fic:12:side3,fic:12:side2,qwen,qwen_ls,1,large,small,qwen_large,qwen_small,sealed,0,0,,,no intervention,1,1,0,1,fic:12:side3|fic:12:target|fic:12:side1,fic:12:side3|fic:12:target|fic:12:side1,fic:12:side3,3,1,1,0,0,0,1,0,0,0,1,1,1,0,0,0,0,61,61,17,What years are given for the Neraud Wharf nights?,809–811|809-811,Insufficient material,0.0,0.0,0
fic:12|fic:12:A=side3:5aff2ed1c64e|B=fic:12:side2,fic:12,fic:12:A=side3:5aff2ed1c64e,fic:12:side3,fic:12:side2,qwen,qwen_ll,1,large,large,qwen_large,qwen_large,sealed,0,0,,,no intervention,1,1,0,1,fic:12:side3|fic:12:target|fic:12:side1,fic:12:side3|fic:12:target|fic:12:side1,,3,0,1,0,0,0,1,0,0,0,1,0,0,0,0,0,0,61,61,3,What years are given for the Neraud Wharf nights?,809–811|809-811,,0.0,0.0,0
fic:12|fic:12:A=side3:5aff2ed1c64e|B=fic:12:side2,fic:12,fic:12:A=side3:5aff2ed1c64e,fic:12:side3,fic:12:side2,qwen,qwen_sl_sham,0,small,large,qwen_small,qwen_large,sham,0,0,,,"restore was ineligible, so matched sham is a no-op",0,1,0,1,fic:12:side3|fic:12:target|fic:12:side2,fic:12:side3|fic:12:target|fic:12:side2,fic:12:side2,3,1,1,1,1,1,1,1,1,1,1,1,1,0,0,0,0,58,58,14,What years are given for the Neraud Wharf nights?,809–811|809-811,809–811,1.0,1.0,1
fic:12|fic:12:A=side3:5aff2ed1c64e|B=fic:12:side2,fic:12,fic:12:A=side3:5aff2ed1c64e,fic:12:side3,fic:12:side2,qwen,qwen_sl_restore,0,small,large,qwen_small,qwen_large,restore,0,0,,,support_already_present,0,1,0,1,fic:12:side3|fic:12:target|fic:12:side2,fic:12:side3|fic:12:target|fic:12:side2,fic:12:side2,3,1,1,1,1,1,1,1,1,1,1,1,1,0,0,0,0,58,58,14,What years are given for the Neraud Wharf nights?,809–811|809-811,809–811,1.0,1.0,1
fic:12|fic:12:A=side3:5aff2ed1c64e|B=fic:12:side2,fic:12,fic:12:A=side3:5aff2ed1c64e,fic:12:side3,fic:12:side2,qwen,qwen_sl_reopen,0,small,large,qwen_small,qwen_large,reopen,1,0,,,no intervention,0,1,0,1,fic:12:side3|fic:12:target|fic:12:side2,fic:12:target|fic:12:side1|fic:12:side4|fic:12:side3|fic:12:side2|fic:12:side5,fic:12:side2,3,1,1,1,1,1,1,1,1,1,1,1,1,0,0,0,0,58,107,14,What years are given for the Neraud Wharf nights?,809–811|809-811,809–811,1.0,1.0,1
fic:12|fic:12:A=side1:e5bd9d7d4ff8|B=fic:12:side4,fic:12,fic:12:A=side1:e5bd9d7d4ff8,fic:12:side1,fic:12:side4,llama,llama_ss,1,small,small,llama_small,llama_small,sealed,0,0,,,no intervention,1,1,0,1,fic:12:side1|fic:12:side2|fic:12:target,fic:12:side1|fic:12:side2|fic:12:target,fic:12:target,3,1,1,0,0,0,1,0,0,0,1,1,1,0,0,0,0,58,58,27,How is the eleven-beat cycle grouped by players?,3–3–3–2|3-3-3-2,In sets of 3 and 2,0.0,0.0,0
fic:12|fic:12:A=side1:e5bd9d7d4ff8|B=fic:12:side4,fic:12,fic:12:A=side1:e5bd9d7d4ff8,fic:12:side1,fic:12:side4,llama,llama_sl,1,small,large,llama_small,llama_large,sealed,0,0,,,no intervention,1,1,0,1,fic:12:side1|fic:12:side2|fic:12:target,fic:12:side1|fic:12:side2|fic:12:target,fic:12:target,3,1,1,0,0,0,1,0,0,0,1,1,1,0,0,0,0,58,58,27,How is the eleven-beat cycle grouped by players?,3–3–3–2|3-3-3-2,In sets of 3 and 2,0.0,0.0,0
fic:12|fic:12:A=side1:e5bd9d7d4ff8|B=fic:12:side4,fic:12,fic:12:A=side1:e5bd9d7d4ff8,fic:12:side1,fic:12:side4,llama,llama_ls,1,large,small,llama_large,llama_small,sealed,0,0,,,no intervention,1,1,0,1,fic:12:side1|fic:12:target|fic:12:side2,fic:12:side1|fic:12:target|fic:12:side2,fic:12:target,3,1,1,0,0,0,1,0,0,0,1,1,1,0,0,0,0,58,58,27,How is the eleven-beat cycle grouped by players?,3–3–3–2|3-3-3-2,In sets of 3 and 2,0.0,0.0,0
fic:12|fic:12:A=side1:e5bd9d7d4ff8|B=fic:12:side4,fic:12,fic:12:A=side1:e5bd9d7d4ff8,fic:12:side1,fic:12:side4,llama,llama_ll,1,large,large,llama_large,llama_large,sealed,0,0,,,no intervention,1,1,0,1,fic:12:side1|fic:12:target|fic:12:side2,fic:12:side1|fic:12:target|fic:12:side2,fic:12:target,3,1,1,0,0,0,1,0,0,0,1,1,1,0,0,0,0,58,58,27,How is the eleven-beat cycle grouped by players?,3–3–3–2|3-3-3-2,In sets of 3 and 2,0.0,0.0,0
fic:12|fic:12:A=side1:e5bd9d7d4ff8|B=fic:12:side4,fic:12,fic:12:A=side1:e5bd9d7d4ff8,fic:12:side1,fic:12:side4,llama,llama_sl_sham,0,small,large,llama_small,llama_large,sham,0,1,fic:12:side3,fic:12:side2,replaced_with_length_nearest_non_support_card,1,1,0,1,fic:12:side1|fic:12:side2|fic:12:target,fic:12:side1|fic:12:side3|fic:12:target,fic:12:side1,3,1,1,0,0,0,1,0,0,0,1,1,1,0,0,0,0,58,61,17,How is the eleven-beat cycle grouped by players?,3–3–3–2|3-3-3-2,3+3+3+2,1.0,1.0,1
fic:12|fic:12:A=side1:e5bd9d7d4ff8|B=fic:12:side4,fic:12,fic:12:A=side1:e5bd9d7d4ff8,fic:12:side1,fic:12:side4,llama,llama_sl_restore,0,small,large,llama_small,llama_large,restore,0,1,fic:12:side4,fic:12:side2,replaced_length_nearest_card,1,1,0,1,fic:12:side1|fic:12:side2|fic:12:target,fic:12:side1|fic:12:side4|fic:12:target,fic:12:side4,3,1,1,0,1,1,1,0,1,1,1,1,1,0,0,0,0,58,57,13,How is the eleven-beat cycle grouped by players?,3–3–3–2|3-3-3-2,3–3–3–2,1.0,1.0,1
fic:12|fic:12:A=side1:e5bd9d7d4ff8|B=fic:12:side4,fic:12,fic:12:A=side1:e5bd9d7d4ff8,fic:12:side1,fic:12:side4,llama,llama_sl_reopen,0,small,large,llama_small,llama_large,reopen,1,0,,,no intervention,1,1,0,1,fic:12:side1|fic:12:side2|fic:12:target,fic:12:target|fic:12:side1|fic:12:side4|fic:12:side3|fic:12:side2|fic:12:side5,fic:12:side4,3,1,1,0,1,1,1,0,1,1,1,1,1,0,0,0,0,58,107,13,How is the eleven-beat cycle grouped by players?,3–3–3–2|3-3-3-2,3–3–3–2,1.0,1.0,1
fic:12|fic:12:A=side1:e5bd9d7d4ff8|B=fic:12:side4,fic:12,fic:12:A=side1:e5bd9d7d4ff8,fic:12:side1,fic:12:side4,qwen,qwen_ss,1,small,small,qwen_small,qwen_small,sealed,0,0,,,no intervention,1,1,0,1,fic:12:side1|fic:12:side2|fic:12:target,fic:12:side1|fic:12:side2|fic:12:target,fic:12:side2,3,1,1,0,0,0,1,0,0,0,1,1,1,0,0,0,0,58,58,14,How is the eleven-beat cycle grouped by players?,3–3–3–2|3-3-3-2,Not specified,0.0,0.0,0
fic:12|fic:12:A=side1:e5bd9d7d4ff8|B=fic:12:side4,fic:12,fic:12:A=side1:e5bd9d7d4ff8,fic:12:side1,fic:12:side4,qwen,qwen_sl,1,small,large,qwen_small,qwen_large,sealed,0,0,,,no intervention,1,1,0,1,fic:12:side1|fic:12:side2|fic:12:target,fic:12:side1|fic:12:side2|fic:12:target,fic:12:side2,3,1,1,0,0,0,1,0,0,0,1,1,1,0,0,0,0,58,58,14,How is the eleven-beat cycle grouped by players?,3–3–3–2|3-3-3-2,Not specified,0.0,0.0,0
fic:12|fic:12:A=side1:e5bd9d7d4ff8|B=fic:12:side4,fic:12,fic:12:A=side1:e5bd9d7d4ff8,fic:12:side1,fic:12:side4,qwen,qwen_ls,1,large,small,qwen_large,qwen_small,sealed,0,0,,,no intervention,1,1,0,1,fic:12:side1|fic:12:side2|fic:12:target,fic:12:side1|fic:12:side2|fic:12:target,fic:12:side2,3,1,1,0,0,0,1,0,0,0,1,1,1,0,0,0,0,58,58,14,How is the eleven-beat cycle grouped by players?,3–3–3–2|3-3-3-2,Not specified,0.0,0.0,0
fic:12|fic:12:A=side1:e5bd9d7d4ff8|B=fic:12:side4,fic:12,fic:12:A=side1:e5bd9d7d4ff8,fic:12:side1,fic:12:side4,qwen,qwen_ll,1,large,large,qwen_large,qwen_large,sealed,0,0,,,no intervention,1,1,0,1,fic:12:side1|fic:12:side2|fic:12:target,fic:12:side1|fic:12:side2|fic:12:target,fic:12:side2,3,1,1,0,0,0,1,0,0,0,1,1,1,0,0,0,0,58,58,14,How is the eleven-beat cycle grouped by players?,3–3–3–2|3-3-3-2,Not specified,0.0,0.0,0
fic:12|fic:12:A=side1:e5bd9d7d4ff8|B=fic:12:side4,fic:12,fic:12:A=side1:e5bd9d7d4ff8,fic:12:side1,fic:12:side4,qwen,qwen_sl_sham,0,small,large,qwen_small,qwen_large,sham,0,1,fic:12:side3,fic:12:side2,replaced_with_length_nearest_non_support_card,1,1,0,1,fic:12:side1|fic:12:side2|fic:12:target,fic:12:side1|fic:12:side3|fic:12:target,fic:12:side3,3,1,1,0,0,0,1,0,0,0,1,1,1,0,0,0,0,58,61,17,How is the eleven-beat cycle grouped by players?,3–3–3–2|3-3-3-2,3+3+3+2,1.0,1.0,1
fic:12|fic:12:A=side1:e5bd9d7d4ff8|B=fic:12:side4,fic:12,fic:12:A=side1:e5bd9d7d4ff8,fic:12:side1,fic:12:side4,qwen,qwen_sl_restore,0,small,large,qwen_small,qwen_large,restore,0,1,fic:12:side4,fic:12:side2,replaced_length_nearest_card,1,1,0,1,fic:12:side1|fic:12:side2|fic:12:target,fic:12:side1|fic:12:side4|fic:12:target,fic:12:side4,3,1,1,0,1,1,1,0,1,1,1,1,1,0,0,0,0,58,57,13,How is the eleven-beat cycle grouped by players?,3–3–3–2|3-3-3-2,3–3–3–2,1.0,1.0,1
fic:12|fic:12:A=side1:e5bd9d7d4ff8|B=fic:12:side4,fic:12,fic:12:A=side1:e5bd9d7d4ff8,fic:12:side1,fic:12:side4,qwen,qwen_sl_reopen,0,small,large,qwen_small,qwen_large,reopen,1,0,,,no intervention,1,1,0,1,fic:12:side1|fic:12:side2|fic:12:target,fic:12:target|fic:12:side1|fic:12:side4|fic:12:side3|fic:12:side2|fic:12:side5,fic:12:side4,3,1,1,0,1,1,1,0,1,1,1,1,1,0,0,0,0,58,107,13,How is the eleven-beat cycle grouped by players?,3–3–3–2|3-3-3-2,3–3–3–2,1.0,1.0,1
fic:13|fic:13:A=target:86d5f818f964|B=fic:13:side5,fic:13,fic:13:A=target:86d5f818f964,fic:13:target,fic:13:side5,llama,llama_ss,1,small,small,llama_small,llama_small,sealed,0,0,,,no intervention,1,1,0,1,fic:13:side2|fic:13:target|fic:13:side1,fic:13:side2|fic:13:target|fic:13:side1,fic:13:side2,3,1,1,0,0,0,1,0,0,0,1,1,1,0,0,0,0,61,61,12,How many inscribed tablets does the Nandor Slate Archive hold?,"1,240",Insufficient material,0.0,0.0,0
fic:13|fic:13:A=target:86d5f818f964|B=fic:13:side5,fic:13,fic:13:A=target:86d5f818f964,fic:13:target,fic:13:side5,llama,llama_sl,1,small,large,llama_small,llama_large,sealed,0,0,,,no intervention,1,1,0,1,fic:13:side2|fic:13:target|fic:13:side1,fic:13:side2|fic:13:target|fic:13:side1,fic:13:side2,3,1,1,0,0,0,1,0,0,0,1,1,1,0,0,0,0,61,61,12,How many inscribed tablets does the Nandor Slate Archive hold?,"1,240",Insufficient material,0.0,0.0,0
fic:13|fic:13:A=target:86d5f818f964|B=fic:13:side5,fic:13,fic:13:A=target:86d5f818f964,fic:13:target,fic:13:side5,llama,llama_ls,1,large,small,llama_large,llama_small,sealed,0,0,,,no intervention,1,1,0,1,fic:13:target|fic:13:side2|fic:13:side1,fic:13:target|fic:13:side2|fic:13:side1,fic:13:side2,3,1,1,0,0,0,1,0,0,0,1,1,1,0,0,0,0,61,61,12,How many inscribed tablets does the Nandor Slate Archive hold?,"1,240",Insufficient material,0.0,0.0,0
fic:13|fic:13:A=target:86d5f818f964|B=fic:13:side5,fic:13,fic:13:A=target:86d5f818f964,fic:13:target,fic:13:side5,llama,llama_ll,1,large,large,llama_large,llama_large,sealed,0,0,,,no intervention,1,1,0,1,fic:13:target|fic:13:side2|fic:13:side1,fic:13:target|fic:13:side2|fic:13:side1,fic:13:side2,3,1,1,0,0,0,1,0,0,0,1,1,1,0,0,0,0,61,61,12,How many inscribed tablets does the Nandor Slate Archive hold?,"1,240",Insufficient material,0.0,0.0,0
fic:13|fic:13:A=target:86d5f818f964|B=fic:13:side5,fic:13,fic:13:A=target:86d5f818f964,fic:13:target,fic:13:side5,llama,llama_sl_sham,0,small,large,llama_small,llama_large,sham,0,1,fic:13:side4,fic:13:side2,replaced_with_length_nearest_non_support_card,1,1,0,1,fic:13:side2|fic:13:target|fic:13:side1,fic:13:side4|fic:13:target|fic:13:side1,fic:13:side1,3,1,1,0,0,0,1,0,0,0,1,1,1,0,0,0,0,61,62,10,How many inscribed tablets does the Nandor Slate Archive hold?,"1,240",Insufficient material,0.0,0.0,0
fic:13|fic:13:A=target:86d5f818f964|B=fic:13:side5,fic:13,fic:13:A=target:86d5f818f964,fic:13:target,fic:13:side5,llama,llama_sl_restore,0,small,large,llama_small,llama_large,restore,0,1,fic:13:side5,fic:13:side2,replaced_length_nearest_card,1,1,0,1,fic:13:side2|fic:13:target|fic:13:side1,fic:13:side5|fic:13:target|fic:13:side1,fic:13:side5,3,1,1,0,1,1,1,0,1,1,1,1,1,0,0,0,0,61,62,13,How many inscribed tablets does the Nandor Slate Archive hold?,"1,240","1,240",1.0,1.0,1
fic:13|fic:13:A=target:86d5f818f964|B=fic:13:side5,fic:13,fic:13:A=target:86d5f818f964,fic:13:target,fic:13:side5,llama,llama_sl_reopen,0,small,large,llama_small,llama_large,reopen,1,0,,,no intervention,1,1,0,1,fic:13:side2|fic:13:target|fic:13:side1,fic:13:side2|fic:13:target|fic:13:side5|fic:13:side4|fic:13:side1|fic:13:side3,fic:13:side5,3,1,1,0,1,1,1,0,1,1,1,1,1,0,0,0,0,61,103,13,How many inscribed tablets does the Nandor Slate Archive hold?,"1,240","1,240",1.0,1.0,1
fic:13|fic:13:A=target:86d5f818f964|B=fic:13:side5,fic:13,fic:13:A=target:86d5f818f964,fic:13:target,fic:13:side5,qwen,qwen_ss,1,small,small,qwen_small,qwen_small,sealed,0,0,,,no intervention,1,1,0,1,fic:13:target|fic:13:side1|fic:13:side2,fic:13:target|fic:13:side1|fic:13:side2,fic:13:side1,3,1,1,0,0,0,1,0,0,0,1,1,1,0,0,0,0,61,61,10,How many inscribed tablets does the Nandor Slate Archive hold?,"1,240",Insufficient material,0.0,0.0,0
fic:13|fic:13:A=target:86d5f818f964|B=fic:13:side5,fic:13,fic:13:A=target:86d5f818f964,fic:13:target,fic:13:side5,qwen,qwen_sl,1,small,large,qwen_small,qwen_large,sealed,0,0,,,no intervention,1,1,0,1,fic:13:target|fic:13:side1|fic:13:side2,fic:13:target|fic:13:side1|fic:13:side2,fic:13:side2,3,1,1,0,0,0,1,0,0,0,1,1,1,0,0,0,0,61,61,12,How many inscribed tablets does the Nandor Slate Archive hold?,"1,240",Insufficient material,0.0,0.0,0
fic:13|fic:13:A=target:86d5f818f964|B=fic:13:side5,fic:13,fic:13:A=target:86d5f818f964,fic:13:target,fic:13:side5,qwen,qwen_ls,1,large,small,qwen_large,qwen_small,sealed,0,0,,,no intervention,1,1,0,1,fic:13:target|fic:13:side2|fic:13:side1,fic:13:target|fic:13:side2|fic:13:side1,fic:13:side1,3,1,1,0,0,0,1,0,0,0,1,1,1,0,0,0,0,61,61,10,How many inscribed tablets does the Nandor Slate Archive hold?,"1,240",Insufficient material,0.0,0.0,0
fic:13|fic:13:A=target:86d5f818f964|B=fic:13:side5,fic:13,fic:13:A=target:86d5f818f964,fic:13:target,fic:13:side5,qwen,qwen_ll,1,large,large,qwen_large,qwen_large,sealed,0,0,,,no intervention,1,1,0,1,fic:13:target|fic:13:side2|fic:13:side1,fic:13:target|fic:13:side2|fic:13:side1,fic:13:side2,3,1,1,0,0,0,1,0,0,0,1,1,1,0,0,0,0,61,61,12,How many inscribed tablets does the Nandor Slate Archive hold?,"1,240",Insufficient material,0.0,0.0,0
fic:13|fic:13:A=target:86d5f818f964|B=fic:13:side5,fic:13,fic:13:A=target:86d5f818f964,fic:13:target,fic:13:side5,qwen,qwen_sl_sham,0,small,large,qwen_small,qwen_large,sham,0,1,fic:13:side4,fic:13:side2,replaced_with_length_nearest_non_support_card,1,1,0,1,fic:13:target|fic:13:side1|fic:13:side2,fic:13:target|fic:13:side1|fic:13:side4,,3,0,1,0,0,0,1,0,0,0,1,0,0,0,0,0,0,61,62,3,How many inscribed tablets does the Nandor Slate Archive hold?,"1,240",,0.0,0.0,0
fic:13|fic:13:A=target:86d5f818f964|B=fic:13:side5,fic:13,fic:13:A=target:86d5f818f964,fic:13:target,fic:13:side5,qwen,qwen_sl_restore,0,small,large,qwen_small,qwen_large,restore,0,1,fic:13:side5,fic:13:side2,replaced_length_nearest_card,1,1,0,1,fic:13:target|fic:13:side1|fic:13:side2,fic:13:target|fic:13:side1|fic:13:side5,fic:13:side5,3,1,1,0,1,1,1,0,1,1,1,1,1,0,0,0,0,61,62,13,How many inscribed tablets does the Nandor Slate Archive hold?,"1,240","1,240",1.0,1.0,1
fic:13|fic:13:A=target:86d5f818f964|B=fic:13:side5,fic:13,fic:13:A=target:86d5f818f964,fic:13:target,fic:13:side5,qwen,qwen_sl_reopen,0,small,large,qwen_small,qwen_large,reopen,1,0,,,no intervention,1,1,0,1,fic:13:target|fic:13:side1|fic:13:side2,fic:13:side2|fic:13:target|fic:13:side5|fic:13:side4|fic:13:side1|fic:13:side3,fic:13:side5,3,1,1,0,1,1,1,0,1,1,1,1,1,0,0,0,0,61,103,13,How many inscribed tablets does the Nandor Slate Archive hold?,"1,240","1,240",1.0,1.0,1
fic:13|fic:13:A=side5:11b7effcef65|B=fic:13:side4,fic:13,fic:13:A=side5:11b7effcef65,fic:13:side5,fic:13:side4,llama,llama_ss,1,small,small,llama_small,llama_small,sealed,0,0,,,no intervention,1,1,0,1,fic:13:side5|fic:13:target|fic:13:side2,fic:13:side5|fic:13:target|fic:13:side2,fic:13:side5,3,1,1,0,0,0,1,0,0,0,1,1,1,0,0,0,0,64,64,13,In what year was Rillpath Road paved with slagstone?,808,1932,0.0,0.0,0
fic:13|fic:13:A=side5:11b7effcef65|B=fic:13:side4,fic:13,fic:13:A=side5:11b7effcef65,fic:13:side5,fic:13:side4,llama,llama_sl,1,small,large,llama_small,llama_large,sealed,0,0,,,no intervention,1,1,0,1,fic:13:side5|fic:13:target|fic:13:side2,fic:13:side5|fic:13:target|fic:13:side2,fic:13:target,3,1,1,0,0,0,1,0,0,0,1,1,1,0,0,0,0,64,64,39,In what year was Rillpath Road paved with slagstone?,808,Insufficient material,0.0,0.0,0
fic:13|fic:13:A=side5:11b7effcef65|B=fic:13:side4,fic:13,fic:13:A=side5:11b7effcef65,fic:13:side5,fic:13:side4,llama,llama_ls,1,large,small,llama_large,llama_small,sealed,0,0,,,no intervention,1,1,0,1,fic:13:side5|fic:13:side2|fic:13:target,fic:13:side5|fic:13:side2|fic:13:target,fic:13:side5,3,1,1,0,0,0,1,0,0,0,1,1,1,0,0,0,0,64,64,13,In what year was Rillpath Road paved with slagstone?,808,1932,0.0,0.0,0
fic:13|fic:13:A=side5:11b7effcef65|B=fic:13:side4,fic:13,fic:13:A=side5:11b7effcef65,fic:13:side5,fic:13:side4,llama,llama_ll,1,large,large,llama_large,llama_large,sealed,0,0,,,no intervention,1,1,0,1,fic:13:side5|fic:13:side2|fic:13:target,fic:13:side5|fic:13:side2|fic:13:target,fic:13:target,3,1,1,0,0,0,1,0,0,0,1,1,1,0,0,0,0,64,64,39,In what year was Rillpath Road paved with slagstone?,808,Insufficient material,0.0,0.0,0
fic:13|fic:13:A=side5:11b7effcef65|B=fic:13:side4,fic:13,fic:13:A=side5:11b7effcef65,fic:13:side5,fic:13:side4,llama,llama_sl_sham,0,small,large,llama_small,llama_large,sham,0,1,fic:13:side1,fic:13:side2,replaced_with_length_nearest_non_support_card,1,1,0,1,fic:13:side5|fic:13:target|fic:13:side2,fic:13:side5|fic:13:target|fic:13:side1,fic:13:target,3,1,1,0,0,0,1,0,0,0,1,1,1,0,0,0,0,64,62,39,In what year was Rillpath Road paved with slagstone?,808,Insufficient material,0.0,0.0,0
fic:13|fic:13:A=side5:11b7effcef65|B=fic:13:side4,fic:13,fic:13:A=side5:11b7effcef65,fic:13:side5,fic:13:side4,llama,llama_sl_restore,0,small,large,llama_small,llama_large,restore,0,1,fic:13:side4,fic:13:side2,replaced_length_nearest_card,1,1,0,1,fic:13:side5|fic:13:target|fic:13:side2,fic:13:side5|fic:13:target|fic:13:side4,fic:13:side4,3,1,1,0,1,1,1,0,1,1,1,1,1,0,0,0,0,64,65,13,In what year was Rillpath Road paved with slagstone?,808,808,1.0,1.0,1
fic:13|fic:13:A=side5:11b7effcef65|B=fic:13:side4,fic:13,fic:13:A=side5:11b7effcef65,fic:13:side5,fic:13:side4,llama,llama_sl_reopen,0,small,large,llama_small,llama_large,reopen,1,0,,,no intervention,1,1,0,1,fic:13:side5|fic:13:target|fic:13:side2,fic:13:side2|fic:13:target|fic:13:side5|fic:13:side4|fic:13:side1|fic:13:side3,fic:13:side4,3,1,1,0,1,1,1,0,1,1,1,1,1,0,0,0,0,64,103,13,In what year was Rillpath Road paved with slagstone?,808,808,1.0,1.0,1
fic:13|fic:13:A=side5:11b7effcef65|B=fic:13:side4,fic:13,fic:13:A=side5:11b7effcef65,fic:13:side5,fic:13:side4,qwen,qwen_ss,1,small,small,qwen_small,qwen_small,sealed,0,0,,,no intervention,1,1,0,1,fic:13:side5|fic:13:side2|fic:13:side1,fic:13:side5|fic:13:side2|fic:13:side1,fic:13:side2,3,1,1,0,0,0,1,0,0,0,1,1,1,0,0,0,0,35,35,12,In what year was Rillpath Road paved with slagstone?,808,Insufficient material,0.0,0.0,0
fic:13|fic:13:A=side5:11b7effcef65|B=fic:13:side4,fic:13,fic:13:A=side5:11b7effcef65,fic:13:side5,fic:13:side4,qwen,qwen_sl,1,small,large,qwen_small,qwen_large,sealed,0,0,,,no intervention,1,1,0,1,fic:13:side5|fic:13:side2|fic:13:side1,fic:13:side5|fic:13:side2|fic:13:side1,,3,0,1,0,0,0,1,0,0,0,1,0,0,0,0,0,0,35,35,3,In what year was Rillpath Road paved with slagstone?,808,,0.0,0.0,0
fic:13|fic:13:A=side5:11b7effcef65|B=fic:13:side4,fic:13,fic:13:A=side5:11b7effcef65,fic:13:side5,fic:13:side4,qwen,qwen_ls,1,large,small,qwen_large,qwen_small,sealed,0,0,,,no intervention,1,1,0,1,fic:13:side5|fic:13:side2|fic:13:side1,fic:13:side5|fic:13:side2|fic:13:side1,fic:13:side2,3,1,1,0,0,0,1,0,0,0,1,1,1,0,0,0,0,35,35,12,In what year was Rillpath Road paved with slagstone?,808,Insufficient material,0.0,0.0,0
fic:13|fic:13:A=side5:11b7effcef65|B=fic:13:side4,fic:13,fic:13:A=side5:11b7effcef65,fic:13:side5,fic:13:side4,qwen,qwen_ll,1,large,large,qwen_large,qwen_large,sealed,0,0,,,no intervention,1,1,0,1,fic:13:side5|fic:13:side2|fic:13:side1,fic:13:side5|fic:13:side2|fic:13:side1,,3,0,1,0,0,0,1,0,0,0,1,0,0,0,0,0,0,35,35,3,In what year was Rillpath Road paved with slagstone?,808,,0.0,0.0,0
fic:13|fic:13:A=side5:11b7effcef65|B=fic:13:side4,fic:13,fic:13:A=side5:11b7effcef65,fic:13:side5,fic:13:side4,qwen,qwen_sl_sham,0,small,large,qwen_small,qwen_large,sham,0,1,fic:13:side3,fic:13:side2,replaced_with_length_nearest_non_support_card,1,1,0,1,fic:13:side5|fic:13:side2|fic:13:side1,fic:13:side5|fic:13:side3|fic:13:side1,fic:13:side5,3,1,1,0,0,0,1,0,0,0,1,1,1,0,0,0,0,35,39,13,In what year was Rillpath Road paved with slagstone?,808,1932,0.0,0.0,0
fic:13|fic:13:A=side5:11b7effcef65|B=fic:13:side4,fic:13,fic:13:A=side5:11b7effcef65,fic:13:side5,fic:13:side4,qwen,qwen_sl_restore,0,small,large,qwen_small,qwen_large,restore,0,1,fic:13:side4,fic:13:side2,replaced_length_nearest_card,1,1,0,1,fic:13:side5|fic:13:side2|fic:13:side1,fic:13:side5|fic:13:side4|fic:13:side1,fic:13:side4,3,1,1,0,1,1,1,0,1,1,1,1,1,0,0,0,0,35,36,13,In what year was Rillpath Road paved with slagstone?,808,808,1.0,1.0,1
fic:13|fic:13:A=side5:11b7effcef65|B=fic:13:side4,fic:13,fic:13:A=side5:11b7effcef65,fic:13:side5,fic:13:side4,qwen,qwen_sl_reopen,0,small,large,qwen_small,qwen_large,reopen,1,0,,,no intervention,1,1,0,1,fic:13:side5|fic:13:side2|fic:13:side1,fic:13:side2|fic:13:target|fic:13:side5|fic:13:side4|fic:13:side1|fic:13:side3,fic:13:side4,3,1,1,0,1,1,1,0,1,1,1,1,1,0,0,0,0,35,103,13,In what year was Rillpath Road paved with slagstone?,808,808,1.0,1.0,1
fic:13|fic:13:A=side2:c009d20e60b0|B=fic:13:target,fic:13,fic:13:A=side2:c009d20e60b0,fic:13:side2,fic:13:target,llama,llama_ss,1,small,small,llama_small,llama_small,sealed,0,0,,,no intervention,0,1,0,1,fic:13:side2|fic:13:target|fic:13:side1,fic:13:side2|fic:13:target|fic:13:side1,fic:13:target,3,1,1,1,1,1,1,1,1,1,1,1,1,0,0,0,0,61,61,39,Who founded Odrinfen?,Meraul Tesk,Meraul Tesk,1.0,1.0,1
fic:13|fic:13:A=side2:c009d20e60b0|B=fic:13:target,fic:13,fic:13:A=side2:c009d20e60b0,fic:13:side2,fic:13:target,llama,llama_sl,1,small,large,llama_small,llama_large,sealed,0,0,,,no intervention,0,1,0,1,fic:13:side2|fic:13:target|fic:13:side1,fic:13:side2|fic:13:target|fic:13:side1,fic:13:target,3,1,1,1,1,1,1,1,1,1,1,1,1,0,0,0,0,61,61,39,Who founded Odrinfen?,Meraul Tesk,Meraul Tesk,1.0,1.0,1
fic:13|fic:13:A=side2:c009d20e60b0|B=fic:13:target,fic:13,fic:13:A=side2:c009d20e60b0,fic:13:side2,fic:13:target,llama,llama_ls,1,large,small,llama_large,llama_small,sealed,0,0,,,no intervention,0,1,0,1,fic:13:side2|fic:13:target|fic:13:side1,fic:13:side2|fic:13:target|fic:13:side1,fic:13:target,3,1,1,1,1,1,1,1,1,1,1,1,1,0,0,0,0,61,61,39,Who founded Odrinfen?,Meraul Tesk,Meraul Tesk,1.0,1.0,1
fic:13|fic:13:A=side2:c009d20e60b0|B=fic:13:target,fic:13,fic:13:A=side2:c009d20e60b0,fic:13:side2,fic:13:target,llama,llama_ll,1,large,large,llama_large,llama_large,sealed,0,0,,,no intervention,0,1,0,1,fic:13:side2|fic:13:target|fic:13:side1,fic:13:side2|fic:13:target|fic:13:side1,fic:13:target,3,1,1,1,1,1,1,1,1,1,1,1,1,0,0,0,0,61,61,39,Who founded Odrinfen?,Meraul Tesk,Meraul Tesk,1.0,1.0,1
fic:13|fic:13:A=side2:c009d20e60b0|B=fic:13:target,fic:13,fic:13:A=side2:c009d20e60b0,fic:13:side2,fic:13:target,llama,llama_sl_sham,0,small,large,llama_small,llama_large,sham,0,0,,,"restore was ineligible, so matched sham is a no-op",0,1,0,1,fic:13:side2|fic:13:target|fic:13:side1,fic:13:side2|fic:13:target|fic:13:side1,fic:13:target,3,1,1,1,1,1,1,1,1,1,1,1,1,0,0,0,0,61,61,39,Who founded Odrinfen?,Meraul Tesk,Meraul Tesk,1.0,1.0,1
fic:13|fic:13:A=side2:c009d20e60b0|B=fic:13:target,fic:13,fic:13:A=side2:c009d20e60b0,fic:13:side2,fic:13:target,llama,llama_sl_restore,0,small,large,llama_small,llama_large,restore,0,0,,,support_already_present,0,1,0,1,fic:13:side2|fic:13:target|fic:13:side1,fic:13:side2|fic:13:target|fic:13:side1,fic:13:target,3,1,1,1,1,1,1,1,1,1,1,1,1,0,0,0,0,61,61,39,Who founded Odrinfen?,Meraul Tesk,Meraul Tesk,1.0,1.0,1
fic:13|fic:13:A=side2:c009d20e60b0|B=fic:13:target,fic:13,fic:13:A=side2:c009d20e60b0,fic:13:side2,fic:13:target,llama,llama_sl_reopen,0,small,large,llama_small,llama_large,reopen,1,0,,,no intervention,0,1,0,1,fic:13:side2|fic:13:target|fic:13:side1,fic:13:side2|fic:13:target|fic:13:side5|fic:13:side4|fic:13:side1|fic:13:side3,fic:13:target,3,1,1,1,1,1,1,1,1,1,1,1,1,0,0,0,0,61,103,39,Who founded Odrinfen?,Meraul Tesk,Meraul Tesk,1.0,1.0,1
fic:13|fic:13:A=side2:c009d20e60b0|B=fic:13:target,fic:13,fic:13:A=side2:c009d20e60b0,fic:13:side2,fic:13:target,qwen,qwen_ss,1,small,small,qwen_small,qwen_small,sealed,0,0,,,no intervention,0,1,0,1,fic:13:side2|fic:13:side1|fic:13:target,fic:13:side2|fic:13:side1|fic:13:target,fic:13:target,3,1,1,1,1,1,1,1,1,1,1,1,1,0,0,0,0,61,61,39,Who founded Odrinfen?,Meraul Tesk,Meraul Tesk,1.0,1.0,1
fic:13|fic:13:A=side2:c009d20e60b0|B=fic:13:target,fic:13,fic:13:A=side2:c009d20e60b0,fic:13:side2,fic:13:target,qwen,qwen_sl,1,small,large,qwen_small,qwen_large,sealed,0,0,,,no intervention,0,1,0,1,fic:13:side2|fic:13:side1|fic:13:target,fic:13:side2|fic:13:side1|fic:13:target,fic:13:target,3,1,1,1,1,1,1,1,1,1,1,1,1,0,0,0,0,61,61,39,Who founded Odrinfen?,Meraul Tesk,Meraul Tesk,1.0,1.0,1
fic:13|fic:13:A=side2:c009d20e60b0|B=fic:13:target,fic:13,fic:13:A=side2:c009d20e60b0,fic:13:side2,fic:13:target,qwen,qwen_ls,1,large,small,qwen_large,qwen_small,sealed,0,0,,,no intervention,1,1,0,1,fic:13:side2|fic:13:side1|fic:13:side3,fic:13:side2|fic:13:side1|fic:13:side3,fic:13:side2,3,1,1,0,0,0,1,0,0,0,1,1,1,0,0,0,0,38,38,12,Who founded Odrinfen?,Meraul Tesk,Unknown,0.0,0.0,0
fic:13|fic:13:A=side2:c009d20e60b0|B=fic:13:target,fic:13,fic:13:A=side2:c009d20e60b0,fic:13:side2,fic:13:target,qwen,qwen_ll,1,large,large,qwen_large,qwen_large,sealed,0,0,,,no intervention,1,1,0,1,fic:13:side2|fic:13:side1|fic:13:side3,fic:13:side2|fic:13:side1|fic:13:side3,fic:13:side2,3,1,1,0,0,0,1,0,0,0,1,1,1,0,0,0,0,38,38,12,Who founded Odrinfen?,Meraul Tesk,Unknown,0.0,0.0,0
fic:13|fic:13:A=side2:c009d20e60b0|B=fic:13:target,fic:13,fic:13:A=side2:c009d20e60b0,fic:13:side2,fic:13:target,qwen,qwen_sl_sham,0,small,large,qwen_small,qwen_large,sham,0,0,,,"restore was ineligible, so matched sham is a no-op",0,1,0,1,fic:13:side2|fic:13:side1|fic:13:target,fic:13:side2|fic:13:side1|fic:13:target,fic:13:target,3,1,1,1,1,1,1,1,1,1,1,1,1,0,0,0,0,61,61,39,Who founded Odrinfen?,Meraul Tesk,Meraul Tesk,1.0,1.0,1
fic:13|fic:13:A=side2:c009d20e60b0|B=fic:13:target,fic:13,fic:13:A=side2:c009d20e60b0,fic:13:side2,fic:13:target,qwen,qwen_sl_restore,0,small,large,qwen_small,qwen_large,restore,0,0,,,support_already_present,0,1,0,1,fic:13:side2|fic:13:side1|fic:13:target,fic:13:side2|fic:13:side1|fic:13:target,fic:13:target,3,1,1,1,1,1,1,1,1,1,1,1,1,0,0,0,0,61,61,39,Who founded Odrinfen?,Meraul Tesk,Meraul Tesk,1.0,1.0,1
fic:13|fic:13:A=side2:c009d20e60b0|B=fic:13:target,fic:13,fic:13:A=side2:c009d20e60b0,fic:13:side2,fic:13:target,qwen,qwen_sl_reopen,0,small,large,qwen_small,qwen_large,reopen,1,0,,,no intervention,0,1,0,1,fic:13:side2|fic:13:side1|fic:13:target,fic:13:side2|fic:13:target|fic:13:side5|fic:13:side4|fic:13:side1|fic:13:side3,fic:13:target,3,1,1,1,1,1,1,1,1,1,1,1,1,0,0,0,0,61,103,39,Who founded Odrinfen?,Meraul Tesk,Meraul Tesk,1.0,1.0,1
fic:13|fic:13:A=side3:48fa6e5e3473|B=fic:13:side2,fic:13,fic:13:A=side3:48fa6e5e3473,fic:13:side3,fic:13:side2,llama,llama_ss,1,small,small,llama_small,llama_small,sealed,0,0,,,no intervention,1,1,0,1,fic:13:target|fic:13:side5|fic:13:side1,fic:13:target|fic:13:side5|fic:13:side1,fic:13:side5,3,1,0,0,0,0,0,0,0,0,1,1,1,0,0,0,0,62,62,13,How far is Odrinfen from Drevanor?,38 km,Insufficient material,0.0,0.0,0
fic:13|fic:13:A=side3:48fa6e5e3473|B=fic:13:side2,fic:13,fic:13:A=side3:48fa6e5e3473,fic:13:side3,fic:13:side2,llama,llama_sl,1,small,large,llama_small,llama_large,sealed,0,0,,,no intervention,1,1,0,1,fic:13:target|fic:13:side5|fic:13:side1,fic:13:target|fic:13:side5|fic:13:side1,fic:13:side1,3,1,0,0,0,0,0,0,0,0,1,1,1,0,0,0,0,62,62,10,How far is Odrinfen from Drevanor?,38 km,Insufficient material,0.0,0.0,0
fic:13|fic:13:A=side3:48fa6e5e3473|B=fic:13:side2,fic:13,fic:13:A=side3:48fa6e5e3473,fic:13:side3,fic:13:side2,llama,llama_ls,1,large,small,llama_large,llama_small,sealed,0,0,,,no intervention,0,1,0,1,fic:13:side2|fic:13:side3|fic:13:side1,fic:13:side2|fic:13:side3|fic:13:side1,fic:13:side2,3,1,1,1,1,1,1,1,1,1,1,1,1,0,0,0,0,38,38,12,How far is Odrinfen from Drevanor?,38 km,38 km,1.0,1.0,1
fic:13|fic:13:A=side3:48fa6e5e3473|B=fic:13:side2,fic:13,fic:13:A=side3:48fa6e5e3473,fic:13:side3,fic:13:side2,llama,llama_ll,1,large,large,llama_large,llama_large,sealed,0,0,,,no intervention,0,1,0,1,fic:13:side2|fic:13:side3|fic:13:side1,fic:13:side2|fic:13:side3|fic:13:side1,fic:13:side2,3,1,1,1,1,1,1,1,1,1,1,1,1,0,0,0,0,38,38,12,How far is Odrinfen from Drevanor?,38 km,38 km,1.0,1.0,1
fic:13|fic:13:A=side3:48fa6e5e3473|B=fic:13:side2,fic:13,fic:13:A=side3:48fa6e5e3473,fic:13:side3,fic:13:side2,llama,llama_sl_sham,0,small,large,llama_small,llama_large,sham,0,1,fic:13:side4,fic:13:side5,replaced_with_length_nearest_non_support_card,1,1,0,1,fic:13:target|fic:13:side5|fic:13:side1,fic:13:target|fic:13:side4|fic:13:side1,fic:13:side1,3,1,0,0,0,0,0,0,0,0,1,1,1,0,0,0,0,62,62,10,How far is Odrinfen from Drevanor?,38 km,Insufficient material,0.0,0.0,0
fic:13|fic:13:A=side3:48fa6e5e3473|B=fic:13:side2,fic:13,fic:13:A=side3:48fa6e5e3473,fic:13:side3,fic:13:side2,llama,llama_sl_restore,0,small,large,llama_small,llama_large,restore,0,1,fic:13:side2,fic:13:side5,replaced_length_nearest_card,1,1,0,1,fic:13:target|fic:13:side5|fic:13:side1,fic:13:target|fic:13:side2|fic:13:side1,fic:13:side2,3,1,0,0,1,1,0,0,1,1,1,1,1,0,0,0,0,62,61,12,How far is Odrinfen from Drevanor?,38 km,38 km,1.0,1.0,1
fic:13|fic:13:A=side3:48fa6e5e3473|B=fic:13:side2,fic:13,fic:13:A=side3:48fa6e5e3473,fic:13:side3,fic:13:side2,llama,llama_sl_reopen,0,small,large,llama_small,llama_large,reopen,1,0,,,no intervention,1,1,0,1,fic:13:target|fic:13:side5|fic:13:side1,fic:13:side2|fic:13:target|fic:13:side5|fic:13:side4|fic:13:side1|fic:13:side3,fic:13:side2,3,1,0,0,1,1,0,0,1,1,1,1,1,0,0,0,0,62,103,12,How far is Odrinfen from Drevanor?,38 km,38 km,1.0,1.0,1
fic:13|fic:13:A=side3:48fa6e5e3473|B=fic:13:side2,fic:13,fic:13:A=side3:48fa6e5e3473,fic:13:side3,fic:13:side2,qwen,qwen_ss,1,small,small,qwen_small,qwen_small,sealed,0,0,,,no intervention,1,1,0,1,fic:13:side1|fic:13:target|fic:13:side3,fic:13:side1|fic:13:target|fic:13:side3,fic:13:target,3,1,1,0,0,0,1,0,0,0,1,1,1,0,0,0,0,65,65,39,How far is Odrinfen from Drevanor?,38 km,Insufficient material,0.0,0.0,0
fic:13|fic:13:A=side3:48fa6e5e3473|B=fic:13:side2,fic:13,fic:13:A=side3:48fa6e5e3473,fic:13:side3,fic:13:side2,qwen,qwen_sl,1,small,large,qwen_small,qwen_large,sealed,0,0,,,no intervention,1,1,0,1,fic:13:side1|fic:13:target|fic:13:side3,fic:13:side1|fic:13:target|fic:13:side3,fic:13:side1,3,1,1,0,0,0,1,0,0,0,1,1,1,0,0,0,0,65,65,10,How far is Odrinfen from Drevanor?,38 km,Insufficient material,0.0,0.0,0
fic:13|fic:13:A=side3:48fa6e5e3473|B=fic:13:side2,fic:13,fic:13:A=side3:48fa6e5e3473,fic:13:side3,fic:13:side2,qwen,qwen_ls,1,large,small,qwen_large,qwen_small,sealed,0,0,,,no intervention,0,1,0,1,fic:13:side3|fic:13:side2|fic:13:side1,fic:13:side3|fic:13:side2|fic:13:side1,fic:13:side2,3,1,1,1,1,1,1,1,1,1,1,1,1,0,0,0,0,38,38,12,How far is Odrinfen from Drevanor?,38 km,38 km,1.0,1.0,1
fic:13|fic:13:A=side3:48fa6e5e3473|B=fic:13:side2,fic:13,fic:13:A=side3:48fa6e5e3473,fic:13:side3,fic:13:side2,qwen,qwen_ll,1,large,large,qwen_large,qwen_large,sealed,0,0,,,no intervention,0,1,0,1,fic:13:side3|fic:13:side2|fic:13:side1,fic:13:side3|fic:13:side2|fic:13:side1,fic:13:side2,3,1,1,1,1,1,1,1,1,1,1,1,1,0,0,0,0,38,38,12,How far is Odrinfen from Drevanor?,38 km,38 km,1.0,1.0,1
fic:13|fic:13:A=side3:48fa6e5e3473|B=fic:13:side2,fic:13,fic:13:A=side3:48fa6e5e3473,fic:13:side3,fic:13:side2,qwen,qwen_sl_sham,0,small,large,qwen_small,qwen_large,sham,0,1,fic:13:side5,fic:13:side1,replaced_with_length_nearest_non_support_card,1,1,0,1,fic:13:side1|fic:13:target|fic:13:side3,fic:13:side5|fic:13:target|fic:13:side3,fic:13:side3,3,1,1,0,0,0,1,0,0,0,1,1,1,0,0,0,0,65,68,16,How far is Odrinfen from Drevanor?,38 km,The Selerin Run,0.0,0.0,0
fic:13|fic:13:A=side3:48fa6e5e3473|B=fic:13:side2,fic:13,fic:13:A=side3:48fa6e5e3473,fic:13:side3,fic:13:side2,qwen,qwen_sl_restore,0,small,large,qwen_small,qwen_large,restore,0,1,fic:13:side2,fic:13:side1,replaced_length_nearest_card,1,1,0,1,fic:13:side1|fic:13:target|fic:13:side3,fic:13:side2|fic:13:target|fic:13:side3,fic:13:side2,3,1,1,0,1,1,1,0,1,1,1,1,1,0,0,0,0,65,67,12,How far is Odrinfen from Drevanor?,38 km,38 km,1.0,1.0,1
fic:13|fic:13:A=side3:48fa6e5e3473|B=fic:13:side2,fic:13,fic:13:A=side3:48fa6e5e3473,fic:13:side3,fic:13:side2,qwen,qwen_sl_reopen,0,small,large,qwen_small,qwen_large,reopen,1,0,,,no intervention,1,1,0,1,fic:13:side1|fic:13:target|fic:13:side3,fic:13:side2|fic:13:target|fic:13:side5|fic:13:side4|fic:13:side1|fic:13:side3,fic:13:side2,3,1,1,0,1,1,1,0,1,1,1,1,1,0,0,0,0,65,103,12,How far is Odrinfen from Drevanor?,38 km,38 km,1.0,1.0,1
fic:14|fic:14:A=side1:538d1e8561f6|B=fic:14:side2,fic:14,fic:14:A=side1:538d1e8561f6,fic:14:side1,fic:14:side2,llama,llama_ss,1,small,small,llama_small,llama_small,sealed,0,0,,,no intervention,0,1,0,1,fic:14:side1|fic:14:side2|fic:14:target,fic:14:side1|fic:14:side2|fic:14:target,fic:14:side2,3,1,1,1,1,1,1,1,1,1,1,1,1,0,0,0,0,68,68,13,In what year was the Hearthstone Court quadrangle completed?,1906,1906,1.0,1.0,1
fic:14|fic:14:A=side1:538d1e8561f6|B=fic:14:side2,fic:14,fic:14:A=side1:538d1e8561f6,fic:14:side1,fic:14:side2,llama,llama_sl,1,small,large,llama_small,llama_large,sealed,0,0,,,no intervention,0,1,0,1,fic:14:side1|fic:14:side2|fic:14:target,fic:14:side1|fic:14:side2|fic:14:target,fic:14:side2,3,1,1,1,1,1,1,1,1,1,1,1,1,0,0,0,0,68,68,13,In what year was the Hearthstone Court quadrangle completed?,1906,1906,1.0,1.0,1
fic:14|fic:14:A=side1:538d1e8561f6|B=fic:14:side2,fic:14,fic:14:A=side1:538d1e8561f6,fic:14:side1,fic:14:side2,llama,llama_ls,1,large,small,llama_large,llama_small,sealed,0,0,,,no intervention,1,1,0,1,fic:14:side1|fic:14:target|fic:14:side5,fic:14:side1|fic:14:target|fic:14:side5,fic:14:side1,3,1,1,0,0,0,1,0,0,0,1,1,1,0,0,0,0,72,72,20,In what year was the Hearthstone Court quadrangle completed?,1906,1922,0.0,0.0,0
fic:14|fic:14:A=side1:538d1e8561f6|B=fic:14:side2,fic:14,fic:14:A=side1:538d1e8561f6,fic:14:side1,fic:14:side2,llama,llama_ll,1,large,large,llama_large,llama_large,sealed,0,0,,,no intervention,1,1,0,1,fic:14:side1|fic:14:target|fic:14:side5,fic:14:side1|fic:14:target|fic:14:side5,fic:14:side5,3,1,1,0,0,0,1,0,0,0,1,1,1,0,0,0,0,72,72,17,In what year was the Hearthstone Court quadrangle completed?,1906,2021,0.0,0.0,0
fic:14|fic:14:A=side1:538d1e8561f6|B=fic:14:side2,fic:14,fic:14:A=side1:538d1e8561f6,fic:14:side1,fic:14:side2,llama,llama_sl_sham,0,small,large,llama_small,llama_large,sham,0,0,,,"restore was ineligible, so matched sham is a no-op",0,1,0,1,fic:14:side1|fic:14:side2|fic:14:target,fic:14:side1|fic:14:side2|fic:14:target,fic:14:side2,3,1,1,1,1,1,1,1,1,1,1,1,1,0,0,0,0,68,68,13,In what year was the Hearthstone Court quadrangle completed?,1906,1906,1.0,1.0,1
fic:14|fic:14:A=side1:538d1e8561f6|B=fic:14:side2,fic:14,fic:14:A=side1:538d1e8561f6,fic:14:side1,fic:14:side2,llama,llama_sl_restore,0,small,large,llama_small,llama_large,restore,0,0,,,support_already_present,0,1,0,1,fic:14:side1|fic:14:side2|fic:14:target,fic:14:side1|fic:14:side2|fic:14:target,fic:14:side2,3,1,1,1,1,1,1,1,1,1,1,1,1,0,0,0,0,68,68,13,In what year was the Hearthstone Court quadrangle completed?,1906,1906,1.0,1.0,1
fic:14|fic:14:A=side1:538d1e8561f6|B=fic:14:side2,fic:14,fic:14:A=side1:538d1e8561f6,fic:14:side1,fic:14:side2,llama,llama_sl_reopen,0,small,large,llama_small,llama_large,reopen,1,0,,,no intervention,0,1,0,1,fic:14:side1|fic:14:side2|fic:14:target,fic:14:side5|fic:14:side1|fic:14:side2|fic:14:side3|fic:14:target|fic:14:side4,fic:14:side2,3,1,1,1,1,1,1,1,1,1,1,1,1,0,0,0,0,68,112,13,In what year was the Hearthstone Court quadrangle completed?,1906,1906,1.0,1.0,1
fic:14|fic:14:A=side1:538d1e8561f6|B=fic:14:side2,fic:14,fic:14:A=side1:538d1e8561f6,fic:14:side1,fic:14:side2,qwen,qwen_ss,1,small,small,qwen_small,qwen_small,sealed,0,0,,,no intervention,1,1,0,1,fic:14:side1|fic:14:target|fic:14:side4,fic:14:side1|fic:14:target|fic:14:side4,fic:14:side1,3,1,1,0,0,0,1,0,0,0,1,1,1,0,0,0,0,70,70,20,In what year was the Hearthstone Court quadrangle completed?,1906,1922,0.0,0.0,0
fic:14|fic:14:A=side1:538d1e8561f6|B=fic:14:side2,fic:14,fic:14:A=side1:538d1e8561f6,fic:14:side1,fic:14:side2,qwen,qwen_sl,1,small,large,qwen_small,qwen_large,sealed,0,0,,,no intervention,1,1,0,1,fic:14:side1|fic:14:target|fic:14:side4,fic:14:side1|fic:14:target|fic:14:side4,fic:14:side1,3,1,1,0,0,0,1,0,0,0,1,1,1,0,0,0,0,70,70,20,In what year was the Hearthstone Court quadrangle completed?,1906,1922,0.0,0.0,0
fic:14|fic:14:A=side1:538d1e8561f6|B=fic:14:side2,fic:14,fic:14:A=side1:538d1e8561f6,fic:14:side1,fic:14:side2,qwen,qwen_ls,1,large,small,qwen_large,qwen_small,sealed,0,0,,,no intervention,0,1,0,1,fic:14:side1|fic:14:target|fic:14:side2,fic:14:side1|fic:14:target|fic:14:side2,fic:14:side2,3,1,1,1,1,1,1,1,1,1,1,1,1,0,0,0,0,68,68,13,In what year was the Hearthstone Court quadrangle completed?,1906,1906,1.0,1.0,1
fic:14|fic:14:A=side1:538d1e8561f6|B=fic:14:side2,fic:14,fic:14:A=side1:538d1e8561f6,fic:14:side1,fic:14:side2,qwen,qwen_ll,1,large,large,qwen_large,qwen_large,sealed,0,0,,,no intervention,0,1,0,1,fic:14:side1|fic:14:target|fic:14:side2,fic:14:side1|fic:14:target|fic:14:side2,fic:14:side2,3,1,1,1,1,1,1,1,1,1,1,1,1,0,0,0,0,68,68,13,In what year was the Hearthstone Court quadrangle completed?,1906,1906,1.0,1.0,1
fic:14|fic:14:A=side1:538d1e8561f6|B=fic:14:side2,fic:14,fic:14:A=side1:538d1e8561f6,fic:14:side1,fic:14:side2,qwen,qwen_sl_sham,0,small,large,qwen_small,qwen_large,sham,0,1,fic:14:side5,fic:14:side4,replaced_with_length_nearest_non_support_card,1,1,0,1,fic:14:side1|fic:14:target|fic:14:side4,fic:14:side1|fic:14:target|fic:14:side5,fic:14:target,3,1,1,0,0,0,1,0,0,0,1,1,1,0,0,0,0,70,72,35,In what year was the Hearthstone Court quadrangle completed?,1906,1873,0.0,0.0,0
fic:14|fic:14:A=side1:538d1e8561f6|B=fic:14:side2,fic:14,fic:14:A=side1:538d1e8561f6,fic:14:side1,fic:14:side2,qwen,qwen_sl_restore,0,small,large,qwen_small,qwen_large,restore,0,1,fic:14:side2,fic:14:side4,replaced_length_nearest_card,1,1,0,1,fic:14:side1|fic:14:target|fic:14:side4,fic:14:side1|fic:14:target|fic:14:side2,fic:14:side2,3,1,1,0,1,1,1,0,1,1,1,1,1,0,0,0,0,70,68,13,In what year was the Hearthstone Court quadrangle completed?,1906,1906,1.0,1.0,1
fic:14|fic:14:A=side1:538d1e8561f6|B=fic:14:side2,fic:14,fic:14:A=side1:538d1e8561f6,fic:14:side1,fic:14:side2,qwen,qwen_sl_reopen,0,small,large,qwen_small,qwen_large,reopen,1,0,,,no intervention,1,1,0,1,fic:14:side1|fic:14:target|fic:14:side4,fic:14:side5|fic:14:side1|fic:14:side2|fic:14:side3|fic:14:target|fic:14:side4,fic:14:side2,3,1,1,0,1,1,1,0,1,1,1,1,1,0,0,0,0,70,112,13,In what year was the Hearthstone Court quadrangle completed?,1906,1906,1.0,1.0,1
fic:14|fic:14:A=side2:c636f1524d36|B=fic:14:side3,fic:14,fic:14:A=side2:c636f1524d36,fic:14:side2,fic:14:side3,llama,llama_ss,1,small,small,llama_small,llama_small,sealed,0,0,,,no intervention,1,1,0,1,fic:14:side2|fic:14:side1|fic:14:side5,fic:14:side2|fic:14:side1|fic:14:side5,fic:14:side2,3,1,1,0,0,0,1,0,0,0,1,1,1,0,0,0,0,50,50,13,How many fixed seats does the Rellam Auditorium have?,612 fixed seats,Insufficient material,0.0,0.0,0
fic:14|fic:14:A=side2:c636f1524d36|B=fic:14:side3,fic:14,fic:14:A=side2:c636f1524d36,fic:14:side2,fic:14:side3,llama,llama_sl,1,small,large,llama_small,llama_large,sealed,0,0,,,no intervention,1,1,0,1,fic:14:side2|fic:14:side1|fic:14:side5,fic:14:side2|fic:14:side1|fic:14:side5,fic:14:side5,3,1,1,0,0,0,1,0,0,0,1,1,1,0,0,0,0,50,50,17,How many fixed seats does the Rellam Auditorium have?,612 fixed seats,Insufficient material,0.0,0.0,0
fic:14|fic:14:A=side2:c636f1524d36|B=fic:14:side3,fic:14,fic:14:A=side2:c636f1524d36,fic:14:side2,fic:14:side3,llama,llama_ls,1,large,small,llama_large,llama_small,sealed,0,0,,,no intervention,1,1,0,1,fic:14:side2|fic:14:side5|fic:14:side1,fic:14:side2|fic:14:side5|fic:14:side1,fic:14:side2,3,1,1,0,0,0,1,0,0,0,1,1,1,0,0,0,0,50,50,13,How many fixed seats does the Rellam Auditorium have?,612 fixed seats,Insufficient material,0.0,0.0,0
fic:14|fic:14:A=side2:c636f1524d36|B=fic:14:side3,fic:14,fic:14:A=side2:c636f1524d36,fic:14:side2,fic:14:side3,llama,llama_ll,1,large,large,llama_large,llama_large,sealed,0,0,,,no intervention,1,1,0,1,fic:14:side2|fic:14:side5|fic:14:side1,fic:14:side2|fic:14:side5|fic:14:side1,fic:14:side5,3,1,1,0,0,0,1,0,0,0,1,1,1,0,0,0,0,50,50,17,How many fixed seats does the Rellam Auditorium have?,612 fixed seats,Insufficient material,0.0,0.0,0
fic:14|fic:14:A=side2:c636f1524d36|B=fic:14:side3,fic:14,fic:14:A=side2:c636f1524d36,fic:14:side2,fic:14:side3,llama,llama_sl_sham,0,small,large,llama_small,llama_large,sham,0,1,fic:14:side4,fic:14:side5,replaced_with_length_nearest_non_support_card,1,1,0,1,fic:14:side2|fic:14:side1|fic:14:side5,fic:14:side2|fic:14:side1|fic:14:side4,fic:14:side1,3,1,1,0,0,0,1,0,0,0,1,1,1,0,0,0,0,50,48,20,How many fixed seats does the Rellam Auditorium have?,612 fixed seats,Insufficient material,0.0,0.0,0
fic:14|fic:14:A=side2:c636f1524d36|B=fic:14:side3,fic:14,fic:14:A=side2:c636f1524d36,fic:14:side2,fic:14:side3,llama,llama_sl_restore,0,small,large,llama_small,llama_large,restore,0,1,fic:14:side3,fic:14:side5,replaced_length_nearest_card,1,1,0,1,fic:14:side2|fic:14:side1|fic:14:side5,fic:14:side2|fic:14:side1|fic:14:side3,fic:14:side3,3,1,1,0,1,1,1,0,1,1,1,1,1,0,0,0,0,50,45,12,How many fixed seats does the Rellam Auditorium have?,612 fixed seats,612,0.0,0.5,1
fic:14|fic:14:A=side2:c636f1524d36|B=fic:14:side3,fic:14,fic:14:A=side2:c636f1524d36,fic:14:side2,fic:14:side3,llama,llama_sl_reopen,0,small,large,llama_small,llama_large,reopen,1,0,,,no intervention,1,1,0,1,fic:14:side2|fic:14:side1|fic:14:side5,fic:14:side5|fic:14:side1|fic:14:side2|fic:14:side3|fic:14:target|fic:14:side4,fic:14:side3,3,1,1,0,1,1,1,0,1,1,1,1,1,0,0,0,0,50,112,12,How many fixed seats does the Rellam Auditorium have?,612 fixed seats,612,0.0,0.5,1
fic:14|fic:14:A=side2:c636f1524d36|B=fic:14:side3,fic:14,fic:14:A=side2:c636f1524d36,fic:14:side2,fic:14:side3,qwen,qwen_ss,1,small,small,qwen_small,qwen_small,sealed,0,0,,,no intervention,1,1,0,1,fic:14:side2|fic:14:target|fic:14:side1,fic:14:side2|fic:14:target|fic:14:side1,fic:14:side2,3,1,1,0,0,0,1,0,0,0,1,1,1,0,0,0,0,68,68,13,How many fixed seats does the Rellam Auditorium have?,612 fixed seats,Insufficient material,0.0,0.0,0
fic:14|fic:14:A=side2:c636f1524d36|B=fic:14:side3,fic:14,fic:14:A=side2:c636f1524d36,fic:14:side2,fic:14:side3,qwen,qwen_sl,1,small,large,qwen_small,qwen_large,sealed,0,0,,,no intervention,1,1,0,1,fic:14:side2|fic:14:target|fic:14:side1,fic:14:side2|fic:14:target|fic:14:side1,fic:14:target,3,1,1,0,0,0,1,0,0,0,1,1,1,0,0,0,0,68,68,35,How many fixed seats does the Rellam Auditorium have?,612 fixed seats,Insufficient material,0.0,0.0,0
fic:14|fic:14:A=side2:c636f1524d36|B=fic:14:side3,fic:14,fic:14:A=side2:c636f1524d36,fic:14:side2,fic:14:side3,qwen,qwen_ls,1,large,small,qwen_large,qwen_small,sealed,0,0,,,no intervention,1,1,0,1,fic:14:side2|fic:14:target|fic:14:side1,fic:14:side2|fic:14:target|fic:14:side1,fic:14:side2,3,1,1,0,0,0,1,0,0,0,1,1,1,0,0,0,0,68,68,13,How many fixed seats does the Rellam Auditorium have?,612 fixed seats,Insufficient material,0.0,0.0,0
fic:14|fic:14:A=side2:c636f1524d36|B=fic:14:side3,fic:14,fic:14:A=side2:c636f1524d36,fic:14:side2,fic:14:side3,qwen,qwen_ll,1,large,large,qwen_large,qwen_large,sealed,0,0,,,no intervention,1,1,0,1,fic:14:side2|fic:14:target|fic:14:side1,fic:14:side2|fic:14:target|fic:14:side1,fic:14:target,3,1,1,0,0,0,1,0,0,0,1,1,1,0,0,0,0,68,68,35,How many fixed seats does the Rellam Auditorium have?,612 fixed seats,Insufficient material,0.0,0.0,0
fic:14|fic:14:A=side2:c636f1524d36|B=fic:14:side3,fic:14,fic:14:A=side2:c636f1524d36,fic:14:side2,fic:14:side3,qwen,qwen_sl_sham,0,small,large,qwen_small,qwen_large,sham,0,1,fic:14:side5,fic:14:side1,replaced_with_length_nearest_non_support_card,1,1,0,1,fic:14:side2|fic:14:target|fic:14:side1,fic:14:side2|fic:14:target|fic:14:side5,fic:14:side2,3,1,1,0,0,0,1,0,0,0,1,1,1,0,0,0,0,68,65,13,How many fixed seats does the Rellam Auditorium have?,612 fixed seats,Insufficient material,0.0,0.0,0
fic:14|fic:14:A=side2:c636f1524d36|B=fic:14:side3,fic:14,fic:14:A=side2:c636f1524d36,fic:14:side2,fic:14:side3,qwen,qwen_sl_restore,0,small,large,qwen_small,qwen_large,restore,0,1,fic:14:side3,fic:14:side1,replaced_length_nearest_card,1,1,0,1,fic:14:side2|fic:14:target|fic:14:side1,fic:14:side2|fic:14:target|fic:14:side3,fic:14:side3,3,1,1,0,1,1,1,0,1,1,1,1,1,0,0,0,0,68,60,12,How many fixed seats does the Rellam Auditorium have?,612 fixed seats,612,0.0,0.5,1
fic:14|fic:14:A=side2:c636f1524d36|B=fic:14:side3,fic:14,fic:14:A=side2:c636f1524d36,fic:14:side2,fic:14:side3,qwen,qwen_sl_reopen,0,small,large,qwen_small,qwen_large,reopen,1,0,,,no intervention,1,1,0,1,fic:14:side2|fic:14:target|fic:14:side1,fic:14:side5|fic:14:side1|fic:14:side2|fic:14:side3|fic:14:target|fic:14:side4,fic:14:side3,3,1,1,0,1,1,1,0,1,1,1,1,1,0,0,0,0,68,112,12,How many fixed seats does the Rellam Auditorium have?,612 fixed seats,612,0.0,0.5,1
fic:14|fic:14:A=target:8724e572a831|B=fic:14:side4,fic:14,fic:14:A=target:8724e572a831,fic:14:target,fic:14:side4,llama,llama_ss,1,small,small,llama_small,llama_small,sealed,0,0,,,no intervention,1,1,0,1,fic:14:target|fic:14:side1|fic:14:side5,fic:14:target|fic:14:side1|fic:14:side5,fic:14:side1,3,1,1,0,0,0,1,0,0,0,1,1,1,0,0,0,0,72,72,20,How many catalogued volumes did the Jorren Stack library hold in 2009?,"84,000",Insufficient material,0.0,0.0,0
fic:14|fic:14:A=target:8724e572a831|B=fic:14:side4,fic:14,fic:14:A=target:8724e572a831,fic:14:target,fic:14:side4,llama,llama_sl,1,small,large,llama_small,llama_large,sealed,0,0,,,no intervention,1,1,0,1,fic:14:target|fic:14:side1|fic:14:side5,fic:14:target|fic:14:side1|fic:14:side5,fic:14:side5,3,1,1,0,0,0,1,0,0,0,1,1,1,0,0,0,0,72,72,17,How many catalogued volumes did the Jorren Stack library hold in 2009?,"84,000",Insufficient material,0.0,0.0,0
fic:14|fic:14:A=target:8724e572a831|B=fic:14:side4,fic:14,fic:14:A=target:8724e572a831,fic:14:target,fic:14:side4,llama,llama_ls,1,large,small,llama_large,llama_small,sealed,0,0,,,no intervention,1,1,0,1,fic:14:side5|fic:14:target|fic:14:side1,fic:14:side5|fic:14:target|fic:14:side1,fic:14:side1,3,1,1,0,0,0,1,0,0,0,1,1,1,0,0,0,0,72,72,20,How many catalogued volumes did the Jorren Stack library hold in 2009?,"84,000",Insufficient material,0.0,0.0,0
fic:14|fic:14:A=target:8724e572a831|B=fic:14:side4,fic:14,fic:14:A=target:8724e572a831,fic:14:target,fic:14:side4,llama,llama_ll,1,large,large,llama_large,llama_large,sealed,0,0,,,no intervention,1,1,0,1,fic:14:side5|fic:14:target|fic:14:side1,fic:14:side5|fic:14:target|fic:14:side1,fic:14:side5,3,1,1,0,0,0,1,0,0,0,1,1,1,0,0,0,0,72,72,17,How many catalogued volumes did the Jorren Stack library hold in 2009?,"84,000",Insufficient material,0.0,0.0,0
fic:14|fic:14:A=target:8724e572a831|B=fic:14:side4,fic:14,fic:14:A=target:8724e572a831,fic:14:target,fic:14:side4,llama,llama_sl_sham,0,small,large,llama_small,llama_large,sham,0,1,fic:14:side2,fic:14:side5,replaced_with_length_nearest_non_support_card,1,1,0,1,fic:14:target|fic:14:side1|fic:14:side5,fic:14:target|fic:14:side1|fic:14:side2,fic:14:side1,3,1,1,0,0,0,1,0,0,0,1,1,1,0,0,0,0,72,68,20,How many catalogued volumes did the Jorren Stack library hold in 2009?,"84,000",Insufficient material,0.0,0.0,0
fic:14|fic:14:A=target:8724e572a831|B=fic:14:side4,fic:14,fic:14:A=target:8724e572a831,fic:14:target,fic:14:side4,llama,llama_sl_restore,0,small,large,llama_small,llama_large,restore,0,1,fic:14:side4,fic:14:side5,replaced_length_nearest_card,1,1,0,1,fic:14:target|fic:14:side1|fic:14:side5,fic:14:target|fic:14:side1|fic:14:side4,fic:14:side4,3,1,1,0,1,1,1,0,1,1,1,1,1,0,0,0,0,72,70,15,How many catalogued volumes did the Jorren Stack library hold in 2009?,"84,000","84,000",1.0,1.0,1
fic:14|fic:14:A=target:8724e572a831|B=fic:14:side4,fic:14,fic:14:A=target:8724e572a831,fic:14:target,fic:14:side4,llama,llama_sl_reopen,0,small,large,llama_small,llama_large,reopen,1,0,,,no intervention,1,1,0,1,fic:14:target|fic:14:side1|fic:14:side5,fic:14:side5|fic:14:side1|fic:14:side2|fic:14:side3|fic:14:target|fic:14:side4,fic:14:side4,3,1,1,0,1,1,1,0,1,1,1,1,1,0,0,0,0,72,112,15,How many catalogued volumes did the Jorren Stack library hold in 2009?,"84,000","84,000",1.0,1.0,1
fic:14|fic:14:A=target:8724e572a831|B=fic:14:side4,fic:14,fic:14:A=target:8724e572a831,fic:14:target,fic:14:side4,qwen,qwen_ss,1,small,small,qwen_small,qwen_small,sealed,0,0,,,no intervention,1,1,0,1,fic:14:target|fic:14:side5|fic:14:side1,fic:14:target|fic:14:side5|fic:14:side1,,3,0,1,0,0,0,1,0,0,0,1,0,0,0,0,0,0,72,72,3,How many catalogued volumes did the Jorren Stack library hold in 2009?,"84,000",,0.0,0.0,0
fic:14|fic:14:A=target:8724e572a831|B=fic:14:side4,fic:14,fic:14:A=target:8724e572a831,fic:14:target,fic:14:side4,qwen,qwen_sl,1,small,large,qwen_small,qwen_large,sealed,0,0,,,no intervention,1,1,0,1,fic:14:target|fic:14:side5|fic:14:side1,fic:14:target|fic:14:side5|fic:14:side1,fic:14:side5,3,1,1,0,0,0,1,0,0,0,1,1,1,0,0,0,0,72,72,17,How many catalogued volumes did the Jorren Stack library hold in 2009?,"84,000",Insufficient material,0.0,0.0,0
fic:14|fic:14:A=target:8724e572a831|B=fic:14:side4,fic:14,fic:14:A=target:8724e572a831,fic:14:target,fic:14:side4,qwen,qwen_ls,1,large,small,qwen_large,qwen_small,sealed,0,0,,,no intervention,1,1,0,1,fic:14:target|fic:14:side1|fic:14:side5,fic:14:target|fic:14:side1|fic:14:side5,,3,0,1,0,0,0,1,0,0,0,1,0,0,0,0,0,0,72,72,3,How many catalogued volumes did the Jorren Stack library hold in 2009?,"84,000",,0.0,0.0,0
fic:14|fic:14:A=target:8724e572a831|B=fic:14:side4,fic:14,fic:14:A=target:8724e572a831,fic:14:target,fic:14:side4,qwen,qwen_ll,1,large,large,qwen_large,qwen_large,sealed,0,0,,,no intervention,1,1,0,1,fic:14:target|fic:14:side1|fic:14:side5,fic:14:target|fic:14:side1|fic:14:side5,fic:14:side5,3,1,1,0,0,0,1,0,0,0,1,1,1,0,0,0,0,72,72,17,How many catalogued volumes did the Jorren Stack library hold in 2009?,"84,000",Insufficient material,0.0,0.0,0
fic:14|fic:14:A=target:8724e572a831|B=fic:14:side4,fic:14,fic:14:A=target:8724e572a831,fic:14:target,fic:14:side4,qwen,qwen_sl_sham,0,small,large,qwen_small,qwen_large,sham,0,1,fic:14:side2,fic:14:side5,replaced_with_length_nearest_non_support_card,1,1,0,1,fic:14:target|fic:14:side5|fic:14:side1,fic:14:target|fic:14:side2|fic:14:side1,fic:14:target,3,1,1,0,0,0,1,0,0,0,1,1,1,0,0,0,0,72,68,35,How many catalogued volumes did the Jorren Stack library hold in 2009?,"84,000",Insufficient material,0.0,0.0,0
fic:14|fic:14:A=target:8724e572a831|B=fic:14:side4,fic:14,fic:14:A=target:8724e572a831,fic:14:target,fic:14:side4,qwen,qwen_sl_restore,0,small,large,qwen_small,qwen_large,restore,0,1,fic:14:side4,fic:14:side5,replaced_length_nearest_card,1,1,0,1,fic:14:target|fic:14:side5|fic:14:side1,fic:14:target|fic:14:side4|fic:14:side1,fic:14:side4,3,1,1,0,1,1,1,0,1,1,1,1,1,0,0,0,0,72,70,15,How many catalogued volumes did the Jorren Stack library hold in 2009?,"84,000","84,000",1.0,1.0,1
fic:14|fic:14:A=target:8724e572a831|B=fic:14:side4,fic:14,fic:14:A=target:8724e572a831,fic:14:target,fic:14:side4,qwen,qwen_sl_reopen,0,small,large,qwen_small,qwen_large,reopen,1,0,,,no intervention,1,1,0,1,fic:14:target|fic:14:side5|fic:14:side1,fic:14:side5|fic:14:side1|fic:14:side2|fic:14:side3|fic:14:target|fic:14:side4,fic:14:side4,3,1,1,0,1,1,1,0,1,1,1,1,1,0,0,0,0,72,112,15,How many catalogued volumes did the Jorren Stack library hold in 2009?,"84,000","84,000",1.0,1.0,1
fic:14|fic:14:A=side4:1520651f8978|B=fic:14:side5,fic:14,fic:14:A=side4:1520651f8978,fic:14:side4,fic:14:side5,llama,llama_ss,1,small,small,llama_small,llama_small,sealed,0,0,,,no intervention,1,1,0,1,fic:14:side4|fic:14:side1|fic:14:side2,fic:14:side4|fic:14:side1|fic:14:side2,fic:14:side2,3,1,1,0,0,0,1,0,0,0,1,1,1,0,0,0,0,48,48,13,Who held the Chair in 2021?,Lenvi Aras,Insufficient material,0.0,0.0,0
fic:14|fic:14:A=side4:1520651f8978|B=fic:14:side5,fic:14,fic:14:A=side4:1520651f8978,fic:14:side4,fic:14:side5,llama,llama_sl,1,small,large,llama_small,llama_large,sealed,0,0,,,no intervention,1,1,0,1,fic:14:side4|fic:14:side1|fic:14:side2,fic:14:side4|fic:14:side1|fic:14:side2,fic:14:side1,3,1,1,0,0,0,1,0,0,0,1,1,1,0,0,0,0,48,48,20,Who held the Chair in 2021?,Lenvi Aras,Dominion’s Council of Guilds,0.0,0.0,0
fic:14|fic:14:A=side4:1520651f8978|B=fic:14:side5,fic:14,fic:14:A=side4:1520651f8978,fic:14:side4,fic:14:side5,llama,llama_ls,1,large,small,llama_large,llama_small,sealed,0,0,,,no intervention,0,1,0,1,fic:14:side4|fic:14:side5|fic:14:side1,fic:14:side4|fic:14:side5|fic:14:side1,fic:14:side5,3,1,1,1,1,1,1,1,1,1,1,1,1,0,0,0,0,52,52,17,Who held the Chair in 2021?,Lenvi Aras,Provost Lenvi Aras,0.0,0.8,1
fic:14|fic:14:A=side4:1520651f8978|B=fic:14:side5,fic:14,fic:14:A=side4:1520651f8978,fic:14:side4,fic:14:side5,llama,llama_ll,1,large,large,llama_large,llama_large,sealed,0,0,,,no intervention,0,1,0,1,fic:14:side4|fic:14:side5|fic:14:side1,fic:14:side4|fic:14:side5|fic:14:side1,fic:14:side5,3,1,1,1,1,1,1,1,1,1,1,1,1,0,0,0,0,52,52,17,Who held the Chair in 2021?,Lenvi Aras,Provost Lenvi Aras,0.0,0.8,1
fic:14|fic:14:A=side4:1520651f8978|B=fic:14:side5,fic:14,fic:14:A=side4:1520651f8978,fic:14:side4,fic:14:side5,llama,llama_sl_sham,0,small,large,llama_small,llama_large,sham,0,1,fic:14:side3,fic:14:side1,replaced_with_length_nearest_non_support_card,1,1,0,1,fic:14:side4|fic:14:side1|fic:14:side2,fic:14:side4|fic:14:side3|fic:14:side2,fic:14:side2,3,1,1,0,0,0,1,0,0,0,1,1,1,0,0,0,0,48,40,13,Who held the Chair in 2021?,Lenvi Aras,Insufficient material,0.0,0.0,0
fic:14|fic:14:A=side4:1520651f8978|B=fic:14:side5,fic:14,fic:14:A=side4:1520651f8978,fic:14:side4,fic:14:side5,llama,llama_sl_restore,0,small,large,llama_small,llama_large,restore,0,1,fic:14:side5,fic:14:side1,replaced_length_nearest_card,1,1,0,1,fic:14:side4|fic:14:side1|fic:14:side2,fic:14:side4|fic:14:side5|fic:14:side2,fic:14:side5,3,1,1,0,1,1,1,0,1,1,1,1,1,0,0,0,0,48,45,17,Who held the Chair in 2021?,Lenvi Aras,Provost Lenvi Aras,0.0,0.8,1
fic:14|fic:14:A=side4:1520651f8978|B=fic:14:side5,fic:14,fic:14:A=side4:1520651f8978,fic:14:side4,fic:14:side5,llama,llama_sl_reopen,0,small,large,llama_small,llama_large,reopen,1,0,,,no intervention,1,1,0,1,fic:14:side4|fic:14:side1|fic:14:side2,fic:14:side5|fic:14:side1|fic:14:side2|fic:14:side3|fic:14:target|fic:14:side4,fic:14:side5,3,1,1,0,1,1,1,0,1,1,1,1,1,0,0,0,0,48,112,17,Who held the Chair in 2021?,Lenvi Aras,Provost Lenvi Aras,0.0,0.8,1
fic:14|fic:14:A=side4:1520651f8978|B=fic:14:side5,fic:14,fic:14:A=side4:1520651f8978,fic:14:side4,fic:14:side5,qwen,qwen_ss,1,small,small,qwen_small,qwen_small,sealed,0,0,,,no intervention,1,1,0,1,fic:14:side4|fic:14:target|fic:14:side1,fic:14:side4|fic:14:target|fic:14:side1,fic:14:side1,3,1,1,0,0,0,1,0,0,0,1,1,1,0,0,0,0,70,70,20,Who held the Chair in 2021?,Lenvi Aras,Dominion’s Council of Guilds,0.0,0.0,0
fic:14|fic:14:A=side4:1520651f8978|B=fic:14:side5,fic:14,fic:14:A=side4:1520651f8978,fic:14:side4,fic:14:side5,qwen,qwen_sl,1,small,large,qwen_small,qwen_large,sealed,0,0,,,no intervention,1,1,0,1,fic:14:side4|fic:14:target|fic:14:side1,fic:14:side4|fic:14:target|fic:14:side1,fic:14:side1,3,1,1,0,0,0,1,0,0,0,1,1,1,0,0,0,0,70,70,20,Who held the Chair in 2021?,Lenvi Aras,Dominion’s Council of Guilds,0.0,0.0,0
fic:14|fic:14:A=side4:1520651f8978|B=fic:14:side5,fic:14,fic:14:A=side4:1520651f8978,fic:14:side4,fic:14:side5,qwen,qwen_ls,1,large,small,qwen_large,qwen_small,sealed,0,0,,,no intervention,1,1,0,1,fic:14:side4|fic:14:side3|fic:14:target,fic:14:side4|fic:14:side3|fic:14:target,fic:14:side3,3,1,1,0,0,0,1,0,0,0,1,1,1,0,0,0,0,62,62,12,Who held the Chair in 2021?,Lenvi Aras,The Rellam Auditorium,0.0,0.0,0
fic:14|fic:14:A=side4:1520651f8978|B=fic:14:side5,fic:14,fic:14:A=side4:1520651f8978,fic:14:side4,fic:14:side5,qwen,qwen_ll,1,large,large,qwen_large,qwen_large,sealed,0,0,,,no intervention,1,1,0,1,fic:14:side4|fic:14:side3|fic:14:target,fic:14:side4|fic:14:side3|fic:14:target,fic:14:side3,3,1,1,0,0,0,1,0,0,0,1,1,1,0,0,0,0,62,62,12,Who held the Chair in 2021?,Lenvi Aras,The Rellam Auditorium,0.0,0.0,0
fic:14|fic:14:A=side4:1520651f8978|B=fic:14:side5,fic:14,fic:14:A=side4:1520651f8978,fic:14:side4,fic:14:side5,qwen,qwen_sl_sham,0,small,large,qwen_small,qwen_large,sham,0,1,fic:14:side2,fic:14:side1,replaced_with_length_nearest_non_support_card,1,1,0,1,fic:14:side4|fic:14:target|fic:14:side1,fic:14:side4|fic:14:target|fic:14:side2,fic:14:side4,3,1,1,0,0,0,1,0,0,0,1,1,1,0,0,0,0,70,63,15,Who held the Chair in 2021?,Lenvi Aras,The Jorren Stack,0.0,0.0,0
fic:14|fic:14:A=side4:1520651f8978|B=fic:14:side5,fic:14,fic:14:A=side4:1520651f8978,fic:14:side4,fic:14:side5,qwen,qwen_sl_restore,0,small,large,qwen_small,qwen_large,restore,0,1,fic:14:side5,fic:14:side1,replaced_length_nearest_card,1,1,0,1,fic:14:side4|fic:14:target|fic:14:side1,fic:14:side4|fic:14:target|fic:14:side5,fic:14:side5,3,1,1,0,1,1,1,0,1,1,1,1,1,0,0,0,0,70,67,17,Who held the Chair in 2021?,Lenvi Aras,Provost Lenvi Aras,0.0,0.8,1
fic:14|fic:14:A=side4:1520651f8978|B=fic:14:side5,fic:14,fic:14:A=side4:1520651f8978,fic:14:side4,fic:14:side5,qwen,qwen_sl_reopen,0,small,large,qwen_small,qwen_large,reopen,1,0,,,no intervention,1,1,0,1,fic:14:side4|fic:14:target|fic:14:side1,fic:14:side5|fic:14:side1|fic:14:side2|fic:14:side3|fic:14:target|fic:14:side4,fic:14:side5,3,1,1,0,1,1,1,0,1,1,1,1,1,0,0,0,0,70,112,17,Who held the Chair in 2021?,Lenvi Aras,Provost Lenvi Aras,0.0,0.8,1
fic:15|fic:15:A=side5:29f91bfe31fb|B=fic:15:side3,fic:15,fic:15:A=side5:29f91bfe31fb,fic:15:side5,fic:15:side3,llama,llama_ss,1,small,small,llama_small,llama_small,sealed,0,0,,,no intervention,0,1,0,1,fic:15:side5|fic:15:side3|fic:15:side2,fic:15:side5|fic:15:side3|fic:15:side2,fic:15:side3,3,1,1,1,1,1,1,1,1,1,1,1,1,0,0,0,0,42,42,12,How high does the standard form stand?,41 cm,41 cm,1.0,1.0,1
fic:15|fic:15:A=side5:29f91bfe31fb|B=fic:15:side3,fic:15,fic:15:A=side5:29f91bfe31fb,fic:15:side5,fic:15:side3,llama,llama_sl,1,small,large,llama_small,llama_large,sealed,0,0,,,no intervention,0,1,0,1,fic:15:side5|fic:15:side3|fic:15:side2,fic:15:side5|fic:15:side3|fic:15:side2,fic:15:side3,3,1,1,1,1,1,1,1,1,1,1,1,1,0,0,0,0,42,42,12,How high does the standard form stand?,41 cm,41 cm,1.0,1.0,1
fic:15|fic:15:A=side5:29f91bfe31fb|B=fic:15:side3,fic:15,fic:15:A=side5:29f91bfe31fb,fic:15:side5,fic:15:side3,llama,llama_ls,1,large,small,llama_large,llama_small,sealed,0,0,,,no intervention,1,1,0,1,fic:15:side5|fic:15:target|fic:15:side1,fic:15:side5|fic:15:target|fic:15:side1,fic:15:target,3,1,1,0,0,0,1,0,0,0,1,1,1,0,0,0,0,57,57,29,How high does the standard form stand?,41 cm,Insufficient material,0.0,0.0,0
fic:15|fic:15:A=side5:29f91bfe31fb|B=fic:15:side3,fic:15,fic:15:A=side5:29f91bfe31fb,fic:15:side5,fic:15:side3,llama,llama_ll,1,large,large,llama_large,llama_large,sealed,0,0,,,no intervention,1,1,0,1,fic:15:side5|fic:15:target|fic:15:side1,fic:15:side5|fic:15:target|fic:15:side1,fic:15:target,3,1,1,0,0,0,1,0,0,0,1,1,1,0,0,0,0,57,57,29,How high does the standard form stand?,41 cm,Insufficient material,0.0,0.0,0
fic:15|fic:15:A=side5:29f91bfe31fb|B=fic:15:side3,fic:15,fic:15:A=side5:29f91bfe31fb,fic:15:side5,fic:15:side3,llama,llama_sl_sham,0,small,large,llama_small,llama_large,sham,0,0,,,"restore was ineligible, so matched sham is a no-op",0,1,0,1,fic:15:side5|fic:15:side3|fic:15:side2,fic:15:side5|fic:15:side3|fic:15:side2,fic:15:side3,3,1,1,1,1,1,1,1,1,1,1,1,1,0,0,0,0,42,42,12,How high does the standard form stand?,41 cm,41 cm,1.0,1.0,1
fic:15|fic:15:A=side5:29f91bfe31fb|B=fic:15:side3,fic:15,fic:15:A=side5:29f91bfe31fb,fic:15:side5,fic:15:side3,llama,llama_sl_restore,0,small,large,llama_small,llama_large,restore,0,0,,,support_already_present,0,1,0,1,fic:15:side5|fic:15:side3|fic:15:side2,fic:15:side5|fic:15:side3|fic:15:side2,fic:15:side3,3,1,1,1,1,1,1,1,1,1,1,1,1,0,0,0,0,42,42,12,How high does the standard form stand?,41 cm,41 cm,1.0,1.0,1
fic:15|fic:15:A=side5:29f91bfe31fb|B=fic:15:side3,fic:15,fic:15:A=side5:29f91bfe31fb,fic:15:side5,fic:15:side3,llama,llama_sl_reopen,0,small,large,llama_small,llama_large,reopen,1,0,,,no intervention,0,1,0,1,fic:15:side5|fic:15:side3|fic:15:side2,fic:15:target|fic:15:side5|fic:15:side3|fic:15:side1|fic:15:side4|fic:15:side2,fic:15:side3,3,1,1,1,1,1,1,1,1,1,1,1,1,0,0,0,0,42,103,12,How high does the standard form stand?,41 cm,41 cm,1.0,1.0,1
fic:15|fic:15:A=side5:29f91bfe31fb|B=fic:15:side3,fic:15,fic:15:A=side5:29f91bfe31fb,fic:15:side5,fic:15:side3,qwen,qwen_ss,1,small,small,qwen_small,qwen_small,sealed,0,0,,,no intervention,1,1,0,1,fic:15:side5|fic:15:side1|fic:15:side4,fic:15:side5|fic:15:side1|fic:15:side4,fic:15:side5,3,1,1,0,0,0,1,0,0,0,1,1,1,0,0,0,0,46,46,14,How high does the standard form stand?,41 cm,The material provided does not contain information about the height of the standard form,0.0,0.0,0
fic:15|fic:15:A=side5:29f91bfe31fb|B=fic:15:side3,fic:15,fic:15:A=side5:29f91bfe31fb,fic:15:side5,fic:15:side3,qwen,qwen_sl,1,small,large,qwen_small,qwen_large,sealed,0,0,,,no intervention,1,1,0,1,fic:15:side5|fic:15:side1|fic:15:side4,fic:15:side5|fic:15:side1|fic:15:side4,fic:15:side4,3,1,1,0,0,0,1,0,0,0,1,1,1,0,0,0,0,46,46,18,How high does the standard form stand?,41 cm,The material does not provide information on the height of the standard form,0.0,0.0,0
fic:15|fic:15:A=side5:29f91bfe31fb|B=fic:15:side3,fic:15,fic:15:A=side5:29f91bfe31fb,fic:15:side5,fic:15:side3,qwen,qwen_ls,1,large,small,qwen_large,qwen_small,sealed,0,0,,,no intervention,1,1,0,1,fic:15:side5|fic:15:side1|fic:15:target,fic:15:side5|fic:15:side1|fic:15:target,fic:15:side1,3,1,1,0,0,0,1,0,0,0,1,1,1,0,0,0,0,57,57,14,How high does the standard form stand?,41 cm,1924,0.0,0.0,0
fic:15|fic:15:A=side5:29f91bfe31fb|B=fic:15:side3,fic:15,fic:15:A=side5:29f91bfe31fb,fic:15:side5,fic:15:side3,qwen,qwen_ll,1,large,large,qwen_large,qwen_large,sealed,0,0,,,no intervention,1,1,0,1,fic:15:side5|fic:15:side1|fic:15:target,fic:15:side5|fic:15:side1|fic:15:target,fic:15:side1,3,1,1,0,0,0,1,0,0,0,1,1,1,0,0,0,0,57,57,14,How high does the standard form stand?,41 cm,1924,0.0,0.0,0
fic:15|fic:15:A=side5:29f91bfe31fb|B=fic:15:side3,fic:15,fic:15:A=side5:29f91bfe31fb,fic:15:side5,fic:15:side3,qwen,qwen_sl_sham,0,small,large,qwen_small,qwen_large,sham,0,1,fic:15:side2,fic:15:side1,replaced_with_length_nearest_non_support_card,1,1,0,1,fic:15:side5|fic:15:side1|fic:15:side4,fic:15:side5|fic:15:side2|fic:15:side4,fic:15:side2,3,1,1,0,0,0,1,0,0,0,1,1,1,0,0,0,0,46,48,16,How high does the standard form stand?,41 cm,1925,0.0,0.0,0
fic:15|fic:15:A=side5:29f91bfe31fb|B=fic:15:side3,fic:15,fic:15:A=side5:29f91bfe31fb,fic:15:side5,fic:15:side3,qwen,qwen_sl_restore,0,small,large,qwen_small,qwen_large,restore,0,1,fic:15:side3,fic:15:side1,replaced_length_nearest_card,1,1,0,1,fic:15:side5|fic:15:side1|fic:15:side4,fic:15:side5|fic:15:side3|fic:15:side4,fic:15:side3,3,1,1,0,1,1,1,0,1,1,1,1,1,0,0,0,0,46,44,12,How high does the standard form stand?,41 cm,41 cm,1.0,1.0,1
fic:15|fic:15:A=side5:29f91bfe31fb|B=fic:15:side3,fic:15,fic:15:A=side5:29f91bfe31fb,fic:15:side5,fic:15:side3,qwen,qwen_sl_reopen,0,small,large,qwen_small,qwen_large,reopen,1,0,,,no intervention,1,1,0,1,fic:15:side5|fic:15:side1|fic:15:side4,fic:15:target|fic:15:side5|fic:15:side3|fic:15:side1|fic:15:side4|fic:15:side2,fic:15:side3,3,1,1,0,1,1,1,0,1,1,1,1,1,0,0,0,0,46,103,12,How high does the standard form stand?,41 cm,41 cm,1.0,1.0,1
fic:15|fic:15:A=side3:85b4ba950062|B=fic:15:side1,fic:15,fic:15:A=side3:85b4ba950062,fic:15:side3,fic:15:side1,llama,llama_ss,1,small,small,llama_small,llama_small,sealed,0,0,,,no intervention,1,1,0,1,fic:15:side3|fic:15:side5|fic:15:side2,fic:15:side3|fic:15:side5|fic:15:side2,fic:15:side3,3,1,1,0,0,0,1,0,0,0,1,1,1,0,0,0,0,42,42,12,In what year was the Oryndel Capillary Torsion Gauge devised?,1924,1967,0.0,0.0,0
fic:15|fic:15:A=side3:85b4ba950062|B=fic:15:side1,fic:15,fic:15:A=side3:85b4ba950062,fic:15:side3,fic:15:side1,llama,llama_sl,1,small,large,llama_small,llama_large,sealed,0,0,,,no intervention,1,1,0,1,fic:15:side3|fic:15:side5|fic:15:side2,fic:15:side3|fic:15:side5|fic:15:side2,fic:15:side2,3,1,1,0,0,0,1,0,0,0,1,1,1,0,0,0,0,42,42,16,In what year was the Oryndel Capillary Torsion Gauge devised?,1924,1925,0.0,0.0,0
fic:15|fic:15:A=side3:85b4ba950062|B=fic:15:side1,fic:15,fic:15:A=side3:85b4ba950062,fic:15:side3,fic:15:side1,llama,llama_ls,1,large,small,llama_large,llama_small,sealed,0,0,,,no intervention,0,1,0,1,fic:15:side3|fic:15:target|fic:15:side1,fic:15:side3|fic:15:target|fic:15:side1,fic:15:side3,3,1,1,1,1,0,1,1,1,0,1,1,1,0,0,0,0,55,55,12,In what year was the Oryndel Capillary Torsion Gauge devised?,1924,1967,0.0,0.0,0
fic:15|fic:15:A=side3:85b4ba950062|B=fic:15:side1,fic:15,fic:15:A=side3:85b4ba950062,fic:15:side3,fic:15:side1,llama,llama_ll,1,large,large,llama_large,llama_large,sealed,0,0,,,no intervention,0,1,0,1,fic:15:side3|fic:15:target|fic:15:side1,fic:15:side3|fic:15:target|fic:15:side1,fic:15:side1,3,1,1,1,1,1,1,1,1,1,1,1,1,0,0,0,0,55,55,14,In what year was the Oryndel Capillary Torsion Gauge devised?,1924,1924,1.0,1.0,1
fic:15|fic:15:A=side3:85b4ba950062|B=fic:15:side1,fic:15,fic:15:A=side3:85b4ba950062,fic:15:side3,fic:15:side1,llama,llama_sl_sham,0,small,large,llama_small,llama_large,sham,0,1,fic:15:side4,fic:15:side5,replaced_with_length_nearest_non_support_card,1,1,0,1,fic:15:side3|fic:15:side5|fic:15:side2,fic:15:side3|fic:15:side4|fic:15:side2,fic:15:side2,3,1,1,0,0,0,1,0,0,0,1,1,1,0,0,0,0,42,46,16,In what year was the Oryndel Capillary Torsion Gauge devised?,1924,1925,0.0,0.0,0
fic:15|fic:15:A=side3:85b4ba950062|B=fic:15:side1,fic:15,fic:15:A=side3:85b4ba950062,fic:15:side3,fic:15:side1,llama,llama_sl_restore,0,small,large,llama_small,llama_large,restore,0,1,fic:15:side1,fic:15:side5,replaced_length_nearest_card,1,1,0,1,fic:15:side3|fic:15:side5|fic:15:side2,fic:15:side3|fic:15:side1|fic:15:side2,fic:15:side1,3,1,1,0,1,1,1,0,1,1,1,1,1,0,0,0,0,42,42,14,In what year was the Oryndel Capillary Torsion Gauge devised?,1924,1924,1.0,1.0,1
fic:15|fic:15:A=side3:85b4ba950062|B=fic:15:side1,fic:15,fic:15:A=side3:85b4ba950062,fic:15:side3,fic:15:side1,llama,llama_sl_reopen,0,small,large,llama_small,llama_large,reopen,1,0,,,no intervention,1,1,0,1,fic:15:side3|fic:15:side5|fic:15:side2,fic:15:target|fic:15:side5|fic:15:side3|fic:15:side1|fic:15:side4|fic:15:side2,fic:15:side1,3,1,1,0,1,1,1,0,1,1,1,1,1,0,0,0,0,42,103,14,In what year was the Oryndel Capillary Torsion Gauge devised?,1924,1924,1.0,1.0,1
fic:15|fic:15:A=side3:85b4ba950062|B=fic:15:side1,fic:15,fic:15:A=side3:85b4ba950062,fic:15:side3,fic:15:side1,qwen,qwen_ss,1,small,small,qwen_small,qwen_small,sealed,0,0,,,no intervention,0,1,0,1,fic:15:side3|fic:15:target|fic:15:side1,fic:15:side3|fic:15:target|fic:15:side1,fic:15:side1,3,1,1,1,1,1,1,1,1,1,1,1,1,0,0,0,0,55,55,14,In what year was the Oryndel Capillary Torsion Gauge devised?,1924,1924,1.0,1.0,1
fic:15|fic:15:A=side3:85b4ba950062|B=fic:15:side1,fic:15,fic:15:A=side3:85b4ba950062,fic:15:side3,fic:15:side1,qwen,qwen_sl,1,small,large,qwen_small,qwen_large,sealed,0,0,,,no intervention,0,1,0,1,fic:15:side3|fic:15:target|fic:15:side1,fic:15:side3|fic:15:target|fic:15:side1,fic:15:side1,3,1,1,1,1,1,1,1,1,1,1,1,1,0,0,0,0,55,55,14,In what year was the Oryndel Capillary Torsion Gauge devised?,1924,1924,1.0,1.0,1
fic:15|fic:15:A=side3:85b4ba950062|B=fic:15:side1,fic:15,fic:15:A=side3:85b4ba950062,fic:15:side3,fic:15:side1,qwen,qwen_ls,1,large,small,qwen_large,qwen_small,sealed,0,0,,,no intervention,0,1,0,1,fic:15:side3|fic:15:target|fic:15:side1,fic:15:side3|fic:15:target|fic:15:side1,fic:15:side1,3,1,1,1,1,1,1,1,1,1,1,1,1,0,0,0,0,55,55,14,In what year was the Oryndel Capillary Torsion Gauge devised?,1924,1924,1.0,1.0,1
fic:15|fic:15:A=side3:85b4ba950062|B=fic:15:side1,fic:15,fic:15:A=side3:85b4ba950062,fic:15:side3,fic:15:side1,qwen,qwen_ll,1,large,large,qwen_large,qwen_large,sealed,0,0,,,no intervention,0,1,0,1,fic:15:side3|fic:15:target|fic:15:side1,fic:15:side3|fic:15:target|fic:15:side1,fic:15:side1,3,1,1,1,1,1,1,1,1,1,1,1,1,0,0,0,0,55,55,14,In what year was the Oryndel Capillary Torsion Gauge devised?,1924,1924,1.0,1.0,1
fic:15|fic:15:A=side3:85b4ba950062|B=fic:15:side1,fic:15,fic:15:A=side3:85b4ba950062,fic:15:side3,fic:15:side1,qwen,qwen_sl_sham,0,small,large,qwen_small,qwen_large,sham,0,0,,,"restore was ineligible, so matched sham is a no-op",0,1,0,1,fic:15:side3|fic:15:target|fic:15:side1,fic:15:side3|fic:15:target|fic:15:side1,fic:15:side1,3,1,1,1,1,1,1,1,1,1,1,1,1,0,0,0,0,55,55,14,In what year was the Oryndel Capillary Torsion Gauge devised?,1924,1924,1.0,1.0,1
fic:15|fic:15:A=side3:85b4ba950062|B=fic:15:side1,fic:15,fic:15:A=side3:85b4ba950062,fic:15:side3,fic:15:side1,qwen,qwen_sl_restore,0,small,large,qwen_small,qwen_large,restore,0,0,,,support_already_present,0,1,0,1,fic:15:side3|fic:15:target|fic:15:side1,fic:15:side3|fic:15:target|fic:15:side1,fic:15:side1,3,1,1,1,1,1,1,1,1,1,1,1,1,0,0,0,0,55,55,14,In what year was the Oryndel Capillary Torsion Gauge devised?,1924,1924,1.0,1.0,1
fic:15|fic:15:A=side3:85b4ba950062|B=fic:15:side1,fic:15,fic:15:A=side3:85b4ba950062,fic:15:side3,fic:15:side1,qwen,qwen_sl_reopen,0,small,large,qwen_small,qwen_large,reopen,1,0,,,no intervention,0,1,0,1,fic:15:side3|fic:15:target|fic:15:side1,fic:15:target|fic:15:side5|fic:15:side3|fic:15:side1|fic:15:side4|fic:15:side2,fic:15:side1,3,1,1,1,1,1,1,1,1,1,1,1,1,0,0,0,0,55,103,14,In what year was the Oryndel Capillary Torsion Gauge devised?,1924,1924,1.0,1.0,1
fic:15|fic:15:A=side2:4b2c06564c83|B=fic:15:target,fic:15,fic:15:A=side2:4b2c06564c83,fic:15:side2,fic:15:target,llama,llama_ss,1,small,small,llama_small,llama_small,sealed,0,0,,,no intervention,0,1,0,1,fic:15:side5|fic:15:side2|fic:15:side3,fic:15:side5|fic:15:side2|fic:15:side3,fic:15:side3,3,1,1,0,0,0,1,1,1,0,1,1,1,0,0,0,0,42,42,12,Who devised the Oryndel Capillary Torsion Gauge?,Perev Jasroth|Jasroth,The material provided does not contain information about who devised the Oryndel Capillary Torsion Gauge,0.0,0.0,0
fic:15|fic:15:A=side2:4b2c06564c83|B=fic:15:target,fic:15,fic:15:A=side2:4b2c06564c83,fic:15:side2,fic:15:target,llama,llama_sl,1,small,large,llama_small,llama_large,sealed,0,0,,,no intervention,0,1,0,1,fic:15:side5|fic:15:side2|fic:15:side3,fic:15:side5|fic:15:side2|fic:15:side3,fic:15:side5,3,1,1,0,0,0,1,1,1,0,1,1,1,0,0,0,0,42,42,14,Who devised the Oryndel Capillary Torsion Gauge?,Perev Jasroth|Jasroth,The Rovaul Museum of Quiet Arts,0.0,0.0,0
fic:15|fic:15:A=side2:4b2c06564c83|B=fic:15:target,fic:15,fic:15:A=side2:4b2c06564c83,fic:15:side2,fic:15:target,llama,llama_ls,1,large,small,llama_large,llama_small,sealed,0,0,,,no intervention,0,1,0,1,fic:15:target|fic:15:side2|fic:15:side1,fic:15:target|fic:15:side2|fic:15:side1,fic:15:side1,3,1,1,1,1,0,1,1,1,0,1,1,1,0,0,0,0,59,59,14,Who devised the Oryndel Capillary Torsion Gauge?,Perev Jasroth|Jasroth,The Oryndel Capillary Torsion Gauge was devised in 1924,0.0,0.0,0
fic:15|fic:15:A=side2:4b2c06564c83|B=fic:15:target,fic:15,fic:15:A=side2:4b2c06564c83,fic:15:side2,fic:15:target,llama,llama_ll,1,large,large,llama_large,llama_large,sealed,0,0,,,no intervention,0,1,0,1,fic:15:target|fic:15:side2|fic:15:side1,fic:15:target|fic:15:side2|fic:15:side1,fic:15:target,3,1,1,1,1,1,1,1,1,1,1,1,1,0,0,0,0,59,59,29,Who devised the Oryndel Capillary Torsion Gauge?,Perev Jasroth|Jasroth,Perev Jasroth,1.0,1.0,1
fic:15|fic:15:A=side2:4b2c06564c83|B=fic:15:target,fic:15,fic:15:A=side2:4b2c06564c83,fic:15:side2,fic:15:target,llama,llama_sl_sham,0,small,large,llama_small,llama_large,sham,0,1,fic:15:side1,fic:15:side5,replaced_with_length_nearest_non_support_card,0,1,0,1,fic:15:side5|fic:15:side2|fic:15:side3,fic:15:side1|fic:15:side2|fic:15:side3,fic:15:side1,3,1,1,0,0,0,1,1,1,0,1,1,1,0,0,0,0,42,42,14,Who devised the Oryndel Capillary Torsion Gauge?,Perev Jasroth|Jasroth,The Oryndel Capillary Torsion Gauge was devised in 1924,0.0,0.0,0
fic:15|fic:15:A=side2:4b2c06564c83|B=fic:15:target,fic:15,fic:15:A=side2:4b2c06564c83,fic:15:side2,fic:15:target,llama,llama_sl_restore,0,small,large,llama_small,llama_large,restore,0,1,fic:15:target,fic:15:side5,replaced_length_nearest_card,0,1,0,1,fic:15:side5|fic:15:side2|fic:15:side3,fic:15:target|fic:15:side2|fic:15:side3,fic:15:target,3,1,1,0,1,1,1,1,1,1,1,1,1,0,0,0,0,42,57,29,Who devised the Oryndel Capillary Torsion Gauge?,Perev Jasroth|Jasroth,Perev Jasroth,1.0,1.0,1
fic:15|fic:15:A=side2:4b2c06564c83|B=fic:15:target,fic:15,fic:15:A=side2:4b2c06564c83,fic:15:side2,fic:15:target,llama,llama_sl_reopen,0,small,large,llama_small,llama_large,reopen,1,0,,,no intervention,0,1,0,1,fic:15:side5|fic:15:side2|fic:15:side3,fic:15:target|fic:15:side5|fic:15:side3|fic:15:side1|fic:15:side4|fic:15:side2,fic:15:side1,3,1,1,0,1,0,1,1,1,0,1,1,1,0,0,0,0,42,103,14,Who devised the Oryndel Capillary Torsion Gauge?,Perev Jasroth|Jasroth,The Oryndel Capillary Torsion Gauge was devised in 1924,0.0,0.0,0
fic:15|fic:15:A=side2:4b2c06564c83|B=fic:15:target,fic:15,fic:15:A=side2:4b2c06564c83,fic:15:side2,fic:15:target,qwen,qwen_ss,1,small,small,qwen_small,qwen_small,sealed,0,0,,,no intervention,0,1,0,1,fic:15:side2|fic:15:target|fic:15:side1,fic:15:side2|fic:15:target|fic:15:side1,fic:15:side1,3,1,1,1,1,0,1,1,1,0,1,1,1,0,0,0,0,59,59,14,Who devised the Oryndel Capillary Torsion Gauge?,Perev Jasroth|Jasroth,The Oryndel Capillary Torsion Gauge was devised in 1924,0.0,0.0,0
fic:15|fic:15:A=side2:4b2c06564c83|B=fic:15:target,fic:15,fic:15:A=side2:4b2c06564c83,fic:15:side2,fic:15:target,qwen,qwen_sl,1,small,large,qwen_small,qwen_large,sealed,0,0,,,no intervention,0,1,0,1,fic:15:side2|fic:15:target|fic:15:side1,fic:15:side2|fic:15:target|fic:15:side1,fic:15:target,3,1,1,1,1,1,1,1,1,1,1,1,1,0,0,0,0,59,59,29,Who devised the Oryndel Capillary Torsion Gauge?,Perev Jasroth|Jasroth,Perev Jasroth,1.0,1.0,1
fic:15|fic:15:A=side2:4b2c06564c83|B=fic:15:target,fic:15,fic:15:A=side2:4b2c06564c83,fic:15:side2,fic:15:target,qwen,qwen_ls,1,large,small,qwen_large,qwen_small,sealed,0,0,,,no intervention,0,1,0,1,fic:15:side2|fic:15:side1|fic:15:target,fic:15:side2|fic:15:side1|fic:15:target,fic:15:side1,3,1,1,1,1,0,1,1,1,0,1,1,1,0,0,0,0,59,59,14,Who devised the Oryndel Capillary Torsion Gauge?,Perev Jasroth|Jasroth,The Oryndel Capillary Torsion Gauge was devised in 1924,0.0,0.0,0
fic:15|fic:15:A=side2:4b2c06564c83|B=fic:15:target,fic:15,fic:15:A=side2:4b2c06564c83,fic:15:side2,fic:15:target,qwen,qwen_ll,1,large,large,qwen_large,qwen_large,sealed,0,0,,,no intervention,0,1,0,1,fic:15:side2|fic:15:side1|fic:15:target,fic:15:side2|fic:15:side1|fic:15:target,fic:15:target,3,1,1,1,1,1,1,1,1,1,1,1,1,0,0,0,0,59,59,29,Who devised the Oryndel Capillary Torsion Gauge?,Perev Jasroth|Jasroth,Perev Jasroth,1.0,1.0,1
fic:15|fic:15:A=side2:4b2c06564c83|B=fic:15:target,fic:15,fic:15:A=side2:4b2c06564c83,fic:15:side2,fic:15:target,qwen,qwen_sl_sham,0,small,large,qwen_small,qwen_large,sham,0,0,,,"restore was ineligible, so matched sham is a no-op",0,1,0,1,fic:15:side2|fic:15:target|fic:15:side1,fic:15:side2|fic:15:target|fic:15:side1,fic:15:target,3,1,1,1,1,1,1,1,1,1,1,1,1,0,0,0,0,59,59,29,Who devised the Oryndel Capillary Torsion Gauge?,Perev Jasroth|Jasroth,Perev Jasroth,1.0,1.0,1
fic:15|fic:15:A=side2:4b2c06564c83|B=fic:15:target,fic:15,fic:15:A=side2:4b2c06564c83,fic:15:side2,fic:15:target,qwen,qwen_sl_restore,0,small,large,qwen_small,qwen_large,restore,0,0,,,support_already_present,0,1,0,1,fic:15:side2|fic:15:target|fic:15:side1,fic:15:side2|fic:15:target|fic:15:side1,fic:15:target,3,1,1,1,1,1,1,1,1,1,1,1,1,0,0,0,0,59,59,29,Who devised the Oryndel Capillary Torsion Gauge?,Perev Jasroth|Jasroth,Perev Jasroth,1.0,1.0,1
fic:15|fic:15:A=side2:4b2c06564c83|B=fic:15:target,fic:15,fic:15:A=side2:4b2c06564c83,fic:15:side2,fic:15:target,qwen,qwen_sl_reopen,0,small,large,qwen_small,qwen_large,reopen,1,0,,,no intervention,0,1,0,1,fic:15:side2|fic:15:target|fic:15:side1,fic:15:target|fic:15:side5|fic:15:side3|fic:15:side1|fic:15:side4|fic:15:side2,fic:15:side1,3,1,1,1,1,0,1,1,1,0,1,1,1,0,0,0,0,59,103,14,Who devised the Oryndel Capillary Torsion Gauge?,Perev Jasroth|Jasroth,The Oryndel Capillary Torsion Gauge was devised in 1924,0.0,0.0,0
fic:15|fic:15:A=target:6d5453e9874b|B=fic:15:side5,fic:15,fic:15:A=target:6d5453e9874b,fic:15:target,fic:15:side5,llama,llama_ss,1,small,small,llama_small,llama_small,sealed,0,0,,,no intervention,0,1,0,1,fic:15:side1|fic:15:side5|fic:15:side2,fic:15:side1|fic:15:side5|fic:15:side2,fic:15:side5,3,1,0,1,1,1,1,1,1,1,1,1,1,0,0,0,0,44,44,14,Which museum holds serial 14?,Rovaul Museum of Quiet Arts,The Rovaul Museum of Quiet Arts,1.0,1.0,1
fic:15|fic:15:A=target:6d5453e9874b|B=fic:15:side5,fic:15,fic:15:A=target:6d5453e9874b,fic:15:target,fic:15:side5,llama,llama_sl,1,small,large,llama_small,llama_large,sealed,0,0,,,no intervention,0,1,0,1,fic:15:side1|fic:15:side5|fic:15:side2,fic:15:side1|fic:15:side5|fic:15:side2,fic:15:side5,3,1,0,1,1,1,1,1,1,1,1,1,1,0,0,0,0,44,44,14,Which museum holds serial 14?,Rovaul Museum of Quiet Arts,The Rovaul Museum of Quiet Arts,1.0,1.0,1
fic:15|fic:15:A=target:6d5453e9874b|B=fic:15:side5,fic:15,fic:15:A=target:6d5453e9874b,fic:15:target,fic:15:side5,llama,llama_ls,1,large,small,llama_large,llama_small,sealed,0,0,,,no intervention,1,1,0,1,fic:15:target|fic:15:side1|fic:15:side2,fic:15:target|fic:15:side1|fic:15:side2,fic:15:target,3,1,1,0,0,0,1,0,0,0,1,1,1,0,0,0,0,59,59,29,Which museum holds serial 14?,Rovaul Museum of Quiet Arts,Vasker Institute of Shore Chemistry,0.0,0.20000000000000004,0
fic:15|fic:15:A=target:6d5453e9874b|B=fic:15:side5,fic:15,fic:15:A=target:6d5453e9874b,fic:15:target,fic:15:side5,llama,llama_ll,1,large,large,llama_large,llama_large,sealed,0,0,,,no intervention,1,1,0,1,fic:15:target|fic:15:side1|fic:15:side2,fic:15:target|fic:15:side1|fic:15:side2,fic:15:target,3,1,1,0,0,0,1,0,0,0,1,1,1,0,0,0,0,59,59,29,Which museum holds serial 14?,Rovaul Museum of Quiet Arts,Vasker Institute of Shore Chemistry,0.0,0.20000000000000004,0
fic:15|fic:15:A=target:6d5453e9874b|B=fic:15:side5,fic:15,fic:15:A=target:6d5453e9874b,fic:15:target,fic:15:side5,llama,llama_sl_sham,0,small,large,llama_small,llama_large,sham,0,0,,,"restore was ineligible, so matched sham is a no-op",0,1,0,1,fic:15:side1|fic:15:side5|fic:15:side2,fic:15:side1|fic:15:side5|fic:15:side2,fic:15:side5,3,1,0,1,1,1,1,1,1,1,1,1,1,0,0,0,0,44,44,14,Which museum holds serial 14?,Rovaul Museum of Quiet Arts,The Rovaul Museum of Quiet Arts,1.0,1.0,1
fic:15|fic:15:A=target:6d5453e9874b|B=fic:15:side5,fic:15,fic:15:A=target:6d5453e9874b,fic:15:target,fic:15:side5,llama,llama_sl_restore,0,small,large,llama_small,llama_large,restore,0,0,,,support_already_present,0,1,0,1,fic:15:side1|fic:15:side5|fic:15:side2,fic:15:side1|fic:15:side5|fic:15:side2,fic:15:side5,3,1,0,1,1,1,1,1,1,1,1,1,1,0,0,0,0,44,44,14,Which museum holds serial 14?,Rovaul Museum of Quiet Arts,The Rovaul Museum of Quiet Arts,1.0,1.0,1
fic:15|fic:15:A=target:6d5453e9874b|B=fic:15:side5,fic:15,fic:15:A=target:6d5453e9874b,fic:15:target,fic:15:side5,llama,llama_sl_reopen,0,small,large,llama_small,llama_large,reopen,1,0,,,no intervention,0,1,0,1,fic:15:side1|fic:15:side5|fic:15:side2,fic:15:target|fic:15:side5|fic:15:side3|fic:15:side1|fic:15:side4|fic:15:side2,fic:15:side5,3,1,0,1,1,1,1,1,1,1,1,1,1,0,0,0,0,44,103,14,Which museum holds serial 14?,Rovaul Museum of Quiet Arts,The Rovaul Museum of Quiet Arts,1.0,1.0,1
fic:15|fic:15:A=target:6d5453e9874b|B=fic:15:side5,fic:15,fic:15:A=target:6d5453e9874b,fic:15:target,fic:15:side5,qwen,qwen_ss,1,small,small,qwen_small,qwen_small,sealed,0,0,,,no intervention,1,1,0,1,fic:15:target|fic:15:side1|fic:15:side2,fic:15:target|fic:15:side1|fic:15:side2,fic:15:side2,3,1,1,0,0,0,1,0,0,0,1,1,1,0,0,0,0,59,59,16,Which museum holds serial 14?,Rovaul Museum of Quiet Arts,Jasroth’s notebooks,0.0,0.0,0
fic:15|fic:15:A=target:6d5453e9874b|B=fic:15:side5,fic:15,fic:15:A=target:6d5453e9874b,fic:15:target,fic:15:side5,qwen,qwen_sl,1,small,large,qwen_small,qwen_large,sealed,0,0,,,no intervention,1,1,0,1,fic:15:target|fic:15:side1|fic:15:side2,fic:15:target|fic:15:side1|fic:15:side2,fic:15:side2,3,1,1,0,0,0,1,0,0,0,1,1,1,0,0,0,0,59,59,16,Which museum holds serial 14?,Rovaul Museum of Quiet Arts,Jasroth’s notebooks,0.0,0.0,0
fic:15|fic:15:A=target:6d5453e9874b|B=fic:15:side5,fic:15,fic:15:A=target:6d5453e9874b,fic:15:target,fic:15:side5,qwen,qwen_ls,1,large,small,qwen_large,qwen_small,sealed,0,0,,,no intervention,1,1,0,1,fic:15:target|fic:15:side1|fic:15:side2,fic:15:target|fic:15:side1|fic:15:side2,fic:15:side2,3,1,1,0,0,0,1,0,0,0,1,1,1,0,0,0,0,59,59,16,Which museum holds serial 14?,Rovaul Museum of Quiet Arts,Jasroth’s notebooks,0.0,0.0,0
fic:15|fic:15:A=target:6d5453e9874b|B=fic:15:side5,fic:15,fic:15:A=target:6d5453e9874b,fic:15:target,fic:15:side5,qwen,qwen_ll,1,large,large,qwen_large,qwen_large,sealed,0,0,,,no intervention,1,1,0,1,fic:15:target|fic:15:side1|fic:15:side2,fic:15:target|fic:15:side1|fic:15:side2,fic:15:side2,3,1,1,0,0,0,1,0,0,0,1,1,1,0,0,0,0,59,59,16,Which museum holds serial 14?,Rovaul Museum of Quiet Arts,Jasroth’s notebooks,0.0,0.0,0
fic:15|fic:15:A=target:6d5453e9874b|B=fic:15:side5,fic:15,fic:15:A=target:6d5453e9874b,fic:15:target,fic:15:side5,qwen,qwen_sl_sham,0,small,large,qwen_small,qwen_large,sham,0,1,fic:15:side3,fic:15:side1,replaced_with_length_nearest_non_support_card,1,1,0,1,fic:15:target|fic:15:side1|fic:15:side2,fic:15:target|fic:15:side3|fic:15:side2,fic:15:target,3,1,1,0,0,0,1,0,0,0,1,1,1,0,0,0,0,59,57,29,Which museum holds serial 14?,Rovaul Museum of Quiet Arts,Vasker Institute of Shore Chemistry,0.0,0.20000000000000004,0
fic:15|fic:15:A=target:6d5453e9874b|B=fic:15:side5,fic:15,fic:15:A=target:6d5453e9874b,fic:15:target,fic:15:side5,qwen,qwen_sl_restore,0,small,large,qwen_small,qwen_large,restore,0,1,fic:15:side5,fic:15:side1,replaced_length_nearest_card,1,1,0,1,fic:15:target|fic:15:side1|fic:15:side2,fic:15:target|fic:15:side5|fic:15:side2,fic:15:side5,3,1,1,0,1,1,1,0,1,1,1,1,1,0,0,0,0,59,59,14,Which museum holds serial 14?,Rovaul Museum of Quiet Arts,The Rovaul Museum of Quiet Arts,1.0,1.0,1
fic:15|fic:15:A=target:6d5453e9874b|B=fic:15:side5,fic:15,fic:15:A=target:6d5453e9874b,fic:15:target,fic:15:side5,qwen,qwen_sl_reopen,0,small,large,qwen_small,qwen_large,reopen,1,0,,,no intervention,1,1,0,1,fic:15:target|fic:15:side1|fic:15:side2,fic:15:target|fic:15:side5|fic:15:side3|fic:15:side1|fic:15:side4|fic:15:side2,fic:15:side5,3,1,1,0,1,1,1,0,1,1,1,1,1,0,0,0,0,59,103,14,Which museum holds serial 14?,Rovaul Museum of Quiet Arts,The Rovaul Museum of Quiet Arts,1.0,1.0,1
fic:16|fic:16:A=target:73dd159f9e1c|B=fic:16:side1,fic:16,fic:16:A=target:73dd159f9e1c,fic:16:target,fic:16:side1,llama,llama_ss,1,small,small,llama_small,llama_small,sealed,0,0,,,no intervention,1,1,0,1,fic:16:side2|fic:16:side5|fic:16:target,fic:16:side2|fic:16:side5|fic:16:target,fic:16:side5,3,1,1,0,0,0,1,0,0,0,1,1,1,0,0,0,0,75,75,19,On what date does Sable-Ribbon Night take place?,Ashwane 9,Unknown,0.0,0.0,0
fic:16|fic:16:A=target:73dd159f9e1c|B=fic:16:side1,fic:16,fic:16:A=target:73dd159f9e1c,fic:16:target,fic:16:side1,llama,llama_sl,1,small,large,llama_small,llama_large,sealed,0,0,,,no intervention,1,1,0,1,fic:16:side2|fic:16:side5|fic:16:target,fic:16:side2|fic:16:side5|fic:16:target,fic:16:target,3,1,1,0,0,0,1,0,0,0,1,1,1,0,0,0,0,75,75,38,On what date does Sable-Ribbon Night take place?,Ashwane 9,618 R.C,0.0,0.0,0
fic:16|fic:16:A=target:73dd159f9e1c|B=fic:16:side1,fic:16,fic:16:A=target:73dd159f9e1c,fic:16:target,fic:16:side1,llama,llama_ls,1,large,small,llama_large,llama_small,sealed,0,0,,,no intervention,0,1,0,1,fic:16:side1|fic:16:target|fic:16:side5,fic:16:side1|fic:16:target|fic:16:side5,fic:16:side5,3,1,1,1,1,0,1,1,1,0,1,1,1,0,0,0,0,73,73,19,On what date does Sable-Ribbon Night take place?,Ashwane 9,Unknown,0.0,0.0,0
fic:16|fic:16:A=target:73dd159f9e1c|B=fic:16:side1,fic:16,fic:16:A=target:73dd159f9e1c,fic:16:target,fic:16:side1,llama,llama_ll,1,large,large,llama_large,llama_large,sealed,0,0,,,no intervention,0,1,0,1,fic:16:side1|fic:16:target|fic:16:side5,fic:16:side1|fic:16:target|fic:16:side5,fic:16:side1,3,1,1,1,1,1,1,1,1,1,1,1,1,0,0,0,0,73,73,16,On what date does Sable-Ribbon Night take place?,Ashwane 9,Ashwane 9,1.0,1.0,1
fic:16|fic:16:A=target:73dd159f9e1c|B=fic:16:side1,fic:16,fic:16:A=target:73dd159f9e1c,fic:16:target,fic:16:side1,llama,llama_sl_sham,0,small,large,llama_small,llama_large,sham,0,1,fic:16:side3,fic:16:side2,replaced_with_length_nearest_non_support_card,1,1,0,1,fic:16:side2|fic:16:side5|fic:16:target,fic:16:side3|fic:16:side5|fic:16:target,fic:16:target,3,1,1,0,0,0,1,0,0,0,1,1,1,0,0,0,0,75,77,38,On what date does Sable-Ribbon Night take place?,Ashwane 9,618 R.C,0.0,0.0,0
fic:16|fic:16:A=target:73dd159f9e1c|B=fic:16:side1,fic:16,fic:16:A=target:73dd159f9e1c,fic:16:target,fic:16:side1,llama,llama_sl_restore,0,small,large,llama_small,llama_large,restore,0,1,fic:16:side1,fic:16:side2,replaced_length_nearest_card,1,1,0,1,fic:16:side2|fic:16:side5|fic:16:target,fic:16:side1|fic:16:side5|fic:16:target,fic:16:side1,3,1,1,0,1,1,1,0,1,1,1,1,1,0,0,0,0,75,73,16,On what date does Sable-Ribbon Night take place?,Ashwane 9,Ashwane 9,1.0,1.0,1
fic:16|fic:16:A=target:73dd159f9e1c|B=fic:16:side1,fic:16,fic:16:A=target:73dd159f9e1c,fic:16:target,fic:16:side1,llama,llama_sl_reopen,0,small,large,llama_small,llama_large,reopen,1,0,,,no intervention,1,1,0,1,fic:16:side2|fic:16:side5|fic:16:target,fic:16:side1|fic:16:side2|fic:16:side5|fic:16:side3|fic:16:side4|fic:16:target,fic:16:side1,3,1,1,0,1,1,1,0,1,1,1,1,1,0,0,0,0,75,125,16,On what date does Sable-Ribbon Night take place?,Ashwane 9,Ashwane 9,1.0,1.0,1
fic:16|fic:16:A=target:73dd159f9e1c|B=fic:16:side1,fic:16,fic:16:A=target:73dd159f9e1c,fic:16:target,fic:16:side1,qwen,qwen_ss,1,small,small,qwen_small,qwen_small,sealed,0,0,,,no intervention,0,1,0,1,fic:16:target|fic:16:side1|fic:16:side5,fic:16:target|fic:16:side1|fic:16:side5,fic:16:side1,3,1,1,1,1,1,1,1,1,1,1,1,1,0,0,0,0,73,73,16,On what date does Sable-Ribbon Night take place?,Ashwane 9,Ashwane 9,1.0,1.0,1
fic:16|fic:16:A=target:73dd159f9e1c|B=fic:16:side1,fic:16,fic:16:A=target:73dd159f9e1c,fic:16:target,fic:16:side1,qwen,qwen_sl,1,small,large,qwen_small,qwen_large,sealed,0,0,,,no intervention,0,1,0,1,fic:16:target|fic:16:side1|fic:16:side5,fic:16:target|fic:16:side1|fic:16:side5,fic:16:side1,3,1,1,1,1,1,1,1,1,1,1,1,1,0,0,0,0,73,73,16,On what date does Sable-Ribbon Night take place?,Ashwane 9,Ashwane 9,1.0,1.0,1
fic:16|fic:16:A=target:73dd159f9e1c|B=fic:16:side1,fic:16,fic:16:A=target:73dd159f9e1c,fic:16:target,fic:16:side1,qwen,qwen_ls,1,large,small,qwen_large,qwen_small,sealed,0,0,,,no intervention,0,1,0,1,fic:16:target|fic:16:side1|fic:16:side5,fic:16:target|fic:16:side1|fic:16:side5,fic:16:side1,3,1,1,1,1,1,1,1,1,1,1,1,1,0,0,0,0,73,73,16,On what date does Sable-Ribbon Night take place?,Ashwane 9,Ashwane 9,1.0,1.0,1
fic:16|fic:16:A=target:73dd159f9e1c|B=fic:16:side1,fic:16,fic:16:A=target:73dd159f9e1c,fic:16:target,fic:16:side1,qwen,qwen_ll,1,large,large,qwen_large,qwen_large,sealed,0,0,,,no intervention,0,1,0,1,fic:16:target|fic:16:side1|fic:16:side5,fic:16:target|fic:16:side1|fic:16:side5,fic:16:side1,3,1,1,1,1,1,1,1,1,1,1,1,1,0,0,0,0,73,73,16,On what date does Sable-Ribbon Night take place?,Ashwane 9,Ashwane 9,1.0,1.0,1
fic:16|fic:16:A=target:73dd159f9e1c|B=fic:16:side1,fic:16,fic:16:A=target:73dd159f9e1c,fic:16:target,fic:16:side1,qwen,qwen_sl_sham,0,small,large,qwen_small,qwen_large,sham,0,0,,,"restore was ineligible, so matched sham is a no-op",0,1,0,1,fic:16:target|fic:16:side1|fic:16:side5,fic:16:target|fic:16:side1|fic:16:side5,fic:16:side1,3,1,1,1,1,1,1,1,1,1,1,1,1,0,0,0,0,73,73,16,On what date does Sable-Ribbon Night take place?,Ashwane 9,Ashwane 9,1.0,1.0,1
fic:16|fic:16:A=target:73dd159f9e1c|B=fic:16:side1,fic:16,fic:16:A=target:73dd159f9e1c,fic:16:target,fic:16:side1,qwen,qwen_sl_restore,0,small,large,qwen_small,qwen_large,restore,0,0,,,support_already_present,0,1,0,1,fic:16:target|fic:16:side1|fic:16:side5,fic:16:target|fic:16:side1|fic:16:side5,fic:16:side1,3,1,1,1,1,1,1,1,1,1,1,1,1,0,0,0,0,73,73,16,On what date does Sable-Ribbon Night take place?,Ashwane 9,Ashwane 9,1.0,1.0,1
fic:16|fic:16:A=target:73dd159f9e1c|B=fic:16:side1,fic:16,fic:16:A=target:73dd159f9e1c,fic:16:target,fic:16:side1,qwen,qwen_sl_reopen,0,small,large,qwen_small,qwen_large,reopen,1,0,,,no intervention,0,1,0,1,fic:16:target|fic:16:side1|fic:16:side5,fic:16:side1|fic:16:side2|fic:16:side5|fic:16:side3|fic:16:side4|fic:16:target,fic:16:side1,3,1,1,1,1,1,1,1,1,1,1,1,1,0,0,0,0,73,125,16,On what date does Sable-Ribbon Night take place?,Ashwane 9,Ashwane 9,1.0,1.0,1
fic:16|fic:16:A=side3:5470a300a9b7|B=fic:16:side4,fic:16,fic:16:A=side3:5470a300a9b7,fic:16:side3,fic:16:side4,llama,llama_ss,1,small,small,llama_small,llama_small,sealed,0,0,,,no intervention,1,1,0,1,fic:16:side3|fic:16:side2|fic:16:target,fic:16:side3|fic:16:side2|fic:16:target,fic:16:side2,3,1,1,0,0,0,1,0,0,0,1,1,1,0,0,0,0,76,76,18,To what length is each sable ribbon traditionally cut?,27 handspans,144 inches,0.0,0.0,0
fic:16|fic:16:A=side3:5470a300a9b7|B=fic:16:side4,fic:16,fic:16:A=side3:5470a300a9b7,fic:16:side3,fic:16:side4,llama,llama_sl,1,small,large,llama_small,llama_large,sealed,0,0,,,no intervention,1,1,0,1,fic:16:side3|fic:16:side2|fic:16:target,fic:16:side3|fic:16:side2|fic:16:target,fic:16:side2,3,1,1,0,0,0,1,0,0,0,1,1,1,0,0,0,0,76,76,18,To what length is each sable ribbon traditionally cut?,27 handspans,144 inches,0.0,0.0,0
fic:16|fic:16:A=side3:5470a300a9b7|B=fic:16:side4,fic:16,fic:16:A=side3:5470a300a9b7,fic:16:side3,fic:16:side4,llama,llama_ls,1,large,small,llama_large,llama_small,sealed,0,0,,,no intervention,1,1,0,1,fic:16:side3|fic:16:side1|fic:16:side5,fic:16:side3|fic:16:side1|fic:16:side5,fic:16:side5,3,1,1,0,0,0,1,0,0,0,1,1,1,0,0,0,0,55,55,19,To what length is each sable ribbon traditionally cut?,27 handspans,The material does not provide the answer,0.0,0.0,0
fic:16|fic:16:A=side3:5470a300a9b7|B=fic:16:side4,fic:16,fic:16:A=side3:5470a300a9b7,fic:16:side3,fic:16:side4,llama,llama_ll,1,large,large,llama_large,llama_large,sealed,0,0,,,no intervention,1,1,0,1,fic:16:side3|fic:16:side1|fic:16:side5,fic:16:side3|fic:16:side1|fic:16:side5,fic:16:side1,3,1,1,0,0,0,1,0,0,0,1,1,1,0,0,0,0,55,55,16,To what length is each sable ribbon traditionally cut?,27 handspans,The material does not specify the length of the sable ribbons,0.0,0.0,0
fic:16|fic:16:A=side3:5470a300a9b7|B=fic:16:side4,fic:16,fic:16:A=side3:5470a300a9b7,fic:16:side3,fic:16:side4,llama,llama_sl_sham,0,small,large,llama_small,llama_large,sham,0,1,fic:16:side5,fic:16:side2,replaced_with_length_nearest_non_support_card,1,1,0,1,fic:16:side3|fic:16:side2|fic:16:target,fic:16:side3|fic:16:side5|fic:16:target,fic:16:side5,3,1,1,0,0,0,1,0,0,0,1,1,1,0,0,0,0,76,77,19,To what length is each sable ribbon traditionally cut?,27 handspans,The material does not provide the answer,0.0,0.0,0
fic:16|fic:16:A=side3:5470a300a9b7|B=fic:16:side4,fic:16,fic:16:A=side3:5470a300a9b7,fic:16:side3,fic:16:side4,llama,llama_sl_restore,0,small,large,llama_small,llama_large,restore,0,1,fic:16:side4,fic:16:side2,replaced_length_nearest_card,1,1,0,1,fic:16:side3|fic:16:side2|fic:16:target,fic:16:side3|fic:16:side4|fic:16:target,fic:16:side4,3,1,1,0,1,1,1,0,1,1,1,1,1,0,0,0,0,76,72,14,To what length is each sable ribbon traditionally cut?,27 handspans,27 handspans,1.0,1.0,1
fic:16|fic:16:A=side3:5470a300a9b7|B=fic:16:side4,fic:16,fic:16:A=side3:5470a300a9b7,fic:16:side3,fic:16:side4,llama,llama_sl_reopen,0,small,large,llama_small,llama_large,reopen,1,0,,,no intervention,1,1,0,1,fic:16:side3|fic:16:side2|fic:16:target,fic:16:side1|fic:16:side2|fic:16:side5|fic:16:side3|fic:16:side4|fic:16:target,fic:16:side4,3,1,1,0,1,1,1,0,1,1,1,1,1,0,0,0,0,76,125,14,To what length is each sable ribbon traditionally cut?,27 handspans,27 handspans,1.0,1.0,1
fic:16|fic:16:A=side3:5470a300a9b7|B=fic:16:side4,fic:16,fic:16:A=side3:5470a300a9b7,fic:16:side3,fic:16:side4,qwen,qwen_ss,1,small,small,qwen_small,qwen_small,sealed,0,0,,,no intervention,1,1,0,1,fic:16:side3|fic:16:side1|fic:16:side2,fic:16:side3|fic:16:side1|fic:16:side2,,3,0,1,0,0,0,1,0,0,0,1,0,0,0,0,0,0,54,54,3,To what length is each sable ribbon traditionally cut?,27 handspans,,0.0,0.0,0
fic:16|fic:16:A=side3:5470a300a9b7|B=fic:16:side4,fic:16,fic:16:A=side3:5470a300a9b7,fic:16:side3,fic:16:side4,qwen,qwen_sl,1,small,large,qwen_small,qwen_large,sealed,0,0,,,no intervention,1,1,0,1,fic:16:side3|fic:16:side1|fic:16:side2,fic:16:side3|fic:16:side1|fic:16:side2,fic:16:side1,3,1,1,0,0,0,1,0,0,0,1,1,1,0,0,0,0,54,54,16,To what length is each sable ribbon traditionally cut?,27 handspans,The material does not specify the length of the sable ribbons,0.0,0.0,0
fic:16|fic:16:A=side3:5470a300a9b7|B=fic:16:side4,fic:16,fic:16:A=side3:5470a300a9b7,fic:16:side3,fic:16:side4,qwen,qwen_ls,1,large,small,qwen_large,qwen_small,sealed,0,0,,,no intervention,1,1,0,1,fic:16:side3|fic:16:side2|fic:16:side5,fic:16:side3|fic:16:side2|fic:16:side5,fic:16:side2,3,1,1,0,0,0,1,0,0,0,1,1,1,0,0,0,0,57,57,18,To what length is each sable ribbon traditionally cut?,27 handspans,144 inches,0.0,0.0,0
fic:16|fic:16:A=side3:5470a300a9b7|B=fic:16:side4,fic:16,fic:16:A=side3:5470a300a9b7,fic:16:side3,fic:16:side4,qwen,qwen_ll,1,large,large,qwen_large,qwen_large,sealed,0,0,,,no intervention,1,1,0,1,fic:16:side3|fic:16:side2|fic:16:side5,fic:16:side3|fic:16:side2|fic:16:side5,fic:16:side5,3,1,1,0,0,0,1,0,0,0,1,1,1,0,0,0,0,57,57,19,To what length is each sable ribbon traditionally cut?,27 handspans,The material does not provide the answer,0.0,0.0,0
fic:16|fic:16:A=side3:5470a300a9b7|B=fic:16:side4,fic:16,fic:16:A=side3:5470a300a9b7,fic:16:side3,fic:16:side4,qwen,qwen_sl_sham,0,small,large,qwen_small,qwen_large,sham,0,1,fic:16:side5,fic:16:side1,replaced_with_length_nearest_non_support_card,1,1,0,1,fic:16:side3|fic:16:side1|fic:16:side2,fic:16:side3|fic:16:side5|fic:16:side2,fic:16:side5,3,1,1,0,0,0,1,0,0,0,1,1,1,0,0,0,0,54,57,19,To what length is each sable ribbon traditionally cut?,27 handspans,The material does not provide the answer,0.0,0.0,0
fic:16|fic:16:A=side3:5470a300a9b7|B=fic:16:side4,fic:16,fic:16:A=side3:5470a300a9b7,fic:16:side3,fic:16:side4,qwen,qwen_sl_restore,0,small,large,qwen_small,qwen_large,restore,0,1,fic:16:side4,fic:16:side1,replaced_length_nearest_card,1,1,0,1,fic:16:side3|fic:16:side1|fic:16:side2,fic:16:side3|fic:16:side4|fic:16:side2,fic:16:side4,3,1,1,0,1,1,1,0,1,1,1,1,1,0,0,0,0,54,52,14,To what length is each sable ribbon traditionally cut?,27 handspans,27 handspans,1.0,1.0,1
fic:16|fic:16:A=side3:5470a300a9b7|B=fic:16:side4,fic:16,fic:16:A=side3:5470a300a9b7,fic:16:side3,fic:16:side4,qwen,qwen_sl_reopen,0,small,large,qwen_small,qwen_large,reopen,1,0,,,no intervention,1,1,0,1,fic:16:side3|fic:16:side1|fic:16:side2,fic:16:side1|fic:16:side2|fic:16:side5|fic:16:side3|fic:16:side4|fic:16:target,fic:16:side4,3,1,1,0,1,1,1,0,1,1,1,1,1,0,0,0,0,54,125,14,To what length is each sable ribbon traditionally cut?,27 handspans,27 handspans,1.0,1.0,1
fic:16|fic:16:A=side4:e83f0fa94387|B=fic:16:target,fic:16,fic:16:A=side4:e83f0fa94387,fic:16:side4,fic:16:target,llama,llama_ss,1,small,small,llama_small,llama_small,sealed,0,0,,,no intervention,1,1,0,1,fic:16:side4|fic:16:side2|fic:16:side5,fic:16:side4|fic:16:side2|fic:16:side5,fic:16:side5,3,1,1,0,0,0,1,0,0,0,1,1,1,0,0,0,0,51,51,19,Who founded Sable-Ribbon Night?,Tavren Malk,Ribbon Committee,0.0,0.0,0
fic:16|fic:16:A=side4:e83f0fa94387|B=fic:16:target,fic:16,fic:16:A=side4:e83f0fa94387,fic:16:side4,fic:16:target,llama,llama_sl,1,small,large,llama_small,llama_large,sealed,0,0,,,no intervention,1,1,0,1,fic:16:side4|fic:16:side2|fic:16:side5,fic:16:side4|fic:16:side2|fic:16:side5,fic:16:side5,3,1,1,0,0,0,1,0,0,0,1,1,1,0,0,0,0,51,51,19,Who founded Sable-Ribbon Night?,Tavren Malk,Ribbon Committee,0.0,0.0,0
fic:16|fic:16:A=side4:e83f0fa94387|B=fic:16:target,fic:16,fic:16:A=side4:e83f0fa94387,fic:16:side4,fic:16:target,llama,llama_ls,1,large,small,llama_large,llama_small,sealed,0,0,,,no intervention,1,1,0,1,fic:16:side4|fic:16:side1|fic:16:side5,fic:16:side4|fic:16:side1|fic:16:side5,fic:16:side5,3,1,1,0,0,0,1,0,0,0,1,1,1,0,0,0,0,49,49,19,Who founded Sable-Ribbon Night?,Tavren Malk,Ribbon Committee,0.0,0.0,0
fic:16|fic:16:A=side4:e83f0fa94387|B=fic:16:target,fic:16,fic:16:A=side4:e83f0fa94387,fic:16:side4,fic:16:target,llama,llama_ll,1,large,large,llama_large,llama_large,sealed,0,0,,,no intervention,1,1,0,1,fic:16:side4|fic:16:side1|fic:16:side5,fic:16:side4|fic:16:side1|fic:16:side5,fic:16:side1,3,1,1,0,0,0,1,0,0,0,1,1,1,0,0,0,0,49,49,16,Who founded Sable-Ribbon Night?,Tavren Malk,Unknown,0.0,0.0,0
fic:16|fic:16:A=side4:e83f0fa94387|B=fic:16:target,fic:16,fic:16:A=side4:e83f0fa94387,fic:16:side4,fic:16:target,llama,llama_sl_sham,0,small,large,llama_small,llama_large,sham,0,1,fic:16:side3,fic:16:side5,replaced_with_length_nearest_non_support_card,1,1,0,1,fic:16:side4|fic:16:side2|fic:16:side5,fic:16:side4|fic:16:side2|fic:16:side3,fic:16:side4,3,1,1,0,0,0,1,0,0,0,1,1,1,0,0,0,0,51,52,14,Who founded Sable-Ribbon Night?,Tavren Malk,Unknown,0.0,0.0,0
fic:16|fic:16:A=side4:e83f0fa94387|B=fic:16:target,fic:16,fic:16:A=side4:e83f0fa94387,fic:16:side4,fic:16:target,llama,llama_sl_restore,0,small,large,llama_small,llama_large,restore,0,1,fic:16:target,fic:16:side5,replaced_length_nearest_card,1,1,0,1,fic:16:side4|fic:16:side2|fic:16:side5,fic:16:side4|fic:16:side2|fic:16:target,fic:16:target,3,1,1,0,1,1,1,0,1,1,1,1,1,0,0,0,0,51,70,38,Who founded Sable-Ribbon Night?,Tavren Malk,Tavren Malk,1.0,1.0,1
fic:16|fic:16:A=side4:e83f0fa94387|B=fic:16:target,fic:16,fic:16:A=side4:e83f0fa94387,fic:16:side4,fic:16:target,llama,llama_sl_reopen,0,small,large,llama_small,llama_large,reopen,1,0,,,no intervention,1,1,0,1,fic:16:side4|fic:16:side2|fic:16:side5,fic:16:side1|fic:16:side2|fic:16:side5|fic:16:side3|fic:16:side4|fic:16:target,fic:16:target,3,1,1,0,1,1,1,0,1,1,1,1,1,0,0,0,0,51,125,38,Who founded Sable-Ribbon Night?,Tavren Malk,Tavren Malk,1.0,1.0,1
fic:16|fic:16:A=side4:e83f0fa94387|B=fic:16:target,fic:16,fic:16:A=side4:e83f0fa94387,fic:16:side4,fic:16:target,qwen,qwen_ss,1,small,small,qwen_small,qwen_small,sealed,0,0,,,no intervention,0,1,0,1,fic:16:side4|fic:16:side1|fic:16:target,fic:16:side4|fic:16:side1|fic:16:target,fic:16:target,3,1,1,1,1,1,1,1,1,1,1,1,1,0,0,0,0,68,68,38,Who founded Sable-Ribbon Night?,Tavren Malk,Tavren Malk,1.0,1.0,1
fic:16|fic:16:A=side4:e83f0fa94387|B=fic:16:target,fic:16,fic:16:A=side4:e83f0fa94387,fic:16:side4,fic:16:target,qwen,qwen_sl,1,small,large,qwen_small,qwen_large,sealed,0,0,,,no intervention,0,1,0,1,fic:16:side4|fic:16:side1|fic:16:target,fic:16:side4|fic:16:side1|fic:16:target,fic:16:target,3,1,1,1,1,1,1,1,1,1,1,1,1,0,0,0,0,68,68,38,Who founded Sable-Ribbon Night?,Tavren Malk,Tavren Malk,1.0,1.0,1
fic:16|fic:16:A=side4:e83f0fa94387|B=fic:16:target,fic:16,fic:16:A=side4:e83f0fa94387,fic:16:side4,fic:16:target,qwen,qwen_ls,1,large,small,qwen_large,qwen_small,sealed,0,0,,,no intervention,1,1,0,1,fic:16:side4|fic:16:side1|fic:16:side5,fic:16:side4|fic:16:side1|fic:16:side5,fic:16:side1,3,1,1,0,0,0,1,0,0,0,1,1,1,0,0,0,0,49,49,16,Who founded Sable-Ribbon Night?,Tavren Malk,Unknown,0.0,0.0,0
fic:16|fic:16:A=side4:e83f0fa94387|B=fic:16:target,fic:16,fic:16:A=side4:e83f0fa94387,fic:16:side4,fic:16:target,qwen,qwen_ll,1,large,large,qwen_large,qwen_large,sealed,0,0,,,no intervention,1,1,0,1,fic:16:side4|fic:16:side1|fic:16:side5,fic:16:side4|fic:16:side1|fic:16:side5,fic:16:side1,3,1,1,0,0,0,1,0,0,0,1,1,1,0,0,0,0,49,49,16,Who founded Sable-Ribbon Night?,Tavren Malk,Unknown,0.0,0.0,0
fic:16|fic:16:A=side4:e83f0fa94387|B=fic:16:target,fic:16,fic:16:A=side4:e83f0fa94387,fic:16:side4,fic:16:target,qwen,qwen_sl_sham,0,small,large,qwen_small,qwen_large,sham,0,0,,,"restore was ineligible, so matched sham is a no-op",0,1,0,1,fic:16:side4|fic:16:side1|fic:16:target,fic:16:side4|fic:16:side1|fic:16:target,fic:16:target,3,1,1,1,1,1,1,1,1,1,1,1,1,0,0,0,0,68,68,38,Who founded Sable-Ribbon Night?,Tavren Malk,Tavren Malk,1.0,1.0,1
fic:16|fic:16:A=side4:e83f0fa94387|B=fic:16:target,fic:16,fic:16:A=side4:e83f0fa94387,fic:16:side4,fic:16:target,qwen,qwen_sl_restore,0,small,large,qwen_small,qwen_large,restore,0,0,,,support_already_present,0,1,0,1,fic:16:side4|fic:16:side1|fic:16:target,fic:16:side4|fic:16:side1|fic:16:target,fic:16:target,3,1,1,1,1,1,1,1,1,1,1,1,1,0,0,0,0,68,68,38,Who founded Sable-Ribbon Night?,Tavren Malk,Tavren Malk,1.0,1.0,1
fic:16|fic:16:A=side4:e83f0fa94387|B=fic:16:target,fic:16,fic:16:A=side4:e83f0fa94387,fic:16:side4,fic:16:target,qwen,qwen_sl_reopen,0,small,large,qwen_small,qwen_large,reopen,1,0,,,no intervention,0,1,0,1,fic:16:side4|fic:16:side1|fic:16:target,fic:16:side1|fic:16:side2|fic:16:side5|fic:16:side3|fic:16:side4|fic:16:target,fic:16:target,3,1,1,1,1,1,1,1,1,1,1,1,1,0,0,0,0,68,125,38,Who founded Sable-Ribbon Night?,Tavren Malk,Tavren Malk,1.0,1.0,1
fic:16|fic:16:A=side2:1424872ad215|B=fic:16:side5,fic:16,fic:16:A=side2:1424872ad215,fic:16:side2,fic:16:side5,llama,llama_ss,1,small,small,llama_small,llama_small,sealed,0,0,,,no intervention,1,1,0,1,fic:16:side2|fic:16:side3|fic:16:side4,fic:16:side2|fic:16:side3|fic:16:side4,fic:16:side2,3,1,1,0,0,0,1,0,0,0,1,1,1,0,0,0,0,52,52,18,How many residents are in the Ribbon Committee?,nine residents,144,0.0,0.0,0
fic:16|fic:16:A=side2:1424872ad215|B=fic:16:side5,fic:16,fic:16:A=side2:1424872ad215,fic:16:side2,fic:16:side5,llama,llama_sl,1,small,large,llama_small,llama_large,sealed,0,0,,,no intervention,1,1,0,1,fic:16:side2|fic:16:side3|fic:16:side4,fic:16:side2|fic:16:side3|fic:16:side4,fic:16:side4,3,1,1,0,0,0,1,0,0,0,1,1,1,0,0,0,0,52,52,14,How many residents are in the Ribbon Committee?,nine residents,Insufficient material,0.0,0.0,0
fic:16|fic:16:A=side2:1424872ad215|B=fic:16:side5,fic:16,fic:16:A=side2:1424872ad215,fic:16:side2,fic:16:side5,llama,llama_ls,1,large,small,llama_large,llama_small,sealed,0,0,,,no intervention,1,1,0,1,fic:16:side2|fic:16:side1|fic:16:target,fic:16:side2|fic:16:side1|fic:16:target,fic:16:side1,3,1,1,0,0,0,1,0,0,0,1,1,1,0,0,0,0,72,72,16,How many residents are in the Ribbon Committee?,nine residents,Insufficient material,0.0,0.0,0
fic:16|fic:16:A=side2:1424872ad215|B=fic:16:side5,fic:16,fic:16:A=side2:1424872ad215,fic:16:side2,fic:16:side5,llama,llama_ll,1,large,large,llama_large,llama_large,sealed,0,0,,,no intervention,1,1,0,1,fic:16:side2|fic:16:side1|fic:16:target,fic:16:side2|fic:16:side1|fic:16:target,fic:16:side1,3,1,1,0,0,0,1,0,0,0,1,1,1,0,0,0,0,72,72,16,How many residents are in the Ribbon Committee?,nine residents,Insufficient material,0.0,0.0,0
fic:16|fic:16:A=side2:1424872ad215|B=fic:16:side5,fic:16,fic:16:A=side2:1424872ad215,fic:16:side2,fic:16:side5,llama,llama_sl_sham,0,small,large,llama_small,llama_large,sham,0,1,fic:16:side1,fic:16:side3,replaced_with_length_nearest_non_support_card,1,1,0,1,fic:16:side2|fic:16:side3|fic:16:side4,fic:16:side2|fic:16:side1|fic:16:side4,fic:16:side1,3,1,1,0,0,0,1,0,0,0,1,1,1,0,0,0,0,52,48,16,How many residents are in the Ribbon Committee?,nine residents,Insufficient material,0.0,0.0,0
fic:16|fic:16:A=side2:1424872ad215|B=fic:16:side5,fic:16,fic:16:A=side2:1424872ad215,fic:16:side2,fic:16:side5,llama,llama_sl_restore,0,small,large,llama_small,llama_large,restore,0,1,fic:16:side5,fic:16:side3,replaced_length_nearest_card,1,1,0,1,fic:16:side2|fic:16:side3|fic:16:side4,fic:16:side2|fic:16:side5|fic:16:side4,fic:16:side5,3,1,1,0,1,1,1,0,1,1,1,1,1,0,0,0,0,52,51,19,How many residents are in the Ribbon Committee?,nine residents,nine,0.0,0.6666666666666666,1
fic:16|fic:16:A=side2:1424872ad215|B=fic:16:side5,fic:16,fic:16:A=side2:1424872ad215,fic:16:side2,fic:16:side5,llama,llama_sl_reopen,0,small,large,llama_small,llama_large,reopen,1,0,,,no intervention,1,1,0,1,fic:16:side2|fic:16:side3|fic:16:side4,fic:16:side1|fic:16:side2|fic:16:side5|fic:16:side3|fic:16:side4|fic:16:target,fic:16:side5,3,1,1,0,1,1,1,0,1,1,1,1,1,0,0,0,0,52,125,19,How many residents are in the Ribbon Committee?,nine residents,nine,0.0,0.6666666666666666,1
fic:16|fic:16:A=side2:1424872ad215|B=fic:16:side5,fic:16,fic:16:A=side2:1424872ad215,fic:16:side2,fic:16:side5,qwen,qwen_ss,1,small,small,qwen_small,qwen_small,sealed,0,0,,,no intervention,1,1,0,1,fic:16:side2|fic:16:side3|fic:16:side4,fic:16:side2|fic:16:side3|fic:16:side4,fic:16:side4,3,1,1,0,0,0,1,0,0,0,1,1,1,0,0,0,0,52,52,14,How many residents are in the Ribbon Committee?,nine residents,Insufficient material,0.0,0.0,0
fic:16|fic:16:A=side2:1424872ad215|B=fic:16:side5,fic:16,fic:16:A=side2:1424872ad215,fic:16:side2,fic:16:side5,qwen,qwen_sl,1,small,large,qwen_small,qwen_large,sealed,0,0,,,no intervention,1,1,0,1,fic:16:side2|fic:16:side3|fic:16:side4,fic:16:side2|fic:16:side3|fic:16:side4,fic:16:side4,3,1,1,0,0,0,1,0,0,0,1,1,1,0,0,0,0,52,52,14,How many residents are in the Ribbon Committee?,nine residents,Insufficient material,0.0,0.0,0
fic:16|fic:16:A=side2:1424872ad215|B=fic:16:side5,fic:16,fic:16:A=side2:1424872ad215,fic:16:side2,fic:16:side5,qwen,qwen_ls,1,large,small,qwen_large,qwen_small,sealed,0,0,,,no intervention,1,1,0,1,fic:16:side2|fic:16:side3|fic:16:side4,fic:16:side2|fic:16:side3|fic:16:side4,fic:16:side4,3,1,1,0,0,0,1,0,0,0,1,1,1,0,0,0,0,52,52,14,How many residents are in the Ribbon Committee?,nine residents,Insufficient material,0.0,0.0,0
fic:16|fic:16:A=side2:1424872ad215|B=fic:16:side5,fic:16,fic:16:A=side2:1424872ad215,fic:16:side2,fic:16:side5,qwen,qwen_ll,1,large,large,qwen_large,qwen_large,sealed,0,0,,,no intervention,1,1,0,1,fic:16:side2|fic:16:side3|fic:16:side4,fic:16:side2|fic:16:side3|fic:16:side4,fic:16:side4,3,1,1,0,0,0,1,0,0,0,1,1,1,0,0,0,0,52,52,14,How many residents are in the Ribbon Committee?,nine residents,Insufficient material,0.0,0.0,0
fic:16|fic:16:A=side2:1424872ad215|B=fic:16:side5,fic:16,fic:16:A=side2:1424872ad215,fic:16:side2,fic:16:side5,qwen,qwen_sl_sham,0,small,large,qwen_small,qwen_large,sham,0,1,fic:16:side1,fic:16:side3,replaced_with_length_nearest_non_support_card,1,1,0,1,fic:16:side2|fic:16:side3|fic:16:side4,fic:16:side2|fic:16:side1|fic:16:side4,fic:16:side4,3,1,1,0,0,0,1,0,0,0,1,1,1,0,0,0,0,52,48,14,How many residents are in the Ribbon Committee?,nine residents,Insufficient material,0.0,0.0,0
fic:16|fic:16:A=side2:1424872ad215|B=fic:16:side5,fic:16,fic:16:A=side2:1424872ad215,fic:16:side2,fic:16:side5,qwen,qwen_sl_restore,0,small,large,qwen_small,qwen_large,restore,0,1,fic:16:side5,fic:16:side3,replaced_length_nearest_card,1,1,0,1,fic:16:side2|fic:16:side3|fic:16:side4,fic:16:side2|fic:16:side5|fic:16:side4,fic:16:side5,3,1,1,0,1,1,1,0,1,1,1,1,1,0,0,0,0,52,51,19,How many residents are in the Ribbon Committee?,nine residents,nine,0.0,0.6666666666666666,1
fic:16|fic:16:A=side2:1424872ad215|B=fic:16:side5,fic:16,fic:16:A=side2:1424872ad215,fic:16:side2,fic:16:side5,qwen,qwen_sl_reopen,0,small,large,qwen_small,qwen_large,reopen,1,0,,,no intervention,1,1,0,1,fic:16:side2|fic:16:side3|fic:16:side4,fic:16:side1|fic:16:side2|fic:16:side5|fic:16:side3|fic:16:side4|fic:16:target,fic:16:side5,3,1,1,0,1,1,1,0,1,1,1,1,1,0,0,0,0,52,125,19,How many residents are in the Ribbon Committee?,nine residents,nine,0.0,0.6666666666666666,1
fic:17|fic:17:A=side1:4cb8b201d66e|B=fic:17:side3,fic:17,fic:17:A=side1:4cb8b201d66e,fic:17:side1,fic:17:side3,llama,llama_ss,1,small,small,llama_small,llama_small,sealed,0,0,,,no intervention,1,1,0,1,fic:17:side1|fic:17:side2|fic:17:target,fic:17:side1|fic:17:side2|fic:17:target,fic:17:side2,3,1,1,0,0,0,1,0,0,0,1,1,1,0,0,0,0,79,79,16,What elevation does Kestrel Knoll reach?,"1,940 m",610 m,0.0,0.5,0
fic:17|fic:17:A=side1:4cb8b201d66e|B=fic:17:side3,fic:17,fic:17:A=side1:4cb8b201d66e,fic:17:side1,fic:17:side3,llama,llama_sl,1,small,large,llama_small,llama_large,sealed,0,0,,,no intervention,1,1,0,1,fic:17:side1|fic:17:side2|fic:17:target,fic:17:side1|fic:17:side2|fic:17:target,fic:17:side1,3,1,1,0,0,0,1,0,0,0,1,1,1,0,0,0,0,79,79,14,What elevation does Kestrel Knoll reach?,"1,940 m",Insufficient material,0.0,0.0,0
fic:17|fic:17:A=side1:4cb8b201d66e|B=fic:17:side3,fic:17,fic:17:A=side1:4cb8b201d66e,fic:17:side1,fic:17:side3,llama,llama_ls,1,large,small,llama_large,llama_small,sealed,0,0,,,no intervention,1,1,0,1,fic:17:side1|fic:17:side5|fic:17:target,fic:17:side1|fic:17:side5|fic:17:target,fic:17:target,3,1,1,0,0,0,1,0,0,0,1,1,1,0,0,0,0,76,76,49,What elevation does Kestrel Knoll reach?,"1,940 m",Insufficient material,0.0,0.0,0
fic:17|fic:17:A=side1:4cb8b201d66e|B=fic:17:side3,fic:17,fic:17:A=side1:4cb8b201d66e,fic:17:side1,fic:17:side3,llama,llama_ll,1,large,large,llama_large,llama_large,sealed,0,0,,,no intervention,1,1,0,1,fic:17:side1|fic:17:side5|fic:17:target,fic:17:side1|fic:17:side5|fic:17:target,fic:17:side1,3,1,1,0,0,0,1,0,0,0,1,1,1,0,0,0,0,76,76,14,What elevation does Kestrel Knoll reach?,"1,940 m",Insufficient material,0.0,0.0,0
fic:17|fic:17:A=side1:4cb8b201d66e|B=fic:17:side3,fic:17,fic:17:A=side1:4cb8b201d66e,fic:17:side1,fic:17:side3,llama,llama_sl_sham,0,small,large,llama_small,llama_large,sham,0,1,fic:17:side4,fic:17:side2,replaced_with_length_nearest_non_support_card,1,1,0,1,fic:17:side1|fic:17:side2|fic:17:target,fic:17:side1|fic:17:side4|fic:17:target,fic:17:side1,3,1,1,0,0,0,1,0,0,0,1,1,1,0,0,0,0,79,78,14,What elevation does Kestrel Knoll reach?,"1,940 m",Insufficient material,0.0,0.0,0
fic:17|fic:17:A=side1:4cb8b201d66e|B=fic:17:side3,fic:17,fic:17:A=side1:4cb8b201d66e,fic:17:side1,fic:17:side3,llama,llama_sl_restore,0,small,large,llama_small,llama_large,restore,0,1,fic:17:side3,fic:17:side2,replaced_length_nearest_card,1,1,0,1,fic:17:side1|fic:17:side2|fic:17:target,fic:17:side1|fic:17:side3|fic:17:target,fic:17:side3,3,1,1,0,1,1,1,0,1,1,1,1,1,0,0,0,0,79,77,14,What elevation does Kestrel Knoll reach?,"1,940 m","1,940 m",1.0,1.0,1
fic:17|fic:17:A=side1:4cb8b201d66e|B=fic:17:side3,fic:17,fic:17:A=side1:4cb8b201d66e,fic:17:side1,fic:17:side3,llama,llama_sl_reopen,0,small,large,llama_small,llama_large,reopen,1,0,,,no intervention,1,1,0,1,fic:17:side1|fic:17:side2|fic:17:target,fic:17:side1|fic:17:side3|fic:17:side2|fic:17:side5|fic:17:target|fic:17:side4,fic:17:side3,3,1,1,0,1,1,1,0,1,1,1,1,1,0,0,0,0,79,121,14,What elevation does Kestrel Knoll reach?,"1,940 m","1,940 m",1.0,1.0,1
fic:17|fic:17:A=side1:4cb8b201d66e|B=fic:17:side3,fic:17,fic:17:A=side1:4cb8b201d66e,fic:17:side1,fic:17:side3,qwen,qwen_ss,1,small,small,qwen_small,qwen_small,sealed,0,0,,,no intervention,1,1,0,1,fic:17:side1|fic:17:side5|fic:17:target,fic:17:side1|fic:17:side5|fic:17:target,fic:17:side1,3,1,1,0,0,0,1,0,0,0,1,1,1,0,0,0,0,76,76,14,What elevation does Kestrel Knoll reach?,"1,940 m",Insufficient material,0.0,0.0,0
fic:17|fic:17:A=side1:4cb8b201d66e|B=fic:17:side3,fic:17,fic:17:A=side1:4cb8b201d66e,fic:17:side1,fic:17:side3,qwen,qwen_sl,1,small,large,qwen_small,qwen_large,sealed,0,0,,,no intervention,1,1,0,1,fic:17:side1|fic:17:side5|fic:17:target,fic:17:side1|fic:17:side5|fic:17:target,,3,0,1,0,0,0,1,0,0,0,1,0,0,0,0,0,0,76,76,3,What elevation does Kestrel Knoll reach?,"1,940 m",,0.0,0.0,0
fic:17|fic:17:A=side1:4cb8b201d66e|B=fic:17:side3,fic:17,fic:17:A=side1:4cb8b201d66e,fic:17:side1,fic:17:side3,qwen,qwen_ls,1,large,small,qwen_large,qwen_small,sealed,0,0,,,no intervention,1,1,0,1,fic:17:side1|fic:17:side5|fic:17:target,fic:17:side1|fic:17:side5|fic:17:target,fic:17:side1,3,1,1,0,0,0,1,0,0,0,1,1,1,0,0,0,0,76,76,14,What elevation does Kestrel Knoll reach?,"1,940 m",Insufficient material,0.0,0.0,0
fic:17|fic:17:A=side1:4cb8b201d66e|B=fic:17:side3,fic:17,fic:17:A=side1:4cb8b201d66e,fic:17:side1,fic:17:side3,qwen,qwen_ll,1,large,large,qwen_large,qwen_large,sealed,0,0,,,no intervention,1,1,0,1,fic:17:side1|fic:17:side5|fic:17:target,fic:17:side1|fic:17:side5|fic:17:target,,3,0,1,0,0,0,1,0,0,0,1,0,0,0,0,0,0,76,76,3,What elevation does Kestrel Knoll reach?,"1,940 m",,0.0,0.0,0
fic:17|fic:17:A=side1:4cb8b201d66e|B=fic:17:side3,fic:17,fic:17:A=side1:4cb8b201d66e,fic:17:side1,fic:17:side3,qwen,qwen_sl_sham,0,small,large,qwen_small,qwen_large,sham,0,1,fic:17:side4,fic:17:side5,replaced_with_length_nearest_non_support_card,1,1,0,1,fic:17:side1|fic:17:side5|fic:17:target,fic:17:side1|fic:17:side4|fic:17:target,,3,0,1,0,0,0,1,0,0,0,1,0,0,0,0,0,0,76,78,3,What elevation does Kestrel Knoll reach?,"1,940 m",,0.0,0.0,0
fic:17|fic:17:A=side1:4cb8b201d66e|B=fic:17:side3,fic:17,fic:17:A=side1:4cb8b201d66e,fic:17:side1,fic:17:side3,qwen,qwen_sl_restore,0,small,large,qwen_small,qwen_large,restore,0,1,fic:17:side3,fic:17:side5,replaced_length_nearest_card,1,1,0,1,fic:17:side1|fic:17:side5|fic:17:target,fic:17:side1|fic:17:side3|fic:17:target,fic:17:side3,3,1,1,0,1,1,1,0,1,1,1,1,1,0,0,0,0,76,77,14,What elevation does Kestrel Knoll reach?,"1,940 m","1,940 m",1.0,1.0,1
fic:17|fic:17:A=side1:4cb8b201d66e|B=fic:17:side3,fic:17,fic:17:A=side1:4cb8b201d66e,fic:17:side1,fic:17:side3,qwen,qwen_sl_reopen,0,small,large,qwen_small,qwen_large,reopen,1,0,,,no intervention,1,1,0,1,fic:17:side1|fic:17:side5|fic:17:target,fic:17:side1|fic:17:side3|fic:17:side2|fic:17:side5|fic:17:target|fic:17:side4,fic:17:side3,3,1,1,0,1,1,1,0,1,1,1,1,1,0,0,0,0,76,121,14,What elevation does Kestrel Knoll reach?,"1,940 m","1,940 m",1.0,1.0,1
fic:17|fic:17:A=side2:42a521bd819d|B=fic:17:side5,fic:17,fic:17:A=side2:42a521bd819d,fic:17:side2,fic:17:side5,llama,llama_ss,1,small,small,llama_small,llama_small,sealed,0,0,,,no intervention,1,1,0,1,fic:17:side2|fic:17:side1|fic:17:target,fic:17:side2|fic:17:side1|fic:17:target,fic:17:side2,3,1,1,0,0,0,1,0,0,0,1,1,1,0,0,0,0,79,79,16,In what year was the footbridge at Veilbreak installed?,2004,Insufficient material,0.0,0.0,0
fic:17|fic:17:A=side2:42a521bd819d|B=fic:17:side5,fic:17,fic:17:A=side2:42a521bd819d,fic:17:side2,fic:17:side5,llama,llama_sl,1,small,large,llama_small,llama_large,sealed,0,0,,,no intervention,1,1,0,1,fic:17:side2|fic:17:side1|fic:17:target,fic:17:side2|fic:17:side1|fic:17:target,fic:17:side1,3,1,1,0,0,0,1,0,0,0,1,1,1,0,0,0,0,79,79,14,In what year was the footbridge at Veilbreak installed?,2004,Insufficient material,0.0,0.0,0
fic:17|fic:17:A=side2:42a521bd819d|B=fic:17:side5,fic:17,fic:17:A=side2:42a521bd819d,fic:17:side2,fic:17:side5,llama,llama_ls,1,large,small,llama_large,llama_small,sealed,0,0,,,no intervention,1,1,0,1,fic:17:side2|fic:17:side1|fic:17:target,fic:17:side2|fic:17:side1|fic:17:target,fic:17:side2,3,1,1,0,0,0,1,0,0,0,1,1,1,0,0,0,0,79,79,16,In what year was the footbridge at Veilbreak installed?,2004,Insufficient material,0.0,0.0,0
fic:17|fic:17:A=side2:42a521bd819d|B=fic:17:side5,fic:17,fic:17:A=side2:42a521bd819d,fic:17:side2,fic:17:side5,llama,llama_ll,1,large,large,llama_large,llama_large,sealed,0,0,,,no intervention,1,1,0,1,fic:17:side2|fic:17:side1|fic:17:target,fic:17:side2|fic:17:side1|fic:17:target,fic:17:side1,3,1,1,0,0,0,1,0,0,0,1,1,1,0,0,0,0,79,79,14,In what year was the footbridge at Veilbreak installed?,2004,Insufficient material,0.0,0.0,0
fic:17|fic:17:A=side2:42a521bd819d|B=fic:17:side5,fic:17,fic:17:A=side2:42a521bd819d,fic:17:side2,fic:17:side5,llama,llama_sl_sham,0,small,large,llama_small,llama_large,sham,0,1,fic:17:side3,fic:17:side1,replaced_with_length_nearest_non_support_card,1,1,0,1,fic:17:side2|fic:17:side1|fic:17:target,fic:17:side2|fic:17:side3|fic:17:target,fic:17:target,3,1,1,0,0,0,1,0,0,0,1,1,1,0,0,0,0,79,79,49,In what year was the footbridge at Veilbreak installed?,2004,1873,0.0,0.0,0
fic:17|fic:17:A=side2:42a521bd819d|B=fic:17:side5,fic:17,fic:17:A=side2:42a521bd819d,fic:17:side2,fic:17:side5,llama,llama_sl_restore,0,small,large,llama_small,llama_large,restore,0,1,fic:17:side5,fic:17:side1,replaced_length_nearest_card,1,1,0,1,fic:17:side2|fic:17:side1|fic:17:target,fic:17:side2|fic:17:side5|fic:17:target,fic:17:side5,3,1,1,0,1,1,1,0,1,1,1,1,1,0,0,0,0,79,78,13,In what year was the footbridge at Veilbreak installed?,2004,2004,1.0,1.0,1
fic:17|fic:17:A=side2:42a521bd819d|B=fic:17:side5,fic:17,fic:17:A=side2:42a521bd819d,fic:17:side2,fic:17:side5,llama,llama_sl_reopen,0,small,large,llama_small,llama_large,reopen,1,0,,,no intervention,1,1,0,1,fic:17:side2|fic:17:side1|fic:17:target,fic:17:side1|fic:17:side3|fic:17:side2|fic:17:side5|fic:17:target|fic:17:side4,fic:17:side5,3,1,1,0,1,1,1,0,1,1,1,1,1,0,0,0,0,79,121,13,In what year was the footbridge at Veilbreak installed?,2004,2004,1.0,1.0,1
fic:17|fic:17:A=side2:42a521bd819d|B=fic:17:side5,fic:17,fic:17:A=side2:42a521bd819d,fic:17:side2,fic:17:side5,qwen,qwen_ss,1,small,small,qwen_small,qwen_small,sealed,0,0,,,no intervention,1,1,0,1,fic:17:side2|fic:17:target|fic:17:side4,fic:17:side2|fic:17:target|fic:17:side4,fic:17:side2,3,1,1,0,0,0,1,0,0,0,1,1,1,0,0,0,0,80,80,16,In what year was the footbridge at Veilbreak installed?,2004,Insufficient material,0.0,0.0,0
fic:17|fic:17:A=side2:42a521bd819d|B=fic:17:side5,fic:17,fic:17:A=side2:42a521bd819d,fic:17:side2,fic:17:side5,qwen,qwen_sl,1,small,large,qwen_small,qwen_large,sealed,0,0,,,no intervention,1,1,0,1,fic:17:side2|fic:17:target|fic:17:side4,fic:17:side2|fic:17:target|fic:17:side4,fic:17:side2,3,1,1,0,0,0,1,0,0,0,1,1,1,0,0,0,0,80,80,16,In what year was the footbridge at Veilbreak installed?,2004,Insufficient material,0.0,0.0,0
fic:17|fic:17:A=side2:42a521bd819d|B=fic:17:side5,fic:17,fic:17:A=side2:42a521bd819d,fic:17:side2,fic:17:side5,qwen,qwen_ls,1,large,small,qwen_large,qwen_small,sealed,0,0,,,no intervention,1,1,0,1,fic:17:side2|fic:17:side1|fic:17:side3,fic:17:side2|fic:17:side1|fic:17:side3,fic:17:side1,3,1,1,0,0,0,1,0,0,0,1,1,1,0,0,0,0,44,44,14,In what year was the footbridge at Veilbreak installed?,2004,Insufficient material,0.0,0.0,0
fic:17|fic:17:A=side2:42a521bd819d|B=fic:17:side5,fic:17,fic:17:A=side2:42a521bd819d,fic:17:side2,fic:17:side5,qwen,qwen_ll,1,large,large,qwen_large,qwen_large,sealed,0,0,,,no intervention,1,1,0,1,fic:17:side2|fic:17:side1|fic:17:side3,fic:17:side2|fic:17:side1|fic:17:side3,,3,0,1,0,0,0,1,0,0,0,1,0,0,0,0,0,0,44,44,3,In what year was the footbridge at Veilbreak installed?,2004,,0.0,0.0,0
fic:17|fic:17:A=side2:42a521bd819d|B=fic:17:side5,fic:17,fic:17:A=side2:42a521bd819d,fic:17:side2,fic:17:side5,qwen,qwen_sl_sham,0,small,large,qwen_small,qwen_large,sham,0,1,fic:17:side1,fic:17:side4,replaced_with_length_nearest_non_support_card,1,1,0,1,fic:17:side2|fic:17:target|fic:17:side4,fic:17:side2|fic:17:target|fic:17:side1,fic:17:target,3,1,1,0,0,0,1,0,0,0,1,1,1,0,0,0,0,80,79,49,In what year was the footbridge at Veilbreak installed?,2004,1873,0.0,0.0,0
fic:17|fic:17:A=side2:42a521bd819d|B=fic:17:side5,fic:17,fic:17:A=side2:42a521bd819d,fic:17:side2,fic:17:side5,qwen,qwen_sl_restore,0,small,large,qwen_small,qwen_large,restore,0,1,fic:17:side5,fic:17:side4,replaced_length_nearest_card,1,1,0,1,fic:17:side2|fic:17:target|fic:17:side4,fic:17:side2|fic:17:target|fic:17:side5,fic:17:side5,3,1,1,0,1,1,1,0,1,1,1,1,1,0,0,0,0,80,78,13,In what year was the footbridge at Veilbreak installed?,2004,2004,1.0,1.0,1
fic:17|fic:17:A=side2:42a521bd819d|B=fic:17:side5,fic:17,fic:17:A=side2:42a521bd819d,fic:17:side2,fic:17:side5,qwen,qwen_sl_reopen,0,small,large,qwen_small,qwen_large,reopen,1,0,,,no intervention,1,1,0,1,fic:17:side2|fic:17:target|fic:17:side4,fic:17:side1|fic:17:side3|fic:17:side2|fic:17:side5|fic:17:target|fic:17:side4,fic:17:side5,3,1,1,0,1,1,1,0,1,1,1,1,1,0,0,0,0,80,121,13,In what year was the footbridge at Veilbreak installed?,2004,2004,1.0,1.0,1
fic:17|fic:17:A=side4:c53759e07f02|B=fic:17:side1,fic:17,fic:17:A=side4:c53759e07f02,fic:17:side4,fic:17:side1,llama,llama_ss,1,small,small,llama_small,llama_small,sealed,0,0,,,no intervention,0,1,0,1,fic:17:side4|fic:17:side1|fic:17:side2,fic:17:side4|fic:17:side1|fic:17:side2,fic:17:side2,3,1,1,1,1,0,1,1,1,0,1,1,1,0,0,0,0,45,45,16,How long is the ravine between Darnel Crown and Veilbreak?,43 km,610 m,0.0,0.0,0
fic:17|fic:17:A=side4:c53759e07f02|B=fic:17:side1,fic:17,fic:17:A=side4:c53759e07f02,fic:17:side4,fic:17:side1,llama,llama_sl,1,small,large,llama_small,llama_large,sealed,0,0,,,no intervention,0,1,0,1,fic:17:side4|fic:17:side1|fic:17:side2,fic:17:side4|fic:17:side1|fic:17:side2,fic:17:side1,3,1,1,1,1,1,1,1,1,1,1,1,1,0,0,0,0,45,45,14,How long is the ravine between Darnel Crown and Veilbreak?,43 km,43 km,1.0,1.0,1
fic:17|fic:17:A=side4:c53759e07f02|B=fic:17:side1,fic:17,fic:17:A=side4:c53759e07f02,fic:17:side4,fic:17:side1,llama,llama_ls,1,large,small,llama_large,llama_small,sealed,0,0,,,no intervention,0,1,0,1,fic:17:side4|fic:17:target|fic:17:side1,fic:17:side4|fic:17:target|fic:17:side1,fic:17:target,3,1,1,1,1,0,1,1,1,0,1,1,1,0,0,0,0,78,78,49,How long is the ravine between Darnel Crown and Veilbreak?,43 km,Unknown,0.0,0.0,0
fic:17|fic:17:A=side4:c53759e07f02|B=fic:17:side1,fic:17,fic:17:A=side4:c53759e07f02,fic:17:side4,fic:17:side1,llama,llama_ll,1,large,large,llama_large,llama_large,sealed,0,0,,,no intervention,0,1,0,1,fic:17:side4|fic:17:target|fic:17:side1,fic:17:side4|fic:17:target|fic:17:side1,fic:17:side1,3,1,1,1,1,1,1,1,1,1,1,1,1,0,0,0,0,78,78,14,How long is the ravine between Darnel Crown and Veilbreak?,43 km,43 km,1.0,1.0,1
fic:17|fic:17:A=side4:c53759e07f02|B=fic:17:side1,fic:17,fic:17:A=side4:c53759e07f02,fic:17:side4,fic:17:side1,llama,llama_sl_sham,0,small,large,llama_small,llama_large,sham,0,0,,,"restore was ineligible, so matched sham is a no-op",0,1,0,1,fic:17:side4|fic:17:side1|fic:17:side2,fic:17:side4|fic:17:side1|fic:17:side2,fic:17:side1,3,1,1,1,1,1,1,1,1,1,1,1,1,0,0,0,0,45,45,14,How long is the ravine between Darnel Crown and Veilbreak?,43 km,43 km,1.0,1.0,1
fic:17|fic:17:A=side4:c53759e07f02|B=fic:17:side1,fic:17,fic:17:A=side4:c53759e07f02,fic:17:side4,fic:17:side1,llama,llama_sl_restore,0,small,large,llama_small,llama_large,restore,0,0,,,support_already_present,0,1,0,1,fic:17:side4|fic:17:side1|fic:17:side2,fic:17:side4|fic:17:side1|fic:17:side2,fic:17:side1,3,1,1,1,1,1,1,1,1,1,1,1,1,0,0,0,0,45,45,14,How long is the ravine between Darnel Crown and Veilbreak?,43 km,43 km,1.0,1.0,1
fic:17|fic:17:A=side4:c53759e07f02|B=fic:17:side1,fic:17,fic:17:A=side4:c53759e07f02,fic:17:side4,fic:17:side1,llama,llama_sl_reopen,0,small,large,llama_small,llama_large,reopen,1,0,,,no intervention,0,1,0,1,fic:17:side4|fic:17:side1|fic:17:side2,fic:17:side1|fic:17:side3|fic:17:side2|fic:17:side5|fic:17:target|fic:17:side4,fic:17:side1,3,1,1,1,1,1,1,1,1,1,1,1,1,0,0,0,0,45,121,14,How long is the ravine between Darnel Crown and Veilbreak?,43 km,43 km,1.0,1.0,1
fic:17|fic:17:A=side4:c53759e07f02|B=fic:17:side1,fic:17,fic:17:A=side4:c53759e07f02,fic:17:side4,fic:17:side1,qwen,qwen_ss,1,small,small,qwen_small,qwen_small,sealed,0,0,,,no intervention,0,1,0,1,fic:17:side1|fic:17:side3|fic:17:side4,fic:17:side1|fic:17:side3|fic:17:side4,fic:17:side1,3,1,1,1,1,1,1,1,1,1,1,1,1,0,0,0,0,43,43,14,How long is the ravine between Darnel Crown and Veilbreak?,43 km,43 km,1.0,1.0,1
fic:17|fic:17:A=side4:c53759e07f02|B=fic:17:side1,fic:17,fic:17:A=side4:c53759e07f02,fic:17:side4,fic:17:side1,qwen,qwen_sl,1,small,large,qwen_small,qwen_large,sealed,0,0,,,no intervention,0,1,0,1,fic:17:side1|fic:17:side3|fic:17:side4,fic:17:side1|fic:17:side3|fic:17:side4,fic:17:side1,3,1,1,1,1,1,1,1,1,1,1,1,1,0,0,0,0,43,43,14,How long is the ravine between Darnel Crown and Veilbreak?,43 km,43 km,1.0,1.0,1
fic:17|fic:17:A=side4:c53759e07f02|B=fic:17:side1,fic:17,fic:17:A=side4:c53759e07f02,fic:17:side4,fic:17:side1,qwen,qwen_ls,1,large,small,qwen_large,qwen_small,sealed,0,0,,,no intervention,1,1,0,1,fic:17:side4|fic:17:side5|fic:17:target,fic:17:side4|fic:17:side5|fic:17:target,fic:17:target,3,1,1,0,0,0,1,0,0,0,1,1,1,0,0,0,0,77,77,49,How long is the ravine between Darnel Crown and Veilbreak?,43 km,Unknown,0.0,0.0,0
fic:17|fic:17:A=side4:c53759e07f02|B=fic:17:side1,fic:17,fic:17:A=side4:c53759e07f02,fic:17:side4,fic:17:side1,qwen,qwen_ll,1,large,large,qwen_large,qwen_large,sealed,0,0,,,no intervention,1,1,0,1,fic:17:side4|fic:17:side5|fic:17:target,fic:17:side4|fic:17:side5|fic:17:target,fic:17:target,3,1,1,0,0,0,1,0,0,0,1,1,1,0,0,0,0,77,77,49,How long is the ravine between Darnel Crown and Veilbreak?,43 km,Unknown,0.0,0.0,0
fic:17|fic:17:A=side4:c53759e07f02|B=fic:17:side1,fic:17,fic:17:A=side4:c53759e07f02,fic:17:side4,fic:17:side1,qwen,qwen_sl_sham,0,small,large,qwen_small,qwen_large,sham,0,0,,,"restore was ineligible, so matched sham is a no-op",0,1,0,1,fic:17:side1|fic:17:side3|fic:17:side4,fic:17:side1|fic:17:side3|fic:17:side4,fic:17:side1,3,1,1,1,1,1,1,1,1,1,1,1,1,0,0,0,0,43,43,14,How long is the ravine between Darnel Crown and Veilbreak?,43 km,43 km,1.0,1.0,1
fic:17|fic:17:A=side4:c53759e07f02|B=fic:17:side1,fic:17,fic:17:A=side4:c53759e07f02,fic:17:side4,fic:17:side1,qwen,qwen_sl_restore,0,small,large,qwen_small,qwen_large,restore,0,0,,,support_already_present,0,1,0,1,fic:17:side1|fic:17:side3|fic:17:side4,fic:17:side1|fic:17:side3|fic:17:side4,fic:17:side1,3,1,1,1,1,1,1,1,1,1,1,1,1,0,0,0,0,43,43,14,How long is the ravine between Darnel Crown and Veilbreak?,43 km,43 km,1.0,1.0,1
fic:17|fic:17:A=side4:c53759e07f02|B=fic:17:side1,fic:17,fic:17:A=side4:c53759e07f02,fic:17:side4,fic:17:side1,qwen,qwen_sl_reopen,0,small,large,qwen_small,qwen_large,reopen,1,0,,,no intervention,0,1,0,1,fic:17:side1|fic:17:side3|fic:17:side4,fic:17:side1|fic:17:side3|fic:17:side2|fic:17:side5|fic:17:target|fic:17:side4,fic:17:side1,3,1,1,1,1,1,1,1,1,1,1,1,1,0,0,0,0,43,121,14,How long is the ravine between Darnel Crown and Veilbreak?,43 km,43 km,1.0,1.0,1
fic:17|fic:17:A=target:6e2963a0d4bb|B=fic:17:side4,fic:17,fic:17:A=target:6e2963a0d4bb,fic:17:target,fic:17:side4,llama,llama_ss,1,small,small,llama_small,llama_small,sealed,0,0,,,no intervention,1,1,0,1,fic:17:target|fic:17:side3|fic:17:side2,fic:17:target|fic:17:side3|fic:17:side2,fic:17:side2,3,1,1,0,0,0,1,0,0,0,1,1,1,0,0,0,0,79,79,16,In what year was Gavren Observatory established?,1931,Insufficient material,0.0,0.0,0
fic:17|fic:17:A=target:6e2963a0d4bb|B=fic:17:side4,fic:17,fic:17:A=target:6e2963a0d4bb,fic:17:target,fic:17:side4,llama,llama_sl,1,small,large,llama_small,llama_large,sealed,0,0,,,no intervention,1,1,0,1,fic:17:target|fic:17:side3|fic:17:side2,fic:17:target|fic:17:side3|fic:17:side2,fic:17:target,3,1,1,0,0,0,1,0,0,0,1,1,1,0,0,0,0,79,79,49,In what year was Gavren Observatory established?,1931,1873,0.0,0.0,0
fic:17|fic:17:A=target:6e2963a0d4bb|B=fic:17:side4,fic:17,fic:17:A=target:6e2963a0d4bb,fic:17:target,fic:17:side4,llama,llama_ls,1,large,small,llama_large,llama_small,sealed,0,0,,,no intervention,1,1,0,1,fic:17:target|fic:17:side1|fic:17:side3,fic:17:target|fic:17:side1|fic:17:side3,fic:17:side3,3,1,1,0,0,0,1,0,0,0,1,1,1,0,0,0,0,77,77,14,In what year was Gavren Observatory established?,1931,Insufficient material,0.0,0.0,0
fic:17|fic:17:A=target:6e2963a0d4bb|B=fic:17:side4,fic:17,fic:17:A=target:6e2963a0d4bb,fic:17:target,fic:17:side4,llama,llama_ll,1,large,large,llama_large,llama_large,sealed,0,0,,,no intervention,1,1,0,1,fic:17:target|fic:17:side1|fic:17:side3,fic:17:target|fic:17:side1|fic:17:side3,fic:17:side1,3,1,1,0,0,0,1,0,0,0,1,1,1,0,0,0,0,77,77,14,In what year was Gavren Observatory established?,1931,Insufficient material,0.0,0.0,0
fic:17|fic:17:A=target:6e2963a0d4bb|B=fic:17:side4,fic:17,fic:17:A=target:6e2963a0d4bb,fic:17:target,fic:17:side4,llama,llama_sl_sham,0,small,large,llama_small,llama_large,sham,0,1,fic:17:side1,fic:17:side3,replaced_with_length_nearest_non_support_card,1,1,0,1,fic:17:target|fic:17:side3|fic:17:side2,fic:17:target|fic:17:side1|fic:17:side2,fic:17:side1,3,1,1,0,0,0,1,0,0,0,1,1,1,0,0,0,0,79,79,14,In what year was Gavren Observatory established?,1931,Insufficient material,0.0,0.0,0
fic:17|fic:17:A=target:6e2963a0d4bb|B=fic:17:side4,fic:17,fic:17:A=target:6e2963a0d4bb,fic:17:target,fic:17:side4,llama,llama_sl_restore,0,small,large,llama_small,llama_large,restore,0,1,fic:17:side4,fic:17:side3,replaced_length_nearest_card,1,1,0,1,fic:17:target|fic:17:side3|fic:17:side2,fic:17:target|fic:17:side4|fic:17:side2,fic:17:side4,3,1,1,0,1,1,1,0,1,1,1,1,1,0,0,0,0,79,80,15,In what year was Gavren Observatory established?,1931,1931,1.0,1.0,1
fic:17|fic:17:A=target:6e2963a0d4bb|B=fic:17:side4,fic:17,fic:17:A=target:6e2963a0d4bb,fic:17:target,fic:17:side4,llama,llama_sl_reopen,0,small,large,llama_small,llama_large,reopen,1,0,,,no intervention,1,1,0,1,fic:17:target|fic:17:side3|fic:17:side2,fic:17:side1|fic:17:side3|fic:17:side2|fic:17:side5|fic:17:target|fic:17:side4,fic:17:side4,3,1,1,0,1,1,1,0,1,1,1,1,1,0,0,0,0,79,121,15,In what year was Gavren Observatory established?,1931,1931,1.0,1.0,1
fic:17|fic:17:A=target:6e2963a0d4bb|B=fic:17:side4,fic:17,fic:17:A=target:6e2963a0d4bb,fic:17:target,fic:17:side4,qwen,qwen_ss,1,small,small,qwen_small,qwen_small,sealed,0,0,,,no intervention,1,1,0,1,fic:17:target|fic:17:side1|fic:17:side3,fic:17:target|fic:17:side1|fic:17:side3,,3,0,1,0,0,0,1,0,0,0,1,0,0,0,0,0,0,77,77,3,In what year was Gavren Observatory established?,1931,,0.0,0.0,0
fic:17|fic:17:A=target:6e2963a0d4bb|B=fic:17:side4,fic:17,fic:17:A=target:6e2963a0d4bb,fic:17:target,fic:17:side4,qwen,qwen_sl,1,small,large,qwen_small,qwen_large,sealed,0,0,,,no intervention,1,1,0,1,fic:17:target|fic:17:side1|fic:17:side3,fic:17:target|fic:17:side1|fic:17:side3,,3,0,1,0,0,0,1,0,0,0,1,0,0,0,0,0,0,77,77,3,In what year was Gavren Observatory established?,1931,,0.0,0.0,0
fic:17|fic:17:A=target:6e2963a0d4bb|B=fic:17:side4,fic:17,fic:17:A=target:6e2963a0d4bb,fic:17:target,fic:17:side4,qwen,qwen_ls,1,large,small,qwen_large,qwen_small,sealed,0,0,,,no intervention,1,1,0,1,fic:17:target|fic:17:side1|fic:17:side3,fic:17:target|fic:17:side1|fic:17:side3,,3,0,1,0,0,0,1,0,0,0,1,0,0,0,0,0,0,77,77,3,In what year was Gavren Observatory established?,1931,,0.0,0.0,0
fic:17|fic:17:A=target:6e2963a0d4bb|B=fic:17:side4,fic:17,fic:17:A=target:6e2963a0d4bb,fic:17:target,fic:17:side4,qwen,qwen_ll,1,large,large,qwen_large,qwen_large,sealed,0,0,,,no intervention,1,1,0,1,fic:17:target|fic:17:side1|fic:17:side3,fic:17:target|fic:17:side1|fic:17:side3,,3,0,1,0,0,0,1,0,0,0,1,0,0,0,0,0,0,77,77,3,In what year was Gavren Observatory established?,1931,,0.0,0.0,0
fic:17|fic:17:A=target:6e2963a0d4bb|B=fic:17:side4,fic:17,fic:17:A=target:6e2963a0d4bb,fic:17:target,fic:17:side4,qwen,qwen_sl_sham,0,small,large,qwen_small,qwen_large,sham,0,1,fic:17:side5,fic:17:side3,replaced_with_length_nearest_non_support_card,1,1,0,1,fic:17:target|fic:17:side1|fic:17:side3,fic:17:target|fic:17:side1|fic:17:side5,,3,0,1,0,0,0,1,0,0,0,1,0,0,0,0,0,0,77,76,3,In what year was Gavren Observatory established?,1931,,0.0,0.0,0
fic:17|fic:17:A=target:6e2963a0d4bb|B=fic:17:side4,fic:17,fic:17:A=target:6e2963a0d4bb,fic:17:target,fic:17:side4,qwen,qwen_sl_restore,0,small,large,qwen_small,qwen_large,restore,0,1,fic:17:side4,fic:17:side3,replaced_length_nearest_card,1,1,0,1,fic:17:target|fic:17:side1|fic:17:side3,fic:17:target|fic:17:side1|fic:17:side4,fic:17:side4,3,1,1,0,1,1,1,0,1,1,1,1,1,0,0,0,0,77,78,15,In what year was Gavren Observatory established?,1931,1931,1.0,1.0,1
fic:17|fic:17:A=target:6e2963a0d4bb|B=fic:17:side4,fic:17,fic:17:A=target:6e2963a0d4bb,fic:17:target,fic:17:side4,qwen,qwen_sl_reopen,0,small,large,qwen_small,qwen_large,reopen,1,0,,,no intervention,1,1,0,1,fic:17:target|fic:17:side1|fic:17:side3,fic:17:side1|fic:17:side3|fic:17:side2|fic:17:side5|fic:17:target|fic:17:side4,fic:17:side4,3,1,1,0,1,1,1,0,1,1,1,1,1,0,0,0,0,77,121,15,In what year was Gavren Observatory established?,1931,1931,1.0,1.0,1
fic:18|fic:18:A=target:5b09c67bc142|B=fic:18:side5,fic:18,fic:18:A=target:5b09c67bc142,fic:18:target,fic:18:side5,llama,llama_ss,1,small,small,llama_small,llama_small,sealed,0,0,,,no intervention,0,1,0,1,fic:18:target|fic:18:side1|fic:18:side5,fic:18:target|fic:18:side1|fic:18:side5,fic:18:side5,3,1,1,1,1,1,1,1,1,1,1,1,1,0,0,0,0,70,70,19,On what day is the Rillmarket Fair held each year?,9th Day of Serein,9th Day of Serein,1.0,1.0,1
fic:18|fic:18:A=target:5b09c67bc142|B=fic:18:side5,fic:18,fic:18:A=target:5b09c67bc142,fic:18:target,fic:18:side5,llama,llama_sl,1,small,large,llama_small,llama_large,sealed,0,0,,,no intervention,0,1,0,1,fic:18:target|fic:18:side1|fic:18:side5,fic:18:target|fic:18:side1|fic:18:side5,fic:18:side5,3,1,1,1,1,1,1,1,1,1,1,1,1,0,0,0,0,70,70,19,On what day is the Rillmarket Fair held each year?,9th Day of Serein,9th Day of Serein,1.0,1.0,1
fic:18|fic:18:A=target:5b09c67bc142|B=fic:18:side5,fic:18,fic:18:A=target:5b09c67bc142,fic:18:target,fic:18:side5,llama,llama_ls,1,large,small,llama_large,llama_small,sealed,0,0,,,no intervention,1,1,0,1,fic:18:target|fic:18:side1|fic:18:side3,fic:18:target|fic:18:side1|fic:18:side3,fic:18:side3,3,1,1,0,0,0,1,0,0,0,1,1,1,0,0,0,0,68,68,17,On what day is the Rillmarket Fair held each year?,9th Day of Serein,Varrik Ledger,0.0,0.0,0
fic:18|fic:18:A=target:5b09c67bc142|B=fic:18:side5,fic:18,fic:18:A=target:5b09c67bc142,fic:18:target,fic:18:side5,llama,llama_ll,1,large,large,llama_large,llama_large,sealed,0,0,,,no intervention,1,1,0,1,fic:18:target|fic:18:side1|fic:18:side3,fic:18:target|fic:18:side1|fic:18:side3,fic:18:side1,3,1,1,0,0,0,1,0,0,0,1,1,1,0,0,0,0,68,68,15,On what day is the Rillmarket Fair held each year?,9th Day of Serein,975,0.0,0.0,0
fic:18|fic:18:A=target:5b09c67bc142|B=fic:18:side5,fic:18,fic:18:A=target:5b09c67bc142,fic:18:target,fic:18:side5,llama,llama_sl_sham,0,small,large,llama_small,llama_large,sham,0,0,,,"restore was ineligible, so matched sham is a no-op",0,1,0,1,fic:18:target|fic:18:side1|fic:18:side5,fic:18:target|fic:18:side1|fic:18:side5,fic:18:side5,3,1,1,1,1,1,1,1,1,1,1,1,1,0,0,0,0,70,70,19,On what day is the Rillmarket Fair held each year?,9th Day of Serein,9th Day of Serein,1.0,1.0,1
fic:18|fic:18:A=target:5b09c67bc142|B=fic:18:side5,fic:18,fic:18:A=target:5b09c67bc142,fic:18:target,fic:18:side5,llama,llama_sl_restore,0,small,large,llama_small,llama_large,restore,0,0,,,support_already_present,0,1,0,1,fic:18:target|fic:18:side1|fic:18:side5,fic:18:target|fic:18:side1|fic:18:side5,fic:18:side5,3,1,1,1,1,1,1,1,1,1,1,1,1,0,0,0,0,70,70,19,On what day is the Rillmarket Fair held each year?,9th Day of Serein,9th Day of Serein,1.0,1.0,1
fic:18|fic:18:A=target:5b09c67bc142|B=fic:18:side5,fic:18,fic:18:A=target:5b09c67bc142,fic:18:target,fic:18:side5,llama,llama_sl_reopen,0,small,large,llama_small,llama_large,reopen,1,0,,,no intervention,0,1,0,1,fic:18:target|fic:18:side1|fic:18:side5,fic:18:side5|fic:18:side1|fic:18:side3|fic:18:side2|fic:18:side4|fic:18:target,fic:18:side5,3,1,1,1,1,1,1,1,1,1,1,1,1,0,0,0,0,70,125,19,On what day is the Rillmarket Fair held each year?,9th Day of Serein,9th Day of Serein,1.0,1.0,1
fic:18|fic:18:A=target:5b09c67bc142|B=fic:18:side5,fic:18,fic:18:A=target:5b09c67bc142,fic:18:target,fic:18:side5,qwen,qwen_ss,1,small,small,qwen_small,qwen_small,sealed,0,0,,,no intervention,1,1,0,1,fic:18:target|fic:18:side1|fic:18:side2,fic:18:target|fic:18:side1|fic:18:side2,fic:18:target,3,1,1,0,0,0,1,0,0,0,1,1,1,0,0,0,0,69,69,36,On what day is the Rillmarket Fair held each year?,9th Day of Serein,Candleturn,0.0,0.0,0
fic:18|fic:18:A=target:5b09c67bc142|B=fic:18:side5,fic:18,fic:18:A=target:5b09c67bc142,fic:18:target,fic:18:side5,qwen,qwen_sl,1,small,large,qwen_small,qwen_large,sealed,0,0,,,no intervention,1,1,0,1,fic:18:target|fic:18:side1|fic:18:side2,fic:18:target|fic:18:side1|fic:18:side2,,3,0,1,0,0,0,1,0,0,0,1,0,0,0,0,0,0,69,69,3,On what day is the Rillmarket Fair held each year?,9th Day of Serein,,0.0,0.0,0
fic:18|fic:18:A=target:5b09c67bc142|B=fic:18:side5,fic:18,fic:18:A=target:5b09c67bc142,fic:18:target,fic:18:side5,qwen,qwen_ls,1,large,small,qwen_large,qwen_small,sealed,0,0,,,no intervention,1,1,0,1,fic:18:target|fic:18:side1|fic:18:side3,fic:18:target|fic:18:side1|fic:18:side3,fic:18:side3,3,1,1,0,0,0,1,0,0,0,1,1,1,0,0,0,0,68,68,17,On what day is the Rillmarket Fair held each year?,9th Day of Serein,Varrik Ledger,0.0,0.0,0
fic:18|fic:18:A=target:5b09c67bc142|B=fic:18:side5,fic:18,fic:18:A=target:5b09c67bc142,fic:18:target,fic:18:side5,qwen,qwen_ll,1,large,large,qwen_large,qwen_large,sealed,0,0,,,no intervention,1,1,0,1,fic:18:target|fic:18:side1|fic:18:side3,fic:18:target|fic:18:side1|fic:18:side3,fic:18:target,3,1,1,0,0,0,1,0,0,0,1,1,1,0,0,0,0,68,68,36,On what day is the Rillmarket Fair held each year?,9th Day of Serein,Candleturn,0.0,0.0,0
fic:18|fic:18:A=target:5b09c67bc142|B=fic:18:side5,fic:18,fic:18:A=target:5b09c67bc142,fic:18:target,fic:18:side5,qwen,qwen_sl_sham,0,small,large,qwen_small,qwen_large,sham,0,1,fic:18:side3,fic:18:side2,replaced_with_length_nearest_non_support_card,1,1,0,1,fic:18:target|fic:18:side1|fic:18:side2,fic:18:target|fic:18:side1|fic:18:side3,fic:18:target,3,1,1,0,0,0,1,0,0,0,1,1,1,0,0,0,0,69,68,36,On what day is the Rillmarket Fair held each year?,9th Day of Serein,Candleturn,0.0,0.0,0
fic:18|fic:18:A=target:5b09c67bc142|B=fic:18:side5,fic:18,fic:18:A=target:5b09c67bc142,fic:18:target,fic:18:side5,qwen,qwen_sl_restore,0,small,large,qwen_small,qwen_large,restore,0,1,fic:18:side5,fic:18:side2,replaced_length_nearest_card,1,1,0,1,fic:18:target|fic:18:side1|fic:18:side2,fic:18:target|fic:18:side1|fic:18:side5,fic:18:side5,3,1,1,0,1,1,1,0,1,1,1,1,1,0,0,0,0,69,70,19,On what day is the Rillmarket Fair held each year?,9th Day of Serein,9th Day of Serein,1.0,1.0,1
fic:18|fic:18:A=target:5b09c67bc142|B=fic:18:side5,fic:18,fic:18:A=target:5b09c67bc142,fic:18:target,fic:18:side5,qwen,qwen_sl_reopen,0,small,large,qwen_small,qwen_large,reopen,1,0,,,no intervention,1,1,0,1,fic:18:target|fic:18:side1|fic:18:side2,fic:18:side5|fic:18:side1|fic:18:side3|fic:18:side2|fic:18:side4|fic:18:target,fic:18:side5,3,1,1,0,1,1,1,0,1,1,1,1,1,0,0,0,0,69,125,19,On what day is the Rillmarket Fair held each year?,9th Day of Serein,9th Day of Serein,1.0,1.0,1
fic:18|fic:18:A=side3:cce01ab51271|B=fic:18:side2,fic:18,fic:18:A=side3:cce01ab51271,fic:18:side3,fic:18:side2,llama,llama_ss,1,small,small,llama_small,llama_small,sealed,0,0,,,no intervention,1,1,0,1,fic:18:side3|fic:18:side4|fic:18:target,fic:18:side3|fic:18:side4|fic:18:target,fic:18:side3,3,1,1,0,0,0,1,0,0,0,1,1,1,0,0,0,0,73,73,17,What is the name of the meetinghouse rebuilt from a former ropehouse?,Cinnabar Hall,Varrik Ledger,0.0,0.0,0
fic:18|fic:18:A=side3:cce01ab51271|B=fic:18:side2,fic:18,fic:18:A=side3:cce01ab51271,fic:18:side3,fic:18:side2,llama,llama_sl,1,small,large,llama_small,llama_large,sealed,0,0,,,no intervention,1,1,0,1,fic:18:side3|fic:18:side4|fic:18:target,fic:18:side3|fic:18:side4|fic:18:target,fic:18:target,3,1,1,0,0,0,1,0,0,0,1,1,1,0,0,0,0,73,73,36,What is the name of the meetinghouse rebuilt from a former ropehouse?,Cinnabar Hall,Candleturn Tavern,0.0,0.0,0
fic:18|fic:18:A=side3:cce01ab51271|B=fic:18:side2,fic:18,fic:18:A=side3:cce01ab51271,fic:18:side3,fic:18:side2,llama,llama_ls,1,large,small,llama_large,llama_small,sealed,0,0,,,no intervention,1,1,0,1,fic:18:side3|fic:18:side5|fic:18:side1,fic:18:side3|fic:18:side5|fic:18:side1,fic:18:side3,3,1,1,0,0,0,1,0,0,0,1,1,1,0,0,0,0,51,51,17,What is the name of the meetinghouse rebuilt from a former ropehouse?,Cinnabar Hall,Varrik Ledger,0.0,0.0,0
fic:18|fic:18:A=side3:cce01ab51271|B=fic:18:side2,fic:18,fic:18:A=side3:cce01ab51271,fic:18:side3,fic:18:side2,llama,llama_ll,1,large,large,llama_large,llama_large,sealed,0,0,,,no intervention,1,1,0,1,fic:18:side3|fic:18:side5|fic:18:side1,fic:18:side3|fic:18:side5|fic:18:side1,fic:18:side5,3,1,1,0,0,0,1,0,0,0,1,1,1,0,0,0,0,51,51,19,What is the name of the meetinghouse rebuilt from a former ropehouse?,Cinnabar Hall,Rillmarket Fair,0.0,0.0,0
fic:18|fic:18:A=side3:cce01ab51271|B=fic:18:side2,fic:18,fic:18:A=side3:cce01ab51271,fic:18:side3,fic:18:side2,llama,llama_sl_sham,0,small,large,llama_small,llama_large,sham,0,1,fic:18:side5,fic:18:side4,replaced_with_length_nearest_non_support_card,1,1,0,1,fic:18:side3|fic:18:side4|fic:18:target,fic:18:side3|fic:18:side5|fic:18:target,fic:18:target,3,1,1,0,0,0,1,0,0,0,1,1,1,0,0,0,0,73,72,36,What is the name of the meetinghouse rebuilt from a former ropehouse?,Cinnabar Hall,Candleturn Tavern,0.0,0.0,0
fic:18|fic:18:A=side3:cce01ab51271|B=fic:18:side2,fic:18,fic:18:A=side3:cce01ab51271,fic:18:side3,fic:18:side2,llama,llama_sl_restore,0,small,large,llama_small,llama_large,restore,0,1,fic:18:side2,fic:18:side4,replaced_length_nearest_card,1,1,0,1,fic:18:side3|fic:18:side4|fic:18:target,fic:18:side3|fic:18:side2|fic:18:target,fic:18:side2,3,1,1,0,1,1,1,0,1,1,1,1,1,0,0,0,0,73,71,18,What is the name of the meetinghouse rebuilt from a former ropehouse?,Cinnabar Hall,Cinnabar Hall,1.0,1.0,1
fic:18|fic:18:A=side3:cce01ab51271|B=fic:18:side2,fic:18,fic:18:A=side3:cce01ab51271,fic:18:side3,fic:18:side2,llama,llama_sl_reopen,0,small,large,llama_small,llama_large,reopen,1,0,,,no intervention,1,1,0,1,fic:18:side3|fic:18:side4|fic:18:target,fic:18:side5|fic:18:side1|fic:18:side3|fic:18:side2|fic:18:side4|fic:18:target,fic:18:side2,3,1,1,0,1,1,1,0,1,1,1,1,1,0,0,0,0,73,125,18,What is the name of the meetinghouse rebuilt from a former ropehouse?,Cinnabar Hall,Cinnabar Hall,1.0,1.0,1
fic:18|fic:18:A=side3:cce01ab51271|B=fic:18:side2,fic:18,fic:18:A=side3:cce01ab51271,fic:18:side3,fic:18:side2,qwen,qwen_ss,1,small,small,qwen_small,qwen_small,sealed,0,0,,,no intervention,1,1,0,1,fic:18:side3|fic:18:side4|fic:18:target,fic:18:side3|fic:18:side4|fic:18:target,fic:18:target,3,1,1,0,0,0,1,0,0,0,1,1,1,0,0,0,0,73,73,36,What is the name of the meetinghouse rebuilt from a former ropehouse?,Cinnabar Hall,Candleturn Tavern,0.0,0.0,0
fic:18|fic:18:A=side3:cce01ab51271|B=fic:18:side2,fic:18,fic:18:A=side3:cce01ab51271,fic:18:side3,fic:18:side2,qwen,qwen_sl,1,small,large,qwen_small,qwen_large,sealed,0,0,,,no intervention,1,1,0,1,fic:18:side3|fic:18:side4|fic:18:target,fic:18:side3|fic:18:side4|fic:18:target,fic:18:target,3,1,1,0,0,0,1,0,0,0,1,1,1,0,0,0,0,73,73,36,What is the name of the meetinghouse rebuilt from a former ropehouse?,Cinnabar Hall,Candleturn Tavern,0.0,0.0,0
fic:18|fic:18:A=side3:cce01ab51271|B=fic:18:side2,fic:18,fic:18:A=side3:cce01ab51271,fic:18:side3,fic:18:side2,qwen,qwen_ls,1,large,small,qwen_large,qwen_small,sealed,0,0,,,no intervention,1,1,0,1,fic:18:side3|fic:18:side1|fic:18:side5,fic:18:side3|fic:18:side1|fic:18:side5,fic:18:side5,3,1,1,0,0,0,1,0,0,0,1,1,1,0,0,0,0,51,51,19,What is the name of the meetinghouse rebuilt from a former ropehouse?,Cinnabar Hall,Rillmarket Fair,0.0,0.0,0
fic:18|fic:18:A=side3:cce01ab51271|B=fic:18:side2,fic:18,fic:18:A=side3:cce01ab51271,fic:18:side3,fic:18:side2,qwen,qwen_ll,1,large,large,qwen_large,qwen_large,sealed,0,0,,,no intervention,1,1,0,1,fic:18:side3|fic:18:side1|fic:18:side5,fic:18:side3|fic:18:side1|fic:18:side5,fic:18:side5,3,1,1,0,0,0,1,0,0,0,1,1,1,0,0,0,0,51,51,19,What is the name of the meetinghouse rebuilt from a former ropehouse?,Cinnabar Hall,Rillmarket Fair,0.0,0.0,0
fic:18|fic:18:A=side3:cce01ab51271|B=fic:18:side2,fic:18,fic:18:A=side3:cce01ab51271,fic:18:side3,fic:18:side2,qwen,qwen_sl_sham,0,small,large,qwen_small,qwen_large,sham,0,1,fic:18:side5,fic:18:side4,replaced_with_length_nearest_non_support_card,1,1,0,1,fic:18:side3|fic:18:side4|fic:18:target,fic:18:side3|fic:18:side5|fic:18:target,fic:18:target,3,1,1,0,0,0,1,0,0,0,1,1,1,0,0,0,0,73,72,36,What is the name of the meetinghouse rebuilt from a former ropehouse?,Cinnabar Hall,Candleturn Tavern,0.0,0.0,0
fic:18|fic:18:A=side3:cce01ab51271|B=fic:18:side2,fic:18,fic:18:A=side3:cce01ab51271,fic:18:side3,fic:18:side2,qwen,qwen_sl_restore,0,small,large,qwen_small,qwen_large,restore,0,1,fic:18:side2,fic:18:side4,replaced_length_nearest_card,1,1,0,1,fic:18:side3|fic:18:side4|fic:18:target,fic:18:side3|fic:18:side2|fic:18:target,fic:18:side2,3,1,1,0,1,1,1,0,1,1,1,1,1,0,0,0,0,73,71,18,What is the name of the meetinghouse rebuilt from a former ropehouse?,Cinnabar Hall,Cinnabar Hall,1.0,1.0,1
fic:18|fic:18:A=side3:cce01ab51271|B=fic:18:side2,fic:18,fic:18:A=side3:cce01ab51271,fic:18:side3,fic:18:side2,qwen,qwen_sl_reopen,0,small,large,qwen_small,qwen_large,reopen,1,0,,,no intervention,1,1,0,1,fic:18:side3|fic:18:side4|fic:18:target,fic:18:side5|fic:18:side1|fic:18:side3|fic:18:side2|fic:18:side4|fic:18:target,fic:18:side2,3,1,1,0,1,1,1,0,1,1,1,1,1,0,0,0,0,73,125,18,What is the name of the meetinghouse rebuilt from a former ropehouse?,Cinnabar Hall,Cinnabar Hall,1.0,1.0,1
fic:18|fic:18:A=side5:d5cd7100a112|B=fic:18:side1,fic:18,fic:18:A=side5:d5cd7100a112,fic:18:side5,fic:18:side1,llama,llama_ss,1,small,small,llama_small,llama_small,sealed,0,0,,,no intervention,1,1,0,1,fic:18:side5|fic:18:side4|fic:18:target,fic:18:side5|fic:18:side4|fic:18:target,fic:18:target,3,1,1,0,0,0,1,0,0,0,1,1,1,0,0,0,0,75,75,36,In what year was the formal charter granted?,975,972,0.0,0.0,0
fic:18|fic:18:A=side5:d5cd7100a112|B=fic:18:side1,fic:18,fic:18:A=side5:d5cd7100a112,fic:18:side5,fic:18:side1,llama,llama_sl,1,small,large,llama_small,llama_large,sealed,0,0,,,no intervention,1,1,0,1,fic:18:side5|fic:18:side4|fic:18:target,fic:18:side5|fic:18:side4|fic:18:target,fic:18:target,3,1,1,0,0,0,1,0,0,0,1,1,1,0,0,0,0,75,75,36,In what year was the formal charter granted?,975,972,0.0,0.0,0
fic:18|fic:18:A=side5:d5cd7100a112|B=fic:18:side1,fic:18,fic:18:A=side5:d5cd7100a112,fic:18:side5,fic:18:side1,llama,llama_ls,1,large,small,llama_large,llama_small,sealed,0,0,,,no intervention,0,1,0,1,fic:18:side5|fic:18:side1|fic:18:target,fic:18:side5|fic:18:side1|fic:18:target,fic:18:side1,3,1,1,1,1,1,1,1,1,1,1,1,1,0,0,0,0,70,70,15,In what year was the formal charter granted?,975,975,1.0,1.0,1
fic:18|fic:18:A=side5:d5cd7100a112|B=fic:18:side1,fic:18,fic:18:A=side5:d5cd7100a112,fic:18:side5,fic:18:side1,llama,llama_ll,1,large,large,llama_large,llama_large,sealed,0,0,,,no intervention,0,1,0,1,fic:18:side5|fic:18:side1|fic:18:target,fic:18:side5|fic:18:side1|fic:18:target,fic:18:side1,3,1,1,1,1,1,1,1,1,1,1,1,1,0,0,0,0,70,70,15,In what year was the formal charter granted?,975,975,1.0,1.0,1
fic:18|fic:18:A=side5:d5cd7100a112|B=fic:18:side1,fic:18,fic:18:A=side5:d5cd7100a112,fic:18:side5,fic:18:side1,llama,llama_sl_sham,0,small,large,llama_small,llama_large,sham,0,1,fic:18:side2,fic:18:side4,replaced_with_length_nearest_non_support_card,1,1,0,1,fic:18:side5|fic:18:side4|fic:18:target,fic:18:side5|fic:18:side2|fic:18:target,fic:18:target,3,1,1,0,0,0,1,0,0,0,1,1,1,0,0,0,0,75,73,36,In what year was the formal charter granted?,975,972,0.0,0.0,0
fic:18|fic:18:A=side5:d5cd7100a112|B=fic:18:side1,fic:18,fic:18:A=side5:d5cd7100a112,fic:18:side5,fic:18:side1,llama,llama_sl_restore,0,small,large,llama_small,llama_large,restore,0,1,fic:18:side1,fic:18:side4,replaced_length_nearest_card,1,1,0,1,fic:18:side5|fic:18:side4|fic:18:target,fic:18:side5|fic:18:side1|fic:18:target,fic:18:side1,3,1,1,0,1,1,1,0,1,1,1,1,1,0,0,0,0,75,70,15,In what year was the formal charter granted?,975,975,1.0,1.0,1
fic:18|fic:18:A=side5:d5cd7100a112|B=fic:18:side1,fic:18,fic:18:A=side5:d5cd7100a112,fic:18:side5,fic:18:side1,llama,llama_sl_reopen,0,small,large,llama_small,llama_large,reopen,1,0,,,no intervention,1,1,0,1,fic:18:side5|fic:18:side4|fic:18:target,fic:18:side5|fic:18:side1|fic:18:side3|fic:18:side2|fic:18:side4|fic:18:target,fic:18:side1,3,1,1,0,1,1,1,0,1,1,1,1,1,0,0,0,0,75,125,15,In what year was the formal charter granted?,975,975,1.0,1.0,1
fic:18|fic:18:A=side5:d5cd7100a112|B=fic:18:side1,fic:18,fic:18:A=side5:d5cd7100a112,fic:18:side5,fic:18:side1,qwen,qwen_ss,1,small,small,qwen_small,qwen_small,sealed,0,0,,,no intervention,0,1,0,1,fic:18:side5|fic:18:side1|fic:18:target,fic:18:side5|fic:18:side1|fic:18:target,fic:18:side1,3,1,1,1,1,1,1,1,1,1,1,1,1,0,0,0,0,70,70,15,In what year was the formal charter granted?,975,975,1.0,1.0,1
fic:18|fic:18:A=side5:d5cd7100a112|B=fic:18:side1,fic:18,fic:18:A=side5:d5cd7100a112,fic:18:side5,fic:18:side1,qwen,qwen_sl,1,small,large,qwen_small,qwen_large,sealed,0,0,,,no intervention,0,1,0,1,fic:18:side5|fic:18:side1|fic:18:target,fic:18:side5|fic:18:side1|fic:18:target,fic:18:side1,3,1,1,1,1,1,1,1,1,1,1,1,1,0,0,0,0,70,70,15,In what year was the formal charter granted?,975,975,1.0,1.0,1
fic:18|fic:18:A=side5:d5cd7100a112|B=fic:18:side1,fic:18,fic:18:A=side5:d5cd7100a112,fic:18:side5,fic:18:side1,qwen,qwen_ls,1,large,small,qwen_large,qwen_small,sealed,0,0,,,no intervention,0,1,0,1,fic:18:side5|fic:18:side1|fic:18:target,fic:18:side5|fic:18:side1|fic:18:target,fic:18:side1,3,1,1,1,1,1,1,1,1,1,1,1,1,0,0,0,0,70,70,15,In what year was the formal charter granted?,975,975,1.0,1.0,1
fic:18|fic:18:A=side5:d5cd7100a112|B=fic:18:side1,fic:18,fic:18:A=side5:d5cd7100a112,fic:18:side5,fic:18:side1,qwen,qwen_ll,1,large,large,qwen_large,qwen_large,sealed,0,0,,,no intervention,0,1,0,1,fic:18:side5|fic:18:side1|fic:18:target,fic:18:side5|fic:18:side1|fic:18:target,fic:18:side1,3,1,1,1,1,1,1,1,1,1,1,1,1,0,0,0,0,70,70,15,In what year was the formal charter granted?,975,975,1.0,1.0,1
fic:18|fic:18:A=side5:d5cd7100a112|B=fic:18:side1,fic:18,fic:18:A=side5:d5cd7100a112,fic:18:side5,fic:18:side1,qwen,qwen_sl_sham,0,small,large,qwen_small,qwen_large,sham,0,0,,,"restore was ineligible, so matched sham is a no-op",0,1,0,1,fic:18:side5|fic:18:side1|fic:18:target,fic:18:side5|fic:18:side1|fic:18:target,fic:18:side1,3,1,1,1,1,1,1,1,1,1,1,1,1,0,0,0,0,70,70,15,In what year was the formal charter granted?,975,975,1.0,1.0,1
fic:18|fic:18:A=side5:d5cd7100a112|B=fic:18:side1,fic:18,fic:18:A=side5:d5cd7100a112,fic:18:side5,fic:18:side1,qwen,qwen_sl_restore,0,small,large,qwen_small,qwen_large,restore,0,0,,,support_already_present,0,1,0,1,fic:18:side5|fic:18:side1|fic:18:target,fic:18:side5|fic:18:side1|fic:18:target,fic:18:side1,3,1,1,1,1,1,1,1,1,1,1,1,1,0,0,0,0,70,70,15,In what year was the formal charter granted?,975,975,1.0,1.0,1
fic:18|fic:18:A=side5:d5cd7100a112|B=fic:18:side1,fic:18,fic:18:A=side5:d5cd7100a112,fic:18:side5,fic:18:side1,qwen,qwen_sl_reopen,0,small,large,qwen_small,qwen_large,reopen,1,0,,,no intervention,0,1,0,1,fic:18:side5|fic:18:side1|fic:18:target,fic:18:side5|fic:18:side1|fic:18:side3|fic:18:side2|fic:18:side4|fic:18:target,fic:18:side1,3,1,1,1,1,1,1,1,1,1,1,1,1,0,0,0,0,70,125,15,In what year was the formal charter granted?,975,975,1.0,1.0,1
fic:18|fic:18:A=side2:c54044e93fd4|B=fic:18:side4,fic:18,fic:18:A=side2:c54044e93fd4,fic:18:side2,fic:18:side4,llama,llama_ss,1,small,small,llama_small,llama_small,sealed,0,0,,,no intervention,1,1,0,1,fic:18:side2|fic:18:side5|fic:18:side1,fic:18:side2|fic:18:side5|fic:18:side1,fic:18:side5,3,1,1,0,0,0,1,0,0,0,1,1,1,0,0,0,0,52,52,19,What stamp do finished goods receive after passing inspection?,three-crescent stamp,Rillmarket Fair,0.0,0.0,0
fic:18|fic:18:A=side2:c54044e93fd4|B=fic:18:side4,fic:18,fic:18:A=side2:c54044e93fd4,fic:18:side2,fic:18:side4,llama,llama_sl,1,small,large,llama_small,llama_large,sealed,0,0,,,no intervention,1,1,0,1,fic:18:side2|fic:18:side5|fic:18:side1,fic:18:side2|fic:18:side5|fic:18:side1,fic:18:side5,3,1,1,0,0,0,1,0,0,0,1,1,1,0,0,0,0,52,52,19,What stamp do finished goods receive after passing inspection?,three-crescent stamp,Rillmarket Fair,0.0,0.0,0
fic:18|fic:18:A=side2:c54044e93fd4|B=fic:18:side4,fic:18,fic:18:A=side2:c54044e93fd4,fic:18:side2,fic:18:side4,llama,llama_ls,1,large,small,llama_large,llama_small,sealed,0,0,,,no intervention,1,1,0,1,fic:18:side2|fic:18:side5|fic:18:side1,fic:18:side2|fic:18:side5|fic:18:side1,fic:18:side5,3,1,1,0,0,0,1,0,0,0,1,1,1,0,0,0,0,52,52,19,What stamp do finished goods receive after passing inspection?,three-crescent stamp,Rillmarket Fair,0.0,0.0,0
fic:18|fic:18:A=side2:c54044e93fd4|B=fic:18:side4,fic:18,fic:18:A=side2:c54044e93fd4,fic:18:side2,fic:18:side4,llama,llama_ll,1,large,large,llama_large,llama_large,sealed,0,0,,,no intervention,1,1,0,1,fic:18:side2|fic:18:side5|fic:18:side1,fic:18:side2|fic:18:side5|fic:18:side1,fic:18:side5,3,1,1,0,0,0,1,0,0,0,1,1,1,0,0,0,0,52,52,19,What stamp do finished goods receive after passing inspection?,three-crescent stamp,Rillmarket Fair,0.0,0.0,0
fic:18|fic:18:A=side2:c54044e93fd4|B=fic:18:side4,fic:18,fic:18:A=side2:c54044e93fd4,fic:18:side2,fic:18:side4,llama,llama_sl_sham,0,small,large,llama_small,llama_large,sham,0,1,fic:18:side3,fic:18:side5,replaced_with_length_nearest_non_support_card,1,1,0,1,fic:18:side2|fic:18:side5|fic:18:side1,fic:18:side2|fic:18:side3|fic:18:side1,fic:18:side3,3,1,1,0,0,0,1,0,0,0,1,1,1,0,0,0,0,52,50,17,What stamp do finished goods receive after passing inspection?,three-crescent stamp,Varrik Ledger,0.0,0.0,0
fic:18|fic:18:A=side2:c54044e93fd4|B=fic:18:side4,fic:18,fic:18:A=side2:c54044e93fd4,fic:18:side2,fic:18:side4,llama,llama_sl_restore,0,small,large,llama_small,llama_large,restore,0,1,fic:18:side4,fic:18:side5,replaced_length_nearest_card,1,1,0,1,fic:18:side2|fic:18:side5|fic:18:side1,fic:18:side2|fic:18:side4|fic:18:side1,fic:18:side4,3,1,1,0,1,1,1,0,1,1,1,1,1,0,0,0,0,52,53,20,What stamp do finished goods receive after passing inspection?,three-crescent stamp,three-crescent stamp,1.0,1.0,1
fic:18|fic:18:A=side2:c54044e93fd4|B=fic:18:side4,fic:18,fic:18:A=side2:c54044e93fd4,fic:18:side2,fic:18:side4,llama,llama_sl_reopen,0,small,large,llama_small,llama_large,reopen,1,0,,,no intervention,1,1,0,1,fic:18:side2|fic:18:side5|fic:18:side1,fic:18:side5|fic:18:side1|fic:18:side3|fic:18:side2|fic:18:side4|fic:18:target,fic:18:side4,3,1,1,0,1,1,1,0,1,1,1,1,1,0,0,0,0,52,125,20,What stamp do finished goods receive after passing inspection?,three-crescent stamp,three-crescent stamp,1.0,1.0,1
fic:18|fic:18:A=side2:c54044e93fd4|B=fic:18:side4,fic:18,fic:18:A=side2:c54044e93fd4,fic:18:side2,fic:18:side4,qwen,qwen_ss,1,small,small,qwen_small,qwen_small,sealed,0,0,,,no intervention,0,1,0,1,fic:18:side2|fic:18:side5|fic:18:side4,fic:18:side2|fic:18:side5|fic:18:side4,fic:18:side4,3,1,1,1,1,1,1,1,1,1,1,1,1,0,0,0,0,57,57,20,What stamp do finished goods receive after passing inspection?,three-crescent stamp,three-crescent stamp,1.0,1.0,1
fic:18|fic:18:A=side2:c54044e93fd4|B=fic:18:side4,fic:18,fic:18:A=side2:c54044e93fd4,fic:18:side2,fic:18:side4,qwen,qwen_sl,1,small,large,qwen_small,qwen_large,sealed,0,0,,,no intervention,0,1,0,1,fic:18:side2|fic:18:side5|fic:18:side4,fic:18:side2|fic:18:side5|fic:18:side4,fic:18:side4,3,1,1,1,1,1,1,1,1,1,1,1,1,0,0,0,0,57,57,20,What stamp do finished goods receive after passing inspection?,three-crescent stamp,three-crescent stamp,1.0,1.0,1
fic:18|fic:18:A=side2:c54044e93fd4|B=fic:18:side4,fic:18,fic:18:A=side2:c54044e93fd4,fic:18:side2,fic:18:side4,qwen,qwen_ls,1,large,small,qwen_large,qwen_small,sealed,0,0,,,no intervention,1,1,0,1,fic:18:side2|fic:18:side1|fic:18:target,fic:18:side2|fic:18:side1|fic:18:target,fic:18:target,3,1,1,0,0,0,1,0,0,0,1,1,1,0,0,0,0,69,69,36,What stamp do finished goods receive after passing inspection?,three-crescent stamp,brightcoat,0.0,0.0,0
fic:18|fic:18:A=side2:c54044e93fd4|B=fic:18:side4,fic:18,fic:18:A=side2:c54044e93fd4,fic:18:side2,fic:18:side4,qwen,qwen_ll,1,large,large,qwen_large,qwen_large,sealed,0,0,,,no intervention,1,1,0,1,fic:18:side2|fic:18:side1|fic:18:target,fic:18:side2|fic:18:side1|fic:18:target,fic:18:target,3,1,1,0,0,0,1,0,0,0,1,1,1,0,0,0,0,69,69,36,What stamp do finished goods receive after passing inspection?,three-crescent stamp,brightcoat,0.0,0.0,0
fic:18|fic:18:A=side2:c54044e93fd4|B=fic:18:side4,fic:18,fic:18:A=side2:c54044e93fd4,fic:18:side2,fic:18:side4,qwen,qwen_sl_sham,0,small,large,qwen_small,qwen_large,sham,0,0,,,"restore was ineligible, so matched sham is a no-op",0,1,0,1,fic:18:side2|fic:18:side5|fic:18:side4,fic:18:side2|fic:18:side5|fic:18:side4,fic:18:side4,3,1,1,1,1,1,1,1,1,1,1,1,1,0,0,0,0,57,57,20,What stamp do finished goods receive after passing inspection?,three-crescent stamp,three-crescent stamp,1.0,1.0,1
fic:18|fic:18:A=side2:c54044e93fd4|B=fic:18:side4,fic:18,fic:18:A=side2:c54044e93fd4,fic:18:side2,fic:18:side4,qwen,qwen_sl_restore,0,small,large,qwen_small,qwen_large,restore,0,0,,,support_already_present,0,1,0,1,fic:18:side2|fic:18:side5|fic:18:side4,fic:18:side2|fic:18:side5|fic:18:side4,fic:18:side4,3,1,1,1,1,1,1,1,1,1,1,1,1,0,0,0,0,57,57,20,What stamp do finished goods receive after passing inspection?,three-crescent stamp,three-crescent stamp,1.0,1.0,1
fic:18|fic:18:A=side2:c54044e93fd4|B=fic:18:side4,fic:18,fic:18:A=side2:c54044e93fd4,fic:18:side2,fic:18:side4,qwen,qwen_sl_reopen,0,small,large,qwen_small,qwen_large,reopen,1,0,,,no intervention,0,1,0,1,fic:18:side2|fic:18:side5|fic:18:side4,fic:18:side5|fic:18:side1|fic:18:side3|fic:18:side2|fic:18:side4|fic:18:target,fic:18:side4,3,1,1,1,1,1,1,1,1,1,1,1,1,0,0,0,0,57,125,20,What stamp do finished goods receive after passing inspection?,three-crescent stamp,three-crescent stamp,1.0,1.0,1
fic:19|fic:19:A=side3:12ff0c0d2bba|B=fic:19:side4,fic:19,fic:19:A=side3:12ff0c0d2bba,fic:19:side3,fic:19:side4,llama,llama_ss,1,small,small,llama_small,llama_small,sealed,0,0,,,no intervention,1,1,0,1,fic:19:side2|fic:19:target|fic:19:side3,fic:19:side2|fic:19:target|fic:19:side3,fic:19:side2,3,1,1,0,0,0,1,0,0,0,1,1,1,0,0,0,0,62,62,20,What is the highest-numbered Halnturn Sheet?,HS-203,C01,0.0,0.0,0
fic:19|fic:19:A=side3:12ff0c0d2bba|B=fic:19:side4,fic:19,fic:19:A=side3:12ff0c0d2bba,fic:19:side3,fic:19:side4,llama,llama_sl,1,small,large,llama_small,llama_large,sealed,0,0,,,no intervention,1,1,0,1,fic:19:side2|fic:19:target|fic:19:side3,fic:19:side2|fic:19:target|fic:19:side3,fic:19:side3,3,1,1,0,0,0,1,0,0,0,1,1,1,0,0,0,0,62,62,13,What is the highest-numbered Halnturn Sheet?,HS-203,Insufficient material,0.0,0.0,0
fic:19|fic:19:A=side3:12ff0c0d2bba|B=fic:19:side4,fic:19,fic:19:A=side3:12ff0c0d2bba,fic:19:side3,fic:19:side4,llama,llama_ls,1,large,small,llama_large,llama_small,sealed,0,0,,,no intervention,1,1,0,1,fic:19:target|fic:19:side3|fic:19:side2,fic:19:target|fic:19:side3|fic:19:side2,fic:19:side2,3,1,1,0,0,0,1,0,0,0,1,1,1,0,0,0,0,62,62,20,What is the highest-numbered Halnturn Sheet?,HS-203,C01,0.0,0.0,0
fic:19|fic:19:A=side3:12ff0c0d2bba|B=fic:19:side4,fic:19,fic:19:A=side3:12ff0c0d2bba,fic:19:side3,fic:19:side4,llama,llama_ll,1,large,large,llama_large,llama_large,sealed,0,0,,,no intervention,1,1,0,1,fic:19:target|fic:19:side3|fic:19:side2,fic:19:target|fic:19:side3|fic:19:side2,fic:19:side3,3,1,1,0,0,0,1,0,0,0,1,1,1,0,0,0,0,62,62,13,What is the highest-numbered Halnturn Sheet?,HS-203,Insufficient material,0.0,0.0,0
fic:19|fic:19:A=side3:12ff0c0d2bba|B=fic:19:side4,fic:19,fic:19:A=side3:12ff0c0d2bba,fic:19:side3,fic:19:side4,llama,llama_sl_sham,0,small,large,llama_small,llama_large,sham,0,1,fic:19:side5,fic:19:side2,replaced_with_length_nearest_non_support_card,1,1,0,1,fic:19:side2|fic:19:target|fic:19:side3,fic:19:side5|fic:19:target|fic:19:side3,fic:19:side3,3,1,1,0,0,0,1,0,0,0,1,1,1,0,0,0,0,62,55,13,What is the highest-numbered Halnturn Sheet?,HS-203,Insufficient material,0.0,0.0,0
fic:19|fic:19:A=side3:12ff0c0d2bba|B=fic:19:side4,fic:19,fic:19:A=side3:12ff0c0d2bba,fic:19:side3,fic:19:side4,llama,llama_sl_restore,0,small,large,llama_small,llama_large,restore,0,1,fic:19:side4,fic:19:side2,replaced_length_nearest_card,1,1,0,1,fic:19:side2|fic:19:target|fic:19:side3,fic:19:side4|fic:19:target|fic:19:side3,fic:19:side4,3,1,1,0,1,1,1,0,1,1,1,1,1,0,0,0,0,62,55,13,What is the highest-numbered Halnturn Sheet?,HS-203,HS-203,1.0,1.0,1
fic:19|fic:19:A=side3:12ff0c0d2bba|B=fic:19:side4,fic:19,fic:19:A=side3:12ff0c0d2bba,fic:19:side3,fic:19:side4,llama,llama_sl_reopen,0,small,large,llama_small,llama_large,reopen,1,0,,,no intervention,1,1,0,1,fic:19:side2|fic:19:target|fic:19:side3,fic:19:side2|fic:19:side1|fic:19:side5|fic:19:target|fic:19:side3|fic:19:side4,fic:19:side4,3,1,1,0,1,1,1,0,1,1,1,1,1,0,0,0,0,62,99,13,What is the highest-numbered Halnturn Sheet?,HS-203,HS-203,1.0,1.0,1
fic:19|fic:19:A=side3:12ff0c0d2bba|B=fic:19:side4,fic:19,fic:19:A=side3:12ff0c0d2bba,fic:19:side3,fic:19:side4,qwen,qwen_ss,1,small,small,qwen_small,qwen_small,sealed,0,0,,,no intervention,1,1,0,1,fic:19:side3|fic:19:side2|fic:19:target,fic:19:side3|fic:19:side2|fic:19:target,fic:19:side2,3,1,1,0,0,0,1,0,0,0,1,1,1,0,0,0,0,62,62,20,What is the highest-numbered Halnturn Sheet?,HS-203,C01,0.0,0.0,0
fic:19|fic:19:A=side3:12ff0c0d2bba|B=fic:19:side4,fic:19,fic:19:A=side3:12ff0c0d2bba,fic:19:side3,fic:19:side4,qwen,qwen_sl,1,small,large,qwen_small,qwen_large,sealed,0,0,,,no intervention,1,1,0,1,fic:19:side3|fic:19:side2|fic:19:target,fic:19:side3|fic:19:side2|fic:19:target,fic:19:side3,3,1,1,0,0,0,1,0,0,0,1,1,1,0,0,0,0,62,62,13,What is the highest-numbered Halnturn Sheet?,HS-203,Insufficient material,0.0,0.0,0
fic:19|fic:19:A=side3:12ff0c0d2bba|B=fic:19:side4,fic:19,fic:19:A=side3:12ff0c0d2bba,fic:19:side3,fic:19:side4,qwen,qwen_ls,1,large,small,qwen_large,qwen_small,sealed,0,0,,,no intervention,1,1,0,1,fic:19:side3|fic:19:target|fic:19:side1,fic:19:side3|fic:19:target|fic:19:side1,fic:19:side3,3,1,1,0,0,0,1,0,0,0,1,1,1,0,0,0,0,53,53,13,What is the highest-numbered Halnturn Sheet?,HS-203,Insufficient material,0.0,0.0,0
fic:19|fic:19:A=side3:12ff0c0d2bba|B=fic:19:side4,fic:19,fic:19:A=side3:12ff0c0d2bba,fic:19:side3,fic:19:side4,qwen,qwen_ll,1,large,large,qwen_large,qwen_large,sealed,0,0,,,no intervention,1,1,0,1,fic:19:side3|fic:19:target|fic:19:side1,fic:19:side3|fic:19:target|fic:19:side1,fic:19:side3,3,1,1,0,0,0,1,0,0,0,1,1,1,0,0,0,0,53,53,13,What is the highest-numbered Halnturn Sheet?,HS-203,Insufficient material,0.0,0.0,0
fic:19|fic:19:A=side3:12ff0c0d2bba|B=fic:19:side4,fic:19,fic:19:A=side3:12ff0c0d2bba,fic:19:side3,fic:19:side4,qwen,qwen_sl_sham,0,small,large,qwen_small,qwen_large,sham,0,1,fic:19:side5,fic:19:side2,replaced_with_length_nearest_non_support_card,1,1,0,1,fic:19:side3|fic:19:side2|fic:19:target,fic:19:side3|fic:19:side5|fic:19:target,fic:19:side3,3,1,1,0,0,0,1,0,0,0,1,1,1,0,0,0,0,62,55,13,What is the highest-numbered Halnturn Sheet?,HS-203,Insufficient material,0.0,0.0,0
fic:19|fic:19:A=side3:12ff0c0d2bba|B=fic:19:side4,fic:19,fic:19:A=side3:12ff0c0d2bba,fic:19:side3,fic:19:side4,qwen,qwen_sl_restore,0,small,large,qwen_small,qwen_large,restore,0,1,fic:19:side4,fic:19:side2,replaced_length_nearest_card,1,1,0,1,fic:19:side3|fic:19:side2|fic:19:target,fic:19:side3|fic:19:side4|fic:19:target,fic:19:side4,3,1,1,0,1,1,1,0,1,1,1,1,1,0,0,0,0,62,55,13,What is the highest-numbered Halnturn Sheet?,HS-203,HS-203,1.0,1.0,1
fic:19|fic:19:A=side3:12ff0c0d2bba|B=fic:19:side4,fic:19,fic:19:A=side3:12ff0c0d2bba,fic:19:side3,fic:19:side4,qwen,qwen_sl_reopen,0,small,large,qwen_small,qwen_large,reopen,1,0,,,no intervention,1,1,0,1,fic:19:side3|fic:19:side2|fic:19:target,fic:19:side2|fic:19:side1|fic:19:side5|fic:19:target|fic:19:side3|fic:19:side4,fic:19:side4,3,1,1,0,1,1,1,0,1,1,1,1,1,0,0,0,0,62,99,13,What is the highest-numbered Halnturn Sheet?,HS-203,HS-203,1.0,1.0,1
fic:19|fic:19:A=side2:53cd962b3946|B=fic:19:side1,fic:19,fic:19:A=side2:53cd962b3946,fic:19:side2,fic:19:side1,llama,llama_ss,1,small,small,llama_small,llama_small,sealed,0,0,,,no intervention,0,1,0,1,fic:19:side2|fic:19:side1|fic:19:side5,fic:19:side2|fic:19:side1|fic:19:side5,fic:19:side1,3,1,1,1,1,1,1,1,1,1,1,1,1,0,0,0,0,44,44,11,In what year was Orsavel Hall built?,968,968,1.0,1.0,1
fic:19|fic:19:A=side2:53cd962b3946|B=fic:19:side1,fic:19,fic:19:A=side2:53cd962b3946,fic:19:side2,fic:19:side1,llama,llama_sl,1,small,large,llama_small,llama_large,sealed,0,0,,,no intervention,0,1,0,1,fic:19:side2|fic:19:side1|fic:19:side5,fic:19:side2|fic:19:side1|fic:19:side5,fic:19:side1,3,1,1,1,1,1,1,1,1,1,1,1,1,0,0,0,0,44,44,11,In what year was Orsavel Hall built?,968,968,1.0,1.0,1
fic:19|fic:19:A=side2:53cd962b3946|B=fic:19:side1,fic:19,fic:19:A=side2:53cd962b3946,fic:19:side2,fic:19:side1,llama,llama_ls,1,large,small,llama_large,llama_small,sealed,0,0,,,no intervention,1,1,0,1,fic:19:side2|fic:19:target|fic:19:side3,fic:19:side2|fic:19:target|fic:19:side3,fic:19:side2,3,1,1,0,0,0,1,0,0,0,1,1,1,0,0,0,0,62,62,20,In what year was Orsavel Hall built?,968,Insufficient material,0.0,0.0,0
fic:19|fic:19:A=side2:53cd962b3946|B=fic:19:side1,fic:19,fic:19:A=side2:53cd962b3946,fic:19:side2,fic:19:side1,llama,llama_ll,1,large,large,llama_large,llama_large,sealed,0,0,,,no intervention,1,1,0,1,fic:19:side2|fic:19:target|fic:19:side3,fic:19:side2|fic:19:target|fic:19:side3,fic:19:target,3,1,1,0,0,0,1,0,0,0,1,1,1,0,0,0,0,62,62,29,In what year was Orsavel Hall built?,968,973,0.0,0.0,0
fic:19|fic:19:A=side2:53cd962b3946|B=fic:19:side1,fic:19,fic:19:A=side2:53cd962b3946,fic:19:side2,fic:19:side1,llama,llama_sl_sham,0,small,large,llama_small,llama_large,sham,0,0,,,"restore was ineligible, so matched sham is a no-op",0,1,0,1,fic:19:side2|fic:19:side1|fic:19:side5,fic:19:side2|fic:19:side1|fic:19:side5,fic:19:side1,3,1,1,1,1,1,1,1,1,1,1,1,1,0,0,0,0,44,44,11,In what year was Orsavel Hall built?,968,968,1.0,1.0,1
fic:19|fic:19:A=side2:53cd962b3946|B=fic:19:side1,fic:19,fic:19:A=side2:53cd962b3946,fic:19:side2,fic:19:side1,llama,llama_sl_restore,0,small,large,llama_small,llama_large,restore,0,0,,,support_already_present,0,1,0,1,fic:19:side2|fic:19:side1|fic:19:side5,fic:19:side2|fic:19:side1|fic:19:side5,fic:19:side1,3,1,1,1,1,1,1,1,1,1,1,1,1,0,0,0,0,44,44,11,In what year was Orsavel Hall built?,968,968,1.0,1.0,1
fic:19|fic:19:A=side2:53cd962b3946|B=fic:19:side1,fic:19,fic:19:A=side2:53cd962b3946,fic:19:side2,fic:19:side1,llama,llama_sl_reopen,0,small,large,llama_small,llama_large,reopen,1,0,,,no intervention,0,1,0,1,fic:19:side2|fic:19:side1|fic:19:side5,fic:19:side2|fic:19:side1|fic:19:side5|fic:19:target|fic:19:side3|fic:19:side4,fic:19:side1,3,1,1,1,1,1,1,1,1,1,1,1,1,0,0,0,0,44,99,11,In what year was Orsavel Hall built?,968,968,1.0,1.0,1
fic:19|fic:19:A=side2:53cd962b3946|B=fic:19:side1,fic:19,fic:19:A=side2:53cd962b3946,fic:19:side2,fic:19:side1,qwen,qwen_ss,1,small,small,qwen_small,qwen_small,sealed,0,0,,,no intervention,1,1,0,1,fic:19:side2|fic:19:side3|fic:19:side4,fic:19:side2|fic:19:side3|fic:19:side4,fic:19:side2,3,1,1,0,0,0,1,0,0,0,1,1,1,0,0,0,0,46,46,20,In what year was Orsavel Hall built?,968,Insufficient material,0.0,0.0,0
fic:19|fic:19:A=side2:53cd962b3946|B=fic:19:side1,fic:19,fic:19:A=side2:53cd962b3946,fic:19:side2,fic:19:side1,qwen,qwen_sl,1,small,large,qwen_small,qwen_large,sealed,0,0,,,no intervention,1,1,0,1,fic:19:side2|fic:19:side3|fic:19:side4,fic:19:side2|fic:19:side3|fic:19:side4,,3,0,1,0,0,0,1,0,0,0,1,0,0,0,0,0,0,46,46,3,In what year was Orsavel Hall built?,968,,0.0,0.0,0
fic:19|fic:19:A=side2:53cd962b3946|B=fic:19:side1,fic:19,fic:19:A=side2:53cd962b3946,fic:19:side2,fic:19:side1,qwen,qwen_ls,1,large,small,qwen_large,qwen_small,sealed,0,0,,,no intervention,1,1,0,1,fic:19:side2|fic:19:target|fic:19:side3,fic:19:side2|fic:19:target|fic:19:side3,fic:19:target,3,1,1,0,0,0,1,0,0,0,1,1,1,0,0,0,0,62,62,29,In what year was Orsavel Hall built?,968,973,0.0,0.0,0
fic:19|fic:19:A=side2:53cd962b3946|B=fic:19:side1,fic:19,fic:19:A=side2:53cd962b3946,fic:19:side2,fic:19:side1,qwen,qwen_ll,1,large,large,qwen_large,qwen_large,sealed,0,0,,,no intervention,1,1,0,1,fic:19:side2|fic:19:target|fic:19:side3,fic:19:side2|fic:19:target|fic:19:side3,fic:19:target,3,1,1,0,0,0,1,0,0,0,1,1,1,0,0,0,0,62,62,29,In what year was Orsavel Hall built?,968,973,0.0,0.0,0
fic:19|fic:19:A=side2:53cd962b3946|B=fic:19:side1,fic:19,fic:19:A=side2:53cd962b3946,fic:19:side2,fic:19:side1,qwen,qwen_sl_sham,0,small,large,qwen_small,qwen_large,sham,0,1,fic:19:side5,fic:19:side3,replaced_with_length_nearest_non_support_card,1,1,0,1,fic:19:side2|fic:19:side3|fic:19:side4,fic:19:side2|fic:19:side5|fic:19:side4,fic:19:side5,3,1,1,0,0,0,1,0,0,0,1,1,1,0,0,0,0,46,46,13,In what year was Orsavel Hall built?,968,1224,0.0,0.0,0
fic:19|fic:19:A=side2:53cd962b3946|B=fic:19:side1,fic:19,fic:19:A=side2:53cd962b3946,fic:19:side2,fic:19:side1,qwen,qwen_sl_restore,0,small,large,qwen_small,qwen_large,restore,0,1,fic:19:side1,fic:19:side3,replaced_length_nearest_card,1,1,0,1,fic:19:side2|fic:19:side3|fic:19:side4,fic:19:side2|fic:19:side1|fic:19:side4,fic:19:side1,3,1,1,0,1,1,1,0,1,1,1,1,1,0,0,0,0,46,44,11,In what year was Orsavel Hall built?,968,968,1.0,1.0,1
fic:19|fic:19:A=side2:53cd962b3946|B=fic:19:side1,fic:19,fic:19:A=side2:53cd962b3946,fic:19:side2,fic:19:side1,qwen,qwen_sl_reopen,0,small,large,qwen_small,qwen_large,reopen,1,0,,,no intervention,1,1,0,1,fic:19:side2|fic:19:side3|fic:19:side4,fic:19:side2|fic:19:side1|fic:19:side5|fic:19:target|fic:19:side3|fic:19:side4,fic:19:side1,3,1,1,0,1,1,1,0,1,1,1,1,1,0,0,0,0,46,99,11,In what year was Orsavel Hall built?,968,968,1.0,1.0,1
fic:19|fic:19:A=side5:3238b6937bf3|B=fic:19:target,fic:19,fic:19:A=side5:3238b6937bf3,fic:19:side5,fic:19:target,llama,llama_ss,1,small,small,llama_small,llama_small,sealed,0,0,,,no intervention,0,1,0,1,fic:19:side1|fic:19:side5|fic:19:target,fic:19:side1|fic:19:side5|fic:19:target,fic:19:target,3,1,1,1,1,1,1,1,1,1,1,1,1,0,0,0,0,53,53,29,Who founded the Orsavel Ledger Vault?,Ruvin Daskel,Ruvin Daskel,1.0,1.0,1
fic:19|fic:19:A=side5:3238b6937bf3|B=fic:19:target,fic:19,fic:19:A=side5:3238b6937bf3,fic:19:side5,fic:19:target,llama,llama_sl,1,small,large,llama_small,llama_large,sealed,0,0,,,no intervention,0,1,0,1,fic:19:side1|fic:19:side5|fic:19:target,fic:19:side1|fic:19:side5|fic:19:target,fic:19:target,3,1,1,1,1,1,1,1,1,1,1,1,1,0,0,0,0,53,53,29,Who founded the Orsavel Ledger Vault?,Ruvin Daskel,Ruvin Daskel,1.0,1.0,1
fic:19|fic:19:A=side5:3238b6937bf3|B=fic:19:target,fic:19,fic:19:A=side5:3238b6937bf3,fic:19:side5,fic:19:target,llama,llama_ls,1,large,small,llama_large,llama_small,sealed,0,0,,,no intervention,0,1,0,1,fic:19:side5|fic:19:side1|fic:19:target,fic:19:side5|fic:19:side1|fic:19:target,fic:19:target,3,1,1,1,1,1,1,1,1,1,1,1,1,0,0,0,0,53,53,29,Who founded the Orsavel Ledger Vault?,Ruvin Daskel,Ruvin Daskel,1.0,1.0,1
fic:19|fic:19:A=side5:3238b6937bf3|B=fic:19:target,fic:19,fic:19:A=side5:3238b6937bf3,fic:19:side5,fic:19:target,llama,llama_ll,1,large,large,llama_large,llama_large,sealed,0,0,,,no intervention,0,1,0,1,fic:19:side5|fic:19:side1|fic:19:target,fic:19:side5|fic:19:side1|fic:19:target,fic:19:target,3,1,1,1,1,1,1,1,1,1,1,1,1,0,0,0,0,53,53,29,Who founded the Orsavel Ledger Vault?,Ruvin Daskel,Ruvin Daskel,1.0,1.0,1
fic:19|fic:19:A=side5:3238b6937bf3|B=fic:19:target,fic:19,fic:19:A=side5:3238b6937bf3,fic:19:side5,fic:19:target,llama,llama_sl_sham,0,small,large,llama_small,llama_large,sham,0,0,,,"restore was ineligible, so matched sham is a no-op",0,1,0,1,fic:19:side1|fic:19:side5|fic:19:target,fic:19:side1|fic:19:side5|fic:19:target,fic:19:target,3,1,1,1,1,1,1,1,1,1,1,1,1,0,0,0,0,53,53,29,Who founded the Orsavel Ledger Vault?,Ruvin Daskel,Ruvin Daskel,1.0,1.0,1
fic:19|fic:19:A=side5:3238b6937bf3|B=fic:19:target,fic:19,fic:19:A=side5:3238b6937bf3,fic:19:side5,fic:19:target,llama,llama_sl_restore,0,small,large,llama_small,llama_large,restore,0,0,,,support_already_present,0,1,0,1,fic:19:side1|fic:19:side5|fic:19:target,fic:19:side1|fic:19:side5|fic:19:target,fic:19:target,3,1,1,1,1,1,1,1,1,1,1,1,1,0,0,0,0,53,53,29,Who founded the Orsavel Ledger Vault?,Ruvin Daskel,Ruvin Daskel,1.0,1.0,1
fic:19|fic:19:A=side5:3238b6937bf3|B=fic:19:target,fic:19,fic:19:A=side5:3238b6937bf3,fic:19:side5,fic:19:target,llama,llama_sl_reopen,0,small,large,llama_small,llama_large,reopen,1,0,,,no intervention,0,1,0,1,fic:19:side1|fic:19:side5|fic:19:target,fic:19:side2|fic:19:side1|fic:19:side5|fic:19:target|fic:19:side3|fic:19:side4,fic:19:target,3,1,1,1,1,1,1,1,1,1,1,1,1,0,0,0,0,53,99,29,Who founded the Orsavel Ledger Vault?,Ruvin Daskel,Ruvin Daskel,1.0,1.0,1
fic:19|fic:19:A=side5:3238b6937bf3|B=fic:19:target,fic:19,fic:19:A=side5:3238b6937bf3,fic:19:side5,fic:19:target,qwen,qwen_ss,1,small,small,qwen_small,qwen_small,sealed,0,0,,,no intervention,0,1,0,1,fic:19:side5|fic:19:side1|fic:19:target,fic:19:side5|fic:19:side1|fic:19:target,fic:19:target,3,1,1,1,1,1,1,1,1,1,1,1,1,0,0,0,0,53,53,29,Who founded the Orsavel Ledger Vault?,Ruvin Daskel,Ruvin Daskel,1.0,1.0,1
fic:19|fic:19:A=side5:3238b6937bf3|B=fic:19:target,fic:19,fic:19:A=side5:3238b6937bf3,fic:19:side5,fic:19:target,qwen,qwen_sl,1,small,large,qwen_small,qwen_large,sealed,0,0,,,no intervention,0,1,0,1,fic:19:side5|fic:19:side1|fic:19:target,fic:19:side5|fic:19:side1|fic:19:target,fic:19:target,3,1,1,1,1,1,1,1,1,1,1,1,1,0,0,0,0,53,53,29,Who founded the Orsavel Ledger Vault?,Ruvin Daskel,Ruvin Daskel,1.0,1.0,1
fic:19|fic:19:A=side5:3238b6937bf3|B=fic:19:target,fic:19,fic:19:A=side5:3238b6937bf3,fic:19:side5,fic:19:target,qwen,qwen_ls,1,large,small,qwen_large,qwen_small,sealed,0,0,,,no intervention,0,1,0,1,fic:19:side5|fic:19:target|fic:19:side1,fic:19:side5|fic:19:target|fic:19:side1,fic:19:target,3,1,1,1,1,1,1,1,1,1,1,1,1,0,0,0,0,53,53,29,Who founded the Orsavel Ledger Vault?,Ruvin Daskel,Ruvin Daskel,1.0,1.0,1
fic:19|fic:19:A=side5:3238b6937bf3|B=fic:19:target,fic:19,fic:19:A=side5:3238b6937bf3,fic:19:side5,fic:19:target,qwen,qwen_ll,1,large,large,qwen_large,qwen_large,sealed,0,0,,,no intervention,0,1,0,1,fic:19:side5|fic:19:target|fic:19:side1,fic:19:side5|fic:19:target|fic:19:side1,fic:19:target,3,1,1,1,1,1,1,1,1,1,1,1,1,0,0,0,0,53,53,29,Who founded the Orsavel Ledger Vault?,Ruvin Daskel,Ruvin Daskel,1.0,1.0,1
fic:19|fic:19:A=side5:3238b6937bf3|B=fic:19:target,fic:19,fic:19:A=side5:3238b6937bf3,fic:19:side5,fic:19:target,qwen,qwen_sl_sham,0,small,large,qwen_small,qwen_large,sham,0,0,,,"restore was ineligible, so matched sham is a no-op",0,1,0,1,fic:19:side5|fic:19:side1|fic:19:target,fic:19:side5|fic:19:side1|fic:19:target,fic:19:target,3,1,1,1,1,1,1,1,1,1,1,1,1,0,0,0,0,53,53,29,Who founded the Orsavel Ledger Vault?,Ruvin Daskel,Ruvin Daskel,1.0,1.0,1
fic:19|fic:19:A=side5:3238b6937bf3|B=fic:19:target,fic:19,fic:19:A=side5:3238b6937bf3,fic:19:side5,fic:19:target,qwen,qwen_sl_restore,0,small,large,qwen_small,qwen_large,restore,0,0,,,support_already_present,0,1,0,1,fic:19:side5|fic:19:side1|fic:19:target,fic:19:side5|fic:19:side1|fic:19:target,fic:19:target,3,1,1,1,1,1,1,1,1,1,1,1,1,0,0,0,0,53,53,29,Who founded the Orsavel Ledger Vault?,Ruvin Daskel,Ruvin Daskel,1.0,1.0,1
fic:19|fic:19:A=side5:3238b6937bf3|B=fic:19:target,fic:19,fic:19:A=side5:3238b6937bf3,fic:19:side5,fic:19:target,qwen,qwen_sl_reopen,0,small,large,qwen_small,qwen_large,reopen,1,0,,,no intervention,0,1,0,1,fic:19:side5|fic:19:side1|fic:19:target,fic:19:side2|fic:19:side1|fic:19:side5|fic:19:target|fic:19:side3|fic:19:side4,fic:19:target,3,1,1,1,1,1,1,1,1,1,1,1,1,0,0,0,0,53,99,29,Who founded the Orsavel Ledger Vault?,Ruvin Daskel,Ruvin Daskel,1.0,1.0,1
fic:19|fic:19:A=target:dbe039a69719|B=fic:19:side3,fic:19,fic:19:A=target:dbe039a69719,fic:19:target,fic:19:side3,llama,llama_ss,1,small,small,llama_small,llama_small,sealed,0,0,,,no intervention,1,1,0,1,fic:19:target|fic:19:side2|fic:19:side1,fic:19:target|fic:19:side2|fic:19:side1,fic:19:side1,3,1,1,0,0,0,1,0,0,0,1,1,1,0,0,0,0,60,60,11,How many bound volumes does the Orsavel Ledger Vault hold?,"8,412 bound volumes|8412 bound volumes",Insufficient material,0.0,0.0,0
fic:19|fic:19:A=target:dbe039a69719|B=fic:19:side3,fic:19,fic:19:A=target:dbe039a69719,fic:19:target,fic:19:side3,llama,llama_sl,1,small,large,llama_small,llama_large,sealed,0,0,,,no intervention,1,1,0,1,fic:19:target|fic:19:side2|fic:19:side1,fic:19:target|fic:19:side2|fic:19:side1,fic:19:side2,3,1,1,0,0,0,1,0,0,0,1,1,1,0,0,0,0,60,60,20,How many bound volumes does the Orsavel Ledger Vault hold?,"8,412 bound volumes|8412 bound volumes",Insufficient material,0.0,0.0,0
fic:19|fic:19:A=target:dbe039a69719|B=fic:19:side3,fic:19,fic:19:A=target:dbe039a69719,fic:19:target,fic:19:side3,llama,llama_ls,1,large,small,llama_large,llama_small,sealed,0,0,,,no intervention,0,1,0,1,fic:19:target|fic:19:side2|fic:19:side3,fic:19:target|fic:19:side2|fic:19:side3,fic:19:side3,3,1,1,1,1,1,1,1,1,1,1,1,1,0,0,0,0,62,62,13,How many bound volumes does the Orsavel Ledger Vault hold?,"8,412 bound volumes|8412 bound volumes","8,412",0.0,0.5,1
fic:19|fic:19:A=target:dbe039a69719|B=fic:19:side3,fic:19,fic:19:A=target:dbe039a69719,fic:19:target,fic:19:side3,llama,llama_ll,1,large,large,llama_large,llama_large,sealed,0,0,,,no intervention,0,1,0,1,fic:19:target|fic:19:side2|fic:19:side3,fic:19:target|fic:19:side2|fic:19:side3,fic:19:side3,3,1,1,1,1,1,1,1,1,1,1,1,1,0,0,0,0,62,62,13,How many bound volumes does the Orsavel Ledger Vault hold?,"8,412 bound volumes|8412 bound volumes","8,412",0.0,0.5,1
fic:19|fic:19:A=target:dbe039a69719|B=fic:19:side3,fic:19,fic:19:A=target:dbe039a69719,fic:19:target,fic:19:side3,llama,llama_sl_sham,0,small,large,llama_small,llama_large,sham,0,1,fic:19:side4,fic:19:side1,replaced_with_length_nearest_non_support_card,1,1,0,1,fic:19:target|fic:19:side2|fic:19:side1,fic:19:target|fic:19:side2|fic:19:side4,fic:19:target,3,1,1,0,0,0,1,0,0,0,1,1,1,0,0,0,0,60,62,29,How many bound volumes does the Orsavel Ledger Vault hold?,"8,412 bound volumes|8412 bound volumes",Insufficient material,0.0,0.0,0
fic:19|fic:19:A=target:dbe039a69719|B=fic:19:side3,fic:19,fic:19:A=target:dbe039a69719,fic:19:target,fic:19:side3,llama,llama_sl_restore,0,small,large,llama_small,llama_large,restore,0,1,fic:19:side3,fic:19:side1,replaced_length_nearest_card,1,1,0,1,fic:19:target|fic:19:side2|fic:19:side1,fic:19:target|fic:19:side2|fic:19:side3,fic:19:side3,3,1,1,0,1,1,1,0,1,1,1,1,1,0,0,0,0,60,62,13,How many bound volumes does the Orsavel Ledger Vault hold?,"8,412 bound volumes|8412 bound volumes","8,412",0.0,0.5,1
fic:19|fic:19:A=target:dbe039a69719|B=fic:19:side3,fic:19,fic:19:A=target:dbe039a69719,fic:19:target,fic:19:side3,llama,llama_sl_reopen,0,small,large,llama_small,llama_large,reopen,1,0,,,no intervention,1,1,0,1,fic:19:target|fic:19:side2|fic:19:side1,fic:19:side2|fic:19:side1|fic:19:side5|fic:19:target|fic:19:side3|fic:19:side4,fic:19:side3,3,1,1,0,1,1,1,0,1,1,1,1,1,0,0,0,0,60,99,13,How many bound volumes does the Orsavel Ledger Vault hold?,"8,412 bound volumes|8412 bound volumes","8,412",0.0,0.5,1
fic:19|fic:19:A=target:dbe039a69719|B=fic:19:side3,fic:19,fic:19:A=target:dbe039a69719,fic:19:target,fic:19:side3,qwen,qwen_ss,1,small,small,qwen_small,qwen_small,sealed,0,0,,,no intervention,1,1,0,1,fic:19:target|fic:19:side1|fic:19:side2,fic:19:target|fic:19:side1|fic:19:side2,fic:19:target,3,1,1,0,0,0,1,0,0,0,1,1,1,0,0,0,0,60,60,29,How many bound volumes does the Orsavel Ledger Vault hold?,"8,412 bound volumes|8412 bound volumes",Insufficient material,0.0,0.0,0
fic:19|fic:19:A=target:dbe039a69719|B=fic:19:side3,fic:19,fic:19:A=target:dbe039a69719,fic:19:target,fic:19:side3,qwen,qwen_sl,1,small,large,qwen_small,qwen_large,sealed,0,0,,,no intervention,1,1,0,1,fic:19:target|fic:19:side1|fic:19:side2,fic:19:target|fic:19:side1|fic:19:side2,fic:19:side2,3,1,1,0,0,0,1,0,0,0,1,1,1,0,0,0,0,60,60,20,How many bound volumes does the Orsavel Ledger Vault hold?,"8,412 bound volumes|8412 bound volumes",Insufficient material,0.0,0.0,0
fic:19|fic:19:A=target:dbe039a69719|B=fic:19:side3,fic:19,fic:19:A=target:dbe039a69719,fic:19:target,fic:19:side3,qwen,qwen_ls,1,large,small,qwen_large,qwen_small,sealed,0,0,,,no intervention,1,1,0,1,fic:19:target|fic:19:side1|fic:19:side5,fic:19:target|fic:19:side1|fic:19:side5,fic:19:target,3,1,1,0,0,0,1,0,0,0,1,1,1,0,0,0,0,53,53,29,How many bound volumes does the Orsavel Ledger Vault hold?,"8,412 bound volumes|8412 bound volumes",Insufficient material,0.0,0.0,0
fic:19|fic:19:A=target:dbe039a69719|B=fic:19:side3,fic:19,fic:19:A=target:dbe039a69719,fic:19:target,fic:19:side3,qwen,qwen_ll,1,large,large,qwen_large,qwen_large,sealed,0,0,,,no intervention,1,1,0,1,fic:19:target|fic:19:side1|fic:19:side5,fic:19:target|fic:19:side1|fic:19:side5,fic:19:target,3,1,1,0,0,0,1,0,0,0,1,1,1,0,0,0,0,53,53,29,How many bound volumes does the Orsavel Ledger Vault hold?,"8,412 bound volumes|8412 bound volumes",Insufficient material,0.0,0.0,0
fic:19|fic:19:A=target:dbe039a69719|B=fic:19:side3,fic:19,fic:19:A=target:dbe039a69719,fic:19:target,fic:19:side3,qwen,qwen_sl_sham,0,small,large,qwen_small,qwen_large,sham,0,1,fic:19:side4,fic:19:side1,replaced_with_length_nearest_non_support_card,1,1,0,1,fic:19:target|fic:19:side1|fic:19:side2,fic:19:target|fic:19:side4|fic:19:side2,fic:19:side2,3,1,1,0,0,0,1,0,0,0,1,1,1,0,0,0,0,60,62,20,How many bound volumes does the Orsavel Ledger Vault hold?,"8,412 bound volumes|8412 bound volumes",Insufficient material,0.0,0.0,0
fic:19|fic:19:A=target:dbe039a69719|B=fic:19:side3,fic:19,fic:19:A=target:dbe039a69719,fic:19:target,fic:19:side3,qwen,qwen_sl_restore,0,small,large,qwen_small,qwen_large,restore,0,1,fic:19:side3,fic:19:side1,replaced_length_nearest_card,1,1,0,1,fic:19:target|fic:19:side1|fic:19:side2,fic:19:target|fic:19:side3|fic:19:side2,fic:19:side3,3,1,1,0,1,1,1,0,1,1,1,1,1,0,0,0,0,60,62,13,How many bound volumes does the Orsavel Ledger Vault hold?,"8,412 bound volumes|8412 bound volumes","8,412",0.0,0.5,1
fic:19|fic:19:A=target:dbe039a69719|B=fic:19:side3,fic:19,fic:19:A=target:dbe039a69719,fic:19:target,fic:19:side3,qwen,qwen_sl_reopen,0,small,large,qwen_small,qwen_large,reopen,1,0,,,no intervention,1,1,0,1,fic:19:target|fic:19:side1|fic:19:side2,fic:19:side2|fic:19:side1|fic:19:side5|fic:19:target|fic:19:side3|fic:19:side4,fic:19:side3,3,1,1,0,1,1,1,0,1,1,1,1,1,0,0,0,0,60,99,13,How many bound volumes does the Orsavel Ledger Vault hold?,"8,412 bound volumes|8412 bound volumes","8,412",0.0,0.5,1
fic:20|fic:20:A=side4:56b08141a22d|B=fic:20:side2,fic:20,fic:20:A=side4:56b08141a22d,fic:20:side4,fic:20:side2,llama,llama_ss,1,small,small,llama_small,llama_small,sealed,0,0,,,no intervention,1,1,0,1,fic:20:side4|fic:20:side1|fic:20:side3,fic:20:side4|fic:20:side1|fic:20:side3,fic:20:side4,3,1,1,0,0,0,1,0,0,0,1,1,1,0,0,0,0,46,46,15,What is the canal’s summit level?,93 meters,612 meters,0.0,0.5,0
fic:20|fic:20:A=side4:56b08141a22d|B=fic:20:side2,fic:20,fic:20:A=side4:56b08141a22d,fic:20:side4,fic:20:side2,llama,llama_sl,1,small,large,llama_small,llama_large,sealed,0,0,,,no intervention,1,1,0,1,fic:20:side4|fic:20:side1|fic:20:side3,fic:20:side4|fic:20:side1|fic:20:side3,fic:20:side1,3,1,1,0,0,0,1,0,0,0,1,1,1,0,0,0,0,46,46,20,What is the canal’s summit level?,93 meters,Insufficient material,0.0,0.0,0
fic:20|fic:20:A=side4:56b08141a22d|B=fic:20:side2,fic:20,fic:20:A=side4:56b08141a22d,fic:20:side4,fic:20:side2,llama,llama_ls,1,large,small,llama_large,llama_small,sealed,0,0,,,no intervention,1,1,0,1,fic:20:side4|fic:20:side5|fic:20:side1,fic:20:side4|fic:20:side5|fic:20:side1,fic:20:side5,3,1,1,0,0,0,1,0,0,0,1,1,1,0,0,0,0,45,45,10,What is the canal’s summit level?,93 meters,11,0.0,0.0,0
fic:20|fic:20:A=side4:56b08141a22d|B=fic:20:side2,fic:20,fic:20:A=side4:56b08141a22d,fic:20:side4,fic:20:side2,llama,llama_ll,1,large,large,llama_large,llama_large,sealed,0,0,,,no intervention,1,1,0,1,fic:20:side4|fic:20:side5|fic:20:side1,fic:20:side4|fic:20:side5|fic:20:side1,fic:20:side5,3,1,1,0,0,0,1,0,0,0,1,1,1,0,0,0,0,45,45,10,What is the canal’s summit level?,93 meters,11,0.0,0.0,0
fic:20|fic:20:A=side4:56b08141a22d|B=fic:20:side2,fic:20,fic:20:A=side4:56b08141a22d,fic:20:side4,fic:20:side2,llama,llama_sl_sham,0,small,large,llama_small,llama_large,sham,0,1,fic:20:target,fic:20:side1,replaced_with_length_nearest_non_support_card,1,1,0,1,fic:20:side4|fic:20:side1|fic:20:side3,fic:20:side4|fic:20:target|fic:20:side3,fic:20:target,3,1,1,0,0,0,1,0,0,0,1,1,1,0,0,0,0,46,51,25,What is the canal’s summit level?,93 meters,Sevenwake,0.0,0.0,0
fic:20|fic:20:A=side4:56b08141a22d|B=fic:20:side2,fic:20,fic:20:A=side4:56b08141a22d,fic:20:side4,fic:20:side2,llama,llama_sl_restore,0,small,large,llama_small,llama_large,restore,0,1,fic:20:side2,fic:20:side1,replaced_length_nearest_card,1,1,0,1,fic:20:side4|fic:20:side1|fic:20:side3,fic:20:side4|fic:20:side2|fic:20:side3,fic:20:side2,3,1,1,0,1,1,1,0,1,1,1,1,1,0,0,0,0,46,45,19,What is the canal’s summit level?,93 meters,93 meters,1.0,1.0,1
fic:20|fic:20:A=side4:56b08141a22d|B=fic:20:side2,fic:20,fic:20:A=side4:56b08141a22d,fic:20:side4,fic:20:side2,llama,llama_sl_reopen,0,small,large,llama_small,llama_large,reopen,1,0,,,no intervention,1,1,0,1,fic:20:side4|fic:20:side1|fic:20:side3,fic:20:side5|fic:20:target|fic:20:side3|fic:20:side4|fic:20:side2|fic:20:side1,fic:20:side2,3,1,1,0,1,1,1,0,1,1,1,1,1,0,0,0,0,46,100,19,What is the canal’s summit level?,93 meters,93 meters,1.0,1.0,1
fic:20|fic:20:A=side4:56b08141a22d|B=fic:20:side2,fic:20,fic:20:A=side4:56b08141a22d,fic:20:side4,fic:20:side2,qwen,qwen_ss,1,small,small,qwen_small,qwen_small,sealed,0,0,,,no intervention,0,1,0,1,fic:20:side4|fic:20:side2|fic:20:side1,fic:20:side4|fic:20:side2|fic:20:side1,fic:20:side2,3,1,1,1,1,1,1,1,1,1,1,1,1,0,0,0,0,54,54,19,What is the canal’s summit level?,93 meters,93 meters,1.0,1.0,1
fic:20|fic:20:A=side4:56b08141a22d|B=fic:20:side2,fic:20,fic:20:A=side4:56b08141a22d,fic:20:side4,fic:20:side2,qwen,qwen_sl,1,small,large,qwen_small,qwen_large,sealed,0,0,,,no intervention,0,1,0,1,fic:20:side4|fic:20:side2|fic:20:side1,fic:20:side4|fic:20:side2|fic:20:side1,fic:20:side2,3,1,1,1,1,1,1,1,1,1,1,1,1,0,0,0,0,54,54,19,What is the canal’s summit level?,93 meters,93 meters,1.0,1.0,1
fic:20|fic:20:A=side4:56b08141a22d|B=fic:20:side2,fic:20,fic:20:A=side4:56b08141a22d,fic:20:side4,fic:20:side2,qwen,qwen_ls,1,large,small,qwen_large,qwen_small,sealed,0,0,,,no intervention,1,1,0,1,fic:20:side4|fic:20:side1|fic:20:side5,fic:20:side4|fic:20:side1|fic:20:side5,,3,0,1,0,0,0,1,0,0,0,1,0,0,0,0,0,0,45,45,3,What is the canal’s summit level?,93 meters,,0.0,0.0,0
fic:20|fic:20:A=side4:56b08141a22d|B=fic:20:side2,fic:20,fic:20:A=side4:56b08141a22d,fic:20:side4,fic:20:side2,qwen,qwen_ll,1,large,large,qwen_large,qwen_large,sealed,0,0,,,no intervention,1,1,0,1,fic:20:side4|fic:20:side1|fic:20:side5,fic:20:side4|fic:20:side1|fic:20:side5,fic:20:side5,3,1,1,0,0,0,1,0,0,0,1,1,1,0,0,0,0,45,45,10,What is the canal’s summit level?,93 meters,11,0.0,0.0,0
fic:20|fic:20:A=side4:56b08141a22d|B=fic:20:side2,fic:20,fic:20:A=side4:56b08141a22d,fic:20:side4,fic:20:side2,qwen,qwen_sl_sham,0,small,large,qwen_small,qwen_large,sham,0,0,,,"restore was ineligible, so matched sham is a no-op",0,1,0,1,fic:20:side4|fic:20:side2|fic:20:side1,fic:20:side4|fic:20:side2|fic:20:side1,fic:20:side2,3,1,1,1,1,1,1,1,1,1,1,1,1,0,0,0,0,54,54,19,What is the canal’s summit level?,93 meters,93 meters,1.0,1.0,1
fic:20|fic:20:A=side4:56b08141a22d|B=fic:20:side2,fic:20,fic:20:A=side4:56b08141a22d,fic:20:side4,fic:20:side2,qwen,qwen_sl_restore,0,small,large,qwen_small,qwen_large,restore,0,0,,,support_already_present,0,1,0,1,fic:20:side4|fic:20:side2|fic:20:side1,fic:20:side4|fic:20:side2|fic:20:side1,fic:20:side2,3,1,1,1,1,1,1,1,1,1,1,1,1,0,0,0,0,54,54,19,What is the canal’s summit level?,93 meters,93 meters,1.0,1.0,1
fic:20|fic:20:A=side4:56b08141a22d|B=fic:20:side2,fic:20,fic:20:A=side4:56b08141a22d,fic:20:side4,fic:20:side2,qwen,qwen_sl_reopen,0,small,large,qwen_small,qwen_large,reopen,1,0,,,no intervention,0,1,0,1,fic:20:side4|fic:20:side2|fic:20:side1,fic:20:side5|fic:20:target|fic:20:side3|fic:20:side4|fic:20:side2|fic:20:side1,fic:20:side2,3,1,1,1,1,1,1,1,1,1,1,1,1,0,0,0,0,54,100,19,What is the canal’s summit level?,93 meters,93 meters,1.0,1.0,1
fic:20|fic:20:A=target:4d2fabdec1ff|B=fic:20:side3,fic:20,fic:20:A=target:4d2fabdec1ff,fic:20:target,fic:20:side3,llama,llama_ss,1,small,small,llama_small,llama_small,sealed,0,0,,,no intervention,0,1,0,1,fic:20:target|fic:20:side5|fic:20:side3,fic:20:target|fic:20:side5|fic:20:side3,fic:20:side3,3,1,1,1,1,1,1,1,1,1,1,1,1,0,0,0,0,46,46,11,Who was the chief surveyor?,Iver Surn,Iver Surn,1.0,1.0,1
fic:20|fic:20:A=target:4d2fabdec1ff|B=fic:20:side3,fic:20,fic:20:A=target:4d2fabdec1ff,fic:20:target,fic:20:side3,llama,llama_sl,1,small,large,llama_small,llama_large,sealed,0,0,,,no intervention,0,1,0,1,fic:20:target|fic:20:side5|fic:20:side3,fic:20:target|fic:20:side5|fic:20:side3,fic:20:side3,3,1,1,1,1,1,1,1,1,1,1,1,1,0,0,0,0,46,46,11,Who was the chief surveyor?,Iver Surn,Iver Surn,1.0,1.0,1
fic:20|fic:20:A=target:4d2fabdec1ff|B=fic:20:side3,fic:20,fic:20:A=target:4d2fabdec1ff,fic:20:target,fic:20:side3,llama,llama_ls,1,large,small,llama_large,llama_small,sealed,0,0,,,no intervention,1,1,0,1,fic:20:target|fic:20:side5|fic:20:side1,fic:20:target|fic:20:side5|fic:20:side1,fic:20:side5,3,1,1,0,0,0,1,0,0,0,1,1,1,0,0,0,0,55,55,10,Who was the chief surveyor?,Iver Surn,Unknown,0.0,0.0,0
fic:20|fic:20:A=target:4d2fabdec1ff|B=fic:20:side3,fic:20,fic:20:A=target:4d2fabdec1ff,fic:20:target,fic:20:side3,llama,llama_ll,1,large,large,llama_large,llama_large,sealed,0,0,,,no intervention,1,1,0,1,fic:20:target|fic:20:side5|fic:20:side1,fic:20:target|fic:20:side5|fic:20:side1,fic:20:side5,3,1,1,0,0,0,1,0,0,0,1,1,1,0,0,0,0,55,55,10,Who was the chief surveyor?,Iver Surn,Unknown,0.0,0.0,0
fic:20|fic:20:A=target:4d2fabdec1ff|B=fic:20:side3,fic:20,fic:20:A=target:4d2fabdec1ff,fic:20:target,fic:20:side3,llama,llama_sl_sham,0,small,large,llama_small,llama_large,sham,0,0,,,"restore was ineligible, so matched sham is a no-op",0,1,0,1,fic:20:target|fic:20:side5|fic:20:side3,fic:20:target|fic:20:side5|fic:20:side3,fic:20:side3,3,1,1,1,1,1,1,1,1,1,1,1,1,0,0,0,0,46,46,11,Who was the chief surveyor?,Iver Surn,Iver Surn,1.0,1.0,1
fic:20|fic:20:A=target:4d2fabdec1ff|B=fic:20:side3,fic:20,fic:20:A=target:4d2fabdec1ff,fic:20:target,fic:20:side3,llama,llama_sl_restore,0,small,large,llama_small,llama_large,restore,0,0,,,support_already_present,0,1,0,1,fic:20:target|fic:20:side5|fic:20:side3,fic:20:target|fic:20:side5|fic:20:side3,fic:20:side3,3,1,1,1,1,1,1,1,1,1,1,1,1,0,0,0,0,46,46,11,Who was the chief surveyor?,Iver Surn,Iver Surn,1.0,1.0,1
fic:20|fic:20:A=target:4d2fabdec1ff|B=fic:20:side3,fic:20,fic:20:A=target:4d2fabdec1ff,fic:20:target,fic:20:side3,llama,llama_sl_reopen,0,small,large,llama_small,llama_large,reopen,1,0,,,no intervention,0,1,0,1,fic:20:target|fic:20:side5|fic:20:side3,fic:20:side5|fic:20:target|fic:20:side3|fic:20:side4|fic:20:side2|fic:20:side1,fic:20:side3,3,1,1,1,1,1,1,1,1,1,1,1,1,0,0,0,0,46,100,11,Who was the chief surveyor?,Iver Surn,Iver Surn,1.0,1.0,1
fic:20|fic:20:A=target:4d2fabdec1ff|B=fic:20:side3,fic:20,fic:20:A=target:4d2fabdec1ff,fic:20:target,fic:20:side3,qwen,qwen_ss,1,small,small,qwen_small,qwen_small,sealed,0,0,,,no intervention,1,1,0,1,fic:20:target|fic:20:side2|fic:20:side1,fic:20:target|fic:20:side2|fic:20:side1,fic:20:target,3,1,1,0,0,0,1,0,0,0,1,1,1,0,0,0,0,64,64,25,Who was the chief surveyor?,Iver Surn,Unknown,0.0,0.0,0
fic:20|fic:20:A=target:4d2fabdec1ff|B=fic:20:side3,fic:20,fic:20:A=target:4d2fabdec1ff,fic:20:target,fic:20:side3,qwen,qwen_sl,1,small,large,qwen_small,qwen_large,sealed,0,0,,,no intervention,1,1,0,1,fic:20:target|fic:20:side2|fic:20:side1,fic:20:target|fic:20:side2|fic:20:side1,fic:20:target,3,1,1,0,0,0,1,0,0,0,1,1,1,0,0,0,0,64,64,25,Who was the chief surveyor?,Iver Surn,Unknown,0.0,0.0,0
fic:20|fic:20:A=target:4d2fabdec1ff|B=fic:20:side3,fic:20,fic:20:A=target:4d2fabdec1ff,fic:20:target,fic:20:side3,qwen,qwen_ls,1,large,small,qwen_large,qwen_small,sealed,0,0,,,no intervention,0,1,0,1,fic:20:target|fic:20:side3|fic:20:side1,fic:20:target|fic:20:side3|fic:20:side1,fic:20:side3,3,1,1,1,1,1,1,1,1,1,1,1,1,0,0,0,0,56,56,11,Who was the chief surveyor?,Iver Surn,Iver Surn,1.0,1.0,1
fic:20|fic:20:A=target:4d2fabdec1ff|B=fic:20:side3,fic:20,fic:20:A=target:4d2fabdec1ff,fic:20:target,fic:20:side3,qwen,qwen_ll,1,large,large,qwen_large,qwen_large,sealed,0,0,,,no intervention,0,1,0,1,fic:20:target|fic:20:side3|fic:20:side1,fic:20:target|fic:20:side3|fic:20:side1,fic:20:side3,3,1,1,1,1,1,1,1,1,1,1,1,1,0,0,0,0,56,56,11,Who was the chief surveyor?,Iver Surn,Iver Surn,1.0,1.0,1
fic:20|fic:20:A=target:4d2fabdec1ff|B=fic:20:side3,fic:20,fic:20:A=target:4d2fabdec1ff,fic:20:target,fic:20:side3,qwen,qwen_sl_sham,0,small,large,qwen_small,qwen_large,sham,0,1,fic:20:side4,fic:20:side2,replaced_with_length_nearest_non_support_card,1,1,0,1,fic:20:target|fic:20:side2|fic:20:side1,fic:20:target|fic:20:side4|fic:20:side1,fic:20:target,3,1,1,0,0,0,1,0,0,0,1,1,1,0,0,0,0,64,60,25,Who was the chief surveyor?,Iver Surn,Unknown,0.0,0.0,0
fic:20|fic:20:A=target:4d2fabdec1ff|B=fic:20:side3,fic:20,fic:20:A=target:4d2fabdec1ff,fic:20:target,fic:20:side3,qwen,qwen_sl_restore,0,small,large,qwen_small,qwen_large,restore,0,1,fic:20:side3,fic:20:side2,replaced_length_nearest_card,1,1,0,1,fic:20:target|fic:20:side2|fic:20:side1,fic:20:target|fic:20:side3|fic:20:side1,fic:20:side3,3,1,1,0,1,1,1,0,1,1,1,1,1,0,0,0,0,64,56,11,Who was the chief surveyor?,Iver Surn,Iver Surn,1.0,1.0,1
fic:20|fic:20:A=target:4d2fabdec1ff|B=fic:20:side3,fic:20,fic:20:A=target:4d2fabdec1ff,fic:20:target,fic:20:side3,qwen,qwen_sl_reopen,0,small,large,qwen_small,qwen_large,reopen,1,0,,,no intervention,1,1,0,1,fic:20:target|fic:20:side2|fic:20:side1,fic:20:side5|fic:20:target|fic:20:side3|fic:20:side4|fic:20:side2|fic:20:side1,fic:20:side3,3,1,1,0,1,1,1,0,1,1,1,1,1,0,0,0,0,64,100,11,Who was the chief surveyor?,Iver Surn,Iver Surn,1.0,1.0,1
fic:20|fic:20:A=side1:e50131a990e4|B=fic:20:side5,fic:20,fic:20:A=side1:e50131a990e4,fic:20:side1,fic:20:side5,llama,llama_ss,1,small,small,llama_small,llama_small,sealed,0,0,,,no intervention,0,1,0,1,fic:20:side1|fic:20:side5|fic:20:side2,fic:20:side1|fic:20:side5|fic:20:side2,fic:20:side5,3,1,1,1,1,1,1,1,1,1,1,1,1,0,0,0,0,49,49,10,How many locks does the canal contain?,11 locks,11,0.0,0.6666666666666666,1
fic:20|fic:20:A=side1:e50131a990e4|B=fic:20:side5,fic:20,fic:20:A=side1:e50131a990e4,fic:20:side1,fic:20:side5,llama,llama_sl,1,small,large,llama_small,llama_large,sealed,0,0,,,no intervention,0,1,0,1,fic:20:side1|fic:20:side5|fic:20:side2,fic:20:side1|fic:20:side5|fic:20:side2,fic:20:side5,3,1,1,1,1,1,1,1,1,1,1,1,1,0,0,0,0,49,49,10,How many locks does the canal contain?,11 locks,11,0.0,0.6666666666666666,1
fic:20|fic:20:A=side1:e50131a990e4|B=fic:20:side5,fic:20,fic:20:A=side1:e50131a990e4,fic:20:side1,fic:20:side5,llama,llama_ls,1,large,small,llama_large,llama_small,sealed,0,0,,,no intervention,0,1,0,1,fic:20:side1|fic:20:side5|fic:20:side2,fic:20:side1|fic:20:side5|fic:20:side2,fic:20:side5,3,1,1,1,1,1,1,1,1,1,1,1,1,0,0,0,0,49,49,10,How many locks does the canal contain?,11 locks,11,0.0,0.6666666666666666,1
fic:20|fic:20:A=side1:e50131a990e4|B=fic:20:side5,fic:20,fic:20:A=side1:e50131a990e4,fic:20:side1,fic:20:side5,llama,llama_ll,1,large,large,llama_large,llama_large,sealed,0,0,,,no intervention,0,1,0,1,fic:20:side1|fic:20:side5|fic:20:side2,fic:20:side1|fic:20:side5|fic:20:side2,fic:20:side5,3,1,1,1,1,1,1,1,1,1,1,1,1,0,0,0,0,49,49,10,How many locks does the canal contain?,11 locks,11,0.0,0.6666666666666666,1
fic:20|fic:20:A=side1:e50131a990e4|B=fic:20:side5,fic:20,fic:20:A=side1:e50131a990e4,fic:20:side1,fic:20:side5,llama,llama_sl_sham,0,small,large,llama_small,llama_large,sham,0,0,,,"restore was ineligible, so matched sham is a no-op",0,1,0,1,fic:20:side1|fic:20:side5|fic:20:side2,fic:20:side1|fic:20:side5|fic:20:side2,fic:20:side5,3,1,1,1,1,1,1,1,1,1,1,1,1,0,0,0,0,49,49,10,How many locks does the canal contain?,11 locks,11,0.0,0.6666666666666666,1
fic:20|fic:20:A=side1:e50131a990e4|B=fic:20:side5,fic:20,fic:20:A=side1:e50131a990e4,fic:20:side1,fic:20:side5,llama,llama_sl_restore,0,small,large,llama_small,llama_large,restore,0,0,,,support_already_present,0,1,0,1,fic:20:side1|fic:20:side5|fic:20:side2,fic:20:side1|fic:20:side5|fic:20:side2,fic:20:side5,3,1,1,1,1,1,1,1,1,1,1,1,1,0,0,0,0,49,49,10,How many locks does the canal contain?,11 locks,11,0.0,0.6666666666666666,1
fic:20|fic:20:A=side1:e50131a990e4|B=fic:20:side5,fic:20,fic:20:A=side1:e50131a990e4,fic:20:side1,fic:20:side5,llama,llama_sl_reopen,0,small,large,llama_small,llama_large,reopen,1,0,,,no intervention,0,1,0,1,fic:20:side1|fic:20:side5|fic:20:side2,fic:20:side5|fic:20:target|fic:20:side3|fic:20:side4|fic:20:side2|fic:20:side1,fic:20:side5,3,1,1,1,1,1,1,1,1,1,1,1,1,0,0,0,0,49,100,10,How many locks does the canal contain?,11 locks,11,0.0,0.6666666666666666,1
fic:20|fic:20:A=side1:e50131a990e4|B=fic:20:side5,fic:20,fic:20:A=side1:e50131a990e4,fic:20:side1,fic:20:side5,qwen,qwen_ss,1,small,small,qwen_small,qwen_small,sealed,0,0,,,no intervention,1,1,0,1,fic:20:side1|fic:20:side4|fic:20:side2,fic:20:side1|fic:20:side4|fic:20:side2,fic:20:side4,3,1,1,0,0,0,1,0,0,0,1,1,1,0,0,0,0,54,54,15,How many locks does the canal contain?,11 locks,0,0.0,0.0,0
fic:20|fic:20:A=side1:e50131a990e4|B=fic:20:side5,fic:20,fic:20:A=side1:e50131a990e4,fic:20:side1,fic:20:side5,qwen,qwen_sl,1,small,large,qwen_small,qwen_large,sealed,0,0,,,no intervention,1,1,0,1,fic:20:side1|fic:20:side4|fic:20:side2,fic:20:side1|fic:20:side4|fic:20:side2,fic:20:side1,3,1,1,0,0,0,1,0,0,0,1,1,1,0,0,0,0,54,54,20,How many locks does the canal contain?,11 locks,0,0.0,0.0,0
fic:20|fic:20:A=side1:e50131a990e4|B=fic:20:side5,fic:20,fic:20:A=side1:e50131a990e4,fic:20:side1,fic:20:side5,qwen,qwen_ls,1,large,small,qwen_large,qwen_small,sealed,0,0,,,no intervention,0,1,0,1,fic:20:side1|fic:20:target|fic:20:side5,fic:20:side1|fic:20:target|fic:20:side5,fic:20:side5,3,1,1,1,1,1,1,1,1,1,1,1,1,0,0,0,0,55,55,10,How many locks does the canal contain?,11 locks,11,0.0,0.6666666666666666,1
fic:20|fic:20:A=side1:e50131a990e4|B=fic:20:side5,fic:20,fic:20:A=side1:e50131a990e4,fic:20:side1,fic:20:side5,qwen,qwen_ll,1,large,large,qwen_large,qwen_large,sealed,0,0,,,no intervention,0,1,0,1,fic:20:side1|fic:20:target|fic:20:side5,fic:20:side1|fic:20:target|fic:20:side5,fic:20:side5,3,1,1,1,1,1,1,1,1,1,1,1,1,0,0,0,0,55,55,10,How many locks does the canal contain?,11 locks,11,0.0,0.6666666666666666,1
fic:20|fic:20:A=side1:e50131a990e4|B=fic:20:side5,fic:20,fic:20:A=side1:e50131a990e4,fic:20:side1,fic:20:side5,qwen,qwen_sl_sham,0,small,large,qwen_small,qwen_large,sham,0,1,fic:20:side3,fic:20:side4,replaced_with_length_nearest_non_support_card,1,1,0,1,fic:20:side1|fic:20:side4|fic:20:side2,fic:20:side1|fic:20:side3|fic:20:side2,fic:20:side3,3,1,1,0,0,0,1,0,0,0,1,1,1,0,0,0,0,54,50,11,How many locks does the canal contain?,11 locks,Insufficient material,0.0,0.0,0
fic:20|fic:20:A=side1:e50131a990e4|B=fic:20:side5,fic:20,fic:20:A=side1:e50131a990e4,fic:20:side1,fic:20:side5,qwen,qwen_sl_restore,0,small,large,qwen_small,qwen_large,restore,0,1,fic:20:side5,fic:20:side4,replaced_length_nearest_card,1,1,0,1,fic:20:side1|fic:20:side4|fic:20:side2,fic:20:side1|fic:20:side5|fic:20:side2,fic:20:side5,3,1,1,0,1,1,1,0,1,1,1,1,1,0,0,0,0,54,49,10,How many locks does the canal contain?,11 locks,11,0.0,0.6666666666666666,1
fic:20|fic:20:A=side1:e50131a990e4|B=fic:20:side5,fic:20,fic:20:A=side1:e50131a990e4,fic:20:side1,fic:20:side5,qwen,qwen_sl_reopen,0,small,large,qwen_small,qwen_large,reopen,1,0,,,no intervention,1,1,0,1,fic:20:side1|fic:20:side4|fic:20:side2,fic:20:side5|fic:20:target|fic:20:side3|fic:20:side4|fic:20:side2|fic:20:side1,fic:20:side5,3,1,1,0,1,1,1,0,1,1,1,1,1,0,0,0,0,54,100,10,How many locks does the canal contain?,11 locks,11,0.0,0.6666666666666666,1
fic:20|fic:20:A=side2:77f9ce1ce086|B=fic:20:side1,fic:20,fic:20:A=side2:77f9ce1ce086,fic:20:side2,fic:20:side1,llama,llama_ss,1,small,small,llama_small,llama_small,sealed,0,0,,,no intervention,1,1,0,1,fic:20:side2|fic:20:target|fic:20:side5,fic:20:side2|fic:20:target|fic:20:side5,fic:20:side5,3,1,1,0,0,0,1,0,0,0,1,1,1,0,0,0,0,54,54,10,How long does the canal run?,46.8 kilometers,11 locks,0.0,0.0,0
fic:20|fic:20:A=side2:77f9ce1ce086|B=fic:20:side1,fic:20,fic:20:A=side2:77f9ce1ce086,fic:20:side2,fic:20:side1,llama,llama_sl,1,small,large,llama_small,llama_large,sealed,0,0,,,no intervention,1,1,0,1,fic:20:side2|fic:20:target|fic:20:side5,fic:20:side2|fic:20:target|fic:20:side5,fic:20:side5,3,1,1,0,0,0,1,0,0,0,1,1,1,0,0,0,0,54,54,10,How long does the canal run?,46.8 kilometers,11 locks,0.0,0.0,0
fic:20|fic:20:A=side2:77f9ce1ce086|B=fic:20:side1,fic:20,fic:20:A=side2:77f9ce1ce086,fic:20:side2,fic:20:side1,llama,llama_ls,1,large,small,llama_large,llama_small,sealed,0,0,,,no intervention,0,1,0,1,fic:20:side2|fic:20:side5|fic:20:side1,fic:20:side2|fic:20:side5|fic:20:side1,fic:20:side1,3,1,1,1,1,1,1,1,1,1,1,1,1,0,0,0,0,49,49,20,How long does the canal run?,46.8 kilometers,46.8 kilometers,1.0,1.0,1
fic:20|fic:20:A=side2:77f9ce1ce086|B=fic:20:side1,fic:20,fic:20:A=side2:77f9ce1ce086,fic:20:side2,fic:20:side1,llama,llama_ll,1,large,large,llama_large,llama_large,sealed,0,0,,,no intervention,0,1,0,1,fic:20:side2|fic:20:side5|fic:20:side1,fic:20:side2|fic:20:side5|fic:20:side1,fic:20:side1,3,1,1,1,1,1,1,1,1,1,1,1,1,0,0,0,0,49,49,20,How long does the canal run?,46.8 kilometers,46.8 kilometers,1.0,1.0,1
fic:20|fic:20:A=side2:77f9ce1ce086|B=fic:20:side1,fic:20,fic:20:A=side2:77f9ce1ce086,fic:20:side2,fic:20:side1,llama,llama_sl_sham,0,small,large,llama_small,llama_large,sham,0,1,fic:20:side4,fic:20:target,replaced_with_length_nearest_non_support_card,1,1,0,1,fic:20:side2|fic:20:target|fic:20:side5,fic:20:side2|fic:20:side4|fic:20:side5,fic:20:side5,3,1,1,0,0,0,1,0,0,0,1,1,1,0,0,0,0,54,44,10,How long does the canal run?,46.8 kilometers,11 locks,0.0,0.0,0
fic:20|fic:20:A=side2:77f9ce1ce086|B=fic:20:side1,fic:20,fic:20:A=side2:77f9ce1ce086,fic:20:side2,fic:20:side1,llama,llama_sl_restore,0,small,large,llama_small,llama_large,restore,0,1,fic:20:side1,fic:20:target,replaced_length_nearest_card,1,1,0,1,fic:20:side2|fic:20:target|fic:20:side5,fic:20:side2|fic:20:side1|fic:20:side5,fic:20:side1,3,1,1,0,1,1,1,0,1,1,1,1,1,0,0,0,0,54,49,20,How long does the canal run?,46.8 kilometers,46.8 kilometers,1.0,1.0,1
fic:20|fic:20:A=side2:77f9ce1ce086|B=fic:20:side1,fic:20,fic:20:A=side2:77f9ce1ce086,fic:20:side2,fic:20:side1,llama,llama_sl_reopen,0,small,large,llama_small,llama_large,reopen,1,0,,,no intervention,1,1,0,1,fic:20:side2|fic:20:target|fic:20:side5,fic:20:side5|fic:20:target|fic:20:side3|fic:20:side4|fic:20:side2|fic:20:side1,fic:20:side1,3,1,1,0,1,1,1,0,1,1,1,1,1,0,0,0,0,54,100,20,How long does the canal run?,46.8 kilometers,46.8 kilometers,1.0,1.0,1
fic:20|fic:20:A=side2:77f9ce1ce086|B=fic:20:side1,fic:20,fic:20:A=side2:77f9ce1ce086,fic:20:side2,fic:20:side1,qwen,qwen_ss,1,small,small,qwen_small,qwen_small,sealed,0,0,,,no intervention,0,1,0,1,fic:20:side2|fic:20:side5|fic:20:side1,fic:20:side2|fic:20:side5|fic:20:side1,fic:20:side1,3,1,1,1,1,1,1,1,1,1,1,1,1,0,0,0,0,49,49,20,How long does the canal run?,46.8 kilometers,46.8 kilometers,1.0,1.0,1
fic:20|fic:20:A=side2:77f9ce1ce086|B=fic:20:side1,fic:20,fic:20:A=side2:77f9ce1ce086,fic:20:side2,fic:20:side1,qwen,qwen_sl,1,small,large,qwen_small,qwen_large,sealed,0,0,,,no intervention,0,1,0,1,fic:20:side2|fic:20:side5|fic:20:side1,fic:20:side2|fic:20:side5|fic:20:side1,fic:20:side1,3,1,1,1,1,1,1,1,1,1,1,1,1,0,0,0,0,49,49,20,How long does the canal run?,46.8 kilometers,46.8 kilometers,1.0,1.0,1
fic:20|fic:20:A=side2:77f9ce1ce086|B=fic:20:side1,fic:20,fic:20:A=side2:77f9ce1ce086,fic:20:side2,fic:20:side1,qwen,qwen_ls,1,large,small,qwen_large,qwen_small,sealed,0,0,,,no intervention,0,1,0,1,fic:20:side2|fic:20:side1|fic:20:side4,fic:20:side2|fic:20:side1|fic:20:side4,fic:20:side1,3,1,1,1,1,1,1,1,1,1,1,1,1,0,0,0,0,54,54,20,How long does the canal run?,46.8 kilometers,46.8 kilometers,1.0,1.0,1
fic:20|fic:20:A=side2:77f9ce1ce086|B=fic:20:side1,fic:20,fic:20:A=side2:77f9ce1ce086,fic:20:side2,fic:20:side1,qwen,qwen_ll,1,large,large,qwen_large,qwen_large,sealed,0,0,,,no intervention,0,1,0,1,fic:20:side2|fic:20:side1|fic:20:side4,fic:20:side2|fic:20:side1|fic:20:side4,fic:20:side1,3,1,1,1,1,1,1,1,1,1,1,1,1,0,0,0,0,54,54,20,How long does the canal run?,46.8 kilometers,46.8 kilometers,1.0,1.0,1
fic:20|fic:20:A=side2:77f9ce1ce086|B=fic:20:side1,fic:20,fic:20:A=side2:77f9ce1ce086,fic:20:side2,fic:20:side1,qwen,qwen_sl_sham,0,small,large,qwen_small,qwen_large,sham,0,0,,,"restore was ineligible, so matched sham is a no-op",0,1,0,1,fic:20:side2|fic:20:side5|fic:20:side1,fic:20:side2|fic:20:side5|fic:20:side1,fic:20:side1,3,1,1,1,1,1,1,1,1,1,1,1,1,0,0,0,0,49,49,20,How long does the canal run?,46.8 kilometers,46.8 kilometers,1.0,1.0,1
fic:20|fic:20:A=side2:77f9ce1ce086|B=fic:20:side1,fic:20,fic:20:A=side2:77f9ce1ce086,fic:20:side2,fic:20:side1,qwen,qwen_sl_restore,0,small,large,qwen_small,qwen_large,restore,0,0,,,support_already_present,0,1,0,1,fic:20:side2|fic:20:side5|fic:20:side1,fic:20:side2|fic:20:side5|fic:20:side1,fic:20:side1,3,1,1,1,1,1,1,1,1,1,1,1,1,0,0,0,0,49,49,20,How long does the canal run?,46.8 kilometers,46.8 kilometers,1.0,1.0,1
fic:20|fic:20:A=side2:77f9ce1ce086|B=fic:20:side1,fic:20,fic:20:A=side2:77f9ce1ce086,fic:20:side2,fic:20:side1,qwen,qwen_sl_reopen,0,small,large,qwen_small,qwen_large,reopen,1,0,,,no intervention,0,1,0,1,fic:20:side2|fic:20:side5|fic:20:side1,fic:20:side5|fic:20:target|fic:20:side3|fic:20:side4|fic:20:side2|fic:20:side1,fic:20:side1,3,1,1,1,1,1,1,1,1,1,1,1,1,0,0,0,0,49,100,20,How long does the canal run?,46.8 kilometers,46.8 kilometers,1.0,1.0,1
