context_id,dataset,policy,budget_words,rotation_id,cond_qid,eval_qid,is_diagonal,relation,message_key,message_shared_across_rotations,delivered_words,fill_ratio,truncated,attempts,u_em,u_f1,u_judge_correct,ceiling_em,ceiling_f1,ceiling_judge_correct,regret_em,regret_f1,regret_judge_correct,replication,family,preference_id,lambda,lambda_infinite,future_share,sender_seed
sq:1,squad_groups,split__l0,80,sq:1|cond=56bec98e3aeaaa14008c9455,56bec98e3aeaaa14008c9455,56bec98e3aeaaa14008c9455,True,unlabelled,seed29|sq:1|split__l0|w80|sq:1|cond=56bec98e3aeaaa14008c9455,False,70,0.875,False,2,1.0,1.0,1.0,1.0,1.0,1.0,0.0,0.0,0.0,seed29,split,l0,0.0,False,0.0,29
sq:1,squad_groups,split__l0,80,sq:1|cond=56bec98e3aeaaa14008c9455,56bec98e3aeaaa14008c9455,56bec98e3aeaaa14008c9456,False,unlabelled,seed29|sq:1|split__l0|w80|sq:1|cond=56bec98e3aeaaa14008c9455,False,70,0.875,False,2,1.0,1.0,1.0,1.0,1.0,1.0,0.0,0.0,0.0,seed29,split,l0,0.0,False,0.0,29
sq:1,squad_groups,split__l0,80,sq:1|cond=56bec98e3aeaaa14008c9455,56bec98e3aeaaa14008c9455,56d7282f0d65d2140019840a,False,unlabelled,seed29|sq:1|split__l0|w80|sq:1|cond=56bec98e3aeaaa14008c9455,False,70,0.875,False,2,0.0,0.0,0.0,1.0,1.0,1.0,1.0,1.0,1.0,seed29,split,l0,0.0,False,0.0,29
sq:1,squad_groups,split__l0,80,sq:1|cond=56bec98e3aeaaa14008c9455,56bec98e3aeaaa14008c9455,56d7282f0d65d2140019840c,False,unlabelled,seed29|sq:1|split__l0|w80|sq:1|cond=56bec98e3aeaaa14008c9455,False,70,0.875,False,2,0.0,0.0,0.0,1.0,1.0,1.0,1.0,1.0,1.0,seed29,split,l0,0.0,False,0.0,29
sq:1,squad_groups,split__l1,80,sq:1|cond=56bec98e3aeaaa14008c9455,56bec98e3aeaaa14008c9455,56bec98e3aeaaa14008c9455,True,unlabelled,seed29|sq:1|split__l1|w80|sq:1|cond=56bec98e3aeaaa14008c9455,False,70,0.875,False,3,1.0,1.0,1.0,1.0,1.0,1.0,0.0,0.0,0.0,seed29,split,l1,1.0,False,0.5,29
sq:1,squad_groups,split__l1,80,sq:1|cond=56bec98e3aeaaa14008c9455,56bec98e3aeaaa14008c9455,56bec98e3aeaaa14008c9456,False,unlabelled,seed29|sq:1|split__l1|w80|sq:1|cond=56bec98e3aeaaa14008c9455,False,70,0.875,False,3,1.0,1.0,1.0,1.0,1.0,1.0,0.0,0.0,0.0,seed29,split,l1,1.0,False,0.5,29
sq:1,squad_groups,split__l1,80,sq:1|cond=56bec98e3aeaaa14008c9455,56bec98e3aeaaa14008c9455,56d7282f0d65d2140019840a,False,unlabelled,seed29|sq:1|split__l1|w80|sq:1|cond=56bec98e3aeaaa14008c9455,False,70,0.875,False,3,0.0,0.0,0.0,1.0,1.0,1.0,1.0,1.0,1.0,seed29,split,l1,1.0,False,0.5,29
sq:1,squad_groups,split__l1,80,sq:1|cond=56bec98e3aeaaa14008c9455,56bec98e3aeaaa14008c9455,56d7282f0d65d2140019840c,False,unlabelled,seed29|sq:1|split__l1|w80|sq:1|cond=56bec98e3aeaaa14008c9455,False,70,0.875,False,3,0.0,0.0,0.0,1.0,1.0,1.0,1.0,1.0,1.0,seed29,split,l1,1.0,False,0.5,29
sq:1,squad_groups,split__linf,80,sq:1|cond=56bec98e3aeaaa14008c9455,56bec98e3aeaaa14008c9455,56bec98e3aeaaa14008c9455,True,unlabelled,seed29|sq:1|split__linf|w80|sq:1|cond=56bec98e3aeaaa14008c9455,False,80,1.0,False,2,1.0,1.0,1.0,1.0,1.0,1.0,0.0,0.0,0.0,seed29,split,linf,,True,1.0,29
sq:1,squad_groups,split__linf,80,sq:1|cond=56bec98e3aeaaa14008c9455,56bec98e3aeaaa14008c9455,56bec98e3aeaaa14008c9456,False,unlabelled,seed29|sq:1|split__linf|w80|sq:1|cond=56bec98e3aeaaa14008c9455,False,80,1.0,False,2,1.0,1.0,1.0,1.0,1.0,1.0,0.0,0.0,0.0,seed29,split,linf,,True,1.0,29
sq:1,squad_groups,split__linf,80,sq:1|cond=56bec98e3aeaaa14008c9455,56bec98e3aeaaa14008c9455,56d7282f0d65d2140019840a,False,unlabelled,seed29|sq:1|split__linf|w80|sq:1|cond=56bec98e3aeaaa14008c9455,False,80,1.0,False,2,0.0,0.6666666666666666,1.0,1.0,1.0,1.0,1.0,0.33333333333333337,0.0,seed29,split,linf,,True,1.0,29
sq:1,squad_groups,split__linf,80,sq:1|cond=56bec98e3aeaaa14008c9455,56bec98e3aeaaa14008c9455,56d7282f0d65d2140019840c,False,unlabelled,seed29|sq:1|split__linf|w80|sq:1|cond=56bec98e3aeaaa14008c9455,False,80,1.0,False,2,0.0,0.0,0.0,1.0,1.0,1.0,1.0,1.0,1.0,seed29,split,linf,,True,1.0,29
sq:1,squad_groups,split__l0,80,sq:1|cond=56bec98e3aeaaa14008c9456,56bec98e3aeaaa14008c9456,56bec98e3aeaaa14008c9455,False,unlabelled,seed29|sq:1|split__l0|w80|sq:1|cond=56bec98e3aeaaa14008c9456,False,70,0.875,False,3,1.0,1.0,1.0,1.0,1.0,1.0,0.0,0.0,0.0,seed29,split,l0,0.0,False,0.0,29
sq:1,squad_groups,split__l0,80,sq:1|cond=56bec98e3aeaaa14008c9456,56bec98e3aeaaa14008c9456,56bec98e3aeaaa14008c9456,True,unlabelled,seed29|sq:1|split__l0|w80|sq:1|cond=56bec98e3aeaaa14008c9456,False,70,0.875,False,3,1.0,1.0,1.0,1.0,1.0,1.0,0.0,0.0,0.0,seed29,split,l0,0.0,False,0.0,29
sq:1,squad_groups,split__l0,80,sq:1|cond=56bec98e3aeaaa14008c9456,56bec98e3aeaaa14008c9456,56d7282f0d65d2140019840a,False,unlabelled,seed29|sq:1|split__l0|w80|sq:1|cond=56bec98e3aeaaa14008c9456,False,70,0.875,False,3,0.0,0.0,0.0,1.0,1.0,1.0,1.0,1.0,1.0,seed29,split,l0,0.0,False,0.0,29
sq:1,squad_groups,split__l0,80,sq:1|cond=56bec98e3aeaaa14008c9456,56bec98e3aeaaa14008c9456,56d7282f0d65d2140019840c,False,unlabelled,seed29|sq:1|split__l0|w80|sq:1|cond=56bec98e3aeaaa14008c9456,False,70,0.875,False,3,0.0,0.0,0.0,1.0,1.0,1.0,1.0,1.0,1.0,seed29,split,l0,0.0,False,0.0,29
sq:1,squad_groups,split__l1,80,sq:1|cond=56bec98e3aeaaa14008c9456,56bec98e3aeaaa14008c9456,56bec98e3aeaaa14008c9455,False,unlabelled,seed29|sq:1|split__l1|w80|sq:1|cond=56bec98e3aeaaa14008c9456,False,75,0.9375,False,4,0.0,0.5,1.0,1.0,1.0,1.0,1.0,0.5,0.0,seed29,split,l1,1.0,False,0.5,29
sq:1,squad_groups,split__l1,80,sq:1|cond=56bec98e3aeaaa14008c9456,56bec98e3aeaaa14008c9456,56bec98e3aeaaa14008c9456,True,unlabelled,seed29|sq:1|split__l1|w80|sq:1|cond=56bec98e3aeaaa14008c9456,False,75,0.9375,False,4,1.0,1.0,1.0,1.0,1.0,1.0,0.0,0.0,0.0,seed29,split,l1,1.0,False,0.5,29
sq:1,squad_groups,split__l1,80,sq:1|cond=56bec98e3aeaaa14008c9456,56bec98e3aeaaa14008c9456,56d7282f0d65d2140019840a,False,unlabelled,seed29|sq:1|split__l1|w80|sq:1|cond=56bec98e3aeaaa14008c9456,False,75,0.9375,False,4,1.0,1.0,1.0,1.0,1.0,1.0,0.0,0.0,0.0,seed29,split,l1,1.0,False,0.5,29
sq:1,squad_groups,split__l1,80,sq:1|cond=56bec98e3aeaaa14008c9456,56bec98e3aeaaa14008c9456,56d7282f0d65d2140019840c,False,unlabelled,seed29|sq:1|split__l1|w80|sq:1|cond=56bec98e3aeaaa14008c9456,False,75,0.9375,False,4,0.0,0.0,0.0,1.0,1.0,1.0,1.0,1.0,1.0,seed29,split,l1,1.0,False,0.5,29
sq:1,squad_groups,split__linf,80,sq:1|cond=56bec98e3aeaaa14008c9456,56bec98e3aeaaa14008c9456,56bec98e3aeaaa14008c9455,False,unlabelled,seed29|sq:1|split__linf|w80|sq:1|cond=56bec98e3aeaaa14008c9456,False,78,0.975,False,1,1.0,1.0,1.0,1.0,1.0,1.0,0.0,0.0,0.0,seed29,split,linf,,True,1.0,29
sq:1,squad_groups,split__linf,80,sq:1|cond=56bec98e3aeaaa14008c9456,56bec98e3aeaaa14008c9456,56bec98e3aeaaa14008c9456,True,unlabelled,seed29|sq:1|split__linf|w80|sq:1|cond=56bec98e3aeaaa14008c9456,False,78,0.975,False,1,0.0,0.0,0.0,1.0,1.0,1.0,1.0,1.0,1.0,seed29,split,linf,,True,1.0,29
sq:1,squad_groups,split__linf,80,sq:1|cond=56bec98e3aeaaa14008c9456,56bec98e3aeaaa14008c9456,56d7282f0d65d2140019840a,False,unlabelled,seed29|sq:1|split__linf|w80|sq:1|cond=56bec98e3aeaaa14008c9456,False,78,0.975,False,1,1.0,1.0,1.0,1.0,1.0,1.0,0.0,0.0,0.0,seed29,split,linf,,True,1.0,29
sq:1,squad_groups,split__linf,80,sq:1|cond=56bec98e3aeaaa14008c9456,56bec98e3aeaaa14008c9456,56d7282f0d65d2140019840c,False,unlabelled,seed29|sq:1|split__linf|w80|sq:1|cond=56bec98e3aeaaa14008c9456,False,78,0.975,False,1,1.0,1.0,1.0,1.0,1.0,1.0,0.0,0.0,0.0,seed29,split,linf,,True,1.0,29
sq:1,squad_groups,split__l0,80,sq:1|cond=56d7282f0d65d2140019840a,56d7282f0d65d2140019840a,56bec98e3aeaaa14008c9455,False,unlabelled,seed29|sq:1|split__l0|w80|sq:1|cond=56d7282f0d65d2140019840a,False,75,0.9375,False,2,0.0,0.0,0.0,1.0,1.0,1.0,1.0,1.0,1.0,seed29,split,l0,0.0,False,0.0,29
sq:1,squad_groups,split__l0,80,sq:1|cond=56d7282f0d65d2140019840a,56d7282f0d65d2140019840a,56bec98e3aeaaa14008c9456,False,unlabelled,seed29|sq:1|split__l0|w80|sq:1|cond=56d7282f0d65d2140019840a,False,75,0.9375,False,2,0.0,0.0,0.0,1.0,1.0,1.0,1.0,1.0,1.0,seed29,split,l0,0.0,False,0.0,29
sq:1,squad_groups,split__l0,80,sq:1|cond=56d7282f0d65d2140019840a,56d7282f0d65d2140019840a,56d7282f0d65d2140019840a,True,unlabelled,seed29|sq:1|split__l0|w80|sq:1|cond=56d7282f0d65d2140019840a,False,75,0.9375,False,2,1.0,1.0,1.0,1.0,1.0,1.0,0.0,0.0,0.0,seed29,split,l0,0.0,False,0.0,29
sq:1,squad_groups,split__l0,80,sq:1|cond=56d7282f0d65d2140019840a,56d7282f0d65d2140019840a,56d7282f0d65d2140019840c,False,unlabelled,seed29|sq:1|split__l0|w80|sq:1|cond=56d7282f0d65d2140019840a,False,75,0.9375,False,2,1.0,1.0,1.0,1.0,1.0,1.0,0.0,0.0,0.0,seed29,split,l0,0.0,False,0.0,29
sq:1,squad_groups,split__l1,80,sq:1|cond=56d7282f0d65d2140019840a,56d7282f0d65d2140019840a,56bec98e3aeaaa14008c9455,False,unlabelled,seed29|sq:1|split__l1|w80|sq:1|cond=56d7282f0d65d2140019840a,False,76,0.95,False,3,0.0,0.0,0.0,1.0,1.0,1.0,1.0,1.0,1.0,seed29,split,l1,1.0,False,0.5,29
sq:1,squad_groups,split__l1,80,sq:1|cond=56d7282f0d65d2140019840a,56d7282f0d65d2140019840a,56bec98e3aeaaa14008c9456,False,unlabelled,seed29|sq:1|split__l1|w80|sq:1|cond=56d7282f0d65d2140019840a,False,76,0.95,False,3,1.0,1.0,1.0,1.0,1.0,1.0,0.0,0.0,0.0,seed29,split,l1,1.0,False,0.5,29
sq:1,squad_groups,split__l1,80,sq:1|cond=56d7282f0d65d2140019840a,56d7282f0d65d2140019840a,56d7282f0d65d2140019840a,True,unlabelled,seed29|sq:1|split__l1|w80|sq:1|cond=56d7282f0d65d2140019840a,False,76,0.95,False,3,1.0,1.0,1.0,1.0,1.0,1.0,0.0,0.0,0.0,seed29,split,l1,1.0,False,0.5,29
sq:1,squad_groups,split__l1,80,sq:1|cond=56d7282f0d65d2140019840a,56d7282f0d65d2140019840a,56d7282f0d65d2140019840c,False,unlabelled,seed29|sq:1|split__l1|w80|sq:1|cond=56d7282f0d65d2140019840a,False,76,0.95,False,3,1.0,1.0,1.0,1.0,1.0,1.0,0.0,0.0,0.0,seed29,split,l1,1.0,False,0.5,29
sq:1,squad_groups,split__linf,80,sq:1|cond=56d7282f0d65d2140019840a,56d7282f0d65d2140019840a,56bec98e3aeaaa14008c9455,False,unlabelled,seed29|sq:1|split__linf|w80|sq:1|cond=56d7282f0d65d2140019840a,False,76,0.95,False,2,0.0,0.0,0.0,1.0,1.0,1.0,1.0,1.0,1.0,seed29,split,linf,,True,1.0,29
sq:1,squad_groups,split__linf,80,sq:1|cond=56d7282f0d65d2140019840a,56d7282f0d65d2140019840a,56bec98e3aeaaa14008c9456,False,unlabelled,seed29|sq:1|split__linf|w80|sq:1|cond=56d7282f0d65d2140019840a,False,76,0.95,False,2,1.0,1.0,1.0,1.0,1.0,1.0,0.0,0.0,0.0,seed29,split,linf,,True,1.0,29
sq:1,squad_groups,split__linf,80,sq:1|cond=56d7282f0d65d2140019840a,56d7282f0d65d2140019840a,56d7282f0d65d2140019840a,True,unlabelled,seed29|sq:1|split__linf|w80|sq:1|cond=56d7282f0d65d2140019840a,False,76,0.95,False,2,1.0,1.0,1.0,1.0,1.0,1.0,0.0,0.0,0.0,seed29,split,linf,,True,1.0,29
sq:1,squad_groups,split__linf,80,sq:1|cond=56d7282f0d65d2140019840a,56d7282f0d65d2140019840a,56d7282f0d65d2140019840c,False,unlabelled,seed29|sq:1|split__linf|w80|sq:1|cond=56d7282f0d65d2140019840a,False,76,0.95,False,2,1.0,1.0,1.0,1.0,1.0,1.0,0.0,0.0,0.0,seed29,split,linf,,True,1.0,29
sq:1,squad_groups,split__l0,80,sq:1|cond=56d7282f0d65d2140019840c,56d7282f0d65d2140019840c,56bec98e3aeaaa14008c9455,False,unlabelled,seed29|sq:1|split__l0|w80|sq:1|cond=56d7282f0d65d2140019840c,False,70,0.875,False,3,0.0,0.0,0.0,1.0,1.0,1.0,1.0,1.0,1.0,seed29,split,l0,0.0,False,0.0,29
sq:1,squad_groups,split__l0,80,sq:1|cond=56d7282f0d65d2140019840c,56d7282f0d65d2140019840c,56bec98e3aeaaa14008c9456,False,unlabelled,seed29|sq:1|split__l0|w80|sq:1|cond=56d7282f0d65d2140019840c,False,70,0.875,False,3,0.0,0.0,0.0,1.0,1.0,1.0,1.0,1.0,1.0,seed29,split,l0,0.0,False,0.0,29
sq:1,squad_groups,split__l0,80,sq:1|cond=56d7282f0d65d2140019840c,56d7282f0d65d2140019840c,56d7282f0d65d2140019840a,False,unlabelled,seed29|sq:1|split__l0|w80|sq:1|cond=56d7282f0d65d2140019840c,False,70,0.875,False,3,1.0,1.0,1.0,1.0,1.0,1.0,0.0,0.0,0.0,seed29,split,l0,0.0,False,0.0,29
sq:1,squad_groups,split__l0,80,sq:1|cond=56d7282f0d65d2140019840c,56d7282f0d65d2140019840c,56d7282f0d65d2140019840c,True,unlabelled,seed29|sq:1|split__l0|w80|sq:1|cond=56d7282f0d65d2140019840c,False,70,0.875,False,3,1.0,1.0,1.0,1.0,1.0,1.0,0.0,0.0,0.0,seed29,split,l0,0.0,False,0.0,29
sq:1,squad_groups,split__l1,80,sq:1|cond=56d7282f0d65d2140019840c,56d7282f0d65d2140019840c,56bec98e3aeaaa14008c9455,False,unlabelled,seed29|sq:1|split__l1|w80|sq:1|cond=56d7282f0d65d2140019840c,False,71,0.8875,False,5,0.0,0.0,0.0,1.0,1.0,1.0,1.0,1.0,1.0,seed29,split,l1,1.0,False,0.5,29
sq:1,squad_groups,split__l1,80,sq:1|cond=56d7282f0d65d2140019840c,56d7282f0d65d2140019840c,56bec98e3aeaaa14008c9456,False,unlabelled,seed29|sq:1|split__l1|w80|sq:1|cond=56d7282f0d65d2140019840c,False,71,0.8875,False,5,0.0,0.0,0.0,1.0,1.0,1.0,1.0,1.0,1.0,seed29,split,l1,1.0,False,0.5,29
sq:1,squad_groups,split__l1,80,sq:1|cond=56d7282f0d65d2140019840c,56d7282f0d65d2140019840c,56d7282f0d65d2140019840a,False,unlabelled,seed29|sq:1|split__l1|w80|sq:1|cond=56d7282f0d65d2140019840c,False,71,0.8875,False,5,1.0,1.0,1.0,1.0,1.0,1.0,0.0,0.0,0.0,seed29,split,l1,1.0,False,0.5,29
sq:1,squad_groups,split__l1,80,sq:1|cond=56d7282f0d65d2140019840c,56d7282f0d65d2140019840c,56d7282f0d65d2140019840c,True,unlabelled,seed29|sq:1|split__l1|w80|sq:1|cond=56d7282f0d65d2140019840c,False,71,0.8875,False,5,1.0,1.0,1.0,1.0,1.0,1.0,0.0,0.0,0.0,seed29,split,l1,1.0,False,0.5,29
sq:1,squad_groups,split__linf,80,sq:1|cond=56d7282f0d65d2140019840c,56d7282f0d65d2140019840c,56bec98e3aeaaa14008c9455,False,unlabelled,seed29|sq:1|split__linf|w80|sq:1|cond=56d7282f0d65d2140019840c,False,73,0.9125,False,2,0.0,0.0,0.0,1.0,1.0,1.0,1.0,1.0,1.0,seed29,split,linf,,True,1.0,29
sq:1,squad_groups,split__linf,80,sq:1|cond=56d7282f0d65d2140019840c,56d7282f0d65d2140019840c,56bec98e3aeaaa14008c9456,False,unlabelled,seed29|sq:1|split__linf|w80|sq:1|cond=56d7282f0d65d2140019840c,False,73,0.9125,False,2,1.0,1.0,1.0,1.0,1.0,1.0,0.0,0.0,0.0,seed29,split,linf,,True,1.0,29
sq:1,squad_groups,split__linf,80,sq:1|cond=56d7282f0d65d2140019840c,56d7282f0d65d2140019840c,56d7282f0d65d2140019840a,False,unlabelled,seed29|sq:1|split__linf|w80|sq:1|cond=56d7282f0d65d2140019840c,False,73,0.9125,False,2,1.0,1.0,1.0,1.0,1.0,1.0,0.0,0.0,0.0,seed29,split,linf,,True,1.0,29
sq:1,squad_groups,split__linf,80,sq:1|cond=56d7282f0d65d2140019840c,56d7282f0d65d2140019840c,56d7282f0d65d2140019840c,True,unlabelled,seed29|sq:1|split__linf|w80|sq:1|cond=56d7282f0d65d2140019840c,False,73,0.9125,False,2,0.0,0.0,0.0,1.0,1.0,1.0,1.0,1.0,1.0,seed29,split,linf,,True,1.0,29
sq:2,squad_groups,split__l0,80,sq:2|cond=572facb0a23a5019007fc863,572facb0a23a5019007fc863,572facb0a23a5019007fc863,True,unlabelled,seed29|sq:2|split__l0|w80|sq:2|cond=572facb0a23a5019007fc863,False,76,0.95,False,2,0.0,0.7499999999999999,1.0,0.0,0.7499999999999999,1.0,0.0,0.0,0.0,seed29,split,l0,0.0,False,0.0,29
sq:2,squad_groups,split__l0,80,sq:2|cond=572facb0a23a5019007fc863,572facb0a23a5019007fc863,572facb0a23a5019007fc864,False,unlabelled,seed29|sq:2|split__l0|w80|sq:2|cond=572facb0a23a5019007fc863,False,76,0.95,False,2,0.0,0.0,0.0,1.0,1.0,1.0,1.0,1.0,1.0,seed29,split,l0,0.0,False,0.0,29
sq:2,squad_groups,split__l0,80,sq:2|cond=572facb0a23a5019007fc863,572facb0a23a5019007fc863,572facb0a23a5019007fc865,False,unlabelled,seed29|sq:2|split__l0|w80|sq:2|cond=572facb0a23a5019007fc863,False,76,0.95,False,2,1.0,1.0,1.0,1.0,1.0,1.0,0.0,0.0,0.0,seed29,split,l0,0.0,False,0.0,29
sq:2,squad_groups,split__l0,80,sq:2|cond=572facb0a23a5019007fc863,572facb0a23a5019007fc863,572facb0a23a5019007fc866,False,unlabelled,seed29|sq:2|split__l0|w80|sq:2|cond=572facb0a23a5019007fc863,False,76,0.95,False,2,1.0,1.0,1.0,1.0,1.0,1.0,0.0,0.0,0.0,seed29,split,l0,0.0,False,0.0,29
sq:2,squad_groups,split__l1,80,sq:2|cond=572facb0a23a5019007fc863,572facb0a23a5019007fc863,572facb0a23a5019007fc863,True,unlabelled,seed29|sq:2|split__l1|w80|sq:2|cond=572facb0a23a5019007fc863,False,76,0.95,False,3,1.0,1.0,1.0,0.0,0.7499999999999999,1.0,-1.0,-0.2500000000000001,0.0,seed29,split,l1,1.0,False,0.5,29
sq:2,squad_groups,split__l1,80,sq:2|cond=572facb0a23a5019007fc863,572facb0a23a5019007fc863,572facb0a23a5019007fc864,False,unlabelled,seed29|sq:2|split__l1|w80|sq:2|cond=572facb0a23a5019007fc863,False,76,0.95,False,3,0.0,0.0,0.0,1.0,1.0,1.0,1.0,1.0,1.0,seed29,split,l1,1.0,False,0.5,29
sq:2,squad_groups,split__l1,80,sq:2|cond=572facb0a23a5019007fc863,572facb0a23a5019007fc863,572facb0a23a5019007fc865,False,unlabelled,seed29|sq:2|split__l1|w80|sq:2|cond=572facb0a23a5019007fc863,False,76,0.95,False,3,1.0,1.0,1.0,1.0,1.0,1.0,0.0,0.0,0.0,seed29,split,l1,1.0,False,0.5,29
sq:2,squad_groups,split__l1,80,sq:2|cond=572facb0a23a5019007fc863,572facb0a23a5019007fc863,572facb0a23a5019007fc866,False,unlabelled,seed29|sq:2|split__l1|w80|sq:2|cond=572facb0a23a5019007fc863,False,76,0.95,False,3,1.0,1.0,1.0,1.0,1.0,1.0,0.0,0.0,0.0,seed29,split,l1,1.0,False,0.5,29
sq:2,squad_groups,split__linf,80,sq:2|cond=572facb0a23a5019007fc863,572facb0a23a5019007fc863,572facb0a23a5019007fc863,True,unlabelled,seed29|sq:2|split__linf|w80|sq:2|cond=572facb0a23a5019007fc863,False,74,0.925,False,1,0.0,0.0,0.0,0.0,0.7499999999999999,1.0,0.0,0.7499999999999999,1.0,seed29,split,linf,,True,1.0,29
sq:2,squad_groups,split__linf,80,sq:2|cond=572facb0a23a5019007fc863,572facb0a23a5019007fc863,572facb0a23a5019007fc864,False,unlabelled,seed29|sq:2|split__linf|w80|sq:2|cond=572facb0a23a5019007fc863,False,74,0.925,False,1,0.0,0.0,0.0,1.0,1.0,1.0,1.0,1.0,1.0,seed29,split,linf,,True,1.0,29
sq:2,squad_groups,split__linf,80,sq:2|cond=572facb0a23a5019007fc863,572facb0a23a5019007fc863,572facb0a23a5019007fc865,False,unlabelled,seed29|sq:2|split__linf|w80|sq:2|cond=572facb0a23a5019007fc863,False,74,0.925,False,1,0.0,0.6666666666666666,1.0,1.0,1.0,1.0,1.0,0.33333333333333337,0.0,seed29,split,linf,,True,1.0,29
sq:2,squad_groups,split__linf,80,sq:2|cond=572facb0a23a5019007fc863,572facb0a23a5019007fc863,572facb0a23a5019007fc866,False,unlabelled,seed29|sq:2|split__linf|w80|sq:2|cond=572facb0a23a5019007fc863,False,74,0.925,False,1,0.0,0.0,1.0,1.0,1.0,1.0,1.0,1.0,0.0,seed29,split,linf,,True,1.0,29
sq:2,squad_groups,split__l0,80,sq:2|cond=572facb0a23a5019007fc864,572facb0a23a5019007fc864,572facb0a23a5019007fc863,False,unlabelled,seed29|sq:2|split__l0|w80|sq:2|cond=572facb0a23a5019007fc864,False,69,0.8625,False,1,1.0,1.0,1.0,0.0,0.7499999999999999,1.0,-1.0,-0.2500000000000001,0.0,seed29,split,l0,0.0,False,0.0,29
sq:2,squad_groups,split__l0,80,sq:2|cond=572facb0a23a5019007fc864,572facb0a23a5019007fc864,572facb0a23a5019007fc864,True,unlabelled,seed29|sq:2|split__l0|w80|sq:2|cond=572facb0a23a5019007fc864,False,69,0.8625,False,1,0.0,0.0,1.0,1.0,1.0,1.0,1.0,1.0,0.0,seed29,split,l0,0.0,False,0.0,29
sq:2,squad_groups,split__l0,80,sq:2|cond=572facb0a23a5019007fc864,572facb0a23a5019007fc864,572facb0a23a5019007fc865,False,unlabelled,seed29|sq:2|split__l0|w80|sq:2|cond=572facb0a23a5019007fc864,False,69,0.8625,False,1,0.0,0.0,0.0,1.0,1.0,1.0,1.0,1.0,1.0,seed29,split,l0,0.0,False,0.0,29
sq:2,squad_groups,split__l0,80,sq:2|cond=572facb0a23a5019007fc864,572facb0a23a5019007fc864,572facb0a23a5019007fc866,False,unlabelled,seed29|sq:2|split__l0|w80|sq:2|cond=572facb0a23a5019007fc864,False,69,0.8625,False,1,0.0,0.0,0.0,1.0,1.0,1.0,1.0,1.0,1.0,seed29,split,l0,0.0,False,0.0,29
sq:2,squad_groups,split__l1,80,sq:2|cond=572facb0a23a5019007fc864,572facb0a23a5019007fc864,572facb0a23a5019007fc863,False,unlabelled,seed29|sq:2|split__l1|w80|sq:2|cond=572facb0a23a5019007fc864,False,78,0.975,False,3,0.0,0.6666666666666665,1.0,0.0,0.7499999999999999,1.0,0.0,0.08333333333333337,0.0,seed29,split,l1,1.0,False,0.5,29
sq:2,squad_groups,split__l1,80,sq:2|cond=572facb0a23a5019007fc864,572facb0a23a5019007fc864,572facb0a23a5019007fc864,True,unlabelled,seed29|sq:2|split__l1|w80|sq:2|cond=572facb0a23a5019007fc864,False,78,0.975,False,3,0.0,0.0,1.0,1.0,1.0,1.0,1.0,1.0,0.0,seed29,split,l1,1.0,False,0.5,29
sq:2,squad_groups,split__l1,80,sq:2|cond=572facb0a23a5019007fc864,572facb0a23a5019007fc864,572facb0a23a5019007fc865,False,unlabelled,seed29|sq:2|split__l1|w80|sq:2|cond=572facb0a23a5019007fc864,False,78,0.975,False,3,0.0,0.25,0.0,1.0,1.0,1.0,1.0,0.75,1.0,seed29,split,l1,1.0,False,0.5,29
sq:2,squad_groups,split__l1,80,sq:2|cond=572facb0a23a5019007fc864,572facb0a23a5019007fc864,572facb0a23a5019007fc866,False,unlabelled,seed29|sq:2|split__l1|w80|sq:2|cond=572facb0a23a5019007fc864,False,78,0.975,False,3,1.0,1.0,1.0,1.0,1.0,1.0,0.0,0.0,0.0,seed29,split,l1,1.0,False,0.5,29
sq:2,squad_groups,split__linf,80,sq:2|cond=572facb0a23a5019007fc864,572facb0a23a5019007fc864,572facb0a23a5019007fc863,False,unlabelled,seed29|sq:2|split__linf|w80|sq:2|cond=572facb0a23a5019007fc864,False,78,0.975,False,1,0.0,0.0,0.0,0.0,0.7499999999999999,1.0,0.0,0.7499999999999999,1.0,seed29,split,linf,,True,1.0,29
sq:2,squad_groups,split__linf,80,sq:2|cond=572facb0a23a5019007fc864,572facb0a23a5019007fc864,572facb0a23a5019007fc864,True,unlabelled,seed29|sq:2|split__linf|w80|sq:2|cond=572facb0a23a5019007fc864,False,78,0.975,False,1,0.0,0.0,0.0,1.0,1.0,1.0,1.0,1.0,1.0,seed29,split,linf,,True,1.0,29
sq:2,squad_groups,split__linf,80,sq:2|cond=572facb0a23a5019007fc864,572facb0a23a5019007fc864,572facb0a23a5019007fc865,False,unlabelled,seed29|sq:2|split__linf|w80|sq:2|cond=572facb0a23a5019007fc864,False,78,0.975,False,1,1.0,1.0,1.0,1.0,1.0,1.0,0.0,0.0,0.0,seed29,split,linf,,True,1.0,29
sq:2,squad_groups,split__linf,80,sq:2|cond=572facb0a23a5019007fc864,572facb0a23a5019007fc864,572facb0a23a5019007fc866,False,unlabelled,seed29|sq:2|split__linf|w80|sq:2|cond=572facb0a23a5019007fc864,False,78,0.975,False,1,1.0,1.0,1.0,1.0,1.0,1.0,0.0,0.0,0.0,seed29,split,linf,,True,1.0,29
sq:2,squad_groups,split__l0,80,sq:2|cond=572facb0a23a5019007fc865,572facb0a23a5019007fc865,572facb0a23a5019007fc863,False,unlabelled,seed29|sq:2|split__l0|w80|sq:2|cond=572facb0a23a5019007fc865,False,78,0.975,False,3,0.0,0.0,0.0,0.0,0.7499999999999999,1.0,0.0,0.7499999999999999,1.0,seed29,split,l0,0.0,False,0.0,29
sq:2,squad_groups,split__l0,80,sq:2|cond=572facb0a23a5019007fc865,572facb0a23a5019007fc865,572facb0a23a5019007fc864,False,unlabelled,seed29|sq:2|split__l0|w80|sq:2|cond=572facb0a23a5019007fc865,False,78,0.975,False,3,0.0,0.0,0.0,1.0,1.0,1.0,1.0,1.0,1.0,seed29,split,l0,0.0,False,0.0,29
sq:2,squad_groups,split__l0,80,sq:2|cond=572facb0a23a5019007fc865,572facb0a23a5019007fc865,572facb0a23a5019007fc865,True,unlabelled,seed29|sq:2|split__l0|w80|sq:2|cond=572facb0a23a5019007fc865,False,78,0.975,False,3,1.0,1.0,1.0,1.0,1.0,1.0,0.0,0.0,0.0,seed29,split,l0,0.0,False,0.0,29
sq:2,squad_groups,split__l0,80,sq:2|cond=572facb0a23a5019007fc865,572facb0a23a5019007fc865,572facb0a23a5019007fc866,False,unlabelled,seed29|sq:2|split__l0|w80|sq:2|cond=572facb0a23a5019007fc865,False,78,0.975,False,3,1.0,1.0,1.0,1.0,1.0,1.0,0.0,0.0,0.0,seed29,split,l0,0.0,False,0.0,29
sq:2,squad_groups,split__l1,80,sq:2|cond=572facb0a23a5019007fc865,572facb0a23a5019007fc865,572facb0a23a5019007fc863,False,unlabelled,seed29|sq:2|split__l1|w80|sq:2|cond=572facb0a23a5019007fc865,False,69,0.8625,False,4,0.0,0.0,0.0,0.0,0.7499999999999999,1.0,0.0,0.7499999999999999,1.0,seed29,split,l1,1.0,False,0.5,29
sq:2,squad_groups,split__l1,80,sq:2|cond=572facb0a23a5019007fc865,572facb0a23a5019007fc865,572facb0a23a5019007fc864,False,unlabelled,seed29|sq:2|split__l1|w80|sq:2|cond=572facb0a23a5019007fc865,False,69,0.8625,False,4,0.0,0.0,0.0,1.0,1.0,1.0,1.0,1.0,1.0,seed29,split,l1,1.0,False,0.5,29
sq:2,squad_groups,split__l1,80,sq:2|cond=572facb0a23a5019007fc865,572facb0a23a5019007fc865,572facb0a23a5019007fc865,True,unlabelled,seed29|sq:2|split__l1|w80|sq:2|cond=572facb0a23a5019007fc865,False,69,0.8625,False,4,1.0,1.0,1.0,1.0,1.0,1.0,0.0,0.0,0.0,seed29,split,l1,1.0,False,0.5,29
sq:2,squad_groups,split__l1,80,sq:2|cond=572facb0a23a5019007fc865,572facb0a23a5019007fc865,572facb0a23a5019007fc866,False,unlabelled,seed29|sq:2|split__l1|w80|sq:2|cond=572facb0a23a5019007fc865,False,69,0.8625,False,4,0.0,0.0,0.0,1.0,1.0,1.0,1.0,1.0,1.0,seed29,split,l1,1.0,False,0.5,29
sq:2,squad_groups,split__linf,80,sq:2|cond=572facb0a23a5019007fc865,572facb0a23a5019007fc865,572facb0a23a5019007fc863,False,unlabelled,seed29|sq:2|split__linf|w80|sq:2|cond=572facb0a23a5019007fc865,False,77,0.9625,False,2,1.0,1.0,1.0,0.0,0.7499999999999999,1.0,-1.0,-0.2500000000000001,0.0,seed29,split,linf,,True,1.0,29
sq:2,squad_groups,split__linf,80,sq:2|cond=572facb0a23a5019007fc865,572facb0a23a5019007fc865,572facb0a23a5019007fc864,False,unlabelled,seed29|sq:2|split__linf|w80|sq:2|cond=572facb0a23a5019007fc865,False,77,0.9625,False,2,0.0,0.0,0.0,1.0,1.0,1.0,1.0,1.0,1.0,seed29,split,linf,,True,1.0,29
sq:2,squad_groups,split__linf,80,sq:2|cond=572facb0a23a5019007fc865,572facb0a23a5019007fc865,572facb0a23a5019007fc865,True,unlabelled,seed29|sq:2|split__linf|w80|sq:2|cond=572facb0a23a5019007fc865,False,77,0.9625,False,2,0.0,0.0,1.0,1.0,1.0,1.0,1.0,1.0,0.0,seed29,split,linf,,True,1.0,29
sq:2,squad_groups,split__linf,80,sq:2|cond=572facb0a23a5019007fc865,572facb0a23a5019007fc865,572facb0a23a5019007fc866,False,unlabelled,seed29|sq:2|split__linf|w80|sq:2|cond=572facb0a23a5019007fc865,False,77,0.9625,False,2,1.0,1.0,1.0,1.0,1.0,1.0,0.0,0.0,0.0,seed29,split,linf,,True,1.0,29
sq:2,squad_groups,split__l0,80,sq:2|cond=572facb0a23a5019007fc866,572facb0a23a5019007fc866,572facb0a23a5019007fc863,False,unlabelled,seed29|sq:2|split__l0|w80|sq:2|cond=572facb0a23a5019007fc866,False,69,0.8625,False,3,0.0,0.0,0.0,0.0,0.7499999999999999,1.0,0.0,0.7499999999999999,1.0,seed29,split,l0,0.0,False,0.0,29
sq:2,squad_groups,split__l0,80,sq:2|cond=572facb0a23a5019007fc866,572facb0a23a5019007fc866,572facb0a23a5019007fc864,False,unlabelled,seed29|sq:2|split__l0|w80|sq:2|cond=572facb0a23a5019007fc866,False,69,0.8625,False,3,0.0,0.0,0.0,1.0,1.0,1.0,1.0,1.0,1.0,seed29,split,l0,0.0,False,0.0,29
sq:2,squad_groups,split__l0,80,sq:2|cond=572facb0a23a5019007fc866,572facb0a23a5019007fc866,572facb0a23a5019007fc865,False,unlabelled,seed29|sq:2|split__l0|w80|sq:2|cond=572facb0a23a5019007fc866,False,69,0.8625,False,3,0.0,0.25,0.0,1.0,1.0,1.0,1.0,0.75,1.0,seed29,split,l0,0.0,False,0.0,29
sq:2,squad_groups,split__l0,80,sq:2|cond=572facb0a23a5019007fc866,572facb0a23a5019007fc866,572facb0a23a5019007fc866,True,unlabelled,seed29|sq:2|split__l0|w80|sq:2|cond=572facb0a23a5019007fc866,False,69,0.8625,False,3,1.0,1.0,1.0,1.0,1.0,1.0,0.0,0.0,0.0,seed29,split,l0,0.0,False,0.0,29
sq:2,squad_groups,split__l1,80,sq:2|cond=572facb0a23a5019007fc866,572facb0a23a5019007fc866,572facb0a23a5019007fc863,False,unlabelled,seed29|sq:2|split__l1|w80|sq:2|cond=572facb0a23a5019007fc866,False,75,0.9375,False,3,0.0,0.6666666666666665,1.0,0.0,0.7499999999999999,1.0,0.0,0.08333333333333337,0.0,seed29,split,l1,1.0,False,0.5,29
sq:2,squad_groups,split__l1,80,sq:2|cond=572facb0a23a5019007fc866,572facb0a23a5019007fc866,572facb0a23a5019007fc864,False,unlabelled,seed29|sq:2|split__l1|w80|sq:2|cond=572facb0a23a5019007fc866,False,75,0.9375,False,3,0.0,0.0,0.0,1.0,1.0,1.0,1.0,1.0,1.0,seed29,split,l1,1.0,False,0.5,29
sq:2,squad_groups,split__l1,80,sq:2|cond=572facb0a23a5019007fc866,572facb0a23a5019007fc866,572facb0a23a5019007fc865,False,unlabelled,seed29|sq:2|split__l1|w80|sq:2|cond=572facb0a23a5019007fc866,False,75,0.9375,False,3,0.0,0.25,0.0,1.0,1.0,1.0,1.0,0.75,1.0,seed29,split,l1,1.0,False,0.5,29
sq:2,squad_groups,split__l1,80,sq:2|cond=572facb0a23a5019007fc866,572facb0a23a5019007fc866,572facb0a23a5019007fc866,True,unlabelled,seed29|sq:2|split__l1|w80|sq:2|cond=572facb0a23a5019007fc866,False,75,0.9375,False,3,1.0,1.0,1.0,1.0,1.0,1.0,0.0,0.0,0.0,seed29,split,l1,1.0,False,0.5,29
sq:2,squad_groups,split__linf,80,sq:2|cond=572facb0a23a5019007fc866,572facb0a23a5019007fc866,572facb0a23a5019007fc863,False,unlabelled,seed29|sq:2|split__linf|w80|sq:2|cond=572facb0a23a5019007fc866,False,78,0.975,False,1,0.0,0.6666666666666665,1.0,0.0,0.7499999999999999,1.0,0.0,0.08333333333333337,0.0,seed29,split,linf,,True,1.0,29
sq:2,squad_groups,split__linf,80,sq:2|cond=572facb0a23a5019007fc866,572facb0a23a5019007fc866,572facb0a23a5019007fc864,False,unlabelled,seed29|sq:2|split__linf|w80|sq:2|cond=572facb0a23a5019007fc866,False,78,0.975,False,1,0.0,0.0,0.0,1.0,1.0,1.0,1.0,1.0,1.0,seed29,split,linf,,True,1.0,29
sq:2,squad_groups,split__linf,80,sq:2|cond=572facb0a23a5019007fc866,572facb0a23a5019007fc866,572facb0a23a5019007fc865,False,unlabelled,seed29|sq:2|split__linf|w80|sq:2|cond=572facb0a23a5019007fc866,False,78,0.975,False,1,1.0,1.0,1.0,1.0,1.0,1.0,0.0,0.0,0.0,seed29,split,linf,,True,1.0,29
sq:2,squad_groups,split__linf,80,sq:2|cond=572facb0a23a5019007fc866,572facb0a23a5019007fc866,572facb0a23a5019007fc866,True,unlabelled,seed29|sq:2|split__linf|w80|sq:2|cond=572facb0a23a5019007fc866,False,78,0.975,False,1,0.0,0.0,0.0,1.0,1.0,1.0,1.0,1.0,1.0,seed29,split,linf,,True,1.0,29
sq:3,squad_groups,split__l0,80,sq:3|cond=572822233acd2414000df555,572822233acd2414000df555,572822233acd2414000df555,True,unlabelled,seed29|sq:3|split__l0|w80|sq:3|cond=572822233acd2414000df555,False,74,0.925,False,2,1.0,1.0,1.0,1.0,1.0,1.0,0.0,0.0,0.0,seed29,split,l0,0.0,False,0.0,29
sq:3,squad_groups,split__l0,80,sq:3|cond=572822233acd2414000df555,572822233acd2414000df555,572822233acd2414000df556,False,unlabelled,seed29|sq:3|split__l0|w80|sq:3|cond=572822233acd2414000df555,False,74,0.925,False,2,1.0,1.0,1.0,1.0,1.0,1.0,0.0,0.0,0.0,seed29,split,l0,0.0,False,0.0,29
sq:3,squad_groups,split__l0,80,sq:3|cond=572822233acd2414000df555,572822233acd2414000df555,572822233acd2414000df557,False,unlabelled,seed29|sq:3|split__l0|w80|sq:3|cond=572822233acd2414000df555,False,74,0.925,False,2,0.0,0.11111111111111112,0.0,0.0,0.9333333333333333,1.0,0.0,0.8222222222222222,1.0,seed29,split,l0,0.0,False,0.0,29
sq:3,squad_groups,split__l0,80,sq:3|cond=572822233acd2414000df555,572822233acd2414000df555,572822233acd2414000df559,False,unlabelled,seed29|sq:3|split__l0|w80|sq:3|cond=572822233acd2414000df555,False,74,0.925,False,2,0.0,0.0,0.0,1.0,1.0,1.0,1.0,1.0,1.0,seed29,split,l0,0.0,False,0.0,29
sq:3,squad_groups,split__l1,80,sq:3|cond=572822233acd2414000df555,572822233acd2414000df555,572822233acd2414000df555,True,unlabelled,seed29|sq:3|split__l1|w80|sq:3|cond=572822233acd2414000df555,False,75,0.9375,False,3,1.0,1.0,1.0,1.0,1.0,1.0,0.0,0.0,0.0,seed29,split,l1,1.0,False,0.5,29
sq:3,squad_groups,split__l1,80,sq:3|cond=572822233acd2414000df555,572822233acd2414000df555,572822233acd2414000df556,False,unlabelled,seed29|sq:3|split__l1|w80|sq:3|cond=572822233acd2414000df555,False,75,0.9375,False,3,1.0,1.0,1.0,1.0,1.0,1.0,0.0,0.0,0.0,seed29,split,l1,1.0,False,0.5,29
sq:3,squad_groups,split__l1,80,sq:3|cond=572822233acd2414000df555,572822233acd2414000df555,572822233acd2414000df557,False,unlabelled,seed29|sq:3|split__l1|w80|sq:3|cond=572822233acd2414000df555,False,75,0.9375,False,3,0.0,0.0,0.0,0.0,0.9333333333333333,1.0,0.0,0.9333333333333333,1.0,seed29,split,l1,1.0,False,0.5,29
sq:3,squad_groups,split__l1,80,sq:3|cond=572822233acd2414000df555,572822233acd2414000df555,572822233acd2414000df559,False,unlabelled,seed29|sq:3|split__l1|w80|sq:3|cond=572822233acd2414000df555,False,75,0.9375,False,3,0.0,0.0,0.0,1.0,1.0,1.0,1.0,1.0,1.0,seed29,split,l1,1.0,False,0.5,29
sq:3,squad_groups,split__linf,80,sq:3|cond=572822233acd2414000df555,572822233acd2414000df555,572822233acd2414000df555,True,unlabelled,seed29|sq:3|split__linf|w80|sq:3|cond=572822233acd2414000df555,False,73,0.9125,False,1,1.0,1.0,1.0,1.0,1.0,1.0,0.0,0.0,0.0,seed29,split,linf,,True,1.0,29
sq:3,squad_groups,split__linf,80,sq:3|cond=572822233acd2414000df555,572822233acd2414000df555,572822233acd2414000df556,False,unlabelled,seed29|sq:3|split__linf|w80|sq:3|cond=572822233acd2414000df555,False,73,0.9125,False,1,1.0,1.0,1.0,1.0,1.0,1.0,0.0,0.0,0.0,seed29,split,linf,,True,1.0,29
sq:3,squad_groups,split__linf,80,sq:3|cond=572822233acd2414000df555,572822233acd2414000df555,572822233acd2414000df557,False,unlabelled,seed29|sq:3|split__linf|w80|sq:3|cond=572822233acd2414000df555,False,73,0.9125,False,1,0.0,0.2222222222222222,0.0,0.0,0.9333333333333333,1.0,0.0,0.7111111111111111,1.0,seed29,split,linf,,True,1.0,29
sq:3,squad_groups,split__linf,80,sq:3|cond=572822233acd2414000df555,572822233acd2414000df555,572822233acd2414000df559,False,unlabelled,seed29|sq:3|split__linf|w80|sq:3|cond=572822233acd2414000df555,False,73,0.9125,False,1,0.0,0.0,0.0,1.0,1.0,1.0,1.0,1.0,1.0,seed29,split,linf,,True,1.0,29
sq:3,squad_groups,split__l0,80,sq:3|cond=572822233acd2414000df556,572822233acd2414000df556,572822233acd2414000df555,False,unlabelled,seed29|sq:3|split__l0|w80|sq:3|cond=572822233acd2414000df556,False,73,0.9125,False,3,1.0,1.0,1.0,1.0,1.0,1.0,0.0,0.0,0.0,seed29,split,l0,0.0,False,0.0,29
sq:3,squad_groups,split__l0,80,sq:3|cond=572822233acd2414000df556,572822233acd2414000df556,572822233acd2414000df556,True,unlabelled,seed29|sq:3|split__l0|w80|sq:3|cond=572822233acd2414000df556,False,73,0.9125,False,3,0.0,0.0,0.0,1.0,1.0,1.0,1.0,1.0,1.0,seed29,split,l0,0.0,False,0.0,29
sq:3,squad_groups,split__l0,80,sq:3|cond=572822233acd2414000df556,572822233acd2414000df556,572822233acd2414000df557,False,unlabelled,seed29|sq:3|split__l0|w80|sq:3|cond=572822233acd2414000df556,False,73,0.9125,False,3,0.0,0.2222222222222222,0.0,0.0,0.9333333333333333,1.0,0.0,0.7111111111111111,1.0,seed29,split,l0,0.0,False,0.0,29
sq:3,squad_groups,split__l0,80,sq:3|cond=572822233acd2414000df556,572822233acd2414000df556,572822233acd2414000df559,False,unlabelled,seed29|sq:3|split__l0|w80|sq:3|cond=572822233acd2414000df556,False,73,0.9125,False,3,0.0,0.0,0.0,1.0,1.0,1.0,1.0,1.0,1.0,seed29,split,l0,0.0,False,0.0,29
sq:3,squad_groups,split__l1,80,sq:3|cond=572822233acd2414000df556,572822233acd2414000df556,572822233acd2414000df555,False,unlabelled,seed29|sq:3|split__l1|w80|sq:3|cond=572822233acd2414000df556,False,70,0.875,False,5,0.0,0.0,0.0,1.0,1.0,1.0,1.0,1.0,1.0,seed29,split,l1,1.0,False,0.5,29
sq:3,squad_groups,split__l1,80,sq:3|cond=572822233acd2414000df556,572822233acd2414000df556,572822233acd2414000df556,True,unlabelled,seed29|sq:3|split__l1|w80|sq:3|cond=572822233acd2414000df556,False,70,0.875,False,5,1.0,1.0,1.0,1.0,1.0,1.0,0.0,0.0,0.0,seed29,split,l1,1.0,False,0.5,29
sq:3,squad_groups,split__l1,80,sq:3|cond=572822233acd2414000df556,572822233acd2414000df556,572822233acd2414000df557,False,unlabelled,seed29|sq:3|split__l1|w80|sq:3|cond=572822233acd2414000df556,False,70,0.875,False,5,0.0,0.14285714285714288,0.0,0.0,0.9333333333333333,1.0,0.0,0.7904761904761904,1.0,seed29,split,l1,1.0,False,0.5,29
sq:3,squad_groups,split__l1,80,sq:3|cond=572822233acd2414000df556,572822233acd2414000df556,572822233acd2414000df559,False,unlabelled,seed29|sq:3|split__l1|w80|sq:3|cond=572822233acd2414000df556,False,70,0.875,False,5,0.0,0.0,0.0,1.0,1.0,1.0,1.0,1.0,1.0,seed29,split,l1,1.0,False,0.5,29
sq:3,squad_groups,split__linf,80,sq:3|cond=572822233acd2414000df556,572822233acd2414000df556,572822233acd2414000df555,False,unlabelled,seed29|sq:3|split__linf|w80|sq:3|cond=572822233acd2414000df556,False,76,0.95,False,1,0.0,0.0,0.0,1.0,1.0,1.0,1.0,1.0,1.0,seed29,split,linf,,True,1.0,29
sq:3,squad_groups,split__linf,80,sq:3|cond=572822233acd2414000df556,572822233acd2414000df556,572822233acd2414000df556,True,unlabelled,seed29|sq:3|split__linf|w80|sq:3|cond=572822233acd2414000df556,False,76,0.95,False,1,0.0,0.0,0.0,1.0,1.0,1.0,1.0,1.0,1.0,seed29,split,linf,,True,1.0,29
sq:3,squad_groups,split__linf,80,sq:3|cond=572822233acd2414000df556,572822233acd2414000df556,572822233acd2414000df557,False,unlabelled,seed29|sq:3|split__linf|w80|sq:3|cond=572822233acd2414000df556,False,76,0.95,False,1,0.0,0.9333333333333333,1.0,0.0,0.9333333333333333,1.0,0.0,0.0,0.0,seed29,split,linf,,True,1.0,29
sq:3,squad_groups,split__linf,80,sq:3|cond=572822233acd2414000df556,572822233acd2414000df556,572822233acd2414000df559,False,unlabelled,seed29|sq:3|split__linf|w80|sq:3|cond=572822233acd2414000df556,False,76,0.95,False,1,0.0,0.0,0.0,1.0,1.0,1.0,1.0,1.0,1.0,seed29,split,linf,,True,1.0,29
sq:3,squad_groups,split__l0,80,sq:3|cond=572822233acd2414000df557,572822233acd2414000df557,572822233acd2414000df555,False,unlabelled,seed29|sq:3|split__l0|w80|sq:3|cond=572822233acd2414000df557,False,75,0.9375,False,2,0.0,0.0,0.0,1.0,1.0,1.0,1.0,1.0,1.0,seed29,split,l0,0.0,False,0.0,29
sq:3,squad_groups,split__l0,80,sq:3|cond=572822233acd2414000df557,572822233acd2414000df557,572822233acd2414000df556,False,unlabelled,seed29|sq:3|split__l0|w80|sq:3|cond=572822233acd2414000df557,False,75,0.9375,False,2,0.0,0.0,0.0,1.0,1.0,1.0,1.0,1.0,1.0,seed29,split,l0,0.0,False,0.0,29
sq:3,squad_groups,split__l0,80,sq:3|cond=572822233acd2414000df557,572822233acd2414000df557,572822233acd2414000df557,True,unlabelled,seed29|sq:3|split__l0|w80|sq:3|cond=572822233acd2414000df557,False,75,0.9375,False,2,0.0,0.9333333333333333,1.0,0.0,0.9333333333333333,1.0,0.0,0.0,0.0,seed29,split,l0,0.0,False,0.0,29
sq:3,squad_groups,split__l0,80,sq:3|cond=572822233acd2414000df557,572822233acd2414000df557,572822233acd2414000df559,False,unlabelled,seed29|sq:3|split__l0|w80|sq:3|cond=572822233acd2414000df557,False,75,0.9375,False,2,1.0,1.0,1.0,1.0,1.0,1.0,0.0,0.0,0.0,seed29,split,l0,0.0,False,0.0,29
sq:3,squad_groups,split__l1,80,sq:3|cond=572822233acd2414000df557,572822233acd2414000df557,572822233acd2414000df555,False,unlabelled,seed29|sq:3|split__l1|w80|sq:3|cond=572822233acd2414000df557,False,72,0.9,False,3,0.0,0.0,0.0,1.0,1.0,1.0,1.0,1.0,1.0,seed29,split,l1,1.0,False,0.5,29
sq:3,squad_groups,split__l1,80,sq:3|cond=572822233acd2414000df557,572822233acd2414000df557,572822233acd2414000df556,False,unlabelled,seed29|sq:3|split__l1|w80|sq:3|cond=572822233acd2414000df557,False,72,0.9,False,3,0.0,0.0,0.0,1.0,1.0,1.0,1.0,1.0,1.0,seed29,split,l1,1.0,False,0.5,29
sq:3,squad_groups,split__l1,80,sq:3|cond=572822233acd2414000df557,572822233acd2414000df557,572822233acd2414000df557,True,unlabelled,seed29|sq:3|split__l1|w80|sq:3|cond=572822233acd2414000df557,False,72,0.9,False,3,0.0,0.9333333333333333,1.0,0.0,0.9333333333333333,1.0,0.0,0.0,0.0,seed29,split,l1,1.0,False,0.5,29
sq:3,squad_groups,split__l1,80,sq:3|cond=572822233acd2414000df557,572822233acd2414000df557,572822233acd2414000df559,False,unlabelled,seed29|sq:3|split__l1|w80|sq:3|cond=572822233acd2414000df557,False,72,0.9,False,3,0.0,0.7499999999999999,1.0,1.0,1.0,1.0,1.0,0.2500000000000001,0.0,seed29,split,l1,1.0,False,0.5,29
sq:3,squad_groups,split__linf,80,sq:3|cond=572822233acd2414000df557,572822233acd2414000df557,572822233acd2414000df555,False,unlabelled,seed29|sq:3|split__linf|w80|sq:3|cond=572822233acd2414000df557,False,80,1.0,False,1,1.0,1.0,1.0,1.0,1.0,1.0,0.0,0.0,0.0,seed29,split,linf,,True,1.0,29
sq:3,squad_groups,split__linf,80,sq:3|cond=572822233acd2414000df557,572822233acd2414000df557,572822233acd2414000df556,False,unlabelled,seed29|sq:3|split__linf|w80|sq:3|cond=572822233acd2414000df557,False,80,1.0,False,1,0.0,0.0,0.0,1.0,1.0,1.0,1.0,1.0,1.0,seed29,split,linf,,True,1.0,29
sq:3,squad_groups,split__linf,80,sq:3|cond=572822233acd2414000df557,572822233acd2414000df557,572822233acd2414000df557,True,unlabelled,seed29|sq:3|split__linf|w80|sq:3|cond=572822233acd2414000df557,False,80,1.0,False,1,0.0,0.8571428571428571,1.0,0.0,0.9333333333333333,1.0,0.0,0.07619047619047625,0.0,seed29,split,linf,,True,1.0,29
sq:3,squad_groups,split__linf,80,sq:3|cond=572822233acd2414000df557,572822233acd2414000df557,572822233acd2414000df559,False,unlabelled,seed29|sq:3|split__linf|w80|sq:3|cond=572822233acd2414000df557,False,80,1.0,False,1,0.0,0.7499999999999999,1.0,1.0,1.0,1.0,1.0,0.2500000000000001,0.0,seed29,split,linf,,True,1.0,29
sq:3,squad_groups,split__l0,80,sq:3|cond=572822233acd2414000df559,572822233acd2414000df559,572822233acd2414000df555,False,unlabelled,seed29|sq:3|split__l0|w80|sq:3|cond=572822233acd2414000df559,False,71,0.8875,False,3,0.0,0.0,0.0,1.0,1.0,1.0,1.0,1.0,1.0,seed29,split,l0,0.0,False,0.0,29
sq:3,squad_groups,split__l0,80,sq:3|cond=572822233acd2414000df559,572822233acd2414000df559,572822233acd2414000df556,False,unlabelled,seed29|sq:3|split__l0|w80|sq:3|cond=572822233acd2414000df559,False,71,0.8875,False,3,0.0,0.0,0.0,1.0,1.0,1.0,1.0,1.0,1.0,seed29,split,l0,0.0,False,0.0,29
sq:3,squad_groups,split__l0,80,sq:3|cond=572822233acd2414000df559,572822233acd2414000df559,572822233acd2414000df557,False,unlabelled,seed29|sq:3|split__l0|w80|sq:3|cond=572822233acd2414000df559,False,71,0.8875,False,3,0.0,0.8333333333333334,1.0,0.0,0.9333333333333333,1.0,0.0,0.09999999999999998,0.0,seed29,split,l0,0.0,False,0.0,29
sq:3,squad_groups,split__l0,80,sq:3|cond=572822233acd2414000df559,572822233acd2414000df559,572822233acd2414000df559,True,unlabelled,seed29|sq:3|split__l0|w80|sq:3|cond=572822233acd2414000df559,False,71,0.8875,False,3,0.0,0.7499999999999999,1.0,1.0,1.0,1.0,1.0,0.2500000000000001,0.0,seed29,split,l0,0.0,False,0.0,29
sq:3,squad_groups,split__l1,80,sq:3|cond=572822233acd2414000df559,572822233acd2414000df559,572822233acd2414000df555,False,unlabelled,seed29|sq:3|split__l1|w80|sq:3|cond=572822233acd2414000df559,False,66,0.825,True,6,1.0,1.0,1.0,1.0,1.0,1.0,0.0,0.0,0.0,seed29,split,l1,1.0,False,0.5,29
sq:3,squad_groups,split__l1,80,sq:3|cond=572822233acd2414000df559,572822233acd2414000df559,572822233acd2414000df556,False,unlabelled,seed29|sq:3|split__l1|w80|sq:3|cond=572822233acd2414000df559,False,66,0.825,True,6,0.0,0.0,0.0,1.0,1.0,1.0,1.0,1.0,1.0,seed29,split,l1,1.0,False,0.5,29
sq:3,squad_groups,split__l1,80,sq:3|cond=572822233acd2414000df559,572822233acd2414000df559,572822233acd2414000df557,False,unlabelled,seed29|sq:3|split__l1|w80|sq:3|cond=572822233acd2414000df559,False,66,0.825,True,6,0.0,0.7272727272727272,0.0,0.0,0.9333333333333333,1.0,0.0,0.20606060606060617,1.0,seed29,split,l1,1.0,False,0.5,29
sq:3,squad_groups,split__l1,80,sq:3|cond=572822233acd2414000df559,572822233acd2414000df559,572822233acd2414000df559,True,unlabelled,seed29|sq:3|split__l1|w80|sq:3|cond=572822233acd2414000df559,False,66,0.825,True,6,0.0,0.7499999999999999,1.0,1.0,1.0,1.0,1.0,0.2500000000000001,0.0,seed29,split,l1,1.0,False,0.5,29
sq:3,squad_groups,split__linf,80,sq:3|cond=572822233acd2414000df559,572822233acd2414000df559,572822233acd2414000df555,False,unlabelled,seed29|sq:3|split__linf|w80|sq:3|cond=572822233acd2414000df559,False,72,0.9,False,1,1.0,1.0,1.0,1.0,1.0,1.0,0.0,0.0,0.0,seed29,split,linf,,True,1.0,29
sq:3,squad_groups,split__linf,80,sq:3|cond=572822233acd2414000df559,572822233acd2414000df559,572822233acd2414000df556,False,unlabelled,seed29|sq:3|split__linf|w80|sq:3|cond=572822233acd2414000df559,False,72,0.9,False,1,0.0,0.3333333333333333,1.0,1.0,1.0,1.0,1.0,0.6666666666666667,0.0,seed29,split,linf,,True,1.0,29
sq:3,squad_groups,split__linf,80,sq:3|cond=572822233acd2414000df559,572822233acd2414000df559,572822233acd2414000df557,False,unlabelled,seed29|sq:3|split__linf|w80|sq:3|cond=572822233acd2414000df559,False,72,0.9,False,1,0.0,0.3636363636363636,0.0,0.0,0.9333333333333333,1.0,0.0,0.5696969696969698,1.0,seed29,split,linf,,True,1.0,29
sq:3,squad_groups,split__linf,80,sq:3|cond=572822233acd2414000df559,572822233acd2414000df559,572822233acd2414000df559,True,unlabelled,seed29|sq:3|split__linf|w80|sq:3|cond=572822233acd2414000df559,False,72,0.9,False,1,0.0,0.7499999999999999,1.0,1.0,1.0,1.0,1.0,0.2500000000000001,0.0,seed29,split,linf,,True,1.0,29
sq:4,squad_groups,split__l0,80,sq:4|cond=5727f2714b864d1900164072,5727f2714b864d1900164072,5727f2714b864d1900164072,True,unlabelled,seed29|sq:4|split__l0|w80|sq:4|cond=5727f2714b864d1900164072,False,70,0.875,False,2,0.0,0.0,1.0,1.0,1.0,1.0,1.0,1.0,0.0,seed29,split,l0,0.0,False,0.0,29
sq:4,squad_groups,split__l0,80,sq:4|cond=5727f2714b864d1900164072,5727f2714b864d1900164072,5727f2714b864d1900164076,False,unlabelled,seed29|sq:4|split__l0|w80|sq:4|cond=5727f2714b864d1900164072,False,70,0.875,False,2,0.0,0.4444444444444444,0.0,0.0,0.4444444444444444,0.0,0.0,0.0,0.0,seed29,split,l0,0.0,False,0.0,29
sq:4,squad_groups,split__l0,80,sq:4|cond=5727f2714b864d1900164072,5727f2714b864d1900164072,5729e2b76aef0514001550cf,False,unlabelled,seed29|sq:4|split__l0|w80|sq:4|cond=5727f2714b864d1900164072,False,70,0.875,False,2,0.0,0.0,0.0,1.0,1.0,1.0,1.0,1.0,1.0,seed29,split,l0,0.0,False,0.0,29
sq:4,squad_groups,split__l0,80,sq:4|cond=5727f2714b864d1900164072,5727f2714b864d1900164072,5729e2b76aef0514001550d1,False,unlabelled,seed29|sq:4|split__l0|w80|sq:4|cond=5727f2714b864d1900164072,False,70,0.875,False,2,0.0,0.0,1.0,1.0,1.0,1.0,1.0,1.0,0.0,seed29,split,l0,0.0,False,0.0,29
sq:4,squad_groups,split__l1,80,sq:4|cond=5727f2714b864d1900164072,5727f2714b864d1900164072,5727f2714b864d1900164072,True,unlabelled,seed29|sq:4|split__l1|w80|sq:4|cond=5727f2714b864d1900164072,False,73,0.9125,False,5,0.0,0.0,1.0,1.0,1.0,1.0,1.0,1.0,0.0,seed29,split,l1,1.0,False,0.5,29
sq:4,squad_groups,split__l1,80,sq:4|cond=5727f2714b864d1900164072,5727f2714b864d1900164072,5727f2714b864d1900164076,False,unlabelled,seed29|sq:4|split__l1|w80|sq:4|cond=5727f2714b864d1900164072,False,73,0.9125,False,5,0.0,0.0,0.0,0.0,0.4444444444444444,0.0,0.0,0.4444444444444444,0.0,seed29,split,l1,1.0,False,0.5,29
sq:4,squad_groups,split__l1,80,sq:4|cond=5727f2714b864d1900164072,5727f2714b864d1900164072,5729e2b76aef0514001550cf,False,unlabelled,seed29|sq:4|split__l1|w80|sq:4|cond=5727f2714b864d1900164072,False,73,0.9125,False,5,0.0,0.4,1.0,1.0,1.0,1.0,1.0,0.6,0.0,seed29,split,l1,1.0,False,0.5,29
sq:4,squad_groups,split__l1,80,sq:4|cond=5727f2714b864d1900164072,5727f2714b864d1900164072,5729e2b76aef0514001550d1,False,unlabelled,seed29|sq:4|split__l1|w80|sq:4|cond=5727f2714b864d1900164072,False,73,0.9125,False,5,1.0,1.0,1.0,1.0,1.0,1.0,0.0,0.0,0.0,seed29,split,l1,1.0,False,0.5,29
sq:4,squad_groups,split__linf,80,sq:4|cond=5727f2714b864d1900164072,5727f2714b864d1900164072,5727f2714b864d1900164072,True,unlabelled,seed29|sq:4|split__linf|w80|sq:4|cond=5727f2714b864d1900164072,False,75,0.9375,False,2,0.0,0.0,1.0,1.0,1.0,1.0,1.0,1.0,0.0,seed29,split,linf,,True,1.0,29
sq:4,squad_groups,split__linf,80,sq:4|cond=5727f2714b864d1900164072,5727f2714b864d1900164072,5727f2714b864d1900164076,False,unlabelled,seed29|sq:4|split__linf|w80|sq:4|cond=5727f2714b864d1900164072,False,75,0.9375,False,2,0.0,0.0,0.0,0.0,0.4444444444444444,0.0,0.0,0.4444444444444444,0.0,seed29,split,linf,,True,1.0,29
sq:4,squad_groups,split__linf,80,sq:4|cond=5727f2714b864d1900164072,5727f2714b864d1900164072,5729e2b76aef0514001550cf,False,unlabelled,seed29|sq:4|split__linf|w80|sq:4|cond=5727f2714b864d1900164072,False,75,0.9375,False,2,0.0,0.28571428571428575,0.0,1.0,1.0,1.0,1.0,0.7142857142857142,1.0,seed29,split,linf,,True,1.0,29
sq:4,squad_groups,split__linf,80,sq:4|cond=5727f2714b864d1900164072,5727f2714b864d1900164072,5729e2b76aef0514001550d1,False,unlabelled,seed29|sq:4|split__linf|w80|sq:4|cond=5727f2714b864d1900164072,False,75,0.9375,False,2,1.0,1.0,1.0,1.0,1.0,1.0,0.0,0.0,0.0,seed29,split,linf,,True,1.0,29
sq:4,squad_groups,split__l0,80,sq:4|cond=5727f2714b864d1900164076,5727f2714b864d1900164076,5727f2714b864d1900164072,False,unlabelled,seed29|sq:4|split__l0|w80|sq:4|cond=5727f2714b864d1900164076,False,71,0.8875,False,1,0.0,0.0,1.0,1.0,1.0,1.0,1.0,1.0,0.0,seed29,split,l0,0.0,False,0.0,29
sq:4,squad_groups,split__l0,80,sq:4|cond=5727f2714b864d1900164076,5727f2714b864d1900164076,5727f2714b864d1900164076,True,unlabelled,seed29|sq:4|split__l0|w80|sq:4|cond=5727f2714b864d1900164076,False,71,0.8875,False,1,0.0,0.25,0.0,0.0,0.4444444444444444,0.0,0.0,0.19444444444444442,0.0,seed29,split,l0,0.0,False,0.0,29
sq:4,squad_groups,split__l0,80,sq:4|cond=5727f2714b864d1900164076,5727f2714b864d1900164076,5729e2b76aef0514001550cf,False,unlabelled,seed29|sq:4|split__l0|w80|sq:4|cond=5727f2714b864d1900164076,False,71,0.8875,False,1,1.0,1.0,1.0,1.0,1.0,1.0,0.0,0.0,0.0,seed29,split,l0,0.0,False,0.0,29
sq:4,squad_groups,split__l0,80,sq:4|cond=5727f2714b864d1900164076,5727f2714b864d1900164076,5729e2b76aef0514001550d1,False,unlabelled,seed29|sq:4|split__l0|w80|sq:4|cond=5727f2714b864d1900164076,False,71,0.8875,False,1,0.0,0.0,1.0,1.0,1.0,1.0,1.0,1.0,0.0,seed29,split,l0,0.0,False,0.0,29
sq:4,squad_groups,split__l1,80,sq:4|cond=5727f2714b864d1900164076,5727f2714b864d1900164076,5727f2714b864d1900164072,False,unlabelled,seed29|sq:4|split__l1|w80|sq:4|cond=5727f2714b864d1900164076,False,73,0.9125,False,3,0.0,0.0,1.0,1.0,1.0,1.0,1.0,1.0,0.0,seed29,split,l1,1.0,False,0.5,29
sq:4,squad_groups,split__l1,80,sq:4|cond=5727f2714b864d1900164076,5727f2714b864d1900164076,5727f2714b864d1900164076,True,unlabelled,seed29|sq:4|split__l1|w80|sq:4|cond=5727f2714b864d1900164076,False,73,0.9125,False,3,0.0,0.28571428571428575,0.0,0.0,0.4444444444444444,0.0,0.0,0.15873015873015867,0.0,seed29,split,l1,1.0,False,0.5,29
sq:4,squad_groups,split__l1,80,sq:4|cond=5727f2714b864d1900164076,5727f2714b864d1900164076,5729e2b76aef0514001550cf,False,unlabelled,seed29|sq:4|split__l1|w80|sq:4|cond=5727f2714b864d1900164076,False,73,0.9125,False,3,1.0,1.0,1.0,1.0,1.0,1.0,0.0,0.0,0.0,seed29,split,l1,1.0,False,0.5,29
sq:4,squad_groups,split__l1,80,sq:4|cond=5727f2714b864d1900164076,5727f2714b864d1900164076,5729e2b76aef0514001550d1,False,unlabelled,seed29|sq:4|split__l1|w80|sq:4|cond=5727f2714b864d1900164076,False,73,0.9125,False,3,0.0,0.5,1.0,1.0,1.0,1.0,1.0,0.5,0.0,seed29,split,l1,1.0,False,0.5,29
sq:4,squad_groups,split__linf,80,sq:4|cond=5727f2714b864d1900164076,5727f2714b864d1900164076,5727f2714b864d1900164072,False,unlabelled,seed29|sq:4|split__linf|w80|sq:4|cond=5727f2714b864d1900164076,False,74,0.925,False,1,0.0,0.0,1.0,1.0,1.0,1.0,1.0,1.0,0.0,seed29,split,linf,,True,1.0,29
sq:4,squad_groups,split__linf,80,sq:4|cond=5727f2714b864d1900164076,5727f2714b864d1900164076,5727f2714b864d1900164076,True,unlabelled,seed29|sq:4|split__linf|w80|sq:4|cond=5727f2714b864d1900164076,False,74,0.925,False,1,0.0,0.28571428571428575,0.0,0.0,0.4444444444444444,0.0,0.0,0.15873015873015867,0.0,seed29,split,linf,,True,1.0,29
sq:4,squad_groups,split__linf,80,sq:4|cond=5727f2714b864d1900164076,5727f2714b864d1900164076,5729e2b76aef0514001550cf,False,unlabelled,seed29|sq:4|split__linf|w80|sq:4|cond=5727f2714b864d1900164076,False,74,0.925,False,1,1.0,1.0,1.0,1.0,1.0,1.0,0.0,0.0,0.0,seed29,split,linf,,True,1.0,29
sq:4,squad_groups,split__linf,80,sq:4|cond=5727f2714b864d1900164076,5727f2714b864d1900164076,5729e2b76aef0514001550d1,False,unlabelled,seed29|sq:4|split__linf|w80|sq:4|cond=5727f2714b864d1900164076,False,74,0.925,False,1,0.0,0.0,1.0,1.0,1.0,1.0,1.0,1.0,0.0,seed29,split,linf,,True,1.0,29
sq:4,squad_groups,split__l0,80,sq:4|cond=5729e2b76aef0514001550cf,5729e2b76aef0514001550cf,5727f2714b864d1900164072,False,unlabelled,seed29|sq:4|split__l0|w80|sq:4|cond=5729e2b76aef0514001550cf,False,78,0.975,False,2,0.0,0.0,0.0,1.0,1.0,1.0,1.0,1.0,1.0,seed29,split,l0,0.0,False,0.0,29
sq:4,squad_groups,split__l0,80,sq:4|cond=5729e2b76aef0514001550cf,5729e2b76aef0514001550cf,5727f2714b864d1900164076,False,unlabelled,seed29|sq:4|split__l0|w80|sq:4|cond=5729e2b76aef0514001550cf,False,78,0.975,False,2,0.0,0.0,0.0,0.0,0.4444444444444444,0.0,0.0,0.4444444444444444,0.0,seed29,split,l0,0.0,False,0.0,29
sq:4,squad_groups,split__l0,80,sq:4|cond=5729e2b76aef0514001550cf,5729e2b76aef0514001550cf,5729e2b76aef0514001550cf,True,unlabelled,seed29|sq:4|split__l0|w80|sq:4|cond=5729e2b76aef0514001550cf,False,78,0.975,False,2,1.0,1.0,1.0,1.0,1.0,1.0,0.0,0.0,0.0,seed29,split,l0,0.0,False,0.0,29
sq:4,squad_groups,split__l0,80,sq:4|cond=5729e2b76aef0514001550cf,5729e2b76aef0514001550cf,5729e2b76aef0514001550d1,False,unlabelled,seed29|sq:4|split__l0|w80|sq:4|cond=5729e2b76aef0514001550cf,False,78,0.975,False,2,0.0,0.33333333333333337,1.0,1.0,1.0,1.0,1.0,0.6666666666666666,0.0,seed29,split,l0,0.0,False,0.0,29
sq:4,squad_groups,split__l1,80,sq:4|cond=5729e2b76aef0514001550cf,5729e2b76aef0514001550cf,5727f2714b864d1900164072,False,unlabelled,seed29|sq:4|split__l1|w80|sq:4|cond=5729e2b76aef0514001550cf,False,75,0.9375,False,2,0.0,0.0,1.0,1.0,1.0,1.0,1.0,1.0,0.0,seed29,split,l1,1.0,False,0.5,29
sq:4,squad_groups,split__l1,80,sq:4|cond=5729e2b76aef0514001550cf,5729e2b76aef0514001550cf,5727f2714b864d1900164076,False,unlabelled,seed29|sq:4|split__l1|w80|sq:4|cond=5729e2b76aef0514001550cf,False,75,0.9375,False,2,0.0,0.28571428571428575,0.0,0.0,0.4444444444444444,0.0,0.0,0.15873015873015867,0.0,seed29,split,l1,1.0,False,0.5,29
sq:4,squad_groups,split__l1,80,sq:4|cond=5729e2b76aef0514001550cf,5729e2b76aef0514001550cf,5729e2b76aef0514001550cf,True,unlabelled,seed29|sq:4|split__l1|w80|sq:4|cond=5729e2b76aef0514001550cf,False,75,0.9375,False,2,1.0,1.0,1.0,1.0,1.0,1.0,0.0,0.0,0.0,seed29,split,l1,1.0,False,0.5,29
sq:4,squad_groups,split__l1,80,sq:4|cond=5729e2b76aef0514001550cf,5729e2b76aef0514001550cf,5729e2b76aef0514001550d1,False,unlabelled,seed29|sq:4|split__l1|w80|sq:4|cond=5729e2b76aef0514001550cf,False,75,0.9375,False,2,0.0,0.5,1.0,1.0,1.0,1.0,1.0,0.5,0.0,seed29,split,l1,1.0,False,0.5,29
sq:4,squad_groups,split__linf,80,sq:4|cond=5729e2b76aef0514001550cf,5729e2b76aef0514001550cf,5727f2714b864d1900164072,False,unlabelled,seed29|sq:4|split__linf|w80|sq:4|cond=5729e2b76aef0514001550cf,False,80,1.0,False,4,1.0,1.0,1.0,1.0,1.0,1.0,0.0,0.0,0.0,seed29,split,linf,,True,1.0,29
sq:4,squad_groups,split__linf,80,sq:4|cond=5729e2b76aef0514001550cf,5729e2b76aef0514001550cf,5727f2714b864d1900164076,False,unlabelled,seed29|sq:4|split__linf|w80|sq:4|cond=5729e2b76aef0514001550cf,False,80,1.0,False,4,0.0,0.25,0.0,0.0,0.4444444444444444,0.0,0.0,0.19444444444444442,0.0,seed29,split,linf,,True,1.0,29
sq:4,squad_groups,split__linf,80,sq:4|cond=5729e2b76aef0514001550cf,5729e2b76aef0514001550cf,5729e2b76aef0514001550cf,True,unlabelled,seed29|sq:4|split__linf|w80|sq:4|cond=5729e2b76aef0514001550cf,False,80,1.0,False,4,0.0,0.0,0.0,1.0,1.0,1.0,1.0,1.0,1.0,seed29,split,linf,,True,1.0,29
sq:4,squad_groups,split__linf,80,sq:4|cond=5729e2b76aef0514001550cf,5729e2b76aef0514001550cf,5729e2b76aef0514001550d1,False,unlabelled,seed29|sq:4|split__linf|w80|sq:4|cond=5729e2b76aef0514001550cf,False,80,1.0,False,4,1.0,1.0,1.0,1.0,1.0,1.0,0.0,0.0,0.0,seed29,split,linf,,True,1.0,29
sq:4,squad_groups,split__l0,80,sq:4|cond=5729e2b76aef0514001550d1,5729e2b76aef0514001550d1,5727f2714b864d1900164072,False,unlabelled,seed29|sq:4|split__l0|w80|sq:4|cond=5729e2b76aef0514001550d1,False,73,0.9125,False,2,0.0,0.0,0.0,1.0,1.0,1.0,1.0,1.0,1.0,seed29,split,l0,0.0,False,0.0,29
sq:4,squad_groups,split__l0,80,sq:4|cond=5729e2b76aef0514001550d1,5729e2b76aef0514001550d1,5727f2714b864d1900164076,False,unlabelled,seed29|sq:4|split__l0|w80|sq:4|cond=5729e2b76aef0514001550d1,False,73,0.9125,False,2,1.0,1.0,1.0,0.0,0.4444444444444444,0.0,-1.0,-0.5555555555555556,-1.0,seed29,split,l0,0.0,False,0.0,29
sq:4,squad_groups,split__l0,80,sq:4|cond=5729e2b76aef0514001550d1,5729e2b76aef0514001550d1,5729e2b76aef0514001550cf,False,unlabelled,seed29|sq:4|split__l0|w80|sq:4|cond=5729e2b76aef0514001550d1,False,73,0.9125,False,2,0.0,0.4444444444444444,1.0,1.0,1.0,1.0,1.0,0.5555555555555556,0.0,seed29,split,l0,0.0,False,0.0,29
sq:4,squad_groups,split__l0,80,sq:4|cond=5729e2b76aef0514001550d1,5729e2b76aef0514001550d1,5729e2b76aef0514001550d1,True,unlabelled,seed29|sq:4|split__l0|w80|sq:4|cond=5729e2b76aef0514001550d1,False,73,0.9125,False,2,1.0,1.0,1.0,1.0,1.0,1.0,0.0,0.0,0.0,seed29,split,l0,0.0,False,0.0,29
sq:4,squad_groups,split__l1,80,sq:4|cond=5729e2b76aef0514001550d1,5729e2b76aef0514001550d1,5727f2714b864d1900164072,False,unlabelled,seed29|sq:4|split__l1|w80|sq:4|cond=5729e2b76aef0514001550d1,False,73,0.9125,False,4,0.0,0.0,0.0,1.0,1.0,1.0,1.0,1.0,1.0,seed29,split,l1,1.0,False,0.5,29
sq:4,squad_groups,split__l1,80,sq:4|cond=5729e2b76aef0514001550d1,5729e2b76aef0514001550d1,5727f2714b864d1900164076,False,unlabelled,seed29|sq:4|split__l1|w80|sq:4|cond=5729e2b76aef0514001550d1,False,73,0.9125,False,4,0.0,0.5714285714285715,0.0,0.0,0.4444444444444444,0.0,0.0,-0.1269841269841271,0.0,seed29,split,l1,1.0,False,0.5,29
sq:4,squad_groups,split__l1,80,sq:4|cond=5729e2b76aef0514001550d1,5729e2b76aef0514001550d1,5729e2b76aef0514001550cf,False,unlabelled,seed29|sq:4|split__l1|w80|sq:4|cond=5729e2b76aef0514001550d1,False,73,0.9125,False,4,0.0,0.0,0.0,1.0,1.0,1.0,1.0,1.0,1.0,seed29,split,l1,1.0,False,0.5,29
sq:4,squad_groups,split__l1,80,sq:4|cond=5729e2b76aef0514001550d1,5729e2b76aef0514001550d1,5729e2b76aef0514001550d1,True,unlabelled,seed29|sq:4|split__l1|w80|sq:4|cond=5729e2b76aef0514001550d1,False,73,0.9125,False,4,1.0,1.0,1.0,1.0,1.0,1.0,0.0,0.0,0.0,seed29,split,l1,1.0,False,0.5,29
sq:4,squad_groups,split__linf,80,sq:4|cond=5729e2b76aef0514001550d1,5729e2b76aef0514001550d1,5727f2714b864d1900164072,False,unlabelled,seed29|sq:4|split__linf|w80|sq:4|cond=5729e2b76aef0514001550d1,False,78,0.975,False,2,0.0,0.0,1.0,1.0,1.0,1.0,1.0,1.0,0.0,seed29,split,linf,,True,1.0,29
sq:4,squad_groups,split__linf,80,sq:4|cond=5729e2b76aef0514001550d1,5729e2b76aef0514001550d1,5727f2714b864d1900164076,False,unlabelled,seed29|sq:4|split__linf|w80|sq:4|cond=5729e2b76aef0514001550d1,False,78,0.975,False,2,0.0,0.7499999999999999,1.0,0.0,0.4444444444444444,0.0,0.0,-0.30555555555555547,-1.0,seed29,split,linf,,True,1.0,29
sq:4,squad_groups,split__linf,80,sq:4|cond=5729e2b76aef0514001550d1,5729e2b76aef0514001550d1,5729e2b76aef0514001550cf,False,unlabelled,seed29|sq:4|split__linf|w80|sq:4|cond=5729e2b76aef0514001550d1,False,78,0.975,False,2,0.0,0.7272727272727272,1.0,1.0,1.0,1.0,1.0,0.2727272727272728,0.0,seed29,split,linf,,True,1.0,29
sq:4,squad_groups,split__linf,80,sq:4|cond=5729e2b76aef0514001550d1,5729e2b76aef0514001550d1,5729e2b76aef0514001550d1,True,unlabelled,seed29|sq:4|split__linf|w80|sq:4|cond=5729e2b76aef0514001550d1,False,78,0.975,False,2,0.0,0.0,0.0,1.0,1.0,1.0,1.0,1.0,1.0,seed29,split,linf,,True,1.0,29
sq:5,squad_groups,split__l0,80,sq:5|cond=571090abb654c5140001f995,571090abb654c5140001f995,571090abb654c5140001f995,True,unlabelled,seed29|sq:5|split__l0|w80|sq:5|cond=571090abb654c5140001f995,False,75,0.9375,False,1,0.0,0.4,1.0,0.0,0.2857142857142857,1.0,0.0,-0.11428571428571432,0.0,seed29,split,l0,0.0,False,0.0,29
sq:5,squad_groups,split__l0,80,sq:5|cond=571090abb654c5140001f995,571090abb654c5140001f995,571090abb654c5140001f996,False,unlabelled,seed29|sq:5|split__l0|w80|sq:5|cond=571090abb654c5140001f995,False,75,0.9375,False,1,1.0,1.0,1.0,1.0,1.0,1.0,0.0,0.0,0.0,seed29,split,l0,0.0,False,0.0,29
sq:5,squad_groups,split__l0,80,sq:5|cond=571090abb654c5140001f995,571090abb654c5140001f995,571090abb654c5140001f997,False,unlabelled,seed29|sq:5|split__l0|w80|sq:5|cond=571090abb654c5140001f995,False,75,0.9375,False,1,0.0,0.0,1.0,0.0,0.0,1.0,0.0,0.0,0.0,seed29,split,l0,0.0,False,0.0,29
sq:5,squad_groups,split__l0,80,sq:5|cond=571090abb654c5140001f995,571090abb654c5140001f995,571090abb654c5140001f998,False,unlabelled,seed29|sq:5|split__l0|w80|sq:5|cond=571090abb654c5140001f995,False,75,0.9375,False,1,0.0,0.8571428571428571,1.0,0.0,0.8571428571428571,1.0,0.0,0.0,0.0,seed29,split,l0,0.0,False,0.0,29
sq:5,squad_groups,split__l1,80,sq:5|cond=571090abb654c5140001f995,571090abb654c5140001f995,571090abb654c5140001f995,True,unlabelled,seed29|sq:5|split__l1|w80|sq:5|cond=571090abb654c5140001f995,False,70,0.875,False,5,0.0,0.0,1.0,0.0,0.2857142857142857,1.0,0.0,0.2857142857142857,0.0,seed29,split,l1,1.0,False,0.5,29
sq:5,squad_groups,split__l1,80,sq:5|cond=571090abb654c5140001f995,571090abb654c5140001f995,571090abb654c5140001f996,False,unlabelled,seed29|sq:5|split__l1|w80|sq:5|cond=571090abb654c5140001f995,False,70,0.875,False,5,1.0,1.0,1.0,1.0,1.0,1.0,0.0,0.0,0.0,seed29,split,l1,1.0,False,0.5,29
sq:5,squad_groups,split__l1,80,sq:5|cond=571090abb654c5140001f995,571090abb654c5140001f995,571090abb654c5140001f997,False,unlabelled,seed29|sq:5|split__l1|w80|sq:5|cond=571090abb654c5140001f995,False,70,0.875,False,5,0.0,0.0,1.0,0.0,0.0,1.0,0.0,0.0,0.0,seed29,split,l1,1.0,False,0.5,29
sq:5,squad_groups,split__l1,80,sq:5|cond=571090abb654c5140001f995,571090abb654c5140001f995,571090abb654c5140001f998,False,unlabelled,seed29|sq:5|split__l1|w80|sq:5|cond=571090abb654c5140001f995,False,70,0.875,False,5,0.0,0.0,0.0,0.0,0.8571428571428571,1.0,0.0,0.8571428571428571,1.0,seed29,split,l1,1.0,False,0.5,29
sq:5,squad_groups,split__linf,80,sq:5|cond=571090abb654c5140001f995,571090abb654c5140001f995,571090abb654c5140001f995,True,unlabelled,seed29|sq:5|split__linf|w80|sq:5|cond=571090abb654c5140001f995,False,73,0.9125,False,1,0.0,0.0,1.0,0.0,0.2857142857142857,1.0,0.0,0.2857142857142857,0.0,seed29,split,linf,,True,1.0,29
sq:5,squad_groups,split__linf,80,sq:5|cond=571090abb654c5140001f995,571090abb654c5140001f995,571090abb654c5140001f996,False,unlabelled,seed29|sq:5|split__linf|w80|sq:5|cond=571090abb654c5140001f995,False,73,0.9125,False,1,1.0,1.0,1.0,1.0,1.0,1.0,0.0,0.0,0.0,seed29,split,linf,,True,1.0,29
sq:5,squad_groups,split__linf,80,sq:5|cond=571090abb654c5140001f995,571090abb654c5140001f995,571090abb654c5140001f997,False,unlabelled,seed29|sq:5|split__linf|w80|sq:5|cond=571090abb654c5140001f995,False,73,0.9125,False,1,0.0,0.0,1.0,0.0,0.0,1.0,0.0,0.0,0.0,seed29,split,linf,,True,1.0,29
sq:5,squad_groups,split__linf,80,sq:5|cond=571090abb654c5140001f995,571090abb654c5140001f995,571090abb654c5140001f998,False,unlabelled,seed29|sq:5|split__linf|w80|sq:5|cond=571090abb654c5140001f995,False,73,0.9125,False,1,0.0,0.22222222222222224,0.0,0.0,0.8571428571428571,1.0,0.0,0.6349206349206349,1.0,seed29,split,linf,,True,1.0,29
sq:5,squad_groups,split__l0,80,sq:5|cond=571090abb654c5140001f996,571090abb654c5140001f996,571090abb654c5140001f995,False,unlabelled,seed29|sq:5|split__l0|w80|sq:5|cond=571090abb654c5140001f996,False,79,0.9875,False,2,1.0,1.0,1.0,0.0,0.2857142857142857,1.0,-1.0,-0.7142857142857143,0.0,seed29,split,l0,0.0,False,0.0,29
sq:5,squad_groups,split__l0,80,sq:5|cond=571090abb654c5140001f996,571090abb654c5140001f996,571090abb654c5140001f996,True,unlabelled,seed29|sq:5|split__l0|w80|sq:5|cond=571090abb654c5140001f996,False,79,0.9875,False,2,1.0,1.0,1.0,1.0,1.0,1.0,0.0,0.0,0.0,seed29,split,l0,0.0,False,0.0,29
sq:5,squad_groups,split__l0,80,sq:5|cond=571090abb654c5140001f996,571090abb654c5140001f996,571090abb654c5140001f997,False,unlabelled,seed29|sq:5|split__l0|w80|sq:5|cond=571090abb654c5140001f996,False,79,0.9875,False,2,0.0,0.0,1.0,0.0,0.0,1.0,0.0,0.0,0.0,seed29,split,l0,0.0,False,0.0,29
sq:5,squad_groups,split__l0,80,sq:5|cond=571090abb654c5140001f996,571090abb654c5140001f996,571090abb654c5140001f998,False,unlabelled,seed29|sq:5|split__l0|w80|sq:5|cond=571090abb654c5140001f996,False,79,0.9875,False,2,0.0,0.18181818181818182,0.0,0.0,0.8571428571428571,1.0,0.0,0.6753246753246753,1.0,seed29,split,l0,0.0,False,0.0,29
sq:5,squad_groups,split__l1,80,sq:5|cond=571090abb654c5140001f996,571090abb654c5140001f996,571090abb654c5140001f995,False,unlabelled,seed29|sq:5|split__l1|w80|sq:5|cond=571090abb654c5140001f996,False,76,0.95,False,4,0.0,0.4,1.0,0.0,0.2857142857142857,1.0,0.0,-0.11428571428571432,0.0,seed29,split,l1,1.0,False,0.5,29
sq:5,squad_groups,split__l1,80,sq:5|cond=571090abb654c5140001f996,571090abb654c5140001f996,571090abb654c5140001f996,True,unlabelled,seed29|sq:5|split__l1|w80|sq:5|cond=571090abb654c5140001f996,False,76,0.95,False,4,1.0,1.0,1.0,1.0,1.0,1.0,0.0,0.0,0.0,seed29,split,l1,1.0,False,0.5,29
sq:5,squad_groups,split__l1,80,sq:5|cond=571090abb654c5140001f996,571090abb654c5140001f996,571090abb654c5140001f997,False,unlabelled,seed29|sq:5|split__l1|w80|sq:5|cond=571090abb654c5140001f996,False,76,0.95,False,4,0.0,0.0,1.0,0.0,0.0,1.0,0.0,0.0,0.0,seed29,split,l1,1.0,False,0.5,29
sq:5,squad_groups,split__l1,80,sq:5|cond=571090abb654c5140001f996,571090abb654c5140001f996,571090abb654c5140001f998,False,unlabelled,seed29|sq:5|split__l1|w80|sq:5|cond=571090abb654c5140001f996,False,76,0.95,False,4,0.0,0.75,1.0,0.0,0.8571428571428571,1.0,0.0,0.1071428571428571,0.0,seed29,split,l1,1.0,False,0.5,29
sq:5,squad_groups,split__linf,80,sq:5|cond=571090abb654c5140001f996,571090abb654c5140001f996,571090abb654c5140001f995,False,unlabelled,seed29|sq:5|split__linf|w80|sq:5|cond=571090abb654c5140001f996,False,76,0.95,False,2,0.0,0.0,1.0,0.0,0.2857142857142857,1.0,0.0,0.2857142857142857,0.0,seed29,split,linf,,True,1.0,29
sq:5,squad_groups,split__linf,80,sq:5|cond=571090abb654c5140001f996,571090abb654c5140001f996,571090abb654c5140001f996,True,unlabelled,seed29|sq:5|split__linf|w80|sq:5|cond=571090abb654c5140001f996,False,76,0.95,False,2,1.0,1.0,1.0,1.0,1.0,1.0,0.0,0.0,0.0,seed29,split,linf,,True,1.0,29
sq:5,squad_groups,split__linf,80,sq:5|cond=571090abb654c5140001f996,571090abb654c5140001f996,571090abb654c5140001f997,False,unlabelled,seed29|sq:5|split__linf|w80|sq:5|cond=571090abb654c5140001f996,False,76,0.95,False,2,0.0,0.0,1.0,0.0,0.0,1.0,0.0,0.0,0.0,seed29,split,linf,,True,1.0,29
sq:5,squad_groups,split__linf,80,sq:5|cond=571090abb654c5140001f996,571090abb654c5140001f996,571090abb654c5140001f998,False,unlabelled,seed29|sq:5|split__linf|w80|sq:5|cond=571090abb654c5140001f996,False,76,0.95,False,2,0.0,0.0,0.0,0.0,0.8571428571428571,1.0,0.0,0.8571428571428571,1.0,seed29,split,linf,,True,1.0,29
sq:5,squad_groups,split__l0,80,sq:5|cond=571090abb654c5140001f997,571090abb654c5140001f997,571090abb654c5140001f995,False,unlabelled,seed29|sq:5|split__l0|w80|sq:5|cond=571090abb654c5140001f997,False,73,0.9125,False,1,1.0,1.0,1.0,0.0,0.2857142857142857,1.0,-1.0,-0.7142857142857143,0.0,seed29,split,l0,0.0,False,0.0,29
sq:5,squad_groups,split__l0,80,sq:5|cond=571090abb654c5140001f997,571090abb654c5140001f997,571090abb654c5140001f996,False,unlabelled,seed29|sq:5|split__l0|w80|sq:5|cond=571090abb654c5140001f997,False,73,0.9125,False,1,1.0,1.0,1.0,1.0,1.0,1.0,0.0,0.0,0.0,seed29,split,l0,0.0,False,0.0,29
sq:5,squad_groups,split__l0,80,sq:5|cond=571090abb654c5140001f997,571090abb654c5140001f997,571090abb654c5140001f997,True,unlabelled,seed29|sq:5|split__l0|w80|sq:5|cond=571090abb654c5140001f997,False,73,0.9125,False,1,0.0,0.0,1.0,0.0,0.0,1.0,0.0,0.0,0.0,seed29,split,l0,0.0,False,0.0,29
sq:5,squad_groups,split__l0,80,sq:5|cond=571090abb654c5140001f997,571090abb654c5140001f997,571090abb654c5140001f998,False,unlabelled,seed29|sq:5|split__l0|w80|sq:5|cond=571090abb654c5140001f997,False,73,0.9125,False,1,0.0,0.47058823529411764,1.0,0.0,0.8571428571428571,1.0,0.0,0.38655462184873945,0.0,seed29,split,l0,0.0,False,0.0,29
sq:5,squad_groups,split__l1,80,sq:5|cond=571090abb654c5140001f997,571090abb654c5140001f997,571090abb654c5140001f995,False,unlabelled,seed29|sq:5|split__l1|w80|sq:5|cond=571090abb654c5140001f997,False,77,0.9625,False,3,0.0,0.4,1.0,0.0,0.2857142857142857,1.0,0.0,-0.11428571428571432,0.0,seed29,split,l1,1.0,False,0.5,29
sq:5,squad_groups,split__l1,80,sq:5|cond=571090abb654c5140001f997,571090abb654c5140001f997,571090abb654c5140001f996,False,unlabelled,seed29|sq:5|split__l1|w80|sq:5|cond=571090abb654c5140001f997,False,77,0.9625,False,3,0.0,0.0,0.0,1.0,1.0,1.0,1.0,1.0,1.0,seed29,split,l1,1.0,False,0.5,29
sq:5,squad_groups,split__l1,80,sq:5|cond=571090abb654c5140001f997,571090abb654c5140001f997,571090abb654c5140001f997,True,unlabelled,seed29|sq:5|split__l1|w80|sq:5|cond=571090abb654c5140001f997,False,77,0.9625,False,3,0.0,0.0,0.0,0.0,0.0,1.0,0.0,0.0,1.0,seed29,split,l1,1.0,False,0.5,29
sq:5,squad_groups,split__l1,80,sq:5|cond=571090abb654c5140001f997,571090abb654c5140001f997,571090abb654c5140001f998,False,unlabelled,seed29|sq:5|split__l1|w80|sq:5|cond=571090abb654c5140001f997,False,77,0.9625,False,3,0.0,0.8571428571428571,1.0,0.0,0.8571428571428571,1.0,0.0,0.0,0.0,seed29,split,l1,1.0,False,0.5,29
sq:5,squad_groups,split__linf,80,sq:5|cond=571090abb654c5140001f997,571090abb654c5140001f997,571090abb654c5140001f995,False,unlabelled,seed29|sq:5|split__linf|w80|sq:5|cond=571090abb654c5140001f997,False,70,0.875,False,1,0.0,0.0,1.0,0.0,0.2857142857142857,1.0,0.0,0.2857142857142857,0.0,seed29,split,linf,,True,1.0,29
sq:5,squad_groups,split__linf,80,sq:5|cond=571090abb654c5140001f997,571090abb654c5140001f997,571090abb654c5140001f996,False,unlabelled,seed29|sq:5|split__linf|w80|sq:5|cond=571090abb654c5140001f997,False,70,0.875,False,1,1.0,1.0,1.0,1.0,1.0,1.0,0.0,0.0,0.0,seed29,split,linf,,True,1.0,29
sq:5,squad_groups,split__linf,80,sq:5|cond=571090abb654c5140001f997,571090abb654c5140001f997,571090abb654c5140001f997,True,unlabelled,seed29|sq:5|split__linf|w80|sq:5|cond=571090abb654c5140001f997,False,70,0.875,False,1,0.0,0.0,1.0,0.0,0.0,1.0,0.0,0.0,0.0,seed29,split,linf,,True,1.0,29
sq:5,squad_groups,split__linf,80,sq:5|cond=571090abb654c5140001f997,571090abb654c5140001f997,571090abb654c5140001f998,False,unlabelled,seed29|sq:5|split__linf|w80|sq:5|cond=571090abb654c5140001f997,False,70,0.875,False,1,0.0,0.8571428571428571,1.0,0.0,0.8571428571428571,1.0,0.0,0.0,0.0,seed29,split,linf,,True,1.0,29
sq:5,squad_groups,split__l0,80,sq:5|cond=571090abb654c5140001f998,571090abb654c5140001f998,571090abb654c5140001f995,False,unlabelled,seed29|sq:5|split__l0|w80|sq:5|cond=571090abb654c5140001f998,False,73,0.9125,False,4,0.0,0.0,0.0,0.0,0.2857142857142857,1.0,0.0,0.2857142857142857,1.0,seed29,split,l0,0.0,False,0.0,29
sq:5,squad_groups,split__l0,80,sq:5|cond=571090abb654c5140001f998,571090abb654c5140001f998,571090abb654c5140001f996,False,unlabelled,seed29|sq:5|split__l0|w80|sq:5|cond=571090abb654c5140001f998,False,73,0.9125,False,4,0.0,0.0,0.0,1.0,1.0,1.0,1.0,1.0,1.0,seed29,split,l0,0.0,False,0.0,29
sq:5,squad_groups,split__l0,80,sq:5|cond=571090abb654c5140001f998,571090abb654c5140001f998,571090abb654c5140001f997,False,unlabelled,seed29|sq:5|split__l0|w80|sq:5|cond=571090abb654c5140001f998,False,73,0.9125,False,4,0.0,0.0,1.0,0.0,0.0,1.0,0.0,0.0,0.0,seed29,split,l0,0.0,False,0.0,29
sq:5,squad_groups,split__l0,80,sq:5|cond=571090abb654c5140001f998,571090abb654c5140001f998,571090abb654c5140001f998,True,unlabelled,seed29|sq:5|split__l0|w80|sq:5|cond=571090abb654c5140001f998,False,73,0.9125,False,4,0.0,0.25,0.0,0.0,0.8571428571428571,1.0,0.0,0.6071428571428571,1.0,seed29,split,l0,0.0,False,0.0,29
sq:5,squad_groups,split__l1,80,sq:5|cond=571090abb654c5140001f998,571090abb654c5140001f998,571090abb654c5140001f995,False,unlabelled,seed29|sq:5|split__l1|w80|sq:5|cond=571090abb654c5140001f998,False,73,0.9125,False,7,0.0,0.0,1.0,0.0,0.2857142857142857,1.0,0.0,0.2857142857142857,0.0,seed29,split,l1,1.0,False,0.5,29
sq:5,squad_groups,split__l1,80,sq:5|cond=571090abb654c5140001f998,571090abb654c5140001f998,571090abb654c5140001f996,False,unlabelled,seed29|sq:5|split__l1|w80|sq:5|cond=571090abb654c5140001f998,False,73,0.9125,False,7,0.0,0.0,0.0,1.0,1.0,1.0,1.0,1.0,1.0,seed29,split,l1,1.0,False,0.5,29
sq:5,squad_groups,split__l1,80,sq:5|cond=571090abb654c5140001f998,571090abb654c5140001f998,571090abb654c5140001f997,False,unlabelled,seed29|sq:5|split__l1|w80|sq:5|cond=571090abb654c5140001f998,False,73,0.9125,False,7,0.0,0.28571428571428575,1.0,0.0,0.0,1.0,0.0,-0.28571428571428575,0.0,seed29,split,l1,1.0,False,0.5,29
sq:5,squad_groups,split__l1,80,sq:5|cond=571090abb654c5140001f998,571090abb654c5140001f998,571090abb654c5140001f998,True,unlabelled,seed29|sq:5|split__l1|w80|sq:5|cond=571090abb654c5140001f998,False,73,0.9125,False,7,0.0,0.0,0.0,0.0,0.8571428571428571,1.0,0.0,0.8571428571428571,1.0,seed29,split,l1,1.0,False,0.5,29
sq:5,squad_groups,split__linf,80,sq:5|cond=571090abb654c5140001f998,571090abb654c5140001f998,571090abb654c5140001f995,False,unlabelled,seed29|sq:5|split__linf|w80|sq:5|cond=571090abb654c5140001f998,False,70,0.875,False,1,0.0,0.0,1.0,0.0,0.2857142857142857,1.0,0.0,0.2857142857142857,0.0,seed29,split,linf,,True,1.0,29
sq:5,squad_groups,split__linf,80,sq:5|cond=571090abb654c5140001f998,571090abb654c5140001f998,571090abb654c5140001f996,False,unlabelled,seed29|sq:5|split__linf|w80|sq:5|cond=571090abb654c5140001f998,False,70,0.875,False,1,1.0,1.0,1.0,1.0,1.0,1.0,0.0,0.0,0.0,seed29,split,linf,,True,1.0,29
sq:5,squad_groups,split__linf,80,sq:5|cond=571090abb654c5140001f998,571090abb654c5140001f998,571090abb654c5140001f997,False,unlabelled,seed29|sq:5|split__linf|w80|sq:5|cond=571090abb654c5140001f998,False,70,0.875,False,1,1.0,1.0,1.0,0.0,0.0,1.0,-1.0,-1.0,0.0,seed29,split,linf,,True,1.0,29
sq:5,squad_groups,split__linf,80,sq:5|cond=571090abb654c5140001f998,571090abb654c5140001f998,571090abb654c5140001f998,True,unlabelled,seed29|sq:5|split__linf|w80|sq:5|cond=571090abb654c5140001f998,False,70,0.875,False,1,0.0,0.22222222222222224,0.0,0.0,0.8571428571428571,1.0,0.0,0.6349206349206349,1.0,seed29,split,linf,,True,1.0,29
sq:6,squad_groups,split__l0,80,sq:6|cond=5726545f708984140094c2a5,5726545f708984140094c2a5,5726545f708984140094c2a5,True,unlabelled,seed29|sq:6|split__l0|w80|sq:6|cond=5726545f708984140094c2a5,False,75,0.9375,False,2,1.0,1.0,1.0,1.0,1.0,1.0,0.0,0.0,0.0,seed29,split,l0,0.0,False,0.0,29
sq:6,squad_groups,split__l0,80,sq:6|cond=5726545f708984140094c2a5,5726545f708984140094c2a5,5726545f708984140094c2a7,False,unlabelled,seed29|sq:6|split__l0|w80|sq:6|cond=5726545f708984140094c2a5,False,75,0.9375,False,2,0.0,0.9090909090909091,1.0,0.0,0.9090909090909091,1.0,0.0,0.0,0.0,seed29,split,l0,0.0,False,0.0,29
sq:6,squad_groups,split__l0,80,sq:6|cond=5726545f708984140094c2a5,5726545f708984140094c2a5,5726545f708984140094c2a8,False,unlabelled,seed29|sq:6|split__l0|w80|sq:6|cond=5726545f708984140094c2a5,False,75,0.9375,False,2,0.0,0.0,0.0,1.0,1.0,1.0,1.0,1.0,1.0,seed29,split,l0,0.0,False,0.0,29
sq:6,squad_groups,split__l0,80,sq:6|cond=5726545f708984140094c2a5,5726545f708984140094c2a5,57269424dd62a815002e8a21,False,unlabelled,seed29|sq:6|split__l0|w80|sq:6|cond=5726545f708984140094c2a5,False,75,0.9375,False,2,0.0,0.0,0.0,0.0,0.7586206896551725,1.0,0.0,0.7586206896551725,1.0,seed29,split,l0,0.0,False,0.0,29
sq:6,squad_groups,split__l1,80,sq:6|cond=5726545f708984140094c2a5,5726545f708984140094c2a5,5726545f708984140094c2a5,True,unlabelled,seed29|sq:6|split__l1|w80|sq:6|cond=5726545f708984140094c2a5,False,76,0.95,False,4,1.0,1.0,1.0,1.0,1.0,1.0,0.0,0.0,0.0,seed29,split,l1,1.0,False,0.5,29
sq:6,squad_groups,split__l1,80,sq:6|cond=5726545f708984140094c2a5,5726545f708984140094c2a5,5726545f708984140094c2a7,False,unlabelled,seed29|sq:6|split__l1|w80|sq:6|cond=5726545f708984140094c2a5,False,76,0.95,False,4,0.0,0.0,0.0,0.0,0.9090909090909091,1.0,0.0,0.9090909090909091,1.0,seed29,split,l1,1.0,False,0.5,29
sq:6,squad_groups,split__l1,80,sq:6|cond=5726545f708984140094c2a5,5726545f708984140094c2a5,5726545f708984140094c2a8,False,unlabelled,seed29|sq:6|split__l1|w80|sq:6|cond=5726545f708984140094c2a5,False,76,0.95,False,4,0.0,0.0,0.0,1.0,1.0,1.0,1.0,1.0,1.0,seed29,split,l1,1.0,False,0.5,29
sq:6,squad_groups,split__l1,80,sq:6|cond=5726545f708984140094c2a5,5726545f708984140094c2a5,57269424dd62a815002e8a21,False,unlabelled,seed29|sq:6|split__l1|w80|sq:6|cond=5726545f708984140094c2a5,False,76,0.95,False,4,0.0,0.0,0.0,0.0,0.7586206896551725,1.0,0.0,0.7586206896551725,1.0,seed29,split,l1,1.0,False,0.5,29
sq:6,squad_groups,split__linf,80,sq:6|cond=5726545f708984140094c2a5,5726545f708984140094c2a5,5726545f708984140094c2a5,True,unlabelled,seed29|sq:6|split__linf|w80|sq:6|cond=5726545f708984140094c2a5,False,79,0.9875,False,2,0.0,0.6666666666666665,1.0,1.0,1.0,1.0,1.0,0.3333333333333335,0.0,seed29,split,linf,,True,1.0,29
sq:6,squad_groups,split__linf,80,sq:6|cond=5726545f708984140094c2a5,5726545f708984140094c2a5,5726545f708984140094c2a7,False,unlabelled,seed29|sq:6|split__linf|w80|sq:6|cond=5726545f708984140094c2a5,False,79,0.9875,False,2,0.0,0.9090909090909091,1.0,0.0,0.9090909090909091,1.0,0.0,0.0,0.0,seed29,split,linf,,True,1.0,29
sq:6,squad_groups,split__linf,80,sq:6|cond=5726545f708984140094c2a5,5726545f708984140094c2a5,5726545f708984140094c2a8,False,unlabelled,seed29|sq:6|split__linf|w80|sq:6|cond=5726545f708984140094c2a5,False,79,0.9875,False,2,1.0,1.0,1.0,1.0,1.0,1.0,0.0,0.0,0.0,seed29,split,linf,,True,1.0,29
sq:6,squad_groups,split__linf,80,sq:6|cond=5726545f708984140094c2a5,5726545f708984140094c2a5,57269424dd62a815002e8a21,False,unlabelled,seed29|sq:6|split__linf|w80|sq:6|cond=5726545f708984140094c2a5,False,79,0.9875,False,2,0.0,0.2857142857142857,0.0,0.0,0.7586206896551725,1.0,0.0,0.4729064039408868,1.0,seed29,split,linf,,True,1.0,29
sq:6,squad_groups,split__l0,80,sq:6|cond=5726545f708984140094c2a7,5726545f708984140094c2a7,5726545f708984140094c2a5,False,unlabelled,seed29|sq:6|split__l0|w80|sq:6|cond=5726545f708984140094c2a7,False,71,0.8875,False,2,1.0,1.0,1.0,1.0,1.0,1.0,0.0,0.0,0.0,seed29,split,l0,0.0,False,0.0,29
sq:6,squad_groups,split__l0,80,sq:6|cond=5726545f708984140094c2a7,5726545f708984140094c2a7,5726545f708984140094c2a7,True,unlabelled,seed29|sq:6|split__l0|w80|sq:6|cond=5726545f708984140094c2a7,False,71,0.8875,False,2,0.0,0.9090909090909091,1.0,0.0,0.9090909090909091,1.0,0.0,0.0,0.0,seed29,split,l0,0.0,False,0.0,29
sq:6,squad_groups,split__l0,80,sq:6|cond=5726545f708984140094c2a7,5726545f708984140094c2a7,5726545f708984140094c2a8,False,unlabelled,seed29|sq:6|split__l0|w80|sq:6|cond=5726545f708984140094c2a7,False,71,0.8875,False,2,1.0,1.0,1.0,1.0,1.0,1.0,0.0,0.0,0.0,seed29,split,l0,0.0,False,0.0,29
sq:6,squad_groups,split__l0,80,sq:6|cond=5726545f708984140094c2a7,5726545f708984140094c2a7,57269424dd62a815002e8a21,False,unlabelled,seed29|sq:6|split__l0|w80|sq:6|cond=5726545f708984140094c2a7,False,71,0.8875,False,2,0.0,0.0,0.0,0.0,0.7586206896551725,1.0,0.0,0.7586206896551725,1.0,seed29,split,l0,0.0,False,0.0,29
sq:6,squad_groups,split__l1,80,sq:6|cond=5726545f708984140094c2a7,5726545f708984140094c2a7,5726545f708984140094c2a5,False,unlabelled,seed29|sq:6|split__l1|w80|sq:6|cond=5726545f708984140094c2a7,False,70,0.875,False,3,0.0,0.888888888888889,1.0,1.0,1.0,1.0,1.0,0.11111111111111105,0.0,seed29,split,l1,1.0,False,0.5,29
sq:6,squad_groups,split__l1,80,sq:6|cond=5726545f708984140094c2a7,5726545f708984140094c2a7,5726545f708984140094c2a7,True,unlabelled,seed29|sq:6|split__l1|w80|sq:6|cond=5726545f708984140094c2a7,False,70,0.875,False,3,0.0,0.9090909090909091,1.0,0.0,0.9090909090909091,1.0,0.0,0.0,0.0,seed29,split,l1,1.0,False,0.5,29
sq:6,squad_groups,split__l1,80,sq:6|cond=5726545f708984140094c2a7,5726545f708984140094c2a7,5726545f708984140094c2a8,False,unlabelled,seed29|sq:6|split__l1|w80|sq:6|cond=5726545f708984140094c2a7,False,70,0.875,False,3,1.0,1.0,1.0,1.0,1.0,1.0,0.0,0.0,0.0,seed29,split,l1,1.0,False,0.5,29
sq:6,squad_groups,split__l1,80,sq:6|cond=5726545f708984140094c2a7,5726545f708984140094c2a7,57269424dd62a815002e8a21,False,unlabelled,seed29|sq:6|split__l1|w80|sq:6|cond=5726545f708984140094c2a7,False,70,0.875,False,3,0.0,0.2222222222222222,1.0,0.0,0.7586206896551725,1.0,0.0,0.5363984674329503,0.0,seed29,split,l1,1.0,False,0.5,29
sq:6,squad_groups,split__linf,80,sq:6|cond=5726545f708984140094c2a7,5726545f708984140094c2a7,5726545f708984140094c2a5,False,unlabelled,seed29|sq:6|split__linf|w80|sq:6|cond=5726545f708984140094c2a7,False,79,0.9875,False,1,0.0,0.888888888888889,1.0,1.0,1.0,1.0,1.0,0.11111111111111105,0.0,seed29,split,linf,,True,1.0,29
sq:6,squad_groups,split__linf,80,sq:6|cond=5726545f708984140094c2a7,5726545f708984140094c2a7,5726545f708984140094c2a7,True,unlabelled,seed29|sq:6|split__linf|w80|sq:6|cond=5726545f708984140094c2a7,False,79,0.9875,False,1,0.0,0.9090909090909091,1.0,0.0,0.9090909090909091,1.0,0.0,0.0,0.0,seed29,split,linf,,True,1.0,29
sq:6,squad_groups,split__linf,80,sq:6|cond=5726545f708984140094c2a7,5726545f708984140094c2a7,5726545f708984140094c2a8,False,unlabelled,seed29|sq:6|split__linf|w80|sq:6|cond=5726545f708984140094c2a7,False,79,0.9875,False,1,1.0,1.0,1.0,1.0,1.0,1.0,0.0,0.0,0.0,seed29,split,linf,,True,1.0,29
sq:6,squad_groups,split__linf,80,sq:6|cond=5726545f708984140094c2a7,5726545f708984140094c2a7,57269424dd62a815002e8a21,False,unlabelled,seed29|sq:6|split__linf|w80|sq:6|cond=5726545f708984140094c2a7,False,79,0.9875,False,1,0.0,0.0,0.0,0.0,0.7586206896551725,1.0,0.0,0.7586206896551725,1.0,seed29,split,linf,,True,1.0,29
sq:6,squad_groups,split__l0,80,sq:6|cond=5726545f708984140094c2a8,5726545f708984140094c2a8,5726545f708984140094c2a5,False,unlabelled,seed29|sq:6|split__l0|w80|sq:6|cond=5726545f708984140094c2a8,False,78,0.975,False,2,1.0,1.0,1.0,1.0,1.0,1.0,0.0,0.0,0.0,seed29,split,l0,0.0,False,0.0,29
sq:6,squad_groups,split__l0,80,sq:6|cond=5726545f708984140094c2a8,5726545f708984140094c2a8,5726545f708984140094c2a7,False,unlabelled,seed29|sq:6|split__l0|w80|sq:6|cond=5726545f708984140094c2a8,False,78,0.975,False,2,0.0,0.9090909090909091,1.0,0.0,0.9090909090909091,1.0,0.0,0.0,0.0,seed29,split,l0,0.0,False,0.0,29
sq:6,squad_groups,split__l0,80,sq:6|cond=5726545f708984140094c2a8,5726545f708984140094c2a8,5726545f708984140094c2a8,True,unlabelled,seed29|sq:6|split__l0|w80|sq:6|cond=5726545f708984140094c2a8,False,78,0.975,False,2,1.0,1.0,1.0,1.0,1.0,1.0,0.0,0.0,0.0,seed29,split,l0,0.0,False,0.0,29
sq:6,squad_groups,split__l0,80,sq:6|cond=5726545f708984140094c2a8,5726545f708984140094c2a8,57269424dd62a815002e8a21,False,unlabelled,seed29|sq:6|split__l0|w80|sq:6|cond=5726545f708984140094c2a8,False,78,0.975,False,2,0.0,0.0,0.0,0.0,0.7586206896551725,1.0,0.0,0.7586206896551725,1.0,seed29,split,l0,0.0,False,0.0,29
sq:6,squad_groups,split__l1,80,sq:6|cond=5726545f708984140094c2a8,5726545f708984140094c2a8,5726545f708984140094c2a5,False,unlabelled,seed29|sq:6|split__l1|w80|sq:6|cond=5726545f708984140094c2a8,False,76,0.95,False,5,0.0,0.6666666666666666,1.0,1.0,1.0,1.0,1.0,0.33333333333333337,0.0,seed29,split,l1,1.0,False,0.5,29
sq:6,squad_groups,split__l1,80,sq:6|cond=5726545f708984140094c2a8,5726545f708984140094c2a8,5726545f708984140094c2a7,False,unlabelled,seed29|sq:6|split__l1|w80|sq:6|cond=5726545f708984140094c2a8,False,76,0.95,False,5,0.0,0.9090909090909091,1.0,0.0,0.9090909090909091,1.0,0.0,0.0,0.0,seed29,split,l1,1.0,False,0.5,29
sq:6,squad_groups,split__l1,80,sq:6|cond=5726545f708984140094c2a8,5726545f708984140094c2a8,5726545f708984140094c2a8,True,unlabelled,seed29|sq:6|split__l1|w80|sq:6|cond=5726545f708984140094c2a8,False,76,0.95,False,5,1.0,1.0,1.0,1.0,1.0,1.0,0.0,0.0,0.0,seed29,split,l1,1.0,False,0.5,29
sq:6,squad_groups,split__l1,80,sq:6|cond=5726545f708984140094c2a8,5726545f708984140094c2a8,57269424dd62a815002e8a21,False,unlabelled,seed29|sq:6|split__l1|w80|sq:6|cond=5726545f708984140094c2a8,False,76,0.95,False,5,0.0,0.0,0.0,0.0,0.7586206896551725,1.0,0.0,0.7586206896551725,1.0,seed29,split,l1,1.0,False,0.5,29
sq:6,squad_groups,split__linf,80,sq:6|cond=5726545f708984140094c2a8,5726545f708984140094c2a8,5726545f708984140094c2a5,False,unlabelled,seed29|sq:6|split__linf|w80|sq:6|cond=5726545f708984140094c2a8,False,80,1.0,False,2,1.0,1.0,1.0,1.0,1.0,1.0,0.0,0.0,0.0,seed29,split,linf,,True,1.0,29
sq:6,squad_groups,split__linf,80,sq:6|cond=5726545f708984140094c2a8,5726545f708984140094c2a8,5726545f708984140094c2a7,False,unlabelled,seed29|sq:6|split__linf|w80|sq:6|cond=5726545f708984140094c2a8,False,80,1.0,False,2,0.0,0.9090909090909091,1.0,0.0,0.9090909090909091,1.0,0.0,0.0,0.0,seed29,split,linf,,True,1.0,29
sq:6,squad_groups,split__linf,80,sq:6|cond=5726545f708984140094c2a8,5726545f708984140094c2a8,5726545f708984140094c2a8,True,unlabelled,seed29|sq:6|split__linf|w80|sq:6|cond=5726545f708984140094c2a8,False,80,1.0,False,2,1.0,1.0,1.0,1.0,1.0,1.0,0.0,0.0,0.0,seed29,split,linf,,True,1.0,29
sq:6,squad_groups,split__linf,80,sq:6|cond=5726545f708984140094c2a8,5726545f708984140094c2a8,57269424dd62a815002e8a21,False,unlabelled,seed29|sq:6|split__linf|w80|sq:6|cond=5726545f708984140094c2a8,False,80,1.0,False,2,0.0,0.0,0.0,0.0,0.7586206896551725,1.0,0.0,0.7586206896551725,1.0,seed29,split,linf,,True,1.0,29
sq:6,squad_groups,split__l0,80,sq:6|cond=57269424dd62a815002e8a21,57269424dd62a815002e8a21,5726545f708984140094c2a5,False,unlabelled,seed29|sq:6|split__l0|w80|sq:6|cond=57269424dd62a815002e8a21,False,77,0.9625,False,4,1.0,1.0,1.0,1.0,1.0,1.0,0.0,0.0,0.0,seed29,split,l0,0.0,False,0.0,29
sq:6,squad_groups,split__l0,80,sq:6|cond=57269424dd62a815002e8a21,57269424dd62a815002e8a21,5726545f708984140094c2a7,False,unlabelled,seed29|sq:6|split__l0|w80|sq:6|cond=57269424dd62a815002e8a21,False,77,0.9625,False,4,0.0,0.9090909090909091,1.0,0.0,0.9090909090909091,1.0,0.0,0.0,0.0,seed29,split,l0,0.0,False,0.0,29
sq:6,squad_groups,split__l0,80,sq:6|cond=57269424dd62a815002e8a21,57269424dd62a815002e8a21,5726545f708984140094c2a8,False,unlabelled,seed29|sq:6|split__l0|w80|sq:6|cond=57269424dd62a815002e8a21,False,77,0.9625,False,4,1.0,1.0,1.0,1.0,1.0,1.0,0.0,0.0,0.0,seed29,split,l0,0.0,False,0.0,29
sq:6,squad_groups,split__l0,80,sq:6|cond=57269424dd62a815002e8a21,57269424dd62a815002e8a21,57269424dd62a815002e8a21,True,unlabelled,seed29|sq:6|split__l0|w80|sq:6|cond=57269424dd62a815002e8a21,False,77,0.9625,False,4,0.0,0.0,0.0,0.0,0.7586206896551725,1.0,0.0,0.7586206896551725,1.0,seed29,split,l0,0.0,False,0.0,29
sq:6,squad_groups,split__l1,80,sq:6|cond=57269424dd62a815002e8a21,57269424dd62a815002e8a21,5726545f708984140094c2a5,False,unlabelled,seed29|sq:6|split__l1|w80|sq:6|cond=57269424dd62a815002e8a21,False,75,0.9375,False,5,1.0,1.0,1.0,1.0,1.0,1.0,0.0,0.0,0.0,seed29,split,l1,1.0,False,0.5,29
sq:6,squad_groups,split__l1,80,sq:6|cond=57269424dd62a815002e8a21,57269424dd62a815002e8a21,5726545f708984140094c2a7,False,unlabelled,seed29|sq:6|split__l1|w80|sq:6|cond=57269424dd62a815002e8a21,False,75,0.9375,False,5,0.0,0.0,0.0,0.0,0.9090909090909091,1.0,0.0,0.9090909090909091,1.0,seed29,split,l1,1.0,False,0.5,29
sq:6,squad_groups,split__l1,80,sq:6|cond=57269424dd62a815002e8a21,57269424dd62a815002e8a21,5726545f708984140094c2a8,False,unlabelled,seed29|sq:6|split__l1|w80|sq:6|cond=57269424dd62a815002e8a21,False,75,0.9375,False,5,1.0,1.0,1.0,1.0,1.0,1.0,0.0,0.0,0.0,seed29,split,l1,1.0,False,0.5,29
sq:6,squad_groups,split__l1,80,sq:6|cond=57269424dd62a815002e8a21,57269424dd62a815002e8a21,57269424dd62a815002e8a21,True,unlabelled,seed29|sq:6|split__l1|w80|sq:6|cond=57269424dd62a815002e8a21,False,75,0.9375,False,5,0.0,0.7647058823529411,1.0,0.0,0.7586206896551725,1.0,0.0,-0.006085192697768638,0.0,seed29,split,l1,1.0,False,0.5,29
sq:6,squad_groups,split__linf,80,sq:6|cond=57269424dd62a815002e8a21,57269424dd62a815002e8a21,5726545f708984140094c2a5,False,unlabelled,seed29|sq:6|split__linf|w80|sq:6|cond=57269424dd62a815002e8a21,False,77,0.9625,False,2,0.0,0.6666666666666665,1.0,1.0,1.0,1.0,1.0,0.3333333333333335,0.0,seed29,split,linf,,True,1.0,29
sq:6,squad_groups,split__linf,80,sq:6|cond=57269424dd62a815002e8a21,57269424dd62a815002e8a21,5726545f708984140094c2a7,False,unlabelled,seed29|sq:6|split__linf|w80|sq:6|cond=57269424dd62a815002e8a21,False,77,0.9625,False,2,0.0,0.9090909090909091,1.0,0.0,0.9090909090909091,1.0,0.0,0.0,0.0,seed29,split,linf,,True,1.0,29
sq:6,squad_groups,split__linf,80,sq:6|cond=57269424dd62a815002e8a21,57269424dd62a815002e8a21,5726545f708984140094c2a8,False,unlabelled,seed29|sq:6|split__linf|w80|sq:6|cond=57269424dd62a815002e8a21,False,77,0.9625,False,2,1.0,1.0,1.0,1.0,1.0,1.0,0.0,0.0,0.0,seed29,split,linf,,True,1.0,29
sq:6,squad_groups,split__linf,80,sq:6|cond=57269424dd62a815002e8a21,57269424dd62a815002e8a21,57269424dd62a815002e8a21,True,unlabelled,seed29|sq:6|split__linf|w80|sq:6|cond=57269424dd62a815002e8a21,False,77,0.9625,False,2,0.0,0.4,0.0,0.0,0.7586206896551725,1.0,0.0,0.35862068965517246,1.0,seed29,split,linf,,True,1.0,29
sq:7,squad_groups,split__l0,80,sq:7|cond=57291b461d04691400779049,57291b461d04691400779049,57291b461d04691400779049,True,unlabelled,seed29|sq:7|split__l0|w80|sq:7|cond=57291b461d04691400779049,False,72,0.9,False,3,0.0,0.0,0.0,1.0,1.0,1.0,1.0,1.0,1.0,seed29,split,l0,0.0,False,0.0,29
sq:7,squad_groups,split__l0,80,sq:7|cond=57291b461d04691400779049,57291b461d04691400779049,57291b461d0469140077904b,False,unlabelled,seed29|sq:7|split__l0|w80|sq:7|cond=57291b461d04691400779049,False,72,0.9,False,3,1.0,1.0,1.0,1.0,1.0,1.0,0.0,0.0,0.0,seed29,split,l0,0.0,False,0.0,29
sq:7,squad_groups,split__l0,80,sq:7|cond=57291b461d04691400779049,57291b461d04691400779049,57291b461d0469140077904c,False,unlabelled,seed29|sq:7|split__l0|w80|sq:7|cond=57291b461d04691400779049,False,72,0.9,False,3,0.0,0.0,0.0,1.0,1.0,1.0,1.0,1.0,1.0,seed29,split,l0,0.0,False,0.0,29
sq:7,squad_groups,split__l0,80,sq:7|cond=57291b461d04691400779049,57291b461d04691400779049,57291b461d0469140077904d,False,unlabelled,seed29|sq:7|split__l0|w80|sq:7|cond=57291b461d04691400779049,False,72,0.9,False,3,0.0,0.0,0.0,1.0,1.0,1.0,1.0,1.0,1.0,seed29,split,l0,0.0,False,0.0,29
sq:7,squad_groups,split__l1,80,sq:7|cond=57291b461d04691400779049,57291b461d04691400779049,57291b461d04691400779049,True,unlabelled,seed29|sq:7|split__l1|w80|sq:7|cond=57291b461d04691400779049,False,72,0.9,False,4,1.0,1.0,1.0,1.0,1.0,1.0,0.0,0.0,0.0,seed29,split,l1,1.0,False,0.5,29
sq:7,squad_groups,split__l1,80,sq:7|cond=57291b461d04691400779049,57291b461d04691400779049,57291b461d0469140077904b,False,unlabelled,seed29|sq:7|split__l1|w80|sq:7|cond=57291b461d04691400779049,False,72,0.9,False,4,0.0,0.7499999999999999,0.0,1.0,1.0,1.0,1.0,0.2500000000000001,1.0,seed29,split,l1,1.0,False,0.5,29
sq:7,squad_groups,split__l1,80,sq:7|cond=57291b461d04691400779049,57291b461d04691400779049,57291b461d0469140077904c,False,unlabelled,seed29|sq:7|split__l1|w80|sq:7|cond=57291b461d04691400779049,False,72,0.9,False,4,0.0,0.0,0.0,1.0,1.0,1.0,1.0,1.0,1.0,seed29,split,l1,1.0,False,0.5,29
sq:7,squad_groups,split__l1,80,sq:7|cond=57291b461d04691400779049,57291b461d04691400779049,57291b461d0469140077904d,False,unlabelled,seed29|sq:7|split__l1|w80|sq:7|cond=57291b461d04691400779049,False,72,0.9,False,4,0.0,0.0,0.0,1.0,1.0,1.0,1.0,1.0,1.0,seed29,split,l1,1.0,False,0.5,29
sq:7,squad_groups,split__linf,80,sq:7|cond=57291b461d04691400779049,57291b461d04691400779049,57291b461d04691400779049,True,unlabelled,seed29|sq:7|split__linf|w80|sq:7|cond=57291b461d04691400779049,False,76,0.95,False,2,1.0,1.0,1.0,1.0,1.0,1.0,0.0,0.0,0.0,seed29,split,linf,,True,1.0,29
sq:7,squad_groups,split__linf,80,sq:7|cond=57291b461d04691400779049,57291b461d04691400779049,57291b461d0469140077904b,False,unlabelled,seed29|sq:7|split__linf|w80|sq:7|cond=57291b461d04691400779049,False,76,0.95,False,2,1.0,1.0,1.0,1.0,1.0,1.0,0.0,0.0,0.0,seed29,split,linf,,True,1.0,29
sq:7,squad_groups,split__linf,80,sq:7|cond=57291b461d04691400779049,57291b461d04691400779049,57291b461d0469140077904c,False,unlabelled,seed29|sq:7|split__linf|w80|sq:7|cond=57291b461d04691400779049,False,76,0.95,False,2,0.0,0.0,0.0,1.0,1.0,1.0,1.0,1.0,1.0,seed29,split,linf,,True,1.0,29
sq:7,squad_groups,split__linf,80,sq:7|cond=57291b461d04691400779049,57291b461d04691400779049,57291b461d0469140077904d,False,unlabelled,seed29|sq:7|split__linf|w80|sq:7|cond=57291b461d04691400779049,False,76,0.95,False,2,1.0,1.0,1.0,1.0,1.0,1.0,0.0,0.0,0.0,seed29,split,linf,,True,1.0,29
sq:7,squad_groups,split__l0,80,sq:7|cond=57291b461d0469140077904b,57291b461d0469140077904b,57291b461d04691400779049,False,unlabelled,seed29|sq:7|split__l0|w80|sq:7|cond=57291b461d0469140077904b,False,74,0.925,False,1,0.0,0.0,0.0,1.0,1.0,1.0,1.0,1.0,1.0,seed29,split,l0,0.0,False,0.0,29
sq:7,squad_groups,split__l0,80,sq:7|cond=57291b461d0469140077904b,57291b461d0469140077904b,57291b461d0469140077904b,True,unlabelled,seed29|sq:7|split__l0|w80|sq:7|cond=57291b461d0469140077904b,False,74,0.925,False,1,1.0,1.0,1.0,1.0,1.0,1.0,0.0,0.0,0.0,seed29,split,l0,0.0,False,0.0,29
sq:7,squad_groups,split__l0,80,sq:7|cond=57291b461d0469140077904b,57291b461d0469140077904b,57291b461d0469140077904c,False,unlabelled,seed29|sq:7|split__l0|w80|sq:7|cond=57291b461d0469140077904b,False,74,0.925,False,1,0.0,0.0,0.0,1.0,1.0,1.0,1.0,1.0,1.0,seed29,split,l0,0.0,False,0.0,29
sq:7,squad_groups,split__l0,80,sq:7|cond=57291b461d0469140077904b,57291b461d0469140077904b,57291b461d0469140077904d,False,unlabelled,seed29|sq:7|split__l0|w80|sq:7|cond=57291b461d0469140077904b,False,74,0.925,False,1,1.0,1.0,1.0,1.0,1.0,1.0,0.0,0.0,0.0,seed29,split,l0,0.0,False,0.0,29
sq:7,squad_groups,split__l1,80,sq:7|cond=57291b461d0469140077904b,57291b461d0469140077904b,57291b461d04691400779049,False,unlabelled,seed29|sq:7|split__l1|w80|sq:7|cond=57291b461d0469140077904b,False,74,0.925,False,4,1.0,1.0,1.0,1.0,1.0,1.0,0.0,0.0,0.0,seed29,split,l1,1.0,False,0.5,29
sq:7,squad_groups,split__l1,80,sq:7|cond=57291b461d0469140077904b,57291b461d0469140077904b,57291b461d0469140077904b,True,unlabelled,seed29|sq:7|split__l1|w80|sq:7|cond=57291b461d0469140077904b,False,74,0.925,False,4,1.0,1.0,1.0,1.0,1.0,1.0,0.0,0.0,0.0,seed29,split,l1,1.0,False,0.5,29
sq:7,squad_groups,split__l1,80,sq:7|cond=57291b461d0469140077904b,57291b461d0469140077904b,57291b461d0469140077904c,False,unlabelled,seed29|sq:7|split__l1|w80|sq:7|cond=57291b461d0469140077904b,False,74,0.925,False,4,0.0,0.0,0.0,1.0,1.0,1.0,1.0,1.0,1.0,seed29,split,l1,1.0,False,0.5,29
sq:7,squad_groups,split__l1,80,sq:7|cond=57291b461d0469140077904b,57291b461d0469140077904b,57291b461d0469140077904d,False,unlabelled,seed29|sq:7|split__l1|w80|sq:7|cond=57291b461d0469140077904b,False,74,0.925,False,4,0.0,0.0,0.0,1.0,1.0,1.0,1.0,1.0,1.0,seed29,split,l1,1.0,False,0.5,29
sq:7,squad_groups,split__linf,80,sq:7|cond=57291b461d0469140077904b,57291b461d0469140077904b,57291b461d04691400779049,False,unlabelled,seed29|sq:7|split__linf|w80|sq:7|cond=57291b461d0469140077904b,False,80,1.0,False,2,1.0,1.0,1.0,1.0,1.0,1.0,0.0,0.0,0.0,seed29,split,linf,,True,1.0,29
sq:7,squad_groups,split__linf,80,sq:7|cond=57291b461d0469140077904b,57291b461d0469140077904b,57291b461d0469140077904b,True,unlabelled,seed29|sq:7|split__linf|w80|sq:7|cond=57291b461d0469140077904b,False,80,1.0,False,2,0.0,0.0,0.0,1.0,1.0,1.0,1.0,1.0,1.0,seed29,split,linf,,True,1.0,29
sq:7,squad_groups,split__linf,80,sq:7|cond=57291b461d0469140077904b,57291b461d0469140077904b,57291b461d0469140077904c,False,unlabelled,seed29|sq:7|split__linf|w80|sq:7|cond=57291b461d0469140077904b,False,80,1.0,False,2,1.0,1.0,1.0,1.0,1.0,1.0,0.0,0.0,0.0,seed29,split,linf,,True,1.0,29
sq:7,squad_groups,split__linf,80,sq:7|cond=57291b461d0469140077904b,57291b461d0469140077904b,57291b461d0469140077904d,False,unlabelled,seed29|sq:7|split__linf|w80|sq:7|cond=57291b461d0469140077904b,False,80,1.0,False,2,0.0,0.0,0.0,1.0,1.0,1.0,1.0,1.0,1.0,seed29,split,linf,,True,1.0,29
sq:7,squad_groups,split__l0,80,sq:7|cond=57291b461d0469140077904c,57291b461d0469140077904c,57291b461d04691400779049,False,unlabelled,seed29|sq:7|split__l0|w80|sq:7|cond=57291b461d0469140077904c,False,71,0.8875,False,2,0.0,0.0,0.0,1.0,1.0,1.0,1.0,1.0,1.0,seed29,split,l0,0.0,False,0.0,29
sq:7,squad_groups,split__l0,80,sq:7|cond=57291b461d0469140077904c,57291b461d0469140077904c,57291b461d0469140077904b,False,unlabelled,seed29|sq:7|split__l0|w80|sq:7|cond=57291b461d0469140077904c,False,71,0.8875,False,2,0.0,0.4,0.0,1.0,1.0,1.0,1.0,0.6,1.0,seed29,split,l0,0.0,False,0.0,29
sq:7,squad_groups,split__l0,80,sq:7|cond=57291b461d0469140077904c,57291b461d0469140077904c,57291b461d0469140077904c,True,unlabelled,seed29|sq:7|split__l0|w80|sq:7|cond=57291b461d0469140077904c,False,71,0.8875,False,2,1.0,1.0,1.0,1.0,1.0,1.0,0.0,0.0,0.0,seed29,split,l0,0.0,False,0.0,29
sq:7,squad_groups,split__l0,80,sq:7|cond=57291b461d0469140077904c,57291b461d0469140077904c,57291b461d0469140077904d,False,unlabelled,seed29|sq:7|split__l0|w80|sq:7|cond=57291b461d0469140077904c,False,71,0.8875,False,2,1.0,1.0,1.0,1.0,1.0,1.0,0.0,0.0,0.0,seed29,split,l0,0.0,False,0.0,29
sq:7,squad_groups,split__l1,80,sq:7|cond=57291b461d0469140077904c,57291b461d0469140077904c,57291b461d04691400779049,False,unlabelled,seed29|sq:7|split__l1|w80|sq:7|cond=57291b461d0469140077904c,False,72,0.9,False,4,1.0,1.0,1.0,1.0,1.0,1.0,0.0,0.0,0.0,seed29,split,l1,1.0,False,0.5,29
sq:7,squad_groups,split__l1,80,sq:7|cond=57291b461d0469140077904c,57291b461d0469140077904c,57291b461d0469140077904b,False,unlabelled,seed29|sq:7|split__l1|w80|sq:7|cond=57291b461d0469140077904c,False,72,0.9,False,4,0.0,0.5,1.0,1.0,1.0,1.0,1.0,0.5,0.0,seed29,split,l1,1.0,False,0.5,29
sq:7,squad_groups,split__l1,80,sq:7|cond=57291b461d0469140077904c,57291b461d0469140077904c,57291b461d0469140077904c,True,unlabelled,seed29|sq:7|split__l1|w80|sq:7|cond=57291b461d0469140077904c,False,72,0.9,False,4,1.0,1.0,1.0,1.0,1.0,1.0,0.0,0.0,0.0,seed29,split,l1,1.0,False,0.5,29
sq:7,squad_groups,split__l1,80,sq:7|cond=57291b461d0469140077904c,57291b461d0469140077904c,57291b461d0469140077904d,False,unlabelled,seed29|sq:7|split__l1|w80|sq:7|cond=57291b461d0469140077904c,False,72,0.9,False,4,0.0,0.0,0.0,1.0,1.0,1.0,1.0,1.0,1.0,seed29,split,l1,1.0,False,0.5,29
sq:7,squad_groups,split__linf,80,sq:7|cond=57291b461d0469140077904c,57291b461d0469140077904c,57291b461d04691400779049,False,unlabelled,seed29|sq:7|split__linf|w80|sq:7|cond=57291b461d0469140077904c,False,71,0.8875,False,1,1.0,1.0,1.0,1.0,1.0,1.0,0.0,0.0,0.0,seed29,split,linf,,True,1.0,29
sq:7,squad_groups,split__linf,80,sq:7|cond=57291b461d0469140077904c,57291b461d0469140077904c,57291b461d0469140077904b,False,unlabelled,seed29|sq:7|split__linf|w80|sq:7|cond=57291b461d0469140077904c,False,71,0.8875,False,1,0.0,0.4444444444444444,1.0,1.0,1.0,1.0,1.0,0.5555555555555556,0.0,seed29,split,linf,,True,1.0,29
sq:7,squad_groups,split__linf,80,sq:7|cond=57291b461d0469140077904c,57291b461d0469140077904c,57291b461d0469140077904c,True,unlabelled,seed29|sq:7|split__linf|w80|sq:7|cond=57291b461d0469140077904c,False,71,0.8875,False,1,0.0,0.0,0.0,1.0,1.0,1.0,1.0,1.0,1.0,seed29,split,linf,,True,1.0,29
sq:7,squad_groups,split__linf,80,sq:7|cond=57291b461d0469140077904c,57291b461d0469140077904c,57291b461d0469140077904d,False,unlabelled,seed29|sq:7|split__linf|w80|sq:7|cond=57291b461d0469140077904c,False,71,0.8875,False,1,0.0,0.0,0.0,1.0,1.0,1.0,1.0,1.0,1.0,seed29,split,linf,,True,1.0,29
sq:7,squad_groups,split__l0,80,sq:7|cond=57291b461d0469140077904d,57291b461d0469140077904d,57291b461d04691400779049,False,unlabelled,seed29|sq:7|split__l0|w80|sq:7|cond=57291b461d0469140077904d,False,76,0.95,False,2,0.0,0.0,0.0,1.0,1.0,1.0,1.0,1.0,1.0,seed29,split,l0,0.0,False,0.0,29
sq:7,squad_groups,split__l0,80,sq:7|cond=57291b461d0469140077904d,57291b461d0469140077904d,57291b461d0469140077904b,False,unlabelled,seed29|sq:7|split__l0|w80|sq:7|cond=57291b461d0469140077904d,False,76,0.95,False,2,0.0,0.0,0.0,1.0,1.0,1.0,1.0,1.0,1.0,seed29,split,l0,0.0,False,0.0,29
sq:7,squad_groups,split__l0,80,sq:7|cond=57291b461d0469140077904d,57291b461d0469140077904d,57291b461d0469140077904c,False,unlabelled,seed29|sq:7|split__l0|w80|sq:7|cond=57291b461d0469140077904d,False,76,0.95,False,2,1.0,1.0,1.0,1.0,1.0,1.0,0.0,0.0,0.0,seed29,split,l0,0.0,False,0.0,29
sq:7,squad_groups,split__l0,80,sq:7|cond=57291b461d0469140077904d,57291b461d0469140077904d,57291b461d0469140077904d,True,unlabelled,seed29|sq:7|split__l0|w80|sq:7|cond=57291b461d0469140077904d,False,76,0.95,False,2,1.0,1.0,1.0,1.0,1.0,1.0,0.0,0.0,0.0,seed29,split,l0,0.0,False,0.0,29
sq:7,squad_groups,split__l1,80,sq:7|cond=57291b461d0469140077904d,57291b461d0469140077904d,57291b461d04691400779049,False,unlabelled,seed29|sq:7|split__l1|w80|sq:7|cond=57291b461d0469140077904d,False,69,0.8625,False,4,0.0,0.0,0.0,1.0,1.0,1.0,1.0,1.0,1.0,seed29,split,l1,1.0,False,0.5,29
sq:7,squad_groups,split__l1,80,sq:7|cond=57291b461d0469140077904d,57291b461d0469140077904d,57291b461d0469140077904b,False,unlabelled,seed29|sq:7|split__l1|w80|sq:7|cond=57291b461d0469140077904d,False,69,0.8625,False,4,0.0,0.4,0.0,1.0,1.0,1.0,1.0,0.6,1.0,seed29,split,l1,1.0,False,0.5,29
sq:7,squad_groups,split__l1,80,sq:7|cond=57291b461d0469140077904d,57291b461d0469140077904d,57291b461d0469140077904c,False,unlabelled,seed29|sq:7|split__l1|w80|sq:7|cond=57291b461d0469140077904d,False,69,0.8625,False,4,0.0,0.0,0.0,1.0,1.0,1.0,1.0,1.0,1.0,seed29,split,l1,1.0,False,0.5,29
sq:7,squad_groups,split__l1,80,sq:7|cond=57291b461d0469140077904d,57291b461d0469140077904d,57291b461d0469140077904d,True,unlabelled,seed29|sq:7|split__l1|w80|sq:7|cond=57291b461d0469140077904d,False,69,0.8625,False,4,0.0,0.8571428571428571,1.0,1.0,1.0,1.0,1.0,0.1428571428571429,0.0,seed29,split,l1,1.0,False,0.5,29
sq:7,squad_groups,split__linf,80,sq:7|cond=57291b461d0469140077904d,57291b461d0469140077904d,57291b461d04691400779049,False,unlabelled,seed29|sq:7|split__linf|w80|sq:7|cond=57291b461d0469140077904d,False,70,0.875,False,2,0.0,0.0,0.0,1.0,1.0,1.0,1.0,1.0,1.0,seed29,split,linf,,True,1.0,29
sq:7,squad_groups,split__linf,80,sq:7|cond=57291b461d0469140077904d,57291b461d0469140077904d,57291b461d0469140077904b,False,unlabelled,seed29|sq:7|split__linf|w80|sq:7|cond=57291b461d0469140077904d,False,70,0.875,False,2,0.0,0.4,0.0,1.0,1.0,1.0,1.0,0.6,1.0,seed29,split,linf,,True,1.0,29
sq:7,squad_groups,split__linf,80,sq:7|cond=57291b461d0469140077904d,57291b461d0469140077904d,57291b461d0469140077904c,False,unlabelled,seed29|sq:7|split__linf|w80|sq:7|cond=57291b461d0469140077904d,False,70,0.875,False,2,1.0,1.0,1.0,1.0,1.0,1.0,0.0,0.0,0.0,seed29,split,linf,,True,1.0,29
sq:7,squad_groups,split__linf,80,sq:7|cond=57291b461d0469140077904d,57291b461d0469140077904d,57291b461d0469140077904d,True,unlabelled,seed29|sq:7|split__linf|w80|sq:7|cond=57291b461d0469140077904d,False,70,0.875,False,2,0.0,0.0,0.0,1.0,1.0,1.0,1.0,1.0,1.0,seed29,split,linf,,True,1.0,29
sq:8,squad_groups,split__l0,80,sq:8|cond=572976791d046914007794af,572976791d046914007794af,572976791d046914007794af,True,unlabelled,seed29|sq:8|split__l0|w80|sq:8|cond=572976791d046914007794af,False,69,0.8625,False,4,0.0,0.7272727272727273,1.0,0.0,0.7272727272727273,1.0,0.0,0.0,0.0,seed29,split,l0,0.0,False,0.0,29
sq:8,squad_groups,split__l0,80,sq:8|cond=572976791d046914007794af,572976791d046914007794af,572976791d046914007794b0,False,unlabelled,seed29|sq:8|split__l0|w80|sq:8|cond=572976791d046914007794af,False,69,0.8625,False,4,0.0,0.3636363636363636,1.0,1.0,1.0,1.0,1.0,0.6363636363636365,0.0,seed29,split,l0,0.0,False,0.0,29
sq:8,squad_groups,split__l0,80,sq:8|cond=572976791d046914007794af,572976791d046914007794af,572976791d046914007794b1,False,unlabelled,seed29|sq:8|split__l0|w80|sq:8|cond=572976791d046914007794af,False,69,0.8625,False,4,0.0,0.30769230769230765,0.0,1.0,1.0,1.0,1.0,0.6923076923076923,1.0,seed29,split,l0,0.0,False,0.0,29
sq:8,squad_groups,split__l0,80,sq:8|cond=572976791d046914007794af,572976791d046914007794af,572976791d046914007794b3,False,unlabelled,seed29|sq:8|split__l0|w80|sq:8|cond=572976791d046914007794af,False,69,0.8625,False,4,0.0,0.0,0.0,0.0,0.6666666666666666,1.0,0.0,0.6666666666666666,1.0,seed29,split,l0,0.0,False,0.0,29
sq:8,squad_groups,split__l1,80,sq:8|cond=572976791d046914007794af,572976791d046914007794af,572976791d046914007794af,True,unlabelled,seed29|sq:8|split__l1|w80|sq:8|cond=572976791d046914007794af,False,73,0.9125,False,3,0.0,0.7272727272727273,1.0,0.0,0.7272727272727273,1.0,0.0,0.0,0.0,seed29,split,l1,1.0,False,0.5,29
sq:8,squad_groups,split__l1,80,sq:8|cond=572976791d046914007794af,572976791d046914007794af,572976791d046914007794b0,False,unlabelled,seed29|sq:8|split__l1|w80|sq:8|cond=572976791d046914007794af,False,73,0.9125,False,3,1.0,1.0,1.0,1.0,1.0,1.0,0.0,0.0,0.0,seed29,split,l1,1.0,False,0.5,29
sq:8,squad_groups,split__l1,80,sq:8|cond=572976791d046914007794af,572976791d046914007794af,572976791d046914007794b1,False,unlabelled,seed29|sq:8|split__l1|w80|sq:8|cond=572976791d046914007794af,False,73,0.9125,False,3,0.0,0.6666666666666665,1.0,1.0,1.0,1.0,1.0,0.3333333333333335,0.0,seed29,split,l1,1.0,False,0.5,29
sq:8,squad_groups,split__l1,80,sq:8|cond=572976791d046914007794af,572976791d046914007794af,572976791d046914007794b3,False,unlabelled,seed29|sq:8|split__l1|w80|sq:8|cond=572976791d046914007794af,False,73,0.9125,False,3,0.0,0.0,0.0,0.0,0.6666666666666666,1.0,0.0,0.6666666666666666,1.0,seed29,split,l1,1.0,False,0.5,29
sq:8,squad_groups,split__linf,80,sq:8|cond=572976791d046914007794af,572976791d046914007794af,572976791d046914007794af,True,unlabelled,seed29|sq:8|split__linf|w80|sq:8|cond=572976791d046914007794af,False,74,0.925,False,2,0.0,1.0,1.0,0.0,0.7272727272727273,1.0,0.0,-0.2727272727272727,0.0,seed29,split,linf,,True,1.0,29
sq:8,squad_groups,split__linf,80,sq:8|cond=572976791d046914007794af,572976791d046914007794af,572976791d046914007794b0,False,unlabelled,seed29|sq:8|split__linf|w80|sq:8|cond=572976791d046914007794af,False,74,0.925,False,2,1.0,1.0,1.0,1.0,1.0,1.0,0.0,0.0,0.0,seed29,split,linf,,True,1.0,29
sq:8,squad_groups,split__linf,80,sq:8|cond=572976791d046914007794af,572976791d046914007794af,572976791d046914007794b1,False,unlabelled,seed29|sq:8|split__linf|w80|sq:8|cond=572976791d046914007794af,False,74,0.925,False,2,0.0,0.15384615384615383,0.0,1.0,1.0,1.0,1.0,0.8461538461538461,1.0,seed29,split,linf,,True,1.0,29
sq:8,squad_groups,split__linf,80,sq:8|cond=572976791d046914007794af,572976791d046914007794af,572976791d046914007794b3,False,unlabelled,seed29|sq:8|split__linf|w80|sq:8|cond=572976791d046914007794af,False,74,0.925,False,2,0.0,0.22222222222222224,0.0,0.0,0.6666666666666666,1.0,0.0,0.4444444444444444,1.0,seed29,split,linf,,True,1.0,29
sq:8,squad_groups,split__l0,80,sq:8|cond=572976791d046914007794b0,572976791d046914007794b0,572976791d046914007794af,False,unlabelled,seed29|sq:8|split__l0|w80|sq:8|cond=572976791d046914007794b0,False,77,0.9625,False,2,0.0,1.0,1.0,0.0,0.7272727272727273,1.0,0.0,-0.2727272727272727,0.0,seed29,split,l0,0.0,False,0.0,29
sq:8,squad_groups,split__l0,80,sq:8|cond=572976791d046914007794b0,572976791d046914007794b0,572976791d046914007794b0,True,unlabelled,seed29|sq:8|split__l0|w80|sq:8|cond=572976791d046914007794b0,False,77,0.9625,False,2,1.0,1.0,1.0,1.0,1.0,1.0,0.0,0.0,0.0,seed29,split,l0,0.0,False,0.0,29
sq:8,squad_groups,split__l0,80,sq:8|cond=572976791d046914007794b0,572976791d046914007794b0,572976791d046914007794b1,False,unlabelled,seed29|sq:8|split__l0|w80|sq:8|cond=572976791d046914007794b0,False,77,0.9625,False,2,0.0,0.33333333333333337,0.0,1.0,1.0,1.0,1.0,0.6666666666666666,1.0,seed29,split,l0,0.0,False,0.0,29
sq:8,squad_groups,split__l0,80,sq:8|cond=572976791d046914007794b0,572976791d046914007794b0,572976791d046914007794b3,False,unlabelled,seed29|sq:8|split__l0|w80|sq:8|cond=572976791d046914007794b0,False,77,0.9625,False,2,0.0,0.25,0.0,0.0,0.6666666666666666,1.0,0.0,0.41666666666666663,1.0,seed29,split,l0,0.0,False,0.0,29
sq:8,squad_groups,split__l1,80,sq:8|cond=572976791d046914007794b0,572976791d046914007794b0,572976791d046914007794af,False,unlabelled,seed29|sq:8|split__l1|w80|sq:8|cond=572976791d046914007794b0,False,78,0.975,False,3,0.0,0.7272727272727273,1.0,0.0,0.7272727272727273,1.0,0.0,0.0,0.0,seed29,split,l1,1.0,False,0.5,29
sq:8,squad_groups,split__l1,80,sq:8|cond=572976791d046914007794b0,572976791d046914007794b0,572976791d046914007794b0,True,unlabelled,seed29|sq:8|split__l1|w80|sq:8|cond=572976791d046914007794b0,False,78,0.975,False,3,1.0,1.0,1.0,1.0,1.0,1.0,0.0,0.0,0.0,seed29,split,l1,1.0,False,0.5,29
sq:8,squad_groups,split__l1,80,sq:8|cond=572976791d046914007794b0,572976791d046914007794b0,572976791d046914007794b1,False,unlabelled,seed29|sq:8|split__l1|w80|sq:8|cond=572976791d046914007794b0,False,78,0.975,False,3,0.0,0.0,0.0,1.0,1.0,1.0,1.0,1.0,1.0,seed29,split,l1,1.0,False,0.5,29
sq:8,squad_groups,split__l1,80,sq:8|cond=572976791d046914007794b0,572976791d046914007794b0,572976791d046914007794b3,False,unlabelled,seed29|sq:8|split__l1|w80|sq:8|cond=572976791d046914007794b0,False,78,0.975,False,3,0.0,0.25,0.0,0.0,0.6666666666666666,1.0,0.0,0.41666666666666663,1.0,seed29,split,l1,1.0,False,0.5,29
sq:8,squad_groups,split__linf,80,sq:8|cond=572976791d046914007794b0,572976791d046914007794b0,572976791d046914007794af,False,unlabelled,seed29|sq:8|split__linf|w80|sq:8|cond=572976791d046914007794b0,False,73,0.9125,False,2,0.0,0.1818181818181818,0.0,0.0,0.7272727272727273,1.0,0.0,0.5454545454545455,1.0,seed29,split,linf,,True,1.0,29
sq:8,squad_groups,split__linf,80,sq:8|cond=572976791d046914007794b0,572976791d046914007794b0,572976791d046914007794b0,True,unlabelled,seed29|sq:8|split__linf|w80|sq:8|cond=572976791d046914007794b0,False,73,0.9125,False,2,0.0,0.14285714285714288,1.0,1.0,1.0,1.0,1.0,0.8571428571428571,0.0,seed29,split,linf,,True,1.0,29
sq:8,squad_groups,split__linf,80,sq:8|cond=572976791d046914007794b0,572976791d046914007794b0,572976791d046914007794b1,False,unlabelled,seed29|sq:8|split__linf|w80|sq:8|cond=572976791d046914007794b0,False,73,0.9125,False,2,0.0,0.25,0.0,1.0,1.0,1.0,1.0,0.75,1.0,seed29,split,linf,,True,1.0,29
sq:8,squad_groups,split__linf,80,sq:8|cond=572976791d046914007794b0,572976791d046914007794b0,572976791d046914007794b3,False,unlabelled,seed29|sq:8|split__linf|w80|sq:8|cond=572976791d046914007794b0,False,73,0.9125,False,2,0.0,0.6666666666666666,1.0,0.0,0.6666666666666666,1.0,0.0,0.0,0.0,seed29,split,linf,,True,1.0,29
sq:8,squad_groups,split__l0,80,sq:8|cond=572976791d046914007794b1,572976791d046914007794b1,572976791d046914007794af,False,unlabelled,seed29|sq:8|split__l0|w80|sq:8|cond=572976791d046914007794b1,False,79,0.9875,False,2,0.0,1.0,1.0,0.0,0.7272727272727273,1.0,0.0,-0.2727272727272727,0.0,seed29,split,l0,0.0,False,0.0,29
sq:8,squad_groups,split__l0,80,sq:8|cond=572976791d046914007794b1,572976791d046914007794b1,572976791d046914007794b0,False,unlabelled,seed29|sq:8|split__l0|w80|sq:8|cond=572976791d046914007794b1,False,79,0.9875,False,2,0.0,0.0,0.0,1.0,1.0,1.0,1.0,1.0,1.0,seed29,split,l0,0.0,False,0.0,29
sq:8,squad_groups,split__l0,80,sq:8|cond=572976791d046914007794b1,572976791d046914007794b1,572976791d046914007794b1,True,unlabelled,seed29|sq:8|split__l0|w80|sq:8|cond=572976791d046914007794b1,False,79,0.9875,False,2,0.0,0.8235294117647058,1.0,1.0,1.0,1.0,1.0,0.17647058823529416,0.0,seed29,split,l0,0.0,False,0.0,29
sq:8,squad_groups,split__l0,80,sq:8|cond=572976791d046914007794b1,572976791d046914007794b1,572976791d046914007794b3,False,unlabelled,seed29|sq:8|split__l0|w80|sq:8|cond=572976791d046914007794b1,False,79,0.9875,False,2,0.0,0.22222222222222224,0.0,0.0,0.6666666666666666,1.0,0.0,0.4444444444444444,1.0,seed29,split,l0,0.0,False,0.0,29
sq:8,squad_groups,split__l1,80,sq:8|cond=572976791d046914007794b1,572976791d046914007794b1,572976791d046914007794af,False,unlabelled,seed29|sq:8|split__l1|w80|sq:8|cond=572976791d046914007794b1,False,77,0.9625,False,4,0.0,0.7272727272727273,1.0,0.0,0.7272727272727273,1.0,0.0,0.0,0.0,seed29,split,l1,1.0,False,0.5,29
sq:8,squad_groups,split__l1,80,sq:8|cond=572976791d046914007794b1,572976791d046914007794b1,572976791d046914007794b0,False,unlabelled,seed29|sq:8|split__l1|w80|sq:8|cond=572976791d046914007794b1,False,77,0.9625,False,4,0.0,0.14285714285714288,1.0,1.0,1.0,1.0,1.0,0.8571428571428571,0.0,seed29,split,l1,1.0,False,0.5,29
sq:8,squad_groups,split__l1,80,sq:8|cond=572976791d046914007794b1,572976791d046914007794b1,572976791d046914007794b1,True,unlabelled,seed29|sq:8|split__l1|w80|sq:8|cond=572976791d046914007794b1,False,77,0.9625,False,4,0.0,0.625,1.0,1.0,1.0,1.0,1.0,0.375,0.0,seed29,split,l1,1.0,False,0.5,29
sq:8,squad_groups,split__l1,80,sq:8|cond=572976791d046914007794b1,572976791d046914007794b1,572976791d046914007794b3,False,unlabelled,seed29|sq:8|split__l1|w80|sq:8|cond=572976791d046914007794b1,False,77,0.9625,False,4,0.0,0.6666666666666666,1.0,0.0,0.6666666666666666,1.0,0.0,0.0,0.0,seed29,split,l1,1.0,False,0.5,29
sq:8,squad_groups,split__linf,80,sq:8|cond=572976791d046914007794b1,572976791d046914007794b1,572976791d046914007794af,False,unlabelled,seed29|sq:8|split__linf|w80|sq:8|cond=572976791d046914007794b1,False,72,0.9,False,1,0.0,0.22222222222222224,0.0,0.0,0.7272727272727273,1.0,0.0,0.5050505050505051,1.0,seed29,split,linf,,True,1.0,29
sq:8,squad_groups,split__linf,80,sq:8|cond=572976791d046914007794b1,572976791d046914007794b1,572976791d046914007794b0,False,unlabelled,seed29|sq:8|split__linf|w80|sq:8|cond=572976791d046914007794b1,False,72,0.9,False,1,0.0,0.0,0.0,1.0,1.0,1.0,1.0,1.0,1.0,seed29,split,linf,,True,1.0,29
sq:8,squad_groups,split__linf,80,sq:8|cond=572976791d046914007794b1,572976791d046914007794b1,572976791d046914007794b1,True,unlabelled,seed29|sq:8|split__linf|w80|sq:8|cond=572976791d046914007794b1,False,72,0.9,False,1,0.0,0.0,0.0,1.0,1.0,1.0,1.0,1.0,1.0,seed29,split,linf,,True,1.0,29
sq:8,squad_groups,split__linf,80,sq:8|cond=572976791d046914007794b1,572976791d046914007794b1,572976791d046914007794b3,False,unlabelled,seed29|sq:8|split__linf|w80|sq:8|cond=572976791d046914007794b1,False,72,0.9,False,1,0.0,0.6666666666666666,1.0,0.0,0.6666666666666666,1.0,0.0,0.0,0.0,seed29,split,linf,,True,1.0,29
sq:8,squad_groups,split__l0,80,sq:8|cond=572976791d046914007794b3,572976791d046914007794b3,572976791d046914007794af,False,unlabelled,seed29|sq:8|split__l0|w80|sq:8|cond=572976791d046914007794b3,False,69,0.8625,False,1,0.0,0.0,0.0,0.0,0.7272727272727273,1.0,0.0,0.7272727272727273,1.0,seed29,split,l0,0.0,False,0.0,29
sq:8,squad_groups,split__l0,80,sq:8|cond=572976791d046914007794b3,572976791d046914007794b3,572976791d046914007794b0,False,unlabelled,seed29|sq:8|split__l0|w80|sq:8|cond=572976791d046914007794b3,False,69,0.8625,False,1,0.0,0.2222222222222222,0.0,1.0,1.0,1.0,1.0,0.7777777777777778,1.0,seed29,split,l0,0.0,False,0.0,29
sq:8,squad_groups,split__l0,80,sq:8|cond=572976791d046914007794b3,572976791d046914007794b3,572976791d046914007794b1,False,unlabelled,seed29|sq:8|split__l0|w80|sq:8|cond=572976791d046914007794b3,False,69,0.8625,False,1,0.0,0.0,0.0,1.0,1.0,1.0,1.0,1.0,1.0,seed29,split,l0,0.0,False,0.0,29
sq:8,squad_groups,split__l0,80,sq:8|cond=572976791d046914007794b3,572976791d046914007794b3,572976791d046914007794b3,True,unlabelled,seed29|sq:8|split__l0|w80|sq:8|cond=572976791d046914007794b3,False,69,0.8625,False,1,0.0,0.7499999999999999,1.0,0.0,0.6666666666666666,1.0,0.0,-0.08333333333333326,0.0,seed29,split,l0,0.0,False,0.0,29
sq:8,squad_groups,split__l1,80,sq:8|cond=572976791d046914007794b3,572976791d046914007794b3,572976791d046914007794af,False,unlabelled,seed29|sq:8|split__l1|w80|sq:8|cond=572976791d046914007794b3,False,71,0.8875,False,4,0.0,0.6,1.0,0.0,0.7272727272727273,1.0,0.0,0.12727272727272732,0.0,seed29,split,l1,1.0,False,0.5,29
sq:8,squad_groups,split__l1,80,sq:8|cond=572976791d046914007794b3,572976791d046914007794b3,572976791d046914007794b0,False,unlabelled,seed29|sq:8|split__l1|w80|sq:8|cond=572976791d046914007794b3,False,71,0.8875,False,4,0.0,0.0,0.0,1.0,1.0,1.0,1.0,1.0,1.0,seed29,split,l1,1.0,False,0.5,29
sq:8,squad_groups,split__l1,80,sq:8|cond=572976791d046914007794b3,572976791d046914007794b3,572976791d046914007794b1,False,unlabelled,seed29|sq:8|split__l1|w80|sq:8|cond=572976791d046914007794b3,False,71,0.8875,False,4,0.0,0.0,0.0,1.0,1.0,1.0,1.0,1.0,1.0,seed29,split,l1,1.0,False,0.5,29
sq:8,squad_groups,split__l1,80,sq:8|cond=572976791d046914007794b3,572976791d046914007794b3,572976791d046914007794b3,True,unlabelled,seed29|sq:8|split__l1|w80|sq:8|cond=572976791d046914007794b3,False,71,0.8875,False,4,0.0,0.6666666666666666,1.0,0.0,0.6666666666666666,1.0,0.0,0.0,0.0,seed29,split,l1,1.0,False,0.5,29
sq:8,squad_groups,split__linf,80,sq:8|cond=572976791d046914007794b3,572976791d046914007794b3,572976791d046914007794af,False,unlabelled,seed29|sq:8|split__linf|w80|sq:8|cond=572976791d046914007794b3,False,73,0.9125,False,1,0.0,0.3333333333333333,0.0,0.0,0.7272727272727273,1.0,0.0,0.393939393939394,1.0,seed29,split,linf,,True,1.0,29
sq:8,squad_groups,split__linf,80,sq:8|cond=572976791d046914007794b3,572976791d046914007794b3,572976791d046914007794b0,False,unlabelled,seed29|sq:8|split__linf|w80|sq:8|cond=572976791d046914007794b3,False,73,0.9125,False,1,0.0,0.0,0.0,1.0,1.0,1.0,1.0,1.0,1.0,seed29,split,linf,,True,1.0,29
sq:8,squad_groups,split__linf,80,sq:8|cond=572976791d046914007794b3,572976791d046914007794b3,572976791d046914007794b1,False,unlabelled,seed29|sq:8|split__linf|w80|sq:8|cond=572976791d046914007794b3,False,73,0.9125,False,1,0.0,0.15384615384615383,0.0,1.0,1.0,1.0,1.0,0.8461538461538461,1.0,seed29,split,linf,,True,1.0,29
sq:8,squad_groups,split__linf,80,sq:8|cond=572976791d046914007794b3,572976791d046914007794b3,572976791d046914007794b3,True,unlabelled,seed29|sq:8|split__linf|w80|sq:8|cond=572976791d046914007794b3,False,73,0.9125,False,1,0.0,0.6666666666666666,1.0,0.0,0.6666666666666666,1.0,0.0,0.0,0.0,seed29,split,linf,,True,1.0,29
sq:9,squad_groups,split__l0,80,sq:9|cond=57265e97708984140094c3c3,57265e97708984140094c3c3,57265e97708984140094c3c3,True,unlabelled,seed29|sq:9|split__l0|w80|sq:9|cond=57265e97708984140094c3c3,False,73,0.9125,False,3,0.0,0.0,1.0,0.0,0.0,0.0,0.0,0.0,-1.0,seed29,split,l0,0.0,False,0.0,29
sq:9,squad_groups,split__l0,80,sq:9|cond=57265e97708984140094c3c3,57265e97708984140094c3c3,57265e97708984140094c3c6,False,unlabelled,seed29|sq:9|split__l0|w80|sq:9|cond=57265e97708984140094c3c3,False,73,0.9125,False,3,1.0,1.0,1.0,1.0,1.0,1.0,0.0,0.0,0.0,seed29,split,l0,0.0,False,0.0,29
sq:9,squad_groups,split__l0,80,sq:9|cond=57265e97708984140094c3c3,57265e97708984140094c3c3,57265e97708984140094c3c4,False,unlabelled,seed29|sq:9|split__l0|w80|sq:9|cond=57265e97708984140094c3c3,False,73,0.9125,False,3,0.0,0.5,0.0,0.0,0.0,0.0,0.0,-0.5,0.0,seed29,split,l0,0.0,False,0.0,29
sq:9,squad_groups,split__l0,80,sq:9|cond=57265e97708984140094c3c3,57265e97708984140094c3c3,57265e97708984140094c3c5,False,unlabelled,seed29|sq:9|split__l0|w80|sq:9|cond=57265e97708984140094c3c3,False,73,0.9125,False,3,0.0,0.761904761904762,1.0,0.0,0.631578947368421,1.0,0.0,-0.13032581453634096,0.0,seed29,split,l0,0.0,False,0.0,29
sq:9,squad_groups,split__l1,80,sq:9|cond=57265e97708984140094c3c3,57265e97708984140094c3c3,57265e97708984140094c3c3,True,unlabelled,seed29|sq:9|split__l1|w80|sq:9|cond=57265e97708984140094c3c3,False,71,0.8875,False,4,0.0,0.0,1.0,0.0,0.0,0.0,0.0,0.0,-1.0,seed29,split,l1,1.0,False,0.5,29
sq:9,squad_groups,split__l1,80,sq:9|cond=57265e97708984140094c3c3,57265e97708984140094c3c3,57265e97708984140094c3c6,False,unlabelled,seed29|sq:9|split__l1|w80|sq:9|cond=57265e97708984140094c3c3,False,71,0.8875,False,4,1.0,1.0,1.0,1.0,1.0,1.0,0.0,0.0,0.0,seed29,split,l1,1.0,False,0.5,29
sq:9,squad_groups,split__l1,80,sq:9|cond=57265e97708984140094c3c3,57265e97708984140094c3c3,57265e97708984140094c3c4,False,unlabelled,seed29|sq:9|split__l1|w80|sq:9|cond=57265e97708984140094c3c3,False,71,0.8875,False,4,0.0,0.0,0.0,0.0,0.0,0.0,0.0,0.0,0.0,seed29,split,l1,1.0,False,0.5,29
sq:9,squad_groups,split__l1,80,sq:9|cond=57265e97708984140094c3c3,57265e97708984140094c3c3,57265e97708984140094c3c5,False,unlabelled,seed29|sq:9|split__l1|w80|sq:9|cond=57265e97708984140094c3c3,False,71,0.8875,False,4,0.0,0.125,1.0,0.0,0.631578947368421,1.0,0.0,0.506578947368421,0.0,seed29,split,l1,1.0,False,0.5,29
sq:9,squad_groups,split__linf,80,sq:9|cond=57265e97708984140094c3c3,57265e97708984140094c3c3,57265e97708984140094c3c3,True,unlabelled,seed29|sq:9|split__linf|w80|sq:9|cond=57265e97708984140094c3c3,False,71,0.8875,False,1,0.0,0.0,1.0,0.0,0.0,0.0,0.0,0.0,-1.0,seed29,split,linf,,True,1.0,29
sq:9,squad_groups,split__linf,80,sq:9|cond=57265e97708984140094c3c3,57265e97708984140094c3c3,57265e97708984140094c3c6,False,unlabelled,seed29|sq:9|split__linf|w80|sq:9|cond=57265e97708984140094c3c3,False,71,0.8875,False,1,1.0,1.0,1.0,1.0,1.0,1.0,0.0,0.0,0.0,seed29,split,linf,,True,1.0,29
sq:9,squad_groups,split__linf,80,sq:9|cond=57265e97708984140094c3c3,57265e97708984140094c3c3,57265e97708984140094c3c4,False,unlabelled,seed29|sq:9|split__linf|w80|sq:9|cond=57265e97708984140094c3c3,False,71,0.8875,False,1,0.0,0.0,0.0,0.0,0.0,0.0,0.0,0.0,0.0,seed29,split,linf,,True,1.0,29
sq:9,squad_groups,split__linf,80,sq:9|cond=57265e97708984140094c3c3,57265e97708984140094c3c3,57265e97708984140094c3c5,False,unlabelled,seed29|sq:9|split__linf|w80|sq:9|cond=57265e97708984140094c3c3,False,71,0.8875,False,1,0.0,0.6,1.0,0.0,0.631578947368421,1.0,0.0,0.03157894736842104,0.0,seed29,split,linf,,True,1.0,29
sq:9,squad_groups,split__l0,80,sq:9|cond=57265e97708984140094c3c6,57265e97708984140094c3c6,57265e97708984140094c3c3,False,unlabelled,seed29|sq:9|split__l0|w80|sq:9|cond=57265e97708984140094c3c6,False,74,0.925,False,3,0.0,0.0,1.0,0.0,0.0,0.0,0.0,0.0,-1.0,seed29,split,l0,0.0,False,0.0,29
sq:9,squad_groups,split__l0,80,sq:9|cond=57265e97708984140094c3c6,57265e97708984140094c3c6,57265e97708984140094c3c6,True,unlabelled,seed29|sq:9|split__l0|w80|sq:9|cond=57265e97708984140094c3c6,False,74,0.925,False,3,1.0,1.0,1.0,1.0,1.0,1.0,0.0,0.0,0.0,seed29,split,l0,0.0,False,0.0,29
sq:9,squad_groups,split__l0,80,sq:9|cond=57265e97708984140094c3c6,57265e97708984140094c3c6,57265e97708984140094c3c4,False,unlabelled,seed29|sq:9|split__l0|w80|sq:9|cond=57265e97708984140094c3c6,False,74,0.925,False,3,0.0,0.0,0.0,0.0,0.0,0.0,0.0,0.0,0.0,seed29,split,l0,0.0,False,0.0,29
sq:9,squad_groups,split__l0,80,sq:9|cond=57265e97708984140094c3c6,57265e97708984140094c3c6,57265e97708984140094c3c5,False,unlabelled,seed29|sq:9|split__l0|w80|sq:9|cond=57265e97708984140094c3c6,False,74,0.925,False,3,0.0,0.43478260869565216,1.0,0.0,0.631578947368421,1.0,0.0,0.19679633867276886,0.0,seed29,split,l0,0.0,False,0.0,29
sq:9,squad_groups,split__l1,80,sq:9|cond=57265e97708984140094c3c6,57265e97708984140094c3c6,57265e97708984140094c3c3,False,unlabelled,seed29|sq:9|split__l1|w80|sq:9|cond=57265e97708984140094c3c6,False,75,0.9375,False,3,0.0,0.0,1.0,0.0,0.0,0.0,0.0,0.0,-1.0,seed29,split,l1,1.0,False,0.5,29
sq:9,squad_groups,split__l1,80,sq:9|cond=57265e97708984140094c3c6,57265e97708984140094c3c6,57265e97708984140094c3c6,True,unlabelled,seed29|sq:9|split__l1|w80|sq:9|cond=57265e97708984140094c3c6,False,75,0.9375,False,3,1.0,1.0,1.0,1.0,1.0,1.0,0.0,0.0,0.0,seed29,split,l1,1.0,False,0.5,29
sq:9,squad_groups,split__l1,80,sq:9|cond=57265e97708984140094c3c6,57265e97708984140094c3c6,57265e97708984140094c3c4,False,unlabelled,seed29|sq:9|split__l1|w80|sq:9|cond=57265e97708984140094c3c6,False,75,0.9375,False,3,0.0,0.0,0.0,0.0,0.0,0.0,0.0,0.0,0.0,seed29,split,l1,1.0,False,0.5,29
sq:9,squad_groups,split__l1,80,sq:9|cond=57265e97708984140094c3c6,57265e97708984140094c3c6,57265e97708984140094c3c5,False,unlabelled,seed29|sq:9|split__l1|w80|sq:9|cond=57265e97708984140094c3c6,False,75,0.9375,False,3,0.0,0.0,1.0,0.0,0.631578947368421,1.0,0.0,0.631578947368421,0.0,seed29,split,l1,1.0,False,0.5,29
sq:9,squad_groups,split__linf,80,sq:9|cond=57265e97708984140094c3c6,57265e97708984140094c3c6,57265e97708984140094c3c3,False,unlabelled,seed29|sq:9|split__linf|w80|sq:9|cond=57265e97708984140094c3c6,False,77,0.9625,False,1,0.0,0.0,0.0,0.0,0.0,0.0,0.0,0.0,0.0,seed29,split,linf,,True,1.0,29
sq:9,squad_groups,split__linf,80,sq:9|cond=57265e97708984140094c3c6,57265e97708984140094c3c6,57265e97708984140094c3c6,True,unlabelled,seed29|sq:9|split__linf|w80|sq:9|cond=57265e97708984140094c3c6,False,77,0.9625,False,1,1.0,1.0,1.0,1.0,1.0,1.0,0.0,0.0,0.0,seed29,split,linf,,True,1.0,29
sq:9,squad_groups,split__linf,80,sq:9|cond=57265e97708984140094c3c6,57265e97708984140094c3c6,57265e97708984140094c3c4,False,unlabelled,seed29|sq:9|split__linf|w80|sq:9|cond=57265e97708984140094c3c6,False,77,0.9625,False,1,0.0,0.0,0.0,0.0,0.0,0.0,0.0,0.0,0.0,seed29,split,linf,,True,1.0,29
sq:9,squad_groups,split__linf,80,sq:9|cond=57265e97708984140094c3c6,57265e97708984140094c3c6,57265e97708984140094c3c5,False,unlabelled,seed29|sq:9|split__linf|w80|sq:9|cond=57265e97708984140094c3c6,False,77,0.9625,False,1,0.0,0.631578947368421,1.0,0.0,0.631578947368421,1.0,0.0,0.0,0.0,seed29,split,linf,,True,1.0,29
sq:9,squad_groups,split__l0,80,sq:9|cond=57265e97708984140094c3c4,57265e97708984140094c3c4,57265e97708984140094c3c3,False,unlabelled,seed29|sq:9|split__l0|w80|sq:9|cond=57265e97708984140094c3c4,False,76,0.95,False,2,1.0,1.0,1.0,0.0,0.0,0.0,-1.0,-1.0,-1.0,seed29,split,l0,0.0,False,0.0,29
sq:9,squad_groups,split__l0,80,sq:9|cond=57265e97708984140094c3c4,57265e97708984140094c3c4,57265e97708984140094c3c6,False,unlabelled,seed29|sq:9|split__l0|w80|sq:9|cond=57265e97708984140094c3c4,False,76,0.95,False,2,1.0,1.0,1.0,1.0,1.0,1.0,0.0,0.0,0.0,seed29,split,l0,0.0,False,0.0,29
sq:9,squad_groups,split__l0,80,sq:9|cond=57265e97708984140094c3c4,57265e97708984140094c3c4,57265e97708984140094c3c4,True,unlabelled,seed29|sq:9|split__l0|w80|sq:9|cond=57265e97708984140094c3c4,False,76,0.95,False,2,0.0,0.5,0.0,0.0,0.0,0.0,0.0,-0.5,0.0,seed29,split,l0,0.0,False,0.0,29
sq:9,squad_groups,split__l0,80,sq:9|cond=57265e97708984140094c3c4,57265e97708984140094c3c4,57265e97708984140094c3c5,False,unlabelled,seed29|sq:9|split__l0|w80|sq:9|cond=57265e97708984140094c3c4,False,76,0.95,False,2,0.0,0.4,0.0,0.0,0.631578947368421,1.0,0.0,0.231578947368421,1.0,seed29,split,l0,0.0,False,0.0,29
sq:9,squad_groups,split__l1,80,sq:9|cond=57265e97708984140094c3c4,57265e97708984140094c3c4,57265e97708984140094c3c3,False,unlabelled,seed29|sq:9|split__l1|w80|sq:9|cond=57265e97708984140094c3c4,False,73,0.9125,False,3,0.0,0.6666666666666666,1.0,0.0,0.0,0.0,0.0,-0.6666666666666666,-1.0,seed29,split,l1,1.0,False,0.5,29
sq:9,squad_groups,split__l1,80,sq:9|cond=57265e97708984140094c3c4,57265e97708984140094c3c4,57265e97708984140094c3c6,False,unlabelled,seed29|sq:9|split__l1|w80|sq:9|cond=57265e97708984140094c3c4,False,73,0.9125,False,3,0.0,0.0,0.0,1.0,1.0,1.0,1.0,1.0,1.0,seed29,split,l1,1.0,False,0.5,29
sq:9,squad_groups,split__l1,80,sq:9|cond=57265e97708984140094c3c4,57265e97708984140094c3c4,57265e97708984140094c3c4,True,unlabelled,seed29|sq:9|split__l1|w80|sq:9|cond=57265e97708984140094c3c4,False,73,0.9125,False,3,0.0,0.0,0.0,0.0,0.0,0.0,0.0,0.0,0.0,seed29,split,l1,1.0,False,0.5,29
sq:9,squad_groups,split__l1,80,sq:9|cond=57265e97708984140094c3c4,57265e97708984140094c3c4,57265e97708984140094c3c5,False,unlabelled,seed29|sq:9|split__l1|w80|sq:9|cond=57265e97708984140094c3c4,False,73,0.9125,False,3,0.0,0.125,1.0,0.0,0.631578947368421,1.0,0.0,0.506578947368421,0.0,seed29,split,l1,1.0,False,0.5,29
sq:9,squad_groups,split__linf,80,sq:9|cond=57265e97708984140094c3c4,57265e97708984140094c3c4,57265e97708984140094c3c3,False,unlabelled,seed29|sq:9|split__linf|w80|sq:9|cond=57265e97708984140094c3c4,False,77,0.9625,False,2,0.0,0.0,0.0,0.0,0.0,0.0,0.0,0.0,0.0,seed29,split,linf,,True,1.0,29
sq:9,squad_groups,split__linf,80,sq:9|cond=57265e97708984140094c3c4,57265e97708984140094c3c4,57265e97708984140094c3c6,False,unlabelled,seed29|sq:9|split__linf|w80|sq:9|cond=57265e97708984140094c3c4,False,77,0.9625,False,2,1.0,1.0,1.0,1.0,1.0,1.0,0.0,0.0,0.0,seed29,split,linf,,True,1.0,29
sq:9,squad_groups,split__linf,80,sq:9|cond=57265e97708984140094c3c4,57265e97708984140094c3c4,57265e97708984140094c3c4,True,unlabelled,seed29|sq:9|split__linf|w80|sq:9|cond=57265e97708984140094c3c4,False,77,0.9625,False,2,0.0,0.0,0.0,0.0,0.0,0.0,0.0,0.0,0.0,seed29,split,linf,,True,1.0,29
sq:9,squad_groups,split__linf,80,sq:9|cond=57265e97708984140094c3c4,57265e97708984140094c3c4,57265e97708984140094c3c5,False,unlabelled,seed29|sq:9|split__linf|w80|sq:9|cond=57265e97708984140094c3c4,False,77,0.9625,False,2,0.0,0.6666666666666666,1.0,0.0,0.631578947368421,1.0,0.0,-0.03508771929824561,0.0,seed29,split,linf,,True,1.0,29
sq:9,squad_groups,split__l0,80,sq:9|cond=57265e97708984140094c3c5,57265e97708984140094c3c5,57265e97708984140094c3c3,False,unlabelled,seed29|sq:9|split__l0|w80|sq:9|cond=57265e97708984140094c3c5,False,69,0.8625,False,1,0.0,0.0,1.0,0.0,0.0,0.0,0.0,0.0,-1.0,seed29,split,l0,0.0,False,0.0,29
sq:9,squad_groups,split__l0,80,sq:9|cond=57265e97708984140094c3c5,57265e97708984140094c3c5,57265e97708984140094c3c6,False,unlabelled,seed29|sq:9|split__l0|w80|sq:9|cond=57265e97708984140094c3c5,False,69,0.8625,False,1,0.0,0.0,0.0,1.0,1.0,1.0,1.0,1.0,1.0,seed29,split,l0,0.0,False,0.0,29
sq:9,squad_groups,split__l0,80,sq:9|cond=57265e97708984140094c3c5,57265e97708984140094c3c5,57265e97708984140094c3c4,False,unlabelled,seed29|sq:9|split__l0|w80|sq:9|cond=57265e97708984140094c3c5,False,69,0.8625,False,1,0.0,0.0,0.0,0.0,0.0,0.0,0.0,0.0,0.0,seed29,split,l0,0.0,False,0.0,29
sq:9,squad_groups,split__l0,80,sq:9|cond=57265e97708984140094c3c5,57265e97708984140094c3c5,57265e97708984140094c3c5,True,unlabelled,seed29|sq:9|split__l0|w80|sq:9|cond=57265e97708984140094c3c5,False,69,0.8625,False,1,0.0,0.761904761904762,1.0,0.0,0.631578947368421,1.0,0.0,-0.13032581453634096,0.0,seed29,split,l0,0.0,False,0.0,29
sq:9,squad_groups,split__l1,80,sq:9|cond=57265e97708984140094c3c5,57265e97708984140094c3c5,57265e97708984140094c3c3,False,unlabelled,seed29|sq:9|split__l1|w80|sq:9|cond=57265e97708984140094c3c5,False,74,0.925,False,3,0.0,0.0,1.0,0.0,0.0,0.0,0.0,0.0,-1.0,seed29,split,l1,1.0,False,0.5,29
sq:9,squad_groups,split__l1,80,sq:9|cond=57265e97708984140094c3c5,57265e97708984140094c3c5,57265e97708984140094c3c6,False,unlabelled,seed29|sq:9|split__l1|w80|sq:9|cond=57265e97708984140094c3c5,False,74,0.925,False,3,1.0,1.0,1.0,1.0,1.0,1.0,0.0,0.0,0.0,seed29,split,l1,1.0,False,0.5,29
sq:9,squad_groups,split__l1,80,sq:9|cond=57265e97708984140094c3c5,57265e97708984140094c3c5,57265e97708984140094c3c4,False,unlabelled,seed29|sq:9|split__l1|w80|sq:9|cond=57265e97708984140094c3c5,False,74,0.925,False,3,0.0,0.0,0.0,0.0,0.0,0.0,0.0,0.0,0.0,seed29,split,l1,1.0,False,0.5,29
sq:9,squad_groups,split__l1,80,sq:9|cond=57265e97708984140094c3c5,57265e97708984140094c3c5,57265e97708984140094c3c5,True,unlabelled,seed29|sq:9|split__l1|w80|sq:9|cond=57265e97708984140094c3c5,False,74,0.925,False,3,0.0,0.7000000000000001,1.0,0.0,0.631578947368421,1.0,0.0,-0.06842105263157905,0.0,seed29,split,l1,1.0,False,0.5,29
sq:9,squad_groups,split__linf,80,sq:9|cond=57265e97708984140094c3c5,57265e97708984140094c3c5,57265e97708984140094c3c3,False,unlabelled,seed29|sq:9|split__linf|w80|sq:9|cond=57265e97708984140094c3c5,False,77,0.9625,False,2,0.0,0.0,1.0,0.0,0.0,0.0,0.0,0.0,-1.0,seed29,split,linf,,True,1.0,29
sq:9,squad_groups,split__linf,80,sq:9|cond=57265e97708984140094c3c5,57265e97708984140094c3c5,57265e97708984140094c3c6,False,unlabelled,seed29|sq:9|split__linf|w80|sq:9|cond=57265e97708984140094c3c5,False,77,0.9625,False,2,1.0,1.0,1.0,1.0,1.0,1.0,0.0,0.0,0.0,seed29,split,linf,,True,1.0,29
sq:9,squad_groups,split__linf,80,sq:9|cond=57265e97708984140094c3c5,57265e97708984140094c3c5,57265e97708984140094c3c4,False,unlabelled,seed29|sq:9|split__linf|w80|sq:9|cond=57265e97708984140094c3c5,False,77,0.9625,False,2,0.0,0.0,0.0,0.0,0.0,0.0,0.0,0.0,0.0,seed29,split,linf,,True,1.0,29
sq:9,squad_groups,split__linf,80,sq:9|cond=57265e97708984140094c3c5,57265e97708984140094c3c5,57265e97708984140094c3c5,True,unlabelled,seed29|sq:9|split__linf|w80|sq:9|cond=57265e97708984140094c3c5,False,77,0.9625,False,2,0.0,0.0,0.0,0.0,0.631578947368421,1.0,0.0,0.631578947368421,1.0,seed29,split,linf,,True,1.0,29
sq:10,squad_groups,split__l0,80,sq:10|cond=572871bd3acd2414000dfa03,572871bd3acd2414000dfa03,572871bd3acd2414000dfa03,True,unlabelled,seed29|sq:10|split__l0|w80|sq:10|cond=572871bd3acd2414000dfa03,False,69,0.8625,False,3,1.0,1.0,1.0,1.0,1.0,1.0,0.0,0.0,0.0,seed29,split,l0,0.0,False,0.0,29
sq:10,squad_groups,split__l0,80,sq:10|cond=572871bd3acd2414000dfa03,572871bd3acd2414000dfa03,572871bd3acd2414000dfa04,False,unlabelled,seed29|sq:10|split__l0|w80|sq:10|cond=572871bd3acd2414000dfa03,False,69,0.8625,False,3,1.0,1.0,1.0,1.0,1.0,1.0,0.0,0.0,0.0,seed29,split,l0,0.0,False,0.0,29
sq:10,squad_groups,split__l0,80,sq:10|cond=572871bd3acd2414000dfa03,572871bd3acd2414000dfa03,572871bd3acd2414000dfa06,False,unlabelled,seed29|sq:10|split__l0|w80|sq:10|cond=572871bd3acd2414000dfa03,False,69,0.8625,False,3,0.0,0.0,0.0,1.0,1.0,1.0,1.0,1.0,1.0,seed29,split,l0,0.0,False,0.0,29
sq:10,squad_groups,split__l0,80,sq:10|cond=572871bd3acd2414000dfa03,572871bd3acd2414000dfa03,572871bd3acd2414000dfa07,False,unlabelled,seed29|sq:10|split__l0|w80|sq:10|cond=572871bd3acd2414000dfa03,False,69,0.8625,False,3,0.0,0.0,0.0,0.0,0.8571428571428571,1.0,0.0,0.8571428571428571,1.0,seed29,split,l0,0.0,False,0.0,29
sq:10,squad_groups,split__l1,80,sq:10|cond=572871bd3acd2414000dfa03,572871bd3acd2414000dfa03,572871bd3acd2414000dfa03,True,unlabelled,seed29|sq:10|split__l1|w80|sq:10|cond=572871bd3acd2414000dfa03,False,73,0.9125,False,7,1.0,1.0,1.0,1.0,1.0,1.0,0.0,0.0,0.0,seed29,split,l1,1.0,False,0.5,29
sq:10,squad_groups,split__l1,80,sq:10|cond=572871bd3acd2414000dfa03,572871bd3acd2414000dfa03,572871bd3acd2414000dfa04,False,unlabelled,seed29|sq:10|split__l1|w80|sq:10|cond=572871bd3acd2414000dfa03,False,73,0.9125,False,7,0.0,0.0,0.0,1.0,1.0,1.0,1.0,1.0,1.0,seed29,split,l1,1.0,False,0.5,29
sq:10,squad_groups,split__l1,80,sq:10|cond=572871bd3acd2414000dfa03,572871bd3acd2414000dfa03,572871bd3acd2414000dfa06,False,unlabelled,seed29|sq:10|split__l1|w80|sq:10|cond=572871bd3acd2414000dfa03,False,73,0.9125,False,7,0.0,0.0,0.0,1.0,1.0,1.0,1.0,1.0,1.0,seed29,split,l1,1.0,False,0.5,29
sq:10,squad_groups,split__l1,80,sq:10|cond=572871bd3acd2414000dfa03,572871bd3acd2414000dfa03,572871bd3acd2414000dfa07,False,unlabelled,seed29|sq:10|split__l1|w80|sq:10|cond=572871bd3acd2414000dfa03,False,73,0.9125,False,7,0.0,0.0,0.0,0.0,0.8571428571428571,1.0,0.0,0.8571428571428571,1.0,seed29,split,l1,1.0,False,0.5,29
sq:10,squad_groups,split__linf,80,sq:10|cond=572871bd3acd2414000dfa03,572871bd3acd2414000dfa03,572871bd3acd2414000dfa03,True,unlabelled,seed29|sq:10|split__linf|w80|sq:10|cond=572871bd3acd2414000dfa03,False,79,0.9875,False,2,1.0,1.0,1.0,1.0,1.0,1.0,0.0,0.0,0.0,seed29,split,linf,,True,1.0,29
sq:10,squad_groups,split__linf,80,sq:10|cond=572871bd3acd2414000dfa03,572871bd3acd2414000dfa03,572871bd3acd2414000dfa04,False,unlabelled,seed29|sq:10|split__linf|w80|sq:10|cond=572871bd3acd2414000dfa03,False,79,0.9875,False,2,0.0,0.0,0.0,1.0,1.0,1.0,1.0,1.0,1.0,seed29,split,linf,,True,1.0,29
sq:10,squad_groups,split__linf,80,sq:10|cond=572871bd3acd2414000dfa03,572871bd3acd2414000dfa03,572871bd3acd2414000dfa06,False,unlabelled,seed29|sq:10|split__linf|w80|sq:10|cond=572871bd3acd2414000dfa03,False,79,0.9875,False,2,0.0,0.0,0.0,1.0,1.0,1.0,1.0,1.0,1.0,seed29,split,linf,,True,1.0,29
sq:10,squad_groups,split__linf,80,sq:10|cond=572871bd3acd2414000dfa03,572871bd3acd2414000dfa03,572871bd3acd2414000dfa07,False,unlabelled,seed29|sq:10|split__linf|w80|sq:10|cond=572871bd3acd2414000dfa03,False,79,0.9875,False,2,0.0,0.8571428571428571,1.0,0.0,0.8571428571428571,1.0,0.0,0.0,0.0,seed29,split,linf,,True,1.0,29
sq:10,squad_groups,split__l0,80,sq:10|cond=572871bd3acd2414000dfa04,572871bd3acd2414000dfa04,572871bd3acd2414000dfa03,False,unlabelled,seed29|sq:10|split__l0|w80|sq:10|cond=572871bd3acd2414000dfa04,False,71,0.8875,False,2,1.0,1.0,1.0,1.0,1.0,1.0,0.0,0.0,0.0,seed29,split,l0,0.0,False,0.0,29
sq:10,squad_groups,split__l0,80,sq:10|cond=572871bd3acd2414000dfa04,572871bd3acd2414000dfa04,572871bd3acd2414000dfa04,True,unlabelled,seed29|sq:10|split__l0|w80|sq:10|cond=572871bd3acd2414000dfa04,False,71,0.8875,False,2,0.0,0.0,0.0,1.0,1.0,1.0,1.0,1.0,1.0,seed29,split,l0,0.0,False,0.0,29
sq:10,squad_groups,split__l0,80,sq:10|cond=572871bd3acd2414000dfa04,572871bd3acd2414000dfa04,572871bd3acd2414000dfa06,False,unlabelled,seed29|sq:10|split__l0|w80|sq:10|cond=572871bd3acd2414000dfa04,False,71,0.8875,False,2,0.0,0.0,1.0,1.0,1.0,1.0,1.0,1.0,0.0,seed29,split,l0,0.0,False,0.0,29
sq:10,squad_groups,split__l0,80,sq:10|cond=572871bd3acd2414000dfa04,572871bd3acd2414000dfa04,572871bd3acd2414000dfa07,False,unlabelled,seed29|sq:10|split__l0|w80|sq:10|cond=572871bd3acd2414000dfa04,False,71,0.8875,False,2,0.0,0.0,0.0,0.0,0.8571428571428571,1.0,0.0,0.8571428571428571,1.0,seed29,split,l0,0.0,False,0.0,29
sq:10,squad_groups,split__l1,80,sq:10|cond=572871bd3acd2414000dfa04,572871bd3acd2414000dfa04,572871bd3acd2414000dfa03,False,unlabelled,seed29|sq:10|split__l1|w80|sq:10|cond=572871bd3acd2414000dfa04,False,73,0.9125,False,4,1.0,1.0,1.0,1.0,1.0,1.0,0.0,0.0,0.0,seed29,split,l1,1.0,False,0.5,29
sq:10,squad_groups,split__l1,80,sq:10|cond=572871bd3acd2414000dfa04,572871bd3acd2414000dfa04,572871bd3acd2414000dfa04,True,unlabelled,seed29|sq:10|split__l1|w80|sq:10|cond=572871bd3acd2414000dfa04,False,73,0.9125,False,4,0.0,0.6666666666666666,1.0,1.0,1.0,1.0,1.0,0.33333333333333337,0.0,seed29,split,l1,1.0,False,0.5,29
sq:10,squad_groups,split__l1,80,sq:10|cond=572871bd3acd2414000dfa04,572871bd3acd2414000dfa04,572871bd3acd2414000dfa06,False,unlabelled,seed29|sq:10|split__l1|w80|sq:10|cond=572871bd3acd2414000dfa04,False,73,0.9125,False,4,0.0,0.0,1.0,1.0,1.0,1.0,1.0,1.0,0.0,seed29,split,l1,1.0,False,0.5,29
sq:10,squad_groups,split__l1,80,sq:10|cond=572871bd3acd2414000dfa04,572871bd3acd2414000dfa04,572871bd3acd2414000dfa07,False,unlabelled,seed29|sq:10|split__l1|w80|sq:10|cond=572871bd3acd2414000dfa04,False,73,0.9125,False,4,0.0,0.0,0.0,0.0,0.8571428571428571,1.0,0.0,0.8571428571428571,1.0,seed29,split,l1,1.0,False,0.5,29
sq:10,squad_groups,split__linf,80,sq:10|cond=572871bd3acd2414000dfa04,572871bd3acd2414000dfa04,572871bd3acd2414000dfa03,False,unlabelled,seed29|sq:10|split__linf|w80|sq:10|cond=572871bd3acd2414000dfa04,False,75,0.9375,False,1,1.0,1.0,1.0,1.0,1.0,1.0,0.0,0.0,0.0,seed29,split,linf,,True,1.0,29
sq:10,squad_groups,split__linf,80,sq:10|cond=572871bd3acd2414000dfa04,572871bd3acd2414000dfa04,572871bd3acd2414000dfa04,True,unlabelled,seed29|sq:10|split__linf|w80|sq:10|cond=572871bd3acd2414000dfa04,False,75,0.9375,False,1,0.0,0.0,0.0,1.0,1.0,1.0,1.0,1.0,1.0,seed29,split,linf,,True,1.0,29
sq:10,squad_groups,split__linf,80,sq:10|cond=572871bd3acd2414000dfa04,572871bd3acd2414000dfa04,572871bd3acd2414000dfa06,False,unlabelled,seed29|sq:10|split__linf|w80|sq:10|cond=572871bd3acd2414000dfa04,False,75,0.9375,False,1,0.0,0.0,0.0,1.0,1.0,1.0,1.0,1.0,1.0,seed29,split,linf,,True,1.0,29
sq:10,squad_groups,split__linf,80,sq:10|cond=572871bd3acd2414000dfa04,572871bd3acd2414000dfa04,572871bd3acd2414000dfa07,False,unlabelled,seed29|sq:10|split__linf|w80|sq:10|cond=572871bd3acd2414000dfa04,False,75,0.9375,False,1,0.0,0.8571428571428571,1.0,0.0,0.8571428571428571,1.0,0.0,0.0,0.0,seed29,split,linf,,True,1.0,29
sq:10,squad_groups,split__l0,80,sq:10|cond=572871bd3acd2414000dfa06,572871bd3acd2414000dfa06,572871bd3acd2414000dfa03,False,unlabelled,seed29|sq:10|split__l0|w80|sq:10|cond=572871bd3acd2414000dfa06,False,70,0.875,False,2,1.0,1.0,1.0,1.0,1.0,1.0,0.0,0.0,0.0,seed29,split,l0,0.0,False,0.0,29
sq:10,squad_groups,split__l0,80,sq:10|cond=572871bd3acd2414000dfa06,572871bd3acd2414000dfa06,572871bd3acd2414000dfa04,False,unlabelled,seed29|sq:10|split__l0|w80|sq:10|cond=572871bd3acd2414000dfa06,False,70,0.875,False,2,0.0,0.0,0.0,1.0,1.0,1.0,1.0,1.0,1.0,seed29,split,l0,0.0,False,0.0,29
sq:10,squad_groups,split__l0,80,sq:10|cond=572871bd3acd2414000dfa06,572871bd3acd2414000dfa06,572871bd3acd2414000dfa06,True,unlabelled,seed29|sq:10|split__l0|w80|sq:10|cond=572871bd3acd2414000dfa06,False,70,0.875,False,2,1.0,1.0,1.0,1.0,1.0,1.0,0.0,0.0,0.0,seed29,split,l0,0.0,False,0.0,29
sq:10,squad_groups,split__l0,80,sq:10|cond=572871bd3acd2414000dfa06,572871bd3acd2414000dfa06,572871bd3acd2414000dfa07,False,unlabelled,seed29|sq:10|split__l0|w80|sq:10|cond=572871bd3acd2414000dfa06,False,70,0.875,False,2,0.0,0.0,0.0,0.0,0.8571428571428571,1.0,0.0,0.8571428571428571,1.0,seed29,split,l0,0.0,False,0.0,29
sq:10,squad_groups,split__l1,80,sq:10|cond=572871bd3acd2414000dfa06,572871bd3acd2414000dfa06,572871bd3acd2414000dfa03,False,unlabelled,seed29|sq:10|split__l1|w80|sq:10|cond=572871bd3acd2414000dfa06,False,70,0.875,False,4,1.0,1.0,1.0,1.0,1.0,1.0,0.0,0.0,0.0,seed29,split,l1,1.0,False,0.5,29
sq:10,squad_groups,split__l1,80,sq:10|cond=572871bd3acd2414000dfa06,572871bd3acd2414000dfa06,572871bd3acd2414000dfa04,False,unlabelled,seed29|sq:10|split__l1|w80|sq:10|cond=572871bd3acd2414000dfa06,False,70,0.875,False,4,0.0,0.0,0.0,1.0,1.0,1.0,1.0,1.0,1.0,seed29,split,l1,1.0,False,0.5,29
sq:10,squad_groups,split__l1,80,sq:10|cond=572871bd3acd2414000dfa06,572871bd3acd2414000dfa06,572871bd3acd2414000dfa06,True,unlabelled,seed29|sq:10|split__l1|w80|sq:10|cond=572871bd3acd2414000dfa06,False,70,0.875,False,4,1.0,1.0,1.0,1.0,1.0,1.0,0.0,0.0,0.0,seed29,split,l1,1.0,False,0.5,29
sq:10,squad_groups,split__l1,80,sq:10|cond=572871bd3acd2414000dfa06,572871bd3acd2414000dfa06,572871bd3acd2414000dfa07,False,unlabelled,seed29|sq:10|split__l1|w80|sq:10|cond=572871bd3acd2414000dfa06,False,70,0.875,False,4,0.0,0.0,0.0,0.0,0.8571428571428571,1.0,0.0,0.8571428571428571,1.0,seed29,split,l1,1.0,False,0.5,29
sq:10,squad_groups,split__linf,80,sq:10|cond=572871bd3acd2414000dfa06,572871bd3acd2414000dfa06,572871bd3acd2414000dfa03,False,unlabelled,seed29|sq:10|split__linf|w80|sq:10|cond=572871bd3acd2414000dfa06,False,69,0.8625,False,1,1.0,1.0,1.0,1.0,1.0,1.0,0.0,0.0,0.0,seed29,split,linf,,True,1.0,29
sq:10,squad_groups,split__linf,80,sq:10|cond=572871bd3acd2414000dfa06,572871bd3acd2414000dfa06,572871bd3acd2414000dfa04,False,unlabelled,seed29|sq:10|split__linf|w80|sq:10|cond=572871bd3acd2414000dfa06,False,69,0.8625,False,1,0.0,0.0,0.0,1.0,1.0,1.0,1.0,1.0,1.0,seed29,split,linf,,True,1.0,29
sq:10,squad_groups,split__linf,80,sq:10|cond=572871bd3acd2414000dfa06,572871bd3acd2414000dfa06,572871bd3acd2414000dfa06,True,unlabelled,seed29|sq:10|split__linf|w80|sq:10|cond=572871bd3acd2414000dfa06,False,69,0.8625,False,1,0.0,0.0,0.0,1.0,1.0,1.0,1.0,1.0,1.0,seed29,split,linf,,True,1.0,29
sq:10,squad_groups,split__linf,80,sq:10|cond=572871bd3acd2414000dfa06,572871bd3acd2414000dfa06,572871bd3acd2414000dfa07,False,unlabelled,seed29|sq:10|split__linf|w80|sq:10|cond=572871bd3acd2414000dfa06,False,69,0.8625,False,1,0.0,0.8571428571428571,1.0,0.0,0.8571428571428571,1.0,0.0,0.0,0.0,seed29,split,linf,,True,1.0,29
sq:10,squad_groups,split__l0,80,sq:10|cond=572871bd3acd2414000dfa07,572871bd3acd2414000dfa07,572871bd3acd2414000dfa03,False,unlabelled,seed29|sq:10|split__l0|w80|sq:10|cond=572871bd3acd2414000dfa07,False,73,0.9125,False,1,0.0,0.0,0.0,1.0,1.0,1.0,1.0,1.0,1.0,seed29,split,l0,0.0,False,0.0,29
sq:10,squad_groups,split__l0,80,sq:10|cond=572871bd3acd2414000dfa07,572871bd3acd2414000dfa07,572871bd3acd2414000dfa04,False,unlabelled,seed29|sq:10|split__l0|w80|sq:10|cond=572871bd3acd2414000dfa07,False,73,0.9125,False,1,0.0,0.0,0.0,1.0,1.0,1.0,1.0,1.0,1.0,seed29,split,l0,0.0,False,0.0,29
sq:10,squad_groups,split__l0,80,sq:10|cond=572871bd3acd2414000dfa07,572871bd3acd2414000dfa07,572871bd3acd2414000dfa06,False,unlabelled,seed29|sq:10|split__l0|w80|sq:10|cond=572871bd3acd2414000dfa07,False,73,0.9125,False,1,0.0,0.0,0.0,1.0,1.0,1.0,1.0,1.0,1.0,seed29,split,l0,0.0,False,0.0,29
sq:10,squad_groups,split__l0,80,sq:10|cond=572871bd3acd2414000dfa07,572871bd3acd2414000dfa07,572871bd3acd2414000dfa07,True,unlabelled,seed29|sq:10|split__l0|w80|sq:10|cond=572871bd3acd2414000dfa07,False,73,0.9125,False,1,0.0,0.8571428571428571,1.0,0.0,0.8571428571428571,1.0,0.0,0.0,0.0,seed29,split,l0,0.0,False,0.0,29
sq:10,squad_groups,split__l1,80,sq:10|cond=572871bd3acd2414000dfa07,572871bd3acd2414000dfa07,572871bd3acd2414000dfa03,False,unlabelled,seed29|sq:10|split__l1|w80|sq:10|cond=572871bd3acd2414000dfa07,False,71,0.8875,False,3,1.0,1.0,1.0,1.0,1.0,1.0,0.0,0.0,0.0,seed29,split,l1,1.0,False,0.5,29
sq:10,squad_groups,split__l1,80,sq:10|cond=572871bd3acd2414000dfa07,572871bd3acd2414000dfa07,572871bd3acd2414000dfa04,False,unlabelled,seed29|sq:10|split__l1|w80|sq:10|cond=572871bd3acd2414000dfa07,False,71,0.8875,False,3,0.0,0.0,0.0,1.0,1.0,1.0,1.0,1.0,1.0,seed29,split,l1,1.0,False,0.5,29
sq:10,squad_groups,split__l1,80,sq:10|cond=572871bd3acd2414000dfa07,572871bd3acd2414000dfa07,572871bd3acd2414000dfa06,False,unlabelled,seed29|sq:10|split__l1|w80|sq:10|cond=572871bd3acd2414000dfa07,False,71,0.8875,False,3,0.0,0.0,0.0,1.0,1.0,1.0,1.0,1.0,1.0,seed29,split,l1,1.0,False,0.5,29
sq:10,squad_groups,split__l1,80,sq:10|cond=572871bd3acd2414000dfa07,572871bd3acd2414000dfa07,572871bd3acd2414000dfa07,True,unlabelled,seed29|sq:10|split__l1|w80|sq:10|cond=572871bd3acd2414000dfa07,False,71,0.8875,False,3,0.0,0.8571428571428571,1.0,0.0,0.8571428571428571,1.0,0.0,0.0,0.0,seed29,split,l1,1.0,False,0.5,29
sq:10,squad_groups,split__linf,80,sq:10|cond=572871bd3acd2414000dfa07,572871bd3acd2414000dfa07,572871bd3acd2414000dfa03,False,unlabelled,seed29|sq:10|split__linf|w80|sq:10|cond=572871bd3acd2414000dfa07,False,77,0.9625,False,1,1.0,1.0,1.0,1.0,1.0,1.0,0.0,0.0,0.0,seed29,split,linf,,True,1.0,29
sq:10,squad_groups,split__linf,80,sq:10|cond=572871bd3acd2414000dfa07,572871bd3acd2414000dfa07,572871bd3acd2414000dfa04,False,unlabelled,seed29|sq:10|split__linf|w80|sq:10|cond=572871bd3acd2414000dfa07,False,77,0.9625,False,1,0.0,0.0,0.0,1.0,1.0,1.0,1.0,1.0,1.0,seed29,split,linf,,True,1.0,29
sq:10,squad_groups,split__linf,80,sq:10|cond=572871bd3acd2414000dfa07,572871bd3acd2414000dfa07,572871bd3acd2414000dfa06,False,unlabelled,seed29|sq:10|split__linf|w80|sq:10|cond=572871bd3acd2414000dfa07,False,77,0.9625,False,1,0.0,0.0,0.0,1.0,1.0,1.0,1.0,1.0,1.0,seed29,split,linf,,True,1.0,29
sq:10,squad_groups,split__linf,80,sq:10|cond=572871bd3acd2414000dfa07,572871bd3acd2414000dfa07,572871bd3acd2414000dfa07,True,unlabelled,seed29|sq:10|split__linf|w80|sq:10|cond=572871bd3acd2414000dfa07,False,77,0.9625,False,1,0.0,0.8571428571428571,1.0,0.0,0.8571428571428571,1.0,0.0,0.0,0.0,seed29,split,linf,,True,1.0,29
sq:11,squad_groups,split__l0,80,sq:11|cond=572a1f086aef0514001552c0,572a1f086aef0514001552c0,572a1f086aef0514001552c0,True,unlabelled,seed29|sq:11|split__l0|w80|sq:11|cond=572a1f086aef0514001552c0,False,65,0.8125,True,4,1.0,1.0,1.0,1.0,1.0,1.0,0.0,0.0,0.0,seed29,split,l0,0.0,False,0.0,29
sq:11,squad_groups,split__l0,80,sq:11|cond=572a1f086aef0514001552c0,572a1f086aef0514001552c0,572a1f086aef0514001552c1,False,unlabelled,seed29|sq:11|split__l0|w80|sq:11|cond=572a1f086aef0514001552c0,False,65,0.8125,True,4,0.0,0.0,0.0,0.0,0.6666666666666666,1.0,0.0,0.6666666666666666,1.0,seed29,split,l0,0.0,False,0.0,29
sq:11,squad_groups,split__l0,80,sq:11|cond=572a1f086aef0514001552c0,572a1f086aef0514001552c0,572a1f086aef0514001552c2,False,unlabelled,seed29|sq:11|split__l0|w80|sq:11|cond=572a1f086aef0514001552c0,False,65,0.8125,True,4,0.0,0.0,1.0,0.0,0.0,0.0,0.0,0.0,-1.0,seed29,split,l0,0.0,False,0.0,29
sq:11,squad_groups,split__l0,80,sq:11|cond=572a1f086aef0514001552c0,572a1f086aef0514001552c0,572a1f086aef0514001552c3,False,unlabelled,seed29|sq:11|split__l0|w80|sq:11|cond=572a1f086aef0514001552c0,False,65,0.8125,True,4,0.0,0.0,0.0,0.0,0.6666666666666666,1.0,0.0,0.6666666666666666,1.0,seed29,split,l0,0.0,False,0.0,29
sq:11,squad_groups,split__l1,80,sq:11|cond=572a1f086aef0514001552c0,572a1f086aef0514001552c0,572a1f086aef0514001552c0,True,unlabelled,seed29|sq:11|split__l1|w80|sq:11|cond=572a1f086aef0514001552c0,False,71,0.8875,False,3,1.0,1.0,1.0,1.0,1.0,1.0,0.0,0.0,0.0,seed29,split,l1,1.0,False,0.5,29
sq:11,squad_groups,split__l1,80,sq:11|cond=572a1f086aef0514001552c0,572a1f086aef0514001552c0,572a1f086aef0514001552c1,False,unlabelled,seed29|sq:11|split__l1|w80|sq:11|cond=572a1f086aef0514001552c0,False,71,0.8875,False,3,0.0,0.0,0.0,0.0,0.6666666666666666,1.0,0.0,0.6666666666666666,1.0,seed29,split,l1,1.0,False,0.5,29
sq:11,squad_groups,split__l1,80,sq:11|cond=572a1f086aef0514001552c0,572a1f086aef0514001552c0,572a1f086aef0514001552c2,False,unlabelled,seed29|sq:11|split__l1|w80|sq:11|cond=572a1f086aef0514001552c0,False,71,0.8875,False,3,1.0,1.0,1.0,0.0,0.0,0.0,-1.0,-1.0,-1.0,seed29,split,l1,1.0,False,0.5,29
sq:11,squad_groups,split__l1,80,sq:11|cond=572a1f086aef0514001552c0,572a1f086aef0514001552c0,572a1f086aef0514001552c3,False,unlabelled,seed29|sq:11|split__l1|w80|sq:11|cond=572a1f086aef0514001552c0,False,71,0.8875,False,3,0.0,0.0,0.0,0.0,0.6666666666666666,1.0,0.0,0.6666666666666666,1.0,seed29,split,l1,1.0,False,0.5,29
sq:11,squad_groups,split__linf,80,sq:11|cond=572a1f086aef0514001552c0,572a1f086aef0514001552c0,572a1f086aef0514001552c0,True,unlabelled,seed29|sq:11|split__linf|w80|sq:11|cond=572a1f086aef0514001552c0,False,79,0.9875,False,1,0.0,0.0,0.0,1.0,1.0,1.0,1.0,1.0,1.0,seed29,split,linf,,True,1.0,29
sq:11,squad_groups,split__linf,80,sq:11|cond=572a1f086aef0514001552c0,572a1f086aef0514001552c0,572a1f086aef0514001552c1,False,unlabelled,seed29|sq:11|split__linf|w80|sq:11|cond=572a1f086aef0514001552c0,False,79,0.9875,False,1,0.0,0.0,0.0,0.0,0.6666666666666666,1.0,0.0,0.6666666666666666,1.0,seed29,split,linf,,True,1.0,29
sq:11,squad_groups,split__linf,80,sq:11|cond=572a1f086aef0514001552c0,572a1f086aef0514001552c0,572a1f086aef0514001552c2,False,unlabelled,seed29|sq:11|split__linf|w80|sq:11|cond=572a1f086aef0514001552c0,False,79,0.9875,False,1,1.0,1.0,1.0,0.0,0.0,0.0,-1.0,-1.0,-1.0,seed29,split,linf,,True,1.0,29
sq:11,squad_groups,split__linf,80,sq:11|cond=572a1f086aef0514001552c0,572a1f086aef0514001552c0,572a1f086aef0514001552c3,False,unlabelled,seed29|sq:11|split__linf|w80|sq:11|cond=572a1f086aef0514001552c0,False,79,0.9875,False,1,0.0,0.5,1.0,0.0,0.6666666666666666,1.0,0.0,0.16666666666666663,0.0,seed29,split,linf,,True,1.0,29
sq:11,squad_groups,split__l0,80,sq:11|cond=572a1f086aef0514001552c1,572a1f086aef0514001552c1,572a1f086aef0514001552c0,False,unlabelled,seed29|sq:11|split__l0|w80|sq:11|cond=572a1f086aef0514001552c1,False,78,0.975,False,1,0.0,0.0,0.0,1.0,1.0,1.0,1.0,1.0,1.0,seed29,split,l0,0.0,False,0.0,29
sq:11,squad_groups,split__l0,80,sq:11|cond=572a1f086aef0514001552c1,572a1f086aef0514001552c1,572a1f086aef0514001552c1,True,unlabelled,seed29|sq:11|split__l0|w80|sq:11|cond=572a1f086aef0514001552c1,False,78,0.975,False,1,0.0,0.6666666666666666,1.0,0.0,0.6666666666666666,1.0,0.0,0.0,0.0,seed29,split,l0,0.0,False,0.0,29
sq:11,squad_groups,split__l0,80,sq:11|cond=572a1f086aef0514001552c1,572a1f086aef0514001552c1,572a1f086aef0514001552c2,False,unlabelled,seed29|sq:11|split__l0|w80|sq:11|cond=572a1f086aef0514001552c1,False,78,0.975,False,1,1.0,1.0,1.0,0.0,0.0,0.0,-1.0,-1.0,-1.0,seed29,split,l0,0.0,False,0.0,29
sq:11,squad_groups,split__l0,80,sq:11|cond=572a1f086aef0514001552c1,572a1f086aef0514001552c1,572a1f086aef0514001552c3,False,unlabelled,seed29|sq:11|split__l0|w80|sq:11|cond=572a1f086aef0514001552c1,False,78,0.975,False,1,0.0,0.5,1.0,0.0,0.6666666666666666,1.0,0.0,0.16666666666666663,0.0,seed29,split,l0,0.0,False,0.0,29
sq:11,squad_groups,split__l1,80,sq:11|cond=572a1f086aef0514001552c1,572a1f086aef0514001552c1,572a1f086aef0514001552c0,False,unlabelled,seed29|sq:11|split__l1|w80|sq:11|cond=572a1f086aef0514001552c1,False,73,0.9125,False,3,0.0,0.0,0.0,1.0,1.0,1.0,1.0,1.0,1.0,seed29,split,l1,1.0,False,0.5,29
sq:11,squad_groups,split__l1,80,sq:11|cond=572a1f086aef0514001552c1,572a1f086aef0514001552c1,572a1f086aef0514001552c1,True,unlabelled,seed29|sq:11|split__l1|w80|sq:11|cond=572a1f086aef0514001552c1,False,73,0.9125,False,3,0.0,0.6666666666666666,1.0,0.0,0.6666666666666666,1.0,0.0,0.0,0.0,seed29,split,l1,1.0,False,0.5,29
sq:11,squad_groups,split__l1,80,sq:11|cond=572a1f086aef0514001552c1,572a1f086aef0514001552c1,572a1f086aef0514001552c2,False,unlabelled,seed29|sq:11|split__l1|w80|sq:11|cond=572a1f086aef0514001552c1,False,73,0.9125,False,3,0.0,0.0,1.0,0.0,0.0,0.0,0.0,0.0,-1.0,seed29,split,l1,1.0,False,0.5,29
sq:11,squad_groups,split__l1,80,sq:11|cond=572a1f086aef0514001552c1,572a1f086aef0514001552c1,572a1f086aef0514001552c3,False,unlabelled,seed29|sq:11|split__l1|w80|sq:11|cond=572a1f086aef0514001552c1,False,73,0.9125,False,3,0.0,0.1818181818181818,1.0,0.0,0.6666666666666666,1.0,0.0,0.48484848484848486,0.0,seed29,split,l1,1.0,False,0.5,29
sq:11,squad_groups,split__linf,80,sq:11|cond=572a1f086aef0514001552c1,572a1f086aef0514001552c1,572a1f086aef0514001552c0,False,unlabelled,seed29|sq:11|split__linf|w80|sq:11|cond=572a1f086aef0514001552c1,False,74,0.925,False,2,0.0,0.0,0.0,1.0,1.0,1.0,1.0,1.0,1.0,seed29,split,linf,,True,1.0,29
sq:11,squad_groups,split__linf,80,sq:11|cond=572a1f086aef0514001552c1,572a1f086aef0514001552c1,572a1f086aef0514001552c1,True,unlabelled,seed29|sq:11|split__linf|w80|sq:11|cond=572a1f086aef0514001552c1,False,74,0.925,False,2,0.0,0.6666666666666666,1.0,0.0,0.6666666666666666,1.0,0.0,0.0,0.0,seed29,split,linf,,True,1.0,29
sq:11,squad_groups,split__linf,80,sq:11|cond=572a1f086aef0514001552c1,572a1f086aef0514001552c1,572a1f086aef0514001552c2,False,unlabelled,seed29|sq:11|split__linf|w80|sq:11|cond=572a1f086aef0514001552c1,False,74,0.925,False,2,1.0,1.0,1.0,0.0,0.0,0.0,-1.0,-1.0,-1.0,seed29,split,linf,,True,1.0,29
sq:11,squad_groups,split__linf,80,sq:11|cond=572a1f086aef0514001552c1,572a1f086aef0514001552c1,572a1f086aef0514001552c3,False,unlabelled,seed29|sq:11|split__linf|w80|sq:11|cond=572a1f086aef0514001552c1,False,74,0.925,False,2,0.0,0.375,1.0,0.0,0.6666666666666666,1.0,0.0,0.29166666666666663,0.0,seed29,split,linf,,True,1.0,29
sq:11,squad_groups,split__l0,80,sq:11|cond=572a1f086aef0514001552c2,572a1f086aef0514001552c2,572a1f086aef0514001552c0,False,unlabelled,seed29|sq:11|split__l0|w80|sq:11|cond=572a1f086aef0514001552c2,False,72,0.9,False,2,0.0,0.0,0.0,1.0,1.0,1.0,1.0,1.0,1.0,seed29,split,l0,0.0,False,0.0,29
sq:11,squad_groups,split__l0,80,sq:11|cond=572a1f086aef0514001552c2,572a1f086aef0514001552c2,572a1f086aef0514001552c1,False,unlabelled,seed29|sq:11|split__l0|w80|sq:11|cond=572a1f086aef0514001552c2,False,72,0.9,False,2,0.0,0.6666666666666666,1.0,0.0,0.6666666666666666,1.0,0.0,0.0,0.0,seed29,split,l0,0.0,False,0.0,29
sq:11,squad_groups,split__l0,80,sq:11|cond=572a1f086aef0514001552c2,572a1f086aef0514001552c2,572a1f086aef0514001552c2,True,unlabelled,seed29|sq:11|split__l0|w80|sq:11|cond=572a1f086aef0514001552c2,False,72,0.9,False,2,1.0,1.0,1.0,0.0,0.0,0.0,-1.0,-1.0,-1.0,seed29,split,l0,0.0,False,0.0,29
sq:11,squad_groups,split__l0,80,sq:11|cond=572a1f086aef0514001552c2,572a1f086aef0514001552c2,572a1f086aef0514001552c3,False,unlabelled,seed29|sq:11|split__l0|w80|sq:11|cond=572a1f086aef0514001552c2,False,72,0.9,False,2,0.0,0.1818181818181818,1.0,0.0,0.6666666666666666,1.0,0.0,0.48484848484848486,0.0,seed29,split,l0,0.0,False,0.0,29
sq:11,squad_groups,split__l1,80,sq:11|cond=572a1f086aef0514001552c2,572a1f086aef0514001552c2,572a1f086aef0514001552c0,False,unlabelled,seed29|sq:11|split__l1|w80|sq:11|cond=572a1f086aef0514001552c2,False,76,0.95,False,4,0.0,0.0,0.0,1.0,1.0,1.0,1.0,1.0,1.0,seed29,split,l1,1.0,False,0.5,29
sq:11,squad_groups,split__l1,80,sq:11|cond=572a1f086aef0514001552c2,572a1f086aef0514001552c2,572a1f086aef0514001552c1,False,unlabelled,seed29|sq:11|split__l1|w80|sq:11|cond=572a1f086aef0514001552c2,False,76,0.95,False,4,1.0,1.0,1.0,0.0,0.6666666666666666,1.0,-1.0,-0.33333333333333337,0.0,seed29,split,l1,1.0,False,0.5,29
sq:11,squad_groups,split__l1,80,sq:11|cond=572a1f086aef0514001552c2,572a1f086aef0514001552c2,572a1f086aef0514001552c2,True,unlabelled,seed29|sq:11|split__l1|w80|sq:11|cond=572a1f086aef0514001552c2,False,76,0.95,False,4,0.0,0.5,1.0,0.0,0.0,0.0,0.0,-0.5,-1.0,seed29,split,l1,1.0,False,0.5,29
sq:11,squad_groups,split__l1,80,sq:11|cond=572a1f086aef0514001552c2,572a1f086aef0514001552c2,572a1f086aef0514001552c3,False,unlabelled,seed29|sq:11|split__l1|w80|sq:11|cond=572a1f086aef0514001552c2,False,76,0.95,False,4,0.0,0.0,0.0,0.0,0.6666666666666666,1.0,0.0,0.6666666666666666,1.0,seed29,split,l1,1.0,False,0.5,29
sq:11,squad_groups,split__linf,80,sq:11|cond=572a1f086aef0514001552c2,572a1f086aef0514001552c2,572a1f086aef0514001552c0,False,unlabelled,seed29|sq:11|split__linf|w80|sq:11|cond=572a1f086aef0514001552c2,False,70,0.875,False,2,0.0,0.0,0.0,1.0,1.0,1.0,1.0,1.0,1.0,seed29,split,linf,,True,1.0,29
sq:11,squad_groups,split__linf,80,sq:11|cond=572a1f086aef0514001552c2,572a1f086aef0514001552c2,572a1f086aef0514001552c1,False,unlabelled,seed29|sq:11|split__linf|w80|sq:11|cond=572a1f086aef0514001552c2,False,70,0.875,False,2,0.0,0.0,0.0,0.0,0.6666666666666666,1.0,0.0,0.6666666666666666,1.0,seed29,split,linf,,True,1.0,29
sq:11,squad_groups,split__linf,80,sq:11|cond=572a1f086aef0514001552c2,572a1f086aef0514001552c2,572a1f086aef0514001552c2,True,unlabelled,seed29|sq:11|split__linf|w80|sq:11|cond=572a1f086aef0514001552c2,False,70,0.875,False,2,1.0,1.0,1.0,0.0,0.0,0.0,-1.0,-1.0,-1.0,seed29,split,linf,,True,1.0,29
sq:11,squad_groups,split__linf,80,sq:11|cond=572a1f086aef0514001552c2,572a1f086aef0514001552c2,572a1f086aef0514001552c3,False,unlabelled,seed29|sq:11|split__linf|w80|sq:11|cond=572a1f086aef0514001552c2,False,70,0.875,False,2,0.0,0.09090909090909093,0.0,0.0,0.6666666666666666,1.0,0.0,0.5757575757575757,1.0,seed29,split,linf,,True,1.0,29
sq:11,squad_groups,split__l0,80,sq:11|cond=572a1f086aef0514001552c3,572a1f086aef0514001552c3,572a1f086aef0514001552c0,False,unlabelled,seed29|sq:11|split__l0|w80|sq:11|cond=572a1f086aef0514001552c3,False,78,0.975,False,2,0.0,0.0,0.0,1.0,1.0,1.0,1.0,1.0,1.0,seed29,split,l0,0.0,False,0.0,29
sq:11,squad_groups,split__l0,80,sq:11|cond=572a1f086aef0514001552c3,572a1f086aef0514001552c3,572a1f086aef0514001552c1,False,unlabelled,seed29|sq:11|split__l0|w80|sq:11|cond=572a1f086aef0514001552c3,False,78,0.975,False,2,1.0,1.0,1.0,0.0,0.6666666666666666,1.0,-1.0,-0.33333333333333337,0.0,seed29,split,l0,0.0,False,0.0,29
sq:11,squad_groups,split__l0,80,sq:11|cond=572a1f086aef0514001552c3,572a1f086aef0514001552c3,572a1f086aef0514001552c2,False,unlabelled,seed29|sq:11|split__l0|w80|sq:11|cond=572a1f086aef0514001552c3,False,78,0.975,False,2,0.0,0.5,1.0,0.0,0.0,0.0,0.0,-0.5,-1.0,seed29,split,l0,0.0,False,0.0,29
sq:11,squad_groups,split__l0,80,sq:11|cond=572a1f086aef0514001552c3,572a1f086aef0514001552c3,572a1f086aef0514001552c3,True,unlabelled,seed29|sq:11|split__l0|w80|sq:11|cond=572a1f086aef0514001552c3,False,78,0.975,False,2,0.0,0.1818181818181818,1.0,0.0,0.6666666666666666,1.0,0.0,0.48484848484848486,0.0,seed29,split,l0,0.0,False,0.0,29
sq:11,squad_groups,split__l1,80,sq:11|cond=572a1f086aef0514001552c3,572a1f086aef0514001552c3,572a1f086aef0514001552c0,False,unlabelled,seed29|sq:11|split__l1|w80|sq:11|cond=572a1f086aef0514001552c3,False,75,0.9375,False,4,0.0,0.0,0.0,1.0,1.0,1.0,1.0,1.0,1.0,seed29,split,l1,1.0,False,0.5,29
sq:11,squad_groups,split__l1,80,sq:11|cond=572a1f086aef0514001552c3,572a1f086aef0514001552c3,572a1f086aef0514001552c1,False,unlabelled,seed29|sq:11|split__l1|w80|sq:11|cond=572a1f086aef0514001552c3,False,75,0.9375,False,4,0.0,0.6666666666666666,1.0,0.0,0.6666666666666666,1.0,0.0,0.0,0.0,seed29,split,l1,1.0,False,0.5,29
sq:11,squad_groups,split__l1,80,sq:11|cond=572a1f086aef0514001552c3,572a1f086aef0514001552c3,572a1f086aef0514001552c2,False,unlabelled,seed29|sq:11|split__l1|w80|sq:11|cond=572a1f086aef0514001552c3,False,75,0.9375,False,4,0.0,0.5,1.0,0.0,0.0,0.0,0.0,-0.5,-1.0,seed29,split,l1,1.0,False,0.5,29
sq:11,squad_groups,split__l1,80,sq:11|cond=572a1f086aef0514001552c3,572a1f086aef0514001552c3,572a1f086aef0514001552c3,True,unlabelled,seed29|sq:11|split__l1|w80|sq:11|cond=572a1f086aef0514001552c3,False,75,0.9375,False,4,0.0,0.2857142857142857,0.0,0.0,0.6666666666666666,1.0,0.0,0.38095238095238093,1.0,seed29,split,l1,1.0,False,0.5,29
sq:11,squad_groups,split__linf,80,sq:11|cond=572a1f086aef0514001552c3,572a1f086aef0514001552c3,572a1f086aef0514001552c0,False,unlabelled,seed29|sq:11|split__linf|w80|sq:11|cond=572a1f086aef0514001552c3,False,80,1.0,False,1,0.0,0.0,0.0,1.0,1.0,1.0,1.0,1.0,1.0,seed29,split,linf,,True,1.0,29
sq:11,squad_groups,split__linf,80,sq:11|cond=572a1f086aef0514001552c3,572a1f086aef0514001552c3,572a1f086aef0514001552c1,False,unlabelled,seed29|sq:11|split__linf|w80|sq:11|cond=572a1f086aef0514001552c3,False,80,1.0,False,1,1.0,1.0,1.0,0.0,0.6666666666666666,1.0,-1.0,-0.33333333333333337,0.0,seed29,split,linf,,True,1.0,29
sq:11,squad_groups,split__linf,80,sq:11|cond=572a1f086aef0514001552c3,572a1f086aef0514001552c3,572a1f086aef0514001552c2,False,unlabelled,seed29|sq:11|split__linf|w80|sq:11|cond=572a1f086aef0514001552c3,False,80,1.0,False,1,1.0,1.0,1.0,0.0,0.0,0.0,-1.0,-1.0,-1.0,seed29,split,linf,,True,1.0,29
sq:11,squad_groups,split__linf,80,sq:11|cond=572a1f086aef0514001552c3,572a1f086aef0514001552c3,572a1f086aef0514001552c3,True,unlabelled,seed29|sq:11|split__linf|w80|sq:11|cond=572a1f086aef0514001552c3,False,80,1.0,False,1,0.0,0.1818181818181818,1.0,0.0,0.6666666666666666,1.0,0.0,0.48484848484848486,0.0,seed29,split,linf,,True,1.0,29
sq:12,squad_groups,split__l0,80,sq:12|cond=573368044776f41900660a29,573368044776f41900660a29,573368044776f41900660a29,True,unlabelled,seed29|sq:12|split__l0|w80|sq:12|cond=573368044776f41900660a29,False,69,0.8625,False,2,0.0,0.6666666666666666,1.0,0.0,0.6666666666666666,1.0,0.0,0.0,0.0,seed29,split,l0,0.0,False,0.0,29
sq:12,squad_groups,split__l0,80,sq:12|cond=573368044776f41900660a29,573368044776f41900660a29,573368044776f41900660a2a,False,unlabelled,seed29|sq:12|split__l0|w80|sq:12|cond=573368044776f41900660a29,False,69,0.8625,False,2,0.0,0.5714285714285715,1.0,1.0,1.0,1.0,1.0,0.4285714285714285,0.0,seed29,split,l0,0.0,False,0.0,29
sq:12,squad_groups,split__l0,80,sq:12|cond=573368044776f41900660a29,573368044776f41900660a29,573368044776f41900660a2b,False,unlabelled,seed29|sq:12|split__l0|w80|sq:12|cond=573368044776f41900660a29,False,69,0.8625,False,2,0.0,0.0,0.0,1.0,1.0,1.0,1.0,1.0,1.0,seed29,split,l0,0.0,False,0.0,29
sq:12,squad_groups,split__l0,80,sq:12|cond=573368044776f41900660a29,573368044776f41900660a29,573368044776f41900660a2c,False,unlabelled,seed29|sq:12|split__l0|w80|sq:12|cond=573368044776f41900660a29,False,69,0.8625,False,2,0.0,0.0,0.0,1.0,1.0,1.0,1.0,1.0,1.0,seed29,split,l0,0.0,False,0.0,29
sq:12,squad_groups,split__l1,80,sq:12|cond=573368044776f41900660a29,573368044776f41900660a29,573368044776f41900660a29,True,unlabelled,seed29|sq:12|split__l1|w80|sq:12|cond=573368044776f41900660a29,False,70,0.875,False,4,0.0,0.6666666666666666,1.0,0.0,0.6666666666666666,1.0,0.0,0.0,0.0,seed29,split,l1,1.0,False,0.5,29
sq:12,squad_groups,split__l1,80,sq:12|cond=573368044776f41900660a29,573368044776f41900660a29,573368044776f41900660a2a,False,unlabelled,seed29|sq:12|split__l1|w80|sq:12|cond=573368044776f41900660a29,False,70,0.875,False,4,0.0,0.0,0.0,1.0,1.0,1.0,1.0,1.0,1.0,seed29,split,l1,1.0,False,0.5,29
sq:12,squad_groups,split__l1,80,sq:12|cond=573368044776f41900660a29,573368044776f41900660a29,573368044776f41900660a2b,False,unlabelled,seed29|sq:12|split__l1|w80|sq:12|cond=573368044776f41900660a29,False,70,0.875,False,4,0.0,0.0,0.0,1.0,1.0,1.0,1.0,1.0,1.0,seed29,split,l1,1.0,False,0.5,29
sq:12,squad_groups,split__l1,80,sq:12|cond=573368044776f41900660a29,573368044776f41900660a29,573368044776f41900660a2c,False,unlabelled,seed29|sq:12|split__l1|w80|sq:12|cond=573368044776f41900660a29,False,70,0.875,False,4,0.0,0.0,0.0,1.0,1.0,1.0,1.0,1.0,1.0,seed29,split,l1,1.0,False,0.5,29
sq:12,squad_groups,split__linf,80,sq:12|cond=573368044776f41900660a29,573368044776f41900660a29,573368044776f41900660a29,True,unlabelled,seed29|sq:12|split__linf|w80|sq:12|cond=573368044776f41900660a29,False,75,0.9375,False,2,0.0,0.6666666666666666,1.0,0.0,0.6666666666666666,1.0,0.0,0.0,0.0,seed29,split,linf,,True,1.0,29
sq:12,squad_groups,split__linf,80,sq:12|cond=573368044776f41900660a29,573368044776f41900660a29,573368044776f41900660a2a,False,unlabelled,seed29|sq:12|split__linf|w80|sq:12|cond=573368044776f41900660a29,False,75,0.9375,False,2,1.0,1.0,1.0,1.0,1.0,1.0,0.0,0.0,0.0,seed29,split,linf,,True,1.0,29
sq:12,squad_groups,split__linf,80,sq:12|cond=573368044776f41900660a29,573368044776f41900660a29,573368044776f41900660a2b,False,unlabelled,seed29|sq:12|split__linf|w80|sq:12|cond=573368044776f41900660a29,False,75,0.9375,False,2,0.0,0.0,0.0,1.0,1.0,1.0,1.0,1.0,1.0,seed29,split,linf,,True,1.0,29
sq:12,squad_groups,split__linf,80,sq:12|cond=573368044776f41900660a29,573368044776f41900660a29,573368044776f41900660a2c,False,unlabelled,seed29|sq:12|split__linf|w80|sq:12|cond=573368044776f41900660a29,False,75,0.9375,False,2,0.0,0.5,0.0,1.0,1.0,1.0,1.0,0.5,1.0,seed29,split,linf,,True,1.0,29
sq:12,squad_groups,split__l0,80,sq:12|cond=573368044776f41900660a2a,573368044776f41900660a2a,573368044776f41900660a29,False,unlabelled,seed29|sq:12|split__l0|w80|sq:12|cond=573368044776f41900660a2a,False,74,0.925,False,2,0.0,0.0,0.0,0.0,0.6666666666666666,1.0,0.0,0.6666666666666666,1.0,seed29,split,l0,0.0,False,0.0,29
sq:12,squad_groups,split__l0,80,sq:12|cond=573368044776f41900660a2a,573368044776f41900660a2a,573368044776f41900660a2a,True,unlabelled,seed29|sq:12|split__l0|w80|sq:12|cond=573368044776f41900660a2a,False,74,0.925,False,2,1.0,1.0,1.0,1.0,1.0,1.0,0.0,0.0,0.0,seed29,split,l0,0.0,False,0.0,29
sq:12,squad_groups,split__l0,80,sq:12|cond=573368044776f41900660a2a,573368044776f41900660a2a,573368044776f41900660a2b,False,unlabelled,seed29|sq:12|split__l0|w80|sq:12|cond=573368044776f41900660a2a,False,74,0.925,False,2,0.0,0.0,0.0,1.0,1.0,1.0,1.0,1.0,1.0,seed29,split,l0,0.0,False,0.0,29
sq:12,squad_groups,split__l0,80,sq:12|cond=573368044776f41900660a2a,573368044776f41900660a2a,573368044776f41900660a2c,False,unlabelled,seed29|sq:12|split__l0|w80|sq:12|cond=573368044776f41900660a2a,False,74,0.925,False,2,0.0,0.0,0.0,1.0,1.0,1.0,1.0,1.0,1.0,seed29,split,l0,0.0,False,0.0,29
sq:12,squad_groups,split__l1,80,sq:12|cond=573368044776f41900660a2a,573368044776f41900660a2a,573368044776f41900660a29,False,unlabelled,seed29|sq:12|split__l1|w80|sq:12|cond=573368044776f41900660a2a,False,78,0.975,False,5,0.0,0.6666666666666666,1.0,0.0,0.6666666666666666,1.0,0.0,0.0,0.0,seed29,split,l1,1.0,False,0.5,29
sq:12,squad_groups,split__l1,80,sq:12|cond=573368044776f41900660a2a,573368044776f41900660a2a,573368044776f41900660a2a,True,unlabelled,seed29|sq:12|split__l1|w80|sq:12|cond=573368044776f41900660a2a,False,78,0.975,False,5,1.0,1.0,1.0,1.0,1.0,1.0,0.0,0.0,0.0,seed29,split,l1,1.0,False,0.5,29
sq:12,squad_groups,split__l1,80,sq:12|cond=573368044776f41900660a2a,573368044776f41900660a2a,573368044776f41900660a2b,False,unlabelled,seed29|sq:12|split__l1|w80|sq:12|cond=573368044776f41900660a2a,False,78,0.975,False,5,1.0,1.0,1.0,1.0,1.0,1.0,0.0,0.0,0.0,seed29,split,l1,1.0,False,0.5,29
sq:12,squad_groups,split__l1,80,sq:12|cond=573368044776f41900660a2a,573368044776f41900660a2a,573368044776f41900660a2c,False,unlabelled,seed29|sq:12|split__l1|w80|sq:12|cond=573368044776f41900660a2a,False,78,0.975,False,5,0.0,0.5,0.0,1.0,1.0,1.0,1.0,0.5,1.0,seed29,split,l1,1.0,False,0.5,29
sq:12,squad_groups,split__linf,80,sq:12|cond=573368044776f41900660a2a,573368044776f41900660a2a,573368044776f41900660a29,False,unlabelled,seed29|sq:12|split__linf|w80|sq:12|cond=573368044776f41900660a2a,False,77,0.9625,False,2,0.0,0.6666666666666666,1.0,0.0,0.6666666666666666,1.0,0.0,0.0,0.0,seed29,split,linf,,True,1.0,29
sq:12,squad_groups,split__linf,80,sq:12|cond=573368044776f41900660a2a,573368044776f41900660a2a,573368044776f41900660a2a,True,unlabelled,seed29|sq:12|split__linf|w80|sq:12|cond=573368044776f41900660a2a,False,77,0.9625,False,2,0.0,0.0,0.0,1.0,1.0,1.0,1.0,1.0,1.0,seed29,split,linf,,True,1.0,29
sq:12,squad_groups,split__linf,80,sq:12|cond=573368044776f41900660a2a,573368044776f41900660a2a,573368044776f41900660a2b,False,unlabelled,seed29|sq:12|split__linf|w80|sq:12|cond=573368044776f41900660a2a,False,77,0.9625,False,2,0.0,0.0,0.0,1.0,1.0,1.0,1.0,1.0,1.0,seed29,split,linf,,True,1.0,29
sq:12,squad_groups,split__linf,80,sq:12|cond=573368044776f41900660a2a,573368044776f41900660a2a,573368044776f41900660a2c,False,unlabelled,seed29|sq:12|split__linf|w80|sq:12|cond=573368044776f41900660a2a,False,77,0.9625,False,2,1.0,1.0,1.0,1.0,1.0,1.0,0.0,0.0,0.0,seed29,split,linf,,True,1.0,29
sq:12,squad_groups,split__l0,80,sq:12|cond=573368044776f41900660a2b,573368044776f41900660a2b,573368044776f41900660a29,False,unlabelled,seed29|sq:12|split__l0|w80|sq:12|cond=573368044776f41900660a2b,False,71,0.8875,False,3,0.0,0.6666666666666666,1.0,0.0,0.6666666666666666,1.0,0.0,0.0,0.0,seed29,split,l0,0.0,False,0.0,29
sq:12,squad_groups,split__l0,80,sq:12|cond=573368044776f41900660a2b,573368044776f41900660a2b,573368044776f41900660a2a,False,unlabelled,seed29|sq:12|split__l0|w80|sq:12|cond=573368044776f41900660a2b,False,71,0.8875,False,3,0.0,0.0,0.0,1.0,1.0,1.0,1.0,1.0,1.0,seed29,split,l0,0.0,False,0.0,29
sq:12,squad_groups,split__l0,80,sq:12|cond=573368044776f41900660a2b,573368044776f41900660a2b,573368044776f41900660a2b,True,unlabelled,seed29|sq:12|split__l0|w80|sq:12|cond=573368044776f41900660a2b,False,71,0.8875,False,3,1.0,1.0,1.0,1.0,1.0,1.0,0.0,0.0,0.0,seed29,split,l0,0.0,False,0.0,29
sq:12,squad_groups,split__l0,80,sq:12|cond=573368044776f41900660a2b,573368044776f41900660a2b,573368044776f41900660a2c,False,unlabelled,seed29|sq:12|split__l0|w80|sq:12|cond=573368044776f41900660a2b,False,71,0.8875,False,3,0.0,0.0,0.0,1.0,1.0,1.0,1.0,1.0,1.0,seed29,split,l0,0.0,False,0.0,29
sq:12,squad_groups,split__l1,80,sq:12|cond=573368044776f41900660a2b,573368044776f41900660a2b,573368044776f41900660a29,False,unlabelled,seed29|sq:12|split__l1|w80|sq:12|cond=573368044776f41900660a2b,False,77,0.9625,False,4,0.0,0.6666666666666666,1.0,0.0,0.6666666666666666,1.0,0.0,0.0,0.0,seed29,split,l1,1.0,False,0.5,29
sq:12,squad_groups,split__l1,80,sq:12|cond=573368044776f41900660a2b,573368044776f41900660a2b,573368044776f41900660a2a,False,unlabelled,seed29|sq:12|split__l1|w80|sq:12|cond=573368044776f41900660a2b,False,77,0.9625,False,4,0.0,0.0,0.0,1.0,1.0,1.0,1.0,1.0,1.0,seed29,split,l1,1.0,False,0.5,29
sq:12,squad_groups,split__l1,80,sq:12|cond=573368044776f41900660a2b,573368044776f41900660a2b,573368044776f41900660a2b,True,unlabelled,seed29|sq:12|split__l1|w80|sq:12|cond=573368044776f41900660a2b,False,77,0.9625,False,4,1.0,1.0,1.0,1.0,1.0,1.0,0.0,0.0,0.0,seed29,split,l1,1.0,False,0.5,29
sq:12,squad_groups,split__l1,80,sq:12|cond=573368044776f41900660a2b,573368044776f41900660a2b,573368044776f41900660a2c,False,unlabelled,seed29|sq:12|split__l1|w80|sq:12|cond=573368044776f41900660a2b,False,77,0.9625,False,4,0.0,0.0,0.0,1.0,1.0,1.0,1.0,1.0,1.0,seed29,split,l1,1.0,False,0.5,29
sq:12,squad_groups,split__linf,80,sq:12|cond=573368044776f41900660a2b,573368044776f41900660a2b,573368044776f41900660a29,False,unlabelled,seed29|sq:12|split__linf|w80|sq:12|cond=573368044776f41900660a2b,False,76,0.95,False,2,0.0,0.6666666666666666,1.0,0.0,0.6666666666666666,1.0,0.0,0.0,0.0,seed29,split,linf,,True,1.0,29
sq:12,squad_groups,split__linf,80,sq:12|cond=573368044776f41900660a2b,573368044776f41900660a2b,573368044776f41900660a2a,False,unlabelled,seed29|sq:12|split__linf|w80|sq:12|cond=573368044776f41900660a2b,False,76,0.95,False,2,1.0,1.0,1.0,1.0,1.0,1.0,0.0,0.0,0.0,seed29,split,linf,,True,1.0,29
sq:12,squad_groups,split__linf,80,sq:12|cond=573368044776f41900660a2b,573368044776f41900660a2b,573368044776f41900660a2b,True,unlabelled,seed29|sq:12|split__linf|w80|sq:12|cond=573368044776f41900660a2b,False,76,0.95,False,2,0.0,0.0,0.0,1.0,1.0,1.0,1.0,1.0,1.0,seed29,split,linf,,True,1.0,29
sq:12,squad_groups,split__linf,80,sq:12|cond=573368044776f41900660a2b,573368044776f41900660a2b,573368044776f41900660a2c,False,unlabelled,seed29|sq:12|split__linf|w80|sq:12|cond=573368044776f41900660a2b,False,76,0.95,False,2,0.0,0.0,0.0,1.0,1.0,1.0,1.0,1.0,1.0,seed29,split,linf,,True,1.0,29
sq:12,squad_groups,split__l0,80,sq:12|cond=573368044776f41900660a2c,573368044776f41900660a2c,573368044776f41900660a29,False,unlabelled,seed29|sq:12|split__l0|w80|sq:12|cond=573368044776f41900660a2c,False,75,0.9375,False,4,0.0,0.6666666666666666,1.0,0.0,0.6666666666666666,1.0,0.0,0.0,0.0,seed29,split,l0,0.0,False,0.0,29
sq:12,squad_groups,split__l0,80,sq:12|cond=573368044776f41900660a2c,573368044776f41900660a2c,573368044776f41900660a2a,False,unlabelled,seed29|sq:12|split__l0|w80|sq:12|cond=573368044776f41900660a2c,False,75,0.9375,False,4,0.0,0.0,0.0,1.0,1.0,1.0,1.0,1.0,1.0,seed29,split,l0,0.0,False,0.0,29
sq:12,squad_groups,split__l0,80,sq:12|cond=573368044776f41900660a2c,573368044776f41900660a2c,573368044776f41900660a2b,False,unlabelled,seed29|sq:12|split__l0|w80|sq:12|cond=573368044776f41900660a2c,False,75,0.9375,False,4,0.0,0.0,1.0,1.0,1.0,1.0,1.0,1.0,0.0,seed29,split,l0,0.0,False,0.0,29
sq:12,squad_groups,split__l0,80,sq:12|cond=573368044776f41900660a2c,573368044776f41900660a2c,573368044776f41900660a2c,True,unlabelled,seed29|sq:12|split__l0|w80|sq:12|cond=573368044776f41900660a2c,False,75,0.9375,False,4,1.0,1.0,1.0,1.0,1.0,1.0,0.0,0.0,0.0,seed29,split,l0,0.0,False,0.0,29
sq:12,squad_groups,split__l1,80,sq:12|cond=573368044776f41900660a2c,573368044776f41900660a2c,573368044776f41900660a29,False,unlabelled,seed29|sq:12|split__l1|w80|sq:12|cond=573368044776f41900660a2c,False,77,0.9625,False,6,0.0,0.6666666666666666,1.0,0.0,0.6666666666666666,1.0,0.0,0.0,0.0,seed29,split,l1,1.0,False,0.5,29
sq:12,squad_groups,split__l1,80,sq:12|cond=573368044776f41900660a2c,573368044776f41900660a2c,573368044776f41900660a2a,False,unlabelled,seed29|sq:12|split__l1|w80|sq:12|cond=573368044776f41900660a2c,False,77,0.9625,False,6,0.0,0.0,0.0,1.0,1.0,1.0,1.0,1.0,1.0,seed29,split,l1,1.0,False,0.5,29
sq:12,squad_groups,split__l1,80,sq:12|cond=573368044776f41900660a2c,573368044776f41900660a2c,573368044776f41900660a2b,False,unlabelled,seed29|sq:12|split__l1|w80|sq:12|cond=573368044776f41900660a2c,False,77,0.9625,False,6,0.0,0.0,0.0,1.0,1.0,1.0,1.0,1.0,1.0,seed29,split,l1,1.0,False,0.5,29
sq:12,squad_groups,split__l1,80,sq:12|cond=573368044776f41900660a2c,573368044776f41900660a2c,573368044776f41900660a2c,True,unlabelled,seed29|sq:12|split__l1|w80|sq:12|cond=573368044776f41900660a2c,False,77,0.9625,False,6,1.0,1.0,1.0,1.0,1.0,1.0,0.0,0.0,0.0,seed29,split,l1,1.0,False,0.5,29
sq:12,squad_groups,split__linf,80,sq:12|cond=573368044776f41900660a2c,573368044776f41900660a2c,573368044776f41900660a29,False,unlabelled,seed29|sq:12|split__linf|w80|sq:12|cond=573368044776f41900660a2c,False,69,0.8625,False,1,0.0,0.6666666666666666,1.0,0.0,0.6666666666666666,1.0,0.0,0.0,0.0,seed29,split,linf,,True,1.0,29
sq:12,squad_groups,split__linf,80,sq:12|cond=573368044776f41900660a2c,573368044776f41900660a2c,573368044776f41900660a2a,False,unlabelled,seed29|sq:12|split__linf|w80|sq:12|cond=573368044776f41900660a2c,False,69,0.8625,False,1,1.0,1.0,1.0,1.0,1.0,1.0,0.0,0.0,0.0,seed29,split,linf,,True,1.0,29
sq:12,squad_groups,split__linf,80,sq:12|cond=573368044776f41900660a2c,573368044776f41900660a2c,573368044776f41900660a2b,False,unlabelled,seed29|sq:12|split__linf|w80|sq:12|cond=573368044776f41900660a2c,False,69,0.8625,False,1,0.0,0.0,0.0,1.0,1.0,1.0,1.0,1.0,1.0,seed29,split,linf,,True,1.0,29
sq:12,squad_groups,split__linf,80,sq:12|cond=573368044776f41900660a2c,573368044776f41900660a2c,573368044776f41900660a2c,True,unlabelled,seed29|sq:12|split__linf|w80|sq:12|cond=573368044776f41900660a2c,False,69,0.8625,False,1,0.0,0.5,0.0,1.0,1.0,1.0,1.0,0.5,1.0,seed29,split,linf,,True,1.0,29
sq:13,squad_groups,split__l0,80,sq:13|cond=57300580b2c2fd140056874d,57300580b2c2fd140056874d,57300580b2c2fd140056874d,True,unlabelled,seed29|sq:13|split__l0|w80|sq:13|cond=57300580b2c2fd140056874d,False,72,0.9,False,2,0.0,0.0,0.0,0.0,0.0,0.0,0.0,0.0,0.0,seed29,split,l0,0.0,False,0.0,29
sq:13,squad_groups,split__l0,80,sq:13|cond=57300580b2c2fd140056874d,57300580b2c2fd140056874d,57300580b2c2fd140056874f,False,unlabelled,seed29|sq:13|split__l0|w80|sq:13|cond=57300580b2c2fd140056874d,False,72,0.9,False,2,0.0,0.0,0.0,0.0,0.4,1.0,0.0,0.4,1.0,seed29,split,l0,0.0,False,0.0,29
sq:13,squad_groups,split__l0,80,sq:13|cond=57300580b2c2fd140056874d,57300580b2c2fd140056874d,57300580b2c2fd1400568751,False,unlabelled,seed29|sq:13|split__l0|w80|sq:13|cond=57300580b2c2fd140056874d,False,72,0.9,False,2,0.0,0.6666666666666666,1.0,1.0,1.0,1.0,1.0,0.33333333333333337,0.0,seed29,split,l0,0.0,False,0.0,29
sq:13,squad_groups,split__l0,80,sq:13|cond=57300580b2c2fd140056874d,57300580b2c2fd140056874d,57300580b2c2fd1400568750,False,unlabelled,seed29|sq:13|split__l0|w80|sq:13|cond=57300580b2c2fd140056874d,False,72,0.9,False,2,1.0,1.0,1.0,1.0,1.0,1.0,0.0,0.0,0.0,seed29,split,l0,0.0,False,0.0,29
sq:13,squad_groups,split__l1,80,sq:13|cond=57300580b2c2fd140056874d,57300580b2c2fd140056874d,57300580b2c2fd140056874d,True,unlabelled,seed29|sq:13|split__l1|w80|sq:13|cond=57300580b2c2fd140056874d,False,76,0.95,False,4,0.0,0.0,0.0,0.0,0.0,0.0,0.0,0.0,0.0,seed29,split,l1,1.0,False,0.5,29
sq:13,squad_groups,split__l1,80,sq:13|cond=57300580b2c2fd140056874d,57300580b2c2fd140056874d,57300580b2c2fd140056874f,False,unlabelled,seed29|sq:13|split__l1|w80|sq:13|cond=57300580b2c2fd140056874d,False,76,0.95,False,4,0.0,0.0,0.0,0.0,0.4,1.0,0.0,0.4,1.0,seed29,split,l1,1.0,False,0.5,29
sq:13,squad_groups,split__l1,80,sq:13|cond=57300580b2c2fd140056874d,57300580b2c2fd140056874d,57300580b2c2fd1400568751,False,unlabelled,seed29|sq:13|split__l1|w80|sq:13|cond=57300580b2c2fd140056874d,False,76,0.95,False,4,0.0,0.6666666666666666,1.0,1.0,1.0,1.0,1.0,0.33333333333333337,0.0,seed29,split,l1,1.0,False,0.5,29
sq:13,squad_groups,split__l1,80,sq:13|cond=57300580b2c2fd140056874d,57300580b2c2fd140056874d,57300580b2c2fd1400568750,False,unlabelled,seed29|sq:13|split__l1|w80|sq:13|cond=57300580b2c2fd140056874d,False,76,0.95,False,4,1.0,1.0,1.0,1.0,1.0,1.0,0.0,0.0,0.0,seed29,split,l1,1.0,False,0.5,29
sq:13,squad_groups,split__linf,80,sq:13|cond=57300580b2c2fd140056874d,57300580b2c2fd140056874d,57300580b2c2fd140056874d,True,unlabelled,seed29|sq:13|split__linf|w80|sq:13|cond=57300580b2c2fd140056874d,False,75,0.9375,False,2,0.0,0.0,0.0,0.0,0.0,0.0,0.0,0.0,0.0,seed29,split,linf,,True,1.0,29
sq:13,squad_groups,split__linf,80,sq:13|cond=57300580b2c2fd140056874d,57300580b2c2fd140056874d,57300580b2c2fd140056874f,False,unlabelled,seed29|sq:13|split__linf|w80|sq:13|cond=57300580b2c2fd140056874d,False,75,0.9375,False,2,0.0,0.0,0.0,0.0,0.4,1.0,0.0,0.4,1.0,seed29,split,linf,,True,1.0,29
sq:13,squad_groups,split__linf,80,sq:13|cond=57300580b2c2fd140056874d,57300580b2c2fd140056874d,57300580b2c2fd1400568751,False,unlabelled,seed29|sq:13|split__linf|w80|sq:13|cond=57300580b2c2fd140056874d,False,75,0.9375,False,2,0.0,0.6666666666666666,1.0,1.0,1.0,1.0,1.0,0.33333333333333337,0.0,seed29,split,linf,,True,1.0,29
sq:13,squad_groups,split__linf,80,sq:13|cond=57300580b2c2fd140056874d,57300580b2c2fd140056874d,57300580b2c2fd1400568750,False,unlabelled,seed29|sq:13|split__linf|w80|sq:13|cond=57300580b2c2fd140056874d,False,75,0.9375,False,2,1.0,1.0,1.0,1.0,1.0,1.0,0.0,0.0,0.0,seed29,split,linf,,True,1.0,29
sq:13,squad_groups,split__l0,80,sq:13|cond=57300580b2c2fd140056874f,57300580b2c2fd140056874f,57300580b2c2fd140056874d,False,unlabelled,seed29|sq:13|split__l0|w80|sq:13|cond=57300580b2c2fd140056874f,False,77,0.9625,False,2,0.0,0.0,0.0,0.0,0.0,0.0,0.0,0.0,0.0,seed29,split,l0,0.0,False,0.0,29
sq:13,squad_groups,split__l0,80,sq:13|cond=57300580b2c2fd140056874f,57300580b2c2fd140056874f,57300580b2c2fd140056874f,True,unlabelled,seed29|sq:13|split__l0|w80|sq:13|cond=57300580b2c2fd140056874f,False,77,0.9625,False,2,0.0,0.4,1.0,0.0,0.4,1.0,0.0,0.0,0.0,seed29,split,l0,0.0,False,0.0,29
sq:13,squad_groups,split__l0,80,sq:13|cond=57300580b2c2fd140056874f,57300580b2c2fd140056874f,57300580b2c2fd1400568751,False,unlabelled,seed29|sq:13|split__l0|w80|sq:13|cond=57300580b2c2fd140056874f,False,77,0.9625,False,2,0.0,0.6666666666666666,1.0,1.0,1.0,1.0,1.0,0.33333333333333337,0.0,seed29,split,l0,0.0,False,0.0,29
sq:13,squad_groups,split__l0,80,sq:13|cond=57300580b2c2fd140056874f,57300580b2c2fd140056874f,57300580b2c2fd1400568750,False,unlabelled,seed29|sq:13|split__l0|w80|sq:13|cond=57300580b2c2fd140056874f,False,77,0.9625,False,2,1.0,1.0,1.0,1.0,1.0,1.0,0.0,0.0,0.0,seed29,split,l0,0.0,False,0.0,29
sq:13,squad_groups,split__l1,80,sq:13|cond=57300580b2c2fd140056874f,57300580b2c2fd140056874f,57300580b2c2fd140056874d,False,unlabelled,seed29|sq:13|split__l1|w80|sq:13|cond=57300580b2c2fd140056874f,False,76,0.95,False,3,0.0,0.0,0.0,0.0,0.0,0.0,0.0,0.0,0.0,seed29,split,l1,1.0,False,0.5,29
sq:13,squad_groups,split__l1,80,sq:13|cond=57300580b2c2fd140056874f,57300580b2c2fd140056874f,57300580b2c2fd140056874f,True,unlabelled,seed29|sq:13|split__l1|w80|sq:13|cond=57300580b2c2fd140056874f,False,76,0.95,False,3,0.0,0.4,1.0,0.0,0.4,1.0,0.0,0.0,0.0,seed29,split,l1,1.0,False,0.5,29
sq:13,squad_groups,split__l1,80,sq:13|cond=57300580b2c2fd140056874f,57300580b2c2fd140056874f,57300580b2c2fd1400568751,False,unlabelled,seed29|sq:13|split__l1|w80|sq:13|cond=57300580b2c2fd140056874f,False,76,0.95,False,3,0.0,0.0,0.0,1.0,1.0,1.0,1.0,1.0,1.0,seed29,split,l1,1.0,False,0.5,29
sq:13,squad_groups,split__l1,80,sq:13|cond=57300580b2c2fd140056874f,57300580b2c2fd140056874f,57300580b2c2fd1400568750,False,unlabelled,seed29|sq:13|split__l1|w80|sq:13|cond=57300580b2c2fd140056874f,False,76,0.95,False,3,1.0,1.0,1.0,1.0,1.0,1.0,0.0,0.0,0.0,seed29,split,l1,1.0,False,0.5,29
sq:13,squad_groups,split__linf,80,sq:13|cond=57300580b2c2fd140056874f,57300580b2c2fd140056874f,57300580b2c2fd140056874d,False,unlabelled,seed29|sq:13|split__linf|w80|sq:13|cond=57300580b2c2fd140056874f,False,70,0.875,False,1,1.0,1.0,1.0,0.0,0.0,0.0,-1.0,-1.0,-1.0,seed29,split,linf,,True,1.0,29
sq:13,squad_groups,split__linf,80,sq:13|cond=57300580b2c2fd140056874f,57300580b2c2fd140056874f,57300580b2c2fd140056874f,True,unlabelled,seed29|sq:13|split__linf|w80|sq:13|cond=57300580b2c2fd140056874f,False,70,0.875,False,1,0.0,0.4,1.0,0.0,0.4,1.0,0.0,0.0,0.0,seed29,split,linf,,True,1.0,29
sq:13,squad_groups,split__linf,80,sq:13|cond=57300580b2c2fd140056874f,57300580b2c2fd140056874f,57300580b2c2fd1400568751,False,unlabelled,seed29|sq:13|split__linf|w80|sq:13|cond=57300580b2c2fd140056874f,False,70,0.875,False,1,0.0,0.0,0.0,1.0,1.0,1.0,1.0,1.0,1.0,seed29,split,linf,,True,1.0,29
sq:13,squad_groups,split__linf,80,sq:13|cond=57300580b2c2fd140056874f,57300580b2c2fd140056874f,57300580b2c2fd1400568750,False,unlabelled,seed29|sq:13|split__linf|w80|sq:13|cond=57300580b2c2fd140056874f,False,70,0.875,False,1,1.0,1.0,1.0,1.0,1.0,1.0,0.0,0.0,0.0,seed29,split,linf,,True,1.0,29
sq:13,squad_groups,split__l0,80,sq:13|cond=57300580b2c2fd1400568751,57300580b2c2fd1400568751,57300580b2c2fd140056874d,False,unlabelled,seed29|sq:13|split__l0|w80|sq:13|cond=57300580b2c2fd1400568751,False,75,0.9375,False,2,0.0,0.0,0.0,0.0,0.0,0.0,0.0,0.0,0.0,seed29,split,l0,0.0,False,0.0,29
sq:13,squad_groups,split__l0,80,sq:13|cond=57300580b2c2fd1400568751,57300580b2c2fd1400568751,57300580b2c2fd140056874f,False,unlabelled,seed29|sq:13|split__l0|w80|sq:13|cond=57300580b2c2fd1400568751,False,75,0.9375,False,2,0.0,0.0,0.0,0.0,0.4,1.0,0.0,0.4,1.0,seed29,split,l0,0.0,False,0.0,29
sq:13,squad_groups,split__l0,80,sq:13|cond=57300580b2c2fd1400568751,57300580b2c2fd1400568751,57300580b2c2fd1400568751,True,unlabelled,seed29|sq:13|split__l0|w80|sq:13|cond=57300580b2c2fd1400568751,False,75,0.9375,False,2,0.0,0.6666666666666666,1.0,1.0,1.0,1.0,1.0,0.33333333333333337,0.0,seed29,split,l0,0.0,False,0.0,29
sq:13,squad_groups,split__l0,80,sq:13|cond=57300580b2c2fd1400568751,57300580b2c2fd1400568751,57300580b2c2fd1400568750,False,unlabelled,seed29|sq:13|split__l0|w80|sq:13|cond=57300580b2c2fd1400568751,False,75,0.9375,False,2,0.0,0.0,0.0,1.0,1.0,1.0,1.0,1.0,1.0,seed29,split,l0,0.0,False,0.0,29
sq:13,squad_groups,split__l1,80,sq:13|cond=57300580b2c2fd1400568751,57300580b2c2fd1400568751,57300580b2c2fd140056874d,False,unlabelled,seed29|sq:13|split__l1|w80|sq:13|cond=57300580b2c2fd1400568751,False,77,0.9625,False,4,0.0,0.0,0.0,0.0,0.0,0.0,0.0,0.0,0.0,seed29,split,l1,1.0,False,0.5,29
sq:13,squad_groups,split__l1,80,sq:13|cond=57300580b2c2fd1400568751,57300580b2c2fd1400568751,57300580b2c2fd140056874f,False,unlabelled,seed29|sq:13|split__l1|w80|sq:13|cond=57300580b2c2fd1400568751,False,77,0.9625,False,4,0.0,0.0,0.0,0.0,0.4,1.0,0.0,0.4,1.0,seed29,split,l1,1.0,False,0.5,29
sq:13,squad_groups,split__l1,80,sq:13|cond=57300580b2c2fd1400568751,57300580b2c2fd1400568751,57300580b2c2fd1400568751,True,unlabelled,seed29|sq:13|split__l1|w80|sq:13|cond=57300580b2c2fd1400568751,False,77,0.9625,False,4,0.0,0.6666666666666666,1.0,1.0,1.0,1.0,1.0,0.33333333333333337,0.0,seed29,split,l1,1.0,False,0.5,29
sq:13,squad_groups,split__l1,80,sq:13|cond=57300580b2c2fd1400568751,57300580b2c2fd1400568751,57300580b2c2fd1400568750,False,unlabelled,seed29|sq:13|split__l1|w80|sq:13|cond=57300580b2c2fd1400568751,False,77,0.9625,False,4,0.0,0.0,0.0,1.0,1.0,1.0,1.0,1.0,1.0,seed29,split,l1,1.0,False,0.5,29
sq:13,squad_groups,split__linf,80,sq:13|cond=57300580b2c2fd1400568751,57300580b2c2fd1400568751,57300580b2c2fd140056874d,False,unlabelled,seed29|sq:13|split__linf|w80|sq:13|cond=57300580b2c2fd1400568751,False,73,0.9125,False,3,1.0,1.0,1.0,0.0,0.0,0.0,-1.0,-1.0,-1.0,seed29,split,linf,,True,1.0,29
sq:13,squad_groups,split__linf,80,sq:13|cond=57300580b2c2fd1400568751,57300580b2c2fd1400568751,57300580b2c2fd140056874f,False,unlabelled,seed29|sq:13|split__linf|w80|sq:13|cond=57300580b2c2fd1400568751,False,73,0.9125,False,3,0.0,0.0,0.0,0.0,0.4,1.0,0.0,0.4,1.0,seed29,split,linf,,True,1.0,29
sq:13,squad_groups,split__linf,80,sq:13|cond=57300580b2c2fd1400568751,57300580b2c2fd1400568751,57300580b2c2fd1400568751,True,unlabelled,seed29|sq:13|split__linf|w80|sq:13|cond=57300580b2c2fd1400568751,False,73,0.9125,False,3,0.0,0.0,0.0,1.0,1.0,1.0,1.0,1.0,1.0,seed29,split,linf,,True,1.0,29
sq:13,squad_groups,split__linf,80,sq:13|cond=57300580b2c2fd1400568751,57300580b2c2fd1400568751,57300580b2c2fd1400568750,False,unlabelled,seed29|sq:13|split__linf|w80|sq:13|cond=57300580b2c2fd1400568751,False,73,0.9125,False,3,1.0,1.0,1.0,1.0,1.0,1.0,0.0,0.0,0.0,seed29,split,linf,,True,1.0,29
sq:13,squad_groups,split__l0,80,sq:13|cond=57300580b2c2fd1400568750,57300580b2c2fd1400568750,57300580b2c2fd140056874d,False,unlabelled,seed29|sq:13|split__l0|w80|sq:13|cond=57300580b2c2fd1400568750,False,74,0.925,False,3,0.0,0.0,0.0,0.0,0.0,0.0,0.0,0.0,0.0,seed29,split,l0,0.0,False,0.0,29
sq:13,squad_groups,split__l0,80,sq:13|cond=57300580b2c2fd1400568750,57300580b2c2fd1400568750,57300580b2c2fd140056874f,False,unlabelled,seed29|sq:13|split__l0|w80|sq:13|cond=57300580b2c2fd1400568750,False,74,0.925,False,3,0.0,0.4,1.0,0.0,0.4,1.0,0.0,0.0,0.0,seed29,split,l0,0.0,False,0.0,29
sq:13,squad_groups,split__l0,80,sq:13|cond=57300580b2c2fd1400568750,57300580b2c2fd1400568750,57300580b2c2fd1400568751,False,unlabelled,seed29|sq:13|split__l0|w80|sq:13|cond=57300580b2c2fd1400568750,False,74,0.925,False,3,0.0,0.0,0.0,1.0,1.0,1.0,1.0,1.0,1.0,seed29,split,l0,0.0,False,0.0,29
sq:13,squad_groups,split__l0,80,sq:13|cond=57300580b2c2fd1400568750,57300580b2c2fd1400568750,57300580b2c2fd1400568750,True,unlabelled,seed29|sq:13|split__l0|w80|sq:13|cond=57300580b2c2fd1400568750,False,74,0.925,False,3,1.0,1.0,1.0,1.0,1.0,1.0,0.0,0.0,0.0,seed29,split,l0,0.0,False,0.0,29
sq:13,squad_groups,split__l1,80,sq:13|cond=57300580b2c2fd1400568750,57300580b2c2fd1400568750,57300580b2c2fd140056874d,False,unlabelled,seed29|sq:13|split__l1|w80|sq:13|cond=57300580b2c2fd1400568750,False,74,0.925,False,5,1.0,1.0,1.0,0.0,0.0,0.0,-1.0,-1.0,-1.0,seed29,split,l1,1.0,False,0.5,29
sq:13,squad_groups,split__l1,80,sq:13|cond=57300580b2c2fd1400568750,57300580b2c2fd1400568750,57300580b2c2fd140056874f,False,unlabelled,seed29|sq:13|split__l1|w80|sq:13|cond=57300580b2c2fd1400568750,False,74,0.925,False,5,0.0,0.0,0.0,0.0,0.4,1.0,0.0,0.4,1.0,seed29,split,l1,1.0,False,0.5,29
sq:13,squad_groups,split__l1,80,sq:13|cond=57300580b2c2fd1400568750,57300580b2c2fd1400568750,57300580b2c2fd1400568751,False,unlabelled,seed29|sq:13|split__l1|w80|sq:13|cond=57300580b2c2fd1400568750,False,74,0.925,False,5,0.0,0.0,0.0,1.0,1.0,1.0,1.0,1.0,1.0,seed29,split,l1,1.0,False,0.5,29
sq:13,squad_groups,split__l1,80,sq:13|cond=57300580b2c2fd1400568750,57300580b2c2fd1400568750,57300580b2c2fd1400568750,True,unlabelled,seed29|sq:13|split__l1|w80|sq:13|cond=57300580b2c2fd1400568750,False,74,0.925,False,5,1.0,1.0,1.0,1.0,1.0,1.0,0.0,0.0,0.0,seed29,split,l1,1.0,False,0.5,29
sq:13,squad_groups,split__linf,80,sq:13|cond=57300580b2c2fd1400568750,57300580b2c2fd1400568750,57300580b2c2fd140056874d,False,unlabelled,seed29|sq:13|split__linf|w80|sq:13|cond=57300580b2c2fd1400568750,False,76,0.95,False,1,0.0,0.0,0.0,0.0,0.0,0.0,0.0,0.0,0.0,seed29,split,linf,,True,1.0,29
sq:13,squad_groups,split__linf,80,sq:13|cond=57300580b2c2fd1400568750,57300580b2c2fd1400568750,57300580b2c2fd140056874f,False,unlabelled,seed29|sq:13|split__linf|w80|sq:13|cond=57300580b2c2fd1400568750,False,76,0.95,False,1,0.0,0.0,0.0,0.0,0.4,1.0,0.0,0.4,1.0,seed29,split,linf,,True,1.0,29
sq:13,squad_groups,split__linf,80,sq:13|cond=57300580b2c2fd1400568750,57300580b2c2fd1400568750,57300580b2c2fd1400568751,False,unlabelled,seed29|sq:13|split__linf|w80|sq:13|cond=57300580b2c2fd1400568750,False,76,0.95,False,1,0.0,0.6666666666666666,1.0,1.0,1.0,1.0,1.0,0.33333333333333337,0.0,seed29,split,linf,,True,1.0,29
sq:13,squad_groups,split__linf,80,sq:13|cond=57300580b2c2fd1400568750,57300580b2c2fd1400568750,57300580b2c2fd1400568750,True,unlabelled,seed29|sq:13|split__linf|w80|sq:13|cond=57300580b2c2fd1400568750,False,76,0.95,False,1,0.0,0.0,0.0,1.0,1.0,1.0,1.0,1.0,1.0,seed29,split,linf,,True,1.0,29
sq:14,squad_groups,split__l0,80,sq:14|cond=5725cbb289a1e219009abed2,5725cbb289a1e219009abed2,5725cbb289a1e219009abed2,True,unlabelled,seed29|sq:14|split__l0|w80|sq:14|cond=5725cbb289a1e219009abed2,False,77,0.9625,False,4,1.0,1.0,1.0,1.0,1.0,1.0,0.0,0.0,0.0,seed29,split,l0,0.0,False,0.0,29
sq:14,squad_groups,split__l0,80,sq:14|cond=5725cbb289a1e219009abed2,5725cbb289a1e219009abed2,5725cbb289a1e219009abed4,False,unlabelled,seed29|sq:14|split__l0|w80|sq:14|cond=5725cbb289a1e219009abed2,False,77,0.9625,False,4,0.0,0.4,1.0,0.0,0.0,0.0,0.0,-0.4,-1.0,seed29,split,l0,0.0,False,0.0,29
sq:14,squad_groups,split__l0,80,sq:14|cond=5725cbb289a1e219009abed2,5725cbb289a1e219009abed2,5725cbb289a1e219009abed6,False,unlabelled,seed29|sq:14|split__l0|w80|sq:14|cond=5725cbb289a1e219009abed2,False,77,0.9625,False,4,0.0,0.0,0.0,1.0,1.0,1.0,1.0,1.0,1.0,seed29,split,l0,0.0,False,0.0,29
sq:14,squad_groups,split__l0,80,sq:14|cond=5725cbb289a1e219009abed2,5725cbb289a1e219009abed2,5729edd56aef051400155116,False,unlabelled,seed29|sq:14|split__l0|w80|sq:14|cond=5725cbb289a1e219009abed2,False,77,0.9625,False,4,0.0,0.6666666666666666,1.0,0.0,0.6666666666666666,1.0,0.0,0.0,0.0,seed29,split,l0,0.0,False,0.0,29
sq:14,squad_groups,split__l1,80,sq:14|cond=5725cbb289a1e219009abed2,5725cbb289a1e219009abed2,5725cbb289a1e219009abed2,True,unlabelled,seed29|sq:14|split__l1|w80|sq:14|cond=5725cbb289a1e219009abed2,False,80,1.0,False,3,1.0,1.0,1.0,1.0,1.0,1.0,0.0,0.0,0.0,seed29,split,l1,1.0,False,0.5,29
sq:14,squad_groups,split__l1,80,sq:14|cond=5725cbb289a1e219009abed2,5725cbb289a1e219009abed2,5725cbb289a1e219009abed4,False,unlabelled,seed29|sq:14|split__l1|w80|sq:14|cond=5725cbb289a1e219009abed2,False,80,1.0,False,3,0.0,0.4,1.0,0.0,0.0,0.0,0.0,-0.4,-1.0,seed29,split,l1,1.0,False,0.5,29
sq:14,squad_groups,split__l1,80,sq:14|cond=5725cbb289a1e219009abed2,5725cbb289a1e219009abed2,5725cbb289a1e219009abed6,False,unlabelled,seed29|sq:14|split__l1|w80|sq:14|cond=5725cbb289a1e219009abed2,False,80,1.0,False,3,0.0,0.5,1.0,1.0,1.0,1.0,1.0,0.5,0.0,seed29,split,l1,1.0,False,0.5,29
sq:14,squad_groups,split__l1,80,sq:14|cond=5725cbb289a1e219009abed2,5725cbb289a1e219009abed2,5729edd56aef051400155116,False,unlabelled,seed29|sq:14|split__l1|w80|sq:14|cond=5725cbb289a1e219009abed2,False,80,1.0,False,3,0.0,0.6666666666666666,1.0,0.0,0.6666666666666666,1.0,0.0,0.0,0.0,seed29,split,l1,1.0,False,0.5,29
sq:14,squad_groups,split__linf,80,sq:14|cond=5725cbb289a1e219009abed2,5725cbb289a1e219009abed2,5725cbb289a1e219009abed2,True,unlabelled,seed29|sq:14|split__linf|w80|sq:14|cond=5725cbb289a1e219009abed2,False,72,0.9,False,1,0.0,0.0,0.0,1.0,1.0,1.0,1.0,1.0,1.0,seed29,split,linf,,True,1.0,29
sq:14,squad_groups,split__linf,80,sq:14|cond=5725cbb289a1e219009abed2,5725cbb289a1e219009abed2,5725cbb289a1e219009abed4,False,unlabelled,seed29|sq:14|split__linf|w80|sq:14|cond=5725cbb289a1e219009abed2,False,72,0.9,False,1,0.0,0.4,1.0,0.0,0.0,0.0,0.0,-0.4,-1.0,seed29,split,linf,,True,1.0,29
sq:14,squad_groups,split__linf,80,sq:14|cond=5725cbb289a1e219009abed2,5725cbb289a1e219009abed2,5725cbb289a1e219009abed6,False,unlabelled,seed29|sq:14|split__linf|w80|sq:14|cond=5725cbb289a1e219009abed2,False,72,0.9,False,1,1.0,1.0,1.0,1.0,1.0,1.0,0.0,0.0,0.0,seed29,split,linf,,True,1.0,29
sq:14,squad_groups,split__linf,80,sq:14|cond=5725cbb289a1e219009abed2,5725cbb289a1e219009abed2,5729edd56aef051400155116,False,unlabelled,seed29|sq:14|split__linf|w80|sq:14|cond=5725cbb289a1e219009abed2,False,72,0.9,False,1,0.0,0.6666666666666666,1.0,0.0,0.6666666666666666,1.0,0.0,0.0,0.0,seed29,split,linf,,True,1.0,29
sq:14,squad_groups,split__l0,80,sq:14|cond=5725cbb289a1e219009abed4,5725cbb289a1e219009abed4,5725cbb289a1e219009abed2,False,unlabelled,seed29|sq:14|split__l0|w80|sq:14|cond=5725cbb289a1e219009abed4,False,69,0.8625,False,4,1.0,1.0,1.0,1.0,1.0,1.0,0.0,0.0,0.0,seed29,split,l0,0.0,False,0.0,29
sq:14,squad_groups,split__l0,80,sq:14|cond=5725cbb289a1e219009abed4,5725cbb289a1e219009abed4,5725cbb289a1e219009abed4,True,unlabelled,seed29|sq:14|split__l0|w80|sq:14|cond=5725cbb289a1e219009abed4,False,69,0.8625,False,4,0.0,0.0,0.0,0.0,0.0,0.0,0.0,0.0,0.0,seed29,split,l0,0.0,False,0.0,29
sq:14,squad_groups,split__l0,80,sq:14|cond=5725cbb289a1e219009abed4,5725cbb289a1e219009abed4,5725cbb289a1e219009abed6,False,unlabelled,seed29|sq:14|split__l0|w80|sq:14|cond=5725cbb289a1e219009abed4,False,69,0.8625,False,4,0.0,0.5,1.0,1.0,1.0,1.0,1.0,0.5,0.0,seed29,split,l0,0.0,False,0.0,29
sq:14,squad_groups,split__l0,80,sq:14|cond=5725cbb289a1e219009abed4,5725cbb289a1e219009abed4,5729edd56aef051400155116,False,unlabelled,seed29|sq:14|split__l0|w80|sq:14|cond=5725cbb289a1e219009abed4,False,69,0.8625,False,4,0.0,0.0,0.0,0.0,0.6666666666666666,1.0,0.0,0.6666666666666666,1.0,seed29,split,l0,0.0,False,0.0,29
sq:14,squad_groups,split__l1,80,sq:14|cond=5725cbb289a1e219009abed4,5725cbb289a1e219009abed4,5725cbb289a1e219009abed2,False,unlabelled,seed29|sq:14|split__l1|w80|sq:14|cond=5725cbb289a1e219009abed4,False,75,0.9375,False,3,0.0,0.28571428571428575,0.0,1.0,1.0,1.0,1.0,0.7142857142857142,1.0,seed29,split,l1,1.0,False,0.5,29
sq:14,squad_groups,split__l1,80,sq:14|cond=5725cbb289a1e219009abed4,5725cbb289a1e219009abed4,5725cbb289a1e219009abed4,True,unlabelled,seed29|sq:14|split__l1|w80|sq:14|cond=5725cbb289a1e219009abed4,False,75,0.9375,False,3,1.0,1.0,1.0,0.0,0.0,0.0,-1.0,-1.0,-1.0,seed29,split,l1,1.0,False,0.5,29
sq:14,squad_groups,split__l1,80,sq:14|cond=5725cbb289a1e219009abed4,5725cbb289a1e219009abed4,5725cbb289a1e219009abed6,False,unlabelled,seed29|sq:14|split__l1|w80|sq:14|cond=5725cbb289a1e219009abed4,False,75,0.9375,False,3,0.0,0.5,1.0,1.0,1.0,1.0,1.0,0.5,0.0,seed29,split,l1,1.0,False,0.5,29
sq:14,squad_groups,split__l1,80,sq:14|cond=5725cbb289a1e219009abed4,5725cbb289a1e219009abed4,5729edd56aef051400155116,False,unlabelled,seed29|sq:14|split__l1|w80|sq:14|cond=5725cbb289a1e219009abed4,False,75,0.9375,False,3,0.0,0.6666666666666666,1.0,0.0,0.6666666666666666,1.0,0.0,0.0,0.0,seed29,split,l1,1.0,False,0.5,29
sq:14,squad_groups,split__linf,80,sq:14|cond=5725cbb289a1e219009abed4,5725cbb289a1e219009abed4,5725cbb289a1e219009abed2,False,unlabelled,seed29|sq:14|split__linf|w80|sq:14|cond=5725cbb289a1e219009abed4,False,74,0.925,False,1,1.0,1.0,1.0,1.0,1.0,1.0,0.0,0.0,0.0,seed29,split,linf,,True,1.0,29
sq:14,squad_groups,split__linf,80,sq:14|cond=5725cbb289a1e219009abed4,5725cbb289a1e219009abed4,5725cbb289a1e219009abed4,True,unlabelled,seed29|sq:14|split__linf|w80|sq:14|cond=5725cbb289a1e219009abed4,False,74,0.925,False,1,0.0,0.0,0.0,0.0,0.0,0.0,0.0,0.0,0.0,seed29,split,linf,,True,1.0,29
sq:14,squad_groups,split__linf,80,sq:14|cond=5725cbb289a1e219009abed4,5725cbb289a1e219009abed4,5725cbb289a1e219009abed6,False,unlabelled,seed29|sq:14|split__linf|w80|sq:14|cond=5725cbb289a1e219009abed4,False,74,0.925,False,1,0.0,0.5,1.0,1.0,1.0,1.0,1.0,0.5,0.0,seed29,split,linf,,True,1.0,29
sq:14,squad_groups,split__linf,80,sq:14|cond=5725cbb289a1e219009abed4,5725cbb289a1e219009abed4,5729edd56aef051400155116,False,unlabelled,seed29|sq:14|split__linf|w80|sq:14|cond=5725cbb289a1e219009abed4,False,74,0.925,False,1,0.0,0.6666666666666666,1.0,0.0,0.6666666666666666,1.0,0.0,0.0,0.0,seed29,split,linf,,True,1.0,29
sq:14,squad_groups,split__l0,80,sq:14|cond=5725cbb289a1e219009abed6,5725cbb289a1e219009abed6,5725cbb289a1e219009abed2,False,unlabelled,seed29|sq:14|split__l0|w80|sq:14|cond=5725cbb289a1e219009abed6,False,71,0.8875,False,3,0.0,0.0,0.0,1.0,1.0,1.0,1.0,1.0,1.0,seed29,split,l0,0.0,False,0.0,29
sq:14,squad_groups,split__l0,80,sq:14|cond=5725cbb289a1e219009abed6,5725cbb289a1e219009abed6,5725cbb289a1e219009abed4,False,unlabelled,seed29|sq:14|split__l0|w80|sq:14|cond=5725cbb289a1e219009abed6,False,71,0.8875,False,3,0.0,0.0,0.0,0.0,0.0,0.0,0.0,0.0,0.0,seed29,split,l0,0.0,False,0.0,29
sq:14,squad_groups,split__l0,80,sq:14|cond=5725cbb289a1e219009abed6,5725cbb289a1e219009abed6,5725cbb289a1e219009abed6,True,unlabelled,seed29|sq:14|split__l0|w80|sq:14|cond=5725cbb289a1e219009abed6,False,71,0.8875,False,3,0.0,0.5,1.0,1.0,1.0,1.0,1.0,0.5,0.0,seed29,split,l0,0.0,False,0.0,29
sq:14,squad_groups,split__l0,80,sq:14|cond=5725cbb289a1e219009abed6,5725cbb289a1e219009abed6,5729edd56aef051400155116,False,unlabelled,seed29|sq:14|split__l0|w80|sq:14|cond=5725cbb289a1e219009abed6,False,71,0.8875,False,3,0.0,0.0,0.0,0.0,0.6666666666666666,1.0,0.0,0.6666666666666666,1.0,seed29,split,l0,0.0,False,0.0,29
sq:14,squad_groups,split__l1,80,sq:14|cond=5725cbb289a1e219009abed6,5725cbb289a1e219009abed6,5725cbb289a1e219009abed2,False,unlabelled,seed29|sq:14|split__l1|w80|sq:14|cond=5725cbb289a1e219009abed6,False,76,0.95,False,4,0.0,0.0,0.0,1.0,1.0,1.0,1.0,1.0,1.0,seed29,split,l1,1.0,False,0.5,29
sq:14,squad_groups,split__l1,80,sq:14|cond=5725cbb289a1e219009abed6,5725cbb289a1e219009abed6,5725cbb289a1e219009abed4,False,unlabelled,seed29|sq:14|split__l1|w80|sq:14|cond=5725cbb289a1e219009abed6,False,76,0.95,False,4,0.0,0.0,0.0,0.0,0.0,0.0,0.0,0.0,0.0,seed29,split,l1,1.0,False,0.5,29
sq:14,squad_groups,split__l1,80,sq:14|cond=5725cbb289a1e219009abed6,5725cbb289a1e219009abed6,5725cbb289a1e219009abed6,True,unlabelled,seed29|sq:14|split__l1|w80|sq:14|cond=5725cbb289a1e219009abed6,False,76,0.95,False,4,0.0,0.5,1.0,1.0,1.0,1.0,1.0,0.5,0.0,seed29,split,l1,1.0,False,0.5,29
sq:14,squad_groups,split__l1,80,sq:14|cond=5725cbb289a1e219009abed6,5725cbb289a1e219009abed6,5729edd56aef051400155116,False,unlabelled,seed29|sq:14|split__l1|w80|sq:14|cond=5725cbb289a1e219009abed6,False,76,0.95,False,4,0.0,0.0,0.0,0.0,0.6666666666666666,1.0,0.0,0.6666666666666666,1.0,seed29,split,l1,1.0,False,0.5,29
sq:14,squad_groups,split__linf,80,sq:14|cond=5725cbb289a1e219009abed6,5725cbb289a1e219009abed6,5725cbb289a1e219009abed2,False,unlabelled,seed29|sq:14|split__linf|w80|sq:14|cond=5725cbb289a1e219009abed6,False,77,0.9625,False,2,1.0,1.0,1.0,1.0,1.0,1.0,0.0,0.0,0.0,seed29,split,linf,,True,1.0,29
sq:14,squad_groups,split__linf,80,sq:14|cond=5725cbb289a1e219009abed6,5725cbb289a1e219009abed6,5725cbb289a1e219009abed4,False,unlabelled,seed29|sq:14|split__linf|w80|sq:14|cond=5725cbb289a1e219009abed6,False,77,0.9625,False,2,0.0,0.4,1.0,0.0,0.0,0.0,0.0,-0.4,-1.0,seed29,split,linf,,True,1.0,29
sq:14,squad_groups,split__linf,80,sq:14|cond=5725cbb289a1e219009abed6,5725cbb289a1e219009abed6,5725cbb289a1e219009abed6,True,unlabelled,seed29|sq:14|split__linf|w80|sq:14|cond=5725cbb289a1e219009abed6,False,77,0.9625,False,2,1.0,1.0,1.0,1.0,1.0,1.0,0.0,0.0,0.0,seed29,split,linf,,True,1.0,29
sq:14,squad_groups,split__linf,80,sq:14|cond=5725cbb289a1e219009abed6,5725cbb289a1e219009abed6,5729edd56aef051400155116,False,unlabelled,seed29|sq:14|split__linf|w80|sq:14|cond=5725cbb289a1e219009abed6,False,77,0.9625,False,2,0.0,0.6666666666666666,1.0,0.0,0.6666666666666666,1.0,0.0,0.0,0.0,seed29,split,linf,,True,1.0,29
sq:14,squad_groups,split__l0,80,sq:14|cond=5729edd56aef051400155116,5729edd56aef051400155116,5725cbb289a1e219009abed2,False,unlabelled,seed29|sq:14|split__l0|w80|sq:14|cond=5729edd56aef051400155116,False,72,0.9,False,1,0.0,0.0,0.0,1.0,1.0,1.0,1.0,1.0,1.0,seed29,split,l0,0.0,False,0.0,29
sq:14,squad_groups,split__l0,80,sq:14|cond=5729edd56aef051400155116,5729edd56aef051400155116,5725cbb289a1e219009abed4,False,unlabelled,seed29|sq:14|split__l0|w80|sq:14|cond=5729edd56aef051400155116,False,72,0.9,False,1,0.0,0.0,0.0,0.0,0.0,0.0,0.0,0.0,0.0,seed29,split,l0,0.0,False,0.0,29
sq:14,squad_groups,split__l0,80,sq:14|cond=5729edd56aef051400155116,5729edd56aef051400155116,5725cbb289a1e219009abed6,False,unlabelled,seed29|sq:14|split__l0|w80|sq:14|cond=5729edd56aef051400155116,False,72,0.9,False,1,0.0,0.5,1.0,1.0,1.0,1.0,1.0,0.5,0.0,seed29,split,l0,0.0,False,0.0,29
sq:14,squad_groups,split__l0,80,sq:14|cond=5729edd56aef051400155116,5729edd56aef051400155116,5729edd56aef051400155116,True,unlabelled,seed29|sq:14|split__l0|w80|sq:14|cond=5729edd56aef051400155116,False,72,0.9,False,1,0.0,0.6666666666666666,1.0,0.0,0.6666666666666666,1.0,0.0,0.0,0.0,seed29,split,l0,0.0,False,0.0,29
sq:14,squad_groups,split__l1,80,sq:14|cond=5729edd56aef051400155116,5729edd56aef051400155116,5725cbb289a1e219009abed2,False,unlabelled,seed29|sq:14|split__l1|w80|sq:14|cond=5729edd56aef051400155116,False,76,0.95,True,5,0.0,0.0,0.0,1.0,1.0,1.0,1.0,1.0,1.0,seed29,split,l1,1.0,False,0.5,29
sq:14,squad_groups,split__l1,80,sq:14|cond=5729edd56aef051400155116,5729edd56aef051400155116,5725cbb289a1e219009abed4,False,unlabelled,seed29|sq:14|split__l1|w80|sq:14|cond=5729edd56aef051400155116,False,76,0.95,True,5,0.0,0.0,0.0,0.0,0.0,0.0,0.0,0.0,0.0,seed29,split,l1,1.0,False,0.5,29
sq:14,squad_groups,split__l1,80,sq:14|cond=5729edd56aef051400155116,5729edd56aef051400155116,5725cbb289a1e219009abed6,False,unlabelled,seed29|sq:14|split__l1|w80|sq:14|cond=5729edd56aef051400155116,False,76,0.95,True,5,1.0,1.0,1.0,1.0,1.0,1.0,0.0,0.0,0.0,seed29,split,l1,1.0,False,0.5,29
sq:14,squad_groups,split__l1,80,sq:14|cond=5729edd56aef051400155116,5729edd56aef051400155116,5729edd56aef051400155116,True,unlabelled,seed29|sq:14|split__l1|w80|sq:14|cond=5729edd56aef051400155116,False,76,0.95,True,5,0.0,0.6666666666666666,1.0,0.0,0.6666666666666666,1.0,0.0,0.0,0.0,seed29,split,l1,1.0,False,0.5,29
sq:14,squad_groups,split__linf,80,sq:14|cond=5729edd56aef051400155116,5729edd56aef051400155116,5725cbb289a1e219009abed2,False,unlabelled,seed29|sq:14|split__linf|w80|sq:14|cond=5729edd56aef051400155116,False,80,1.0,False,2,0.0,0.0,0.0,1.0,1.0,1.0,1.0,1.0,1.0,seed29,split,linf,,True,1.0,29
sq:14,squad_groups,split__linf,80,sq:14|cond=5729edd56aef051400155116,5729edd56aef051400155116,5725cbb289a1e219009abed4,False,unlabelled,seed29|sq:14|split__linf|w80|sq:14|cond=5729edd56aef051400155116,False,80,1.0,False,2,0.0,0.0,0.0,0.0,0.0,0.0,0.0,0.0,0.0,seed29,split,linf,,True,1.0,29
sq:14,squad_groups,split__linf,80,sq:14|cond=5729edd56aef051400155116,5729edd56aef051400155116,5725cbb289a1e219009abed6,False,unlabelled,seed29|sq:14|split__linf|w80|sq:14|cond=5729edd56aef051400155116,False,80,1.0,False,2,1.0,1.0,1.0,1.0,1.0,1.0,0.0,0.0,0.0,seed29,split,linf,,True,1.0,29
sq:14,squad_groups,split__linf,80,sq:14|cond=5729edd56aef051400155116,5729edd56aef051400155116,5729edd56aef051400155116,True,unlabelled,seed29|sq:14|split__linf|w80|sq:14|cond=5729edd56aef051400155116,False,80,1.0,False,2,0.0,0.6666666666666666,1.0,0.0,0.6666666666666666,1.0,0.0,0.0,0.0,seed29,split,linf,,True,1.0,29
sq:15,squad_groups,split__l0,80,sq:15|cond=5727aa413acd2414000de921,5727aa413acd2414000de921,5727aa413acd2414000de921,True,unlabelled,seed29|sq:15|split__l0|w80|sq:15|cond=5727aa413acd2414000de921,False,76,0.95,False,2,1.0,1.0,1.0,1.0,1.0,1.0,0.0,0.0,0.0,seed29,split,l0,0.0,False,0.0,29
sq:15,squad_groups,split__l0,80,sq:15|cond=5727aa413acd2414000de921,5727aa413acd2414000de921,5727aa413acd2414000de922,False,unlabelled,seed29|sq:15|split__l0|w80|sq:15|cond=5727aa413acd2414000de921,False,76,0.95,False,2,0.0,0.0,0.0,1.0,1.0,1.0,1.0,1.0,1.0,seed29,split,l0,0.0,False,0.0,29
sq:15,squad_groups,split__l0,80,sq:15|cond=5727aa413acd2414000de921,5727aa413acd2414000de921,5727aa413acd2414000de923,False,unlabelled,seed29|sq:15|split__l0|w80|sq:15|cond=5727aa413acd2414000de921,False,76,0.95,False,2,0.0,0.0,0.0,1.0,1.0,1.0,1.0,1.0,1.0,seed29,split,l0,0.0,False,0.0,29
sq:15,squad_groups,split__l0,80,sq:15|cond=5727aa413acd2414000de921,5727aa413acd2414000de921,5727aa413acd2414000de924,False,unlabelled,seed29|sq:15|split__l0|w80|sq:15|cond=5727aa413acd2414000de921,False,76,0.95,False,2,0.0,0.0,0.0,1.0,1.0,1.0,1.0,1.0,1.0,seed29,split,l0,0.0,False,0.0,29
sq:15,squad_groups,split__l1,80,sq:15|cond=5727aa413acd2414000de921,5727aa413acd2414000de921,5727aa413acd2414000de921,True,unlabelled,seed29|sq:15|split__l1|w80|sq:15|cond=5727aa413acd2414000de921,False,66,0.825,False,5,1.0,1.0,1.0,1.0,1.0,1.0,0.0,0.0,0.0,seed29,split,l1,1.0,False,0.5,29
sq:15,squad_groups,split__l1,80,sq:15|cond=5727aa413acd2414000de921,5727aa413acd2414000de921,5727aa413acd2414000de922,False,unlabelled,seed29|sq:15|split__l1|w80|sq:15|cond=5727aa413acd2414000de921,False,66,0.825,False,5,1.0,1.0,1.0,1.0,1.0,1.0,0.0,0.0,0.0,seed29,split,l1,1.0,False,0.5,29
sq:15,squad_groups,split__l1,80,sq:15|cond=5727aa413acd2414000de921,5727aa413acd2414000de921,5727aa413acd2414000de923,False,unlabelled,seed29|sq:15|split__l1|w80|sq:15|cond=5727aa413acd2414000de921,False,66,0.825,False,5,0.0,0.0,0.0,1.0,1.0,1.0,1.0,1.0,1.0,seed29,split,l1,1.0,False,0.5,29
sq:15,squad_groups,split__l1,80,sq:15|cond=5727aa413acd2414000de921,5727aa413acd2414000de921,5727aa413acd2414000de924,False,unlabelled,seed29|sq:15|split__l1|w80|sq:15|cond=5727aa413acd2414000de921,False,66,0.825,False,5,0.0,0.0,0.0,1.0,1.0,1.0,1.0,1.0,1.0,seed29,split,l1,1.0,False,0.5,29
sq:15,squad_groups,split__linf,80,sq:15|cond=5727aa413acd2414000de921,5727aa413acd2414000de921,5727aa413acd2414000de921,True,unlabelled,seed29|sq:15|split__linf|w80|sq:15|cond=5727aa413acd2414000de921,False,80,1.0,False,2,0.0,0.6666666666666666,0.0,1.0,1.0,1.0,1.0,0.33333333333333337,1.0,seed29,split,linf,,True,1.0,29
sq:15,squad_groups,split__linf,80,sq:15|cond=5727aa413acd2414000de921,5727aa413acd2414000de921,5727aa413acd2414000de922,False,unlabelled,seed29|sq:15|split__linf|w80|sq:15|cond=5727aa413acd2414000de921,False,80,1.0,False,2,0.0,0.0,0.0,1.0,1.0,1.0,1.0,1.0,1.0,seed29,split,linf,,True,1.0,29
sq:15,squad_groups,split__linf,80,sq:15|cond=5727aa413acd2414000de921,5727aa413acd2414000de921,5727aa413acd2414000de923,False,unlabelled,seed29|sq:15|split__linf|w80|sq:15|cond=5727aa413acd2414000de921,False,80,1.0,False,2,0.0,0.0,0.0,1.0,1.0,1.0,1.0,1.0,1.0,seed29,split,linf,,True,1.0,29
sq:15,squad_groups,split__linf,80,sq:15|cond=5727aa413acd2414000de921,5727aa413acd2414000de921,5727aa413acd2414000de924,False,unlabelled,seed29|sq:15|split__linf|w80|sq:15|cond=5727aa413acd2414000de921,False,80,1.0,False,2,1.0,1.0,1.0,1.0,1.0,1.0,0.0,0.0,0.0,seed29,split,linf,,True,1.0,29
sq:15,squad_groups,split__l0,80,sq:15|cond=5727aa413acd2414000de922,5727aa413acd2414000de922,5727aa413acd2414000de921,False,unlabelled,seed29|sq:15|split__l0|w80|sq:15|cond=5727aa413acd2414000de922,False,70,0.875,False,2,0.0,0.6666666666666666,1.0,1.0,1.0,1.0,1.0,0.33333333333333337,0.0,seed29,split,l0,0.0,False,0.0,29
sq:15,squad_groups,split__l0,80,sq:15|cond=5727aa413acd2414000de922,5727aa413acd2414000de922,5727aa413acd2414000de922,True,unlabelled,seed29|sq:15|split__l0|w80|sq:15|cond=5727aa413acd2414000de922,False,70,0.875,False,2,1.0,1.0,1.0,1.0,1.0,1.0,0.0,0.0,0.0,seed29,split,l0,0.0,False,0.0,29
sq:15,squad_groups,split__l0,80,sq:15|cond=5727aa413acd2414000de922,5727aa413acd2414000de922,5727aa413acd2414000de923,False,unlabelled,seed29|sq:15|split__l0|w80|sq:15|cond=5727aa413acd2414000de922,False,70,0.875,False,2,1.0,1.0,1.0,1.0,1.0,1.0,0.0,0.0,0.0,seed29,split,l0,0.0,False,0.0,29
sq:15,squad_groups,split__l0,80,sq:15|cond=5727aa413acd2414000de922,5727aa413acd2414000de922,5727aa413acd2414000de924,False,unlabelled,seed29|sq:15|split__l0|w80|sq:15|cond=5727aa413acd2414000de922,False,70,0.875,False,2,0.0,0.0,0.0,1.0,1.0,1.0,1.0,1.0,1.0,seed29,split,l0,0.0,False,0.0,29
sq:15,squad_groups,split__l1,80,sq:15|cond=5727aa413acd2414000de922,5727aa413acd2414000de922,5727aa413acd2414000de921,False,unlabelled,seed29|sq:15|split__l1|w80|sq:15|cond=5727aa413acd2414000de922,False,75,0.9375,False,4,1.0,1.0,1.0,1.0,1.0,1.0,0.0,0.0,0.0,seed29,split,l1,1.0,False,0.5,29
sq:15,squad_groups,split__l1,80,sq:15|cond=5727aa413acd2414000de922,5727aa413acd2414000de922,5727aa413acd2414000de922,True,unlabelled,seed29|sq:15|split__l1|w80|sq:15|cond=5727aa413acd2414000de922,False,75,0.9375,False,4,1.0,1.0,1.0,1.0,1.0,1.0,0.0,0.0,0.0,seed29,split,l1,1.0,False,0.5,29
sq:15,squad_groups,split__l1,80,sq:15|cond=5727aa413acd2414000de922,5727aa413acd2414000de922,5727aa413acd2414000de923,False,unlabelled,seed29|sq:15|split__l1|w80|sq:15|cond=5727aa413acd2414000de922,False,75,0.9375,False,4,1.0,1.0,1.0,1.0,1.0,1.0,0.0,0.0,0.0,seed29,split,l1,1.0,False,0.5,29
sq:15,squad_groups,split__l1,80,sq:15|cond=5727aa413acd2414000de922,5727aa413acd2414000de922,5727aa413acd2414000de924,False,unlabelled,seed29|sq:15|split__l1|w80|sq:15|cond=5727aa413acd2414000de922,False,75,0.9375,False,4,0.0,0.0,0.0,1.0,1.0,1.0,1.0,1.0,1.0,seed29,split,l1,1.0,False,0.5,29
sq:15,squad_groups,split__linf,80,sq:15|cond=5727aa413acd2414000de922,5727aa413acd2414000de922,5727aa413acd2414000de921,False,unlabelled,seed29|sq:15|split__linf|w80|sq:15|cond=5727aa413acd2414000de922,False,78,0.975,False,1,1.0,1.0,1.0,1.0,1.0,1.0,0.0,0.0,0.0,seed29,split,linf,,True,1.0,29
sq:15,squad_groups,split__linf,80,sq:15|cond=5727aa413acd2414000de922,5727aa413acd2414000de922,5727aa413acd2414000de922,True,unlabelled,seed29|sq:15|split__linf|w80|sq:15|cond=5727aa413acd2414000de922,False,78,0.975,False,1,0.0,0.0,0.0,1.0,1.0,1.0,1.0,1.0,1.0,seed29,split,linf,,True,1.0,29
sq:15,squad_groups,split__linf,80,sq:15|cond=5727aa413acd2414000de922,5727aa413acd2414000de922,5727aa413acd2414000de923,False,unlabelled,seed29|sq:15|split__linf|w80|sq:15|cond=5727aa413acd2414000de922,False,78,0.975,False,1,0.0,0.0,0.0,1.0,1.0,1.0,1.0,1.0,1.0,seed29,split,linf,,True,1.0,29
sq:15,squad_groups,split__linf,80,sq:15|cond=5727aa413acd2414000de922,5727aa413acd2414000de922,5727aa413acd2414000de924,False,unlabelled,seed29|sq:15|split__linf|w80|sq:15|cond=5727aa413acd2414000de922,False,78,0.975,False,1,1.0,1.0,1.0,1.0,1.0,1.0,0.0,0.0,0.0,seed29,split,linf,,True,1.0,29
sq:15,squad_groups,split__l0,80,sq:15|cond=5727aa413acd2414000de923,5727aa413acd2414000de923,5727aa413acd2414000de921,False,unlabelled,seed29|sq:15|split__l0|w80|sq:15|cond=5727aa413acd2414000de923,False,70,0.875,False,3,0.0,0.6666666666666666,1.0,1.0,1.0,1.0,1.0,0.33333333333333337,0.0,seed29,split,l0,0.0,False,0.0,29
sq:15,squad_groups,split__l0,80,sq:15|cond=5727aa413acd2414000de923,5727aa413acd2414000de923,5727aa413acd2414000de922,False,unlabelled,seed29|sq:15|split__l0|w80|sq:15|cond=5727aa413acd2414000de923,False,70,0.875,False,3,0.0,0.0,0.0,1.0,1.0,1.0,1.0,1.0,1.0,seed29,split,l0,0.0,False,0.0,29
sq:15,squad_groups,split__l0,80,sq:15|cond=5727aa413acd2414000de923,5727aa413acd2414000de923,5727aa413acd2414000de923,True,unlabelled,seed29|sq:15|split__l0|w80|sq:15|cond=5727aa413acd2414000de923,False,70,0.875,False,3,1.0,1.0,1.0,1.0,1.0,1.0,0.0,0.0,0.0,seed29,split,l0,0.0,False,0.0,29
sq:15,squad_groups,split__l0,80,sq:15|cond=5727aa413acd2414000de923,5727aa413acd2414000de923,5727aa413acd2414000de924,False,unlabelled,seed29|sq:15|split__l0|w80|sq:15|cond=5727aa413acd2414000de923,False,70,0.875,False,3,0.0,0.18181818181818182,0.0,1.0,1.0,1.0,1.0,0.8181818181818181,1.0,seed29,split,l0,0.0,False,0.0,29
sq:15,squad_groups,split__l1,80,sq:15|cond=5727aa413acd2414000de923,5727aa413acd2414000de923,5727aa413acd2414000de921,False,unlabelled,seed29|sq:15|split__l1|w80|sq:15|cond=5727aa413acd2414000de923,False,73,0.9125,False,5,1.0,1.0,1.0,1.0,1.0,1.0,0.0,0.0,0.0,seed29,split,l1,1.0,False,0.5,29
sq:15,squad_groups,split__l1,80,sq:15|cond=5727aa413acd2414000de923,5727aa413acd2414000de923,5727aa413acd2414000de922,False,unlabelled,seed29|sq:15|split__l1|w80|sq:15|cond=5727aa413acd2414000de923,False,73,0.9125,False,5,0.0,0.0,0.0,1.0,1.0,1.0,1.0,1.0,1.0,seed29,split,l1,1.0,False,0.5,29
sq:15,squad_groups,split__l1,80,sq:15|cond=5727aa413acd2414000de923,5727aa413acd2414000de923,5727aa413acd2414000de923,True,unlabelled,seed29|sq:15|split__l1|w80|sq:15|cond=5727aa413acd2414000de923,False,73,0.9125,False,5,1.0,1.0,1.0,1.0,1.0,1.0,0.0,0.0,0.0,seed29,split,l1,1.0,False,0.5,29
sq:15,squad_groups,split__l1,80,sq:15|cond=5727aa413acd2414000de923,5727aa413acd2414000de923,5727aa413acd2414000de924,False,unlabelled,seed29|sq:15|split__l1|w80|sq:15|cond=5727aa413acd2414000de923,False,73,0.9125,False,5,0.0,0.0,0.0,1.0,1.0,1.0,1.0,1.0,1.0,seed29,split,l1,1.0,False,0.5,29
sq:15,squad_groups,split__linf,80,sq:15|cond=5727aa413acd2414000de923,5727aa413acd2414000de923,5727aa413acd2414000de921,False,unlabelled,seed29|sq:15|split__linf|w80|sq:15|cond=5727aa413acd2414000de923,False,72,0.9,False,1,1.0,1.0,1.0,1.0,1.0,1.0,0.0,0.0,0.0,seed29,split,linf,,True,1.0,29
sq:15,squad_groups,split__linf,80,sq:15|cond=5727aa413acd2414000de923,5727aa413acd2414000de923,5727aa413acd2414000de922,False,unlabelled,seed29|sq:15|split__linf|w80|sq:15|cond=5727aa413acd2414000de923,False,72,0.9,False,1,0.0,0.0,0.0,1.0,1.0,1.0,1.0,1.0,1.0,seed29,split,linf,,True,1.0,29
sq:15,squad_groups,split__linf,80,sq:15|cond=5727aa413acd2414000de923,5727aa413acd2414000de923,5727aa413acd2414000de923,True,unlabelled,seed29|sq:15|split__linf|w80|sq:15|cond=5727aa413acd2414000de923,False,72,0.9,False,1,0.0,0.0,0.0,1.0,1.0,1.0,1.0,1.0,1.0,seed29,split,linf,,True,1.0,29
sq:15,squad_groups,split__linf,80,sq:15|cond=5727aa413acd2414000de923,5727aa413acd2414000de923,5727aa413acd2414000de924,False,unlabelled,seed29|sq:15|split__linf|w80|sq:15|cond=5727aa413acd2414000de923,False,72,0.9,False,1,1.0,1.0,1.0,1.0,1.0,1.0,0.0,0.0,0.0,seed29,split,linf,,True,1.0,29
sq:15,squad_groups,split__l0,80,sq:15|cond=5727aa413acd2414000de924,5727aa413acd2414000de924,5727aa413acd2414000de921,False,unlabelled,seed29|sq:15|split__l0|w80|sq:15|cond=5727aa413acd2414000de924,False,70,0.875,False,3,1.0,1.0,1.0,1.0,1.0,1.0,0.0,0.0,0.0,seed29,split,l0,0.0,False,0.0,29
sq:15,squad_groups,split__l0,80,sq:15|cond=5727aa413acd2414000de924,5727aa413acd2414000de924,5727aa413acd2414000de922,False,unlabelled,seed29|sq:15|split__l0|w80|sq:15|cond=5727aa413acd2414000de924,False,70,0.875,False,3,0.0,0.0,0.0,1.0,1.0,1.0,1.0,1.0,1.0,seed29,split,l0,0.0,False,0.0,29
sq:15,squad_groups,split__l0,80,sq:15|cond=5727aa413acd2414000de924,5727aa413acd2414000de924,5727aa413acd2414000de923,False,unlabelled,seed29|sq:15|split__l0|w80|sq:15|cond=5727aa413acd2414000de924,False,70,0.875,False,3,1.0,1.0,1.0,1.0,1.0,1.0,0.0,0.0,0.0,seed29,split,l0,0.0,False,0.0,29
sq:15,squad_groups,split__l0,80,sq:15|cond=5727aa413acd2414000de924,5727aa413acd2414000de924,5727aa413acd2414000de924,True,unlabelled,seed29|sq:15|split__l0|w80|sq:15|cond=5727aa413acd2414000de924,False,70,0.875,False,3,1.0,1.0,1.0,1.0,1.0,1.0,0.0,0.0,0.0,seed29,split,l0,0.0,False,0.0,29
sq:15,squad_groups,split__l1,80,sq:15|cond=5727aa413acd2414000de924,5727aa413acd2414000de924,5727aa413acd2414000de921,False,unlabelled,seed29|sq:15|split__l1|w80|sq:15|cond=5727aa413acd2414000de924,False,71,0.8875,False,5,1.0,1.0,1.0,1.0,1.0,1.0,0.0,0.0,0.0,seed29,split,l1,1.0,False,0.5,29
sq:15,squad_groups,split__l1,80,sq:15|cond=5727aa413acd2414000de924,5727aa413acd2414000de924,5727aa413acd2414000de922,False,unlabelled,seed29|sq:15|split__l1|w80|sq:15|cond=5727aa413acd2414000de924,False,71,0.8875,False,5,1.0,1.0,1.0,1.0,1.0,1.0,0.0,0.0,0.0,seed29,split,l1,1.0,False,0.5,29
sq:15,squad_groups,split__l1,80,sq:15|cond=5727aa413acd2414000de924,5727aa413acd2414000de924,5727aa413acd2414000de923,False,unlabelled,seed29|sq:15|split__l1|w80|sq:15|cond=5727aa413acd2414000de924,False,71,0.8875,False,5,0.0,0.0,0.0,1.0,1.0,1.0,1.0,1.0,1.0,seed29,split,l1,1.0,False,0.5,29
sq:15,squad_groups,split__l1,80,sq:15|cond=5727aa413acd2414000de924,5727aa413acd2414000de924,5727aa413acd2414000de924,True,unlabelled,seed29|sq:15|split__l1|w80|sq:15|cond=5727aa413acd2414000de924,False,71,0.8875,False,5,1.0,1.0,1.0,1.0,1.0,1.0,0.0,0.0,0.0,seed29,split,l1,1.0,False,0.5,29
sq:15,squad_groups,split__linf,80,sq:15|cond=5727aa413acd2414000de924,5727aa413acd2414000de924,5727aa413acd2414000de921,False,unlabelled,seed29|sq:15|split__linf|w80|sq:15|cond=5727aa413acd2414000de924,False,77,0.9625,False,2,1.0,1.0,1.0,1.0,1.0,1.0,0.0,0.0,0.0,seed29,split,linf,,True,1.0,29
sq:15,squad_groups,split__linf,80,sq:15|cond=5727aa413acd2414000de924,5727aa413acd2414000de924,5727aa413acd2414000de922,False,unlabelled,seed29|sq:15|split__linf|w80|sq:15|cond=5727aa413acd2414000de924,False,77,0.9625,False,2,0.0,0.0,0.0,1.0,1.0,1.0,1.0,1.0,1.0,seed29,split,linf,,True,1.0,29
sq:15,squad_groups,split__linf,80,sq:15|cond=5727aa413acd2414000de924,5727aa413acd2414000de924,5727aa413acd2414000de923,False,unlabelled,seed29|sq:15|split__linf|w80|sq:15|cond=5727aa413acd2414000de924,False,77,0.9625,False,2,0.0,0.0,0.0,1.0,1.0,1.0,1.0,1.0,1.0,seed29,split,linf,,True,1.0,29
sq:15,squad_groups,split__linf,80,sq:15|cond=5727aa413acd2414000de924,5727aa413acd2414000de924,5727aa413acd2414000de924,True,unlabelled,seed29|sq:15|split__linf|w80|sq:15|cond=5727aa413acd2414000de924,False,77,0.9625,False,2,0.0,0.0,0.0,1.0,1.0,1.0,1.0,1.0,1.0,seed29,split,linf,,True,1.0,29
sq:16,squad_groups,split__l0,80,sq:16|cond=572853e8ff5b5019007da188,572853e8ff5b5019007da188,572853e8ff5b5019007da188,True,unlabelled,seed29|sq:16|split__l0|w80|sq:16|cond=572853e8ff5b5019007da188,False,71,0.8875,False,2,1.0,1.0,1.0,1.0,1.0,1.0,0.0,0.0,0.0,seed29,split,l0,0.0,False,0.0,29
sq:16,squad_groups,split__l0,80,sq:16|cond=572853e8ff5b5019007da188,572853e8ff5b5019007da188,572853e8ff5b5019007da189,False,unlabelled,seed29|sq:16|split__l0|w80|sq:16|cond=572853e8ff5b5019007da188,False,71,0.8875,False,2,1.0,1.0,1.0,1.0,1.0,1.0,0.0,0.0,0.0,seed29,split,l0,0.0,False,0.0,29
sq:16,squad_groups,split__l0,80,sq:16|cond=572853e8ff5b5019007da188,572853e8ff5b5019007da188,572853e8ff5b5019007da18a,False,unlabelled,seed29|sq:16|split__l0|w80|sq:16|cond=572853e8ff5b5019007da188,False,71,0.8875,False,2,0.0,0.6666666666666666,1.0,0.0,0.8,1.0,0.0,0.13333333333333341,0.0,seed29,split,l0,0.0,False,0.0,29
sq:16,squad_groups,split__l0,80,sq:16|cond=572853e8ff5b5019007da188,572853e8ff5b5019007da188,572853e8ff5b5019007da18b,False,unlabelled,seed29|sq:16|split__l0|w80|sq:16|cond=572853e8ff5b5019007da188,False,71,0.8875,False,2,1.0,1.0,1.0,1.0,1.0,1.0,0.0,0.0,0.0,seed29,split,l0,0.0,False,0.0,29
sq:16,squad_groups,split__l1,80,sq:16|cond=572853e8ff5b5019007da188,572853e8ff5b5019007da188,572853e8ff5b5019007da188,True,unlabelled,seed29|sq:16|split__l1|w80|sq:16|cond=572853e8ff5b5019007da188,False,75,0.9375,False,3,1.0,1.0,1.0,1.0,1.0,1.0,0.0,0.0,0.0,seed29,split,l1,1.0,False,0.5,29
sq:16,squad_groups,split__l1,80,sq:16|cond=572853e8ff5b5019007da188,572853e8ff5b5019007da188,572853e8ff5b5019007da189,False,unlabelled,seed29|sq:16|split__l1|w80|sq:16|cond=572853e8ff5b5019007da188,False,75,0.9375,False,3,1.0,1.0,1.0,1.0,1.0,1.0,0.0,0.0,0.0,seed29,split,l1,1.0,False,0.5,29
sq:16,squad_groups,split__l1,80,sq:16|cond=572853e8ff5b5019007da188,572853e8ff5b5019007da188,572853e8ff5b5019007da18a,False,unlabelled,seed29|sq:16|split__l1|w80|sq:16|cond=572853e8ff5b5019007da188,False,75,0.9375,False,3,0.0,0.0,0.0,0.0,0.8,1.0,0.0,0.8,1.0,seed29,split,l1,1.0,False,0.5,29
sq:16,squad_groups,split__l1,80,sq:16|cond=572853e8ff5b5019007da188,572853e8ff5b5019007da188,572853e8ff5b5019007da18b,False,unlabelled,seed29|sq:16|split__l1|w80|sq:16|cond=572853e8ff5b5019007da188,False,75,0.9375,False,3,0.0,0.0,0.0,1.0,1.0,1.0,1.0,1.0,1.0,seed29,split,l1,1.0,False,0.5,29
sq:16,squad_groups,split__linf,80,sq:16|cond=572853e8ff5b5019007da188,572853e8ff5b5019007da188,572853e8ff5b5019007da188,True,unlabelled,seed29|sq:16|split__linf|w80|sq:16|cond=572853e8ff5b5019007da188,False,71,0.8875,False,1,0.0,0.6666666666666666,0.0,1.0,1.0,1.0,1.0,0.33333333333333337,1.0,seed29,split,linf,,True,1.0,29
sq:16,squad_groups,split__linf,80,sq:16|cond=572853e8ff5b5019007da188,572853e8ff5b5019007da188,572853e8ff5b5019007da189,False,unlabelled,seed29|sq:16|split__linf|w80|sq:16|cond=572853e8ff5b5019007da188,False,71,0.8875,False,1,1.0,1.0,1.0,1.0,1.0,1.0,0.0,0.0,0.0,seed29,split,linf,,True,1.0,29
sq:16,squad_groups,split__linf,80,sq:16|cond=572853e8ff5b5019007da188,572853e8ff5b5019007da188,572853e8ff5b5019007da18a,False,unlabelled,seed29|sq:16|split__linf|w80|sq:16|cond=572853e8ff5b5019007da188,False,71,0.8875,False,1,0.0,0.8,1.0,0.0,0.8,1.0,0.0,0.0,0.0,seed29,split,linf,,True,1.0,29
sq:16,squad_groups,split__linf,80,sq:16|cond=572853e8ff5b5019007da188,572853e8ff5b5019007da188,572853e8ff5b5019007da18b,False,unlabelled,seed29|sq:16|split__linf|w80|sq:16|cond=572853e8ff5b5019007da188,False,71,0.8875,False,1,0.0,0.0,0.0,1.0,1.0,1.0,1.0,1.0,1.0,seed29,split,linf,,True,1.0,29
sq:16,squad_groups,split__l0,80,sq:16|cond=572853e8ff5b5019007da189,572853e8ff5b5019007da189,572853e8ff5b5019007da188,False,unlabelled,seed29|sq:16|split__l0|w80|sq:16|cond=572853e8ff5b5019007da189,False,78,0.975,False,2,1.0,1.0,1.0,1.0,1.0,1.0,0.0,0.0,0.0,seed29,split,l0,0.0,False,0.0,29
sq:16,squad_groups,split__l0,80,sq:16|cond=572853e8ff5b5019007da189,572853e8ff5b5019007da189,572853e8ff5b5019007da189,True,unlabelled,seed29|sq:16|split__l0|w80|sq:16|cond=572853e8ff5b5019007da189,False,78,0.975,False,2,1.0,1.0,1.0,1.0,1.0,1.0,0.0,0.0,0.0,seed29,split,l0,0.0,False,0.0,29
sq:16,squad_groups,split__l0,80,sq:16|cond=572853e8ff5b5019007da189,572853e8ff5b5019007da189,572853e8ff5b5019007da18a,False,unlabelled,seed29|sq:16|split__l0|w80|sq:16|cond=572853e8ff5b5019007da189,False,78,0.975,False,2,0.0,0.0,1.0,0.0,0.8,1.0,0.0,0.8,0.0,seed29,split,l0,0.0,False,0.0,29
sq:16,squad_groups,split__l0,80,sq:16|cond=572853e8ff5b5019007da189,572853e8ff5b5019007da189,572853e8ff5b5019007da18b,False,unlabelled,seed29|sq:16|split__l0|w80|sq:16|cond=572853e8ff5b5019007da189,False,78,0.975,False,2,0.0,0.0,0.0,1.0,1.0,1.0,1.0,1.0,1.0,seed29,split,l0,0.0,False,0.0,29
sq:16,squad_groups,split__l1,80,sq:16|cond=572853e8ff5b5019007da189,572853e8ff5b5019007da189,572853e8ff5b5019007da188,False,unlabelled,seed29|sq:16|split__l1|w80|sq:16|cond=572853e8ff5b5019007da189,False,70,0.875,False,4,0.0,0.6666666666666666,0.0,1.0,1.0,1.0,1.0,0.33333333333333337,1.0,seed29,split,l1,1.0,False,0.5,29
sq:16,squad_groups,split__l1,80,sq:16|cond=572853e8ff5b5019007da189,572853e8ff5b5019007da189,572853e8ff5b5019007da189,True,unlabelled,seed29|sq:16|split__l1|w80|sq:16|cond=572853e8ff5b5019007da189,False,70,0.875,False,4,1.0,1.0,1.0,1.0,1.0,1.0,0.0,0.0,0.0,seed29,split,l1,1.0,False,0.5,29
sq:16,squad_groups,split__l1,80,sq:16|cond=572853e8ff5b5019007da189,572853e8ff5b5019007da189,572853e8ff5b5019007da18a,False,unlabelled,seed29|sq:16|split__l1|w80|sq:16|cond=572853e8ff5b5019007da189,False,70,0.875,False,4,0.0,0.0,1.0,0.0,0.8,1.0,0.0,0.8,0.0,seed29,split,l1,1.0,False,0.5,29
sq:16,squad_groups,split__l1,80,sq:16|cond=572853e8ff5b5019007da189,572853e8ff5b5019007da189,572853e8ff5b5019007da18b,False,unlabelled,seed29|sq:16|split__l1|w80|sq:16|cond=572853e8ff5b5019007da189,False,70,0.875,False,4,0.0,0.0,0.0,1.0,1.0,1.0,1.0,1.0,1.0,seed29,split,l1,1.0,False,0.5,29
sq:16,squad_groups,split__linf,80,sq:16|cond=572853e8ff5b5019007da189,572853e8ff5b5019007da189,572853e8ff5b5019007da188,False,unlabelled,seed29|sq:16|split__linf|w80|sq:16|cond=572853e8ff5b5019007da189,False,75,0.9375,False,1,0.0,0.6666666666666666,0.0,1.0,1.0,1.0,1.0,0.33333333333333337,1.0,seed29,split,linf,,True,1.0,29
sq:16,squad_groups,split__linf,80,sq:16|cond=572853e8ff5b5019007da189,572853e8ff5b5019007da189,572853e8ff5b5019007da189,True,unlabelled,seed29|sq:16|split__linf|w80|sq:16|cond=572853e8ff5b5019007da189,False,75,0.9375,False,1,1.0,1.0,1.0,1.0,1.0,1.0,0.0,0.0,0.0,seed29,split,linf,,True,1.0,29
sq:16,squad_groups,split__linf,80,sq:16|cond=572853e8ff5b5019007da189,572853e8ff5b5019007da189,572853e8ff5b5019007da18a,False,unlabelled,seed29|sq:16|split__linf|w80|sq:16|cond=572853e8ff5b5019007da189,False,75,0.9375,False,1,0.0,0.6666666666666666,1.0,0.0,0.8,1.0,0.0,0.13333333333333341,0.0,seed29,split,linf,,True,1.0,29
sq:16,squad_groups,split__linf,80,sq:16|cond=572853e8ff5b5019007da189,572853e8ff5b5019007da189,572853e8ff5b5019007da18b,False,unlabelled,seed29|sq:16|split__linf|w80|sq:16|cond=572853e8ff5b5019007da189,False,75,0.9375,False,1,0.0,0.0,0.0,1.0,1.0,1.0,1.0,1.0,1.0,seed29,split,linf,,True,1.0,29
sq:16,squad_groups,split__l0,80,sq:16|cond=572853e8ff5b5019007da18a,572853e8ff5b5019007da18a,572853e8ff5b5019007da188,False,unlabelled,seed29|sq:16|split__l0|w80|sq:16|cond=572853e8ff5b5019007da18a,False,69,0.8625,False,1,0.0,0.6666666666666666,0.0,1.0,1.0,1.0,1.0,0.33333333333333337,1.0,seed29,split,l0,0.0,False,0.0,29
sq:16,squad_groups,split__l0,80,sq:16|cond=572853e8ff5b5019007da18a,572853e8ff5b5019007da18a,572853e8ff5b5019007da189,False,unlabelled,seed29|sq:16|split__l0|w80|sq:16|cond=572853e8ff5b5019007da18a,False,69,0.8625,False,1,1.0,1.0,1.0,1.0,1.0,1.0,0.0,0.0,0.0,seed29,split,l0,0.0,False,0.0,29
sq:16,squad_groups,split__l0,80,sq:16|cond=572853e8ff5b5019007da18a,572853e8ff5b5019007da18a,572853e8ff5b5019007da18a,True,unlabelled,seed29|sq:16|split__l0|w80|sq:16|cond=572853e8ff5b5019007da18a,False,69,0.8625,False,1,0.0,0.8,1.0,0.0,0.8,1.0,0.0,0.0,0.0,seed29,split,l0,0.0,False,0.0,29
sq:16,squad_groups,split__l0,80,sq:16|cond=572853e8ff5b5019007da18a,572853e8ff5b5019007da18a,572853e8ff5b5019007da18b,False,unlabelled,seed29|sq:16|split__l0|w80|sq:16|cond=572853e8ff5b5019007da18a,False,69,0.8625,False,1,0.0,0.0,0.0,1.0,1.0,1.0,1.0,1.0,1.0,seed29,split,l0,0.0,False,0.0,29
sq:16,squad_groups,split__l1,80,sq:16|cond=572853e8ff5b5019007da18a,572853e8ff5b5019007da18a,572853e8ff5b5019007da188,False,unlabelled,seed29|sq:16|split__l1|w80|sq:16|cond=572853e8ff5b5019007da18a,False,77,0.9625,False,3,0.0,0.5,0.0,1.0,1.0,1.0,1.0,0.5,1.0,seed29,split,l1,1.0,False,0.5,29
sq:16,squad_groups,split__l1,80,sq:16|cond=572853e8ff5b5019007da18a,572853e8ff5b5019007da18a,572853e8ff5b5019007da189,False,unlabelled,seed29|sq:16|split__l1|w80|sq:16|cond=572853e8ff5b5019007da18a,False,77,0.9625,False,3,1.0,1.0,1.0,1.0,1.0,1.0,0.0,0.0,0.0,seed29,split,l1,1.0,False,0.5,29
sq:16,squad_groups,split__l1,80,sq:16|cond=572853e8ff5b5019007da18a,572853e8ff5b5019007da18a,572853e8ff5b5019007da18a,True,unlabelled,seed29|sq:16|split__l1|w80|sq:16|cond=572853e8ff5b5019007da18a,False,77,0.9625,False,3,0.0,0.8,1.0,0.0,0.8,1.0,0.0,0.0,0.0,seed29,split,l1,1.0,False,0.5,29
sq:16,squad_groups,split__l1,80,sq:16|cond=572853e8ff5b5019007da18a,572853e8ff5b5019007da18a,572853e8ff5b5019007da18b,False,unlabelled,seed29|sq:16|split__l1|w80|sq:16|cond=572853e8ff5b5019007da18a,False,77,0.9625,False,3,1.0,1.0,1.0,1.0,1.0,1.0,0.0,0.0,0.0,seed29,split,l1,1.0,False,0.5,29
sq:16,squad_groups,split__linf,80,sq:16|cond=572853e8ff5b5019007da18a,572853e8ff5b5019007da18a,572853e8ff5b5019007da188,False,unlabelled,seed29|sq:16|split__linf|w80|sq:16|cond=572853e8ff5b5019007da18a,False,77,0.9625,False,1,0.0,0.6666666666666666,0.0,1.0,1.0,1.0,1.0,0.33333333333333337,1.0,seed29,split,linf,,True,1.0,29
sq:16,squad_groups,split__linf,80,sq:16|cond=572853e8ff5b5019007da18a,572853e8ff5b5019007da18a,572853e8ff5b5019007da189,False,unlabelled,seed29|sq:16|split__linf|w80|sq:16|cond=572853e8ff5b5019007da18a,False,77,0.9625,False,1,1.0,1.0,1.0,1.0,1.0,1.0,0.0,0.0,0.0,seed29,split,linf,,True,1.0,29
sq:16,squad_groups,split__linf,80,sq:16|cond=572853e8ff5b5019007da18a,572853e8ff5b5019007da18a,572853e8ff5b5019007da18a,True,unlabelled,seed29|sq:16|split__linf|w80|sq:16|cond=572853e8ff5b5019007da18a,False,77,0.9625,False,1,0.0,0.0,0.0,0.0,0.8,1.0,0.0,0.8,1.0,seed29,split,linf,,True,1.0,29
sq:16,squad_groups,split__linf,80,sq:16|cond=572853e8ff5b5019007da18a,572853e8ff5b5019007da18a,572853e8ff5b5019007da18b,False,unlabelled,seed29|sq:16|split__linf|w80|sq:16|cond=572853e8ff5b5019007da18a,False,77,0.9625,False,1,0.0,0.0,0.0,1.0,1.0,1.0,1.0,1.0,1.0,seed29,split,linf,,True,1.0,29
sq:16,squad_groups,split__l0,80,sq:16|cond=572853e8ff5b5019007da18b,572853e8ff5b5019007da18b,572853e8ff5b5019007da188,False,unlabelled,seed29|sq:16|split__l0|w80|sq:16|cond=572853e8ff5b5019007da18b,False,70,0.875,False,2,0.0,0.5,0.0,1.0,1.0,1.0,1.0,0.5,1.0,seed29,split,l0,0.0,False,0.0,29
sq:16,squad_groups,split__l0,80,sq:16|cond=572853e8ff5b5019007da18b,572853e8ff5b5019007da18b,572853e8ff5b5019007da189,False,unlabelled,seed29|sq:16|split__l0|w80|sq:16|cond=572853e8ff5b5019007da18b,False,70,0.875,False,2,0.0,0.0,0.0,1.0,1.0,1.0,1.0,1.0,1.0,seed29,split,l0,0.0,False,0.0,29
sq:16,squad_groups,split__l0,80,sq:16|cond=572853e8ff5b5019007da18b,572853e8ff5b5019007da18b,572853e8ff5b5019007da18a,False,unlabelled,seed29|sq:16|split__l0|w80|sq:16|cond=572853e8ff5b5019007da18b,False,70,0.875,False,2,0.0,0.8,1.0,0.0,0.8,1.0,0.0,0.0,0.0,seed29,split,l0,0.0,False,0.0,29
sq:16,squad_groups,split__l0,80,sq:16|cond=572853e8ff5b5019007da18b,572853e8ff5b5019007da18b,572853e8ff5b5019007da18b,True,unlabelled,seed29|sq:16|split__l0|w80|sq:16|cond=572853e8ff5b5019007da18b,False,70,0.875,False,2,1.0,1.0,1.0,1.0,1.0,1.0,0.0,0.0,0.0,seed29,split,l0,0.0,False,0.0,29
sq:16,squad_groups,split__l1,80,sq:16|cond=572853e8ff5b5019007da18b,572853e8ff5b5019007da18b,572853e8ff5b5019007da188,False,unlabelled,seed29|sq:16|split__l1|w80|sq:16|cond=572853e8ff5b5019007da18b,False,75,0.9375,False,2,0.0,0.5,0.0,1.0,1.0,1.0,1.0,0.5,1.0,seed29,split,l1,1.0,False,0.5,29
sq:16,squad_groups,split__l1,80,sq:16|cond=572853e8ff5b5019007da18b,572853e8ff5b5019007da18b,572853e8ff5b5019007da189,False,unlabelled,seed29|sq:16|split__l1|w80|sq:16|cond=572853e8ff5b5019007da18b,False,75,0.9375,False,2,1.0,1.0,1.0,1.0,1.0,1.0,0.0,0.0,0.0,seed29,split,l1,1.0,False,0.5,29
sq:16,squad_groups,split__l1,80,sq:16|cond=572853e8ff5b5019007da18b,572853e8ff5b5019007da18b,572853e8ff5b5019007da18a,False,unlabelled,seed29|sq:16|split__l1|w80|sq:16|cond=572853e8ff5b5019007da18b,False,75,0.9375,False,2,0.0,0.8,1.0,0.0,0.8,1.0,0.0,0.0,0.0,seed29,split,l1,1.0,False,0.5,29
sq:16,squad_groups,split__l1,80,sq:16|cond=572853e8ff5b5019007da18b,572853e8ff5b5019007da18b,572853e8ff5b5019007da18b,True,unlabelled,seed29|sq:16|split__l1|w80|sq:16|cond=572853e8ff5b5019007da18b,False,75,0.9375,False,2,0.0,0.0,0.0,1.0,1.0,1.0,1.0,1.0,1.0,seed29,split,l1,1.0,False,0.5,29
sq:16,squad_groups,split__linf,80,sq:16|cond=572853e8ff5b5019007da18b,572853e8ff5b5019007da18b,572853e8ff5b5019007da188,False,unlabelled,seed29|sq:16|split__linf|w80|sq:16|cond=572853e8ff5b5019007da18b,False,77,0.9625,False,1,1.0,1.0,1.0,1.0,1.0,1.0,0.0,0.0,0.0,seed29,split,linf,,True,1.0,29
sq:16,squad_groups,split__linf,80,sq:16|cond=572853e8ff5b5019007da18b,572853e8ff5b5019007da18b,572853e8ff5b5019007da189,False,unlabelled,seed29|sq:16|split__linf|w80|sq:16|cond=572853e8ff5b5019007da18b,False,77,0.9625,False,1,1.0,1.0,1.0,1.0,1.0,1.0,0.0,0.0,0.0,seed29,split,linf,,True,1.0,29
sq:16,squad_groups,split__linf,80,sq:16|cond=572853e8ff5b5019007da18b,572853e8ff5b5019007da18b,572853e8ff5b5019007da18a,False,unlabelled,seed29|sq:16|split__linf|w80|sq:16|cond=572853e8ff5b5019007da18b,False,77,0.9625,False,1,0.0,0.0,1.0,0.0,0.8,1.0,0.0,0.8,0.0,seed29,split,linf,,True,1.0,29
sq:16,squad_groups,split__linf,80,sq:16|cond=572853e8ff5b5019007da18b,572853e8ff5b5019007da18b,572853e8ff5b5019007da18b,True,unlabelled,seed29|sq:16|split__linf|w80|sq:16|cond=572853e8ff5b5019007da18b,False,77,0.9625,False,1,0.0,0.0,0.0,1.0,1.0,1.0,1.0,1.0,1.0,seed29,split,linf,,True,1.0,29
sq:17,squad_groups,split__l0,80,sq:17|cond=572fdb17b2c2fd140056851d,572fdb17b2c2fd140056851d,572fdb17b2c2fd140056851d,True,unlabelled,seed29|sq:17|split__l0|w80|sq:17|cond=572fdb17b2c2fd140056851d,False,78,0.975,False,4,1.0,1.0,1.0,0.0,0.6666666666666666,1.0,-1.0,-0.33333333333333337,0.0,seed29,split,l0,0.0,False,0.0,29
sq:17,squad_groups,split__l0,80,sq:17|cond=572fdb17b2c2fd140056851d,572fdb17b2c2fd140056851d,572fdb17b2c2fd140056851e,False,unlabelled,seed29|sq:17|split__l0|w80|sq:17|cond=572fdb17b2c2fd140056851d,False,78,0.975,False,4,1.0,1.0,1.0,1.0,1.0,1.0,0.0,0.0,0.0,seed29,split,l0,0.0,False,0.0,29
sq:17,squad_groups,split__l0,80,sq:17|cond=572fdb17b2c2fd140056851d,572fdb17b2c2fd140056851d,572fdb17b2c2fd1400568520,False,unlabelled,seed29|sq:17|split__l0|w80|sq:17|cond=572fdb17b2c2fd140056851d,False,78,0.975,False,4,0.0,0.6666666666666665,0.0,0.0,0.5454545454545454,0.0,0.0,-0.1212121212121211,0.0,seed29,split,l0,0.0,False,0.0,29
sq:17,squad_groups,split__l0,80,sq:17|cond=572fdb17b2c2fd140056851d,572fdb17b2c2fd140056851d,572fdb17b2c2fd1400568521,False,unlabelled,seed29|sq:17|split__l0|w80|sq:17|cond=572fdb17b2c2fd140056851d,False,78,0.975,False,4,0.0,0.9333333333333333,1.0,1.0,1.0,1.0,1.0,0.06666666666666665,0.0,seed29,split,l0,0.0,False,0.0,29
sq:17,squad_groups,split__l1,80,sq:17|cond=572fdb17b2c2fd140056851d,572fdb17b2c2fd140056851d,572fdb17b2c2fd140056851d,True,unlabelled,seed29|sq:17|split__l1|w80|sq:17|cond=572fdb17b2c2fd140056851d,False,76,0.95,False,5,0.0,0.0,0.0,0.0,0.6666666666666666,1.0,0.0,0.6666666666666666,1.0,seed29,split,l1,1.0,False,0.5,29
sq:17,squad_groups,split__l1,80,sq:17|cond=572fdb17b2c2fd140056851d,572fdb17b2c2fd140056851d,572fdb17b2c2fd140056851e,False,unlabelled,seed29|sq:17|split__l1|w80|sq:17|cond=572fdb17b2c2fd140056851d,False,76,0.95,False,5,1.0,1.0,1.0,1.0,1.0,1.0,0.0,0.0,0.0,seed29,split,l1,1.0,False,0.5,29
sq:17,squad_groups,split__l1,80,sq:17|cond=572fdb17b2c2fd140056851d,572fdb17b2c2fd140056851d,572fdb17b2c2fd1400568520,False,unlabelled,seed29|sq:17|split__l1|w80|sq:17|cond=572fdb17b2c2fd140056851d,False,76,0.95,False,5,0.0,0.4210526315789474,0.0,0.0,0.5454545454545454,0.0,0.0,0.12440191387559801,0.0,seed29,split,l1,1.0,False,0.5,29
sq:17,squad_groups,split__l1,80,sq:17|cond=572fdb17b2c2fd140056851d,572fdb17b2c2fd140056851d,572fdb17b2c2fd1400568521,False,unlabelled,seed29|sq:17|split__l1|w80|sq:17|cond=572fdb17b2c2fd140056851d,False,76,0.95,False,5,0.0,0.0,0.0,1.0,1.0,1.0,1.0,1.0,1.0,seed29,split,l1,1.0,False,0.5,29
sq:17,squad_groups,split__linf,80,sq:17|cond=572fdb17b2c2fd140056851d,572fdb17b2c2fd140056851d,572fdb17b2c2fd140056851d,True,unlabelled,seed29|sq:17|split__linf|w80|sq:17|cond=572fdb17b2c2fd140056851d,False,70,0.875,False,1,0.0,0.0,0.0,0.0,0.6666666666666666,1.0,0.0,0.6666666666666666,1.0,seed29,split,linf,,True,1.0,29
sq:17,squad_groups,split__linf,80,sq:17|cond=572fdb17b2c2fd140056851d,572fdb17b2c2fd140056851d,572fdb17b2c2fd140056851e,False,unlabelled,seed29|sq:17|split__linf|w80|sq:17|cond=572fdb17b2c2fd140056851d,False,70,0.875,False,1,1.0,1.0,1.0,1.0,1.0,1.0,0.0,0.0,0.0,seed29,split,linf,,True,1.0,29
sq:17,squad_groups,split__linf,80,sq:17|cond=572fdb17b2c2fd140056851d,572fdb17b2c2fd140056851d,572fdb17b2c2fd1400568520,False,unlabelled,seed29|sq:17|split__linf|w80|sq:17|cond=572fdb17b2c2fd140056851d,False,70,0.875,False,1,0.0,0.5,0.0,0.0,0.5454545454545454,0.0,0.0,0.045454545454545414,0.0,seed29,split,linf,,True,1.0,29
sq:17,squad_groups,split__linf,80,sq:17|cond=572fdb17b2c2fd140056851d,572fdb17b2c2fd140056851d,572fdb17b2c2fd1400568521,False,unlabelled,seed29|sq:17|split__linf|w80|sq:17|cond=572fdb17b2c2fd140056851d,False,70,0.875,False,1,1.0,1.0,1.0,1.0,1.0,1.0,0.0,0.0,0.0,seed29,split,linf,,True,1.0,29
sq:17,squad_groups,split__l0,80,sq:17|cond=572fdb17b2c2fd140056851e,572fdb17b2c2fd140056851e,572fdb17b2c2fd140056851d,False,unlabelled,seed29|sq:17|split__l0|w80|sq:17|cond=572fdb17b2c2fd140056851e,False,69,0.8625,False,2,0.0,0.0,0.0,0.0,0.6666666666666666,1.0,0.0,0.6666666666666666,1.0,seed29,split,l0,0.0,False,0.0,29
sq:17,squad_groups,split__l0,80,sq:17|cond=572fdb17b2c2fd140056851e,572fdb17b2c2fd140056851e,572fdb17b2c2fd140056851e,True,unlabelled,seed29|sq:17|split__l0|w80|sq:17|cond=572fdb17b2c2fd140056851e,False,69,0.8625,False,2,1.0,1.0,1.0,1.0,1.0,1.0,0.0,0.0,0.0,seed29,split,l0,0.0,False,0.0,29
sq:17,squad_groups,split__l0,80,sq:17|cond=572fdb17b2c2fd140056851e,572fdb17b2c2fd140056851e,572fdb17b2c2fd1400568520,False,unlabelled,seed29|sq:17|split__l0|w80|sq:17|cond=572fdb17b2c2fd140056851e,False,69,0.8625,False,2,1.0,1.0,1.0,0.0,0.5454545454545454,0.0,-1.0,-0.4545454545454546,-1.0,seed29,split,l0,0.0,False,0.0,29
sq:17,squad_groups,split__l0,80,sq:17|cond=572fdb17b2c2fd140056851e,572fdb17b2c2fd140056851e,572fdb17b2c2fd1400568521,False,unlabelled,seed29|sq:17|split__l0|w80|sq:17|cond=572fdb17b2c2fd140056851e,False,69,0.8625,False,2,0.0,0.16666666666666666,0.0,1.0,1.0,1.0,1.0,0.8333333333333334,1.0,seed29,split,l0,0.0,False,0.0,29
sq:17,squad_groups,split__l1,80,sq:17|cond=572fdb17b2c2fd140056851e,572fdb17b2c2fd140056851e,572fdb17b2c2fd140056851d,False,unlabelled,seed29|sq:17|split__l1|w80|sq:17|cond=572fdb17b2c2fd140056851e,False,58,0.725,True,7,0.0,0.0,0.0,0.0,0.6666666666666666,1.0,0.0,0.6666666666666666,1.0,seed29,split,l1,1.0,False,0.5,29
sq:17,squad_groups,split__l1,80,sq:17|cond=572fdb17b2c2fd140056851e,572fdb17b2c2fd140056851e,572fdb17b2c2fd140056851e,True,unlabelled,seed29|sq:17|split__l1|w80|sq:17|cond=572fdb17b2c2fd140056851e,False,58,0.725,True,7,1.0,1.0,1.0,1.0,1.0,1.0,0.0,0.0,0.0,seed29,split,l1,1.0,False,0.5,29
sq:17,squad_groups,split__l1,80,sq:17|cond=572fdb17b2c2fd140056851e,572fdb17b2c2fd140056851e,572fdb17b2c2fd1400568520,False,unlabelled,seed29|sq:17|split__l1|w80|sq:17|cond=572fdb17b2c2fd140056851e,False,58,0.725,True,7,0.0,0.0,0.0,0.0,0.5454545454545454,0.0,0.0,0.5454545454545454,0.0,seed29,split,l1,1.0,False,0.5,29
sq:17,squad_groups,split__l1,80,sq:17|cond=572fdb17b2c2fd140056851e,572fdb17b2c2fd140056851e,572fdb17b2c2fd1400568521,False,unlabelled,seed29|sq:17|split__l1|w80|sq:17|cond=572fdb17b2c2fd140056851e,False,58,0.725,True,7,0.0,0.16666666666666666,0.0,1.0,1.0,1.0,1.0,0.8333333333333334,1.0,seed29,split,l1,1.0,False,0.5,29
sq:17,squad_groups,split__linf,80,sq:17|cond=572fdb17b2c2fd140056851e,572fdb17b2c2fd140056851e,572fdb17b2c2fd140056851d,False,unlabelled,seed29|sq:17|split__linf|w80|sq:17|cond=572fdb17b2c2fd140056851e,False,79,0.9875,False,3,0.0,0.0,0.0,0.0,0.6666666666666666,1.0,0.0,0.6666666666666666,1.0,seed29,split,linf,,True,1.0,29
sq:17,squad_groups,split__linf,80,sq:17|cond=572fdb17b2c2fd140056851e,572fdb17b2c2fd140056851e,572fdb17b2c2fd140056851e,True,unlabelled,seed29|sq:17|split__linf|w80|sq:17|cond=572fdb17b2c2fd140056851e,False,79,0.9875,False,3,0.0,0.0,0.0,1.0,1.0,1.0,1.0,1.0,1.0,seed29,split,linf,,True,1.0,29
sq:17,squad_groups,split__linf,80,sq:17|cond=572fdb17b2c2fd140056851e,572fdb17b2c2fd140056851e,572fdb17b2c2fd1400568520,False,unlabelled,seed29|sq:17|split__linf|w80|sq:17|cond=572fdb17b2c2fd140056851e,False,79,0.9875,False,3,0.0,0.5,0.0,0.0,0.5454545454545454,0.0,0.0,0.045454545454545414,0.0,seed29,split,linf,,True,1.0,29
sq:17,squad_groups,split__linf,80,sq:17|cond=572fdb17b2c2fd140056851e,572fdb17b2c2fd140056851e,572fdb17b2c2fd1400568521,False,unlabelled,seed29|sq:17|split__linf|w80|sq:17|cond=572fdb17b2c2fd140056851e,False,79,0.9875,False,3,1.0,1.0,1.0,1.0,1.0,1.0,0.0,0.0,0.0,seed29,split,linf,,True,1.0,29
sq:17,squad_groups,split__l0,80,sq:17|cond=572fdb17b2c2fd1400568520,572fdb17b2c2fd1400568520,572fdb17b2c2fd140056851d,False,unlabelled,seed29|sq:17|split__l0|w80|sq:17|cond=572fdb17b2c2fd1400568520,False,80,1.0,False,4,0.0,0.0,0.0,0.0,0.6666666666666666,1.0,0.0,0.6666666666666666,1.0,seed29,split,l0,0.0,False,0.0,29
sq:17,squad_groups,split__l0,80,sq:17|cond=572fdb17b2c2fd1400568520,572fdb17b2c2fd1400568520,572fdb17b2c2fd140056851e,False,unlabelled,seed29|sq:17|split__l0|w80|sq:17|cond=572fdb17b2c2fd1400568520,False,80,1.0,False,4,1.0,1.0,1.0,1.0,1.0,1.0,0.0,0.0,0.0,seed29,split,l0,0.0,False,0.0,29
sq:17,squad_groups,split__l0,80,sq:17|cond=572fdb17b2c2fd1400568520,572fdb17b2c2fd1400568520,572fdb17b2c2fd1400568520,True,unlabelled,seed29|sq:17|split__l0|w80|sq:17|cond=572fdb17b2c2fd1400568520,False,80,1.0,False,4,0.0,0.3333333333333333,0.0,0.0,0.5454545454545454,0.0,0.0,0.2121212121212121,0.0,seed29,split,l0,0.0,False,0.0,29
sq:17,squad_groups,split__l0,80,sq:17|cond=572fdb17b2c2fd1400568520,572fdb17b2c2fd1400568520,572fdb17b2c2fd1400568521,False,unlabelled,seed29|sq:17|split__l0|w80|sq:17|cond=572fdb17b2c2fd1400568520,False,80,1.0,False,4,1.0,1.0,1.0,1.0,1.0,1.0,0.0,0.0,0.0,seed29,split,l0,0.0,False,0.0,29
sq:17,squad_groups,split__l1,80,sq:17|cond=572fdb17b2c2fd1400568520,572fdb17b2c2fd1400568520,572fdb17b2c2fd140056851d,False,unlabelled,seed29|sq:17|split__l1|w80|sq:17|cond=572fdb17b2c2fd1400568520,False,77,0.9625,False,5,0.0,0.0,0.0,0.0,0.6666666666666666,1.0,0.0,0.6666666666666666,1.0,seed29,split,l1,1.0,False,0.5,29
sq:17,squad_groups,split__l1,80,sq:17|cond=572fdb17b2c2fd1400568520,572fdb17b2c2fd1400568520,572fdb17b2c2fd140056851e,False,unlabelled,seed29|sq:17|split__l1|w80|sq:17|cond=572fdb17b2c2fd1400568520,False,77,0.9625,False,5,0.0,0.0,0.0,1.0,1.0,1.0,1.0,1.0,1.0,seed29,split,l1,1.0,False,0.5,29
sq:17,squad_groups,split__l1,80,sq:17|cond=572fdb17b2c2fd1400568520,572fdb17b2c2fd1400568520,572fdb17b2c2fd1400568520,True,unlabelled,seed29|sq:17|split__l1|w80|sq:17|cond=572fdb17b2c2fd1400568520,False,77,0.9625,False,5,0.0,0.46153846153846156,0.0,0.0,0.5454545454545454,0.0,0.0,0.08391608391608385,0.0,seed29,split,l1,1.0,False,0.5,29
sq:17,squad_groups,split__l1,80,sq:17|cond=572fdb17b2c2fd1400568520,572fdb17b2c2fd1400568520,572fdb17b2c2fd1400568521,False,unlabelled,seed29|sq:17|split__l1|w80|sq:17|cond=572fdb17b2c2fd1400568520,False,77,0.9625,False,5,1.0,1.0,1.0,1.0,1.0,1.0,0.0,0.0,0.0,seed29,split,l1,1.0,False,0.5,29
sq:17,squad_groups,split__linf,80,sq:17|cond=572fdb17b2c2fd1400568520,572fdb17b2c2fd1400568520,572fdb17b2c2fd140056851d,False,unlabelled,seed29|sq:17|split__linf|w80|sq:17|cond=572fdb17b2c2fd1400568520,False,79,0.9875,False,3,0.0,0.0,0.0,0.0,0.6666666666666666,1.0,0.0,0.6666666666666666,1.0,seed29,split,linf,,True,1.0,29
sq:17,squad_groups,split__linf,80,sq:17|cond=572fdb17b2c2fd1400568520,572fdb17b2c2fd1400568520,572fdb17b2c2fd140056851e,False,unlabelled,seed29|sq:17|split__linf|w80|sq:17|cond=572fdb17b2c2fd1400568520,False,79,0.9875,False,3,1.0,1.0,1.0,1.0,1.0,1.0,0.0,0.0,0.0,seed29,split,linf,,True,1.0,29
sq:17,squad_groups,split__linf,80,sq:17|cond=572fdb17b2c2fd1400568520,572fdb17b2c2fd1400568520,572fdb17b2c2fd1400568520,True,unlabelled,seed29|sq:17|split__linf|w80|sq:17|cond=572fdb17b2c2fd1400568520,False,79,0.9875,False,3,0.0,0.6666666666666665,0.0,0.0,0.5454545454545454,0.0,0.0,-0.1212121212121211,0.0,seed29,split,linf,,True,1.0,29
sq:17,squad_groups,split__linf,80,sq:17|cond=572fdb17b2c2fd1400568520,572fdb17b2c2fd1400568520,572fdb17b2c2fd1400568521,False,unlabelled,seed29|sq:17|split__linf|w80|sq:17|cond=572fdb17b2c2fd1400568520,False,79,0.9875,False,3,1.0,1.0,1.0,1.0,1.0,1.0,0.0,0.0,0.0,seed29,split,linf,,True,1.0,29
sq:17,squad_groups,split__l0,80,sq:17|cond=572fdb17b2c2fd1400568521,572fdb17b2c2fd1400568521,572fdb17b2c2fd140056851d,False,unlabelled,seed29|sq:17|split__l0|w80|sq:17|cond=572fdb17b2c2fd1400568521,False,73,0.9125,False,2,0.0,0.0,0.0,0.0,0.6666666666666666,1.0,0.0,0.6666666666666666,1.0,seed29,split,l0,0.0,False,0.0,29
sq:17,squad_groups,split__l0,80,sq:17|cond=572fdb17b2c2fd1400568521,572fdb17b2c2fd1400568521,572fdb17b2c2fd140056851e,False,unlabelled,seed29|sq:17|split__l0|w80|sq:17|cond=572fdb17b2c2fd1400568521,False,73,0.9125,False,2,0.0,0.0,0.0,1.0,1.0,1.0,1.0,1.0,1.0,seed29,split,l0,0.0,False,0.0,29
sq:17,squad_groups,split__l0,80,sq:17|cond=572fdb17b2c2fd1400568521,572fdb17b2c2fd1400568521,572fdb17b2c2fd1400568520,False,unlabelled,seed29|sq:17|split__l0|w80|sq:17|cond=572fdb17b2c2fd1400568521,False,73,0.9125,False,2,0.0,0.0,0.0,0.0,0.5454545454545454,0.0,0.0,0.5454545454545454,0.0,seed29,split,l0,0.0,False,0.0,29
sq:17,squad_groups,split__l0,80,sq:17|cond=572fdb17b2c2fd1400568521,572fdb17b2c2fd1400568521,572fdb17b2c2fd1400568521,True,unlabelled,seed29|sq:17|split__l0|w80|sq:17|cond=572fdb17b2c2fd1400568521,False,73,0.9125,False,2,1.0,1.0,1.0,1.0,1.0,1.0,0.0,0.0,0.0,seed29,split,l0,0.0,False,0.0,29
sq:17,squad_groups,split__l1,80,sq:17|cond=572fdb17b2c2fd1400568521,572fdb17b2c2fd1400568521,572fdb17b2c2fd140056851d,False,unlabelled,seed29|sq:17|split__l1|w80|sq:17|cond=572fdb17b2c2fd1400568521,False,61,0.7625,True,8,0.0,0.0,0.0,0.0,0.6666666666666666,1.0,0.0,0.6666666666666666,1.0,seed29,split,l1,1.0,False,0.5,29
sq:17,squad_groups,split__l1,80,sq:17|cond=572fdb17b2c2fd1400568521,572fdb17b2c2fd1400568521,572fdb17b2c2fd140056851e,False,unlabelled,seed29|sq:17|split__l1|w80|sq:17|cond=572fdb17b2c2fd1400568521,False,61,0.7625,True,8,0.0,0.0,0.0,1.0,1.0,1.0,1.0,1.0,1.0,seed29,split,l1,1.0,False,0.5,29
sq:17,squad_groups,split__l1,80,sq:17|cond=572fdb17b2c2fd1400568521,572fdb17b2c2fd1400568521,572fdb17b2c2fd1400568520,False,unlabelled,seed29|sq:17|split__l1|w80|sq:17|cond=572fdb17b2c2fd1400568521,False,61,0.7625,True,8,0.0,0.8571428571428571,1.0,0.0,0.5454545454545454,0.0,0.0,-0.3116883116883117,-1.0,seed29,split,l1,1.0,False,0.5,29
sq:17,squad_groups,split__l1,80,sq:17|cond=572fdb17b2c2fd1400568521,572fdb17b2c2fd1400568521,572fdb17b2c2fd1400568521,True,unlabelled,seed29|sq:17|split__l1|w80|sq:17|cond=572fdb17b2c2fd1400568521,False,61,0.7625,True,8,1.0,1.0,1.0,1.0,1.0,1.0,0.0,0.0,0.0,seed29,split,l1,1.0,False,0.5,29
sq:17,squad_groups,split__linf,80,sq:17|cond=572fdb17b2c2fd1400568521,572fdb17b2c2fd1400568521,572fdb17b2c2fd140056851d,False,unlabelled,seed29|sq:17|split__linf|w80|sq:17|cond=572fdb17b2c2fd1400568521,False,75,0.9375,False,3,0.0,0.5,1.0,0.0,0.6666666666666666,1.0,0.0,0.16666666666666663,0.0,seed29,split,linf,,True,1.0,29
sq:17,squad_groups,split__linf,80,sq:17|cond=572fdb17b2c2fd1400568521,572fdb17b2c2fd1400568521,572fdb17b2c2fd140056851e,False,unlabelled,seed29|sq:17|split__linf|w80|sq:17|cond=572fdb17b2c2fd1400568521,False,75,0.9375,False,3,1.0,1.0,1.0,1.0,1.0,1.0,0.0,0.0,0.0,seed29,split,linf,,True,1.0,29
sq:17,squad_groups,split__linf,80,sq:17|cond=572fdb17b2c2fd1400568521,572fdb17b2c2fd1400568521,572fdb17b2c2fd1400568520,False,unlabelled,seed29|sq:17|split__linf|w80|sq:17|cond=572fdb17b2c2fd1400568521,False,75,0.9375,False,3,0.0,0.5,0.0,0.0,0.5454545454545454,0.0,0.0,0.045454545454545414,0.0,seed29,split,linf,,True,1.0,29
sq:17,squad_groups,split__linf,80,sq:17|cond=572fdb17b2c2fd1400568521,572fdb17b2c2fd1400568521,572fdb17b2c2fd1400568521,True,unlabelled,seed29|sq:17|split__linf|w80|sq:17|cond=572fdb17b2c2fd1400568521,False,75,0.9375,False,3,1.0,1.0,1.0,1.0,1.0,1.0,0.0,0.0,0.0,seed29,split,linf,,True,1.0,29
sq:18,squad_groups,split__l0,80,sq:18|cond=5733f8dc4776f419006615f7,5733f8dc4776f419006615f7,5733f8dc4776f419006615f7,True,unlabelled,seed29|sq:18|split__l0|w80|sq:18|cond=5733f8dc4776f419006615f7,False,75,0.9375,False,3,1.0,1.0,1.0,1.0,1.0,1.0,0.0,0.0,0.0,seed29,split,l0,0.0,False,0.0,29
sq:18,squad_groups,split__l0,80,sq:18|cond=5733f8dc4776f419006615f7,5733f8dc4776f419006615f7,5733f8dc4776f419006615f8,False,unlabelled,seed29|sq:18|split__l0|w80|sq:18|cond=5733f8dc4776f419006615f7,False,75,0.9375,False,3,0.0,0.5,1.0,1.0,1.0,1.0,1.0,0.5,0.0,seed29,split,l0,0.0,False,0.0,29
sq:18,squad_groups,split__l0,80,sq:18|cond=5733f8dc4776f419006615f7,5733f8dc4776f419006615f7,5733f8dc4776f419006615f9,False,unlabelled,seed29|sq:18|split__l0|w80|sq:18|cond=5733f8dc4776f419006615f7,False,75,0.9375,False,3,0.0,0.0,0.0,0.0,0.0,0.0,0.0,0.0,0.0,seed29,split,l0,0.0,False,0.0,29
sq:18,squad_groups,split__l0,80,sq:18|cond=5733f8dc4776f419006615f7,5733f8dc4776f419006615f7,5733f8dc4776f419006615fb,False,unlabelled,seed29|sq:18|split__l0|w80|sq:18|cond=5733f8dc4776f419006615f7,False,75,0.9375,False,3,0.0,0.0,0.0,1.0,1.0,1.0,1.0,1.0,1.0,seed29,split,l0,0.0,False,0.0,29
sq:18,squad_groups,split__l1,80,sq:18|cond=5733f8dc4776f419006615f7,5733f8dc4776f419006615f7,5733f8dc4776f419006615f7,True,unlabelled,seed29|sq:18|split__l1|w80|sq:18|cond=5733f8dc4776f419006615f7,False,77,0.9625,False,4,1.0,1.0,1.0,1.0,1.0,1.0,0.0,0.0,0.0,seed29,split,l1,1.0,False,0.5,29
sq:18,squad_groups,split__l1,80,sq:18|cond=5733f8dc4776f419006615f7,5733f8dc4776f419006615f7,5733f8dc4776f419006615f8,False,unlabelled,seed29|sq:18|split__l1|w80|sq:18|cond=5733f8dc4776f419006615f7,False,77,0.9625,False,4,0.0,0.4444444444444444,1.0,1.0,1.0,1.0,1.0,0.5555555555555556,0.0,seed29,split,l1,1.0,False,0.5,29
sq:18,squad_groups,split__l1,80,sq:18|cond=5733f8dc4776f419006615f7,5733f8dc4776f419006615f7,5733f8dc4776f419006615f9,False,unlabelled,seed29|sq:18|split__l1|w80|sq:18|cond=5733f8dc4776f419006615f7,False,77,0.9625,False,4,0.0,0.0,0.0,0.0,0.0,0.0,0.0,0.0,0.0,seed29,split,l1,1.0,False,0.5,29
sq:18,squad_groups,split__l1,80,sq:18|cond=5733f8dc4776f419006615f7,5733f8dc4776f419006615f7,5733f8dc4776f419006615fb,False,unlabelled,seed29|sq:18|split__l1|w80|sq:18|cond=5733f8dc4776f419006615f7,False,77,0.9625,False,4,0.0,0.0,0.0,1.0,1.0,1.0,1.0,1.0,1.0,seed29,split,l1,1.0,False,0.5,29
sq:18,squad_groups,split__linf,80,sq:18|cond=5733f8dc4776f419006615f7,5733f8dc4776f419006615f7,5733f8dc4776f419006615f7,True,unlabelled,seed29|sq:18|split__linf|w80|sq:18|cond=5733f8dc4776f419006615f7,False,70,0.875,False,1,1.0,1.0,1.0,1.0,1.0,1.0,0.0,0.0,0.0,seed29,split,linf,,True,1.0,29
sq:18,squad_groups,split__linf,80,sq:18|cond=5733f8dc4776f419006615f7,5733f8dc4776f419006615f7,5733f8dc4776f419006615f8,False,unlabelled,seed29|sq:18|split__linf|w80|sq:18|cond=5733f8dc4776f419006615f7,False,70,0.875,False,1,0.0,0.4444444444444444,1.0,1.0,1.0,1.0,1.0,0.5555555555555556,0.0,seed29,split,linf,,True,1.0,29
sq:18,squad_groups,split__linf,80,sq:18|cond=5733f8dc4776f419006615f7,5733f8dc4776f419006615f7,5733f8dc4776f419006615f9,False,unlabelled,seed29|sq:18|split__linf|w80|sq:18|cond=5733f8dc4776f419006615f7,False,70,0.875,False,1,0.0,0.0,0.0,0.0,0.0,0.0,0.0,0.0,0.0,seed29,split,linf,,True,1.0,29
sq:18,squad_groups,split__linf,80,sq:18|cond=5733f8dc4776f419006615f7,5733f8dc4776f419006615f7,5733f8dc4776f419006615fb,False,unlabelled,seed29|sq:18|split__linf|w80|sq:18|cond=5733f8dc4776f419006615f7,False,70,0.875,False,1,0.0,0.0,0.0,1.0,1.0,1.0,1.0,1.0,1.0,seed29,split,linf,,True,1.0,29
sq:18,squad_groups,split__l0,80,sq:18|cond=5733f8dc4776f419006615f8,5733f8dc4776f419006615f8,5733f8dc4776f419006615f7,False,unlabelled,seed29|sq:18|split__l0|w80|sq:18|cond=5733f8dc4776f419006615f8,False,73,0.9125,False,3,0.0,0.5,1.0,1.0,1.0,1.0,1.0,0.5,0.0,seed29,split,l0,0.0,False,0.0,29
sq:18,squad_groups,split__l0,80,sq:18|cond=5733f8dc4776f419006615f8,5733f8dc4776f419006615f8,5733f8dc4776f419006615f8,True,unlabelled,seed29|sq:18|split__l0|w80|sq:18|cond=5733f8dc4776f419006615f8,False,73,0.9125,False,3,0.0,0.25,1.0,1.0,1.0,1.0,1.0,0.75,0.0,seed29,split,l0,0.0,False,0.0,29
sq:18,squad_groups,split__l0,80,sq:18|cond=5733f8dc4776f419006615f8,5733f8dc4776f419006615f8,5733f8dc4776f419006615f9,False,unlabelled,seed29|sq:18|split__l0|w80|sq:18|cond=5733f8dc4776f419006615f8,False,73,0.9125,False,3,0.0,0.0,0.0,0.0,0.0,0.0,0.0,0.0,0.0,seed29,split,l0,0.0,False,0.0,29
sq:18,squad_groups,split__l0,80,sq:18|cond=5733f8dc4776f419006615f8,5733f8dc4776f419006615f8,5733f8dc4776f419006615fb,False,unlabelled,seed29|sq:18|split__l0|w80|sq:18|cond=5733f8dc4776f419006615f8,False,73,0.9125,False,3,0.0,0.0,0.0,1.0,1.0,1.0,1.0,1.0,1.0,seed29,split,l0,0.0,False,0.0,29
sq:18,squad_groups,split__l1,80,sq:18|cond=5733f8dc4776f419006615f8,5733f8dc4776f419006615f8,5733f8dc4776f419006615f7,False,unlabelled,seed29|sq:18|split__l1|w80|sq:18|cond=5733f8dc4776f419006615f8,False,75,0.9375,False,4,0.0,0.5,1.0,1.0,1.0,1.0,1.0,0.5,0.0,seed29,split,l1,1.0,False,0.5,29
sq:18,squad_groups,split__l1,80,sq:18|cond=5733f8dc4776f419006615f8,5733f8dc4776f419006615f8,5733f8dc4776f419006615f8,True,unlabelled,seed29|sq:18|split__l1|w80|sq:18|cond=5733f8dc4776f419006615f8,False,75,0.9375,False,4,1.0,1.0,1.0,1.0,1.0,1.0,0.0,0.0,0.0,seed29,split,l1,1.0,False,0.5,29
sq:18,squad_groups,split__l1,80,sq:18|cond=5733f8dc4776f419006615f8,5733f8dc4776f419006615f8,5733f8dc4776f419006615f9,False,unlabelled,seed29|sq:18|split__l1|w80|sq:18|cond=5733f8dc4776f419006615f8,False,75,0.9375,False,4,0.0,0.0,0.0,0.0,0.0,0.0,0.0,0.0,0.0,seed29,split,l1,1.0,False,0.5,29
sq:18,squad_groups,split__l1,80,sq:18|cond=5733f8dc4776f419006615f8,5733f8dc4776f419006615f8,5733f8dc4776f419006615fb,False,unlabelled,seed29|sq:18|split__l1|w80|sq:18|cond=5733f8dc4776f419006615f8,False,75,0.9375,False,4,1.0,1.0,1.0,1.0,1.0,1.0,0.0,0.0,0.0,seed29,split,l1,1.0,False,0.5,29
sq:18,squad_groups,split__linf,80,sq:18|cond=5733f8dc4776f419006615f8,5733f8dc4776f419006615f8,5733f8dc4776f419006615f7,False,unlabelled,seed29|sq:18|split__linf|w80|sq:18|cond=5733f8dc4776f419006615f8,False,76,0.95,False,1,0.0,0.5,1.0,1.0,1.0,1.0,1.0,0.5,0.0,seed29,split,linf,,True,1.0,29
sq:18,squad_groups,split__linf,80,sq:18|cond=5733f8dc4776f419006615f8,5733f8dc4776f419006615f8,5733f8dc4776f419006615f8,True,unlabelled,seed29|sq:18|split__linf|w80|sq:18|cond=5733f8dc4776f419006615f8,False,76,0.95,False,1,0.0,0.5,1.0,1.0,1.0,1.0,1.0,0.5,0.0,seed29,split,linf,,True,1.0,29
sq:18,squad_groups,split__linf,80,sq:18|cond=5733f8dc4776f419006615f8,5733f8dc4776f419006615f8,5733f8dc4776f419006615f9,False,unlabelled,seed29|sq:18|split__linf|w80|sq:18|cond=5733f8dc4776f419006615f8,False,76,0.95,False,1,0.0,0.0,0.0,0.0,0.0,0.0,0.0,0.0,0.0,seed29,split,linf,,True,1.0,29
sq:18,squad_groups,split__linf,80,sq:18|cond=5733f8dc4776f419006615f8,5733f8dc4776f419006615f8,5733f8dc4776f419006615fb,False,unlabelled,seed29|sq:18|split__linf|w80|sq:18|cond=5733f8dc4776f419006615f8,False,76,0.95,False,1,1.0,1.0,1.0,1.0,1.0,1.0,0.0,0.0,0.0,seed29,split,linf,,True,1.0,29
sq:18,squad_groups,split__l0,80,sq:18|cond=5733f8dc4776f419006615f9,5733f8dc4776f419006615f9,5733f8dc4776f419006615f7,False,unlabelled,seed29|sq:18|split__l0|w80|sq:18|cond=5733f8dc4776f419006615f9,False,75,0.9375,False,2,0.0,0.5714285714285715,1.0,1.0,1.0,1.0,1.0,0.4285714285714285,0.0,seed29,split,l0,0.0,False,0.0,29
sq:18,squad_groups,split__l0,80,sq:18|cond=5733f8dc4776f419006615f9,5733f8dc4776f419006615f9,5733f8dc4776f419006615f8,False,unlabelled,seed29|sq:18|split__l0|w80|sq:18|cond=5733f8dc4776f419006615f9,False,75,0.9375,False,2,0.0,0.2,0.0,1.0,1.0,1.0,1.0,0.8,1.0,seed29,split,l0,0.0,False,0.0,29
sq:18,squad_groups,split__l0,80,sq:18|cond=5733f8dc4776f419006615f9,5733f8dc4776f419006615f9,5733f8dc4776f419006615f9,True,unlabelled,seed29|sq:18|split__l0|w80|sq:18|cond=5733f8dc4776f419006615f9,False,75,0.9375,False,2,0.0,0.0,1.0,0.0,0.0,0.0,0.0,0.0,-1.0,seed29,split,l0,0.0,False,0.0,29
sq:18,squad_groups,split__l0,80,sq:18|cond=5733f8dc4776f419006615f9,5733f8dc4776f419006615f9,5733f8dc4776f419006615fb,False,unlabelled,seed29|sq:18|split__l0|w80|sq:18|cond=5733f8dc4776f419006615f9,False,75,0.9375,False,2,1.0,1.0,1.0,1.0,1.0,1.0,0.0,0.0,0.0,seed29,split,l0,0.0,False,0.0,29
sq:18,squad_groups,split__l1,80,sq:18|cond=5733f8dc4776f419006615f9,5733f8dc4776f419006615f9,5733f8dc4776f419006615f7,False,unlabelled,seed29|sq:18|split__l1|w80|sq:18|cond=5733f8dc4776f419006615f9,False,76,0.95,False,2,1.0,1.0,1.0,1.0,1.0,1.0,0.0,0.0,0.0,seed29,split,l1,1.0,False,0.5,29
sq:18,squad_groups,split__l1,80,sq:18|cond=5733f8dc4776f419006615f9,5733f8dc4776f419006615f9,5733f8dc4776f419006615f8,False,unlabelled,seed29|sq:18|split__l1|w80|sq:18|cond=5733f8dc4776f419006615f9,False,76,0.95,False,2,1.0,1.0,1.0,1.0,1.0,1.0,0.0,0.0,0.0,seed29,split,l1,1.0,False,0.5,29
sq:18,squad_groups,split__l1,80,sq:18|cond=5733f8dc4776f419006615f9,5733f8dc4776f419006615f9,5733f8dc4776f419006615f9,True,unlabelled,seed29|sq:18|split__l1|w80|sq:18|cond=5733f8dc4776f419006615f9,False,76,0.95,False,2,0.0,0.0,1.0,0.0,0.0,0.0,0.0,0.0,-1.0,seed29,split,l1,1.0,False,0.5,29
sq:18,squad_groups,split__l1,80,sq:18|cond=5733f8dc4776f419006615f9,5733f8dc4776f419006615f9,5733f8dc4776f419006615fb,False,unlabelled,seed29|sq:18|split__l1|w80|sq:18|cond=5733f8dc4776f419006615f9,False,76,0.95,False,2,1.0,1.0,1.0,1.0,1.0,1.0,0.0,0.0,0.0,seed29,split,l1,1.0,False,0.5,29
sq:18,squad_groups,split__linf,80,sq:18|cond=5733f8dc4776f419006615f9,5733f8dc4776f419006615f9,5733f8dc4776f419006615f7,False,unlabelled,seed29|sq:18|split__linf|w80|sq:18|cond=5733f8dc4776f419006615f9,False,76,0.95,False,3,1.0,1.0,1.0,1.0,1.0,1.0,0.0,0.0,0.0,seed29,split,linf,,True,1.0,29
sq:18,squad_groups,split__linf,80,sq:18|cond=5733f8dc4776f419006615f9,5733f8dc4776f419006615f9,5733f8dc4776f419006615f8,False,unlabelled,seed29|sq:18|split__linf|w80|sq:18|cond=5733f8dc4776f419006615f9,False,76,0.95,False,3,0.0,0.5454545454545454,1.0,1.0,1.0,1.0,1.0,0.4545454545454546,0.0,seed29,split,linf,,True,1.0,29
sq:18,squad_groups,split__linf,80,sq:18|cond=5733f8dc4776f419006615f9,5733f8dc4776f419006615f9,5733f8dc4776f419006615f9,True,unlabelled,seed29|sq:18|split__linf|w80|sq:18|cond=5733f8dc4776f419006615f9,False,76,0.95,False,3,0.0,0.0,0.0,0.0,0.0,0.0,0.0,0.0,0.0,seed29,split,linf,,True,1.0,29
sq:18,squad_groups,split__linf,80,sq:18|cond=5733f8dc4776f419006615f9,5733f8dc4776f419006615f9,5733f8dc4776f419006615fb,False,unlabelled,seed29|sq:18|split__linf|w80|sq:18|cond=5733f8dc4776f419006615f9,False,76,0.95,False,3,1.0,1.0,1.0,1.0,1.0,1.0,0.0,0.0,0.0,seed29,split,linf,,True,1.0,29
sq:18,squad_groups,split__l0,80,sq:18|cond=5733f8dc4776f419006615fb,5733f8dc4776f419006615fb,5733f8dc4776f419006615f7,False,unlabelled,seed29|sq:18|split__l0|w80|sq:18|cond=5733f8dc4776f419006615fb,False,70,0.875,False,4,0.0,0.6666666666666666,0.0,1.0,1.0,1.0,1.0,0.33333333333333337,1.0,seed29,split,l0,0.0,False,0.0,29
sq:18,squad_groups,split__l0,80,sq:18|cond=5733f8dc4776f419006615fb,5733f8dc4776f419006615fb,5733f8dc4776f419006615f8,False,unlabelled,seed29|sq:18|split__l0|w80|sq:18|cond=5733f8dc4776f419006615fb,False,70,0.875,False,4,0.0,0.0,0.0,1.0,1.0,1.0,1.0,1.0,1.0,seed29,split,l0,0.0,False,0.0,29
sq:18,squad_groups,split__l0,80,sq:18|cond=5733f8dc4776f419006615fb,5733f8dc4776f419006615fb,5733f8dc4776f419006615f9,False,unlabelled,seed29|sq:18|split__l0|w80|sq:18|cond=5733f8dc4776f419006615fb,False,70,0.875,False,4,0.0,0.0,0.0,0.0,0.0,0.0,0.0,0.0,0.0,seed29,split,l0,0.0,False,0.0,29
sq:18,squad_groups,split__l0,80,sq:18|cond=5733f8dc4776f419006615fb,5733f8dc4776f419006615fb,5733f8dc4776f419006615fb,True,unlabelled,seed29|sq:18|split__l0|w80|sq:18|cond=5733f8dc4776f419006615fb,False,70,0.875,False,4,1.0,1.0,1.0,1.0,1.0,1.0,0.0,0.0,0.0,seed29,split,l0,0.0,False,0.0,29
sq:18,squad_groups,split__l1,80,sq:18|cond=5733f8dc4776f419006615fb,5733f8dc4776f419006615fb,5733f8dc4776f419006615f7,False,unlabelled,seed29|sq:18|split__l1|w80|sq:18|cond=5733f8dc4776f419006615fb,False,71,0.8875,False,4,1.0,1.0,1.0,1.0,1.0,1.0,0.0,0.0,0.0,seed29,split,l1,1.0,False,0.5,29
sq:18,squad_groups,split__l1,80,sq:18|cond=5733f8dc4776f419006615fb,5733f8dc4776f419006615fb,5733f8dc4776f419006615f8,False,unlabelled,seed29|sq:18|split__l1|w80|sq:18|cond=5733f8dc4776f419006615fb,False,71,0.8875,False,4,0.0,0.0,0.0,1.0,1.0,1.0,1.0,1.0,1.0,seed29,split,l1,1.0,False,0.5,29
sq:18,squad_groups,split__l1,80,sq:18|cond=5733f8dc4776f419006615fb,5733f8dc4776f419006615fb,5733f8dc4776f419006615f9,False,unlabelled,seed29|sq:18|split__l1|w80|sq:18|cond=5733f8dc4776f419006615fb,False,71,0.8875,False,4,0.0,0.0,0.0,0.0,0.0,0.0,0.0,0.0,0.0,seed29,split,l1,1.0,False,0.5,29
sq:18,squad_groups,split__l1,80,sq:18|cond=5733f8dc4776f419006615fb,5733f8dc4776f419006615fb,5733f8dc4776f419006615fb,True,unlabelled,seed29|sq:18|split__l1|w80|sq:18|cond=5733f8dc4776f419006615fb,False,71,0.8875,False,4,1.0,1.0,1.0,1.0,1.0,1.0,0.0,0.0,0.0,seed29,split,l1,1.0,False,0.5,29
sq:18,squad_groups,split__linf,80,sq:18|cond=5733f8dc4776f419006615fb,5733f8dc4776f419006615fb,5733f8dc4776f419006615f7,False,unlabelled,seed29|sq:18|split__linf|w80|sq:18|cond=5733f8dc4776f419006615fb,False,80,1.0,False,1,1.0,1.0,1.0,1.0,1.0,1.0,0.0,0.0,0.0,seed29,split,linf,,True,1.0,29
sq:18,squad_groups,split__linf,80,sq:18|cond=5733f8dc4776f419006615fb,5733f8dc4776f419006615fb,5733f8dc4776f419006615f8,False,unlabelled,seed29|sq:18|split__linf|w80|sq:18|cond=5733f8dc4776f419006615fb,False,80,1.0,False,1,0.0,0.4615384615384615,0.0,1.0,1.0,1.0,1.0,0.5384615384615385,1.0,seed29,split,linf,,True,1.0,29
sq:18,squad_groups,split__linf,80,sq:18|cond=5733f8dc4776f419006615fb,5733f8dc4776f419006615fb,5733f8dc4776f419006615f9,False,unlabelled,seed29|sq:18|split__linf|w80|sq:18|cond=5733f8dc4776f419006615fb,False,80,1.0,False,1,0.0,0.0,0.0,0.0,0.0,0.0,0.0,0.0,0.0,seed29,split,linf,,True,1.0,29
sq:18,squad_groups,split__linf,80,sq:18|cond=5733f8dc4776f419006615fb,5733f8dc4776f419006615fb,5733f8dc4776f419006615fb,True,unlabelled,seed29|sq:18|split__linf|w80|sq:18|cond=5733f8dc4776f419006615fb,False,80,1.0,False,1,1.0,1.0,1.0,1.0,1.0,1.0,0.0,0.0,0.0,seed29,split,linf,,True,1.0,29
sq:19,squad_groups,split__l0,80,sq:19|cond=56e1c720e3433e140042316a,56e1c720e3433e140042316a,56e1c720e3433e140042316a,True,unlabelled,seed29|sq:19|split__l0|w80|sq:19|cond=56e1c720e3433e140042316a,False,72,0.9,False,2,0.0,0.0,1.0,1.0,1.0,1.0,1.0,1.0,0.0,seed29,split,l0,0.0,False,0.0,29
sq:19,squad_groups,split__l0,80,sq:19|cond=56e1c720e3433e140042316a,56e1c720e3433e140042316a,56e1c720e3433e140042316b,False,unlabelled,seed29|sq:19|split__l0|w80|sq:19|cond=56e1c720e3433e140042316a,False,72,0.9,False,2,0.0,0.0,0.0,0.0,0.0,0.0,0.0,0.0,0.0,seed29,split,l0,0.0,False,0.0,29
sq:19,squad_groups,split__l0,80,sq:19|cond=56e1c720e3433e140042316a,56e1c720e3433e140042316a,56e1c720e3433e140042316c,False,unlabelled,seed29|sq:19|split__l0|w80|sq:19|cond=56e1c720e3433e140042316a,False,72,0.9,False,2,0.0,0.5454545454545454,1.0,1.0,1.0,1.0,1.0,0.4545454545454546,0.0,seed29,split,l0,0.0,False,0.0,29
sq:19,squad_groups,split__l0,80,sq:19|cond=56e1c720e3433e140042316a,56e1c720e3433e140042316a,56e1c720e3433e140042316d,False,unlabelled,seed29|sq:19|split__l0|w80|sq:19|cond=56e1c720e3433e140042316a,False,72,0.9,False,2,0.0,0.0,0.0,0.0,0.4,0.0,0.0,0.4,0.0,seed29,split,l0,0.0,False,0.0,29
sq:19,squad_groups,split__l1,80,sq:19|cond=56e1c720e3433e140042316a,56e1c720e3433e140042316a,56e1c720e3433e140042316a,True,unlabelled,seed29|sq:19|split__l1|w80|sq:19|cond=56e1c720e3433e140042316a,False,75,0.9375,False,3,0.0,0.0,0.0,1.0,1.0,1.0,1.0,1.0,1.0,seed29,split,l1,1.0,False,0.5,29
sq:19,squad_groups,split__l1,80,sq:19|cond=56e1c720e3433e140042316a,56e1c720e3433e140042316a,56e1c720e3433e140042316b,False,unlabelled,seed29|sq:19|split__l1|w80|sq:19|cond=56e1c720e3433e140042316a,False,75,0.9375,False,3,0.0,0.0,0.0,0.0,0.0,0.0,0.0,0.0,0.0,seed29,split,l1,1.0,False,0.5,29
sq:19,squad_groups,split__l1,80,sq:19|cond=56e1c720e3433e140042316a,56e1c720e3433e140042316a,56e1c720e3433e140042316c,False,unlabelled,seed29|sq:19|split__l1|w80|sq:19|cond=56e1c720e3433e140042316a,False,75,0.9375,False,3,1.0,1.0,1.0,1.0,1.0,1.0,0.0,0.0,0.0,seed29,split,l1,1.0,False,0.5,29
sq:19,squad_groups,split__l1,80,sq:19|cond=56e1c720e3433e140042316a,56e1c720e3433e140042316a,56e1c720e3433e140042316d,False,unlabelled,seed29|sq:19|split__l1|w80|sq:19|cond=56e1c720e3433e140042316a,False,75,0.9375,False,3,1.0,1.0,1.0,0.0,0.4,0.0,-1.0,-0.6,-1.0,seed29,split,l1,1.0,False,0.5,29
sq:19,squad_groups,split__linf,80,sq:19|cond=56e1c720e3433e140042316a,56e1c720e3433e140042316a,56e1c720e3433e140042316a,True,unlabelled,seed29|sq:19|split__linf|w80|sq:19|cond=56e1c720e3433e140042316a,False,76,0.95,False,1,0.0,0.0,0.0,1.0,1.0,1.0,1.0,1.0,1.0,seed29,split,linf,,True,1.0,29
sq:19,squad_groups,split__linf,80,sq:19|cond=56e1c720e3433e140042316a,56e1c720e3433e140042316a,56e1c720e3433e140042316b,False,unlabelled,seed29|sq:19|split__linf|w80|sq:19|cond=56e1c720e3433e140042316a,False,76,0.95,False,1,1.0,1.0,1.0,0.0,0.0,0.0,-1.0,-1.0,-1.0,seed29,split,linf,,True,1.0,29
sq:19,squad_groups,split__linf,80,sq:19|cond=56e1c720e3433e140042316a,56e1c720e3433e140042316a,56e1c720e3433e140042316c,False,unlabelled,seed29|sq:19|split__linf|w80|sq:19|cond=56e1c720e3433e140042316a,False,76,0.95,False,1,0.0,0.5714285714285714,0.0,1.0,1.0,1.0,1.0,0.4285714285714286,1.0,seed29,split,linf,,True,1.0,29
sq:19,squad_groups,split__linf,80,sq:19|cond=56e1c720e3433e140042316a,56e1c720e3433e140042316a,56e1c720e3433e140042316d,False,unlabelled,seed29|sq:19|split__linf|w80|sq:19|cond=56e1c720e3433e140042316a,False,76,0.95,False,1,0.0,0.0,0.0,0.0,0.4,0.0,0.0,0.4,0.0,seed29,split,linf,,True,1.0,29
sq:19,squad_groups,split__l0,80,sq:19|cond=56e1c720e3433e140042316b,56e1c720e3433e140042316b,56e1c720e3433e140042316a,False,unlabelled,seed29|sq:19|split__l0|w80|sq:19|cond=56e1c720e3433e140042316b,False,73,0.9125,False,2,0.0,0.0,1.0,1.0,1.0,1.0,1.0,1.0,0.0,seed29,split,l0,0.0,False,0.0,29
sq:19,squad_groups,split__l0,80,sq:19|cond=56e1c720e3433e140042316b,56e1c720e3433e140042316b,56e1c720e3433e140042316b,True,unlabelled,seed29|sq:19|split__l0|w80|sq:19|cond=56e1c720e3433e140042316b,False,73,0.9125,False,2,1.0,1.0,1.0,0.0,0.0,0.0,-1.0,-1.0,-1.0,seed29,split,l0,0.0,False,0.0,29
sq:19,squad_groups,split__l0,80,sq:19|cond=56e1c720e3433e140042316b,56e1c720e3433e140042316b,56e1c720e3433e140042316c,False,unlabelled,seed29|sq:19|split__l0|w80|sq:19|cond=56e1c720e3433e140042316b,False,73,0.9125,False,2,0.0,0.5454545454545454,1.0,1.0,1.0,1.0,1.0,0.4545454545454546,0.0,seed29,split,l0,0.0,False,0.0,29
sq:19,squad_groups,split__l0,80,sq:19|cond=56e1c720e3433e140042316b,56e1c720e3433e140042316b,56e1c720e3433e140042316d,False,unlabelled,seed29|sq:19|split__l0|w80|sq:19|cond=56e1c720e3433e140042316b,False,73,0.9125,False,2,0.0,0.28571428571428575,0.0,0.0,0.4,0.0,0.0,0.11428571428571427,0.0,seed29,split,l0,0.0,False,0.0,29
sq:19,squad_groups,split__l1,80,sq:19|cond=56e1c720e3433e140042316b,56e1c720e3433e140042316b,56e1c720e3433e140042316a,False,unlabelled,seed29|sq:19|split__l1|w80|sq:19|cond=56e1c720e3433e140042316b,False,71,0.8875,False,3,0.0,0.0,1.0,1.0,1.0,1.0,1.0,1.0,0.0,seed29,split,l1,1.0,False,0.5,29
sq:19,squad_groups,split__l1,80,sq:19|cond=56e1c720e3433e140042316b,56e1c720e3433e140042316b,56e1c720e3433e140042316b,True,unlabelled,seed29|sq:19|split__l1|w80|sq:19|cond=56e1c720e3433e140042316b,False,71,0.8875,False,3,1.0,1.0,1.0,0.0,0.0,0.0,-1.0,-1.0,-1.0,seed29,split,l1,1.0,False,0.5,29
sq:19,squad_groups,split__l1,80,sq:19|cond=56e1c720e3433e140042316b,56e1c720e3433e140042316b,56e1c720e3433e140042316c,False,unlabelled,seed29|sq:19|split__l1|w80|sq:19|cond=56e1c720e3433e140042316b,False,71,0.8875,False,3,0.0,0.5,0.0,1.0,1.0,1.0,1.0,0.5,1.0,seed29,split,l1,1.0,False,0.5,29
sq:19,squad_groups,split__l1,80,sq:19|cond=56e1c720e3433e140042316b,56e1c720e3433e140042316b,56e1c720e3433e140042316d,False,unlabelled,seed29|sq:19|split__l1|w80|sq:19|cond=56e1c720e3433e140042316b,False,71,0.8875,False,3,0.0,0.0,0.0,0.0,0.4,0.0,0.0,0.4,0.0,seed29,split,l1,1.0,False,0.5,29
sq:19,squad_groups,split__linf,80,sq:19|cond=56e1c720e3433e140042316b,56e1c720e3433e140042316b,56e1c720e3433e140042316a,False,unlabelled,seed29|sq:19|split__linf|w80|sq:19|cond=56e1c720e3433e140042316b,False,73,0.9125,False,1,0.0,0.6666666666666666,1.0,1.0,1.0,1.0,1.0,0.33333333333333337,0.0,seed29,split,linf,,True,1.0,29
sq:19,squad_groups,split__linf,80,sq:19|cond=56e1c720e3433e140042316b,56e1c720e3433e140042316b,56e1c720e3433e140042316b,True,unlabelled,seed29|sq:19|split__linf|w80|sq:19|cond=56e1c720e3433e140042316b,False,73,0.9125,False,1,0.0,0.0,0.0,0.0,0.0,0.0,0.0,0.0,0.0,seed29,split,linf,,True,1.0,29
sq:19,squad_groups,split__linf,80,sq:19|cond=56e1c720e3433e140042316b,56e1c720e3433e140042316b,56e1c720e3433e140042316c,False,unlabelled,seed29|sq:19|split__linf|w80|sq:19|cond=56e1c720e3433e140042316b,False,73,0.9125,False,1,1.0,1.0,1.0,1.0,1.0,1.0,0.0,0.0,0.0,seed29,split,linf,,True,1.0,29
sq:19,squad_groups,split__linf,80,sq:19|cond=56e1c720e3433e140042316b,56e1c720e3433e140042316b,56e1c720e3433e140042316d,False,unlabelled,seed29|sq:19|split__linf|w80|sq:19|cond=56e1c720e3433e140042316b,False,73,0.9125,False,1,0.0,0.888888888888889,1.0,0.0,0.4,0.0,0.0,-0.48888888888888893,-1.0,seed29,split,linf,,True,1.0,29
sq:19,squad_groups,split__l0,80,sq:19|cond=56e1c720e3433e140042316c,56e1c720e3433e140042316c,56e1c720e3433e140042316a,False,unlabelled,seed29|sq:19|split__l0|w80|sq:19|cond=56e1c720e3433e140042316c,False,69,0.8625,False,1,0.0,0.0,0.0,1.0,1.0,1.0,1.0,1.0,1.0,seed29,split,l0,0.0,False,0.0,29
sq:19,squad_groups,split__l0,80,sq:19|cond=56e1c720e3433e140042316c,56e1c720e3433e140042316c,56e1c720e3433e140042316b,False,unlabelled,seed29|sq:19|split__l0|w80|sq:19|cond=56e1c720e3433e140042316c,False,69,0.8625,False,1,0.0,0.0,0.0,0.0,0.0,0.0,0.0,0.0,0.0,seed29,split,l0,0.0,False,0.0,29
sq:19,squad_groups,split__l0,80,sq:19|cond=56e1c720e3433e140042316c,56e1c720e3433e140042316c,56e1c720e3433e140042316c,True,unlabelled,seed29|sq:19|split__l0|w80|sq:19|cond=56e1c720e3433e140042316c,False,69,0.8625,False,1,1.0,1.0,1.0,1.0,1.0,1.0,0.0,0.0,0.0,seed29,split,l0,0.0,False,0.0,29
sq:19,squad_groups,split__l0,80,sq:19|cond=56e1c720e3433e140042316c,56e1c720e3433e140042316c,56e1c720e3433e140042316d,False,unlabelled,seed29|sq:19|split__l0|w80|sq:19|cond=56e1c720e3433e140042316c,False,69,0.8625,False,1,0.0,0.3333333333333333,0.0,0.0,0.4,0.0,0.0,0.06666666666666671,0.0,seed29,split,l0,0.0,False,0.0,29
sq:19,squad_groups,split__l1,80,sq:19|cond=56e1c720e3433e140042316c,56e1c720e3433e140042316c,56e1c720e3433e140042316a,False,unlabelled,seed29|sq:19|split__l1|w80|sq:19|cond=56e1c720e3433e140042316c,False,70,0.875,False,4,0.0,0.5,1.0,1.0,1.0,1.0,1.0,0.5,0.0,seed29,split,l1,1.0,False,0.5,29
sq:19,squad_groups,split__l1,80,sq:19|cond=56e1c720e3433e140042316c,56e1c720e3433e140042316c,56e1c720e3433e140042316b,False,unlabelled,seed29|sq:19|split__l1|w80|sq:19|cond=56e1c720e3433e140042316c,False,70,0.875,False,4,0.0,0.0,0.0,0.0,0.0,0.0,0.0,0.0,0.0,seed29,split,l1,1.0,False,0.5,29
sq:19,squad_groups,split__l1,80,sq:19|cond=56e1c720e3433e140042316c,56e1c720e3433e140042316c,56e1c720e3433e140042316c,True,unlabelled,seed29|sq:19|split__l1|w80|sq:19|cond=56e1c720e3433e140042316c,False,70,0.875,False,4,1.0,1.0,1.0,1.0,1.0,1.0,0.0,0.0,0.0,seed29,split,l1,1.0,False,0.5,29
sq:19,squad_groups,split__l1,80,sq:19|cond=56e1c720e3433e140042316c,56e1c720e3433e140042316c,56e1c720e3433e140042316d,False,unlabelled,seed29|sq:19|split__l1|w80|sq:19|cond=56e1c720e3433e140042316c,False,70,0.875,False,4,0.0,0.888888888888889,1.0,0.0,0.4,0.0,0.0,-0.48888888888888893,-1.0,seed29,split,l1,1.0,False,0.5,29
sq:19,squad_groups,split__linf,80,sq:19|cond=56e1c720e3433e140042316c,56e1c720e3433e140042316c,56e1c720e3433e140042316a,False,unlabelled,seed29|sq:19|split__linf|w80|sq:19|cond=56e1c720e3433e140042316c,False,70,0.875,False,1,0.0,0.5,1.0,1.0,1.0,1.0,1.0,0.5,0.0,seed29,split,linf,,True,1.0,29
sq:19,squad_groups,split__linf,80,sq:19|cond=56e1c720e3433e140042316c,56e1c720e3433e140042316c,56e1c720e3433e140042316b,False,unlabelled,seed29|sq:19|split__linf|w80|sq:19|cond=56e1c720e3433e140042316c,False,70,0.875,False,1,0.0,0.0,0.0,0.0,0.0,0.0,0.0,0.0,0.0,seed29,split,linf,,True,1.0,29
sq:19,squad_groups,split__linf,80,sq:19|cond=56e1c720e3433e140042316c,56e1c720e3433e140042316c,56e1c720e3433e140042316c,True,unlabelled,seed29|sq:19|split__linf|w80|sq:19|cond=56e1c720e3433e140042316c,False,70,0.875,False,1,1.0,1.0,1.0,1.0,1.0,1.0,0.0,0.0,0.0,seed29,split,linf,,True,1.0,29
sq:19,squad_groups,split__linf,80,sq:19|cond=56e1c720e3433e140042316c,56e1c720e3433e140042316c,56e1c720e3433e140042316d,False,unlabelled,seed29|sq:19|split__linf|w80|sq:19|cond=56e1c720e3433e140042316c,False,70,0.875,False,1,0.0,0.0,0.0,0.0,0.4,0.0,0.0,0.4,0.0,seed29,split,linf,,True,1.0,29
sq:19,squad_groups,split__l0,80,sq:19|cond=56e1c720e3433e140042316d,56e1c720e3433e140042316d,56e1c720e3433e140042316a,False,unlabelled,seed29|sq:19|split__l0|w80|sq:19|cond=56e1c720e3433e140042316d,False,71,0.8875,False,1,0.0,0.6666666666666666,1.0,1.0,1.0,1.0,1.0,0.33333333333333337,0.0,seed29,split,l0,0.0,False,0.0,29
sq:19,squad_groups,split__l0,80,sq:19|cond=56e1c720e3433e140042316d,56e1c720e3433e140042316d,56e1c720e3433e140042316b,False,unlabelled,seed29|sq:19|split__l0|w80|sq:19|cond=56e1c720e3433e140042316d,False,71,0.8875,False,1,0.0,0.0,0.0,0.0,0.0,0.0,0.0,0.0,0.0,seed29,split,l0,0.0,False,0.0,29
sq:19,squad_groups,split__l0,80,sq:19|cond=56e1c720e3433e140042316d,56e1c720e3433e140042316d,56e1c720e3433e140042316c,False,unlabelled,seed29|sq:19|split__l0|w80|sq:19|cond=56e1c720e3433e140042316d,False,71,0.8875,False,1,0.0,0.5714285714285715,1.0,1.0,1.0,1.0,1.0,0.4285714285714285,0.0,seed29,split,l0,0.0,False,0.0,29
sq:19,squad_groups,split__l0,80,sq:19|cond=56e1c720e3433e140042316d,56e1c720e3433e140042316d,56e1c720e3433e140042316d,True,unlabelled,seed29|sq:19|split__l0|w80|sq:19|cond=56e1c720e3433e140042316d,False,71,0.8875,False,1,0.0,0.625,1.0,0.0,0.4,0.0,0.0,-0.22499999999999998,-1.0,seed29,split,l0,0.0,False,0.0,29
sq:19,squad_groups,split__l1,80,sq:19|cond=56e1c720e3433e140042316d,56e1c720e3433e140042316d,56e1c720e3433e140042316a,False,unlabelled,seed29|sq:19|split__l1|w80|sq:19|cond=56e1c720e3433e140042316d,False,71,0.8875,False,4,0.0,0.0,0.0,1.0,1.0,1.0,1.0,1.0,1.0,seed29,split,l1,1.0,False,0.5,29
sq:19,squad_groups,split__l1,80,sq:19|cond=56e1c720e3433e140042316d,56e1c720e3433e140042316d,56e1c720e3433e140042316b,False,unlabelled,seed29|sq:19|split__l1|w80|sq:19|cond=56e1c720e3433e140042316d,False,71,0.8875,False,4,0.0,0.0,0.0,0.0,0.0,0.0,0.0,0.0,0.0,seed29,split,l1,1.0,False,0.5,29
sq:19,squad_groups,split__l1,80,sq:19|cond=56e1c720e3433e140042316d,56e1c720e3433e140042316d,56e1c720e3433e140042316c,False,unlabelled,seed29|sq:19|split__l1|w80|sq:19|cond=56e1c720e3433e140042316d,False,71,0.8875,False,4,0.0,0.5714285714285715,1.0,1.0,1.0,1.0,1.0,0.4285714285714285,0.0,seed29,split,l1,1.0,False,0.5,29
sq:19,squad_groups,split__l1,80,sq:19|cond=56e1c720e3433e140042316d,56e1c720e3433e140042316d,56e1c720e3433e140042316d,True,unlabelled,seed29|sq:19|split__l1|w80|sq:19|cond=56e1c720e3433e140042316d,False,71,0.8875,False,4,0.0,0.5,1.0,0.0,0.4,0.0,0.0,-0.09999999999999998,-1.0,seed29,split,l1,1.0,False,0.5,29
sq:19,squad_groups,split__linf,80,sq:19|cond=56e1c720e3433e140042316d,56e1c720e3433e140042316d,56e1c720e3433e140042316a,False,unlabelled,seed29|sq:19|split__linf|w80|sq:19|cond=56e1c720e3433e140042316d,False,70,0.875,False,2,0.0,0.6666666666666666,1.0,1.0,1.0,1.0,1.0,0.33333333333333337,0.0,seed29,split,linf,,True,1.0,29
sq:19,squad_groups,split__linf,80,sq:19|cond=56e1c720e3433e140042316d,56e1c720e3433e140042316d,56e1c720e3433e140042316b,False,unlabelled,seed29|sq:19|split__linf|w80|sq:19|cond=56e1c720e3433e140042316d,False,70,0.875,False,2,0.0,0.0,0.0,0.0,0.0,0.0,0.0,0.0,0.0,seed29,split,linf,,True,1.0,29
sq:19,squad_groups,split__linf,80,sq:19|cond=56e1c720e3433e140042316d,56e1c720e3433e140042316d,56e1c720e3433e140042316c,False,unlabelled,seed29|sq:19|split__linf|w80|sq:19|cond=56e1c720e3433e140042316d,False,70,0.875,False,2,0.0,0.5714285714285715,1.0,1.0,1.0,1.0,1.0,0.4285714285714285,0.0,seed29,split,linf,,True,1.0,29
sq:19,squad_groups,split__linf,80,sq:19|cond=56e1c720e3433e140042316d,56e1c720e3433e140042316d,56e1c720e3433e140042316d,True,unlabelled,seed29|sq:19|split__linf|w80|sq:19|cond=56e1c720e3433e140042316d,False,70,0.875,False,2,0.0,0.3333333333333333,0.0,0.0,0.4,0.0,0.0,0.06666666666666671,0.0,seed29,split,linf,,True,1.0,29
sq:20,squad_groups,split__l0,80,sq:20|cond=56beb4343aeaaa14008c925b,56beb4343aeaaa14008c925b,56beb4343aeaaa14008c925b,True,unlabelled,seed29|sq:20|split__l0|w80|sq:20|cond=56beb4343aeaaa14008c925b,False,73,0.9125,False,4,1.0,1.0,1.0,1.0,1.0,1.0,0.0,0.0,0.0,seed29,split,l0,0.0,False,0.0,29
sq:20,squad_groups,split__l0,80,sq:20|cond=56beb4343aeaaa14008c925b,56beb4343aeaaa14008c925b,56beb4343aeaaa14008c925c,False,unlabelled,seed29|sq:20|split__l0|w80|sq:20|cond=56beb4343aeaaa14008c925b,False,73,0.9125,False,4,0.0,0.0,0.0,1.0,1.0,1.0,1.0,1.0,1.0,seed29,split,l0,0.0,False,0.0,29
sq:20,squad_groups,split__l0,80,sq:20|cond=56beb4343aeaaa14008c925b,56beb4343aeaaa14008c925b,56beb4343aeaaa14008c925d,False,unlabelled,seed29|sq:20|split__l0|w80|sq:20|cond=56beb4343aeaaa14008c925b,False,73,0.9125,False,4,0.0,0.0,0.0,1.0,1.0,1.0,1.0,1.0,1.0,seed29,split,l0,0.0,False,0.0,29
sq:20,squad_groups,split__l0,80,sq:20|cond=56beb4343aeaaa14008c925b,56beb4343aeaaa14008c925b,56beb4343aeaaa14008c925e,False,unlabelled,seed29|sq:20|split__l0|w80|sq:20|cond=56beb4343aeaaa14008c925b,False,73,0.9125,False,4,0.0,0.0,0.0,0.0,0.0,1.0,0.0,0.0,1.0,seed29,split,l0,0.0,False,0.0,29
sq:20,squad_groups,split__l1,80,sq:20|cond=56beb4343aeaaa14008c925b,56beb4343aeaaa14008c925b,56beb4343aeaaa14008c925b,True,unlabelled,seed29|sq:20|split__l1|w80|sq:20|cond=56beb4343aeaaa14008c925b,False,69,0.8625,False,6,1.0,1.0,1.0,1.0,1.0,1.0,0.0,0.0,0.0,seed29,split,l1,1.0,False,0.5,29
sq:20,squad_groups,split__l1,80,sq:20|cond=56beb4343aeaaa14008c925b,56beb4343aeaaa14008c925b,56beb4343aeaaa14008c925c,False,unlabelled,seed29|sq:20|split__l1|w80|sq:20|cond=56beb4343aeaaa14008c925b,False,69,0.8625,False,6,1.0,1.0,1.0,1.0,1.0,1.0,0.0,0.0,0.0,seed29,split,l1,1.0,False,0.5,29
sq:20,squad_groups,split__l1,80,sq:20|cond=56beb4343aeaaa14008c925b,56beb4343aeaaa14008c925b,56beb4343aeaaa14008c925d,False,unlabelled,seed29|sq:20|split__l1|w80|sq:20|cond=56beb4343aeaaa14008c925b,False,69,0.8625,False,6,0.0,0.0,0.0,1.0,1.0,1.0,1.0,1.0,1.0,seed29,split,l1,1.0,False,0.5,29
sq:20,squad_groups,split__l1,80,sq:20|cond=56beb4343aeaaa14008c925b,56beb4343aeaaa14008c925b,56beb4343aeaaa14008c925e,False,unlabelled,seed29|sq:20|split__l1|w80|sq:20|cond=56beb4343aeaaa14008c925b,False,69,0.8625,False,6,0.0,0.0,0.0,0.0,0.0,1.0,0.0,0.0,1.0,seed29,split,l1,1.0,False,0.5,29
sq:20,squad_groups,split__linf,80,sq:20|cond=56beb4343aeaaa14008c925b,56beb4343aeaaa14008c925b,56beb4343aeaaa14008c925b,True,unlabelled,seed29|sq:20|split__linf|w80|sq:20|cond=56beb4343aeaaa14008c925b,False,80,1.0,False,1,0.0,0.0,0.0,1.0,1.0,1.0,1.0,1.0,1.0,seed29,split,linf,,True,1.0,29
sq:20,squad_groups,split__linf,80,sq:20|cond=56beb4343aeaaa14008c925b,56beb4343aeaaa14008c925b,56beb4343aeaaa14008c925c,False,unlabelled,seed29|sq:20|split__linf|w80|sq:20|cond=56beb4343aeaaa14008c925b,False,80,1.0,False,1,1.0,1.0,1.0,1.0,1.0,1.0,0.0,0.0,0.0,seed29,split,linf,,True,1.0,29
sq:20,squad_groups,split__linf,80,sq:20|cond=56beb4343aeaaa14008c925b,56beb4343aeaaa14008c925b,56beb4343aeaaa14008c925d,False,unlabelled,seed29|sq:20|split__linf|w80|sq:20|cond=56beb4343aeaaa14008c925b,False,80,1.0,False,1,0.0,0.0,0.0,1.0,1.0,1.0,1.0,1.0,1.0,seed29,split,linf,,True,1.0,29
sq:20,squad_groups,split__linf,80,sq:20|cond=56beb4343aeaaa14008c925b,56beb4343aeaaa14008c925b,56beb4343aeaaa14008c925e,False,unlabelled,seed29|sq:20|split__linf|w80|sq:20|cond=56beb4343aeaaa14008c925b,False,80,1.0,False,1,0.0,0.0,0.0,0.0,0.0,1.0,0.0,0.0,1.0,seed29,split,linf,,True,1.0,29
sq:20,squad_groups,split__l0,80,sq:20|cond=56beb4343aeaaa14008c925c,56beb4343aeaaa14008c925c,56beb4343aeaaa14008c925b,False,unlabelled,seed29|sq:20|split__l0|w80|sq:20|cond=56beb4343aeaaa14008c925c,False,76,0.95,False,4,0.0,0.0,0.0,1.0,1.0,1.0,1.0,1.0,1.0,seed29,split,l0,0.0,False,0.0,29
sq:20,squad_groups,split__l0,80,sq:20|cond=56beb4343aeaaa14008c925c,56beb4343aeaaa14008c925c,56beb4343aeaaa14008c925c,True,unlabelled,seed29|sq:20|split__l0|w80|sq:20|cond=56beb4343aeaaa14008c925c,False,76,0.95,False,4,1.0,1.0,1.0,1.0,1.0,1.0,0.0,0.0,0.0,seed29,split,l0,0.0,False,0.0,29
sq:20,squad_groups,split__l0,80,sq:20|cond=56beb4343aeaaa14008c925c,56beb4343aeaaa14008c925c,56beb4343aeaaa14008c925d,False,unlabelled,seed29|sq:20|split__l0|w80|sq:20|cond=56beb4343aeaaa14008c925c,False,76,0.95,False,4,0.0,0.0,0.0,1.0,1.0,1.0,1.0,1.0,1.0,seed29,split,l0,0.0,False,0.0,29
sq:20,squad_groups,split__l0,80,sq:20|cond=56beb4343aeaaa14008c925c,56beb4343aeaaa14008c925c,56beb4343aeaaa14008c925e,False,unlabelled,seed29|sq:20|split__l0|w80|sq:20|cond=56beb4343aeaaa14008c925c,False,76,0.95,False,4,0.0,0.0,0.0,0.0,0.0,1.0,0.0,0.0,1.0,seed29,split,l0,0.0,False,0.0,29
sq:20,squad_groups,split__l1,80,sq:20|cond=56beb4343aeaaa14008c925c,56beb4343aeaaa14008c925c,56beb4343aeaaa14008c925b,False,unlabelled,seed29|sq:20|split__l1|w80|sq:20|cond=56beb4343aeaaa14008c925c,False,66,0.825,False,6,1.0,1.0,1.0,1.0,1.0,1.0,0.0,0.0,0.0,seed29,split,l1,1.0,False,0.5,29
sq:20,squad_groups,split__l1,80,sq:20|cond=56beb4343aeaaa14008c925c,56beb4343aeaaa14008c925c,56beb4343aeaaa14008c925c,True,unlabelled,seed29|sq:20|split__l1|w80|sq:20|cond=56beb4343aeaaa14008c925c,False,66,0.825,False,6,1.0,1.0,1.0,1.0,1.0,1.0,0.0,0.0,0.0,seed29,split,l1,1.0,False,0.5,29
sq:20,squad_groups,split__l1,80,sq:20|cond=56beb4343aeaaa14008c925c,56beb4343aeaaa14008c925c,56beb4343aeaaa14008c925d,False,unlabelled,seed29|sq:20|split__l1|w80|sq:20|cond=56beb4343aeaaa14008c925c,False,66,0.825,False,6,0.0,0.0,0.0,1.0,1.0,1.0,1.0,1.0,1.0,seed29,split,l1,1.0,False,0.5,29
sq:20,squad_groups,split__l1,80,sq:20|cond=56beb4343aeaaa14008c925c,56beb4343aeaaa14008c925c,56beb4343aeaaa14008c925e,False,unlabelled,seed29|sq:20|split__l1|w80|sq:20|cond=56beb4343aeaaa14008c925c,False,66,0.825,False,6,0.0,0.0,0.0,0.0,0.0,1.0,0.0,0.0,1.0,seed29,split,l1,1.0,False,0.5,29
sq:20,squad_groups,split__linf,80,sq:20|cond=56beb4343aeaaa14008c925c,56beb4343aeaaa14008c925c,56beb4343aeaaa14008c925b,False,unlabelled,seed29|sq:20|split__linf|w80|sq:20|cond=56beb4343aeaaa14008c925c,False,74,0.925,False,1,1.0,1.0,1.0,1.0,1.0,1.0,0.0,0.0,0.0,seed29,split,linf,,True,1.0,29
sq:20,squad_groups,split__linf,80,sq:20|cond=56beb4343aeaaa14008c925c,56beb4343aeaaa14008c925c,56beb4343aeaaa14008c925c,True,unlabelled,seed29|sq:20|split__linf|w80|sq:20|cond=56beb4343aeaaa14008c925c,False,74,0.925,False,1,0.0,0.0,0.0,1.0,1.0,1.0,1.0,1.0,1.0,seed29,split,linf,,True,1.0,29
sq:20,squad_groups,split__linf,80,sq:20|cond=56beb4343aeaaa14008c925c,56beb4343aeaaa14008c925c,56beb4343aeaaa14008c925d,False,unlabelled,seed29|sq:20|split__linf|w80|sq:20|cond=56beb4343aeaaa14008c925c,False,74,0.925,False,1,0.0,0.0,0.0,1.0,1.0,1.0,1.0,1.0,1.0,seed29,split,linf,,True,1.0,29
sq:20,squad_groups,split__linf,80,sq:20|cond=56beb4343aeaaa14008c925c,56beb4343aeaaa14008c925c,56beb4343aeaaa14008c925e,False,unlabelled,seed29|sq:20|split__linf|w80|sq:20|cond=56beb4343aeaaa14008c925c,False,74,0.925,False,1,0.0,0.0,0.0,0.0,0.0,1.0,0.0,0.0,1.0,seed29,split,linf,,True,1.0,29
sq:20,squad_groups,split__l0,80,sq:20|cond=56beb4343aeaaa14008c925d,56beb4343aeaaa14008c925d,56beb4343aeaaa14008c925b,False,unlabelled,seed29|sq:20|split__l0|w80|sq:20|cond=56beb4343aeaaa14008c925d,False,67,0.8375,False,4,0.0,0.0,0.0,1.0,1.0,1.0,1.0,1.0,1.0,seed29,split,l0,0.0,False,0.0,29
sq:20,squad_groups,split__l0,80,sq:20|cond=56beb4343aeaaa14008c925d,56beb4343aeaaa14008c925d,56beb4343aeaaa14008c925c,False,unlabelled,seed29|sq:20|split__l0|w80|sq:20|cond=56beb4343aeaaa14008c925d,False,67,0.8375,False,4,0.0,0.0,0.0,1.0,1.0,1.0,1.0,1.0,1.0,seed29,split,l0,0.0,False,0.0,29
sq:20,squad_groups,split__l0,80,sq:20|cond=56beb4343aeaaa14008c925d,56beb4343aeaaa14008c925d,56beb4343aeaaa14008c925d,True,unlabelled,seed29|sq:20|split__l0|w80|sq:20|cond=56beb4343aeaaa14008c925d,False,67,0.8375,False,4,1.0,1.0,1.0,1.0,1.0,1.0,0.0,0.0,0.0,seed29,split,l0,0.0,False,0.0,29
sq:20,squad_groups,split__l0,80,sq:20|cond=56beb4343aeaaa14008c925d,56beb4343aeaaa14008c925d,56beb4343aeaaa14008c925e,False,unlabelled,seed29|sq:20|split__l0|w80|sq:20|cond=56beb4343aeaaa14008c925d,False,67,0.8375,False,4,0.0,0.0,0.0,0.0,0.0,1.0,0.0,0.0,1.0,seed29,split,l0,0.0,False,0.0,29
sq:20,squad_groups,split__l1,80,sq:20|cond=56beb4343aeaaa14008c925d,56beb4343aeaaa14008c925d,56beb4343aeaaa14008c925b,False,unlabelled,seed29|sq:20|split__l1|w80|sq:20|cond=56beb4343aeaaa14008c925d,False,72,0.9,False,5,1.0,1.0,1.0,1.0,1.0,1.0,0.0,0.0,0.0,seed29,split,l1,1.0,False,0.5,29
sq:20,squad_groups,split__l1,80,sq:20|cond=56beb4343aeaaa14008c925d,56beb4343aeaaa14008c925d,56beb4343aeaaa14008c925c,False,unlabelled,seed29|sq:20|split__l1|w80|sq:20|cond=56beb4343aeaaa14008c925d,False,72,0.9,False,5,1.0,1.0,1.0,1.0,1.0,1.0,0.0,0.0,0.0,seed29,split,l1,1.0,False,0.5,29
sq:20,squad_groups,split__l1,80,sq:20|cond=56beb4343aeaaa14008c925d,56beb4343aeaaa14008c925d,56beb4343aeaaa14008c925d,True,unlabelled,seed29|sq:20|split__l1|w80|sq:20|cond=56beb4343aeaaa14008c925d,False,72,0.9,False,5,1.0,1.0,1.0,1.0,1.0,1.0,0.0,0.0,0.0,seed29,split,l1,1.0,False,0.5,29
sq:20,squad_groups,split__l1,80,sq:20|cond=56beb4343aeaaa14008c925d,56beb4343aeaaa14008c925d,56beb4343aeaaa14008c925e,False,unlabelled,seed29|sq:20|split__l1|w80|sq:20|cond=56beb4343aeaaa14008c925d,False,72,0.9,False,5,0.0,0.0,0.0,0.0,0.0,1.0,0.0,0.0,1.0,seed29,split,l1,1.0,False,0.5,29
sq:20,squad_groups,split__linf,80,sq:20|cond=56beb4343aeaaa14008c925d,56beb4343aeaaa14008c925d,56beb4343aeaaa14008c925b,False,unlabelled,seed29|sq:20|split__linf|w80|sq:20|cond=56beb4343aeaaa14008c925d,False,77,0.9625,False,2,1.0,1.0,1.0,1.0,1.0,1.0,0.0,0.0,0.0,seed29,split,linf,,True,1.0,29
sq:20,squad_groups,split__linf,80,sq:20|cond=56beb4343aeaaa14008c925d,56beb4343aeaaa14008c925d,56beb4343aeaaa14008c925c,False,unlabelled,seed29|sq:20|split__linf|w80|sq:20|cond=56beb4343aeaaa14008c925d,False,77,0.9625,False,2,1.0,1.0,1.0,1.0,1.0,1.0,0.0,0.0,0.0,seed29,split,linf,,True,1.0,29
sq:20,squad_groups,split__linf,80,sq:20|cond=56beb4343aeaaa14008c925d,56beb4343aeaaa14008c925d,56beb4343aeaaa14008c925d,True,unlabelled,seed29|sq:20|split__linf|w80|sq:20|cond=56beb4343aeaaa14008c925d,False,77,0.9625,False,2,0.0,0.0,0.0,1.0,1.0,1.0,1.0,1.0,1.0,seed29,split,linf,,True,1.0,29
sq:20,squad_groups,split__linf,80,sq:20|cond=56beb4343aeaaa14008c925d,56beb4343aeaaa14008c925d,56beb4343aeaaa14008c925e,False,unlabelled,seed29|sq:20|split__linf|w80|sq:20|cond=56beb4343aeaaa14008c925d,False,77,0.9625,False,2,0.0,0.0,0.0,0.0,0.0,1.0,0.0,0.0,1.0,seed29,split,linf,,True,1.0,29
sq:20,squad_groups,split__l0,80,sq:20|cond=56beb4343aeaaa14008c925e,56beb4343aeaaa14008c925e,56beb4343aeaaa14008c925b,False,unlabelled,seed29|sq:20|split__l0|w80|sq:20|cond=56beb4343aeaaa14008c925e,False,70,0.875,False,3,1.0,1.0,1.0,1.0,1.0,1.0,0.0,0.0,0.0,seed29,split,l0,0.0,False,0.0,29
sq:20,squad_groups,split__l0,80,sq:20|cond=56beb4343aeaaa14008c925e,56beb4343aeaaa14008c925e,56beb4343aeaaa14008c925c,False,unlabelled,seed29|sq:20|split__l0|w80|sq:20|cond=56beb4343aeaaa14008c925e,False,70,0.875,False,3,0.0,0.0,0.0,1.0,1.0,1.0,1.0,1.0,1.0,seed29,split,l0,0.0,False,0.0,29
sq:20,squad_groups,split__l0,80,sq:20|cond=56beb4343aeaaa14008c925e,56beb4343aeaaa14008c925e,56beb4343aeaaa14008c925d,False,unlabelled,seed29|sq:20|split__l0|w80|sq:20|cond=56beb4343aeaaa14008c925e,False,70,0.875,False,3,0.0,0.0,0.0,1.0,1.0,1.0,1.0,1.0,1.0,seed29,split,l0,0.0,False,0.0,29
sq:20,squad_groups,split__l0,80,sq:20|cond=56beb4343aeaaa14008c925e,56beb4343aeaaa14008c925e,56beb4343aeaaa14008c925e,True,unlabelled,seed29|sq:20|split__l0|w80|sq:20|cond=56beb4343aeaaa14008c925e,False,70,0.875,False,3,1.0,1.0,1.0,0.0,0.0,1.0,-1.0,-1.0,0.0,seed29,split,l0,0.0,False,0.0,29
sq:20,squad_groups,split__l1,80,sq:20|cond=56beb4343aeaaa14008c925e,56beb4343aeaaa14008c925e,56beb4343aeaaa14008c925b,False,unlabelled,seed29|sq:20|split__l1|w80|sq:20|cond=56beb4343aeaaa14008c925e,False,77,0.9625,False,5,1.0,1.0,1.0,1.0,1.0,1.0,0.0,0.0,0.0,seed29,split,l1,1.0,False,0.5,29
sq:20,squad_groups,split__l1,80,sq:20|cond=56beb4343aeaaa14008c925e,56beb4343aeaaa14008c925e,56beb4343aeaaa14008c925c,False,unlabelled,seed29|sq:20|split__l1|w80|sq:20|cond=56beb4343aeaaa14008c925e,False,77,0.9625,False,5,0.0,0.0,0.0,1.0,1.0,1.0,1.0,1.0,1.0,seed29,split,l1,1.0,False,0.5,29
sq:20,squad_groups,split__l1,80,sq:20|cond=56beb4343aeaaa14008c925e,56beb4343aeaaa14008c925e,56beb4343aeaaa14008c925d,False,unlabelled,seed29|sq:20|split__l1|w80|sq:20|cond=56beb4343aeaaa14008c925e,False,77,0.9625,False,5,0.0,0.0,0.0,1.0,1.0,1.0,1.0,1.0,1.0,seed29,split,l1,1.0,False,0.5,29
sq:20,squad_groups,split__l1,80,sq:20|cond=56beb4343aeaaa14008c925e,56beb4343aeaaa14008c925e,56beb4343aeaaa14008c925e,True,unlabelled,seed29|sq:20|split__l1|w80|sq:20|cond=56beb4343aeaaa14008c925e,False,77,0.9625,False,5,1.0,1.0,1.0,0.0,0.0,1.0,-1.0,-1.0,0.0,seed29,split,l1,1.0,False,0.5,29
sq:20,squad_groups,split__linf,80,sq:20|cond=56beb4343aeaaa14008c925e,56beb4343aeaaa14008c925e,56beb4343aeaaa14008c925b,False,unlabelled,seed29|sq:20|split__linf|w80|sq:20|cond=56beb4343aeaaa14008c925e,False,79,0.9875,False,1,1.0,1.0,1.0,1.0,1.0,1.0,0.0,0.0,0.0,seed29,split,linf,,True,1.0,29
sq:20,squad_groups,split__linf,80,sq:20|cond=56beb4343aeaaa14008c925e,56beb4343aeaaa14008c925e,56beb4343aeaaa14008c925c,False,unlabelled,seed29|sq:20|split__linf|w80|sq:20|cond=56beb4343aeaaa14008c925e,False,79,0.9875,False,1,1.0,1.0,1.0,1.0,1.0,1.0,0.0,0.0,0.0,seed29,split,linf,,True,1.0,29
sq:20,squad_groups,split__linf,80,sq:20|cond=56beb4343aeaaa14008c925e,56beb4343aeaaa14008c925e,56beb4343aeaaa14008c925d,False,unlabelled,seed29|sq:20|split__linf|w80|sq:20|cond=56beb4343aeaaa14008c925e,False,79,0.9875,False,1,0.0,0.0,0.0,1.0,1.0,1.0,1.0,1.0,1.0,seed29,split,linf,,True,1.0,29
sq:20,squad_groups,split__linf,80,sq:20|cond=56beb4343aeaaa14008c925e,56beb4343aeaaa14008c925e,56beb4343aeaaa14008c925e,True,unlabelled,seed29|sq:20|split__linf|w80|sq:20|cond=56beb4343aeaaa14008c925e,False,79,0.9875,False,1,0.0,0.0,0.0,0.0,0.0,1.0,0.0,0.0,1.0,seed29,split,linf,,True,1.0,29
sq:21,squad_groups,split__l0,80,sq:21|cond=57264b1ddd62a815002e80a0,57264b1ddd62a815002e80a0,57264b1ddd62a815002e80a0,True,unlabelled,seed29|sq:21|split__l0|w80|sq:21|cond=57264b1ddd62a815002e80a0,False,80,1.0,False,1,0.0,0.0,0.0,0.0,0.0,0.0,0.0,0.0,0.0,seed29,split,l0,0.0,False,0.0,29
sq:21,squad_groups,split__l0,80,sq:21|cond=57264b1ddd62a815002e80a0,57264b1ddd62a815002e80a0,57264b1ddd62a815002e80a1,False,unlabelled,seed29|sq:21|split__l0|w80|sq:21|cond=57264b1ddd62a815002e80a0,False,80,1.0,False,1,0.0,0.0,1.0,1.0,1.0,1.0,1.0,1.0,0.0,seed29,split,l0,0.0,False,0.0,29
sq:21,squad_groups,split__l0,80,sq:21|cond=57264b1ddd62a815002e80a0,57264b1ddd62a815002e80a0,57264b1ddd62a815002e80a3,False,unlabelled,seed29|sq:21|split__l0|w80|sq:21|cond=57264b1ddd62a815002e80a0,False,80,1.0,False,1,1.0,1.0,1.0,0.0,0.7272727272727273,1.0,-1.0,-0.2727272727272727,0.0,seed29,split,l0,0.0,False,0.0,29
sq:21,squad_groups,split__l0,80,sq:21|cond=57264b1ddd62a815002e80a0,57264b1ddd62a815002e80a0,57264b1ddd62a815002e80a4,False,unlabelled,seed29|sq:21|split__l0|w80|sq:21|cond=57264b1ddd62a815002e80a0,False,80,1.0,False,1,1.0,1.0,1.0,0.0,0.3157894736842105,1.0,-1.0,-0.6842105263157895,0.0,seed29,split,l0,0.0,False,0.0,29
sq:21,squad_groups,split__l1,80,sq:21|cond=57264b1ddd62a815002e80a0,57264b1ddd62a815002e80a0,57264b1ddd62a815002e80a0,True,unlabelled,seed29|sq:21|split__l1|w80|sq:21|cond=57264b1ddd62a815002e80a0,False,75,0.9375,False,3,0.0,0.0,0.0,0.0,0.0,0.0,0.0,0.0,0.0,seed29,split,l1,1.0,False,0.5,29
sq:21,squad_groups,split__l1,80,sq:21|cond=57264b1ddd62a815002e80a0,57264b1ddd62a815002e80a0,57264b1ddd62a815002e80a1,False,unlabelled,seed29|sq:21|split__l1|w80|sq:21|cond=57264b1ddd62a815002e80a0,False,75,0.9375,False,3,0.0,0.0,1.0,1.0,1.0,1.0,1.0,1.0,0.0,seed29,split,l1,1.0,False,0.5,29
sq:21,squad_groups,split__l1,80,sq:21|cond=57264b1ddd62a815002e80a0,57264b1ddd62a815002e80a0,57264b1ddd62a815002e80a3,False,unlabelled,seed29|sq:21|split__l1|w80|sq:21|cond=57264b1ddd62a815002e80a0,False,75,0.9375,False,3,1.0,1.0,1.0,0.0,0.7272727272727273,1.0,-1.0,-0.2727272727272727,0.0,seed29,split,l1,1.0,False,0.5,29
sq:21,squad_groups,split__l1,80,sq:21|cond=57264b1ddd62a815002e80a0,57264b1ddd62a815002e80a0,57264b1ddd62a815002e80a4,False,unlabelled,seed29|sq:21|split__l1|w80|sq:21|cond=57264b1ddd62a815002e80a0,False,75,0.9375,False,3,0.0,0.0,0.0,0.0,0.3157894736842105,1.0,0.0,0.3157894736842105,1.0,seed29,split,l1,1.0,False,0.5,29
sq:21,squad_groups,split__linf,80,sq:21|cond=57264b1ddd62a815002e80a0,57264b1ddd62a815002e80a0,57264b1ddd62a815002e80a0,True,unlabelled,seed29|sq:21|split__linf|w80|sq:21|cond=57264b1ddd62a815002e80a0,False,72,0.9,False,2,0.0,0.0,0.0,0.0,0.0,0.0,0.0,0.0,0.0,seed29,split,linf,,True,1.0,29
sq:21,squad_groups,split__linf,80,sq:21|cond=57264b1ddd62a815002e80a0,57264b1ddd62a815002e80a0,57264b1ddd62a815002e80a1,False,unlabelled,seed29|sq:21|split__linf|w80|sq:21|cond=57264b1ddd62a815002e80a0,False,72,0.9,False,2,0.0,0.0,1.0,1.0,1.0,1.0,1.0,1.0,0.0,seed29,split,linf,,True,1.0,29
sq:21,squad_groups,split__linf,80,sq:21|cond=57264b1ddd62a815002e80a0,57264b1ddd62a815002e80a0,57264b1ddd62a815002e80a3,False,unlabelled,seed29|sq:21|split__linf|w80|sq:21|cond=57264b1ddd62a815002e80a0,False,72,0.9,False,2,0.0,0.5,0.0,0.0,0.7272727272727273,1.0,0.0,0.2272727272727273,1.0,seed29,split,linf,,True,1.0,29
sq:21,squad_groups,split__linf,80,sq:21|cond=57264b1ddd62a815002e80a0,57264b1ddd62a815002e80a0,57264b1ddd62a815002e80a4,False,unlabelled,seed29|sq:21|split__linf|w80|sq:21|cond=57264b1ddd62a815002e80a0,False,72,0.9,False,2,0.0,0.0,0.0,0.0,0.3157894736842105,1.0,0.0,0.3157894736842105,1.0,seed29,split,linf,,True,1.0,29
sq:21,squad_groups,split__l0,80,sq:21|cond=57264b1ddd62a815002e80a1,57264b1ddd62a815002e80a1,57264b1ddd62a815002e80a0,False,unlabelled,seed29|sq:21|split__l0|w80|sq:21|cond=57264b1ddd62a815002e80a1,False,74,0.925,False,3,0.0,0.0,0.0,0.0,0.0,0.0,0.0,0.0,0.0,seed29,split,l0,0.0,False,0.0,29
sq:21,squad_groups,split__l0,80,sq:21|cond=57264b1ddd62a815002e80a1,57264b1ddd62a815002e80a1,57264b1ddd62a815002e80a1,True,unlabelled,seed29|sq:21|split__l0|w80|sq:21|cond=57264b1ddd62a815002e80a1,False,74,0.925,False,3,1.0,1.0,1.0,1.0,1.0,1.0,0.0,0.0,0.0,seed29,split,l0,0.0,False,0.0,29
sq:21,squad_groups,split__l0,80,sq:21|cond=57264b1ddd62a815002e80a1,57264b1ddd62a815002e80a1,57264b1ddd62a815002e80a3,False,unlabelled,seed29|sq:21|split__l0|w80|sq:21|cond=57264b1ddd62a815002e80a1,False,74,0.925,False,3,0.0,0.0,0.0,0.0,0.7272727272727273,1.0,0.0,0.7272727272727273,1.0,seed29,split,l0,0.0,False,0.0,29
sq:21,squad_groups,split__l0,80,sq:21|cond=57264b1ddd62a815002e80a1,57264b1ddd62a815002e80a1,57264b1ddd62a815002e80a4,False,unlabelled,seed29|sq:21|split__l0|w80|sq:21|cond=57264b1ddd62a815002e80a1,False,74,0.925,False,3,0.0,0.0,0.0,0.0,0.3157894736842105,1.0,0.0,0.3157894736842105,1.0,seed29,split,l0,0.0,False,0.0,29
sq:21,squad_groups,split__l1,80,sq:21|cond=57264b1ddd62a815002e80a1,57264b1ddd62a815002e80a1,57264b1ddd62a815002e80a0,False,unlabelled,seed29|sq:21|split__l1|w80|sq:21|cond=57264b1ddd62a815002e80a1,False,76,0.95,False,3,0.0,0.0,0.0,0.0,0.0,0.0,0.0,0.0,0.0,seed29,split,l1,1.0,False,0.5,29
sq:21,squad_groups,split__l1,80,sq:21|cond=57264b1ddd62a815002e80a1,57264b1ddd62a815002e80a1,57264b1ddd62a815002e80a1,True,unlabelled,seed29|sq:21|split__l1|w80|sq:21|cond=57264b1ddd62a815002e80a1,False,76,0.95,False,3,1.0,1.0,1.0,1.0,1.0,1.0,0.0,0.0,0.0,seed29,split,l1,1.0,False,0.5,29
sq:21,squad_groups,split__l1,80,sq:21|cond=57264b1ddd62a815002e80a1,57264b1ddd62a815002e80a1,57264b1ddd62a815002e80a3,False,unlabelled,seed29|sq:21|split__l1|w80|sq:21|cond=57264b1ddd62a815002e80a1,False,76,0.95,False,3,0.0,0.29411764705882354,1.0,0.0,0.7272727272727273,1.0,0.0,0.43315508021390375,0.0,seed29,split,l1,1.0,False,0.5,29
sq:21,squad_groups,split__l1,80,sq:21|cond=57264b1ddd62a815002e80a1,57264b1ddd62a815002e80a1,57264b1ddd62a815002e80a4,False,unlabelled,seed29|sq:21|split__l1|w80|sq:21|cond=57264b1ddd62a815002e80a1,False,76,0.95,False,3,0.0,0.2222222222222222,0.0,0.0,0.3157894736842105,1.0,0.0,0.0935672514619883,1.0,seed29,split,l1,1.0,False,0.5,29
sq:21,squad_groups,split__linf,80,sq:21|cond=57264b1ddd62a815002e80a1,57264b1ddd62a815002e80a1,57264b1ddd62a815002e80a0,False,unlabelled,seed29|sq:21|split__linf|w80|sq:21|cond=57264b1ddd62a815002e80a1,False,76,0.95,False,2,0.0,0.6666666666666666,1.0,0.0,0.0,0.0,0.0,-0.6666666666666666,-1.0,seed29,split,linf,,True,1.0,29
sq:21,squad_groups,split__linf,80,sq:21|cond=57264b1ddd62a815002e80a1,57264b1ddd62a815002e80a1,57264b1ddd62a815002e80a1,True,unlabelled,seed29|sq:21|split__linf|w80|sq:21|cond=57264b1ddd62a815002e80a1,False,76,0.95,False,2,0.0,0.0,1.0,1.0,1.0,1.0,1.0,1.0,0.0,seed29,split,linf,,True,1.0,29
sq:21,squad_groups,split__linf,80,sq:21|cond=57264b1ddd62a815002e80a1,57264b1ddd62a815002e80a1,57264b1ddd62a815002e80a3,False,unlabelled,seed29|sq:21|split__linf|w80|sq:21|cond=57264b1ddd62a815002e80a1,False,76,0.95,False,2,0.0,0.3125,1.0,0.0,0.7272727272727273,1.0,0.0,0.4147727272727273,0.0,seed29,split,linf,,True,1.0,29
sq:21,squad_groups,split__linf,80,sq:21|cond=57264b1ddd62a815002e80a1,57264b1ddd62a815002e80a1,57264b1ddd62a815002e80a4,False,unlabelled,seed29|sq:21|split__linf|w80|sq:21|cond=57264b1ddd62a815002e80a1,False,76,0.95,False,2,0.0,0.7499999999999999,0.0,0.0,0.3157894736842105,1.0,0.0,-0.4342105263157894,1.0,seed29,split,linf,,True,1.0,29
sq:21,squad_groups,split__l0,80,sq:21|cond=57264b1ddd62a815002e80a3,57264b1ddd62a815002e80a3,57264b1ddd62a815002e80a0,False,unlabelled,seed29|sq:21|split__l0|w80|sq:21|cond=57264b1ddd62a815002e80a3,False,76,0.95,False,1,0.0,0.0,0.0,0.0,0.0,0.0,0.0,0.0,0.0,seed29,split,l0,0.0,False,0.0,29
sq:21,squad_groups,split__l0,80,sq:21|cond=57264b1ddd62a815002e80a3,57264b1ddd62a815002e80a3,57264b1ddd62a815002e80a1,False,unlabelled,seed29|sq:21|split__l0|w80|sq:21|cond=57264b1ddd62a815002e80a3,False,76,0.95,False,1,1.0,1.0,1.0,1.0,1.0,1.0,0.0,0.0,0.0,seed29,split,l0,0.0,False,0.0,29
sq:21,squad_groups,split__l0,80,sq:21|cond=57264b1ddd62a815002e80a3,57264b1ddd62a815002e80a3,57264b1ddd62a815002e80a3,True,unlabelled,seed29|sq:21|split__l0|w80|sq:21|cond=57264b1ddd62a815002e80a3,False,76,0.95,False,1,0.0,0.4210526315789474,1.0,0.0,0.7272727272727273,1.0,0.0,0.3062200956937799,0.0,seed29,split,l0,0.0,False,0.0,29
sq:21,squad_groups,split__l0,80,sq:21|cond=57264b1ddd62a815002e80a3,57264b1ddd62a815002e80a3,57264b1ddd62a815002e80a4,False,unlabelled,seed29|sq:21|split__l0|w80|sq:21|cond=57264b1ddd62a815002e80a3,False,76,0.95,False,1,0.0,0.2,0.0,0.0,0.3157894736842105,1.0,0.0,0.1157894736842105,1.0,seed29,split,l0,0.0,False,0.0,29
sq:21,squad_groups,split__l1,80,sq:21|cond=57264b1ddd62a815002e80a3,57264b1ddd62a815002e80a3,57264b1ddd62a815002e80a0,False,unlabelled,seed29|sq:21|split__l1|w80|sq:21|cond=57264b1ddd62a815002e80a3,False,74,0.925,False,2,0.0,0.0,0.0,0.0,0.0,0.0,0.0,0.0,0.0,seed29,split,l1,1.0,False,0.5,29
sq:21,squad_groups,split__l1,80,sq:21|cond=57264b1ddd62a815002e80a3,57264b1ddd62a815002e80a3,57264b1ddd62a815002e80a1,False,unlabelled,seed29|sq:21|split__l1|w80|sq:21|cond=57264b1ddd62a815002e80a3,False,74,0.925,False,2,0.0,0.0,1.0,1.0,1.0,1.0,1.0,1.0,0.0,seed29,split,l1,1.0,False,0.5,29
sq:21,squad_groups,split__l1,80,sq:21|cond=57264b1ddd62a815002e80a3,57264b1ddd62a815002e80a3,57264b1ddd62a815002e80a3,True,unlabelled,seed29|sq:21|split__l1|w80|sq:21|cond=57264b1ddd62a815002e80a3,False,74,0.925,False,2,0.0,0.37500000000000006,1.0,0.0,0.7272727272727273,1.0,0.0,0.35227272727272724,0.0,seed29,split,l1,1.0,False,0.5,29
sq:21,squad_groups,split__l1,80,sq:21|cond=57264b1ddd62a815002e80a3,57264b1ddd62a815002e80a3,57264b1ddd62a815002e80a4,False,unlabelled,seed29|sq:21|split__l1|w80|sq:21|cond=57264b1ddd62a815002e80a3,False,74,0.925,False,2,0.0,0.2222222222222222,0.0,0.0,0.3157894736842105,1.0,0.0,0.0935672514619883,1.0,seed29,split,l1,1.0,False,0.5,29
sq:21,squad_groups,split__linf,80,sq:21|cond=57264b1ddd62a815002e80a3,57264b1ddd62a815002e80a3,57264b1ddd62a815002e80a0,False,unlabelled,seed29|sq:21|split__linf|w80|sq:21|cond=57264b1ddd62a815002e80a3,False,76,0.95,False,2,0.0,0.0,0.0,0.0,0.0,0.0,0.0,0.0,0.0,seed29,split,linf,,True,1.0,29
sq:21,squad_groups,split__linf,80,sq:21|cond=57264b1ddd62a815002e80a3,57264b1ddd62a815002e80a3,57264b1ddd62a815002e80a1,False,unlabelled,seed29|sq:21|split__linf|w80|sq:21|cond=57264b1ddd62a815002e80a3,False,76,0.95,False,2,1.0,1.0,1.0,1.0,1.0,1.0,0.0,0.0,0.0,seed29,split,linf,,True,1.0,29
sq:21,squad_groups,split__linf,80,sq:21|cond=57264b1ddd62a815002e80a3,57264b1ddd62a815002e80a3,57264b1ddd62a815002e80a3,True,unlabelled,seed29|sq:21|split__linf|w80|sq:21|cond=57264b1ddd62a815002e80a3,False,76,0.95,False,2,1.0,1.0,1.0,0.0,0.7272727272727273,1.0,-1.0,-0.2727272727272727,0.0,seed29,split,linf,,True,1.0,29
sq:21,squad_groups,split__linf,80,sq:21|cond=57264b1ddd62a815002e80a3,57264b1ddd62a815002e80a3,57264b1ddd62a815002e80a4,False,unlabelled,seed29|sq:21|split__linf|w80|sq:21|cond=57264b1ddd62a815002e80a3,False,76,0.95,False,2,0.0,0.0,0.0,0.0,0.3157894736842105,1.0,0.0,0.3157894736842105,1.0,seed29,split,linf,,True,1.0,29
sq:21,squad_groups,split__l0,80,sq:21|cond=57264b1ddd62a815002e80a4,57264b1ddd62a815002e80a4,57264b1ddd62a815002e80a0,False,unlabelled,seed29|sq:21|split__l0|w80|sq:21|cond=57264b1ddd62a815002e80a4,False,79,0.9875,False,2,0.0,0.0,0.0,0.0,0.0,0.0,0.0,0.0,0.0,seed29,split,l0,0.0,False,0.0,29
sq:21,squad_groups,split__l0,80,sq:21|cond=57264b1ddd62a815002e80a4,57264b1ddd62a815002e80a4,57264b1ddd62a815002e80a1,False,unlabelled,seed29|sq:21|split__l0|w80|sq:21|cond=57264b1ddd62a815002e80a4,False,79,0.9875,False,2,0.0,0.0,1.0,1.0,1.0,1.0,1.0,1.0,0.0,seed29,split,l0,0.0,False,0.0,29
sq:21,squad_groups,split__l0,80,sq:21|cond=57264b1ddd62a815002e80a4,57264b1ddd62a815002e80a4,57264b1ddd62a815002e80a3,False,unlabelled,seed29|sq:21|split__l0|w80|sq:21|cond=57264b1ddd62a815002e80a4,False,79,0.9875,False,2,0.0,0.6666666666666666,1.0,0.0,0.7272727272727273,1.0,0.0,0.06060606060606066,0.0,seed29,split,l0,0.0,False,0.0,29
sq:21,squad_groups,split__l0,80,sq:21|cond=57264b1ddd62a815002e80a4,57264b1ddd62a815002e80a4,57264b1ddd62a815002e80a4,True,unlabelled,seed29|sq:21|split__l0|w80|sq:21|cond=57264b1ddd62a815002e80a4,False,79,0.9875,False,2,0.0,0.5,0.0,0.0,0.3157894736842105,1.0,0.0,-0.1842105263157895,1.0,seed29,split,l0,0.0,False,0.0,29
sq:21,squad_groups,split__l1,80,sq:21|cond=57264b1ddd62a815002e80a4,57264b1ddd62a815002e80a4,57264b1ddd62a815002e80a0,False,unlabelled,seed29|sq:21|split__l1|w80|sq:21|cond=57264b1ddd62a815002e80a4,False,69,0.8625,False,2,0.0,0.0,0.0,0.0,0.0,0.0,0.0,0.0,0.0,seed29,split,l1,1.0,False,0.5,29
sq:21,squad_groups,split__l1,80,sq:21|cond=57264b1ddd62a815002e80a4,57264b1ddd62a815002e80a4,57264b1ddd62a815002e80a1,False,unlabelled,seed29|sq:21|split__l1|w80|sq:21|cond=57264b1ddd62a815002e80a4,False,69,0.8625,False,2,0.0,0.0,1.0,1.0,1.0,1.0,1.0,1.0,0.0,seed29,split,l1,1.0,False,0.5,29
sq:21,squad_groups,split__l1,80,sq:21|cond=57264b1ddd62a815002e80a4,57264b1ddd62a815002e80a4,57264b1ddd62a815002e80a3,False,unlabelled,seed29|sq:21|split__l1|w80|sq:21|cond=57264b1ddd62a815002e80a4,False,69,0.8625,False,2,0.0,0.0625,0.0,0.0,0.7272727272727273,1.0,0.0,0.6647727272727273,1.0,seed29,split,l1,1.0,False,0.5,29
sq:21,squad_groups,split__l1,80,sq:21|cond=57264b1ddd62a815002e80a4,57264b1ddd62a815002e80a4,57264b1ddd62a815002e80a4,True,unlabelled,seed29|sq:21|split__l1|w80|sq:21|cond=57264b1ddd62a815002e80a4,False,69,0.8625,False,2,0.0,0.375,0.0,0.0,0.3157894736842105,1.0,0.0,-0.05921052631578949,1.0,seed29,split,l1,1.0,False,0.5,29
sq:21,squad_groups,split__linf,80,sq:21|cond=57264b1ddd62a815002e80a4,57264b1ddd62a815002e80a4,57264b1ddd62a815002e80a0,False,unlabelled,seed29|sq:21|split__linf|w80|sq:21|cond=57264b1ddd62a815002e80a4,False,76,0.95,False,1,0.0,0.0,0.0,0.0,0.0,0.0,0.0,0.0,0.0,seed29,split,linf,,True,1.0,29
sq:21,squad_groups,split__linf,80,sq:21|cond=57264b1ddd62a815002e80a4,57264b1ddd62a815002e80a4,57264b1ddd62a815002e80a1,False,unlabelled,seed29|sq:21|split__linf|w80|sq:21|cond=57264b1ddd62a815002e80a4,False,76,0.95,False,1,1.0,1.0,1.0,1.0,1.0,1.0,0.0,0.0,0.0,seed29,split,linf,,True,1.0,29
sq:21,squad_groups,split__linf,80,sq:21|cond=57264b1ddd62a815002e80a4,57264b1ddd62a815002e80a4,57264b1ddd62a815002e80a3,False,unlabelled,seed29|sq:21|split__linf|w80|sq:21|cond=57264b1ddd62a815002e80a4,False,76,0.95,False,1,0.0,0.0,0.0,0.0,0.7272727272727273,1.0,0.0,0.7272727272727273,1.0,seed29,split,linf,,True,1.0,29
sq:21,squad_groups,split__linf,80,sq:21|cond=57264b1ddd62a815002e80a4,57264b1ddd62a815002e80a4,57264b1ddd62a815002e80a4,True,unlabelled,seed29|sq:21|split__linf|w80|sq:21|cond=57264b1ddd62a815002e80a4,False,76,0.95,False,1,0.0,0.6,0.0,0.0,0.3157894736842105,1.0,0.0,-0.28421052631578947,1.0,seed29,split,linf,,True,1.0,29
sq:22,squad_groups,split__l0,80,sq:22|cond=56e0812c231d4119001ac213,56e0812c231d4119001ac213,56e0812c231d4119001ac213,True,unlabelled,seed29|sq:22|split__l0|w80|sq:22|cond=56e0812c231d4119001ac213,False,71,0.8875,False,1,1.0,1.0,1.0,1.0,1.0,1.0,0.0,0.0,0.0,seed29,split,l0,0.0,False,0.0,29
sq:22,squad_groups,split__l0,80,sq:22|cond=56e0812c231d4119001ac213,56e0812c231d4119001ac213,56e0812c231d4119001ac214,False,unlabelled,seed29|sq:22|split__l0|w80|sq:22|cond=56e0812c231d4119001ac213,False,71,0.8875,False,1,1.0,1.0,1.0,1.0,1.0,1.0,0.0,0.0,0.0,seed29,split,l0,0.0,False,0.0,29
sq:22,squad_groups,split__l0,80,sq:22|cond=56e0812c231d4119001ac213,56e0812c231d4119001ac213,56e0ee12231d4119001ac45a,False,unlabelled,seed29|sq:22|split__l0|w80|sq:22|cond=56e0812c231d4119001ac213,False,71,0.8875,False,1,1.0,1.0,1.0,1.0,1.0,1.0,0.0,0.0,0.0,seed29,split,l0,0.0,False,0.0,29
sq:22,squad_groups,split__l0,80,sq:22|cond=56e0812c231d4119001ac213,56e0812c231d4119001ac213,56e0ee12231d4119001ac45b,False,unlabelled,seed29|sq:22|split__l0|w80|sq:22|cond=56e0812c231d4119001ac213,False,71,0.8875,False,1,0.0,0.5,1.0,0.0,0.0,1.0,0.0,-0.5,0.0,seed29,split,l0,0.0,False,0.0,29
sq:22,squad_groups,split__l1,80,sq:22|cond=56e0812c231d4119001ac213,56e0812c231d4119001ac213,56e0812c231d4119001ac213,True,unlabelled,seed29|sq:22|split__l1|w80|sq:22|cond=56e0812c231d4119001ac213,False,73,0.9125,False,5,1.0,1.0,1.0,1.0,1.0,1.0,0.0,0.0,0.0,seed29,split,l1,1.0,False,0.5,29
sq:22,squad_groups,split__l1,80,sq:22|cond=56e0812c231d4119001ac213,56e0812c231d4119001ac213,56e0812c231d4119001ac214,False,unlabelled,seed29|sq:22|split__l1|w80|sq:22|cond=56e0812c231d4119001ac213,False,73,0.9125,False,5,1.0,1.0,1.0,1.0,1.0,1.0,0.0,0.0,0.0,seed29,split,l1,1.0,False,0.5,29
sq:22,squad_groups,split__l1,80,sq:22|cond=56e0812c231d4119001ac213,56e0812c231d4119001ac213,56e0ee12231d4119001ac45a,False,unlabelled,seed29|sq:22|split__l1|w80|sq:22|cond=56e0812c231d4119001ac213,False,73,0.9125,False,5,1.0,1.0,1.0,1.0,1.0,1.0,0.0,0.0,0.0,seed29,split,l1,1.0,False,0.5,29
sq:22,squad_groups,split__l1,80,sq:22|cond=56e0812c231d4119001ac213,56e0812c231d4119001ac213,56e0ee12231d4119001ac45b,False,unlabelled,seed29|sq:22|split__l1|w80|sq:22|cond=56e0812c231d4119001ac213,False,73,0.9125,False,5,0.0,0.0,0.0,0.0,0.0,1.0,0.0,0.0,1.0,seed29,split,l1,1.0,False,0.5,29
sq:22,squad_groups,split__linf,80,sq:22|cond=56e0812c231d4119001ac213,56e0812c231d4119001ac213,56e0812c231d4119001ac213,True,unlabelled,seed29|sq:22|split__linf|w80|sq:22|cond=56e0812c231d4119001ac213,False,74,0.925,False,2,1.0,1.0,1.0,1.0,1.0,1.0,0.0,0.0,0.0,seed29,split,linf,,True,1.0,29
sq:22,squad_groups,split__linf,80,sq:22|cond=56e0812c231d4119001ac213,56e0812c231d4119001ac213,56e0812c231d4119001ac214,False,unlabelled,seed29|sq:22|split__linf|w80|sq:22|cond=56e0812c231d4119001ac213,False,74,0.925,False,2,0.0,0.0,0.0,1.0,1.0,1.0,1.0,1.0,1.0,seed29,split,linf,,True,1.0,29
sq:22,squad_groups,split__linf,80,sq:22|cond=56e0812c231d4119001ac213,56e0812c231d4119001ac213,56e0ee12231d4119001ac45a,False,unlabelled,seed29|sq:22|split__linf|w80|sq:22|cond=56e0812c231d4119001ac213,False,74,0.925,False,2,1.0,1.0,1.0,1.0,1.0,1.0,0.0,0.0,0.0,seed29,split,linf,,True,1.0,29
sq:22,squad_groups,split__linf,80,sq:22|cond=56e0812c231d4119001ac213,56e0812c231d4119001ac213,56e0ee12231d4119001ac45b,False,unlabelled,seed29|sq:22|split__linf|w80|sq:22|cond=56e0812c231d4119001ac213,False,74,0.925,False,2,0.0,0.5,1.0,0.0,0.0,1.0,0.0,-0.5,0.0,seed29,split,linf,,True,1.0,29
sq:22,squad_groups,split__l0,80,sq:22|cond=56e0812c231d4119001ac214,56e0812c231d4119001ac214,56e0812c231d4119001ac213,False,unlabelled,seed29|sq:22|split__l0|w80|sq:22|cond=56e0812c231d4119001ac214,False,74,0.925,False,1,1.0,1.0,1.0,1.0,1.0,1.0,0.0,0.0,0.0,seed29,split,l0,0.0,False,0.0,29
sq:22,squad_groups,split__l0,80,sq:22|cond=56e0812c231d4119001ac214,56e0812c231d4119001ac214,56e0812c231d4119001ac214,True,unlabelled,seed29|sq:22|split__l0|w80|sq:22|cond=56e0812c231d4119001ac214,False,74,0.925,False,1,1.0,1.0,1.0,1.0,1.0,1.0,0.0,0.0,0.0,seed29,split,l0,0.0,False,0.0,29
sq:22,squad_groups,split__l0,80,sq:22|cond=56e0812c231d4119001ac214,56e0812c231d4119001ac214,56e0ee12231d4119001ac45a,False,unlabelled,seed29|sq:22|split__l0|w80|sq:22|cond=56e0812c231d4119001ac214,False,74,0.925,False,1,1.0,1.0,1.0,1.0,1.0,1.0,0.0,0.0,0.0,seed29,split,l0,0.0,False,0.0,29
sq:22,squad_groups,split__l0,80,sq:22|cond=56e0812c231d4119001ac214,56e0812c231d4119001ac214,56e0ee12231d4119001ac45b,False,unlabelled,seed29|sq:22|split__l0|w80|sq:22|cond=56e0812c231d4119001ac214,False,74,0.925,False,1,0.0,0.5,1.0,0.0,0.0,1.0,0.0,-0.5,0.0,seed29,split,l0,0.0,False,0.0,29
sq:22,squad_groups,split__l1,80,sq:22|cond=56e0812c231d4119001ac214,56e0812c231d4119001ac214,56e0812c231d4119001ac213,False,unlabelled,seed29|sq:22|split__l1|w80|sq:22|cond=56e0812c231d4119001ac214,False,73,0.9125,False,4,0.0,0.0,0.0,1.0,1.0,1.0,1.0,1.0,1.0,seed29,split,l1,1.0,False,0.5,29
sq:22,squad_groups,split__l1,80,sq:22|cond=56e0812c231d4119001ac214,56e0812c231d4119001ac214,56e0812c231d4119001ac214,True,unlabelled,seed29|sq:22|split__l1|w80|sq:22|cond=56e0812c231d4119001ac214,False,73,0.9125,False,4,1.0,1.0,1.0,1.0,1.0,1.0,0.0,0.0,0.0,seed29,split,l1,1.0,False,0.5,29
sq:22,squad_groups,split__l1,80,sq:22|cond=56e0812c231d4119001ac214,56e0812c231d4119001ac214,56e0ee12231d4119001ac45a,False,unlabelled,seed29|sq:22|split__l1|w80|sq:22|cond=56e0812c231d4119001ac214,False,73,0.9125,False,4,1.0,1.0,1.0,1.0,1.0,1.0,0.0,0.0,0.0,seed29,split,l1,1.0,False,0.5,29
sq:22,squad_groups,split__l1,80,sq:22|cond=56e0812c231d4119001ac214,56e0812c231d4119001ac214,56e0ee12231d4119001ac45b,False,unlabelled,seed29|sq:22|split__l1|w80|sq:22|cond=56e0812c231d4119001ac214,False,73,0.9125,False,4,0.0,0.0,0.0,0.0,0.0,1.0,0.0,0.0,1.0,seed29,split,l1,1.0,False,0.5,29
sq:22,squad_groups,split__linf,80,sq:22|cond=56e0812c231d4119001ac214,56e0812c231d4119001ac214,56e0812c231d4119001ac213,False,unlabelled,seed29|sq:22|split__linf|w80|sq:22|cond=56e0812c231d4119001ac214,False,70,0.875,False,1,1.0,1.0,1.0,1.0,1.0,1.0,0.0,0.0,0.0,seed29,split,linf,,True,1.0,29
sq:22,squad_groups,split__linf,80,sq:22|cond=56e0812c231d4119001ac214,56e0812c231d4119001ac214,56e0812c231d4119001ac214,True,unlabelled,seed29|sq:22|split__linf|w80|sq:22|cond=56e0812c231d4119001ac214,False,70,0.875,False,1,1.0,1.0,1.0,1.0,1.0,1.0,0.0,0.0,0.0,seed29,split,linf,,True,1.0,29
sq:22,squad_groups,split__linf,80,sq:22|cond=56e0812c231d4119001ac214,56e0812c231d4119001ac214,56e0ee12231d4119001ac45a,False,unlabelled,seed29|sq:22|split__linf|w80|sq:22|cond=56e0812c231d4119001ac214,False,70,0.875,False,1,1.0,1.0,1.0,1.0,1.0,1.0,0.0,0.0,0.0,seed29,split,linf,,True,1.0,29
sq:22,squad_groups,split__linf,80,sq:22|cond=56e0812c231d4119001ac214,56e0812c231d4119001ac214,56e0ee12231d4119001ac45b,False,unlabelled,seed29|sq:22|split__linf|w80|sq:22|cond=56e0812c231d4119001ac214,False,70,0.875,False,1,0.0,0.0,0.0,0.0,0.0,1.0,0.0,0.0,1.0,seed29,split,linf,,True,1.0,29
sq:22,squad_groups,split__l0,80,sq:22|cond=56e0ee12231d4119001ac45a,56e0ee12231d4119001ac45a,56e0812c231d4119001ac213,False,unlabelled,seed29|sq:22|split__l0|w80|sq:22|cond=56e0ee12231d4119001ac45a,False,78,0.975,False,2,1.0,1.0,1.0,1.0,1.0,1.0,0.0,0.0,0.0,seed29,split,l0,0.0,False,0.0,29
sq:22,squad_groups,split__l0,80,sq:22|cond=56e0ee12231d4119001ac45a,56e0ee12231d4119001ac45a,56e0812c231d4119001ac214,False,unlabelled,seed29|sq:22|split__l0|w80|sq:22|cond=56e0ee12231d4119001ac45a,False,78,0.975,False,2,1.0,1.0,1.0,1.0,1.0,1.0,0.0,0.0,0.0,seed29,split,l0,0.0,False,0.0,29
sq:22,squad_groups,split__l0,80,sq:22|cond=56e0ee12231d4119001ac45a,56e0ee12231d4119001ac45a,56e0ee12231d4119001ac45a,True,unlabelled,seed29|sq:22|split__l0|w80|sq:22|cond=56e0ee12231d4119001ac45a,False,78,0.975,False,2,1.0,1.0,1.0,1.0,1.0,1.0,0.0,0.0,0.0,seed29,split,l0,0.0,False,0.0,29
sq:22,squad_groups,split__l0,80,sq:22|cond=56e0ee12231d4119001ac45a,56e0ee12231d4119001ac45a,56e0ee12231d4119001ac45b,False,unlabelled,seed29|sq:22|split__l0|w80|sq:22|cond=56e0ee12231d4119001ac45a,False,78,0.975,False,2,0.0,0.0,1.0,0.0,0.0,1.0,0.0,0.0,0.0,seed29,split,l0,0.0,False,0.0,29
sq:22,squad_groups,split__l1,80,sq:22|cond=56e0ee12231d4119001ac45a,56e0ee12231d4119001ac45a,56e0812c231d4119001ac213,False,unlabelled,seed29|sq:22|split__l1|w80|sq:22|cond=56e0ee12231d4119001ac45a,False,70,0.875,False,6,1.0,1.0,1.0,1.0,1.0,1.0,0.0,0.0,0.0,seed29,split,l1,1.0,False,0.5,29
sq:22,squad_groups,split__l1,80,sq:22|cond=56e0ee12231d4119001ac45a,56e0ee12231d4119001ac45a,56e0812c231d4119001ac214,False,unlabelled,seed29|sq:22|split__l1|w80|sq:22|cond=56e0ee12231d4119001ac45a,False,70,0.875,False,6,1.0,1.0,1.0,1.0,1.0,1.0,0.0,0.0,0.0,seed29,split,l1,1.0,False,0.5,29
sq:22,squad_groups,split__l1,80,sq:22|cond=56e0ee12231d4119001ac45a,56e0ee12231d4119001ac45a,56e0ee12231d4119001ac45a,True,unlabelled,seed29|sq:22|split__l1|w80|sq:22|cond=56e0ee12231d4119001ac45a,False,70,0.875,False,6,1.0,1.0,1.0,1.0,1.0,1.0,0.0,0.0,0.0,seed29,split,l1,1.0,False,0.5,29
sq:22,squad_groups,split__l1,80,sq:22|cond=56e0ee12231d4119001ac45a,56e0ee12231d4119001ac45a,56e0ee12231d4119001ac45b,False,unlabelled,seed29|sq:22|split__l1|w80|sq:22|cond=56e0ee12231d4119001ac45a,False,70,0.875,False,6,0.0,0.0,0.0,0.0,0.0,1.0,0.0,0.0,1.0,seed29,split,l1,1.0,False,0.5,29
sq:22,squad_groups,split__linf,80,sq:22|cond=56e0ee12231d4119001ac45a,56e0ee12231d4119001ac45a,56e0812c231d4119001ac213,False,unlabelled,seed29|sq:22|split__linf|w80|sq:22|cond=56e0ee12231d4119001ac45a,False,78,0.975,False,1,1.0,1.0,1.0,1.0,1.0,1.0,0.0,0.0,0.0,seed29,split,linf,,True,1.0,29
sq:22,squad_groups,split__linf,80,sq:22|cond=56e0ee12231d4119001ac45a,56e0ee12231d4119001ac45a,56e0812c231d4119001ac214,False,unlabelled,seed29|sq:22|split__linf|w80|sq:22|cond=56e0ee12231d4119001ac45a,False,78,0.975,False,1,1.0,1.0,1.0,1.0,1.0,1.0,0.0,0.0,0.0,seed29,split,linf,,True,1.0,29
sq:22,squad_groups,split__linf,80,sq:22|cond=56e0ee12231d4119001ac45a,56e0ee12231d4119001ac45a,56e0ee12231d4119001ac45a,True,unlabelled,seed29|sq:22|split__linf|w80|sq:22|cond=56e0ee12231d4119001ac45a,False,78,0.975,False,1,0.0,0.0,0.0,1.0,1.0,1.0,1.0,1.0,1.0,seed29,split,linf,,True,1.0,29
sq:22,squad_groups,split__linf,80,sq:22|cond=56e0ee12231d4119001ac45a,56e0ee12231d4119001ac45a,56e0ee12231d4119001ac45b,False,unlabelled,seed29|sq:22|split__linf|w80|sq:22|cond=56e0ee12231d4119001ac45a,False,78,0.975,False,1,1.0,1.0,1.0,0.0,0.0,1.0,-1.0,-1.0,0.0,seed29,split,linf,,True,1.0,29
sq:22,squad_groups,split__l0,80,sq:22|cond=56e0ee12231d4119001ac45b,56e0ee12231d4119001ac45b,56e0812c231d4119001ac213,False,unlabelled,seed29|sq:22|split__l0|w80|sq:22|cond=56e0ee12231d4119001ac45b,False,77,0.9625,False,2,0.0,0.5,1.0,1.0,1.0,1.0,1.0,0.5,0.0,seed29,split,l0,0.0,False,0.0,29
sq:22,squad_groups,split__l0,80,sq:22|cond=56e0ee12231d4119001ac45b,56e0ee12231d4119001ac45b,56e0812c231d4119001ac214,False,unlabelled,seed29|sq:22|split__l0|w80|sq:22|cond=56e0ee12231d4119001ac45b,False,77,0.9625,False,2,0.0,0.0,0.0,1.0,1.0,1.0,1.0,1.0,1.0,seed29,split,l0,0.0,False,0.0,29
sq:22,squad_groups,split__l0,80,sq:22|cond=56e0ee12231d4119001ac45b,56e0ee12231d4119001ac45b,56e0ee12231d4119001ac45a,False,unlabelled,seed29|sq:22|split__l0|w80|sq:22|cond=56e0ee12231d4119001ac45b,False,77,0.9625,False,2,0.0,0.0,0.0,1.0,1.0,1.0,1.0,1.0,1.0,seed29,split,l0,0.0,False,0.0,29
sq:22,squad_groups,split__l0,80,sq:22|cond=56e0ee12231d4119001ac45b,56e0ee12231d4119001ac45b,56e0ee12231d4119001ac45b,True,unlabelled,seed29|sq:22|split__l0|w80|sq:22|cond=56e0ee12231d4119001ac45b,False,77,0.9625,False,2,0.0,0.5,1.0,0.0,0.0,1.0,0.0,-0.5,0.0,seed29,split,l0,0.0,False,0.0,29
sq:22,squad_groups,split__l1,80,sq:22|cond=56e0ee12231d4119001ac45b,56e0ee12231d4119001ac45b,56e0812c231d4119001ac213,False,unlabelled,seed29|sq:22|split__l1|w80|sq:22|cond=56e0ee12231d4119001ac45b,False,74,0.925,False,2,0.0,0.5,1.0,1.0,1.0,1.0,1.0,0.5,0.0,seed29,split,l1,1.0,False,0.5,29
sq:22,squad_groups,split__l1,80,sq:22|cond=56e0ee12231d4119001ac45b,56e0ee12231d4119001ac45b,56e0812c231d4119001ac214,False,unlabelled,seed29|sq:22|split__l1|w80|sq:22|cond=56e0ee12231d4119001ac45b,False,74,0.925,False,2,1.0,1.0,1.0,1.0,1.0,1.0,0.0,0.0,0.0,seed29,split,l1,1.0,False,0.5,29
sq:22,squad_groups,split__l1,80,sq:22|cond=56e0ee12231d4119001ac45b,56e0ee12231d4119001ac45b,56e0ee12231d4119001ac45a,False,unlabelled,seed29|sq:22|split__l1|w80|sq:22|cond=56e0ee12231d4119001ac45b,False,74,0.925,False,2,0.0,0.0,0.0,1.0,1.0,1.0,1.0,1.0,1.0,seed29,split,l1,1.0,False,0.5,29
sq:22,squad_groups,split__l1,80,sq:22|cond=56e0ee12231d4119001ac45b,56e0ee12231d4119001ac45b,56e0ee12231d4119001ac45b,True,unlabelled,seed29|sq:22|split__l1|w80|sq:22|cond=56e0ee12231d4119001ac45b,False,74,0.925,False,2,0.0,0.5,1.0,0.0,0.0,1.0,0.0,-0.5,0.0,seed29,split,l1,1.0,False,0.5,29
sq:22,squad_groups,split__linf,80,sq:22|cond=56e0ee12231d4119001ac45b,56e0ee12231d4119001ac45b,56e0812c231d4119001ac213,False,unlabelled,seed29|sq:22|split__linf|w80|sq:22|cond=56e0ee12231d4119001ac45b,False,72,0.9,False,1,0.0,0.5,1.0,1.0,1.0,1.0,1.0,0.5,0.0,seed29,split,linf,,True,1.0,29
sq:22,squad_groups,split__linf,80,sq:22|cond=56e0ee12231d4119001ac45b,56e0ee12231d4119001ac45b,56e0812c231d4119001ac214,False,unlabelled,seed29|sq:22|split__linf|w80|sq:22|cond=56e0ee12231d4119001ac45b,False,72,0.9,False,1,0.0,0.0,0.0,1.0,1.0,1.0,1.0,1.0,1.0,seed29,split,linf,,True,1.0,29
sq:22,squad_groups,split__linf,80,sq:22|cond=56e0ee12231d4119001ac45b,56e0ee12231d4119001ac45b,56e0ee12231d4119001ac45a,False,unlabelled,seed29|sq:22|split__linf|w80|sq:22|cond=56e0ee12231d4119001ac45b,False,72,0.9,False,1,0.0,0.0,0.0,1.0,1.0,1.0,1.0,1.0,1.0,seed29,split,linf,,True,1.0,29
sq:22,squad_groups,split__linf,80,sq:22|cond=56e0ee12231d4119001ac45b,56e0ee12231d4119001ac45b,56e0ee12231d4119001ac45b,True,unlabelled,seed29|sq:22|split__linf|w80|sq:22|cond=56e0ee12231d4119001ac45b,False,72,0.9,False,1,0.0,0.0,0.0,0.0,0.0,1.0,0.0,0.0,1.0,seed29,split,linf,,True,1.0,29
sq:23,squad_groups,split__l0,80,sq:23|cond=56e10412e3433e1400422aba,56e10412e3433e1400422aba,56e10412e3433e1400422aba,True,unlabelled,seed29|sq:23|split__l0|w80|sq:23|cond=56e10412e3433e1400422aba,False,71,0.8875,False,4,1.0,1.0,1.0,1.0,1.0,1.0,0.0,0.0,0.0,seed29,split,l0,0.0,False,0.0,29
sq:23,squad_groups,split__l0,80,sq:23|cond=56e10412e3433e1400422aba,56e10412e3433e1400422aba,56e10412e3433e1400422abb,False,unlabelled,seed29|sq:23|split__l0|w80|sq:23|cond=56e10412e3433e1400422aba,False,71,0.8875,False,4,0.0,0.0,0.0,1.0,1.0,1.0,1.0,1.0,1.0,seed29,split,l0,0.0,False,0.0,29
sq:23,squad_groups,split__l0,80,sq:23|cond=56e10412e3433e1400422aba,56e10412e3433e1400422aba,56e10412e3433e1400422abc,False,unlabelled,seed29|sq:23|split__l0|w80|sq:23|cond=56e10412e3433e1400422aba,False,71,0.8875,False,4,0.0,0.0,0.0,0.0,0.0,0.0,0.0,0.0,0.0,seed29,split,l0,0.0,False,0.0,29
sq:23,squad_groups,split__l0,80,sq:23|cond=56e10412e3433e1400422aba,56e10412e3433e1400422aba,56e10412e3433e1400422abd,False,unlabelled,seed29|sq:23|split__l0|w80|sq:23|cond=56e10412e3433e1400422aba,False,71,0.8875,False,4,1.0,1.0,1.0,1.0,1.0,1.0,0.0,0.0,0.0,seed29,split,l0,0.0,False,0.0,29
sq:23,squad_groups,split__l1,80,sq:23|cond=56e10412e3433e1400422aba,56e10412e3433e1400422aba,56e10412e3433e1400422aba,True,unlabelled,seed29|sq:23|split__l1|w80|sq:23|cond=56e10412e3433e1400422aba,False,76,0.95,False,6,1.0,1.0,1.0,1.0,1.0,1.0,0.0,0.0,0.0,seed29,split,l1,1.0,False,0.5,29
sq:23,squad_groups,split__l1,80,sq:23|cond=56e10412e3433e1400422aba,56e10412e3433e1400422aba,56e10412e3433e1400422abb,False,unlabelled,seed29|sq:23|split__l1|w80|sq:23|cond=56e10412e3433e1400422aba,False,76,0.95,False,6,0.0,0.6666666666666666,1.0,1.0,1.0,1.0,1.0,0.33333333333333337,0.0,seed29,split,l1,1.0,False,0.5,29
sq:23,squad_groups,split__l1,80,sq:23|cond=56e10412e3433e1400422aba,56e10412e3433e1400422aba,56e10412e3433e1400422abc,False,unlabelled,seed29|sq:23|split__l1|w80|sq:23|cond=56e10412e3433e1400422aba,False,76,0.95,False,6,0.0,0.19999999999999998,1.0,0.0,0.0,0.0,0.0,-0.19999999999999998,-1.0,seed29,split,l1,1.0,False,0.5,29
sq:23,squad_groups,split__l1,80,sq:23|cond=56e10412e3433e1400422aba,56e10412e3433e1400422aba,56e10412e3433e1400422abd,False,unlabelled,seed29|sq:23|split__l1|w80|sq:23|cond=56e10412e3433e1400422aba,False,76,0.95,False,6,0.0,0.0,0.0,1.0,1.0,1.0,1.0,1.0,1.0,seed29,split,l1,1.0,False,0.5,29
sq:23,squad_groups,split__linf,80,sq:23|cond=56e10412e3433e1400422aba,56e10412e3433e1400422aba,56e10412e3433e1400422aba,True,unlabelled,seed29|sq:23|split__linf|w80|sq:23|cond=56e10412e3433e1400422aba,False,78,0.975,False,2,0.0,0.0,0.0,1.0,1.0,1.0,1.0,1.0,1.0,seed29,split,linf,,True,1.0,29
sq:23,squad_groups,split__linf,80,sq:23|cond=56e10412e3433e1400422aba,56e10412e3433e1400422aba,56e10412e3433e1400422abb,False,unlabelled,seed29|sq:23|split__linf|w80|sq:23|cond=56e10412e3433e1400422aba,False,78,0.975,False,2,1.0,1.0,1.0,1.0,1.0,1.0,0.0,0.0,0.0,seed29,split,linf,,True,1.0,29
sq:23,squad_groups,split__linf,80,sq:23|cond=56e10412e3433e1400422aba,56e10412e3433e1400422aba,56e10412e3433e1400422abc,False,unlabelled,seed29|sq:23|split__linf|w80|sq:23|cond=56e10412e3433e1400422aba,False,78,0.975,False,2,0.0,0.0,0.0,0.0,0.0,0.0,0.0,0.0,0.0,seed29,split,linf,,True,1.0,29
sq:23,squad_groups,split__linf,80,sq:23|cond=56e10412e3433e1400422aba,56e10412e3433e1400422aba,56e10412e3433e1400422abd,False,unlabelled,seed29|sq:23|split__linf|w80|sq:23|cond=56e10412e3433e1400422aba,False,78,0.975,False,2,0.0,0.0,0.0,1.0,1.0,1.0,1.0,1.0,1.0,seed29,split,linf,,True,1.0,29
sq:23,squad_groups,split__l0,80,sq:23|cond=56e10412e3433e1400422abb,56e10412e3433e1400422abb,56e10412e3433e1400422aba,False,unlabelled,seed29|sq:23|split__l0|w80|sq:23|cond=56e10412e3433e1400422abb,False,79,0.9875,False,2,1.0,1.0,1.0,1.0,1.0,1.0,0.0,0.0,0.0,seed29,split,l0,0.0,False,0.0,29
sq:23,squad_groups,split__l0,80,sq:23|cond=56e10412e3433e1400422abb,56e10412e3433e1400422abb,56e10412e3433e1400422abb,True,unlabelled,seed29|sq:23|split__l0|w80|sq:23|cond=56e10412e3433e1400422abb,False,79,0.9875,False,2,1.0,1.0,1.0,1.0,1.0,1.0,0.0,0.0,0.0,seed29,split,l0,0.0,False,0.0,29
sq:23,squad_groups,split__l0,80,sq:23|cond=56e10412e3433e1400422abb,56e10412e3433e1400422abb,56e10412e3433e1400422abc,False,unlabelled,seed29|sq:23|split__l0|w80|sq:23|cond=56e10412e3433e1400422abb,False,79,0.9875,False,2,0.0,0.0,0.0,0.0,0.0,0.0,0.0,0.0,0.0,seed29,split,l0,0.0,False,0.0,29
sq:23,squad_groups,split__l0,80,sq:23|cond=56e10412e3433e1400422abb,56e10412e3433e1400422abb,56e10412e3433e1400422abd,False,unlabelled,seed29|sq:23|split__l0|w80|sq:23|cond=56e10412e3433e1400422abb,False,79,0.9875,False,2,0.0,0.0,0.0,1.0,1.0,1.0,1.0,1.0,1.0,seed29,split,l0,0.0,False,0.0,29
sq:23,squad_groups,split__l1,80,sq:23|cond=56e10412e3433e1400422abb,56e10412e3433e1400422abb,56e10412e3433e1400422aba,False,unlabelled,seed29|sq:23|split__l1|w80|sq:23|cond=56e10412e3433e1400422abb,False,69,0.8625,False,5,0.0,0.0,0.0,1.0,1.0,1.0,1.0,1.0,1.0,seed29,split,l1,1.0,False,0.5,29
sq:23,squad_groups,split__l1,80,sq:23|cond=56e10412e3433e1400422abb,56e10412e3433e1400422abb,56e10412e3433e1400422abb,True,unlabelled,seed29|sq:23|split__l1|w80|sq:23|cond=56e10412e3433e1400422abb,False,69,0.8625,False,5,0.0,0.0,0.0,1.0,1.0,1.0,1.0,1.0,1.0,seed29,split,l1,1.0,False,0.5,29
sq:23,squad_groups,split__l1,80,sq:23|cond=56e10412e3433e1400422abb,56e10412e3433e1400422abb,56e10412e3433e1400422abc,False,unlabelled,seed29|sq:23|split__l1|w80|sq:23|cond=56e10412e3433e1400422abb,False,69,0.8625,False,5,0.0,0.19999999999999998,1.0,0.0,0.0,0.0,0.0,-0.19999999999999998,-1.0,seed29,split,l1,1.0,False,0.5,29
sq:23,squad_groups,split__l1,80,sq:23|cond=56e10412e3433e1400422abb,56e10412e3433e1400422abb,56e10412e3433e1400422abd,False,unlabelled,seed29|sq:23|split__l1|w80|sq:23|cond=56e10412e3433e1400422abb,False,69,0.8625,False,5,0.0,0.0,0.0,1.0,1.0,1.0,1.0,1.0,1.0,seed29,split,l1,1.0,False,0.5,29
sq:23,squad_groups,split__linf,80,sq:23|cond=56e10412e3433e1400422abb,56e10412e3433e1400422abb,56e10412e3433e1400422aba,False,unlabelled,seed29|sq:23|split__linf|w80|sq:23|cond=56e10412e3433e1400422abb,False,77,0.9625,False,1,1.0,1.0,1.0,1.0,1.0,1.0,0.0,0.0,0.0,seed29,split,linf,,True,1.0,29
sq:23,squad_groups,split__linf,80,sq:23|cond=56e10412e3433e1400422abb,56e10412e3433e1400422abb,56e10412e3433e1400422abb,True,unlabelled,seed29|sq:23|split__linf|w80|sq:23|cond=56e10412e3433e1400422abb,False,77,0.9625,False,1,0.0,0.0,0.0,1.0,1.0,1.0,1.0,1.0,1.0,seed29,split,linf,,True,1.0,29
sq:23,squad_groups,split__linf,80,sq:23|cond=56e10412e3433e1400422abb,56e10412e3433e1400422abb,56e10412e3433e1400422abc,False,unlabelled,seed29|sq:23|split__linf|w80|sq:23|cond=56e10412e3433e1400422abb,False,77,0.9625,False,1,0.0,0.0,0.0,0.0,0.0,0.0,0.0,0.0,0.0,seed29,split,linf,,True,1.0,29
sq:23,squad_groups,split__linf,80,sq:23|cond=56e10412e3433e1400422abb,56e10412e3433e1400422abb,56e10412e3433e1400422abd,False,unlabelled,seed29|sq:23|split__linf|w80|sq:23|cond=56e10412e3433e1400422abb,False,77,0.9625,False,1,1.0,1.0,1.0,1.0,1.0,1.0,0.0,0.0,0.0,seed29,split,linf,,True,1.0,29
sq:23,squad_groups,split__l0,80,sq:23|cond=56e10412e3433e1400422abc,56e10412e3433e1400422abc,56e10412e3433e1400422aba,False,unlabelled,seed29|sq:23|split__l0|w80|sq:23|cond=56e10412e3433e1400422abc,False,72,0.9,False,1,0.0,0.0,0.0,1.0,1.0,1.0,1.0,1.0,1.0,seed29,split,l0,0.0,False,0.0,29
sq:23,squad_groups,split__l0,80,sq:23|cond=56e10412e3433e1400422abc,56e10412e3433e1400422abc,56e10412e3433e1400422abb,False,unlabelled,seed29|sq:23|split__l0|w80|sq:23|cond=56e10412e3433e1400422abc,False,72,0.9,False,1,1.0,1.0,1.0,1.0,1.0,1.0,0.0,0.0,0.0,seed29,split,l0,0.0,False,0.0,29
sq:23,squad_groups,split__l0,80,sq:23|cond=56e10412e3433e1400422abc,56e10412e3433e1400422abc,56e10412e3433e1400422abc,True,unlabelled,seed29|sq:23|split__l0|w80|sq:23|cond=56e10412e3433e1400422abc,False,72,0.9,False,1,0.0,0.0,0.0,0.0,0.0,0.0,0.0,0.0,0.0,seed29,split,l0,0.0,False,0.0,29
sq:23,squad_groups,split__l0,80,sq:23|cond=56e10412e3433e1400422abc,56e10412e3433e1400422abc,56e10412e3433e1400422abd,False,unlabelled,seed29|sq:23|split__l0|w80|sq:23|cond=56e10412e3433e1400422abc,False,72,0.9,False,1,0.0,0.0,0.0,1.0,1.0,1.0,1.0,1.0,1.0,seed29,split,l0,0.0,False,0.0,29
sq:23,squad_groups,split__l1,80,sq:23|cond=56e10412e3433e1400422abc,56e10412e3433e1400422abc,56e10412e3433e1400422aba,False,unlabelled,seed29|sq:23|split__l1|w80|sq:23|cond=56e10412e3433e1400422abc,False,77,0.9625,False,4,1.0,1.0,1.0,1.0,1.0,1.0,0.0,0.0,0.0,seed29,split,l1,1.0,False,0.5,29
sq:23,squad_groups,split__l1,80,sq:23|cond=56e10412e3433e1400422abc,56e10412e3433e1400422abc,56e10412e3433e1400422abb,False,unlabelled,seed29|sq:23|split__l1|w80|sq:23|cond=56e10412e3433e1400422abc,False,77,0.9625,False,4,1.0,1.0,1.0,1.0,1.0,1.0,0.0,0.0,0.0,seed29,split,l1,1.0,False,0.5,29
sq:23,squad_groups,split__l1,80,sq:23|cond=56e10412e3433e1400422abc,56e10412e3433e1400422abc,56e10412e3433e1400422abc,True,unlabelled,seed29|sq:23|split__l1|w80|sq:23|cond=56e10412e3433e1400422abc,False,77,0.9625,False,4,0.0,0.3636363636363636,1.0,0.0,0.0,0.0,0.0,-0.3636363636363636,-1.0,seed29,split,l1,1.0,False,0.5,29
sq:23,squad_groups,split__l1,80,sq:23|cond=56e10412e3433e1400422abc,56e10412e3433e1400422abc,56e10412e3433e1400422abd,False,unlabelled,seed29|sq:23|split__l1|w80|sq:23|cond=56e10412e3433e1400422abc,False,77,0.9625,False,4,0.0,0.5,0.0,1.0,1.0,1.0,1.0,0.5,1.0,seed29,split,l1,1.0,False,0.5,29
sq:23,squad_groups,split__linf,80,sq:23|cond=56e10412e3433e1400422abc,56e10412e3433e1400422abc,56e10412e3433e1400422aba,False,unlabelled,seed29|sq:23|split__linf|w80|sq:23|cond=56e10412e3433e1400422abc,False,78,0.975,False,2,1.0,1.0,1.0,1.0,1.0,1.0,0.0,0.0,0.0,seed29,split,linf,,True,1.0,29
sq:23,squad_groups,split__linf,80,sq:23|cond=56e10412e3433e1400422abc,56e10412e3433e1400422abc,56e10412e3433e1400422abb,False,unlabelled,seed29|sq:23|split__linf|w80|sq:23|cond=56e10412e3433e1400422abc,False,78,0.975,False,2,1.0,1.0,1.0,1.0,1.0,1.0,0.0,0.0,0.0,seed29,split,linf,,True,1.0,29
sq:23,squad_groups,split__linf,80,sq:23|cond=56e10412e3433e1400422abc,56e10412e3433e1400422abc,56e10412e3433e1400422abc,True,unlabelled,seed29|sq:23|split__linf|w80|sq:23|cond=56e10412e3433e1400422abc,False,78,0.975,False,2,0.0,0.0,0.0,0.0,0.0,0.0,0.0,0.0,0.0,seed29,split,linf,,True,1.0,29
sq:23,squad_groups,split__linf,80,sq:23|cond=56e10412e3433e1400422abc,56e10412e3433e1400422abc,56e10412e3433e1400422abd,False,unlabelled,seed29|sq:23|split__linf|w80|sq:23|cond=56e10412e3433e1400422abc,False,78,0.975,False,2,1.0,1.0,1.0,1.0,1.0,1.0,0.0,0.0,0.0,seed29,split,linf,,True,1.0,29
sq:23,squad_groups,split__l0,80,sq:23|cond=56e10412e3433e1400422abd,56e10412e3433e1400422abd,56e10412e3433e1400422aba,False,unlabelled,seed29|sq:23|split__l0|w80|sq:23|cond=56e10412e3433e1400422abd,False,74,0.925,False,2,0.0,0.0,0.0,1.0,1.0,1.0,1.0,1.0,1.0,seed29,split,l0,0.0,False,0.0,29
sq:23,squad_groups,split__l0,80,sq:23|cond=56e10412e3433e1400422abd,56e10412e3433e1400422abd,56e10412e3433e1400422abb,False,unlabelled,seed29|sq:23|split__l0|w80|sq:23|cond=56e10412e3433e1400422abd,False,74,0.925,False,2,0.0,0.0,0.0,1.0,1.0,1.0,1.0,1.0,1.0,seed29,split,l0,0.0,False,0.0,29
sq:23,squad_groups,split__l0,80,sq:23|cond=56e10412e3433e1400422abd,56e10412e3433e1400422abd,56e10412e3433e1400422abc,False,unlabelled,seed29|sq:23|split__l0|w80|sq:23|cond=56e10412e3433e1400422abd,False,74,0.925,False,2,0.0,0.0,0.0,0.0,0.0,0.0,0.0,0.0,0.0,seed29,split,l0,0.0,False,0.0,29
sq:23,squad_groups,split__l0,80,sq:23|cond=56e10412e3433e1400422abd,56e10412e3433e1400422abd,56e10412e3433e1400422abd,True,unlabelled,seed29|sq:23|split__l0|w80|sq:23|cond=56e10412e3433e1400422abd,False,74,0.925,False,2,1.0,1.0,1.0,1.0,1.0,1.0,0.0,0.0,0.0,seed29,split,l0,0.0,False,0.0,29
sq:23,squad_groups,split__l1,80,sq:23|cond=56e10412e3433e1400422abd,56e10412e3433e1400422abd,56e10412e3433e1400422aba,False,unlabelled,seed29|sq:23|split__l1|w80|sq:23|cond=56e10412e3433e1400422abd,False,78,0.975,False,6,1.0,1.0,1.0,1.0,1.0,1.0,0.0,0.0,0.0,seed29,split,l1,1.0,False,0.5,29
sq:23,squad_groups,split__l1,80,sq:23|cond=56e10412e3433e1400422abd,56e10412e3433e1400422abd,56e10412e3433e1400422abb,False,unlabelled,seed29|sq:23|split__l1|w80|sq:23|cond=56e10412e3433e1400422abd,False,78,0.975,False,6,1.0,1.0,1.0,1.0,1.0,1.0,0.0,0.0,0.0,seed29,split,l1,1.0,False,0.5,29
sq:23,squad_groups,split__l1,80,sq:23|cond=56e10412e3433e1400422abd,56e10412e3433e1400422abd,56e10412e3433e1400422abc,False,unlabelled,seed29|sq:23|split__l1|w80|sq:23|cond=56e10412e3433e1400422abd,False,78,0.975,False,6,0.0,0.19999999999999998,1.0,0.0,0.0,0.0,0.0,-0.19999999999999998,-1.0,seed29,split,l1,1.0,False,0.5,29
sq:23,squad_groups,split__l1,80,sq:23|cond=56e10412e3433e1400422abd,56e10412e3433e1400422abd,56e10412e3433e1400422abd,True,unlabelled,seed29|sq:23|split__l1|w80|sq:23|cond=56e10412e3433e1400422abd,False,78,0.975,False,6,1.0,1.0,1.0,1.0,1.0,1.0,0.0,0.0,0.0,seed29,split,l1,1.0,False,0.5,29
sq:23,squad_groups,split__linf,80,sq:23|cond=56e10412e3433e1400422abd,56e10412e3433e1400422abd,56e10412e3433e1400422aba,False,unlabelled,seed29|sq:23|split__linf|w80|sq:23|cond=56e10412e3433e1400422abd,False,76,0.95,False,1,1.0,1.0,1.0,1.0,1.0,1.0,0.0,0.0,0.0,seed29,split,linf,,True,1.0,29
sq:23,squad_groups,split__linf,80,sq:23|cond=56e10412e3433e1400422abd,56e10412e3433e1400422abd,56e10412e3433e1400422abb,False,unlabelled,seed29|sq:23|split__linf|w80|sq:23|cond=56e10412e3433e1400422abd,False,76,0.95,False,1,1.0,1.0,1.0,1.0,1.0,1.0,0.0,0.0,0.0,seed29,split,linf,,True,1.0,29
sq:23,squad_groups,split__linf,80,sq:23|cond=56e10412e3433e1400422abd,56e10412e3433e1400422abd,56e10412e3433e1400422abc,False,unlabelled,seed29|sq:23|split__linf|w80|sq:23|cond=56e10412e3433e1400422abd,False,76,0.95,False,1,0.0,0.0,0.0,0.0,0.0,0.0,0.0,0.0,0.0,seed29,split,linf,,True,1.0,29
sq:23,squad_groups,split__linf,80,sq:23|cond=56e10412e3433e1400422abd,56e10412e3433e1400422abd,56e10412e3433e1400422abd,True,unlabelled,seed29|sq:23|split__linf|w80|sq:23|cond=56e10412e3433e1400422abd,False,76,0.95,False,1,0.0,0.0,0.0,1.0,1.0,1.0,1.0,1.0,1.0,seed29,split,linf,,True,1.0,29
sq:24,squad_groups,split__l0,80,sq:24|cond=5706074552bb8914006897d4,5706074552bb8914006897d4,5706074552bb8914006897d4,True,unlabelled,seed29|sq:24|split__l0|w80|sq:24|cond=5706074552bb8914006897d4,False,72,0.9,False,3,1.0,1.0,1.0,1.0,1.0,1.0,0.0,0.0,0.0,seed29,split,l0,0.0,False,0.0,29
sq:24,squad_groups,split__l0,80,sq:24|cond=5706074552bb8914006897d4,5706074552bb8914006897d4,5706074552bb8914006897d5,False,unlabelled,seed29|sq:24|split__l0|w80|sq:24|cond=5706074552bb8914006897d4,False,72,0.9,False,3,0.0,0.0,1.0,0.0,0.0,1.0,0.0,0.0,0.0,seed29,split,l0,0.0,False,0.0,29
sq:24,squad_groups,split__l0,80,sq:24|cond=5706074552bb8914006897d4,5706074552bb8914006897d4,5706074552bb8914006897d7,False,unlabelled,seed29|sq:24|split__l0|w80|sq:24|cond=5706074552bb8914006897d4,False,72,0.9,False,3,0.0,0.0,0.0,1.0,1.0,1.0,1.0,1.0,1.0,seed29,split,l0,0.0,False,0.0,29
sq:24,squad_groups,split__l0,80,sq:24|cond=5706074552bb8914006897d4,5706074552bb8914006897d4,5706074552bb8914006897d8,False,unlabelled,seed29|sq:24|split__l0|w80|sq:24|cond=5706074552bb8914006897d4,False,72,0.9,False,3,1.0,1.0,1.0,1.0,1.0,1.0,0.0,0.0,0.0,seed29,split,l0,0.0,False,0.0,29
sq:24,squad_groups,split__l1,80,sq:24|cond=5706074552bb8914006897d4,5706074552bb8914006897d4,5706074552bb8914006897d4,True,unlabelled,seed29|sq:24|split__l1|w80|sq:24|cond=5706074552bb8914006897d4,False,73,0.9125,False,4,1.0,1.0,1.0,1.0,1.0,1.0,0.0,0.0,0.0,seed29,split,l1,1.0,False,0.5,29
sq:24,squad_groups,split__l1,80,sq:24|cond=5706074552bb8914006897d4,5706074552bb8914006897d4,5706074552bb8914006897d5,False,unlabelled,seed29|sq:24|split__l1|w80|sq:24|cond=5706074552bb8914006897d4,False,73,0.9125,False,4,0.0,0.0,1.0,0.0,0.0,1.0,0.0,0.0,0.0,seed29,split,l1,1.0,False,0.5,29
sq:24,squad_groups,split__l1,80,sq:24|cond=5706074552bb8914006897d4,5706074552bb8914006897d4,5706074552bb8914006897d7,False,unlabelled,seed29|sq:24|split__l1|w80|sq:24|cond=5706074552bb8914006897d4,False,73,0.9125,False,4,0.0,0.0,0.0,1.0,1.0,1.0,1.0,1.0,1.0,seed29,split,l1,1.0,False,0.5,29
sq:24,squad_groups,split__l1,80,sq:24|cond=5706074552bb8914006897d4,5706074552bb8914006897d4,5706074552bb8914006897d8,False,unlabelled,seed29|sq:24|split__l1|w80|sq:24|cond=5706074552bb8914006897d4,False,73,0.9125,False,4,0.0,0.0,0.0,1.0,1.0,1.0,1.0,1.0,1.0,seed29,split,l1,1.0,False,0.5,29
sq:24,squad_groups,split__linf,80,sq:24|cond=5706074552bb8914006897d4,5706074552bb8914006897d4,5706074552bb8914006897d4,True,unlabelled,seed29|sq:24|split__linf|w80|sq:24|cond=5706074552bb8914006897d4,False,71,0.8875,False,1,1.0,1.0,1.0,1.0,1.0,1.0,0.0,0.0,0.0,seed29,split,linf,,True,1.0,29
sq:24,squad_groups,split__linf,80,sq:24|cond=5706074552bb8914006897d4,5706074552bb8914006897d4,5706074552bb8914006897d5,False,unlabelled,seed29|sq:24|split__linf|w80|sq:24|cond=5706074552bb8914006897d4,False,71,0.8875,False,1,0.0,0.0,1.0,0.0,0.0,1.0,0.0,0.0,0.0,seed29,split,linf,,True,1.0,29
sq:24,squad_groups,split__linf,80,sq:24|cond=5706074552bb8914006897d4,5706074552bb8914006897d4,5706074552bb8914006897d7,False,unlabelled,seed29|sq:24|split__linf|w80|sq:24|cond=5706074552bb8914006897d4,False,71,0.8875,False,1,0.0,0.0,0.0,1.0,1.0,1.0,1.0,1.0,1.0,seed29,split,linf,,True,1.0,29
sq:24,squad_groups,split__linf,80,sq:24|cond=5706074552bb8914006897d4,5706074552bb8914006897d4,5706074552bb8914006897d8,False,unlabelled,seed29|sq:24|split__linf|w80|sq:24|cond=5706074552bb8914006897d4,False,71,0.8875,False,1,0.0,0.0,0.0,1.0,1.0,1.0,1.0,1.0,1.0,seed29,split,linf,,True,1.0,29
sq:24,squad_groups,split__l0,80,sq:24|cond=5706074552bb8914006897d5,5706074552bb8914006897d5,5706074552bb8914006897d4,False,unlabelled,seed29|sq:24|split__l0|w80|sq:24|cond=5706074552bb8914006897d5,False,77,0.9625,False,3,0.0,0.0,0.0,1.0,1.0,1.0,1.0,1.0,1.0,seed29,split,l0,0.0,False,0.0,29
sq:24,squad_groups,split__l0,80,sq:24|cond=5706074552bb8914006897d5,5706074552bb8914006897d5,5706074552bb8914006897d5,True,unlabelled,seed29|sq:24|split__l0|w80|sq:24|cond=5706074552bb8914006897d5,False,77,0.9625,False,3,0.0,0.0,0.0,0.0,0.0,1.0,0.0,0.0,1.0,seed29,split,l0,0.0,False,0.0,29
sq:24,squad_groups,split__l0,80,sq:24|cond=5706074552bb8914006897d5,5706074552bb8914006897d5,5706074552bb8914006897d7,False,unlabelled,seed29|sq:24|split__l0|w80|sq:24|cond=5706074552bb8914006897d5,False,77,0.9625,False,3,0.0,0.28571428571428575,0.0,1.0,1.0,1.0,1.0,0.7142857142857142,1.0,seed29,split,l0,0.0,False,0.0,29
sq:24,squad_groups,split__l0,80,sq:24|cond=5706074552bb8914006897d5,5706074552bb8914006897d5,5706074552bb8914006897d8,False,unlabelled,seed29|sq:24|split__l0|w80|sq:24|cond=5706074552bb8914006897d5,False,77,0.9625,False,3,1.0,1.0,1.0,1.0,1.0,1.0,0.0,0.0,0.0,seed29,split,l0,0.0,False,0.0,29
sq:24,squad_groups,split__l1,80,sq:24|cond=5706074552bb8914006897d5,5706074552bb8914006897d5,5706074552bb8914006897d4,False,unlabelled,seed29|sq:24|split__l1|w80|sq:24|cond=5706074552bb8914006897d5,False,73,0.9125,False,5,1.0,1.0,1.0,1.0,1.0,1.0,0.0,0.0,0.0,seed29,split,l1,1.0,False,0.5,29
sq:24,squad_groups,split__l1,80,sq:24|cond=5706074552bb8914006897d5,5706074552bb8914006897d5,5706074552bb8914006897d5,True,unlabelled,seed29|sq:24|split__l1|w80|sq:24|cond=5706074552bb8914006897d5,False,73,0.9125,False,5,0.0,0.0,1.0,0.0,0.0,1.0,0.0,0.0,0.0,seed29,split,l1,1.0,False,0.5,29
sq:24,squad_groups,split__l1,80,sq:24|cond=5706074552bb8914006897d5,5706074552bb8914006897d5,5706074552bb8914006897d7,False,unlabelled,seed29|sq:24|split__l1|w80|sq:24|cond=5706074552bb8914006897d5,False,73,0.9125,False,5,0.0,0.0,0.0,1.0,1.0,1.0,1.0,1.0,1.0,seed29,split,l1,1.0,False,0.5,29
sq:24,squad_groups,split__l1,80,sq:24|cond=5706074552bb8914006897d5,5706074552bb8914006897d5,5706074552bb8914006897d8,False,unlabelled,seed29|sq:24|split__l1|w80|sq:24|cond=5706074552bb8914006897d5,False,73,0.9125,False,5,1.0,1.0,1.0,1.0,1.0,1.0,0.0,0.0,0.0,seed29,split,l1,1.0,False,0.5,29
sq:24,squad_groups,split__linf,80,sq:24|cond=5706074552bb8914006897d5,5706074552bb8914006897d5,5706074552bb8914006897d4,False,unlabelled,seed29|sq:24|split__linf|w80|sq:24|cond=5706074552bb8914006897d5,False,73,0.9125,False,3,1.0,1.0,1.0,1.0,1.0,1.0,0.0,0.0,0.0,seed29,split,linf,,True,1.0,29
sq:24,squad_groups,split__linf,80,sq:24|cond=5706074552bb8914006897d5,5706074552bb8914006897d5,5706074552bb8914006897d5,True,unlabelled,seed29|sq:24|split__linf|w80|sq:24|cond=5706074552bb8914006897d5,False,73,0.9125,False,3,0.0,0.0,0.0,0.0,0.0,1.0,0.0,0.0,1.0,seed29,split,linf,,True,1.0,29
sq:24,squad_groups,split__linf,80,sq:24|cond=5706074552bb8914006897d5,5706074552bb8914006897d5,5706074552bb8914006897d7,False,unlabelled,seed29|sq:24|split__linf|w80|sq:24|cond=5706074552bb8914006897d5,False,73,0.9125,False,3,1.0,1.0,1.0,1.0,1.0,1.0,0.0,0.0,0.0,seed29,split,linf,,True,1.0,29
sq:24,squad_groups,split__linf,80,sq:24|cond=5706074552bb8914006897d5,5706074552bb8914006897d5,5706074552bb8914006897d8,False,unlabelled,seed29|sq:24|split__linf|w80|sq:24|cond=5706074552bb8914006897d5,False,73,0.9125,False,3,0.0,0.0,0.0,1.0,1.0,1.0,1.0,1.0,1.0,seed29,split,linf,,True,1.0,29
sq:24,squad_groups,split__l0,80,sq:24|cond=5706074552bb8914006897d7,5706074552bb8914006897d7,5706074552bb8914006897d4,False,unlabelled,seed29|sq:24|split__l0|w80|sq:24|cond=5706074552bb8914006897d7,False,69,0.8625,False,3,0.0,0.0,0.0,1.0,1.0,1.0,1.0,1.0,1.0,seed29,split,l0,0.0,False,0.0,29
sq:24,squad_groups,split__l0,80,sq:24|cond=5706074552bb8914006897d7,5706074552bb8914006897d7,5706074552bb8914006897d5,False,unlabelled,seed29|sq:24|split__l0|w80|sq:24|cond=5706074552bb8914006897d7,False,69,0.8625,False,3,0.0,0.0,1.0,0.0,0.0,1.0,0.0,0.0,0.0,seed29,split,l0,0.0,False,0.0,29
sq:24,squad_groups,split__l0,80,sq:24|cond=5706074552bb8914006897d7,5706074552bb8914006897d7,5706074552bb8914006897d7,True,unlabelled,seed29|sq:24|split__l0|w80|sq:24|cond=5706074552bb8914006897d7,False,69,0.8625,False,3,1.0,1.0,1.0,1.0,1.0,1.0,0.0,0.0,0.0,seed29,split,l0,0.0,False,0.0,29
sq:24,squad_groups,split__l0,80,sq:24|cond=5706074552bb8914006897d7,5706074552bb8914006897d7,5706074552bb8914006897d8,False,unlabelled,seed29|sq:24|split__l0|w80|sq:24|cond=5706074552bb8914006897d7,False,69,0.8625,False,3,0.0,0.0,0.0,1.0,1.0,1.0,1.0,1.0,1.0,seed29,split,l0,0.0,False,0.0,29
sq:24,squad_groups,split__l1,80,sq:24|cond=5706074552bb8914006897d7,5706074552bb8914006897d7,5706074552bb8914006897d4,False,unlabelled,seed29|sq:24|split__l1|w80|sq:24|cond=5706074552bb8914006897d7,False,72,0.9,False,5,1.0,1.0,1.0,1.0,1.0,1.0,0.0,0.0,0.0,seed29,split,l1,1.0,False,0.5,29
sq:24,squad_groups,split__l1,80,sq:24|cond=5706074552bb8914006897d7,5706074552bb8914006897d7,5706074552bb8914006897d5,False,unlabelled,seed29|sq:24|split__l1|w80|sq:24|cond=5706074552bb8914006897d7,False,72,0.9,False,5,0.0,0.0,1.0,0.0,0.0,1.0,0.0,0.0,0.0,seed29,split,l1,1.0,False,0.5,29
sq:24,squad_groups,split__l1,80,sq:24|cond=5706074552bb8914006897d7,5706074552bb8914006897d7,5706074552bb8914006897d7,True,unlabelled,seed29|sq:24|split__l1|w80|sq:24|cond=5706074552bb8914006897d7,False,72,0.9,False,5,1.0,1.0,1.0,1.0,1.0,1.0,0.0,0.0,0.0,seed29,split,l1,1.0,False,0.5,29
sq:24,squad_groups,split__l1,80,sq:24|cond=5706074552bb8914006897d7,5706074552bb8914006897d7,5706074552bb8914006897d8,False,unlabelled,seed29|sq:24|split__l1|w80|sq:24|cond=5706074552bb8914006897d7,False,72,0.9,False,5,0.0,0.0,0.0,1.0,1.0,1.0,1.0,1.0,1.0,seed29,split,l1,1.0,False,0.5,29
sq:24,squad_groups,split__linf,80,sq:24|cond=5706074552bb8914006897d7,5706074552bb8914006897d7,5706074552bb8914006897d4,False,unlabelled,seed29|sq:24|split__linf|w80|sq:24|cond=5706074552bb8914006897d7,False,69,0.8625,False,1,1.0,1.0,1.0,1.0,1.0,1.0,0.0,0.0,0.0,seed29,split,linf,,True,1.0,29
sq:24,squad_groups,split__linf,80,sq:24|cond=5706074552bb8914006897d7,5706074552bb8914006897d7,5706074552bb8914006897d5,False,unlabelled,seed29|sq:24|split__linf|w80|sq:24|cond=5706074552bb8914006897d7,False,69,0.8625,False,1,0.0,0.0,1.0,0.0,0.0,1.0,0.0,0.0,0.0,seed29,split,linf,,True,1.0,29
sq:24,squad_groups,split__linf,80,sq:24|cond=5706074552bb8914006897d7,5706074552bb8914006897d7,5706074552bb8914006897d7,True,unlabelled,seed29|sq:24|split__linf|w80|sq:24|cond=5706074552bb8914006897d7,False,69,0.8625,False,1,0.0,0.0,0.0,1.0,1.0,1.0,1.0,1.0,1.0,seed29,split,linf,,True,1.0,29
sq:24,squad_groups,split__linf,80,sq:24|cond=5706074552bb8914006897d7,5706074552bb8914006897d7,5706074552bb8914006897d8,False,unlabelled,seed29|sq:24|split__linf|w80|sq:24|cond=5706074552bb8914006897d7,False,69,0.8625,False,1,0.0,0.0,0.0,1.0,1.0,1.0,1.0,1.0,1.0,seed29,split,linf,,True,1.0,29
sq:24,squad_groups,split__l0,80,sq:24|cond=5706074552bb8914006897d8,5706074552bb8914006897d8,5706074552bb8914006897d4,False,unlabelled,seed29|sq:24|split__l0|w80|sq:24|cond=5706074552bb8914006897d8,False,71,0.8875,False,3,0.0,0.0,0.0,1.0,1.0,1.0,1.0,1.0,1.0,seed29,split,l0,0.0,False,0.0,29
sq:24,squad_groups,split__l0,80,sq:24|cond=5706074552bb8914006897d8,5706074552bb8914006897d8,5706074552bb8914006897d5,False,unlabelled,seed29|sq:24|split__l0|w80|sq:24|cond=5706074552bb8914006897d8,False,71,0.8875,False,3,0.0,0.0,0.0,0.0,0.0,1.0,0.0,0.0,1.0,seed29,split,l0,0.0,False,0.0,29
sq:24,squad_groups,split__l0,80,sq:24|cond=5706074552bb8914006897d8,5706074552bb8914006897d8,5706074552bb8914006897d7,False,unlabelled,seed29|sq:24|split__l0|w80|sq:24|cond=5706074552bb8914006897d8,False,71,0.8875,False,3,0.0,0.0,0.0,1.0,1.0,1.0,1.0,1.0,1.0,seed29,split,l0,0.0,False,0.0,29
sq:24,squad_groups,split__l0,80,sq:24|cond=5706074552bb8914006897d8,5706074552bb8914006897d8,5706074552bb8914006897d8,True,unlabelled,seed29|sq:24|split__l0|w80|sq:24|cond=5706074552bb8914006897d8,False,71,0.8875,False,3,1.0,1.0,1.0,1.0,1.0,1.0,0.0,0.0,0.0,seed29,split,l0,0.0,False,0.0,29
sq:24,squad_groups,split__l1,80,sq:24|cond=5706074552bb8914006897d8,5706074552bb8914006897d8,5706074552bb8914006897d4,False,unlabelled,seed29|sq:24|split__l1|w80|sq:24|cond=5706074552bb8914006897d8,False,72,0.9,False,4,1.0,1.0,1.0,1.0,1.0,1.0,0.0,0.0,0.0,seed29,split,l1,1.0,False,0.5,29
sq:24,squad_groups,split__l1,80,sq:24|cond=5706074552bb8914006897d8,5706074552bb8914006897d8,5706074552bb8914006897d5,False,unlabelled,seed29|sq:24|split__l1|w80|sq:24|cond=5706074552bb8914006897d8,False,72,0.9,False,4,0.0,0.0,0.0,0.0,0.0,1.0,0.0,0.0,1.0,seed29,split,l1,1.0,False,0.5,29
sq:24,squad_groups,split__l1,80,sq:24|cond=5706074552bb8914006897d8,5706074552bb8914006897d8,5706074552bb8914006897d7,False,unlabelled,seed29|sq:24|split__l1|w80|sq:24|cond=5706074552bb8914006897d8,False,72,0.9,False,4,0.0,0.28571428571428575,0.0,1.0,1.0,1.0,1.0,0.7142857142857142,1.0,seed29,split,l1,1.0,False,0.5,29
sq:24,squad_groups,split__l1,80,sq:24|cond=5706074552bb8914006897d8,5706074552bb8914006897d8,5706074552bb8914006897d8,True,unlabelled,seed29|sq:24|split__l1|w80|sq:24|cond=5706074552bb8914006897d8,False,72,0.9,False,4,1.0,1.0,1.0,1.0,1.0,1.0,0.0,0.0,0.0,seed29,split,l1,1.0,False,0.5,29
sq:24,squad_groups,split__linf,80,sq:24|cond=5706074552bb8914006897d8,5706074552bb8914006897d8,5706074552bb8914006897d4,False,unlabelled,seed29|sq:24|split__linf|w80|sq:24|cond=5706074552bb8914006897d8,False,77,0.9625,False,1,1.0,1.0,1.0,1.0,1.0,1.0,0.0,0.0,0.0,seed29,split,linf,,True,1.0,29
sq:24,squad_groups,split__linf,80,sq:24|cond=5706074552bb8914006897d8,5706074552bb8914006897d8,5706074552bb8914006897d5,False,unlabelled,seed29|sq:24|split__linf|w80|sq:24|cond=5706074552bb8914006897d8,False,77,0.9625,False,1,0.0,0.0,1.0,0.0,0.0,1.0,0.0,0.0,0.0,seed29,split,linf,,True,1.0,29
sq:24,squad_groups,split__linf,80,sq:24|cond=5706074552bb8914006897d8,5706074552bb8914006897d8,5706074552bb8914006897d7,False,unlabelled,seed29|sq:24|split__linf|w80|sq:24|cond=5706074552bb8914006897d8,False,77,0.9625,False,1,1.0,1.0,1.0,1.0,1.0,1.0,0.0,0.0,0.0,seed29,split,linf,,True,1.0,29
sq:24,squad_groups,split__linf,80,sq:24|cond=5706074552bb8914006897d8,5706074552bb8914006897d8,5706074552bb8914006897d8,True,unlabelled,seed29|sq:24|split__linf|w80|sq:24|cond=5706074552bb8914006897d8,False,77,0.9625,False,1,0.0,0.0,0.0,1.0,1.0,1.0,1.0,1.0,1.0,seed29,split,linf,,True,1.0,29
