pair_id,query_side,target_qid,question,golds,candidate_id,candidate_title,text,verdict,is_irrelevant,verdict_parse_ok,cached
56e1c720e3433e140042316a__56e1c720e3433e140042316b,A,56e1c720e3433e140042316a,What is an example of a measurement within a complexity class that would create a bigger set of problems if the bounds were relaxed?,['computation time'],550636c40fe4508a,Geology,"In the 1960s, a series of discoveries, the most important of which was seafloor spreading, showed that the Earth's lithosphere, which includes the crust and rigid uppermost portion of the upper mantle, is separated into a number of tectonic plates that move across the plastically deforming, solid, upper mantle, which is called the asthenosphere. There is an intimate coupling between the movement of the plates on the surface and the convection of the mantle: oceanic plate motions and mantle convection currents always move in the same direction, because the oceanic lithosphere is the rigid upper thermal boundary layer of the convecting mantle. This coupling between rigid plates moving on the surface of the Earth and the convecting mantle is called plate tectonics.",IRRELEVANT,True,True,True
56e1c720e3433e140042316a__56e1c720e3433e140042316b,B,56e1c720e3433e140042316b,In what expression can one expect to find DTIME(n),['DTIME(n2)'],550636c40fe4508a,Geology,"In the 1960s, a series of discoveries, the most important of which was seafloor spreading, showed that the Earth's lithosphere, which includes the crust and rigid uppermost portion of the upper mantle, is separated into a number of tectonic plates that move across the plastically deforming, solid, upper mantle, which is called the asthenosphere. There is an intimate coupling between the movement of the plates on the surface and the convection of the mantle: oceanic plate motions and mantle convection currents always move in the same direction, because the oceanic lithosphere is the rigid upper thermal boundary layer of the convecting mantle. This coupling between rigid plates moving on the surface of the Earth and the convecting mantle is called plate tectonics.",IRRELEVANT,True,True,True
56e1c720e3433e140042316a__56e1c720e3433e140042316b,A,56e1c720e3433e140042316a,What is an example of a measurement within a complexity class that would create a bigger set of problems if the bounds were relaxed?,['computation time'],8d1a2cfbd982f999,Doctor_Who,"During the ITV network strike of 1979, viewership peaked at 16 million.[citation needed] Figures remained respectable into the 1980s, but fell noticeably after the programme's 23rd series was postponed in 1985 and the show was off the air for 18 months. Its late 1980s performance of three to five million viewers was seen as poor at the time and was, according to the BBC Board of Control, a leading cause of the programme's 1989 suspension. Some fans considered this disingenuous, since the programme was scheduled against the soap opera Coronation Street, the most popular show at the time. After the series' revival in 2005 (the third notable period of high ratings), it has consistently had high viewership levels for the evening on which the episode is broadcast.",IRRELEVANT,True,True,True
56e1c720e3433e140042316a__56e1c720e3433e140042316b,B,56e1c720e3433e140042316b,In what expression can one expect to find DTIME(n),['DTIME(n2)'],8d1a2cfbd982f999,Doctor_Who,"During the ITV network strike of 1979, viewership peaked at 16 million.[citation needed] Figures remained respectable into the 1980s, but fell noticeably after the programme's 23rd series was postponed in 1985 and the show was off the air for 18 months. Its late 1980s performance of three to five million viewers was seen as poor at the time and was, according to the BBC Board of Control, a leading cause of the programme's 1989 suspension. Some fans considered this disingenuous, since the programme was scheduled against the soap opera Coronation Street, the most popular show at the time. After the series' revival in 2005 (the third notable period of high ratings), it has consistently had high viewership levels for the evening on which the episode is broadcast.",IRRELEVANT,True,True,True
56e1c720e3433e140042316a__56e1c720e3433e140042316b,A,56e1c720e3433e140042316a,What is an example of a measurement within a complexity class that would create a bigger set of problems if the bounds were relaxed?,['computation time'],6a86cf0117278e97,Ctenophora,"The Beroida, also known as Nuda, have no feeding appendages, but their large pharynx, just inside the large mouth and filling most of the saclike body, bears ""macrocilia"" at the oral end. These fused bundles of several thousand large cilia are able to ""bite"" off pieces of prey that are too large to swallow whole – almost always other ctenophores. In front of the field of macrocilia, on the mouth ""lips"" in some species of Beroe, is a pair of narrow strips of adhesive epithelial cells on the stomach wall that ""zip"" the mouth shut when the animal is not feeding, by forming intercellular connections with the opposite adhesive strip. This tight closure streamlines the front of the animal when it is pursuing prey.",IRRELEVANT,True,True,True
56e1c720e3433e140042316a__56e1c720e3433e140042316b,B,56e1c720e3433e140042316b,In what expression can one expect to find DTIME(n),['DTIME(n2)'],6a86cf0117278e97,Ctenophora,"The Beroida, also known as Nuda, have no feeding appendages, but their large pharynx, just inside the large mouth and filling most of the saclike body, bears ""macrocilia"" at the oral end. These fused bundles of several thousand large cilia are able to ""bite"" off pieces of prey that are too large to swallow whole – almost always other ctenophores. In front of the field of macrocilia, on the mouth ""lips"" in some species of Beroe, is a pair of narrow strips of adhesive epithelial cells on the stomach wall that ""zip"" the mouth shut when the animal is not feeding, by forming intercellular connections with the opposite adhesive strip. This tight closure streamlines the front of the animal when it is pursuing prey.",IRRELEVANT,True,True,True
56e1c720e3433e140042316a__56e1c720e3433e140042316b,A,56e1c720e3433e140042316a,What is an example of a measurement within a complexity class that would create a bigger set of problems if the bounds were relaxed?,['computation time'],f684d24fedd06ae1,Huguenot,"Other evidence of the Walloons and Huguenots in Canterbury includes a block of houses in Turnagain Lane, where weavers' windows survive on the top floor, as many Huguenots worked as weavers. The Weavers, a half-timbered house by the river, was the site of a weaving school from the late 16th century to about 1830. (It has been adapted as a restaurant—see illustration above. The house derives its name from a weaving school which was moved there in the last years of the 19th century, reviving an earlier use.) Others refugees practised the variety of occupations necessary to sustain the community as distinct from the indigenous population. Such economic separation was the condition of the refugees' initial acceptance in the City. They also settled elsewhere in Kent, particularly Sandwich, Faversham and Maidstone—towns in which there used to be refugee churches.",IRRELEVANT,True,True,True
56e1c720e3433e140042316a__56e1c720e3433e140042316b,B,56e1c720e3433e140042316b,In what expression can one expect to find DTIME(n),['DTIME(n2)'],f684d24fedd06ae1,Huguenot,"Other evidence of the Walloons and Huguenots in Canterbury includes a block of houses in Turnagain Lane, where weavers' windows survive on the top floor, as many Huguenots worked as weavers. The Weavers, a half-timbered house by the river, was the site of a weaving school from the late 16th century to about 1830. (It has been adapted as a restaurant—see illustration above. The house derives its name from a weaving school which was moved there in the last years of the 19th century, reviving an earlier use.) Others refugees practised the variety of occupations necessary to sustain the community as distinct from the indigenous population. Such economic separation was the condition of the refugees' initial acceptance in the City. They also settled elsewhere in Kent, particularly Sandwich, Faversham and Maidstone—towns in which there used to be refugee churches.",IRRELEVANT,True,True,True
56e1c720e3433e140042316a__56e1c720e3433e140042316b,A,56e1c720e3433e140042316a,What is an example of a measurement within a complexity class that would create a bigger set of problems if the bounds were relaxed?,['computation time'],4e29e864fdfd291b,Amazon_rainforest,"Terra preta (black earth), which is distributed over large areas in the Amazon forest, is now widely accepted as a product of indigenous soil management. The development of this fertile soil allowed agriculture and silviculture in the previously hostile environment; meaning that large portions of the Amazon rainforest are probably the result of centuries of human management, rather than naturally occurring as has previously been supposed. In the region of the Xingu tribe, remains of some of these large settlements in the middle of the Amazon forest were found in 2003 by Michael Heckenberger and colleagues of the University of Florida. Among those were evidence of roads, bridges and large plazas.",IRRELEVANT,True,True,True
56e1c720e3433e140042316a__56e1c720e3433e140042316b,B,56e1c720e3433e140042316b,In what expression can one expect to find DTIME(n),['DTIME(n2)'],4e29e864fdfd291b,Amazon_rainforest,"Terra preta (black earth), which is distributed over large areas in the Amazon forest, is now widely accepted as a product of indigenous soil management. The development of this fertile soil allowed agriculture and silviculture in the previously hostile environment; meaning that large portions of the Amazon rainforest are probably the result of centuries of human management, rather than naturally occurring as has previously been supposed. In the region of the Xingu tribe, remains of some of these large settlements in the middle of the Amazon forest were found in 2003 by Michael Heckenberger and colleagues of the University of Florida. Among those were evidence of roads, bridges and large plazas.",IRRELEVANT,True,True,True
56e1c720e3433e140042316a__56e1c720e3433e140042316b,A,56e1c720e3433e140042316a,What is an example of a measurement within a complexity class that would create a bigger set of problems if the bounds were relaxed?,['computation time'],c17ef7adcab459b9,Private_school,"In the Philippines, the private sector has been a major provider of educational services, accounting for about 7.5% of primary enrollment, 32% of secondary enrollment and about 80% of tertiary enrollment. Private schools have proven to be efficient in resource utilization. Per unit costs in private schools are generally lower when compared to public schools. This situation is more evident at the tertiary level. Government regulations have given private education more flexibility and autonomy in recent years, notably by lifting the moratorium on applications for new courses, new schools and conversions, by liberalizing tuition fee policy for private schools, by replacing values education for third and fourth years with English, mathematics and natural science at the option of the school, and by issuing the revised Manual of Regulations for Private Schools in August 1992.",IRRELEVANT,True,True,True
56e1c720e3433e140042316a__56e1c720e3433e140042316b,B,56e1c720e3433e140042316b,In what expression can one expect to find DTIME(n),['DTIME(n2)'],c17ef7adcab459b9,Private_school,"In the Philippines, the private sector has been a major provider of educational services, accounting for about 7.5% of primary enrollment, 32% of secondary enrollment and about 80% of tertiary enrollment. Private schools have proven to be efficient in resource utilization. Per unit costs in private schools are generally lower when compared to public schools. This situation is more evident at the tertiary level. Government regulations have given private education more flexibility and autonomy in recent years, notably by lifting the moratorium on applications for new courses, new schools and conversions, by liberalizing tuition fee policy for private schools, by replacing values education for third and fourth years with English, mathematics and natural science at the option of the school, and by issuing the revised Manual of Regulations for Private Schools in August 1992.",IRRELEVANT,True,True,True
56e1c720e3433e140042316a__56e1c720e3433e140042316b,A,56e1c720e3433e140042316a,What is an example of a measurement within a complexity class that would create a bigger set of problems if the bounds were relaxed?,['computation time'],d0340f7215724f23,Huguenot,"By 1620 the Huguenots were on the defensive, and the government increasingly applied pressure. A series of three small civil wars known as the Huguenot rebellions broke out, mainly in southwestern France, between 1621 and 1629. revolted against royal authority. The uprising occurred a decade following the death of Henry IV, a Huguenot before converting to Catholicism, who had protected Protestants through the Edict of Nantes. His successor Louis XIII, under the regency of his Italian Catholic mother Marie de' Medici, became more intolerant of Protestantism. The Huguenots respond by establishing independent political and military structures, establishing diplomatic contacts with foreign powers, and openly revolting against central power. The rebellions were implacably suppressed by the French Crown.[citation needed]",IRRELEVANT,True,True,True
56e1c720e3433e140042316a__56e1c720e3433e140042316b,B,56e1c720e3433e140042316b,In what expression can one expect to find DTIME(n),['DTIME(n2)'],d0340f7215724f23,Huguenot,"By 1620 the Huguenots were on the defensive, and the government increasingly applied pressure. A series of three small civil wars known as the Huguenot rebellions broke out, mainly in southwestern France, between 1621 and 1629. revolted against royal authority. The uprising occurred a decade following the death of Henry IV, a Huguenot before converting to Catholicism, who had protected Protestants through the Edict of Nantes. His successor Louis XIII, under the regency of his Italian Catholic mother Marie de' Medici, became more intolerant of Protestantism. The Huguenots respond by establishing independent political and military structures, establishing diplomatic contacts with foreign powers, and openly revolting against central power. The rebellions were implacably suppressed by the French Crown.[citation needed]",IRRELEVANT,True,True,True
56e1c720e3433e140042316a__56e1c720e3433e140042316b,A,56e1c720e3433e140042316a,What is an example of a measurement within a complexity class that would create a bigger set of problems if the bounds were relaxed?,['computation time'],1d83d2e50ebd60d9,Doctor_Who,"A different arrangement was recorded by Peter Howell for season 18 (1980), which was in turn replaced by Dominic Glynn's arrangement for the season-long serial The Trial of a Time Lord in season 23 (1986). Keff McCulloch provided the new arrangement for the Seventh Doctor's era which lasted from season 24 (1987) until the series' suspension in 1989. American composer John Debney created a new arrangement of Ron Grainer's original theme for Doctor Who in 1996. For the return of the series in 2005, Murray Gold provided a new arrangement which featured samples from the 1963 original with further elements added; in the 2005 Christmas episode ""The Christmas Invasion"", Gold introduced a modified closing credits arrangement that was used up until the conclusion of the 2007 series.[citation needed]",IRRELEVANT,True,True,True
56e1c720e3433e140042316a__56e1c720e3433e140042316b,B,56e1c720e3433e140042316b,In what expression can one expect to find DTIME(n),['DTIME(n2)'],1d83d2e50ebd60d9,Doctor_Who,"A different arrangement was recorded by Peter Howell for season 18 (1980), which was in turn replaced by Dominic Glynn's arrangement for the season-long serial The Trial of a Time Lord in season 23 (1986). Keff McCulloch provided the new arrangement for the Seventh Doctor's era which lasted from season 24 (1987) until the series' suspension in 1989. American composer John Debney created a new arrangement of Ron Grainer's original theme for Doctor Who in 1996. For the return of the series in 2005, Murray Gold provided a new arrangement which featured samples from the 1963 original with further elements added; in the 2005 Christmas episode ""The Christmas Invasion"", Gold introduced a modified closing credits arrangement that was used up until the conclusion of the 2007 series.[citation needed]",IRRELEVANT,True,True,True
56e1c720e3433e140042316a__56e1c720e3433e140042316b,A,56e1c720e3433e140042316a,What is an example of a measurement within a complexity class that would create a bigger set of problems if the bounds were relaxed?,['computation time'],8873a584be5afd91,American_Broadcasting_Company,"As far as programming is concerned, four of ABC's marquee shows of the 1970s ended their runs during the mid-1980s: Laverne & Shirley ended its run in 1983, Happy Days and Three's Company ended in 1984 (with the latter producing a short-lived spinoff that year), while The Love Boat ended its run in 1986. After nearly a decade of ratings trouble, NBC had regained the ratings lead among the Big Three networks in 1984 on the success of series such as The Cosby Show, Cheers and Miami Vice. To counteract NBC, ABC decided to refocus itself on comedies and family-oriented series beginning in the mid-1980s including Mr. Belvedere, Roseanne, Who's the Boss?, Just the Ten of Us, The Wonder Years, Full House and Perfect Strangers.",IRRELEVANT,True,True,True
56e1c720e3433e140042316a__56e1c720e3433e140042316b,B,56e1c720e3433e140042316b,In what expression can one expect to find DTIME(n),['DTIME(n2)'],8873a584be5afd91,American_Broadcasting_Company,"As far as programming is concerned, four of ABC's marquee shows of the 1970s ended their runs during the mid-1980s: Laverne & Shirley ended its run in 1983, Happy Days and Three's Company ended in 1984 (with the latter producing a short-lived spinoff that year), while The Love Boat ended its run in 1986. After nearly a decade of ratings trouble, NBC had regained the ratings lead among the Big Three networks in 1984 on the success of series such as The Cosby Show, Cheers and Miami Vice. To counteract NBC, ABC decided to refocus itself on comedies and family-oriented series beginning in the mid-1980s including Mr. Belvedere, Roseanne, Who's the Boss?, Just the Ten of Us, The Wonder Years, Full House and Perfect Strangers.",IRRELEVANT,True,True,True
56e1c720e3433e140042316a__56e1c720e3433e140042316b,A,56e1c720e3433e140042316a,What is an example of a measurement within a complexity class that would create a bigger set of problems if the bounds were relaxed?,['computation time'],20b577df37995791,Prime_number,"There are hints in the surviving records of the ancient Egyptians that they had some knowledge of prime numbers: the Egyptian fraction expansions in the Rhind papyrus, for instance, have quite different forms for primes and for composites. However, the earliest surviving records of the explicit study of prime numbers come from the Ancient Greeks. Euclid's Elements (circa 300 BC) contain important theorems about primes, including the infinitude of primes and the fundamental theorem of arithmetic. Euclid also showed how to construct a perfect number from a Mersenne prime. The Sieve of Eratosthenes, attributed to Eratosthenes, is a simple method to compute primes, although the large primes found today with computers are not generated this way.",IRRELEVANT,True,True,True
56e1c720e3433e140042316a__56e1c720e3433e140042316b,B,56e1c720e3433e140042316b,In what expression can one expect to find DTIME(n),['DTIME(n2)'],20b577df37995791,Prime_number,"There are hints in the surviving records of the ancient Egyptians that they had some knowledge of prime numbers: the Egyptian fraction expansions in the Rhind papyrus, for instance, have quite different forms for primes and for composites. However, the earliest surviving records of the explicit study of prime numbers come from the Ancient Greeks. Euclid's Elements (circa 300 BC) contain important theorems about primes, including the infinitude of primes and the fundamental theorem of arithmetic. Euclid also showed how to construct a perfect number from a Mersenne prime. The Sieve of Eratosthenes, attributed to Eratosthenes, is a simple method to compute primes, although the large primes found today with computers are not generated this way.",IRRELEVANT,True,True,True
56e1c720e3433e140042316a__56e1c720e3433e140042316b,A,56e1c720e3433e140042316a,What is an example of a measurement within a complexity class that would create a bigger set of problems if the bounds were relaxed?,['computation time'],2614908637c6c056,Pharmacy,"In Japan, at the end of the Asuka period (538–710) and the early Nara period (710–794), the men who fulfilled roles similar to those of modern pharmacists were highly respected. The place of pharmacists in society was expressly defined in the Taihō Code (701) and re-stated in the Yōrō Code (718). Ranked positions in the pre-Heian Imperial court were established; and this organizational structure remained largely intact until the Meiji Restoration (1868). In this highly stable hierarchy, the pharmacists—and even pharmacist assistants—were assigned status superior to all others in health-related fields such as physicians and acupuncturists. In the Imperial household, the pharmacist was even ranked above the two personal physicians of the Emperor.",IRRELEVANT,True,True,True
56e1c720e3433e140042316a__56e1c720e3433e140042316b,B,56e1c720e3433e140042316b,In what expression can one expect to find DTIME(n),['DTIME(n2)'],2614908637c6c056,Pharmacy,"In Japan, at the end of the Asuka period (538–710) and the early Nara period (710–794), the men who fulfilled roles similar to those of modern pharmacists were highly respected. The place of pharmacists in society was expressly defined in the Taihō Code (701) and re-stated in the Yōrō Code (718). Ranked positions in the pre-Heian Imperial court were established; and this organizational structure remained largely intact until the Meiji Restoration (1868). In this highly stable hierarchy, the pharmacists—and even pharmacist assistants—were assigned status superior to all others in health-related fields such as physicians and acupuncturists. In the Imperial household, the pharmacist was even ranked above the two personal physicians of the Emperor.",IRRELEVANT,True,True,True
56e1c720e3433e140042316a__56e1c720e3433e140042316b,A,56e1c720e3433e140042316a,What is an example of a measurement within a complexity class that would create a bigger set of problems if the bounds were relaxed?,['computation time'],f3b1e19e4395205c,Islamism,"The interpretation of Islam promoted by this funding was the strict, conservative Saudi-based Wahhabism or Salafism. In its harshest form it preached that Muslims should not only ""always oppose"" infidels ""in every way,"" but ""hate them for their religion ... for Allah's sake,"" that democracy ""is responsible for all the horrible wars of the 20th century,"" that Shia and other non-Wahhabi Muslims were infidels, etc. While this effort has by no means converted all, or even most Muslims to the Wahhabist interpretation of Islam, it has done much to overwhelm more moderate local interpretations, and has set the Saudi-interpretation of Islam as the ""gold standard"" of religion in minds of some or many Muslims.",IRRELEVANT,True,True,True
56e1c720e3433e140042316a__56e1c720e3433e140042316b,B,56e1c720e3433e140042316b,In what expression can one expect to find DTIME(n),['DTIME(n2)'],f3b1e19e4395205c,Islamism,"The interpretation of Islam promoted by this funding was the strict, conservative Saudi-based Wahhabism or Salafism. In its harshest form it preached that Muslims should not only ""always oppose"" infidels ""in every way,"" but ""hate them for their religion ... for Allah's sake,"" that democracy ""is responsible for all the horrible wars of the 20th century,"" that Shia and other non-Wahhabi Muslims were infidels, etc. While this effort has by no means converted all, or even most Muslims to the Wahhabist interpretation of Islam, it has done much to overwhelm more moderate local interpretations, and has set the Saudi-interpretation of Islam as the ""gold standard"" of religion in minds of some or many Muslims.",IRRELEVANT,True,True,True
56e1c720e3433e140042316a__56e1c720e3433e140042316b,A,56e1c720e3433e140042316a,What is an example of a measurement within a complexity class that would create a bigger set of problems if the bounds were relaxed?,['computation time'],73568a1daf7b8fcd,Genghis_Khan,"Contrary to popular belief, Genghis Khan did not conquer all the areas ultimately part of the Mongol Empire. At the time of his death, the Mongol Empire stretched from the Caspian Sea to the Sea of Japan. The empire's expansion continued for a generation or more after Genghis's death in 1227. Under Genghis's successor Ögedei Khan the speed of expansion reached its peak. Mongol armies pushed into Persia, finished off the Western Xia and the remnants of the Khwarezmids, and came into conflict with the imperial Song dynasty of China, starting a war that lasted until 1279 and that concluded with the Mongols gaining control of all of China. They also pushed further into Russia and eastern Europe.",IRRELEVANT,True,True,True
56e1c720e3433e140042316a__56e1c720e3433e140042316b,B,56e1c720e3433e140042316b,In what expression can one expect to find DTIME(n),['DTIME(n2)'],73568a1daf7b8fcd,Genghis_Khan,"Contrary to popular belief, Genghis Khan did not conquer all the areas ultimately part of the Mongol Empire. At the time of his death, the Mongol Empire stretched from the Caspian Sea to the Sea of Japan. The empire's expansion continued for a generation or more after Genghis's death in 1227. Under Genghis's successor Ögedei Khan the speed of expansion reached its peak. Mongol armies pushed into Persia, finished off the Western Xia and the remnants of the Khwarezmids, and came into conflict with the imperial Song dynasty of China, starting a war that lasted until 1279 and that concluded with the Mongols gaining control of all of China. They also pushed further into Russia and eastern Europe.",IRRELEVANT,True,True,True
56e1c720e3433e140042316a__56e1c720e3433e140042316b,A,56e1c720e3433e140042316a,What is an example of a measurement within a complexity class that would create a bigger set of problems if the bounds were relaxed?,['computation time'],1a671b4180a17632,Black_Death,"Medical knowledge had stagnated during the Middle Ages. The most authoritative account at the time came from the medical faculty in Paris in a report to the king of France that blamed the heavens, in the form of a conjunction of three planets in 1345 that caused a ""great pestilence in the air"". This report became the first and most widely circulated of a series of plague tracts that sought to give advice to sufferers. That the plague was caused by bad air became the most widely accepted theory. Today, this is known as the Miasma theory. The word 'plague' had no special significance at this time, and only the recurrence of outbreaks during the Middle Ages gave it the name that has become the medical term.",IRRELEVANT,True,True,True
56e1c720e3433e140042316a__56e1c720e3433e140042316b,B,56e1c720e3433e140042316b,In what expression can one expect to find DTIME(n),['DTIME(n2)'],1a671b4180a17632,Black_Death,"Medical knowledge had stagnated during the Middle Ages. The most authoritative account at the time came from the medical faculty in Paris in a report to the king of France that blamed the heavens, in the form of a conjunction of three planets in 1345 that caused a ""great pestilence in the air"". This report became the first and most widely circulated of a series of plague tracts that sought to give advice to sufferers. That the plague was caused by bad air became the most widely accepted theory. Today, this is known as the Miasma theory. The word 'plague' had no special significance at this time, and only the recurrence of outbreaks during the Middle Ages gave it the name that has become the medical term.",IRRELEVANT,True,True,True
56e1c720e3433e140042316a__56e1c720e3433e140042316b,A,56e1c720e3433e140042316a,What is an example of a measurement within a complexity class that would create a bigger set of problems if the bounds were relaxed?,['computation time'],0c219a0d01b00416,Doctor_Who,"A BBC audience research survey conducted in 1972 found that, by their own definition of violence (""any act[s] which may cause physical and/or psychological injury, hurt or death to persons, animals or property, whether intentional or accidental"") Doctor Who was the most violent of the drama programmes the corporation produced at the time. The same report found that 3% of the surveyed audience regarded the show as ""very unsuitable"" for family viewing. Responding to the findings of the survey in The Times newspaper, journalist Philip Howard maintained that, ""to compare the violence of Dr Who, sired by a horse-laugh out of a nightmare, with the more realistic violence of other television series, where actors who look like human beings bleed paint that looks like blood, is like comparing Monopoly with the property market in London: both are fantasies, but one is meant to be taken seriously.""",IRRELEVANT,True,True,True
56e1c720e3433e140042316a__56e1c720e3433e140042316b,B,56e1c720e3433e140042316b,In what expression can one expect to find DTIME(n),['DTIME(n2)'],0c219a0d01b00416,Doctor_Who,"A BBC audience research survey conducted in 1972 found that, by their own definition of violence (""any act[s] which may cause physical and/or psychological injury, hurt or death to persons, animals or property, whether intentional or accidental"") Doctor Who was the most violent of the drama programmes the corporation produced at the time. The same report found that 3% of the surveyed audience regarded the show as ""very unsuitable"" for family viewing. Responding to the findings of the survey in The Times newspaper, journalist Philip Howard maintained that, ""to compare the violence of Dr Who, sired by a horse-laugh out of a nightmare, with the more realistic violence of other television series, where actors who look like human beings bleed paint that looks like blood, is like comparing Monopoly with the property market in London: both are fantasies, but one is meant to be taken seriously.""",IRRELEVANT,True,True,True
56e1c720e3433e140042316a__56e1c720e3433e140042316b,A,56e1c720e3433e140042316a,What is an example of a measurement within a complexity class that would create a bigger set of problems if the bounds were relaxed?,['computation time'],03498919a733654b,Immune_system,"Unlike animals, plants lack phagocytic cells, but many plant immune responses involve systemic chemical signals that are sent through a plant. Individual plant cells respond to molecules associated with pathogens known as Pathogen-associated molecular patterns or PAMPs. When a part of a plant becomes infected, the plant produces a localized hypersensitive response, whereby cells at the site of infection undergo rapid apoptosis to prevent the spread of the disease to other parts of the plant. Systemic acquired resistance (SAR) is a type of defensive response used by plants that renders the entire plant resistant to a particular infectious agent. RNA silencing mechanisms are particularly important in this systemic response as they can block virus replication.",IRRELEVANT,True,True,True
56e1c720e3433e140042316a__56e1c720e3433e140042316b,B,56e1c720e3433e140042316b,In what expression can one expect to find DTIME(n),['DTIME(n2)'],03498919a733654b,Immune_system,"Unlike animals, plants lack phagocytic cells, but many plant immune responses involve systemic chemical signals that are sent through a plant. Individual plant cells respond to molecules associated with pathogens known as Pathogen-associated molecular patterns or PAMPs. When a part of a plant becomes infected, the plant produces a localized hypersensitive response, whereby cells at the site of infection undergo rapid apoptosis to prevent the spread of the disease to other parts of the plant. Systemic acquired resistance (SAR) is a type of defensive response used by plants that renders the entire plant resistant to a particular infectious agent. RNA silencing mechanisms are particularly important in this systemic response as they can block virus replication.",IRRELEVANT,True,True,True
56e1c720e3433e140042316a__56e1c720e3433e140042316b,A,56e1c720e3433e140042316a,What is an example of a measurement within a complexity class that would create a bigger set of problems if the bounds were relaxed?,['computation time'],83eb842fe156ab9f,Newcastle_upon_Tyne,"There are concentrations of pubs, bars and nightclubs around the Bigg Market and the Quayside area of the city centre. There are many bars on the Bigg Market, and other popular areas for nightlife are Collingwood Street, popularly referred to as the 'Diamond Strip' due to its concentration of high-end bars, Neville Street, the Central Station area and Osborne Road in the Jesmond area of the city. In recent years ""The Gate"" has opened in the city centre, a new indoor complex consisting of bars, upmarket clubs, restaurants and a 12-screen Empire multiplex cinema. Newcastle's gay scene - 'The Pink Triangle' - is centred on the Times Square area near the Centre for Life and has a range of bars, cafés and clubs.",IRRELEVANT,True,True,True
56e1c720e3433e140042316a__56e1c720e3433e140042316b,B,56e1c720e3433e140042316b,In what expression can one expect to find DTIME(n),['DTIME(n2)'],83eb842fe156ab9f,Newcastle_upon_Tyne,"There are concentrations of pubs, bars and nightclubs around the Bigg Market and the Quayside area of the city centre. There are many bars on the Bigg Market, and other popular areas for nightlife are Collingwood Street, popularly referred to as the 'Diamond Strip' due to its concentration of high-end bars, Neville Street, the Central Station area and Osborne Road in the Jesmond area of the city. In recent years ""The Gate"" has opened in the city centre, a new indoor complex consisting of bars, upmarket clubs, restaurants and a 12-screen Empire multiplex cinema. Newcastle's gay scene - 'The Pink Triangle' - is centred on the Times Square area near the Centre for Life and has a range of bars, cafés and clubs.",IRRELEVANT,True,True,True
56e1c720e3433e140042316a__56e1c720e3433e140042316b,A,56e1c720e3433e140042316a,What is an example of a measurement within a complexity class that would create a bigger set of problems if the bounds were relaxed?,['computation time'],df2cc0ae62ac7fa5,American_Broadcasting_Company,"The television network has eight owned-and-operated and over 232 affiliated television stations throughout the United States and its territories. Most Canadians have access to at least one U.S.-based ABC affiliate, either over-the-air (in areas located within proximity to the Canada–United States border) or through a cable, satellite or IPTV provider, although most ABC programs are subject to simultaneous substitution regulations imposed by the Canadian Radio-television and Telecommunications Commission that allow pay television providers to replace an American station's signal with the feed of a Canadian broadcaster to protect domestic programming rights and advertising revenue. ABC News provides news and features content for select radio stations owned by Citadel Broadcasting, which purchased the ABC Radio properties in 2007.",IRRELEVANT,True,True,True
56e1c720e3433e140042316a__56e1c720e3433e140042316b,B,56e1c720e3433e140042316b,In what expression can one expect to find DTIME(n),['DTIME(n2)'],df2cc0ae62ac7fa5,American_Broadcasting_Company,"The television network has eight owned-and-operated and over 232 affiliated television stations throughout the United States and its territories. Most Canadians have access to at least one U.S.-based ABC affiliate, either over-the-air (in areas located within proximity to the Canada–United States border) or through a cable, satellite or IPTV provider, although most ABC programs are subject to simultaneous substitution regulations imposed by the Canadian Radio-television and Telecommunications Commission that allow pay television providers to replace an American station's signal with the feed of a Canadian broadcaster to protect domestic programming rights and advertising revenue. ABC News provides news and features content for select radio stations owned by Citadel Broadcasting, which purchased the ABC Radio properties in 2007.",IRRELEVANT,True,True,True
56e1c720e3433e140042316a__56e1c720e3433e140042316b,A,56e1c720e3433e140042316a,What is an example of a measurement within a complexity class that would create a bigger set of problems if the bounds were relaxed?,['computation time'],0d5da3f6ad86eb07,Apollo_program,"Before the Apollo program began, Wernher von Braun and his team of rocket engineers had started work on plans for very large launch vehicles, the Saturn series, and the even larger Nova series. In the midst of these plans, von Braun was transferred from the Army to NASA, and made Director of the Marshall Space Flight Center. The initial direct ascent plan to send the three-man Apollo Command/Service Module directly to the lunar surface, on top of a large descent rocket stage, would require a Nova-class launcher, with a lunar payload capability of over 180,000 pounds (82,000 kg). The June 11, 1962, decision to use lunar orbit rendezvous enabled the Saturn V to replace the Nova, and the MSFC proceeded to develop the Saturn rocket family for Apollo.",IRRELEVANT,True,True,True
56e1c720e3433e140042316a__56e1c720e3433e140042316b,B,56e1c720e3433e140042316b,In what expression can one expect to find DTIME(n),['DTIME(n2)'],0d5da3f6ad86eb07,Apollo_program,"Before the Apollo program began, Wernher von Braun and his team of rocket engineers had started work on plans for very large launch vehicles, the Saturn series, and the even larger Nova series. In the midst of these plans, von Braun was transferred from the Army to NASA, and made Director of the Marshall Space Flight Center. The initial direct ascent plan to send the three-man Apollo Command/Service Module directly to the lunar surface, on top of a large descent rocket stage, would require a Nova-class launcher, with a lunar payload capability of over 180,000 pounds (82,000 kg). The June 11, 1962, decision to use lunar orbit rendezvous enabled the Saturn V to replace the Nova, and the MSFC proceeded to develop the Saturn rocket family for Apollo.",IRRELEVANT,True,True,True
56e1c720e3433e140042316a__56e1c720e3433e140042316b,A,56e1c720e3433e140042316a,What is an example of a measurement within a complexity class that would create a bigger set of problems if the bounds were relaxed?,['computation time'],a828c58f3d12ed3b,Yuan_dynasty,"Since its invention in 1269, the 'Phags-pa script, a unified script for spelling Mongolian, Tibetan, and Chinese languages, was preserved in the court until the end of the dynasty. Most of the Emperors could not master written Chinese, but they could generally converse well in the language. The Mongol custom of long standing quda/marriage alliance with Mongol clans, the Onggirat, and the Ikeres, kept the imperial blood purely Mongol until the reign of Tugh Temur, whose mother was a Tangut concubine. The Mongol Emperors had built large palaces and pavilions, but some still continued to live as nomads at times. Nevertheless, a few other Yuan emperors actively sponsored cultural activities; an example is Tugh Temur (Emperor Wenzong), who wrote poetry, painted, read Chinese classical texts, and ordered the compilation of books.",IRRELEVANT,True,True,True
56e1c720e3433e140042316a__56e1c720e3433e140042316b,B,56e1c720e3433e140042316b,In what expression can one expect to find DTIME(n),['DTIME(n2)'],a828c58f3d12ed3b,Yuan_dynasty,"Since its invention in 1269, the 'Phags-pa script, a unified script for spelling Mongolian, Tibetan, and Chinese languages, was preserved in the court until the end of the dynasty. Most of the Emperors could not master written Chinese, but they could generally converse well in the language. The Mongol custom of long standing quda/marriage alliance with Mongol clans, the Onggirat, and the Ikeres, kept the imperial blood purely Mongol until the reign of Tugh Temur, whose mother was a Tangut concubine. The Mongol Emperors had built large palaces and pavilions, but some still continued to live as nomads at times. Nevertheless, a few other Yuan emperors actively sponsored cultural activities; an example is Tugh Temur (Emperor Wenzong), who wrote poetry, painted, read Chinese classical texts, and ordered the compilation of books.",IRRELEVANT,True,True,True
56e1c720e3433e140042316a__56e1c720e3433e140042316b,A,56e1c720e3433e140042316a,What is an example of a measurement within a complexity class that would create a bigger set of problems if the bounds were relaxed?,['computation time'],d371b831fea330cf,United_Methodist_Church,"Though John Wesley originally wanted the Methodists to stay within the Church of England, the American Revolution decisively separated the Methodists in the American colonies from the life and sacraments of the Anglican Church. In 1784, after unsuccessful attempts to have the Church of England send a bishop to start a new church in the colonies, Wesley decisively appointed fellow priest Thomas Coke as superintendent (bishop) to organize a separate Methodist Society. Together with Coke, Wesley sent a revision of the Anglican Prayerbook and the Articles of Religion which were received and adopted by the Baltimore Christmas Conference of 1784, officially establishing the Methodist Episcopal Church. The conference was held at the Lovely Lane Methodist Church, considered the Mother Church of American Methodism.",IRRELEVANT,True,True,True
56e1c720e3433e140042316a__56e1c720e3433e140042316b,B,56e1c720e3433e140042316b,In what expression can one expect to find DTIME(n),['DTIME(n2)'],d371b831fea330cf,United_Methodist_Church,"Though John Wesley originally wanted the Methodists to stay within the Church of England, the American Revolution decisively separated the Methodists in the American colonies from the life and sacraments of the Anglican Church. In 1784, after unsuccessful attempts to have the Church of England send a bishop to start a new church in the colonies, Wesley decisively appointed fellow priest Thomas Coke as superintendent (bishop) to organize a separate Methodist Society. Together with Coke, Wesley sent a revision of the Anglican Prayerbook and the Articles of Religion which were received and adopted by the Baltimore Christmas Conference of 1784, officially establishing the Methodist Episcopal Church. The conference was held at the Lovely Lane Methodist Church, considered the Mother Church of American Methodism.",IRRELEVANT,True,True,True
56e1c720e3433e140042316a__56e1c720e3433e140042316b,A,56e1c720e3433e140042316a,What is an example of a measurement within a complexity class that would create a bigger set of problems if the bounds were relaxed?,['computation time'],24fea2565633e416,Amazon_rainforest,"Following the Cretaceous–Paleogene extinction event, the extinction of the dinosaurs and the wetter climate may have allowed the tropical rainforest to spread out across the continent. From 66–34 Mya, the rainforest extended as far south as 45°. Climate fluctuations during the last 34 million years have allowed savanna regions to expand into the tropics. During the Oligocene, for example, the rainforest spanned a relatively narrow band. It expanded again during the Middle Miocene, then retracted to a mostly inland formation at the last glacial maximum. However, the rainforest still managed to thrive during these glacial periods, allowing for the survival and evolution of a broad diversity of species.",IRRELEVANT,True,True,True
56e1c720e3433e140042316a__56e1c720e3433e140042316b,B,56e1c720e3433e140042316b,In what expression can one expect to find DTIME(n),['DTIME(n2)'],24fea2565633e416,Amazon_rainforest,"Following the Cretaceous–Paleogene extinction event, the extinction of the dinosaurs and the wetter climate may have allowed the tropical rainforest to spread out across the continent. From 66–34 Mya, the rainforest extended as far south as 45°. Climate fluctuations during the last 34 million years have allowed savanna regions to expand into the tropics. During the Oligocene, for example, the rainforest spanned a relatively narrow band. It expanded again during the Middle Miocene, then retracted to a mostly inland formation at the last glacial maximum. However, the rainforest still managed to thrive during these glacial periods, allowing for the survival and evolution of a broad diversity of species.",IRRELEVANT,True,True,True
56e1c720e3433e140042316a__56e1c720e3433e140042316b,A,56e1c720e3433e140042316a,What is an example of a measurement within a complexity class that would create a bigger set of problems if the bounds were relaxed?,['computation time'],dd9c6b31f95b6af9,Force,"where is the mass of the object, is the velocity of the object and is the distance to the center of the circular path and is the unit vector pointing in the radial direction outwards from the center. This means that the unbalanced centripetal force felt by any object is always directed toward the center of the curving path. Such forces act perpendicular to the velocity vector associated with the motion of an object, and therefore do not change the speed of the object (magnitude of the velocity), but only the direction of the velocity vector. The unbalanced force that accelerates an object can be resolved into a component that is perpendicular to the path, and one that is tangential to the path. This yields both the tangential force, which accelerates the object by either slowing it down or speeding it up, and the radial (centripetal) force, which changes its direction.",IRRELEVANT,True,True,True
56e1c720e3433e140042316a__56e1c720e3433e140042316b,B,56e1c720e3433e140042316b,In what expression can one expect to find DTIME(n),['DTIME(n2)'],dd9c6b31f95b6af9,Force,"where is the mass of the object, is the velocity of the object and is the distance to the center of the circular path and is the unit vector pointing in the radial direction outwards from the center. This means that the unbalanced centripetal force felt by any object is always directed toward the center of the curving path. Such forces act perpendicular to the velocity vector associated with the motion of an object, and therefore do not change the speed of the object (magnitude of the velocity), but only the direction of the velocity vector. The unbalanced force that accelerates an object can be resolved into a component that is perpendicular to the path, and one that is tangential to the path. This yields both the tangential force, which accelerates the object by either slowing it down or speeding it up, and the radial (centripetal) force, which changes its direction.",IRRELEVANT,True,True,True
56e1c720e3433e140042316a__56e1c720e3433e140042316b,A,56e1c720e3433e140042316a,What is an example of a measurement within a complexity class that would create a bigger set of problems if the bounds were relaxed?,['computation time'],726bcaf33d9e385e,Civil_disobedience,"One of its earliest massive implementations was brought about by Egyptians against the British occupation in the 1919 Revolution. Civil disobedience is one of the many ways people have rebelled against what they deem to be unfair laws. It has been used in many nonviolent resistance movements in India (Gandhi's campaigns for independence from the British Empire), in Czechoslovakia's Velvet Revolution and in East Germany to oust their communist governments, In South Africa in the fight against apartheid, in the American Civil Rights Movement, in the Singing Revolution to bring independence to the Baltic countries from the Soviet Union, recently with the 2003 Rose Revolution in Georgia and the 2004 Orange Revolution in Ukraine, among other various movements worldwide.",IRRELEVANT,True,True,True
56e1c720e3433e140042316a__56e1c720e3433e140042316b,B,56e1c720e3433e140042316b,In what expression can one expect to find DTIME(n),['DTIME(n2)'],726bcaf33d9e385e,Civil_disobedience,"One of its earliest massive implementations was brought about by Egyptians against the British occupation in the 1919 Revolution. Civil disobedience is one of the many ways people have rebelled against what they deem to be unfair laws. It has been used in many nonviolent resistance movements in India (Gandhi's campaigns for independence from the British Empire), in Czechoslovakia's Velvet Revolution and in East Germany to oust their communist governments, In South Africa in the fight against apartheid, in the American Civil Rights Movement, in the Singing Revolution to bring independence to the Baltic countries from the Soviet Union, recently with the 2003 Rose Revolution in Georgia and the 2004 Orange Revolution in Ukraine, among other various movements worldwide.",IRRELEVANT,True,True,True
56e1c720e3433e140042316a__56e1c720e3433e140042316b,A,56e1c720e3433e140042316a,What is an example of a measurement within a complexity class that would create a bigger set of problems if the bounds were relaxed?,['computation time'],d714eaffe1e16186,Nikola_Tesla,"Tesla was offered the task of completely redesigning the Edison Company's direct current generators. In 1885, he said that he could redesign Edison's inefficient motor and generators, making an improvement in both service and economy. According to Tesla, Edison remarked, ""There's fifty thousand dollars in it for you—if you can do it."":54–57 :64 This has been noted as an odd statement from an Edison whose company was stingy with pay and who did not have that sort of cash on hand. After months of work, Tesla fulfilled the task and inquired about payment. Edison, saying that he was only joking, replied, ""Tesla, you don't understand our American humor."":64 Instead, Edison offered a US$10 a week raise over Tesla's US$18 per week salary; Tesla refused the offer and immediately resigned.",IRRELEVANT,True,True,True
56e1c720e3433e140042316a__56e1c720e3433e140042316b,B,56e1c720e3433e140042316b,In what expression can one expect to find DTIME(n),['DTIME(n2)'],d714eaffe1e16186,Nikola_Tesla,"Tesla was offered the task of completely redesigning the Edison Company's direct current generators. In 1885, he said that he could redesign Edison's inefficient motor and generators, making an improvement in both service and economy. According to Tesla, Edison remarked, ""There's fifty thousand dollars in it for you—if you can do it."":54–57 :64 This has been noted as an odd statement from an Edison whose company was stingy with pay and who did not have that sort of cash on hand. After months of work, Tesla fulfilled the task and inquired about payment. Edison, saying that he was only joking, replied, ""Tesla, you don't understand our American humor."":64 Instead, Edison offered a US$10 a week raise over Tesla's US$18 per week salary; Tesla refused the offer and immediately resigned.",IRRELEVANT,True,True,True
56e1c720e3433e140042316a__56e1c720e3433e140042316b,A,56e1c720e3433e140042316a,What is an example of a measurement within a complexity class that would create a bigger set of problems if the bounds were relaxed?,['computation time'],eb9321cdd1b9c157,University_of_Chicago,"Undergraduate students are required to take a distribution of courses to satisfy the university's core curriculum known as the Common Core. In 2012-2013, the Core classes at Chicago were limited to 17 students, and are generally led by a full-time professor (as opposed to a teaching assistant). As of the 2013–2014 school year, 15 courses and demonstrated proficiency in a foreign language are required under the Core. Undergraduate courses at the University of Chicago are known for their demanding standards, heavy workload and academic difficulty; according to Uni in the USA, ""Among the academic cream of American universities – Harvard, Yale, Princeton, MIT, and the University of Chicago – it is UChicago that can most convincingly claim to provide the most rigorous, intense learning experience.""",IRRELEVANT,True,True,True
56e1c720e3433e140042316a__56e1c720e3433e140042316b,B,56e1c720e3433e140042316b,In what expression can one expect to find DTIME(n),['DTIME(n2)'],eb9321cdd1b9c157,University_of_Chicago,"Undergraduate students are required to take a distribution of courses to satisfy the university's core curriculum known as the Common Core. In 2012-2013, the Core classes at Chicago were limited to 17 students, and are generally led by a full-time professor (as opposed to a teaching assistant). As of the 2013–2014 school year, 15 courses and demonstrated proficiency in a foreign language are required under the Core. Undergraduate courses at the University of Chicago are known for their demanding standards, heavy workload and academic difficulty; according to Uni in the USA, ""Among the academic cream of American universities – Harvard, Yale, Princeton, MIT, and the University of Chicago – it is UChicago that can most convincingly claim to provide the most rigorous, intense learning experience.""",IRRELEVANT,True,True,True
56e1c720e3433e140042316a__56e1c720e3433e140042316b,A,56e1c720e3433e140042316a,What is an example of a measurement within a complexity class that would create a bigger set of problems if the bounds were relaxed?,['computation time'],0762a1bc5feb74b6,Imperialism,"Bolshevik leaders had effectively reestablished a polity with roughly the same extent as that empire by 1921, however with an internationalist ideology: Lenin in particular asserted the right to limited self-determination for national minorities within the new territory. Beginning in 1923, the policy of ""Indigenization"" [korenizatsiia] was intended to support non-Russians develop their national cultures within a socialist framework. Never formally revoked, it stopped being implemented after 1932. After World War II, the Soviet Union installed socialist regimes modeled on those it had installed in 1919–20 in the old Tsarist Empire in areas its forces occupied in Eastern Europe. The Soviet Union and the People’s Republic of China supported post–World War II communist movements in foreign nations and colonies to advance their own interests, but were not always successful.",IRRELEVANT,True,True,True
56e1c720e3433e140042316a__56e1c720e3433e140042316b,B,56e1c720e3433e140042316b,In what expression can one expect to find DTIME(n),['DTIME(n2)'],0762a1bc5feb74b6,Imperialism,"Bolshevik leaders had effectively reestablished a polity with roughly the same extent as that empire by 1921, however with an internationalist ideology: Lenin in particular asserted the right to limited self-determination for national minorities within the new territory. Beginning in 1923, the policy of ""Indigenization"" [korenizatsiia] was intended to support non-Russians develop their national cultures within a socialist framework. Never formally revoked, it stopped being implemented after 1932. After World War II, the Soviet Union installed socialist regimes modeled on those it had installed in 1919–20 in the old Tsarist Empire in areas its forces occupied in Eastern Europe. The Soviet Union and the People’s Republic of China supported post–World War II communist movements in foreign nations and colonies to advance their own interests, but were not always successful.",IRRELEVANT,True,True,True
56e1c720e3433e140042316a__56e1c720e3433e140042316b,A,56e1c720e3433e140042316a,What is an example of a measurement within a complexity class that would create a bigger set of problems if the bounds were relaxed?,['computation time'],752ba585d39a7752,Normans,"The two most prominent Norman families to arrive in the Mediterranean were descendants of Tancred of Hauteville and the Drengot family, of whom Rainulf Drengot received the county of Aversa, the first Norman toehold in the south, from Duke Sergius IV of Naples in 1030. The Hauteville family achieved princely rank by proclaiming prince Guaimar IV of Salerno ""Duke of Apulia and Calabria"". He promptly awarded their elected leader, William Iron Arm, with the title of count in his capital of Melfi. The Drengot family thereafter attained the principality of Capua, and emperor Henry III legally ennobled the Hauteville leader, Drogo, as ""dux et magister Italiae comesque Normannorum totius Apuliae et Calabriae"" (""Duke and Master of Italy and Count of the Normans of all Apulia and Calabria"") in 1047.",IRRELEVANT,True,True,True
56e1c720e3433e140042316a__56e1c720e3433e140042316b,B,56e1c720e3433e140042316b,In what expression can one expect to find DTIME(n),['DTIME(n2)'],752ba585d39a7752,Normans,"The two most prominent Norman families to arrive in the Mediterranean were descendants of Tancred of Hauteville and the Drengot family, of whom Rainulf Drengot received the county of Aversa, the first Norman toehold in the south, from Duke Sergius IV of Naples in 1030. The Hauteville family achieved princely rank by proclaiming prince Guaimar IV of Salerno ""Duke of Apulia and Calabria"". He promptly awarded their elected leader, William Iron Arm, with the title of count in his capital of Melfi. The Drengot family thereafter attained the principality of Capua, and emperor Henry III legally ennobled the Hauteville leader, Drogo, as ""dux et magister Italiae comesque Normannorum totius Apuliae et Calabriae"" (""Duke and Master of Italy and Count of the Normans of all Apulia and Calabria"") in 1047.",IRRELEVANT,True,True,True
56e1c720e3433e140042316a__56e1c720e3433e140042316b,A,56e1c720e3433e140042316a,What is an example of a measurement within a complexity class that would create a bigger set of problems if the bounds were relaxed?,['computation time'],9867017bbd82b6ea,Huguenot,"French Huguenots made two attempts to establish a haven in North America. In 1562, naval officer Jean Ribault led an expedition that explored Florida and the present-day Southeastern U.S., and founded the outpost of Charlesfort on Parris Island, South Carolina. The Wars of Religion precluded a return voyage, and the outpost was abandoned. In 1564, Ribault's former lieutenant René Goulaine de Laudonnière launched a second voyage to build a colony; he established Fort Caroline in what is now Jacksonville, Florida. War at home again precluded a resupply mission, and the colony struggled. In 1565 the Spanish decided to enforce their claim to La Florida, and sent Pedro Menéndez de Avilés, who established the settlement of St. Augustine near Fort Caroline. Menéndez' forces routed the French and executed most of the Protestant captives.",IRRELEVANT,True,True,True
56e1c720e3433e140042316a__56e1c720e3433e140042316b,B,56e1c720e3433e140042316b,In what expression can one expect to find DTIME(n),['DTIME(n2)'],9867017bbd82b6ea,Huguenot,"French Huguenots made two attempts to establish a haven in North America. In 1562, naval officer Jean Ribault led an expedition that explored Florida and the present-day Southeastern U.S., and founded the outpost of Charlesfort on Parris Island, South Carolina. The Wars of Religion precluded a return voyage, and the outpost was abandoned. In 1564, Ribault's former lieutenant René Goulaine de Laudonnière launched a second voyage to build a colony; he established Fort Caroline in what is now Jacksonville, Florida. War at home again precluded a resupply mission, and the colony struggled. In 1565 the Spanish decided to enforce their claim to La Florida, and sent Pedro Menéndez de Avilés, who established the settlement of St. Augustine near Fort Caroline. Menéndez' forces routed the French and executed most of the Protestant captives.",IRRELEVANT,True,True,True
56e1c720e3433e140042316a__56e1c720e3433e140042316b,A,56e1c720e3433e140042316a,What is an example of a measurement within a complexity class that would create a bigger set of problems if the bounds were relaxed?,['computation time'],1a3bfa6d8c28e3d9,Prime_number,"The property of being prime (or not) is called primality. A simple but slow method of verifying the primality of a given number n is known as trial division. It consists of testing whether n is a multiple of any integer between 2 and . Algorithms much more efficient than trial division have been devised to test the primality of large numbers. These include the Miller–Rabin primality test, which is fast but has a small probability of error, and the AKS primality test, which always produces the correct answer in polynomial time but is too slow to be practical. Particularly fast methods are available for numbers of special forms, such as Mersenne numbers. As of January 2016[update], the largest known prime number has 22,338,618 decimal digits.",IRRELEVANT,True,True,True
56e1c720e3433e140042316a__56e1c720e3433e140042316b,B,56e1c720e3433e140042316b,In what expression can one expect to find DTIME(n),['DTIME(n2)'],1a3bfa6d8c28e3d9,Prime_number,"The property of being prime (or not) is called primality. A simple but slow method of verifying the primality of a given number n is known as trial division. It consists of testing whether n is a multiple of any integer between 2 and . Algorithms much more efficient than trial division have been devised to test the primality of large numbers. These include the Miller–Rabin primality test, which is fast but has a small probability of error, and the AKS primality test, which always produces the correct answer in polynomial time but is too slow to be practical. Particularly fast methods are available for numbers of special forms, such as Mersenne numbers. As of January 2016[update], the largest known prime number has 22,338,618 decimal digits.",IRRELEVANT,True,True,True
5725ee6438643c19005aceb3__5725ee6438643c19005aceb5,A,5725ee6438643c19005aceb3,What did NASA name the series seeking up to 30 more flights to Earth's orbit?,"['Apollo X', 'Apollo Extension Series']",cb9b21c28a1fe880,American_Broadcasting_Company,"The 1970s were highlighted by several successful comedy, fantasy, action and superhero-themed series for the network including Kung Fu, The Six Million Dollar Man, Wonder Woman, Starsky & Hutch, Charlie's Angels, The Bionic Woman, Fantasy Island and Battlestar Galactica. Many of these series were greenlit by Silverman, who left ABC in 1978 to become president of NBC's entertainment division. The rousing success of Happy Days also led to a successful spin-off series, Laverne & Shirley, which debuted in 1976. Charlie's Angels and Three's Company (which debuted in 1977) were two prime examples of a trend among the major networks during the 1970s known as ""jiggle TV"", featuring attractive, often buxom, women in main and guest roles.",IRRELEVANT,True,True,True
5725ee6438643c19005aceb3__5725ee6438643c19005aceb5,B,5725ee6438643c19005aceb5,What planet was named for a fly-by mission by an empty S-IVB?,['Venus'],cb9b21c28a1fe880,American_Broadcasting_Company,"The 1970s were highlighted by several successful comedy, fantasy, action and superhero-themed series for the network including Kung Fu, The Six Million Dollar Man, Wonder Woman, Starsky & Hutch, Charlie's Angels, The Bionic Woman, Fantasy Island and Battlestar Galactica. Many of these series were greenlit by Silverman, who left ABC in 1978 to become president of NBC's entertainment division. The rousing success of Happy Days also led to a successful spin-off series, Laverne & Shirley, which debuted in 1976. Charlie's Angels and Three's Company (which debuted in 1977) were two prime examples of a trend among the major networks during the 1970s known as ""jiggle TV"", featuring attractive, often buxom, women in main and guest roles.",IRRELEVANT,True,True,True
5725ee6438643c19005aceb3__5725ee6438643c19005aceb5,A,5725ee6438643c19005aceb3,What did NASA name the series seeking up to 30 more flights to Earth's orbit?,"['Apollo X', 'Apollo Extension Series']",c24cf42ac4098a34,Warsaw,"The first fortified settlements on the site of today's Warsaw were located in Bródno (9th/10th century) and Jazdów (12th/13th century). After Jazdów was raided by nearby clans and dukes, a new similar settlement was established on the site of a small fishing village called Warszowa. The Prince of Płock, Bolesław II of Masovia, established this settlement, the modern-day Warsaw, in about 1300. In the beginning of the 14th century it became one of the seats of the Dukes of Masovia, becoming the official capital of Masovian Duchy in 1413. 14th-century Warsaw's economy rested on mostly crafts and trade. Upon the extinction of the local ducal line, the duchy was reincorporated into the Polish Crown in 1526.",IRRELEVANT,True,True,True
5725ee6438643c19005aceb3__5725ee6438643c19005aceb5,B,5725ee6438643c19005aceb5,What planet was named for a fly-by mission by an empty S-IVB?,['Venus'],c24cf42ac4098a34,Warsaw,"The first fortified settlements on the site of today's Warsaw were located in Bródno (9th/10th century) and Jazdów (12th/13th century). After Jazdów was raided by nearby clans and dukes, a new similar settlement was established on the site of a small fishing village called Warszowa. The Prince of Płock, Bolesław II of Masovia, established this settlement, the modern-day Warsaw, in about 1300. In the beginning of the 14th century it became one of the seats of the Dukes of Masovia, becoming the official capital of Masovian Duchy in 1413. 14th-century Warsaw's economy rested on mostly crafts and trade. Upon the extinction of the local ducal line, the duchy was reincorporated into the Polish Crown in 1526.",IRRELEVANT,True,True,True
5725ee6438643c19005aceb3__5725ee6438643c19005aceb5,A,5725ee6438643c19005aceb3,What did NASA name the series seeking up to 30 more flights to Earth's orbit?,"['Apollo X', 'Apollo Extension Series']",babfdcdb4f5e11f8,Steam_engine,"The Rankine cycle is the fundamental thermodynamic underpinning of the steam engine. The cycle is an arrangement of components as is typically used for simple power production, and utilizes the phase change of water (boiling water producing steam, condensing exhaust steam, producing liquid water)) to provide a practical heat/power conversion system. The heat is supplied externally to a closed loop with some of the heat added being converted to work and the waste heat being removed in a condenser. The Rankine cycle is used in virtually all steam power production applications. In the 1990s, Rankine steam cycles generated about 90% of all electric power used throughout the world, including virtually all solar, biomass, coal and nuclear power plants. It is named after William John Macquorn Rankine, a Scottish polymath.",IRRELEVANT,True,True,True
5725ee6438643c19005aceb3__5725ee6438643c19005aceb5,B,5725ee6438643c19005aceb5,What planet was named for a fly-by mission by an empty S-IVB?,['Venus'],babfdcdb4f5e11f8,Steam_engine,"The Rankine cycle is the fundamental thermodynamic underpinning of the steam engine. The cycle is an arrangement of components as is typically used for simple power production, and utilizes the phase change of water (boiling water producing steam, condensing exhaust steam, producing liquid water)) to provide a practical heat/power conversion system. The heat is supplied externally to a closed loop with some of the heat added being converted to work and the waste heat being removed in a condenser. The Rankine cycle is used in virtually all steam power production applications. In the 1990s, Rankine steam cycles generated about 90% of all electric power used throughout the world, including virtually all solar, biomass, coal and nuclear power plants. It is named after William John Macquorn Rankine, a Scottish polymath.",IRRELEVANT,True,True,True
5725ee6438643c19005aceb3__5725ee6438643c19005aceb5,A,5725ee6438643c19005aceb3,What did NASA name the series seeking up to 30 more flights to Earth's orbit?,"['Apollo X', 'Apollo Extension Series']",18cea444eda14519,American_Broadcasting_Company,"ABC maintains several video on demand services for delayed viewing of the network's programming, including a traditional VOD service called ABC on Demand, which is carried on most traditional cable and IPTV providers. The Walt Disney Company is also a part-owner of Hulu (as part of a consortium that includes, among other parties, the respective parent companies of NBC and Fox, NBCUniversal and 21st Century Fox), and has offered full-length episodes of most of ABC's programming through the streaming service since July 6, 2009 (which are available for viewing on Hulu's website and mobile app), as part of an agreement reached in April that year that also allowed Disney to acquire a 27% ownership stake in Hulu.",IRRELEVANT,True,True,True
5725ee6438643c19005aceb3__5725ee6438643c19005aceb5,B,5725ee6438643c19005aceb5,What planet was named for a fly-by mission by an empty S-IVB?,['Venus'],18cea444eda14519,American_Broadcasting_Company,"ABC maintains several video on demand services for delayed viewing of the network's programming, including a traditional VOD service called ABC on Demand, which is carried on most traditional cable and IPTV providers. The Walt Disney Company is also a part-owner of Hulu (as part of a consortium that includes, among other parties, the respective parent companies of NBC and Fox, NBCUniversal and 21st Century Fox), and has offered full-length episodes of most of ABC's programming through the streaming service since July 6, 2009 (which are available for viewing on Hulu's website and mobile app), as part of an agreement reached in April that year that also allowed Disney to acquire a 27% ownership stake in Hulu.",IRRELEVANT,True,True,True
5725ee6438643c19005aceb3__5725ee6438643c19005aceb5,A,5725ee6438643c19005aceb3,What did NASA name the series seeking up to 30 more flights to Earth's orbit?,"['Apollo X', 'Apollo Extension Series']",faf55bac047f0f94,Steam_engine,"The centrifugal governor was adopted by James Watt for use on a steam engine in 1788 after Watt’s partner Boulton saw one at a flour mill Boulton & Watt were building. The governor could not actually hold a set speed, because it would assume a new constant speed in response to load changes. The governor was able to handle smaller variations such as those caused by fluctuating heat load to the boiler. Also, there was a tendency for oscillation whenever there was a speed change. As a consequence, engines equipped only with this governor were not suitable for operations requiring constant speed, such as cotton spinning. The governor was improved over time and coupled with variable steam cut off, good speed control in response to changes in load was attainable near the end of the 19th century.",IRRELEVANT,True,True,True
5725ee6438643c19005aceb3__5725ee6438643c19005aceb5,B,5725ee6438643c19005aceb5,What planet was named for a fly-by mission by an empty S-IVB?,['Venus'],faf55bac047f0f94,Steam_engine,"The centrifugal governor was adopted by James Watt for use on a steam engine in 1788 after Watt’s partner Boulton saw one at a flour mill Boulton & Watt were building. The governor could not actually hold a set speed, because it would assume a new constant speed in response to load changes. The governor was able to handle smaller variations such as those caused by fluctuating heat load to the boiler. Also, there was a tendency for oscillation whenever there was a speed change. As a consequence, engines equipped only with this governor were not suitable for operations requiring constant speed, such as cotton spinning. The governor was improved over time and coupled with variable steam cut off, good speed control in response to changes in load was attainable near the end of the 19th century.",IRRELEVANT,True,True,True
5725ee6438643c19005aceb3__5725ee6438643c19005aceb5,A,5725ee6438643c19005aceb3,What did NASA name the series seeking up to 30 more flights to Earth's orbit?,"['Apollo X', 'Apollo Extension Series']",a603a74eeb0f972f,Newcastle_upon_Tyne,"The Grainger Market replaced an earlier market originally built in 1808 called the Butcher Market. The Grainger Market itself, was opened in 1835 and was Newcastle's first indoor market. At the time of its opening in 1835 it was said to be one of the largest and most beautiful markets in Europe. The opening was celebrated with a grand dinner attended by 2000 guests, and the Laing Art Gallery has a painting of this event. With the exception of the timber roof which was destroyed by a fire in 1901 and replaced by latticed-steel arches the Market is largely in its original condition. The Grainger Market architecture, like most in Grainger Town, which are either grade I or II listed, was listed grade I in 1954 by English Heritage.",IRRELEVANT,True,True,True
5725ee6438643c19005aceb3__5725ee6438643c19005aceb5,B,5725ee6438643c19005aceb5,What planet was named for a fly-by mission by an empty S-IVB?,['Venus'],a603a74eeb0f972f,Newcastle_upon_Tyne,"The Grainger Market replaced an earlier market originally built in 1808 called the Butcher Market. The Grainger Market itself, was opened in 1835 and was Newcastle's first indoor market. At the time of its opening in 1835 it was said to be one of the largest and most beautiful markets in Europe. The opening was celebrated with a grand dinner attended by 2000 guests, and the Laing Art Gallery has a painting of this event. With the exception of the timber roof which was destroyed by a fire in 1901 and replaced by latticed-steel arches the Market is largely in its original condition. The Grainger Market architecture, like most in Grainger Town, which are either grade I or II listed, was listed grade I in 1954 by English Heritage.",IRRELEVANT,True,True,True
5725ee6438643c19005aceb3__5725ee6438643c19005aceb5,A,5725ee6438643c19005aceb3,What did NASA name the series seeking up to 30 more flights to Earth's orbit?,"['Apollo X', 'Apollo Extension Series']",1b8917ce895b36f1,Construction,"New techniques of building construction are being researched, made possible by advances in 3D printing technology. In a form of additive building construction, similar to the additive manufacturing techniques for manufactured parts, building printing is making it possible to flexibly construct small commercial buildings and private habitations in around 20 hours, with built-in plumbing and electrical facilities, in one continuous build, using large 3D printers. Working versions of 3D-printing building technology are already printing 2 metres (6 ft 7 in) of building material per hour as of January 2013[update], with the next-generation printers capable of 3.5 metres (11 ft) per hour, sufficient to complete a building in a week. Dutch architect Janjaap Ruijssenaars's performative architecture 3D-printed building is scheduled to be built in 2014.",IRRELEVANT,True,True,True
5725ee6438643c19005aceb3__5725ee6438643c19005aceb5,B,5725ee6438643c19005aceb5,What planet was named for a fly-by mission by an empty S-IVB?,['Venus'],1b8917ce895b36f1,Construction,"New techniques of building construction are being researched, made possible by advances in 3D printing technology. In a form of additive building construction, similar to the additive manufacturing techniques for manufactured parts, building printing is making it possible to flexibly construct small commercial buildings and private habitations in around 20 hours, with built-in plumbing and electrical facilities, in one continuous build, using large 3D printers. Working versions of 3D-printing building technology are already printing 2 metres (6 ft 7 in) of building material per hour as of January 2013[update], with the next-generation printers capable of 3.5 metres (11 ft) per hour, sufficient to complete a building in a week. Dutch architect Janjaap Ruijssenaars's performative architecture 3D-printed building is scheduled to be built in 2014.",IRRELEVANT,True,True,True
5725ee6438643c19005aceb3__5725ee6438643c19005aceb5,A,5725ee6438643c19005aceb3,What did NASA name the series seeking up to 30 more flights to Earth's orbit?,"['Apollo X', 'Apollo Extension Series']",ce234018f1ed6e62,Chloroplast,"Rhodoplasts have a double membrane with an intermembrane space and phycobilin pigments organized into phycobilisomes on the thylakoid membranes, preventing their thylakoids from stacking. Some contain pyrenoids. Rhodoplasts have chlorophyll a and phycobilins for photosynthetic pigments; the phycobilin phycoerytherin is responsible for giving many red algae their distinctive red color. However, since they also contain the blue-green chlorophyll a and other pigments, many are reddish to purple from the combination. The red phycoerytherin pigment is an adaptation to help red algae catch more sunlight in deep water—as such, some red algae that live in shallow water have less phycoerytherin in their rhodoplasts, and can appear more greenish. Rhodoplasts synthesize a form of starch called floridean, which collects into granules outside the rhodoplast, in the cytoplasm of the red alga.",IRRELEVANT,True,True,True
5725ee6438643c19005aceb3__5725ee6438643c19005aceb5,B,5725ee6438643c19005aceb5,What planet was named for a fly-by mission by an empty S-IVB?,['Venus'],ce234018f1ed6e62,Chloroplast,"Rhodoplasts have a double membrane with an intermembrane space and phycobilin pigments organized into phycobilisomes on the thylakoid membranes, preventing their thylakoids from stacking. Some contain pyrenoids. Rhodoplasts have chlorophyll a and phycobilins for photosynthetic pigments; the phycobilin phycoerytherin is responsible for giving many red algae their distinctive red color. However, since they also contain the blue-green chlorophyll a and other pigments, many are reddish to purple from the combination. The red phycoerytherin pigment is an adaptation to help red algae catch more sunlight in deep water—as such, some red algae that live in shallow water have less phycoerytherin in their rhodoplasts, and can appear more greenish. Rhodoplasts synthesize a form of starch called floridean, which collects into granules outside the rhodoplast, in the cytoplasm of the red alga.",IRRELEVANT,True,True,True
5725ee6438643c19005aceb3__5725ee6438643c19005aceb5,A,5725ee6438643c19005aceb3,What did NASA name the series seeking up to 30 more flights to Earth's orbit?,"['Apollo X', 'Apollo Extension Series']",21a5317e05c09edb,Super_Bowl_50,"After a punt from both teams, Carolina got on track with a 9-play, 73-yard scoring drive. Newton completed 4 of 4 passes for 51 yards and rushed twice for 25 yards, while Jonathan Stewart finished the drive with a 1-yard touchdown run, cutting the score to 10–7 with 11:28 left in the second quarter. Later on, Broncos receiver Jordan Norwood received Brad Nortman's short 28-yard punt surrounded by Panthers players, but none of them attempted to make a tackle, apparently thinking Norwood had called a fair catch. Norwood had not done so, and with no resistance around him, he took off for a Super Bowl record 61-yard return before Mario Addison dragged him down on the Panthers 14-yard line. Despite Denver's excellent field position, they could not get the ball into the end zone, so McManus kicked a 33-yard field goal that increased their lead to 13–7.",IRRELEVANT,True,True,True
5725ee6438643c19005aceb3__5725ee6438643c19005aceb5,B,5725ee6438643c19005aceb5,What planet was named for a fly-by mission by an empty S-IVB?,['Venus'],21a5317e05c09edb,Super_Bowl_50,"After a punt from both teams, Carolina got on track with a 9-play, 73-yard scoring drive. Newton completed 4 of 4 passes for 51 yards and rushed twice for 25 yards, while Jonathan Stewart finished the drive with a 1-yard touchdown run, cutting the score to 10–7 with 11:28 left in the second quarter. Later on, Broncos receiver Jordan Norwood received Brad Nortman's short 28-yard punt surrounded by Panthers players, but none of them attempted to make a tackle, apparently thinking Norwood had called a fair catch. Norwood had not done so, and with no resistance around him, he took off for a Super Bowl record 61-yard return before Mario Addison dragged him down on the Panthers 14-yard line. Despite Denver's excellent field position, they could not get the ball into the end zone, so McManus kicked a 33-yard field goal that increased their lead to 13–7.",IRRELEVANT,True,True,True
5725ee6438643c19005aceb3__5725ee6438643c19005aceb5,A,5725ee6438643c19005aceb3,What did NASA name the series seeking up to 30 more flights to Earth's orbit?,"['Apollo X', 'Apollo Extension Series']",a9c817f1f22f83a7,Victoria_and_Albert_Museum,"The central garden was redesigned by Kim Wilkie and opened as the John Madejski Garden, on 5 July 2005. The design is a subtle blend of the traditional and modern, the layout is formal; there is an elliptical water feature lined in stone with steps around the edge which may be drained to use the area for receptions, gatherings or exhibition purposes. This is in front of the bronze doors leading to the refreshment rooms, a central path flanked by lawns leads to the sculpture gallery; the north, east and west sides have herbaceous borders along the museum walls with paths in front which continues along the south façade; in the two corners by the north façade there is planted an American Sweetgum tree; the southern, eastern and western edges of the lawns have glass planters which contain orange and lemon trees in summer, these are replaced by bay trees in winter.",IRRELEVANT,True,True,True
5725ee6438643c19005aceb3__5725ee6438643c19005aceb5,B,5725ee6438643c19005aceb5,What planet was named for a fly-by mission by an empty S-IVB?,['Venus'],a9c817f1f22f83a7,Victoria_and_Albert_Museum,"The central garden was redesigned by Kim Wilkie and opened as the John Madejski Garden, on 5 July 2005. The design is a subtle blend of the traditional and modern, the layout is formal; there is an elliptical water feature lined in stone with steps around the edge which may be drained to use the area for receptions, gatherings or exhibition purposes. This is in front of the bronze doors leading to the refreshment rooms, a central path flanked by lawns leads to the sculpture gallery; the north, east and west sides have herbaceous borders along the museum walls with paths in front which continues along the south façade; in the two corners by the north façade there is planted an American Sweetgum tree; the southern, eastern and western edges of the lawns have glass planters which contain orange and lemon trees in summer, these are replaced by bay trees in winter.",IRRELEVANT,True,True,True
5725ee6438643c19005aceb3__5725ee6438643c19005aceb5,A,5725ee6438643c19005aceb3,What did NASA name the series seeking up to 30 more flights to Earth's orbit?,"['Apollo X', 'Apollo Extension Series']",1c7faebb317f0204,Scottish_Parliament,"As in the House of Commons, a number of qualifications apply to being an MSP. Such qualifications were introduced under the House of Commons Disqualification Act 1975 and the British Nationality Act 1981. Specifically, members must be over the age of 18 and must be a citizen of the United Kingdom, the Republic of Ireland, one of the countries in the Commonwealth of Nations, a citizen of a British overseas territory, or a European Union citizen resident in the UK. Members of the police and the armed forces are disqualified from sitting in the Scottish Parliament as elected MSPs, and similarly, civil servants and members of foreign legislatures are disqualified. An individual may not sit in the Scottish Parliament if he or she is judged to be insane under the terms of the Mental Health (Care and Treatment) (Scotland) Act 2003.",IRRELEVANT,True,True,True
5725ee6438643c19005aceb3__5725ee6438643c19005aceb5,B,5725ee6438643c19005aceb5,What planet was named for a fly-by mission by an empty S-IVB?,['Venus'],1c7faebb317f0204,Scottish_Parliament,"As in the House of Commons, a number of qualifications apply to being an MSP. Such qualifications were introduced under the House of Commons Disqualification Act 1975 and the British Nationality Act 1981. Specifically, members must be over the age of 18 and must be a citizen of the United Kingdom, the Republic of Ireland, one of the countries in the Commonwealth of Nations, a citizen of a British overseas territory, or a European Union citizen resident in the UK. Members of the police and the armed forces are disqualified from sitting in the Scottish Parliament as elected MSPs, and similarly, civil servants and members of foreign legislatures are disqualified. An individual may not sit in the Scottish Parliament if he or she is judged to be insane under the terms of the Mental Health (Care and Treatment) (Scotland) Act 2003.",IRRELEVANT,True,True,True
5725ee6438643c19005aceb3__5725ee6438643c19005aceb5,A,5725ee6438643c19005aceb3,What did NASA name the series seeking up to 30 more flights to Earth's orbit?,"['Apollo X', 'Apollo Extension Series']",ddc6c9f111ba6093,Yuan_dynasty,"The Mongol rulers patronized the Yuan printing industry. Chinese printing technology was transferred to the Mongols through Kingdom of Qocho and Tibetan intermediaries. Some Yuan documents such as Wang Zhen's Nong Shu were printed with earthenware movable type, a technology invented in the 12th century. However, most published works were still produced through traditional block printing techniques. The publication of a Taoist text inscribed with the name of Töregene Khatun, Ögedei's wife, is one of the first printed works sponsored by the Mongols. In 1273, the Mongols created the Imperial Library Directorate, a government-sponsored printing office. The Yuan government established centers for printing throughout China. Local schools and government agencies were funded to support the publishing of books.",IRRELEVANT,True,True,True
5725ee6438643c19005aceb3__5725ee6438643c19005aceb5,B,5725ee6438643c19005aceb5,What planet was named for a fly-by mission by an empty S-IVB?,['Venus'],ddc6c9f111ba6093,Yuan_dynasty,"The Mongol rulers patronized the Yuan printing industry. Chinese printing technology was transferred to the Mongols through Kingdom of Qocho and Tibetan intermediaries. Some Yuan documents such as Wang Zhen's Nong Shu were printed with earthenware movable type, a technology invented in the 12th century. However, most published works were still produced through traditional block printing techniques. The publication of a Taoist text inscribed with the name of Töregene Khatun, Ögedei's wife, is one of the first printed works sponsored by the Mongols. In 1273, the Mongols created the Imperial Library Directorate, a government-sponsored printing office. The Yuan government established centers for printing throughout China. Local schools and government agencies were funded to support the publishing of books.",IRRELEVANT,True,True,True
5725ee6438643c19005aceb3__5725ee6438643c19005aceb5,A,5725ee6438643c19005aceb3,What did NASA name the series seeking up to 30 more flights to Earth's orbit?,"['Apollo X', 'Apollo Extension Series']",e32237eb13f46727,Construction,"Mortgage bankers, accountants, and cost engineers are likely participants in creating an overall plan for the financial management of the building construction project. The presence of the mortgage banker is highly likely, even in relatively small projects since the owner's equity in the property is the most obvious source of funding for a building project. Accountants act to study the expected monetary flow over the life of the project and to monitor the payouts throughout the process. Cost engineers and estimators apply expertise to relate the work and materials involved to a proper valuation. Cost overruns with government projects have occurred when the contractor identified change orders or project changes that increased costs, which are not subject to competition from other firms as they have already been eliminated from consideration after the initial bid.",IRRELEVANT,True,True,True
5725ee6438643c19005aceb3__5725ee6438643c19005aceb5,B,5725ee6438643c19005aceb5,What planet was named for a fly-by mission by an empty S-IVB?,['Venus'],e32237eb13f46727,Construction,"Mortgage bankers, accountants, and cost engineers are likely participants in creating an overall plan for the financial management of the building construction project. The presence of the mortgage banker is highly likely, even in relatively small projects since the owner's equity in the property is the most obvious source of funding for a building project. Accountants act to study the expected monetary flow over the life of the project and to monitor the payouts throughout the process. Cost engineers and estimators apply expertise to relate the work and materials involved to a proper valuation. Cost overruns with government projects have occurred when the contractor identified change orders or project changes that increased costs, which are not subject to competition from other firms as they have already been eliminated from consideration after the initial bid.",IRRELEVANT,True,True,True
5725ee6438643c19005aceb3__5725ee6438643c19005aceb5,A,5725ee6438643c19005aceb3,What did NASA name the series seeking up to 30 more flights to Earth's orbit?,"['Apollo X', 'Apollo Extension Series']",8c238e89447c3cf2,Economic_inequality,"A number of researchers (David Rodda, Jacob Vigdor, and Janna Matlack), argue that a shortage of affordable housing – at least in the US – is caused in part by income inequality. David Rodda noted that from 1984 and 1991, the number of quality rental units decreased as the demand for higher quality housing increased (Rhoda 1994:148). Through gentrification of older neighbourhoods, for example, in East New York, rental prices increased rapidly as landlords found new residents willing to pay higher market rate for housing and left lower income families without rental units. The ad valorem property tax policy combined with rising prices made it difficult or impossible for low income residents to keep pace.",IRRELEVANT,True,True,True
5725ee6438643c19005aceb3__5725ee6438643c19005aceb5,B,5725ee6438643c19005aceb5,What planet was named for a fly-by mission by an empty S-IVB?,['Venus'],8c238e89447c3cf2,Economic_inequality,"A number of researchers (David Rodda, Jacob Vigdor, and Janna Matlack), argue that a shortage of affordable housing – at least in the US – is caused in part by income inequality. David Rodda noted that from 1984 and 1991, the number of quality rental units decreased as the demand for higher quality housing increased (Rhoda 1994:148). Through gentrification of older neighbourhoods, for example, in East New York, rental prices increased rapidly as landlords found new residents willing to pay higher market rate for housing and left lower income families without rental units. The ad valorem property tax policy combined with rising prices made it difficult or impossible for low income residents to keep pace.",IRRELEVANT,True,True,True
5725ee6438643c19005aceb3__5725ee6438643c19005aceb5,A,5725ee6438643c19005aceb3,What did NASA name the series seeking up to 30 more flights to Earth's orbit?,"['Apollo X', 'Apollo Extension Series']",1ee054960af2cb13,Normans,"From these bases, the Normans eventually captured Sicily and Malta from the Saracens, under the leadership of the famous Robert Guiscard, a Hauteville, and his younger brother Roger the Great Count. Roger's son, Roger II of Sicily, was crowned king in 1130 (exactly one century after Rainulf was ""crowned"" count) by Antipope Anacletus II. The Kingdom of Sicily lasted until 1194, when it was transferred to the House of Hohenstaufen through marriage. The Normans left their legacy in many castles, such as William Iron Arm's citadel at Squillace, and cathedrals, such as Roger II's Cappella Palatina chapel at Palermo, which dot the landscape and give a wholly distinct architectural flavor to accompany its unique history.",IRRELEVANT,True,True,True
5725ee6438643c19005aceb3__5725ee6438643c19005aceb5,B,5725ee6438643c19005aceb5,What planet was named for a fly-by mission by an empty S-IVB?,['Venus'],1ee054960af2cb13,Normans,"From these bases, the Normans eventually captured Sicily and Malta from the Saracens, under the leadership of the famous Robert Guiscard, a Hauteville, and his younger brother Roger the Great Count. Roger's son, Roger II of Sicily, was crowned king in 1130 (exactly one century after Rainulf was ""crowned"" count) by Antipope Anacletus II. The Kingdom of Sicily lasted until 1194, when it was transferred to the House of Hohenstaufen through marriage. The Normans left their legacy in many castles, such as William Iron Arm's citadel at Squillace, and cathedrals, such as Roger II's Cappella Palatina chapel at Palermo, which dot the landscape and give a wholly distinct architectural flavor to accompany its unique history.",IRRELEVANT,True,True,True
5725ee6438643c19005aceb3__5725ee6438643c19005aceb5,A,5725ee6438643c19005aceb3,What did NASA name the series seeking up to 30 more flights to Earth's orbit?,"['Apollo X', 'Apollo Extension Series']",af1de7092c5c75bf,Economic_inequality,"Another cause is the rate at which income is taxed coupled with the progressivity of the tax system. A progressive tax is a tax by which the tax rate increases as the taxable base amount increases. In a progressive tax system, the level of the top tax rate will often have a direct impact on the level of inequality within a society, either increasing it or decreasing it, provided that income does not change as a result of the change in tax regime. Additionally, steeper tax progressivity applied to social spending can result in a more equal distribution of income across the board. The difference between the Gini index for an income distribution before taxation and the Gini index after taxation is an indicator for the effects of such taxation.",IRRELEVANT,True,True,True
5725ee6438643c19005aceb3__5725ee6438643c19005aceb5,B,5725ee6438643c19005aceb5,What planet was named for a fly-by mission by an empty S-IVB?,['Venus'],af1de7092c5c75bf,Economic_inequality,"Another cause is the rate at which income is taxed coupled with the progressivity of the tax system. A progressive tax is a tax by which the tax rate increases as the taxable base amount increases. In a progressive tax system, the level of the top tax rate will often have a direct impact on the level of inequality within a society, either increasing it or decreasing it, provided that income does not change as a result of the change in tax regime. Additionally, steeper tax progressivity applied to social spending can result in a more equal distribution of income across the board. The difference between the Gini index for an income distribution before taxation and the Gini index after taxation is an indicator for the effects of such taxation.",IRRELEVANT,True,True,True
5725ee6438643c19005aceb3__5725ee6438643c19005aceb5,A,5725ee6438643c19005aceb3,What did NASA name the series seeking up to 30 more flights to Earth's orbit?,"['Apollo X', 'Apollo Extension Series']",3895e66f384dc9af,Amazon_rainforest,"Between 1991 and 2000, the total area of forest lost in the Amazon rose from 415,000 to 587,000 square kilometres (160,000 to 227,000 sq mi), with most of the lost forest becoming pasture for cattle. Seventy percent of formerly forested land in the Amazon, and 91% of land deforested since 1970, is used for livestock pasture. Currently, Brazil is the second-largest global producer of soybeans after the United States. New research however, conducted by Leydimere Oliveira et al., has shown that the more rainforest is logged in the Amazon, the less precipitation reaches the area and so the lower the yield per hectare becomes. So despite the popular perception, there has been no economical advantage for Brazil from logging rainforest zones and converting these to pastoral fields.",IRRELEVANT,True,True,True
5725ee6438643c19005aceb3__5725ee6438643c19005aceb5,B,5725ee6438643c19005aceb5,What planet was named for a fly-by mission by an empty S-IVB?,['Venus'],3895e66f384dc9af,Amazon_rainforest,"Between 1991 and 2000, the total area of forest lost in the Amazon rose from 415,000 to 587,000 square kilometres (160,000 to 227,000 sq mi), with most of the lost forest becoming pasture for cattle. Seventy percent of formerly forested land in the Amazon, and 91% of land deforested since 1970, is used for livestock pasture. Currently, Brazil is the second-largest global producer of soybeans after the United States. New research however, conducted by Leydimere Oliveira et al., has shown that the more rainforest is logged in the Amazon, the less precipitation reaches the area and so the lower the yield per hectare becomes. So despite the popular perception, there has been no economical advantage for Brazil from logging rainforest zones and converting these to pastoral fields.",IRRELEVANT,True,True,True
5725ee6438643c19005aceb3__5725ee6438643c19005aceb5,A,5725ee6438643c19005aceb3,What did NASA name the series seeking up to 30 more flights to Earth's orbit?,"['Apollo X', 'Apollo Extension Series']",8b8190fdb07a1af9,Geology,"In addition to identifying rocks in the field, petrologists identify rock samples in the laboratory. Two of the primary methods for identifying rocks in the laboratory are through optical microscopy and by using an electron microprobe. In an optical mineralogy analysis, thin sections of rock samples are analyzed through a petrographic microscope, where the minerals can be identified through their different properties in plane-polarized and cross-polarized light, including their birefringence, pleochroism, twinning, and interference properties with a conoscopic lens. In the electron microprobe, individual locations are analyzed for their exact chemical compositions and variation in composition within individual crystals. Stable and radioactive isotope studies provide insight into the geochemical evolution of rock units.",IRRELEVANT,True,True,True
5725ee6438643c19005aceb3__5725ee6438643c19005aceb5,B,5725ee6438643c19005aceb5,What planet was named for a fly-by mission by an empty S-IVB?,['Venus'],8b8190fdb07a1af9,Geology,"In addition to identifying rocks in the field, petrologists identify rock samples in the laboratory. Two of the primary methods for identifying rocks in the laboratory are through optical microscopy and by using an electron microprobe. In an optical mineralogy analysis, thin sections of rock samples are analyzed through a petrographic microscope, where the minerals can be identified through their different properties in plane-polarized and cross-polarized light, including their birefringence, pleochroism, twinning, and interference properties with a conoscopic lens. In the electron microprobe, individual locations are analyzed for their exact chemical compositions and variation in composition within individual crystals. Stable and radioactive isotope studies provide insight into the geochemical evolution of rock units.",IRRELEVANT,True,True,True
5725ee6438643c19005aceb3__5725ee6438643c19005aceb5,A,5725ee6438643c19005aceb3,What did NASA name the series seeking up to 30 more flights to Earth's orbit?,"['Apollo X', 'Apollo Extension Series']",552e521e0559cae3,Victoria_and_Albert_Museum,"With the death of Captain Francis Fowke, Royal Engineers the next architect to work at the museum was Colonel (later Major General) Henry Young Darracott Scott, also of the Royal Engineers. He designed to the north west of the garden the five-storey School for Naval Architects (also known as the science schools), now the Henry Cole Wing in 1867–72. Scott's assistant J.W. Wild designed the impressive staircase that rises the full height of the building, made from Cadeby stone the steps are 7 feet (2.1 m) in length, the balustrades and columns are Portland stone. It is now used to jointly house the prints and architectural drawings of the V&A (prints, drawings, paintings and photographs) and Royal Institute of British Architects (RIBA Drawings and Archives Collections); and the Sackler Centre for arts education, which opened in 2008.",IRRELEVANT,True,True,True
5725ee6438643c19005aceb3__5725ee6438643c19005aceb5,B,5725ee6438643c19005aceb5,What planet was named for a fly-by mission by an empty S-IVB?,['Venus'],552e521e0559cae3,Victoria_and_Albert_Museum,"With the death of Captain Francis Fowke, Royal Engineers the next architect to work at the museum was Colonel (later Major General) Henry Young Darracott Scott, also of the Royal Engineers. He designed to the north west of the garden the five-storey School for Naval Architects (also known as the science schools), now the Henry Cole Wing in 1867–72. Scott's assistant J.W. Wild designed the impressive staircase that rises the full height of the building, made from Cadeby stone the steps are 7 feet (2.1 m) in length, the balustrades and columns are Portland stone. It is now used to jointly house the prints and architectural drawings of the V&A (prints, drawings, paintings and photographs) and Royal Institute of British Architects (RIBA Drawings and Archives Collections); and the Sackler Centre for arts education, which opened in 2008.",IRRELEVANT,True,True,True
5725ee6438643c19005aceb3__5725ee6438643c19005aceb5,A,5725ee6438643c19005aceb3,What did NASA name the series seeking up to 30 more flights to Earth's orbit?,"['Apollo X', 'Apollo Extension Series']",726bcaf33d9e385e,Civil_disobedience,"One of its earliest massive implementations was brought about by Egyptians against the British occupation in the 1919 Revolution. Civil disobedience is one of the many ways people have rebelled against what they deem to be unfair laws. It has been used in many nonviolent resistance movements in India (Gandhi's campaigns for independence from the British Empire), in Czechoslovakia's Velvet Revolution and in East Germany to oust their communist governments, In South Africa in the fight against apartheid, in the American Civil Rights Movement, in the Singing Revolution to bring independence to the Baltic countries from the Soviet Union, recently with the 2003 Rose Revolution in Georgia and the 2004 Orange Revolution in Ukraine, among other various movements worldwide.",IRRELEVANT,True,True,True
5725ee6438643c19005aceb3__5725ee6438643c19005aceb5,B,5725ee6438643c19005aceb5,What planet was named for a fly-by mission by an empty S-IVB?,['Venus'],726bcaf33d9e385e,Civil_disobedience,"One of its earliest massive implementations was brought about by Egyptians against the British occupation in the 1919 Revolution. Civil disobedience is one of the many ways people have rebelled against what they deem to be unfair laws. It has been used in many nonviolent resistance movements in India (Gandhi's campaigns for independence from the British Empire), in Czechoslovakia's Velvet Revolution and in East Germany to oust their communist governments, In South Africa in the fight against apartheid, in the American Civil Rights Movement, in the Singing Revolution to bring independence to the Baltic countries from the Soviet Union, recently with the 2003 Rose Revolution in Georgia and the 2004 Orange Revolution in Ukraine, among other various movements worldwide.",IRRELEVANT,True,True,True
5725ee6438643c19005aceb3__5725ee6438643c19005aceb5,A,5725ee6438643c19005aceb3,What did NASA name the series seeking up to 30 more flights to Earth's orbit?,"['Apollo X', 'Apollo Extension Series']",288f969e9659d705,American_Broadcasting_Company,"Always in search of new programs that would help it compete with NBC and CBS, ABC's management believed that sports could be a major catalyst in improving the network's market share. On April 29, 1961, ABC debuted Wide World of Sports, an anthology series created by Edgar Scherick through his company Sports Programs, Inc. and produced by a young Roone Arledge which featured a different sporting event each broadcast. ABC purchased Sports Programs, Inc. in exchange for shares in the company, leading it to become the future core of ABC Sports, with Arledge as the executive producer of that division's shows. Wide World of Sports, in particular, was not merely devoted to a single sport, but rather to generally all sporting events.",IRRELEVANT,True,True,True
5725ee6438643c19005aceb3__5725ee6438643c19005aceb5,B,5725ee6438643c19005aceb5,What planet was named for a fly-by mission by an empty S-IVB?,['Venus'],288f969e9659d705,American_Broadcasting_Company,"Always in search of new programs that would help it compete with NBC and CBS, ABC's management believed that sports could be a major catalyst in improving the network's market share. On April 29, 1961, ABC debuted Wide World of Sports, an anthology series created by Edgar Scherick through his company Sports Programs, Inc. and produced by a young Roone Arledge which featured a different sporting event each broadcast. ABC purchased Sports Programs, Inc. in exchange for shares in the company, leading it to become the future core of ABC Sports, with Arledge as the executive producer of that division's shows. Wide World of Sports, in particular, was not merely devoted to a single sport, but rather to generally all sporting events.",IRRELEVANT,True,True,True
5725ee6438643c19005aceb3__5725ee6438643c19005aceb5,A,5725ee6438643c19005aceb3,What did NASA name the series seeking up to 30 more flights to Earth's orbit?,"['Apollo X', 'Apollo Extension Series']",ef18442bdf437b3b,Private_school,"The other category of schools are those run and partly or fully funded by private individuals, private organizations and religious groups. The ones that accept government funds are called 'aided' schools. The private 'un-aided' schools are fully funded by private parties. The standard and the quality of education is quite high. Technically, these would be categorized as private schools, but many of them have the name ""Public School"" appended to them, e.g., the Galaxy Public School in Kathmandu. Most of the middle-class families send their children to such schools, which might be in their own city or far off, like boarding schools. The medium of education is English, but as a compulsory subject, Nepali and/or the state's official language is also taught. Preschool education is mostly limited to organized neighbourhood nursery schools.",IRRELEVANT,True,True,True
5725ee6438643c19005aceb3__5725ee6438643c19005aceb5,B,5725ee6438643c19005aceb5,What planet was named for a fly-by mission by an empty S-IVB?,['Venus'],ef18442bdf437b3b,Private_school,"The other category of schools are those run and partly or fully funded by private individuals, private organizations and religious groups. The ones that accept government funds are called 'aided' schools. The private 'un-aided' schools are fully funded by private parties. The standard and the quality of education is quite high. Technically, these would be categorized as private schools, but many of them have the name ""Public School"" appended to them, e.g., the Galaxy Public School in Kathmandu. Most of the middle-class families send their children to such schools, which might be in their own city or far off, like boarding schools. The medium of education is English, but as a compulsory subject, Nepali and/or the state's official language is also taught. Preschool education is mostly limited to organized neighbourhood nursery schools.",IRRELEVANT,True,True,True
5725ee6438643c19005aceb3__5725ee6438643c19005aceb5,A,5725ee6438643c19005aceb3,What did NASA name the series seeking up to 30 more flights to Earth's orbit?,"['Apollo X', 'Apollo Extension Series']",7a964e744589792d,Pharmacy,"Consultant pharmacy practice focuses more on medication regimen review (i.e. ""cognitive services"") than on actual dispensing of drugs. Consultant pharmacists most typically work in nursing homes, but are increasingly branching into other institutions and non-institutional settings. Traditionally consultant pharmacists were usually independent business owners, though in the United States many now work for several large pharmacy management companies (primarily Omnicare, Kindred Healthcare and PharMerica). This trend may be gradually reversing as consultant pharmacists begin to work directly with patients, primarily because many elderly people are now taking numerous medications but continue to live outside of institutional settings. Some community pharmacies employ consultant pharmacists and/or provide consulting services.",IRRELEVANT,True,True,True
5725ee6438643c19005aceb3__5725ee6438643c19005aceb5,B,5725ee6438643c19005aceb5,What planet was named for a fly-by mission by an empty S-IVB?,['Venus'],7a964e744589792d,Pharmacy,"Consultant pharmacy practice focuses more on medication regimen review (i.e. ""cognitive services"") than on actual dispensing of drugs. Consultant pharmacists most typically work in nursing homes, but are increasingly branching into other institutions and non-institutional settings. Traditionally consultant pharmacists were usually independent business owners, though in the United States many now work for several large pharmacy management companies (primarily Omnicare, Kindred Healthcare and PharMerica). This trend may be gradually reversing as consultant pharmacists begin to work directly with patients, primarily because many elderly people are now taking numerous medications but continue to live outside of institutional settings. Some community pharmacies employ consultant pharmacists and/or provide consulting services.",IRRELEVANT,True,True,True
5725ee6438643c19005aceb3__5725ee6438643c19005aceb5,A,5725ee6438643c19005aceb3,What did NASA name the series seeking up to 30 more flights to Earth's orbit?,"['Apollo X', 'Apollo Extension Series']",3d913b06d94a0237,"Jacksonville,_Florida","Jacksonville, like most large cities in the United States, suffered from negative effects of rapid urban sprawl after World War II. The construction of highways led residents to move to newer housing in the suburbs. After World War II, the government of the city of Jacksonville began to increase spending to fund new public building projects in the boom that occurred after the war. Mayor W. Haydon Burns' Jacksonville Story resulted in the construction of a new city hall, civic auditorium, public library and other projects that created a dynamic sense of civic pride. However, the development of suburbs and a subsequent wave of middle class ""white flight"" left Jacksonville with a much poorer population than before. The city's most populous ethnic group, non-Hispanic white, declined from 75.8% in 1970 to 55.1% by 2010.",IRRELEVANT,True,True,True
5725ee6438643c19005aceb3__5725ee6438643c19005aceb5,B,5725ee6438643c19005aceb5,What planet was named for a fly-by mission by an empty S-IVB?,['Venus'],3d913b06d94a0237,"Jacksonville,_Florida","Jacksonville, like most large cities in the United States, suffered from negative effects of rapid urban sprawl after World War II. The construction of highways led residents to move to newer housing in the suburbs. After World War II, the government of the city of Jacksonville began to increase spending to fund new public building projects in the boom that occurred after the war. Mayor W. Haydon Burns' Jacksonville Story resulted in the construction of a new city hall, civic auditorium, public library and other projects that created a dynamic sense of civic pride. However, the development of suburbs and a subsequent wave of middle class ""white flight"" left Jacksonville with a much poorer population than before. The city's most populous ethnic group, non-Hispanic white, declined from 75.8% in 1970 to 55.1% by 2010.",IRRELEVANT,True,True,True
5725ee6438643c19005aceb3__5725ee6438643c19005aceb5,A,5725ee6438643c19005aceb3,What did NASA name the series seeking up to 30 more flights to Earth's orbit?,"['Apollo X', 'Apollo Extension Series']",0c60fccfa0a5891c,Force,"The origin of electric and magnetic fields would not be fully explained until 1864 when James Clerk Maxwell unified a number of earlier theories into a set of 20 scalar equations, which were later reformulated into 4 vector equations by Oliver Heaviside and Josiah Willard Gibbs. These ""Maxwell Equations"" fully described the sources of the fields as being stationary and moving charges, and the interactions of the fields themselves. This led Maxwell to discover that electric and magnetic fields could be ""self-generating"" through a wave that traveled at a speed that he calculated to be the speed of light. This insight united the nascent fields of electromagnetic theory with optics and led directly to a complete description of the electromagnetic spectrum.",IRRELEVANT,True,True,True
5725ee6438643c19005aceb3__5725ee6438643c19005aceb5,B,5725ee6438643c19005aceb5,What planet was named for a fly-by mission by an empty S-IVB?,['Venus'],0c60fccfa0a5891c,Force,"The origin of electric and magnetic fields would not be fully explained until 1864 when James Clerk Maxwell unified a number of earlier theories into a set of 20 scalar equations, which were later reformulated into 4 vector equations by Oliver Heaviside and Josiah Willard Gibbs. These ""Maxwell Equations"" fully described the sources of the fields as being stationary and moving charges, and the interactions of the fields themselves. This led Maxwell to discover that electric and magnetic fields could be ""self-generating"" through a wave that traveled at a speed that he calculated to be the speed of light. This insight united the nascent fields of electromagnetic theory with optics and led directly to a complete description of the electromagnetic spectrum.",IRRELEVANT,True,True,True
5725ee6438643c19005aceb3__5725ee6438643c19005aceb5,A,5725ee6438643c19005aceb3,What did NASA name the series seeking up to 30 more flights to Earth's orbit?,"['Apollo X', 'Apollo Extension Series']",eeac0079e1db12cf,American_Broadcasting_Company,"With the 2011 cancellation of Supernanny, Extreme Makeover: Home Edition became the only remaining program on the network's schedule that was broadcast in 4:3 standard definition. All of the network's programming has been presented in HD since January 2012 (with the exception of certain holiday specials produced prior to 2005 – such as the Peanuts specials and Rudolph's Shiny New Year – which continue to be presented in 4:3 SD), when Extreme Makeover: Home Edition ended its run as a regular series and One Life to Live (which had been presented in 16:9 standard definition since 2010) also ended its ABC run. The affiliate-syndicated Saturday morning E/I block Litton's Weekend Aventure is also broadcast in HD, and was the first children's program block on any U.S. broadcast network to feature programs available in the format upon its September 2011 debut.",IRRELEVANT,True,True,True
5725ee6438643c19005aceb3__5725ee6438643c19005aceb5,B,5725ee6438643c19005aceb5,What planet was named for a fly-by mission by an empty S-IVB?,['Venus'],eeac0079e1db12cf,American_Broadcasting_Company,"With the 2011 cancellation of Supernanny, Extreme Makeover: Home Edition became the only remaining program on the network's schedule that was broadcast in 4:3 standard definition. All of the network's programming has been presented in HD since January 2012 (with the exception of certain holiday specials produced prior to 2005 – such as the Peanuts specials and Rudolph's Shiny New Year – which continue to be presented in 4:3 SD), when Extreme Makeover: Home Edition ended its run as a regular series and One Life to Live (which had been presented in 16:9 standard definition since 2010) also ended its ABC run. The affiliate-syndicated Saturday morning E/I block Litton's Weekend Aventure is also broadcast in HD, and was the first children's program block on any U.S. broadcast network to feature programs available in the format upon its September 2011 debut.",IRRELEVANT,True,True,True
5725ee6438643c19005aceb3__5725ee6438643c19005aceb5,A,5725ee6438643c19005aceb3,What did NASA name the series seeking up to 30 more flights to Earth's orbit?,"['Apollo X', 'Apollo Extension Series']",8858021b6f7ccadc,Teacher,"In the United States, each state determines the requirements for getting a license to teach in public schools. Teaching certification generally lasts three years, but teachers can receive certificates that last as long as ten years. Public school teachers are required to have a bachelor's degree and the majority must be certified by the state in which they teach. Many charter schools do not require that their teachers be certified, provided they meet the standards to be highly qualified as set by No Child Left Behind. Additionally, the requirements for substitute/temporary teachers are generally not as rigorous as those for full-time professionals. The Bureau of Labor Statistics estimates that there are 1.4 million elementary school teachers, 674,000 middle school teachers, and 1 million secondary school teachers employed in the U.S.",IRRELEVANT,True,True,True
5725ee6438643c19005aceb3__5725ee6438643c19005aceb5,B,5725ee6438643c19005aceb5,What planet was named for a fly-by mission by an empty S-IVB?,['Venus'],8858021b6f7ccadc,Teacher,"In the United States, each state determines the requirements for getting a license to teach in public schools. Teaching certification generally lasts three years, but teachers can receive certificates that last as long as ten years. Public school teachers are required to have a bachelor's degree and the majority must be certified by the state in which they teach. Many charter schools do not require that their teachers be certified, provided they meet the standards to be highly qualified as set by No Child Left Behind. Additionally, the requirements for substitute/temporary teachers are generally not as rigorous as those for full-time professionals. The Bureau of Labor Statistics estimates that there are 1.4 million elementary school teachers, 674,000 middle school teachers, and 1 million secondary school teachers employed in the U.S.",IRRELEVANT,True,True,True
5725ee6438643c19005aceb3__5725ee6438643c19005aceb5,A,5725ee6438643c19005aceb3,What did NASA name the series seeking up to 30 more flights to Earth's orbit?,"['Apollo X', 'Apollo Extension Series']",29f286e9587898e2,Steam_engine,"The simplest valve gears give events of fixed length during the engine cycle and often make the engine rotate in only one direction. Most however have a reversing mechanism which additionally can provide means for saving steam as speed and momentum are gained by gradually ""shortening the cutoff"" or rather, shortening the admission event; this in turn proportionately lengthens the expansion period. However, as one and the same valve usually controls both steam flows, a short cutoff at admission adversely affects the exhaust and compression periods which should ideally always be kept fairly constant; if the exhaust event is too brief, the totality of the exhaust steam cannot evacuate the cylinder, choking it and giving excessive compression (""kick back"").[citation needed]",IRRELEVANT,True,True,True
5725ee6438643c19005aceb3__5725ee6438643c19005aceb5,B,5725ee6438643c19005aceb5,What planet was named for a fly-by mission by an empty S-IVB?,['Venus'],29f286e9587898e2,Steam_engine,"The simplest valve gears give events of fixed length during the engine cycle and often make the engine rotate in only one direction. Most however have a reversing mechanism which additionally can provide means for saving steam as speed and momentum are gained by gradually ""shortening the cutoff"" or rather, shortening the admission event; this in turn proportionately lengthens the expansion period. However, as one and the same valve usually controls both steam flows, a short cutoff at admission adversely affects the exhaust and compression periods which should ideally always be kept fairly constant; if the exhaust event is too brief, the totality of the exhaust steam cannot evacuate the cylinder, choking it and giving excessive compression (""kick back"").[citation needed]",IRRELEVANT,True,True,True
5725ee6438643c19005aceb3__5725ee6438643c19005aceb5,A,5725ee6438643c19005aceb3,What did NASA name the series seeking up to 30 more flights to Earth's orbit?,"['Apollo X', 'Apollo Extension Series']",759908655a101e3b,Martin_Luther,"In the summer of 1521, Luther widened his target from individual pieties like indulgences and pilgrimages to doctrines at the heart of Church practices. In On the Abrogation of the Private Mass, he condemned as idolatry the idea that the mass is a sacrifice, asserting instead that it is a gift, to be received with thanksgiving by the whole congregation. His essay On Confession, Whether the Pope has the Power to Require It rejected compulsory confession and encouraged private confession and absolution, since ""every Christian is a confessor."" In November, Luther wrote The Judgement of Martin Luther on Monastic Vows. He assured monks and nuns that they could break their vows without sin, because vows were an illegitimate and vain attempt to win salvation.",IRRELEVANT,True,True,True
5725ee6438643c19005aceb3__5725ee6438643c19005aceb5,B,5725ee6438643c19005aceb5,What planet was named for a fly-by mission by an empty S-IVB?,['Venus'],759908655a101e3b,Martin_Luther,"In the summer of 1521, Luther widened his target from individual pieties like indulgences and pilgrimages to doctrines at the heart of Church practices. In On the Abrogation of the Private Mass, he condemned as idolatry the idea that the mass is a sacrifice, asserting instead that it is a gift, to be received with thanksgiving by the whole congregation. His essay On Confession, Whether the Pope has the Power to Require It rejected compulsory confession and encouraged private confession and absolution, since ""every Christian is a confessor."" In November, Luther wrote The Judgement of Martin Luther on Monastic Vows. He assured monks and nuns that they could break their vows without sin, because vows were an illegitimate and vain attempt to win salvation.",IRRELEVANT,True,True,True
5725ee6438643c19005aceb3__5725ee6438643c19005aceb5,A,5725ee6438643c19005aceb3,What did NASA name the series seeking up to 30 more flights to Earth's orbit?,"['Apollo X', 'Apollo Extension Series']",836b77d80ac56138,Victoria_and_Albert_Museum,"The collection includes about 1130 British and 650 European oil paintings, 6800 British watercolours, pastels and 2000 miniatures, for which the museum holds the national collection. Also on loan to the museum, from Her Majesty the Queen Elizabeth II, are the Raphael Cartoons: the seven surviving (there were ten) full scale designs for tapestries in the Sistine Chapel, of the lives of Peter and Paul from the Gospels and the Acts of the Apostles. There is also on display a fresco by Pietro Perugino dated 1522 from the church of Castello at Fontignano (Perugia) and is amongst the painter's last works. One of the largest objects in the collection is the Spanish tempera on wood, 670 x 486 cm, retable of St George, c. 1400, consisting of numerous scenes and painted by Andrés Marzal De Sax in Valencia.",IRRELEVANT,True,True,True
5725ee6438643c19005aceb3__5725ee6438643c19005aceb5,B,5725ee6438643c19005aceb5,What planet was named for a fly-by mission by an empty S-IVB?,['Venus'],836b77d80ac56138,Victoria_and_Albert_Museum,"The collection includes about 1130 British and 650 European oil paintings, 6800 British watercolours, pastels and 2000 miniatures, for which the museum holds the national collection. Also on loan to the museum, from Her Majesty the Queen Elizabeth II, are the Raphael Cartoons: the seven surviving (there were ten) full scale designs for tapestries in the Sistine Chapel, of the lives of Peter and Paul from the Gospels and the Acts of the Apostles. There is also on display a fresco by Pietro Perugino dated 1522 from the church of Castello at Fontignano (Perugia) and is amongst the painter's last works. One of the largest objects in the collection is the Spanish tempera on wood, 670 x 486 cm, retable of St George, c. 1400, consisting of numerous scenes and painted by Andrés Marzal De Sax in Valencia.",IRRELEVANT,True,True,True
572fbf21a23a5019007fc937__572fbf21a23a5019007fc93a,A,572fbf21a23a5019007fc937,What is the parliamentary mace made of?,"['silver', 'silver and inlaid with gold']",7e56efa7fa5e85dc,Immune_system,"Evolution of the adaptive immune system occurred in an ancestor of the jawed vertebrates. Many of the classical molecules of the adaptive immune system (e.g., immunoglobulins and T cell receptors) exist only in jawed vertebrates. However, a distinct lymphocyte-derived molecule has been discovered in primitive jawless vertebrates, such as the lamprey and hagfish. These animals possess a large array of molecules called Variable lymphocyte receptors (VLRs) that, like the antigen receptors of jawed vertebrates, are produced from only a small number (one or two) of genes. These molecules are believed to bind pathogenic antigens in a similar way to antibodies, and with the same degree of specificity.",IRRELEVANT,True,True,True
572fbf21a23a5019007fc937__572fbf21a23a5019007fc93a,B,572fbf21a23a5019007fc93a,Who presented the mac to the Scottish Parliament when it was initially opened?,['the Queen'],7e56efa7fa5e85dc,Immune_system,"Evolution of the adaptive immune system occurred in an ancestor of the jawed vertebrates. Many of the classical molecules of the adaptive immune system (e.g., immunoglobulins and T cell receptors) exist only in jawed vertebrates. However, a distinct lymphocyte-derived molecule has been discovered in primitive jawless vertebrates, such as the lamprey and hagfish. These animals possess a large array of molecules called Variable lymphocyte receptors (VLRs) that, like the antigen receptors of jawed vertebrates, are produced from only a small number (one or two) of genes. These molecules are believed to bind pathogenic antigens in a similar way to antibodies, and with the same degree of specificity.",IRRELEVANT,True,True,True
572fbf21a23a5019007fc937__572fbf21a23a5019007fc93a,A,572fbf21a23a5019007fc937,What is the parliamentary mace made of?,"['silver', 'silver and inlaid with gold']",370701c2552aa54b,Teacher,"The objective is typically accomplished through either an informal or formal approach to learning, including a course of study and lesson plan that teaches skills, knowledge and/or thinking skills. Different ways to teach are often referred to as pedagogy. When deciding what teaching method to use teachers consider students' background knowledge, environment, and their learning goals as well as standardized curricula as determined by the relevant authority. Many times, teachers assist in learning outside of the classroom by accompanying students on field trips. The increasing use of technology, specifically the rise of the internet over the past decade, has begun to shape the way teachers approach their roles in the classroom.",IRRELEVANT,True,True,True
572fbf21a23a5019007fc937__572fbf21a23a5019007fc93a,B,572fbf21a23a5019007fc93a,Who presented the mac to the Scottish Parliament when it was initially opened?,['the Queen'],370701c2552aa54b,Teacher,"The objective is typically accomplished through either an informal or formal approach to learning, including a course of study and lesson plan that teaches skills, knowledge and/or thinking skills. Different ways to teach are often referred to as pedagogy. When deciding what teaching method to use teachers consider students' background knowledge, environment, and their learning goals as well as standardized curricula as determined by the relevant authority. Many times, teachers assist in learning outside of the classroom by accompanying students on field trips. The increasing use of technology, specifically the rise of the internet over the past decade, has begun to shape the way teachers approach their roles in the classroom.",IRRELEVANT,True,True,True
572fbf21a23a5019007fc937__572fbf21a23a5019007fc93a,A,572fbf21a23a5019007fc937,What is the parliamentary mace made of?,"['silver', 'silver and inlaid with gold']",79f6c6a629474ccf,Martin_Luther,"Luther justified his opposition to the rebels on three grounds. First, in choosing violence over lawful submission to the secular government, they were ignoring Christ's counsel to ""Render unto Caesar the things that are Caesar's""; St. Paul had written in his epistle to the Romans 13:1–7 that all authorities are appointed by God and therefore should not be resisted. This reference from the Bible forms the foundation for the doctrine known as the Divine Right of Kings, or, in the German case, the divine right of the princes. Second, the violent actions of rebelling, robbing, and plundering placed the peasants ""outside the law of God and Empire"", so they deserved ""death in body and soul, if only as highwaymen and murderers."" Lastly, Luther charged the rebels with blasphemy for calling themselves ""Christian brethren"" and committing their sinful acts under the banner of the Gospel.",IRRELEVANT,True,True,True
572fbf21a23a5019007fc937__572fbf21a23a5019007fc93a,B,572fbf21a23a5019007fc93a,Who presented the mac to the Scottish Parliament when it was initially opened?,['the Queen'],79f6c6a629474ccf,Martin_Luther,"Luther justified his opposition to the rebels on three grounds. First, in choosing violence over lawful submission to the secular government, they were ignoring Christ's counsel to ""Render unto Caesar the things that are Caesar's""; St. Paul had written in his epistle to the Romans 13:1–7 that all authorities are appointed by God and therefore should not be resisted. This reference from the Bible forms the foundation for the doctrine known as the Divine Right of Kings, or, in the German case, the divine right of the princes. Second, the violent actions of rebelling, robbing, and plundering placed the peasants ""outside the law of God and Empire"", so they deserved ""death in body and soul, if only as highwaymen and murderers."" Lastly, Luther charged the rebels with blasphemy for calling themselves ""Christian brethren"" and committing their sinful acts under the banner of the Gospel.",IRRELEVANT,True,True,True
572fbf21a23a5019007fc937__572fbf21a23a5019007fc93a,A,572fbf21a23a5019007fc937,What is the parliamentary mace made of?,"['silver', 'silver and inlaid with gold']",36476aaf2aea4f79,Oxygen,"By the late 19th century scientists realized that air could be liquefied, and its components isolated, by compressing and cooling it. Using a cascade method, Swiss chemist and physicist Raoul Pierre Pictet evaporated liquid sulfur dioxide in order to liquefy carbon dioxide, which in turn was evaporated to cool oxygen gas enough to liquefy it. He sent a telegram on December 22, 1877 to the French Academy of Sciences in Paris announcing his discovery of liquid oxygen. Just two days later, French physicist Louis Paul Cailletet announced his own method of liquefying molecular oxygen. Only a few drops of the liquid were produced in either case so no meaningful analysis could be conducted. Oxygen was liquified in stable state for the first time on March 29, 1883 by Polish scientists from Jagiellonian University, Zygmunt Wróblewski and Karol Olszewski.",IRRELEVANT,True,True,True
572fbf21a23a5019007fc937__572fbf21a23a5019007fc93a,B,572fbf21a23a5019007fc93a,Who presented the mac to the Scottish Parliament when it was initially opened?,['the Queen'],36476aaf2aea4f79,Oxygen,"By the late 19th century scientists realized that air could be liquefied, and its components isolated, by compressing and cooling it. Using a cascade method, Swiss chemist and physicist Raoul Pierre Pictet evaporated liquid sulfur dioxide in order to liquefy carbon dioxide, which in turn was evaporated to cool oxygen gas enough to liquefy it. He sent a telegram on December 22, 1877 to the French Academy of Sciences in Paris announcing his discovery of liquid oxygen. Just two days later, French physicist Louis Paul Cailletet announced his own method of liquefying molecular oxygen. Only a few drops of the liquid were produced in either case so no meaningful analysis could be conducted. Oxygen was liquified in stable state for the first time on March 29, 1883 by Polish scientists from Jagiellonian University, Zygmunt Wróblewski and Karol Olszewski.",IRRELEVANT,True,True,True
572fbf21a23a5019007fc937__572fbf21a23a5019007fc93a,A,572fbf21a23a5019007fc937,What is the parliamentary mace made of?,"['silver', 'silver and inlaid with gold']",a9aa300c8df315ff,Victoria_and_Albert_Museum,"The Victoria and Albert Museum (often abbreviated as the V&A), London, is the world's largest museum of decorative arts and design, housing a permanent collection of over 4.5 million objects. It was founded in 1852 and named after Queen Victoria and Prince Albert. The V&A is located in the Brompton district of the Royal Borough of Kensington and Chelsea, in an area that has become known as ""Albertopolis"" because of its association with Prince Albert, the Albert Memorial and the major cultural institutions with which he was associated. These include the Natural History Museum, the Science Museum and the Royal Albert Hall. The museum is a non-departmental public body sponsored by the Department for Culture, Media and Sport. Like other national British museums, entrance to the museum has been free since 2001.",IRRELEVANT,True,True,True
572fbf21a23a5019007fc937__572fbf21a23a5019007fc93a,B,572fbf21a23a5019007fc93a,Who presented the mac to the Scottish Parliament when it was initially opened?,['the Queen'],a9aa300c8df315ff,Victoria_and_Albert_Museum,"The Victoria and Albert Museum (often abbreviated as the V&A), London, is the world's largest museum of decorative arts and design, housing a permanent collection of over 4.5 million objects. It was founded in 1852 and named after Queen Victoria and Prince Albert. The V&A is located in the Brompton district of the Royal Borough of Kensington and Chelsea, in an area that has become known as ""Albertopolis"" because of its association with Prince Albert, the Albert Memorial and the major cultural institutions with which he was associated. These include the Natural History Museum, the Science Museum and the Royal Albert Hall. The museum is a non-departmental public body sponsored by the Department for Culture, Media and Sport. Like other national British museums, entrance to the museum has been free since 2001.",IRRELEVANT,True,True,True
572fbf21a23a5019007fc937__572fbf21a23a5019007fc93a,A,572fbf21a23a5019007fc937,What is the parliamentary mace made of?,"['silver', 'silver and inlaid with gold']",fbc28ab618de17aa,Oxygen,"Highly combustible materials that leave little residue, such as wood or coal, were thought to be made mostly of phlogiston; whereas non-combustible substances that corrode, such as iron, contained very little. Air did not play a role in phlogiston theory, nor were any initial quantitative experiments conducted to test the idea; instead, it was based on observations of what happens when something burns, that most common objects appear to become lighter and seem to lose something in the process. The fact that a substance like wood gains overall weight in burning was hidden by the buoyancy of the gaseous combustion products. Indeed, one of the first clues that the phlogiston theory was incorrect was that metals, too, gain weight in rusting (when they were supposedly losing phlogiston).",IRRELEVANT,True,True,True
572fbf21a23a5019007fc937__572fbf21a23a5019007fc93a,B,572fbf21a23a5019007fc93a,Who presented the mac to the Scottish Parliament when it was initially opened?,['the Queen'],fbc28ab618de17aa,Oxygen,"Highly combustible materials that leave little residue, such as wood or coal, were thought to be made mostly of phlogiston; whereas non-combustible substances that corrode, such as iron, contained very little. Air did not play a role in phlogiston theory, nor were any initial quantitative experiments conducted to test the idea; instead, it was based on observations of what happens when something burns, that most common objects appear to become lighter and seem to lose something in the process. The fact that a substance like wood gains overall weight in burning was hidden by the buoyancy of the gaseous combustion products. Indeed, one of the first clues that the phlogiston theory was incorrect was that metals, too, gain weight in rusting (when they were supposedly losing phlogiston).",IRRELEVANT,True,True,True
572fbf21a23a5019007fc937__572fbf21a23a5019007fc93a,A,572fbf21a23a5019007fc937,What is the parliamentary mace made of?,"['silver', 'silver and inlaid with gold']",45ee0ac66a9825c1,United_Methodist_Church,"Richard Allen and Absalom Jones became the first African Americans ordained by the Methodist Church. They were licensed by St. George's Church in 1784. Three years later, protesting racial segregation in the worship services, Allen led most of the black members out of St. George's; eventually they founded the Mother Bethel A.M.E. Church and the African Methodist Episcopal denomination. Absalom Jones became an Episcopal priest. In 1836, the church's basement was excavated to make room for a Sunday School. In the 1920s a court case saved the church from being demolished to make way for the Benjamin Franklin Bridge. The case resulted in the bridge being relocated. Historic St Georges welcomes visitors and is home to archives and a museum on Methodism.",IRRELEVANT,True,True,True
572fbf21a23a5019007fc937__572fbf21a23a5019007fc93a,B,572fbf21a23a5019007fc93a,Who presented the mac to the Scottish Parliament when it was initially opened?,['the Queen'],45ee0ac66a9825c1,United_Methodist_Church,"Richard Allen and Absalom Jones became the first African Americans ordained by the Methodist Church. They were licensed by St. George's Church in 1784. Three years later, protesting racial segregation in the worship services, Allen led most of the black members out of St. George's; eventually they founded the Mother Bethel A.M.E. Church and the African Methodist Episcopal denomination. Absalom Jones became an Episcopal priest. In 1836, the church's basement was excavated to make room for a Sunday School. In the 1920s a court case saved the church from being demolished to make way for the Benjamin Franklin Bridge. The case resulted in the bridge being relocated. Historic St Georges welcomes visitors and is home to archives and a museum on Methodism.",IRRELEVANT,True,True,True
572fbf21a23a5019007fc937__572fbf21a23a5019007fc93a,A,572fbf21a23a5019007fc937,What is the parliamentary mace made of?,"['silver', 'silver and inlaid with gold']",8858021b6f7ccadc,Teacher,"In the United States, each state determines the requirements for getting a license to teach in public schools. Teaching certification generally lasts three years, but teachers can receive certificates that last as long as ten years. Public school teachers are required to have a bachelor's degree and the majority must be certified by the state in which they teach. Many charter schools do not require that their teachers be certified, provided they meet the standards to be highly qualified as set by No Child Left Behind. Additionally, the requirements for substitute/temporary teachers are generally not as rigorous as those for full-time professionals. The Bureau of Labor Statistics estimates that there are 1.4 million elementary school teachers, 674,000 middle school teachers, and 1 million secondary school teachers employed in the U.S.",IRRELEVANT,True,True,True
572fbf21a23a5019007fc937__572fbf21a23a5019007fc93a,B,572fbf21a23a5019007fc93a,Who presented the mac to the Scottish Parliament when it was initially opened?,['the Queen'],8858021b6f7ccadc,Teacher,"In the United States, each state determines the requirements for getting a license to teach in public schools. Teaching certification generally lasts three years, but teachers can receive certificates that last as long as ten years. Public school teachers are required to have a bachelor's degree and the majority must be certified by the state in which they teach. Many charter schools do not require that their teachers be certified, provided they meet the standards to be highly qualified as set by No Child Left Behind. Additionally, the requirements for substitute/temporary teachers are generally not as rigorous as those for full-time professionals. The Bureau of Labor Statistics estimates that there are 1.4 million elementary school teachers, 674,000 middle school teachers, and 1 million secondary school teachers employed in the U.S.",IRRELEVANT,True,True,True
572fbf21a23a5019007fc937__572fbf21a23a5019007fc93a,A,572fbf21a23a5019007fc937,What is the parliamentary mace made of?,"['silver', 'silver and inlaid with gold']",4f8e58197a375a87,American_Broadcasting_Company,"The network began running into some trouble in the ratings by 2010. That year, the sixth and final season of Lost became the drama's lowest-rated season since its debut in 2004. Ratings for the once-instant hit Ugly Betty collapsed dramatically after it was moved to Fridays at the start of its fourth season in the fall of 2009; an attempt to boost ratings by moving the dramedy to Wednesdays failed, with its ultimate cancellation by the network eliciting negative reaction from the public, and particularly the show's fanbase. With the network's two former hit shows now out of the picture, the network's remaining top veteran shows Desperate Housewives and Grey's Anatomy, and another hit drama Brothers & Sisters, all ended the 2009–10 season recorded their lowest ratings ever.",IRRELEVANT,True,True,True
572fbf21a23a5019007fc937__572fbf21a23a5019007fc93a,B,572fbf21a23a5019007fc93a,Who presented the mac to the Scottish Parliament when it was initially opened?,['the Queen'],4f8e58197a375a87,American_Broadcasting_Company,"The network began running into some trouble in the ratings by 2010. That year, the sixth and final season of Lost became the drama's lowest-rated season since its debut in 2004. Ratings for the once-instant hit Ugly Betty collapsed dramatically after it was moved to Fridays at the start of its fourth season in the fall of 2009; an attempt to boost ratings by moving the dramedy to Wednesdays failed, with its ultimate cancellation by the network eliciting negative reaction from the public, and particularly the show's fanbase. With the network's two former hit shows now out of the picture, the network's remaining top veteran shows Desperate Housewives and Grey's Anatomy, and another hit drama Brothers & Sisters, all ended the 2009–10 season recorded their lowest ratings ever.",IRRELEVANT,True,True,True
572fbf21a23a5019007fc937__572fbf21a23a5019007fc93a,A,572fbf21a23a5019007fc937,What is the parliamentary mace made of?,"['silver', 'silver and inlaid with gold']",0fe75e03f80f9b25,1973_oil_crisis,"Although lacking historical connections to the Middle East, Japan was the country most dependent on Arab oil. 71% of its imported oil came from the Middle East in 1970. On November 7, 1973, the Saudi and Kuwaiti governments declared Japan a ""nonfriendly"" country to encourage it to change its noninvolvement policy. It received a 5% production cut in December, causing a panic. On November 22, Japan issued a statement ""asserting that Israel should withdraw from all of the 1967 territories, advocating Palestinian self-determination, and threatening to reconsider its policy toward Israel if Israel refused to accept these preconditions"". By December 25, Japan was considered an Arab-friendly state.",IRRELEVANT,True,True,True
572fbf21a23a5019007fc937__572fbf21a23a5019007fc93a,B,572fbf21a23a5019007fc93a,Who presented the mac to the Scottish Parliament when it was initially opened?,['the Queen'],0fe75e03f80f9b25,1973_oil_crisis,"Although lacking historical connections to the Middle East, Japan was the country most dependent on Arab oil. 71% of its imported oil came from the Middle East in 1970. On November 7, 1973, the Saudi and Kuwaiti governments declared Japan a ""nonfriendly"" country to encourage it to change its noninvolvement policy. It received a 5% production cut in December, causing a panic. On November 22, Japan issued a statement ""asserting that Israel should withdraw from all of the 1967 territories, advocating Palestinian self-determination, and threatening to reconsider its policy toward Israel if Israel refused to accept these preconditions"". By December 25, Japan was considered an Arab-friendly state.",IRRELEVANT,True,True,True
572fbf21a23a5019007fc937__572fbf21a23a5019007fc93a,A,572fbf21a23a5019007fc937,What is the parliamentary mace made of?,"['silver', 'silver and inlaid with gold']",7b2988701ce5a5fc,Victoria_and_Albert_Museum,"The smaller galleries cover Korea, the Himalayan kingdoms and South East Asia. Korean displays include green-glazed ceramics, silk embroideries from officials' robes and gleaming boxes inlaid with mother-of-pearl made between 500 AD and 2000. Himalayan items include important early Nepalese bronze sculptures, repoussé work and embroidery. Tibetan art from the 14th to the 19th century is represented by notable 14th- and 15th-century religious images in wood and bronze, scroll paintings and ritual objects. Art from Thailand, Burma, Cambodia, Indonesia and Sri Lanka in gold, silver, bronze, stone, terracotta and ivory represents these rich and complex cultures, the displays span the 6th to 19th centuries. Refined Hindu and Buddhist sculptures reflect the influence of India; items on show include betel-nut cutters, ivory combs and bronze palanquin hooks.",IRRELEVANT,True,True,True
572fbf21a23a5019007fc937__572fbf21a23a5019007fc93a,B,572fbf21a23a5019007fc93a,Who presented the mac to the Scottish Parliament when it was initially opened?,['the Queen'],7b2988701ce5a5fc,Victoria_and_Albert_Museum,"The smaller galleries cover Korea, the Himalayan kingdoms and South East Asia. Korean displays include green-glazed ceramics, silk embroideries from officials' robes and gleaming boxes inlaid with mother-of-pearl made between 500 AD and 2000. Himalayan items include important early Nepalese bronze sculptures, repoussé work and embroidery. Tibetan art from the 14th to the 19th century is represented by notable 14th- and 15th-century religious images in wood and bronze, scroll paintings and ritual objects. Art from Thailand, Burma, Cambodia, Indonesia and Sri Lanka in gold, silver, bronze, stone, terracotta and ivory represents these rich and complex cultures, the displays span the 6th to 19th centuries. Refined Hindu and Buddhist sculptures reflect the influence of India; items on show include betel-nut cutters, ivory combs and bronze palanquin hooks.",IRRELEVANT,True,True,True
572fbf21a23a5019007fc937__572fbf21a23a5019007fc93a,A,572fbf21a23a5019007fc937,What is the parliamentary mace made of?,"['silver', 'silver and inlaid with gold']",e195ac114b1e4e97,Ctenophora,"The largest single sensory feature is the aboral organ (at the opposite end from the mouth). Its main component is a statocyst, a balance sensor consisting of a statolith, a solid particle supported on four bundles of cilia, called ""balancers"", that sense its orientation. The statocyst is protected by a transparent dome made of long, immobile cilia. A ctenophore does not automatically try to keep the statolith resting equally on all the balancers. Instead its response is determined by the animal's ""mood"", in other words the overall state of the nervous system. For example, if a ctenophore with trailing tentacles captures prey, it will often put some comb rows into reverse, spinning the mouth towards the prey.",IRRELEVANT,True,True,True
572fbf21a23a5019007fc937__572fbf21a23a5019007fc93a,B,572fbf21a23a5019007fc93a,Who presented the mac to the Scottish Parliament when it was initially opened?,['the Queen'],e195ac114b1e4e97,Ctenophora,"The largest single sensory feature is the aboral organ (at the opposite end from the mouth). Its main component is a statocyst, a balance sensor consisting of a statolith, a solid particle supported on four bundles of cilia, called ""balancers"", that sense its orientation. The statocyst is protected by a transparent dome made of long, immobile cilia. A ctenophore does not automatically try to keep the statolith resting equally on all the balancers. Instead its response is determined by the animal's ""mood"", in other words the overall state of the nervous system. For example, if a ctenophore with trailing tentacles captures prey, it will often put some comb rows into reverse, spinning the mouth towards the prey.",IRRELEVANT,True,True,True
572fbf21a23a5019007fc937__572fbf21a23a5019007fc93a,A,572fbf21a23a5019007fc937,What is the parliamentary mace made of?,"['silver', 'silver and inlaid with gold']",5b38927a00cca8f7,Huguenot,"The French Protestant Church of London was established by Royal Charter in 1550. It is now located at Soho Square. Huguenot refugees flocked to Shoreditch, London. They established a major weaving industry in and around Spitalfields (see Petticoat Lane and the Tenterground) in East London. In Wandsworth, their gardening skills benefited the Battersea market gardens. The Old Truman Brewery, then known as the Black Eagle Brewery, was founded in 1724. The flight of Huguenot refugees from Tours, France drew off most of the workers of its great silk mills which they had built.[citation needed] Some of these immigrants moved to Norwich, which had accommodated an earlier settlement of Walloon weavers. The French added to the existing immigrant population, then comprising about a third of the population of the city.",IRRELEVANT,True,True,True
572fbf21a23a5019007fc937__572fbf21a23a5019007fc93a,B,572fbf21a23a5019007fc93a,Who presented the mac to the Scottish Parliament when it was initially opened?,['the Queen'],5b38927a00cca8f7,Huguenot,"The French Protestant Church of London was established by Royal Charter in 1550. It is now located at Soho Square. Huguenot refugees flocked to Shoreditch, London. They established a major weaving industry in and around Spitalfields (see Petticoat Lane and the Tenterground) in East London. In Wandsworth, their gardening skills benefited the Battersea market gardens. The Old Truman Brewery, then known as the Black Eagle Brewery, was founded in 1724. The flight of Huguenot refugees from Tours, France drew off most of the workers of its great silk mills which they had built.[citation needed] Some of these immigrants moved to Norwich, which had accommodated an earlier settlement of Walloon weavers. The French added to the existing immigrant population, then comprising about a third of the population of the city.",IRRELEVANT,True,True,True
572fbf21a23a5019007fc937__572fbf21a23a5019007fc93a,A,572fbf21a23a5019007fc937,What is the parliamentary mace made of?,"['silver', 'silver and inlaid with gold']",d2747c8a957dfdd9,Victoria_and_Albert_Museum,"One of the rarest items in the collection is the 58 cm high Gloucester Candlestick, dated to c1110, made from gilt bronze; with highly elaborate and intricate intertwining branches containing small figures and inscriptions, it is a tour de force of bronze casting. Also of importance is the Becket Casket dated c1180 to contain relics of St Thomas Becket, made from gilt copper, with enamelled scenes of the saint's martyrdom. Another highlight is the 1351 Reichenau Crozier. The Burghley Nef, a salt-cellar, French, dated 1527–28, uses a nautilus shell to form the hull of a vessel, which rests on the tail of a parcelgilt mermaid, who rests on a hexagonal gilt plinth on six claw-and-ball feet. Both masts have main and top-sails, and battlemented fighting-tops are made from gold. These items are displayed in the new Medieval & Renaissance galleries.",IRRELEVANT,True,True,True
572fbf21a23a5019007fc937__572fbf21a23a5019007fc93a,B,572fbf21a23a5019007fc93a,Who presented the mac to the Scottish Parliament when it was initially opened?,['the Queen'],d2747c8a957dfdd9,Victoria_and_Albert_Museum,"One of the rarest items in the collection is the 58 cm high Gloucester Candlestick, dated to c1110, made from gilt bronze; with highly elaborate and intricate intertwining branches containing small figures and inscriptions, it is a tour de force of bronze casting. Also of importance is the Becket Casket dated c1180 to contain relics of St Thomas Becket, made from gilt copper, with enamelled scenes of the saint's martyrdom. Another highlight is the 1351 Reichenau Crozier. The Burghley Nef, a salt-cellar, French, dated 1527–28, uses a nautilus shell to form the hull of a vessel, which rests on the tail of a parcelgilt mermaid, who rests on a hexagonal gilt plinth on six claw-and-ball feet. Both masts have main and top-sails, and battlemented fighting-tops are made from gold. These items are displayed in the new Medieval & Renaissance galleries.",IRRELEVANT,True,True,True
572fbf21a23a5019007fc937__572fbf21a23a5019007fc93a,A,572fbf21a23a5019007fc937,What is the parliamentary mace made of?,"['silver', 'silver and inlaid with gold']",f801030757e9e66c,Teacher,"The functions of the teacher's colleges may include setting out clear standards of practice, providing for the ongoing education of teachers, investigating complaints involving members, conducting hearings into allegations of professional misconduct and taking appropriate disciplinary action and accrediting teacher education programs. In many situations teachers in publicly funded schools must be members in good standing with the college, and private schools may also require their teachers to be college peoples. In other areas these roles may belong to the State Board of Education, the Superintendent of Public Instruction, the State Education Agency or other governmental bodies. In still other areas Teaching Unions may be responsible for some or all of these duties.",IRRELEVANT,True,True,True
572fbf21a23a5019007fc937__572fbf21a23a5019007fc93a,B,572fbf21a23a5019007fc93a,Who presented the mac to the Scottish Parliament when it was initially opened?,['the Queen'],f801030757e9e66c,Teacher,"The functions of the teacher's colleges may include setting out clear standards of practice, providing for the ongoing education of teachers, investigating complaints involving members, conducting hearings into allegations of professional misconduct and taking appropriate disciplinary action and accrediting teacher education programs. In many situations teachers in publicly funded schools must be members in good standing with the college, and private schools may also require their teachers to be college peoples. In other areas these roles may belong to the State Board of Education, the Superintendent of Public Instruction, the State Education Agency or other governmental bodies. In still other areas Teaching Unions may be responsible for some or all of these duties.",IRRELEVANT,True,True,True
572fbf21a23a5019007fc937__572fbf21a23a5019007fc93a,A,572fbf21a23a5019007fc937,What is the parliamentary mace made of?,"['silver', 'silver and inlaid with gold']",f21c4becc50a26d5,Civil_disobedience,"There have been debates as to whether civil disobedience must necessarily be non-violent. Black's Law Dictionary includes non-violence in its definition of civil disobedience. Christian Bay's encyclopedia article states that civil disobedience requires ""carefully chosen and legitimate means,"" but holds that they do not have to be non-violent. It has been argued that, while both civil disobedience and civil rebellion are justified by appeal to constitutional defects, rebellion is much more destructive; therefore, the defects justifying rebellion must be much more serious than those justifying disobedience, and if one cannot justify civil rebellion, then one cannot justify a civil disobedients' use of force and violence and refusal to submit to arrest. Civil disobedients' refraining from violence is also said to help preserve society's tolerance of civil disobedience.",IRRELEVANT,True,True,True
572fbf21a23a5019007fc937__572fbf21a23a5019007fc93a,B,572fbf21a23a5019007fc93a,Who presented the mac to the Scottish Parliament when it was initially opened?,['the Queen'],f21c4becc50a26d5,Civil_disobedience,"There have been debates as to whether civil disobedience must necessarily be non-violent. Black's Law Dictionary includes non-violence in its definition of civil disobedience. Christian Bay's encyclopedia article states that civil disobedience requires ""carefully chosen and legitimate means,"" but holds that they do not have to be non-violent. It has been argued that, while both civil disobedience and civil rebellion are justified by appeal to constitutional defects, rebellion is much more destructive; therefore, the defects justifying rebellion must be much more serious than those justifying disobedience, and if one cannot justify civil rebellion, then one cannot justify a civil disobedients' use of force and violence and refusal to submit to arrest. Civil disobedients' refraining from violence is also said to help preserve society's tolerance of civil disobedience.",IRRELEVANT,True,True,True
572fbf21a23a5019007fc937__572fbf21a23a5019007fc93a,A,572fbf21a23a5019007fc937,What is the parliamentary mace made of?,"['silver', 'silver and inlaid with gold']",2a2d7de23fc2703c,Warsaw,"By July 1944, the Red Army was deep into Polish territory and pursuing the Germans toward Warsaw. Knowing that Stalin was hostile to the idea of an independent Poland, the Polish government-in-exile in London gave orders to the underground Home Army (AK) to try to seize control of Warsaw from the Germans before the Red Army arrived. Thus, on 1 August 1944, as the Red Army was nearing the city, the Warsaw Uprising began. The armed struggle, planned to last 48 hours, was partially successful, however it went on for 63 days. Eventually the Home Army fighters and civilians assisting them were forced to capitulate. They were transported to PoW camps in Germany, while the entire civilian population was expelled. Polish civilian deaths are estimated at between 150,000 and 200,000.",IRRELEVANT,True,True,True
572fbf21a23a5019007fc937__572fbf21a23a5019007fc93a,B,572fbf21a23a5019007fc93a,Who presented the mac to the Scottish Parliament when it was initially opened?,['the Queen'],2a2d7de23fc2703c,Warsaw,"By July 1944, the Red Army was deep into Polish territory and pursuing the Germans toward Warsaw. Knowing that Stalin was hostile to the idea of an independent Poland, the Polish government-in-exile in London gave orders to the underground Home Army (AK) to try to seize control of Warsaw from the Germans before the Red Army arrived. Thus, on 1 August 1944, as the Red Army was nearing the city, the Warsaw Uprising began. The armed struggle, planned to last 48 hours, was partially successful, however it went on for 63 days. Eventually the Home Army fighters and civilians assisting them were forced to capitulate. They were transported to PoW camps in Germany, while the entire civilian population was expelled. Polish civilian deaths are estimated at between 150,000 and 200,000.",IRRELEVANT,True,True,True
572fbf21a23a5019007fc937__572fbf21a23a5019007fc93a,A,572fbf21a23a5019007fc937,What is the parliamentary mace made of?,"['silver', 'silver and inlaid with gold']",98e256ad70d1e8cf,Doctor_Who,"Doctor Who books have been published from the mid-sixties through to the present day. From 1965 to 1991 the books published were primarily novelised adaptations of broadcast episodes; beginning in 1991 an extensive line of original fiction was launched, the Virgin New Adventures and Virgin Missing Adventures. Since the relaunch of the programme in 2005, a new range of novels have been published by BBC Books. Numerous non-fiction books about the series, including guidebooks and critical studies, have also been published, and a dedicated Doctor Who Magazine with newsstand circulation has been published regularly since 1979. This is published by Panini, as is the Doctor Who Adventures magazine for younger fans.",IRRELEVANT,True,True,True
572fbf21a23a5019007fc937__572fbf21a23a5019007fc93a,B,572fbf21a23a5019007fc93a,Who presented the mac to the Scottish Parliament when it was initially opened?,['the Queen'],98e256ad70d1e8cf,Doctor_Who,"Doctor Who books have been published from the mid-sixties through to the present day. From 1965 to 1991 the books published were primarily novelised adaptations of broadcast episodes; beginning in 1991 an extensive line of original fiction was launched, the Virgin New Adventures and Virgin Missing Adventures. Since the relaunch of the programme in 2005, a new range of novels have been published by BBC Books. Numerous non-fiction books about the series, including guidebooks and critical studies, have also been published, and a dedicated Doctor Who Magazine with newsstand circulation has been published regularly since 1979. This is published by Panini, as is the Doctor Who Adventures magazine for younger fans.",IRRELEVANT,True,True,True
572fbf21a23a5019007fc937__572fbf21a23a5019007fc93a,A,572fbf21a23a5019007fc937,What is the parliamentary mace made of?,"['silver', 'silver and inlaid with gold']",be623121abca53da,Apollo_program,"The Lunar Module (LM) was designed to descend from lunar orbit to land two astronauts on the Moon and take them back to orbit to rendezvous with the Command Module. Not designed to fly through the Earth's atmosphere or return to Earth, its fuselage was designed totally without aerodynamic considerations, and was of an extremely lightweight construction. It consisted of separate descent and ascent stages, each with its own engine. The descent stage contained storage for the descent propellant, surface stay consumables, and surface exploration equipment. The ascent stage contained the crew cabin, ascent propellant, and a reaction control system. The initial LM model weighed approximately 33,300 pounds (15,100 kg), and allowed surface stays up to around 34 hours. An Extended Lunar Module weighed over 36,200 pounds (16,400 kg), and allowed surface stays of over 3 days.",IRRELEVANT,True,True,True
572fbf21a23a5019007fc937__572fbf21a23a5019007fc93a,B,572fbf21a23a5019007fc93a,Who presented the mac to the Scottish Parliament when it was initially opened?,['the Queen'],be623121abca53da,Apollo_program,"The Lunar Module (LM) was designed to descend from lunar orbit to land two astronauts on the Moon and take them back to orbit to rendezvous with the Command Module. Not designed to fly through the Earth's atmosphere or return to Earth, its fuselage was designed totally without aerodynamic considerations, and was of an extremely lightweight construction. It consisted of separate descent and ascent stages, each with its own engine. The descent stage contained storage for the descent propellant, surface stay consumables, and surface exploration equipment. The ascent stage contained the crew cabin, ascent propellant, and a reaction control system. The initial LM model weighed approximately 33,300 pounds (15,100 kg), and allowed surface stays up to around 34 hours. An Extended Lunar Module weighed over 36,200 pounds (16,400 kg), and allowed surface stays of over 3 days.",IRRELEVANT,True,True,True
572fbf21a23a5019007fc937__572fbf21a23a5019007fc93a,A,572fbf21a23a5019007fc937,What is the parliamentary mace made of?,"['silver', 'silver and inlaid with gold']",67bb9479b87eba60,Nikola_Tesla,"In the August 1917 edition of the magazine Electrical Experimenter Tesla postulated that electricity could be used to locate submarines via using the reflection of an ""electric ray"" of ""tremendous frequency,"" with the signal being viewed on a fluorescent screen (a system that has been noted to have a superficial resemblance to modern radar). Tesla was incorrect in his assumption that high frequency radio waves would penetrate water but Émile Girardeau, who helped develop France's first radar system in the 1930s, noted in 1953 that Tesla's general speculation that a very strong high frequency signal would be needed was correct stating ""(Tesla) was prophesying or dreaming, since he had at his disposal no means of carrying them out, but one must add that if he was dreaming, at least he was dreaming correctly."":266",IRRELEVANT,True,True,True
572fbf21a23a5019007fc937__572fbf21a23a5019007fc93a,B,572fbf21a23a5019007fc93a,Who presented the mac to the Scottish Parliament when it was initially opened?,['the Queen'],67bb9479b87eba60,Nikola_Tesla,"In the August 1917 edition of the magazine Electrical Experimenter Tesla postulated that electricity could be used to locate submarines via using the reflection of an ""electric ray"" of ""tremendous frequency,"" with the signal being viewed on a fluorescent screen (a system that has been noted to have a superficial resemblance to modern radar). Tesla was incorrect in his assumption that high frequency radio waves would penetrate water but Émile Girardeau, who helped develop France's first radar system in the 1930s, noted in 1953 that Tesla's general speculation that a very strong high frequency signal would be needed was correct stating ""(Tesla) was prophesying or dreaming, since he had at his disposal no means of carrying them out, but one must add that if he was dreaming, at least he was dreaming correctly."":266",IRRELEVANT,True,True,True
572fbf21a23a5019007fc937__572fbf21a23a5019007fc93a,A,572fbf21a23a5019007fc937,What is the parliamentary mace made of?,"['silver', 'silver and inlaid with gold']",29fcf6218856cfd6,Computational_complexity_theory,"A computational problem can be viewed as an infinite collection of instances together with a solution for every instance. The input string for a computational problem is referred to as a problem instance, and should not be confused with the problem itself. In computational complexity theory, a problem refers to the abstract question to be solved. In contrast, an instance of this problem is a rather concrete utterance, which can serve as the input for a decision problem. For example, consider the problem of primality testing. The instance is a number (e.g. 15) and the solution is ""yes"" if the number is prime and ""no"" otherwise (in this case ""no""). Stated another way, the instance is a particular input to the problem, and the solution is the output corresponding to the given input.",IRRELEVANT,True,True,True
572fbf21a23a5019007fc937__572fbf21a23a5019007fc93a,B,572fbf21a23a5019007fc93a,Who presented the mac to the Scottish Parliament when it was initially opened?,['the Queen'],29fcf6218856cfd6,Computational_complexity_theory,"A computational problem can be viewed as an infinite collection of instances together with a solution for every instance. The input string for a computational problem is referred to as a problem instance, and should not be confused with the problem itself. In computational complexity theory, a problem refers to the abstract question to be solved. In contrast, an instance of this problem is a rather concrete utterance, which can serve as the input for a decision problem. For example, consider the problem of primality testing. The instance is a number (e.g. 15) and the solution is ""yes"" if the number is prime and ""no"" otherwise (in this case ""no""). Stated another way, the instance is a particular input to the problem, and the solution is the output corresponding to the given input.",IRRELEVANT,True,True,True
572fbf21a23a5019007fc937__572fbf21a23a5019007fc93a,A,572fbf21a23a5019007fc937,What is the parliamentary mace made of?,"['silver', 'silver and inlaid with gold']",d9538b16aa9b6d22,Warsaw,"The flora of the city may be considered very rich in species. The species richness is mainly due to the location of Warsaw within the border region of several big floral regions comprising substantial proportions of close-to-wilderness areas (natural forests, wetlands along the Vistula) as well as arable land, meadows and forests. Bielany Forest, located within the borders of Warsaw, is the remaining part of the Masovian Primeval Forest. Bielany Forest nature reserve is connected with Kampinos Forest. It is home to rich fauna and flora. Within the forest there are three cycling and walking trails. Other big forest area is Kabaty Forest by the southern city border. Warsaw has also two botanic gardens: by the Łazienki park (a didactic-research unit of the University of Warsaw) as well as by the Park of Culture and Rest in Powsin (a unit of the Polish Academy of Science).",IRRELEVANT,True,True,True
572fbf21a23a5019007fc937__572fbf21a23a5019007fc93a,B,572fbf21a23a5019007fc93a,Who presented the mac to the Scottish Parliament when it was initially opened?,['the Queen'],d9538b16aa9b6d22,Warsaw,"The flora of the city may be considered very rich in species. The species richness is mainly due to the location of Warsaw within the border region of several big floral regions comprising substantial proportions of close-to-wilderness areas (natural forests, wetlands along the Vistula) as well as arable land, meadows and forests. Bielany Forest, located within the borders of Warsaw, is the remaining part of the Masovian Primeval Forest. Bielany Forest nature reserve is connected with Kampinos Forest. It is home to rich fauna and flora. Within the forest there are three cycling and walking trails. Other big forest area is Kabaty Forest by the southern city border. Warsaw has also two botanic gardens: by the Łazienki park (a didactic-research unit of the University of Warsaw) as well as by the Park of Culture and Rest in Powsin (a unit of the Polish Academy of Science).",IRRELEVANT,True,True,True
572fbf21a23a5019007fc937__572fbf21a23a5019007fc93a,A,572fbf21a23a5019007fc937,What is the parliamentary mace made of?,"['silver', 'silver and inlaid with gold']",3468eac1513c8eee,Yuan_dynasty,"The first recorded travels by Europeans to China and back date from this time. The most famous traveler of the period was the Venetian Marco Polo, whose account of his trip to ""Cambaluc,"" the capital of the Great Khan, and of life there astounded the people of Europe. The account of his travels, Il milione (or, The Million, known in English as the Travels of Marco Polo), appeared about the year 1299. Some argue over the accuracy of Marco Polo's accounts due to the lack of mentioning the Great Wall of China, tea houses, which would have been a prominent sight since Europeans had yet to adopt a tea culture, as well the practice of foot binding by the women in capital of the Great Khan. Some suggest that Marco Polo acquired much of his knowledge through contact with Persian traders since many of the places he named were in Persian.",IRRELEVANT,True,True,True
572fbf21a23a5019007fc937__572fbf21a23a5019007fc93a,B,572fbf21a23a5019007fc93a,Who presented the mac to the Scottish Parliament when it was initially opened?,['the Queen'],3468eac1513c8eee,Yuan_dynasty,"The first recorded travels by Europeans to China and back date from this time. The most famous traveler of the period was the Venetian Marco Polo, whose account of his trip to ""Cambaluc,"" the capital of the Great Khan, and of life there astounded the people of Europe. The account of his travels, Il milione (or, The Million, known in English as the Travels of Marco Polo), appeared about the year 1299. Some argue over the accuracy of Marco Polo's accounts due to the lack of mentioning the Great Wall of China, tea houses, which would have been a prominent sight since Europeans had yet to adopt a tea culture, as well the practice of foot binding by the women in capital of the Great Khan. Some suggest that Marco Polo acquired much of his knowledge through contact with Persian traders since many of the places he named were in Persian.",IRRELEVANT,True,True,True
572fbf21a23a5019007fc937__572fbf21a23a5019007fc93a,A,572fbf21a23a5019007fc937,What is the parliamentary mace made of?,"['silver', 'silver and inlaid with gold']",417c9d9fc2b5a6c7,Teacher,"Since teachers can affect how students perceive the course materials, it has been found that teachers who showed enthusiasm towards the course materials and students can affect a positive learning experience towards the course materials. On teacher/course evaluations, it was found that teachers who have a positive disposition towards the course content tend to transfer their passion to receptive students. These teachers do not teach by rote but attempt to find new invigoration for the course materials on a daily basis. One of the difficulties in this approach is that teachers may have repeatedly covered a curriculum until they begin to feel bored with the subject which in turn bores the students as well. Students who had enthusiastic teachers tend to rate them higher than teachers who didn't show much enthusiasm for the course materials.",IRRELEVANT,True,True,True
572fbf21a23a5019007fc937__572fbf21a23a5019007fc93a,B,572fbf21a23a5019007fc93a,Who presented the mac to the Scottish Parliament when it was initially opened?,['the Queen'],417c9d9fc2b5a6c7,Teacher,"Since teachers can affect how students perceive the course materials, it has been found that teachers who showed enthusiasm towards the course materials and students can affect a positive learning experience towards the course materials. On teacher/course evaluations, it was found that teachers who have a positive disposition towards the course content tend to transfer their passion to receptive students. These teachers do not teach by rote but attempt to find new invigoration for the course materials on a daily basis. One of the difficulties in this approach is that teachers may have repeatedly covered a curriculum until they begin to feel bored with the subject which in turn bores the students as well. Students who had enthusiastic teachers tend to rate them higher than teachers who didn't show much enthusiasm for the course materials.",IRRELEVANT,True,True,True
572fbf21a23a5019007fc937__572fbf21a23a5019007fc93a,A,572fbf21a23a5019007fc937,What is the parliamentary mace made of?,"['silver', 'silver and inlaid with gold']",1d83d2e50ebd60d9,Doctor_Who,"A different arrangement was recorded by Peter Howell for season 18 (1980), which was in turn replaced by Dominic Glynn's arrangement for the season-long serial The Trial of a Time Lord in season 23 (1986). Keff McCulloch provided the new arrangement for the Seventh Doctor's era which lasted from season 24 (1987) until the series' suspension in 1989. American composer John Debney created a new arrangement of Ron Grainer's original theme for Doctor Who in 1996. For the return of the series in 2005, Murray Gold provided a new arrangement which featured samples from the 1963 original with further elements added; in the 2005 Christmas episode ""The Christmas Invasion"", Gold introduced a modified closing credits arrangement that was used up until the conclusion of the 2007 series.[citation needed]",IRRELEVANT,True,True,True
572fbf21a23a5019007fc937__572fbf21a23a5019007fc93a,B,572fbf21a23a5019007fc93a,Who presented the mac to the Scottish Parliament when it was initially opened?,['the Queen'],1d83d2e50ebd60d9,Doctor_Who,"A different arrangement was recorded by Peter Howell for season 18 (1980), which was in turn replaced by Dominic Glynn's arrangement for the season-long serial The Trial of a Time Lord in season 23 (1986). Keff McCulloch provided the new arrangement for the Seventh Doctor's era which lasted from season 24 (1987) until the series' suspension in 1989. American composer John Debney created a new arrangement of Ron Grainer's original theme for Doctor Who in 1996. For the return of the series in 2005, Murray Gold provided a new arrangement which featured samples from the 1963 original with further elements added; in the 2005 Christmas episode ""The Christmas Invasion"", Gold introduced a modified closing credits arrangement that was used up until the conclusion of the 2007 series.[citation needed]",IRRELEVANT,True,True,True
572fbf21a23a5019007fc937__572fbf21a23a5019007fc93a,A,572fbf21a23a5019007fc937,What is the parliamentary mace made of?,"['silver', 'silver and inlaid with gold']",79ecdf9a23b79611,American_Broadcasting_Company,"Edward John Noble, the owner of Life Savers candy, drugstore chain Rexall and New York City radio station WMCA, purchased the network for $8 million. Due to FCC ownership rules, the transaction, which was to include the purchase of three RCA stations by Noble, would require him to resell his station with the FCC's approval. The Commission authorized the transaction on October 12, 1943. Soon afterward, the Blue Network was purchased by the new company Noble founded, the American Broadcasting System. Noble subsequently acquired the rights to the ""American Broadcasting Company"" name from George B. Storer in 1944; its parent company adopted the corporate name American Broadcasting Companies, Inc. Woods retained his position as president and CEO of ABC until December 1949, and was subsequently promoted to vice-chairman of the board before leaving ABC altogether on June 30, 1951.",IRRELEVANT,True,True,True
572fbf21a23a5019007fc937__572fbf21a23a5019007fc93a,B,572fbf21a23a5019007fc93a,Who presented the mac to the Scottish Parliament when it was initially opened?,['the Queen'],79ecdf9a23b79611,American_Broadcasting_Company,"Edward John Noble, the owner of Life Savers candy, drugstore chain Rexall and New York City radio station WMCA, purchased the network for $8 million. Due to FCC ownership rules, the transaction, which was to include the purchase of three RCA stations by Noble, would require him to resell his station with the FCC's approval. The Commission authorized the transaction on October 12, 1943. Soon afterward, the Blue Network was purchased by the new company Noble founded, the American Broadcasting System. Noble subsequently acquired the rights to the ""American Broadcasting Company"" name from George B. Storer in 1944; its parent company adopted the corporate name American Broadcasting Companies, Inc. Woods retained his position as president and CEO of ABC until December 1949, and was subsequently promoted to vice-chairman of the board before leaving ABC altogether on June 30, 1951.",IRRELEVANT,True,True,True
572fbf21a23a5019007fc937__572fbf21a23a5019007fc93a,A,572fbf21a23a5019007fc937,What is the parliamentary mace made of?,"['silver', 'silver and inlaid with gold']",11a10066be86ede3,Kenya,"The ""Big Five"" game animals of Africa, that is the lion, leopard, buffalo, rhinoceros, and elephant, can be found in Kenya and in the Masai Mara in particular. A significant population of other wild animals, reptiles and birds can be found in the national parks and game reserves in the country. The annual animal migration occurs between June and September with millions of animals taking part, attracting valuable foreign tourism. Two million wildebeest migrate a distance of 2,900 kilometres (1,802 mi) from the Serengeti in neighbouring Tanzania to the Masai Mara in Kenya, in a constant clockwise fashion, searching for food and water supplies. This Serengeti Migration of the wildebeest is a curious spectacle listed among the 10 Natural Wonders of Africa.",IRRELEVANT,True,True,True
572fbf21a23a5019007fc937__572fbf21a23a5019007fc93a,B,572fbf21a23a5019007fc93a,Who presented the mac to the Scottish Parliament when it was initially opened?,['the Queen'],11a10066be86ede3,Kenya,"The ""Big Five"" game animals of Africa, that is the lion, leopard, buffalo, rhinoceros, and elephant, can be found in Kenya and in the Masai Mara in particular. A significant population of other wild animals, reptiles and birds can be found in the national parks and game reserves in the country. The annual animal migration occurs between June and September with millions of animals taking part, attracting valuable foreign tourism. Two million wildebeest migrate a distance of 2,900 kilometres (1,802 mi) from the Serengeti in neighbouring Tanzania to the Masai Mara in Kenya, in a constant clockwise fashion, searching for food and water supplies. This Serengeti Migration of the wildebeest is a curious spectacle listed among the 10 Natural Wonders of Africa.",IRRELEVANT,True,True,True
572fbf21a23a5019007fc937__572fbf21a23a5019007fc93a,A,572fbf21a23a5019007fc937,What is the parliamentary mace made of?,"['silver', 'silver and inlaid with gold']",3895e66f384dc9af,Amazon_rainforest,"Between 1991 and 2000, the total area of forest lost in the Amazon rose from 415,000 to 587,000 square kilometres (160,000 to 227,000 sq mi), with most of the lost forest becoming pasture for cattle. Seventy percent of formerly forested land in the Amazon, and 91% of land deforested since 1970, is used for livestock pasture. Currently, Brazil is the second-largest global producer of soybeans after the United States. New research however, conducted by Leydimere Oliveira et al., has shown that the more rainforest is logged in the Amazon, the less precipitation reaches the area and so the lower the yield per hectare becomes. So despite the popular perception, there has been no economical advantage for Brazil from logging rainforest zones and converting these to pastoral fields.",IRRELEVANT,True,True,True
572fbf21a23a5019007fc937__572fbf21a23a5019007fc93a,B,572fbf21a23a5019007fc93a,Who presented the mac to the Scottish Parliament when it was initially opened?,['the Queen'],3895e66f384dc9af,Amazon_rainforest,"Between 1991 and 2000, the total area of forest lost in the Amazon rose from 415,000 to 587,000 square kilometres (160,000 to 227,000 sq mi), with most of the lost forest becoming pasture for cattle. Seventy percent of formerly forested land in the Amazon, and 91% of land deforested since 1970, is used for livestock pasture. Currently, Brazil is the second-largest global producer of soybeans after the United States. New research however, conducted by Leydimere Oliveira et al., has shown that the more rainforest is logged in the Amazon, the less precipitation reaches the area and so the lower the yield per hectare becomes. So despite the popular perception, there has been no economical advantage for Brazil from logging rainforest zones and converting these to pastoral fields.",IRRELEVANT,True,True,True
572fbf21a23a5019007fc937__572fbf21a23a5019007fc93a,A,572fbf21a23a5019007fc937,What is the parliamentary mace made of?,"['silver', 'silver and inlaid with gold']",a8640bb4073d5ac5,Prime_number,"The most basic method of checking the primality of a given integer n is called trial division. This routine consists of dividing n by each integer m that is greater than 1 and less than or equal to the square root of n. If the result of any of these divisions is an integer, then n is not a prime, otherwise it is a prime. Indeed, if is composite (with a and b ≠ 1) then one of the factors a or b is necessarily at most . For example, for , the trial divisions are by m = 2, 3, 4, 5, and 6. None of these numbers divides 37, so 37 is prime. This routine can be implemented more efficiently if a complete list of primes up to is known—then trial divisions need to be checked only for those m that are prime. For example, to check the primality of 37, only three divisions are necessary (m = 2, 3, and 5), given that 4 and 6 are composite.",IRRELEVANT,True,True,True
572fbf21a23a5019007fc937__572fbf21a23a5019007fc93a,B,572fbf21a23a5019007fc93a,Who presented the mac to the Scottish Parliament when it was initially opened?,['the Queen'],a8640bb4073d5ac5,Prime_number,"The most basic method of checking the primality of a given integer n is called trial division. This routine consists of dividing n by each integer m that is greater than 1 and less than or equal to the square root of n. If the result of any of these divisions is an integer, then n is not a prime, otherwise it is a prime. Indeed, if is composite (with a and b ≠ 1) then one of the factors a or b is necessarily at most . For example, for , the trial divisions are by m = 2, 3, 4, 5, and 6. None of these numbers divides 37, so 37 is prime. This routine can be implemented more efficiently if a complete list of primes up to is known—then trial divisions need to be checked only for those m that are prime. For example, to check the primality of 37, only three divisions are necessary (m = 2, 3, and 5), given that 4 and 6 are composite.",IRRELEVANT,True,True,True
572fbf21a23a5019007fc937__572fbf21a23a5019007fc93a,A,572fbf21a23a5019007fc937,What is the parliamentary mace made of?,"['silver', 'silver and inlaid with gold']",836b77d80ac56138,Victoria_and_Albert_Museum,"The collection includes about 1130 British and 650 European oil paintings, 6800 British watercolours, pastels and 2000 miniatures, for which the museum holds the national collection. Also on loan to the museum, from Her Majesty the Queen Elizabeth II, are the Raphael Cartoons: the seven surviving (there were ten) full scale designs for tapestries in the Sistine Chapel, of the lives of Peter and Paul from the Gospels and the Acts of the Apostles. There is also on display a fresco by Pietro Perugino dated 1522 from the church of Castello at Fontignano (Perugia) and is amongst the painter's last works. One of the largest objects in the collection is the Spanish tempera on wood, 670 x 486 cm, retable of St George, c. 1400, consisting of numerous scenes and painted by Andrés Marzal De Sax in Valencia.",IRRELEVANT,True,True,True
572fbf21a23a5019007fc937__572fbf21a23a5019007fc93a,B,572fbf21a23a5019007fc93a,Who presented the mac to the Scottish Parliament when it was initially opened?,['the Queen'],836b77d80ac56138,Victoria_and_Albert_Museum,"The collection includes about 1130 British and 650 European oil paintings, 6800 British watercolours, pastels and 2000 miniatures, for which the museum holds the national collection. Also on loan to the museum, from Her Majesty the Queen Elizabeth II, are the Raphael Cartoons: the seven surviving (there were ten) full scale designs for tapestries in the Sistine Chapel, of the lives of Peter and Paul from the Gospels and the Acts of the Apostles. There is also on display a fresco by Pietro Perugino dated 1522 from the church of Castello at Fontignano (Perugia) and is amongst the painter's last works. One of the largest objects in the collection is the Spanish tempera on wood, 670 x 486 cm, retable of St George, c. 1400, consisting of numerous scenes and painted by Andrés Marzal De Sax in Valencia.",IRRELEVANT,True,True,True
57295b5b1d04691400779315__57295b5b1d04691400779318,A,57295b5b1d04691400779315,What do red algal chloroplasts have that green chloroplasts don't?,['phycobilisomes'],06e886aacc94d738,Scottish_Parliament,"Since September 2004, the official home of the Scottish Parliament has been a new Scottish Parliament Building, in the Holyrood area of Edinburgh. The Scottish Parliament building was designed by Spanish architect Enric Miralles in partnership with local Edinburgh Architecture firm RMJM which was led by Design Principal Tony Kettle. Some of the principal features of the complex include leaf-shaped buildings, a grass-roofed branch merging into adjacent parkland and gabion walls formed from the stones of previous buildings. Throughout the building there are many repeated motifs, such as shapes based on Raeburn's Skating Minister. Crow-stepped gables and the upturned boat skylights of the Garden Lobby, complete the unique architecture. Queen Elizabeth II opened the new building on 9 October 2004.",IRRELEVANT,True,True,True
57295b5b1d04691400779315__57295b5b1d04691400779318,B,57295b5b1d04691400779318,What have some plants repurposed the peptidoglycan layer genes for?,['chloroplast division'],06e886aacc94d738,Scottish_Parliament,"Since September 2004, the official home of the Scottish Parliament has been a new Scottish Parliament Building, in the Holyrood area of Edinburgh. The Scottish Parliament building was designed by Spanish architect Enric Miralles in partnership with local Edinburgh Architecture firm RMJM which was led by Design Principal Tony Kettle. Some of the principal features of the complex include leaf-shaped buildings, a grass-roofed branch merging into adjacent parkland and gabion walls formed from the stones of previous buildings. Throughout the building there are many repeated motifs, such as shapes based on Raeburn's Skating Minister. Crow-stepped gables and the upturned boat skylights of the Garden Lobby, complete the unique architecture. Queen Elizabeth II opened the new building on 9 October 2004.",IRRELEVANT,True,True,True
57295b5b1d04691400779315__57295b5b1d04691400779318,A,57295b5b1d04691400779315,What do red algal chloroplasts have that green chloroplasts don't?,['phycobilisomes'],24b4d3d468a99dc2,Super_Bowl_50,"On June 4, 2014, the NFL announced that the practice of branding Super Bowl games with Roman numerals, a practice established at Super Bowl V, would be temporarily suspended, and that the game would be named using Arabic numerals as Super Bowl 50 as opposed to Super Bowl L. The use of Roman numerals will be reinstated for Super Bowl LI. Jaime Weston, the league's vice president of brand and creative, explained that a primary reason for the change was the difficulty of designing an aesthetically pleasing logo with the letter ""L"" using the standardized logo template introduced at Super Bowl XLV. The logo also deviates from the template by featuring large numerals, colored in gold, behind the Vince Lombardi Trophy, instead of underneath and in silver as in the standard logo.",IRRELEVANT,True,True,True
57295b5b1d04691400779315__57295b5b1d04691400779318,B,57295b5b1d04691400779318,What have some plants repurposed the peptidoglycan layer genes for?,['chloroplast division'],24b4d3d468a99dc2,Super_Bowl_50,"On June 4, 2014, the NFL announced that the practice of branding Super Bowl games with Roman numerals, a practice established at Super Bowl V, would be temporarily suspended, and that the game would be named using Arabic numerals as Super Bowl 50 as opposed to Super Bowl L. The use of Roman numerals will be reinstated for Super Bowl LI. Jaime Weston, the league's vice president of brand and creative, explained that a primary reason for the change was the difficulty of designing an aesthetically pleasing logo with the letter ""L"" using the standardized logo template introduced at Super Bowl XLV. The logo also deviates from the template by featuring large numerals, colored in gold, behind the Vince Lombardi Trophy, instead of underneath and in silver as in the standard logo.",IRRELEVANT,True,True,True
57295b5b1d04691400779315__57295b5b1d04691400779318,A,57295b5b1d04691400779315,What do red algal chloroplasts have that green chloroplasts don't?,['phycobilisomes'],00490c1aee74110c,Normans,"A few years after the First Crusade, in 1107, the Normans under the command of Bohemond, Robert's son, landed in Valona and besieged Dyrrachium using the most sophisticated military equipment of the time, but to no avail. Meanwhile, they occupied Petrela, the citadel of Mili at the banks of the river Deabolis, Gllavenica (Ballsh), Kanina and Jericho. This time, the Albanians sided with the Normans, dissatisfied by the heavy taxes the Byzantines had imposed upon them. With their help, the Normans secured the Arbanon passes and opened their way to Dibra. The lack of supplies, disease and Byzantine resistance forced Bohemond to retreat from his campaign and sign a peace treaty with the Byzantines in the city of Deabolis.",IRRELEVANT,True,True,True
57295b5b1d04691400779315__57295b5b1d04691400779318,B,57295b5b1d04691400779318,What have some plants repurposed the peptidoglycan layer genes for?,['chloroplast division'],00490c1aee74110c,Normans,"A few years after the First Crusade, in 1107, the Normans under the command of Bohemond, Robert's son, landed in Valona and besieged Dyrrachium using the most sophisticated military equipment of the time, but to no avail. Meanwhile, they occupied Petrela, the citadel of Mili at the banks of the river Deabolis, Gllavenica (Ballsh), Kanina and Jericho. This time, the Albanians sided with the Normans, dissatisfied by the heavy taxes the Byzantines had imposed upon them. With their help, the Normans secured the Arbanon passes and opened their way to Dibra. The lack of supplies, disease and Byzantine resistance forced Bohemond to retreat from his campaign and sign a peace treaty with the Byzantines in the city of Deabolis.",IRRELEVANT,True,True,True
57295b5b1d04691400779315__57295b5b1d04691400779318,A,57295b5b1d04691400779315,What do red algal chloroplasts have that green chloroplasts don't?,['phycobilisomes'],b7702a5dbb49ff4c,Victoria_and_Albert_Museum,"The National Art Library (also called Word and Image Department) at the Victoria and Albert Museum collection catalog used to be kept in different formats including printed exhibit catalogs, and card catalogs. A computer system called MODES cataloging system was used from the 1980s to the 1990s, but those electronic files were not available to the library users. All of the archival material at the National Art Library is using Encoded Archival Description (EAD). The Victoria and Albert Museum has a computer system but most of the items in the collection, unless those were newly accessioned into the collection, probably do not show up in the computer system. There is a feature on the Victoria and Albert Museum web-site called ""Search the Collections,"" but not everything is listed there.",IRRELEVANT,True,True,True
57295b5b1d04691400779315__57295b5b1d04691400779318,B,57295b5b1d04691400779318,What have some plants repurposed the peptidoglycan layer genes for?,['chloroplast division'],b7702a5dbb49ff4c,Victoria_and_Albert_Museum,"The National Art Library (also called Word and Image Department) at the Victoria and Albert Museum collection catalog used to be kept in different formats including printed exhibit catalogs, and card catalogs. A computer system called MODES cataloging system was used from the 1980s to the 1990s, but those electronic files were not available to the library users. All of the archival material at the National Art Library is using Encoded Archival Description (EAD). The Victoria and Albert Museum has a computer system but most of the items in the collection, unless those were newly accessioned into the collection, probably do not show up in the computer system. There is a feature on the Victoria and Albert Museum web-site called ""Search the Collections,"" but not everything is listed there.",IRRELEVANT,True,True,True
57295b5b1d04691400779315__57295b5b1d04691400779318,A,57295b5b1d04691400779315,What do red algal chloroplasts have that green chloroplasts don't?,['phycobilisomes'],eb9321cdd1b9c157,University_of_Chicago,"Undergraduate students are required to take a distribution of courses to satisfy the university's core curriculum known as the Common Core. In 2012-2013, the Core classes at Chicago were limited to 17 students, and are generally led by a full-time professor (as opposed to a teaching assistant). As of the 2013–2014 school year, 15 courses and demonstrated proficiency in a foreign language are required under the Core. Undergraduate courses at the University of Chicago are known for their demanding standards, heavy workload and academic difficulty; according to Uni in the USA, ""Among the academic cream of American universities – Harvard, Yale, Princeton, MIT, and the University of Chicago – it is UChicago that can most convincingly claim to provide the most rigorous, intense learning experience.""",IRRELEVANT,True,True,True
57295b5b1d04691400779315__57295b5b1d04691400779318,B,57295b5b1d04691400779318,What have some plants repurposed the peptidoglycan layer genes for?,['chloroplast division'],eb9321cdd1b9c157,University_of_Chicago,"Undergraduate students are required to take a distribution of courses to satisfy the university's core curriculum known as the Common Core. In 2012-2013, the Core classes at Chicago were limited to 17 students, and are generally led by a full-time professor (as opposed to a teaching assistant). As of the 2013–2014 school year, 15 courses and demonstrated proficiency in a foreign language are required under the Core. Undergraduate courses at the University of Chicago are known for their demanding standards, heavy workload and academic difficulty; according to Uni in the USA, ""Among the academic cream of American universities – Harvard, Yale, Princeton, MIT, and the University of Chicago – it is UChicago that can most convincingly claim to provide the most rigorous, intense learning experience.""",IRRELEVANT,True,True,True
57295b5b1d04691400779315__57295b5b1d04691400779318,A,57295b5b1d04691400779315,What do red algal chloroplasts have that green chloroplasts don't?,['phycobilisomes'],3ecc89fde7f00371,Economic_inequality,"In many countries, there is a Gender pay gap in favor of males in the labor market. Several factors other than discrimination may contribute to this gap. On average, women are more likely than men to consider factors other than pay when looking for work, and may be less willing to travel or relocate. Thomas Sowell, in his book Knowledge and Decisions, claims that this difference is due to women not taking jobs due to marriage or pregnancy, but income studies show that that does not explain the entire difference. A U.S. Census's report stated that in US once other factors are accounted for there is still a difference in earnings between women and men. The income gap in other countries ranges from 53% in Botswana to -40% in Bahrain.",IRRELEVANT,True,True,True
57295b5b1d04691400779315__57295b5b1d04691400779318,B,57295b5b1d04691400779318,What have some plants repurposed the peptidoglycan layer genes for?,['chloroplast division'],3ecc89fde7f00371,Economic_inequality,"In many countries, there is a Gender pay gap in favor of males in the labor market. Several factors other than discrimination may contribute to this gap. On average, women are more likely than men to consider factors other than pay when looking for work, and may be less willing to travel or relocate. Thomas Sowell, in his book Knowledge and Decisions, claims that this difference is due to women not taking jobs due to marriage or pregnancy, but income studies show that that does not explain the entire difference. A U.S. Census's report stated that in US once other factors are accounted for there is still a difference in earnings between women and men. The income gap in other countries ranges from 53% in Botswana to -40% in Bahrain.",IRRELEVANT,True,True,True
57295b5b1d04691400779315__57295b5b1d04691400779318,A,57295b5b1d04691400779315,What do red algal chloroplasts have that green chloroplasts don't?,['phycobilisomes'],4dd2b7e35feb48a8,Apollo_program,"About the time of the first landing in 1969, it was decided to use an existing Saturn V to launch the Skylab orbital laboratory pre-built on the ground, replacing the original plan to construct it in orbit from several Saturn IB launches; this eliminated Apollo 20. NASA's yearly budget also began to shrink in light of the successful landing, and NASA also had to make funds available for the development of the upcoming Space Shuttle. By 1971, the decision was made to also cancel missions 18 and 19. The two unused Saturn Vs became museum exhibits at the John F. Kennedy Space Center on Merritt Island, Florida, George C. Marshall Space Center in Huntsville, Alabama, Michoud Assembly Facility in New Orleans, Louisiana, and Lyndon B. Johnson Space Center in Houston, Texas.",IRRELEVANT,True,True,True
57295b5b1d04691400779315__57295b5b1d04691400779318,B,57295b5b1d04691400779318,What have some plants repurposed the peptidoglycan layer genes for?,['chloroplast division'],4dd2b7e35feb48a8,Apollo_program,"About the time of the first landing in 1969, it was decided to use an existing Saturn V to launch the Skylab orbital laboratory pre-built on the ground, replacing the original plan to construct it in orbit from several Saturn IB launches; this eliminated Apollo 20. NASA's yearly budget also began to shrink in light of the successful landing, and NASA also had to make funds available for the development of the upcoming Space Shuttle. By 1971, the decision was made to also cancel missions 18 and 19. The two unused Saturn Vs became museum exhibits at the John F. Kennedy Space Center on Merritt Island, Florida, George C. Marshall Space Center in Huntsville, Alabama, Michoud Assembly Facility in New Orleans, Louisiana, and Lyndon B. Johnson Space Center in Houston, Texas.",IRRELEVANT,True,True,True
57295b5b1d04691400779315__57295b5b1d04691400779318,A,57295b5b1d04691400779315,What do red algal chloroplasts have that green chloroplasts don't?,['phycobilisomes'],1ac42320762b32b9,Oxygen,"Oxygen is the most abundant chemical element by mass in the Earth's biosphere, air, sea and land. Oxygen is the third most abundant chemical element in the universe, after hydrogen and helium. About 0.9% of the Sun's mass is oxygen. Oxygen constitutes 49.2% of the Earth's crust by mass and is the major component of the world's oceans (88.8% by mass). Oxygen gas is the second most common component of the Earth's atmosphere, taking up 20.8% of its volume and 23.1% of its mass (some 1015 tonnes).[d] Earth is unusual among the planets of the Solar System in having such a high concentration of oxygen gas in its atmosphere: Mars (with 0.1% O 2 by volume) and Venus have far lower concentrations. The O 2 surrounding these other planets is produced solely by ultraviolet radiation impacting oxygen-containing molecules such as carbon dioxide.",IRRELEVANT,True,True,True
57295b5b1d04691400779315__57295b5b1d04691400779318,B,57295b5b1d04691400779318,What have some plants repurposed the peptidoglycan layer genes for?,['chloroplast division'],1ac42320762b32b9,Oxygen,"Oxygen is the most abundant chemical element by mass in the Earth's biosphere, air, sea and land. Oxygen is the third most abundant chemical element in the universe, after hydrogen and helium. About 0.9% of the Sun's mass is oxygen. Oxygen constitutes 49.2% of the Earth's crust by mass and is the major component of the world's oceans (88.8% by mass). Oxygen gas is the second most common component of the Earth's atmosphere, taking up 20.8% of its volume and 23.1% of its mass (some 1015 tonnes).[d] Earth is unusual among the planets of the Solar System in having such a high concentration of oxygen gas in its atmosphere: Mars (with 0.1% O 2 by volume) and Venus have far lower concentrations. The O 2 surrounding these other planets is produced solely by ultraviolet radiation impacting oxygen-containing molecules such as carbon dioxide.",IRRELEVANT,True,True,True
57295b5b1d04691400779315__57295b5b1d04691400779318,A,57295b5b1d04691400779315,What do red algal chloroplasts have that green chloroplasts don't?,['phycobilisomes'],20f083c3186aa077,Genghis_Khan,"In 1227, Genghis Khan's army attacked and destroyed the Tangut capital of Ning Hia and continued to advance, seizing Lintiao-fu, Xining province, Xindu-fu, and Deshun province in quick succession in the spring. At Deshun, the Tangut general Ma Jianlong put up a fierce resistance for several days and personally led charges against the invaders outside the city gate. Ma Jianlong later died from wounds received from arrows in battle. Genghis Khan, after conquering Deshun, went to Liupanshan (Qingshui County, Gansu Province) to escape the severe summer. The new Tangut emperor quickly surrendered to the Mongols, and the rest of the Tanguts officially surrendered soon after. Not happy with their betrayal and resistance, Genghis Khan ordered the entire imperial family to be executed, effectively ending the Tangut lineage.",IRRELEVANT,True,True,True
57295b5b1d04691400779315__57295b5b1d04691400779318,B,57295b5b1d04691400779318,What have some plants repurposed the peptidoglycan layer genes for?,['chloroplast division'],20f083c3186aa077,Genghis_Khan,"In 1227, Genghis Khan's army attacked and destroyed the Tangut capital of Ning Hia and continued to advance, seizing Lintiao-fu, Xining province, Xindu-fu, and Deshun province in quick succession in the spring. At Deshun, the Tangut general Ma Jianlong put up a fierce resistance for several days and personally led charges against the invaders outside the city gate. Ma Jianlong later died from wounds received from arrows in battle. Genghis Khan, after conquering Deshun, went to Liupanshan (Qingshui County, Gansu Province) to escape the severe summer. The new Tangut emperor quickly surrendered to the Mongols, and the rest of the Tanguts officially surrendered soon after. Not happy with their betrayal and resistance, Genghis Khan ordered the entire imperial family to be executed, effectively ending the Tangut lineage.",IRRELEVANT,True,True,True
57295b5b1d04691400779315__57295b5b1d04691400779318,A,57295b5b1d04691400779315,What do red algal chloroplasts have that green chloroplasts don't?,['phycobilisomes'],c17fe1871474f0c6,Newcastle_upon_Tyne,"Newcastle has a horse racing course at Gosforth Park. The city is also home to the Newcastle Eagles basketball team who play their home games at the new Sport Central complex at Northumbria University. The Eagles are the most successful team in the history of the British Basketball League (BBL). The city's speedway team Newcastle Diamonds are based at Brough Park in Byker, a venue that is also home to greyhound racing. Newcastle also hosts the start of the annual Great North Run, the world's largest half-marathon in which participants race over the Tyne Bridge into Gateshead and then towards the finish line 13.1 miles (21.1 km) away on the coast at South Shields. Another famous athletic event is the 5.9-mile (9.5 km) Blaydon Race (a road race from Newcastle to Blaydon), which has taken place on 9 June annually since 1981, to commemorate the celebrated Blaydon Races horse racing.",IRRELEVANT,True,True,True
57295b5b1d04691400779315__57295b5b1d04691400779318,B,57295b5b1d04691400779318,What have some plants repurposed the peptidoglycan layer genes for?,['chloroplast division'],c17fe1871474f0c6,Newcastle_upon_Tyne,"Newcastle has a horse racing course at Gosforth Park. The city is also home to the Newcastle Eagles basketball team who play their home games at the new Sport Central complex at Northumbria University. The Eagles are the most successful team in the history of the British Basketball League (BBL). The city's speedway team Newcastle Diamonds are based at Brough Park in Byker, a venue that is also home to greyhound racing. Newcastle also hosts the start of the annual Great North Run, the world's largest half-marathon in which participants race over the Tyne Bridge into Gateshead and then towards the finish line 13.1 miles (21.1 km) away on the coast at South Shields. Another famous athletic event is the 5.9-mile (9.5 km) Blaydon Race (a road race from Newcastle to Blaydon), which has taken place on 9 June annually since 1981, to commemorate the celebrated Blaydon Races horse racing.",IRRELEVANT,True,True,True
57295b5b1d04691400779315__57295b5b1d04691400779318,A,57295b5b1d04691400779315,What do red algal chloroplasts have that green chloroplasts don't?,['phycobilisomes'],5d119f76b85606c7,Imperialism,"With Istanbul as its capital and control of lands around the Mediterranean basin, the Ottoman Empire was at the center of interactions between the Eastern and Western worlds for six centuries. Following a long period of military setbacks against European powers, the Ottoman Empire gradually declined into the late nineteenth century. The empire allied with Germany in the early 20th century, with the imperial ambition of recovering its lost territories, but it dissolved in the aftermath of World War I, leading to the emergence of the new state of Turkey in the Ottoman Anatolian heartland, as well as the creation of modern Balkan and Middle Eastern states, thus ending Turkish colonial ambitions.",IRRELEVANT,True,True,True
57295b5b1d04691400779315__57295b5b1d04691400779318,B,57295b5b1d04691400779318,What have some plants repurposed the peptidoglycan layer genes for?,['chloroplast division'],5d119f76b85606c7,Imperialism,"With Istanbul as its capital and control of lands around the Mediterranean basin, the Ottoman Empire was at the center of interactions between the Eastern and Western worlds for six centuries. Following a long period of military setbacks against European powers, the Ottoman Empire gradually declined into the late nineteenth century. The empire allied with Germany in the early 20th century, with the imperial ambition of recovering its lost territories, but it dissolved in the aftermath of World War I, leading to the emergence of the new state of Turkey in the Ottoman Anatolian heartland, as well as the creation of modern Balkan and Middle Eastern states, thus ending Turkish colonial ambitions.",IRRELEVANT,True,True,True
57295b5b1d04691400779315__57295b5b1d04691400779318,A,57295b5b1d04691400779315,What do red algal chloroplasts have that green chloroplasts don't?,['phycobilisomes'],9dc1b534d59cdbb2,Oxygen,"Oxygen is a chemical element with symbol O and atomic number 8. It is a member of the chalcogen group on the periodic table and is a highly reactive nonmetal and oxidizing agent that readily forms compounds (notably oxides) with most elements. By mass, oxygen is the third-most abundant element in the universe, after hydrogen and helium. At standard temperature and pressure, two atoms of the element bind to form dioxygen, a colorless and odorless diatomic gas with the formula O 2. Diatomic oxygen gas constitutes 20.8% of the Earth's atmosphere. However, monitoring of atmospheric oxygen levels show a global downward trend, because of fossil-fuel burning. Oxygen is the most abundant element by mass in the Earth's crust as part of oxide compounds such as silicon dioxide, making up almost half of the crust's mass.",IRRELEVANT,True,True,True
57295b5b1d04691400779315__57295b5b1d04691400779318,B,57295b5b1d04691400779318,What have some plants repurposed the peptidoglycan layer genes for?,['chloroplast division'],9dc1b534d59cdbb2,Oxygen,"Oxygen is a chemical element with symbol O and atomic number 8. It is a member of the chalcogen group on the periodic table and is a highly reactive nonmetal and oxidizing agent that readily forms compounds (notably oxides) with most elements. By mass, oxygen is the third-most abundant element in the universe, after hydrogen and helium. At standard temperature and pressure, two atoms of the element bind to form dioxygen, a colorless and odorless diatomic gas with the formula O 2. Diatomic oxygen gas constitutes 20.8% of the Earth's atmosphere. However, monitoring of atmospheric oxygen levels show a global downward trend, because of fossil-fuel burning. Oxygen is the most abundant element by mass in the Earth's crust as part of oxide compounds such as silicon dioxide, making up almost half of the crust's mass.",IRRELEVANT,True,True,True
57295b5b1d04691400779315__57295b5b1d04691400779318,A,57295b5b1d04691400779315,What do red algal chloroplasts have that green chloroplasts don't?,['phycobilisomes'],b7d3b019e8124bbe,Victoria_and_Albert_Museum,"The main gallery was redesigned in 1994, the glass balustrade on the staircase and mezzanine are the work of Danny Lane, the gallery covering contemporary glass opened in 2004 and the sacred silver and stained-glass gallery in 2005. In this latter gallery stained glass is displayed alongside silverware starting in the 12th century and continuing to the present. Some of the most outstanding stained glass, dated 1243–48 comes from the Sainte-Chapelle, is displayed along with other examples in the new Medieval & Renaissance galleries. The important 13th-century glass beaker known as the Luck of Edenhall is also displayed in these galleries. Examples of British stained glass are displayed in the British Galleries. One of the most spectacular items in the collection is the chandelier by Dale Chihuly in the rotunda at the Museum's main entrance.",IRRELEVANT,True,True,True
57295b5b1d04691400779315__57295b5b1d04691400779318,B,57295b5b1d04691400779318,What have some plants repurposed the peptidoglycan layer genes for?,['chloroplast division'],b7d3b019e8124bbe,Victoria_and_Albert_Museum,"The main gallery was redesigned in 1994, the glass balustrade on the staircase and mezzanine are the work of Danny Lane, the gallery covering contemporary glass opened in 2004 and the sacred silver and stained-glass gallery in 2005. In this latter gallery stained glass is displayed alongside silverware starting in the 12th century and continuing to the present. Some of the most outstanding stained glass, dated 1243–48 comes from the Sainte-Chapelle, is displayed along with other examples in the new Medieval & Renaissance galleries. The important 13th-century glass beaker known as the Luck of Edenhall is also displayed in these galleries. Examples of British stained glass are displayed in the British Galleries. One of the most spectacular items in the collection is the chandelier by Dale Chihuly in the rotunda at the Museum's main entrance.",IRRELEVANT,True,True,True
57295b5b1d04691400779315__57295b5b1d04691400779318,A,57295b5b1d04691400779315,What do red algal chloroplasts have that green chloroplasts don't?,['phycobilisomes'],ba8763f3206489c2,Martin_Luther,"In the 1530s and 1540s, printed images of Luther that emphasized his monumental size were crucial to the spread of Protestantism. In contrast to images of frail Catholic saints, Luther was presented as a stout man with a ""double chin, strong mouth, piercing deep-set eyes, fleshy face, and squat neck."" He was shown to be physically imposing, an equal in stature to the secular German princes with whom he would join forces to spread Lutheranism. His large body also let the viewer know that he did not shun earthly pleasures like drinking—behavior that was a stark contrast to the ascetic life of the medieval religious orders. Famous images from this period include the woodcuts by Hans Brosamer (1530) and Lucas Cranach the Elder and Lucas Cranach the Younger (1546).",IRRELEVANT,True,True,True
57295b5b1d04691400779315__57295b5b1d04691400779318,B,57295b5b1d04691400779318,What have some plants repurposed the peptidoglycan layer genes for?,['chloroplast division'],ba8763f3206489c2,Martin_Luther,"In the 1530s and 1540s, printed images of Luther that emphasized his monumental size were crucial to the spread of Protestantism. In contrast to images of frail Catholic saints, Luther was presented as a stout man with a ""double chin, strong mouth, piercing deep-set eyes, fleshy face, and squat neck."" He was shown to be physically imposing, an equal in stature to the secular German princes with whom he would join forces to spread Lutheranism. His large body also let the viewer know that he did not shun earthly pleasures like drinking—behavior that was a stark contrast to the ascetic life of the medieval religious orders. Famous images from this period include the woodcuts by Hans Brosamer (1530) and Lucas Cranach the Elder and Lucas Cranach the Younger (1546).",IRRELEVANT,True,True,True
57295b5b1d04691400779315__57295b5b1d04691400779318,A,57295b5b1d04691400779315,What do red algal chloroplasts have that green chloroplasts don't?,['phycobilisomes'],60527ca1cce54d34,Scottish_Parliament,"The outcome of most votes can be predicted beforehand since political parties normally instruct members which way to vote. Parties entrust some MSPs, known as whips, with the task of ensuring that party members vote according to the party line. MSPs do not tend to vote against such instructions, since those who do are unlikely to reach higher political ranks in their parties. Errant members can be deselected as official party candidates during future elections, and, in serious cases, may be expelled from their parties outright. Thus, as with many Parliaments, the independence of Members of the Scottish Parliament tends to be low, and backbench rebellions by members who are discontent with their party's policies are rare. In some circumstances, however, parties announce ""free votes"", which allows Members to vote as they please. This is typically done on moral issues.",IRRELEVANT,True,True,True
57295b5b1d04691400779315__57295b5b1d04691400779318,B,57295b5b1d04691400779318,What have some plants repurposed the peptidoglycan layer genes for?,['chloroplast division'],60527ca1cce54d34,Scottish_Parliament,"The outcome of most votes can be predicted beforehand since political parties normally instruct members which way to vote. Parties entrust some MSPs, known as whips, with the task of ensuring that party members vote according to the party line. MSPs do not tend to vote against such instructions, since those who do are unlikely to reach higher political ranks in their parties. Errant members can be deselected as official party candidates during future elections, and, in serious cases, may be expelled from their parties outright. Thus, as with many Parliaments, the independence of Members of the Scottish Parliament tends to be low, and backbench rebellions by members who are discontent with their party's policies are rare. In some circumstances, however, parties announce ""free votes"", which allows Members to vote as they please. This is typically done on moral issues.",IRRELEVANT,True,True,True
57295b5b1d04691400779315__57295b5b1d04691400779318,A,57295b5b1d04691400779315,What do red algal chloroplasts have that green chloroplasts don't?,['phycobilisomes'],2614908637c6c056,Pharmacy,"In Japan, at the end of the Asuka period (538–710) and the early Nara period (710–794), the men who fulfilled roles similar to those of modern pharmacists were highly respected. The place of pharmacists in society was expressly defined in the Taihō Code (701) and re-stated in the Yōrō Code (718). Ranked positions in the pre-Heian Imperial court were established; and this organizational structure remained largely intact until the Meiji Restoration (1868). In this highly stable hierarchy, the pharmacists—and even pharmacist assistants—were assigned status superior to all others in health-related fields such as physicians and acupuncturists. In the Imperial household, the pharmacist was even ranked above the two personal physicians of the Emperor.",IRRELEVANT,True,True,True
57295b5b1d04691400779315__57295b5b1d04691400779318,B,57295b5b1d04691400779318,What have some plants repurposed the peptidoglycan layer genes for?,['chloroplast division'],2614908637c6c056,Pharmacy,"In Japan, at the end of the Asuka period (538–710) and the early Nara period (710–794), the men who fulfilled roles similar to those of modern pharmacists were highly respected. The place of pharmacists in society was expressly defined in the Taihō Code (701) and re-stated in the Yōrō Code (718). Ranked positions in the pre-Heian Imperial court were established; and this organizational structure remained largely intact until the Meiji Restoration (1868). In this highly stable hierarchy, the pharmacists—and even pharmacist assistants—were assigned status superior to all others in health-related fields such as physicians and acupuncturists. In the Imperial household, the pharmacist was even ranked above the two personal physicians of the Emperor.",IRRELEVANT,True,True,True
57295b5b1d04691400779315__57295b5b1d04691400779318,A,57295b5b1d04691400779315,What do red algal chloroplasts have that green chloroplasts don't?,['phycobilisomes'],972fa2e023416781,Martin_Luther,"From 1510 to 1520, Luther lectured on the Psalms, the books of Hebrews, Romans, and Galatians. As he studied these portions of the Bible, he came to view the use of terms such as penance and righteousness by the Catholic Church in new ways. He became convinced that the church was corrupt in its ways and had lost sight of what he saw as several of the central truths of Christianity. The most important for Luther was the doctrine of justification – God's act of declaring a sinner righteous – by faith alone through God's grace. He began to teach that salvation or redemption is a gift of God's grace, attainable only through faith in Jesus as the Messiah. ""This one and firm rock, which we call the doctrine of justification,"" he wrote, ""is the chief article of the whole Christian doctrine, which comprehends the understanding of all godliness.""",IRRELEVANT,True,True,True
57295b5b1d04691400779315__57295b5b1d04691400779318,B,57295b5b1d04691400779318,What have some plants repurposed the peptidoglycan layer genes for?,['chloroplast division'],972fa2e023416781,Martin_Luther,"From 1510 to 1520, Luther lectured on the Psalms, the books of Hebrews, Romans, and Galatians. As he studied these portions of the Bible, he came to view the use of terms such as penance and righteousness by the Catholic Church in new ways. He became convinced that the church was corrupt in its ways and had lost sight of what he saw as several of the central truths of Christianity. The most important for Luther was the doctrine of justification – God's act of declaring a sinner righteous – by faith alone through God's grace. He began to teach that salvation or redemption is a gift of God's grace, attainable only through faith in Jesus as the Messiah. ""This one and firm rock, which we call the doctrine of justification,"" he wrote, ""is the chief article of the whole Christian doctrine, which comprehends the understanding of all godliness.""",IRRELEVANT,True,True,True
57295b5b1d04691400779315__57295b5b1d04691400779318,A,57295b5b1d04691400779315,What do red algal chloroplasts have that green chloroplasts don't?,['phycobilisomes'],a828c58f3d12ed3b,Yuan_dynasty,"Since its invention in 1269, the 'Phags-pa script, a unified script for spelling Mongolian, Tibetan, and Chinese languages, was preserved in the court until the end of the dynasty. Most of the Emperors could not master written Chinese, but they could generally converse well in the language. The Mongol custom of long standing quda/marriage alliance with Mongol clans, the Onggirat, and the Ikeres, kept the imperial blood purely Mongol until the reign of Tugh Temur, whose mother was a Tangut concubine. The Mongol Emperors had built large palaces and pavilions, but some still continued to live as nomads at times. Nevertheless, a few other Yuan emperors actively sponsored cultural activities; an example is Tugh Temur (Emperor Wenzong), who wrote poetry, painted, read Chinese classical texts, and ordered the compilation of books.",IRRELEVANT,True,True,True
57295b5b1d04691400779315__57295b5b1d04691400779318,B,57295b5b1d04691400779318,What have some plants repurposed the peptidoglycan layer genes for?,['chloroplast division'],a828c58f3d12ed3b,Yuan_dynasty,"Since its invention in 1269, the 'Phags-pa script, a unified script for spelling Mongolian, Tibetan, and Chinese languages, was preserved in the court until the end of the dynasty. Most of the Emperors could not master written Chinese, but they could generally converse well in the language. The Mongol custom of long standing quda/marriage alliance with Mongol clans, the Onggirat, and the Ikeres, kept the imperial blood purely Mongol until the reign of Tugh Temur, whose mother was a Tangut concubine. The Mongol Emperors had built large palaces and pavilions, but some still continued to live as nomads at times. Nevertheless, a few other Yuan emperors actively sponsored cultural activities; an example is Tugh Temur (Emperor Wenzong), who wrote poetry, painted, read Chinese classical texts, and ordered the compilation of books.",IRRELEVANT,True,True,True
57295b5b1d04691400779315__57295b5b1d04691400779318,A,57295b5b1d04691400779315,What do red algal chloroplasts have that green chloroplasts don't?,['phycobilisomes'],88ebefee76460e60,Immune_system,"In the mid-1950s, Frank Burnet, inspired by a suggestion made by Niels Jerne, formulated the clonal selection theory (CST) of immunity. On the basis of CST, Burnet developed a theory of how an immune response is triggered according to the self/nonself distinction: ""self"" constituents (constituents of the body) do not trigger destructive immune responses, while ""nonself"" entities (pathogens, an allograft) trigger a destructive immune response. The theory was later modified to reflect new discoveries regarding histocompatibility or the complex ""two-signal"" activation of T cells. The self/nonself theory of immunity and the self/nonself vocabulary have been criticized, but remain very influential.",IRRELEVANT,True,True,True
57295b5b1d04691400779315__57295b5b1d04691400779318,B,57295b5b1d04691400779318,What have some plants repurposed the peptidoglycan layer genes for?,['chloroplast division'],88ebefee76460e60,Immune_system,"In the mid-1950s, Frank Burnet, inspired by a suggestion made by Niels Jerne, formulated the clonal selection theory (CST) of immunity. On the basis of CST, Burnet developed a theory of how an immune response is triggered according to the self/nonself distinction: ""self"" constituents (constituents of the body) do not trigger destructive immune responses, while ""nonself"" entities (pathogens, an allograft) trigger a destructive immune response. The theory was later modified to reflect new discoveries regarding histocompatibility or the complex ""two-signal"" activation of T cells. The self/nonself theory of immunity and the self/nonself vocabulary have been criticized, but remain very influential.",IRRELEVANT,True,True,True
57295b5b1d04691400779315__57295b5b1d04691400779318,A,57295b5b1d04691400779315,What do red algal chloroplasts have that green chloroplasts don't?,['phycobilisomes'],84f0f44373d22c8c,Prime_number,"A large body of mathematical work would still be valid when calling 1 a prime, but Euclid's fundamental theorem of arithmetic (mentioned above) would not hold as stated. For example, the number 15 can be factored as 3 · 5 and 1 · 3 · 5; if 1 were admitted as a prime, these two presentations would be considered different factorizations of 15 into prime numbers, so the statement of that theorem would have to be modified. Similarly, the sieve of Eratosthenes would not work correctly if 1 were considered a prime: a modified version of the sieve that considers 1 as prime would eliminate all multiples of 1 (that is, all other numbers) and produce as output only the single number 1. Furthermore, the prime numbers have several properties that the number 1 lacks, such as the relationship of the number to its corresponding value of Euler's totient function or the sum of divisors function.",IRRELEVANT,True,True,True
57295b5b1d04691400779315__57295b5b1d04691400779318,B,57295b5b1d04691400779318,What have some plants repurposed the peptidoglycan layer genes for?,['chloroplast division'],84f0f44373d22c8c,Prime_number,"A large body of mathematical work would still be valid when calling 1 a prime, but Euclid's fundamental theorem of arithmetic (mentioned above) would not hold as stated. For example, the number 15 can be factored as 3 · 5 and 1 · 3 · 5; if 1 were admitted as a prime, these two presentations would be considered different factorizations of 15 into prime numbers, so the statement of that theorem would have to be modified. Similarly, the sieve of Eratosthenes would not work correctly if 1 were considered a prime: a modified version of the sieve that considers 1 as prime would eliminate all multiples of 1 (that is, all other numbers) and produce as output only the single number 1. Furthermore, the prime numbers have several properties that the number 1 lacks, such as the relationship of the number to its corresponding value of Euler's totient function or the sum of divisors function.",IRRELEVANT,True,True,True
57295b5b1d04691400779315__57295b5b1d04691400779318,A,57295b5b1d04691400779315,What do red algal chloroplasts have that green chloroplasts don't?,['phycobilisomes'],fecbe268dcfa78e4,European_Union_law,"The Social Charter was subsequently adopted in 1989 by 11 of the then 12 member states. The UK refused to sign the Social Charter and was exempt from the legislation covering Social Charter issues unless it agreed to be bound by the legislation. The UK subsequently was the only member state to veto the Social Charter being included as the ""Social Chapter"" of the 1992 Maastricht Treaty - instead, an Agreement on Social Policy was added as a protocol. Again, the UK was exempt from legislation arising from the protocol, unless it agreed to be bound by it. The protocol was to become known as ""Social Chapter"", despite not actually being a chapter of the Maastricht Treaty. To achieve aims of the Agreement on Social Policy the European Union was to ""support and complement"" the policies of member states. The aims of the Agreement on Social Policy are:",IRRELEVANT,True,True,True
57295b5b1d04691400779315__57295b5b1d04691400779318,B,57295b5b1d04691400779318,What have some plants repurposed the peptidoglycan layer genes for?,['chloroplast division'],fecbe268dcfa78e4,European_Union_law,"The Social Charter was subsequently adopted in 1989 by 11 of the then 12 member states. The UK refused to sign the Social Charter and was exempt from the legislation covering Social Charter issues unless it agreed to be bound by the legislation. The UK subsequently was the only member state to veto the Social Charter being included as the ""Social Chapter"" of the 1992 Maastricht Treaty - instead, an Agreement on Social Policy was added as a protocol. Again, the UK was exempt from legislation arising from the protocol, unless it agreed to be bound by it. The protocol was to become known as ""Social Chapter"", despite not actually being a chapter of the Maastricht Treaty. To achieve aims of the Agreement on Social Policy the European Union was to ""support and complement"" the policies of member states. The aims of the Agreement on Social Policy are:",IRRELEVANT,True,True,True
57295b5b1d04691400779315__57295b5b1d04691400779318,A,57295b5b1d04691400779315,What do red algal chloroplasts have that green chloroplasts don't?,['phycobilisomes'],0db6c18a581b689b,Victoria_and_Albert_Museum,"The Musical Instruments gallery closed 25 February 2010, a decision which was highly controversial. An online petition of over 5,100 names on the Parliamentary website led to Chris Smith asking Parliament about the future of the collection. The answer, from Bryan Davies was that the museum intended to preserve and care for the collection and keep it available to the public, with items being redistributed to the British Galleries, the Medieval & Renaissance Galleries, and the planned new galleries for Furniture and Europe 1600–1800, and that the Horniman Museum and other institutions were possible candidates for loans of material to ensure that the instruments remained publicly viewable. The Horniman went on to host a joint exhibition with the V&A of musical instruments, and has the loan of 35 instruments from the museum.",IRRELEVANT,True,True,True
57295b5b1d04691400779315__57295b5b1d04691400779318,B,57295b5b1d04691400779318,What have some plants repurposed the peptidoglycan layer genes for?,['chloroplast division'],0db6c18a581b689b,Victoria_and_Albert_Museum,"The Musical Instruments gallery closed 25 February 2010, a decision which was highly controversial. An online petition of over 5,100 names on the Parliamentary website led to Chris Smith asking Parliament about the future of the collection. The answer, from Bryan Davies was that the museum intended to preserve and care for the collection and keep it available to the public, with items being redistributed to the British Galleries, the Medieval & Renaissance Galleries, and the planned new galleries for Furniture and Europe 1600–1800, and that the Horniman Museum and other institutions were possible candidates for loans of material to ensure that the instruments remained publicly viewable. The Horniman went on to host a joint exhibition with the V&A of musical instruments, and has the loan of 35 instruments from the museum.",IRRELEVANT,True,True,True
57295b5b1d04691400779315__57295b5b1d04691400779318,A,57295b5b1d04691400779315,What do red algal chloroplasts have that green chloroplasts don't?,['phycobilisomes'],83eb842fe156ab9f,Newcastle_upon_Tyne,"There are concentrations of pubs, bars and nightclubs around the Bigg Market and the Quayside area of the city centre. There are many bars on the Bigg Market, and other popular areas for nightlife are Collingwood Street, popularly referred to as the 'Diamond Strip' due to its concentration of high-end bars, Neville Street, the Central Station area and Osborne Road in the Jesmond area of the city. In recent years ""The Gate"" has opened in the city centre, a new indoor complex consisting of bars, upmarket clubs, restaurants and a 12-screen Empire multiplex cinema. Newcastle's gay scene - 'The Pink Triangle' - is centred on the Times Square area near the Centre for Life and has a range of bars, cafés and clubs.",IRRELEVANT,True,True,True
57295b5b1d04691400779315__57295b5b1d04691400779318,B,57295b5b1d04691400779318,What have some plants repurposed the peptidoglycan layer genes for?,['chloroplast division'],83eb842fe156ab9f,Newcastle_upon_Tyne,"There are concentrations of pubs, bars and nightclubs around the Bigg Market and the Quayside area of the city centre. There are many bars on the Bigg Market, and other popular areas for nightlife are Collingwood Street, popularly referred to as the 'Diamond Strip' due to its concentration of high-end bars, Neville Street, the Central Station area and Osborne Road in the Jesmond area of the city. In recent years ""The Gate"" has opened in the city centre, a new indoor complex consisting of bars, upmarket clubs, restaurants and a 12-screen Empire multiplex cinema. Newcastle's gay scene - 'The Pink Triangle' - is centred on the Times Square area near the Centre for Life and has a range of bars, cafés and clubs.",IRRELEVANT,True,True,True
57295b5b1d04691400779315__57295b5b1d04691400779318,A,57295b5b1d04691400779315,What do red algal chloroplasts have that green chloroplasts don't?,['phycobilisomes'],efc06264ba4fcacb,Economic_inequality,"Wealth concentration is a theoretical[according to whom?] process by which, under certain conditions, newly created wealth concentrates in the possession of already-wealthy individuals or entities. According to this theory, those who already hold wealth have the means to invest in new sources of creating wealth or to otherwise leverage the accumulation of wealth, thus are the beneficiaries of the new wealth. Over time, wealth condensation can significantly contribute to the persistence of inequality within society. Thomas Piketty in his book Capital in the Twenty-First Century argues that the fundamental force for divergence is the usually greater return of capital (r) than economic growth (g), and that larger fortunes generate higher returns [pp. 384 Table 12.2, U.S. university endowment size vs. real annual rate of return]",IRRELEVANT,True,True,True
57295b5b1d04691400779315__57295b5b1d04691400779318,B,57295b5b1d04691400779318,What have some plants repurposed the peptidoglycan layer genes for?,['chloroplast division'],efc06264ba4fcacb,Economic_inequality,"Wealth concentration is a theoretical[according to whom?] process by which, under certain conditions, newly created wealth concentrates in the possession of already-wealthy individuals or entities. According to this theory, those who already hold wealth have the means to invest in new sources of creating wealth or to otherwise leverage the accumulation of wealth, thus are the beneficiaries of the new wealth. Over time, wealth condensation can significantly contribute to the persistence of inequality within society. Thomas Piketty in his book Capital in the Twenty-First Century argues that the fundamental force for divergence is the usually greater return of capital (r) than economic growth (g), and that larger fortunes generate higher returns [pp. 384 Table 12.2, U.S. university endowment size vs. real annual rate of return]",IRRELEVANT,True,True,True
57295b5b1d04691400779315__57295b5b1d04691400779318,A,57295b5b1d04691400779315,What do red algal chloroplasts have that green chloroplasts don't?,['phycobilisomes'],5f5d1d6c2496bcc4,Newcastle_upon_Tyne,"The city has two universities — Newcastle University and Northumbria University. Newcastle University has its origins in the School of Medicine and Surgery, established in 1834 and became independent from Durham University on 1 August 1963 to form the University of Newcastle upon Tyne. Newcastle University is now one of the UK's leading international universities. It won the coveted Sunday Times University of the Year award in 2000. Northumbria University has its origins in the Newcastle Polytechnic, established in 1969 and became the University of Northumbria at Newcastle in 1992 as part of the UK-wide process in which polytechnics became new universities. Northumbria University was voted 'Best New University' by The Times Good University Guide 2005 and also won a much coveted company award of the ""Most IT enabled organisation"" (in the UK), by the IT industry magazine Computing.",IRRELEVANT,True,True,True
57295b5b1d04691400779315__57295b5b1d04691400779318,B,57295b5b1d04691400779318,What have some plants repurposed the peptidoglycan layer genes for?,['chloroplast division'],5f5d1d6c2496bcc4,Newcastle_upon_Tyne,"The city has two universities — Newcastle University and Northumbria University. Newcastle University has its origins in the School of Medicine and Surgery, established in 1834 and became independent from Durham University on 1 August 1963 to form the University of Newcastle upon Tyne. Newcastle University is now one of the UK's leading international universities. It won the coveted Sunday Times University of the Year award in 2000. Northumbria University has its origins in the Newcastle Polytechnic, established in 1969 and became the University of Northumbria at Newcastle in 1992 as part of the UK-wide process in which polytechnics became new universities. Northumbria University was voted 'Best New University' by The Times Good University Guide 2005 and also won a much coveted company award of the ""Most IT enabled organisation"" (in the UK), by the IT industry magazine Computing.",IRRELEVANT,True,True,True
57295b5b1d04691400779315__57295b5b1d04691400779318,A,57295b5b1d04691400779315,What do red algal chloroplasts have that green chloroplasts don't?,['phycobilisomes'],7097fc043d251726,Intergovernmental_Panel_on_Climate_Change,"Since the IPCC does not carry out its own research, it operates on the basis of scientific papers and independently documented results from other scientific bodies, and its schedule for producing reports requires a deadline for submissions prior to the report's final release. In principle, this means that any significant new evidence or events that change our understanding of climate science between this deadline and publication of an IPCC report cannot be included. In an area of science where our scientific understanding is rapidly changing, this has been raised as a serious shortcoming in a body which is widely regarded as the ultimate authority on the science. However, there has generally been a steady evolution of key findings and levels of scientific confidence from one assessment report to the next.[citation needed]",IRRELEVANT,True,True,True
57295b5b1d04691400779315__57295b5b1d04691400779318,B,57295b5b1d04691400779318,What have some plants repurposed the peptidoglycan layer genes for?,['chloroplast division'],7097fc043d251726,Intergovernmental_Panel_on_Climate_Change,"Since the IPCC does not carry out its own research, it operates on the basis of scientific papers and independently documented results from other scientific bodies, and its schedule for producing reports requires a deadline for submissions prior to the report's final release. In principle, this means that any significant new evidence or events that change our understanding of climate science between this deadline and publication of an IPCC report cannot be included. In an area of science where our scientific understanding is rapidly changing, this has been raised as a serious shortcoming in a body which is widely regarded as the ultimate authority on the science. However, there has generally been a steady evolution of key findings and levels of scientific confidence from one assessment report to the next.[citation needed]",IRRELEVANT,True,True,True
57295b5b1d04691400779315__57295b5b1d04691400779318,A,57295b5b1d04691400779315,What do red algal chloroplasts have that green chloroplasts don't?,['phycobilisomes'],f20b77cd754d6890,American_Broadcasting_Company,"In 1983, for the 40th anniversary of the network's founding, ID sequences had the logo appear in a gold CGI design on a blue background, accompanied by the slogan ""That Special Feeling"" in a script font. Ten years later, in 1993, the ""ABC Circle"" logo reverted to its classic white-on-black color scheme, but with gloss effects on both the circle and the letters, and a bronze border surrounding the circle. The ABC logo first appeared as a on-screen bug in the 1993–94 season, appearing initially only for 60 seconds at the beginning of an act or segment, before appearing throughout programs (except during commercial breaks) beginning in the 1995–96 season; the respective iterations of the translucent logo bug were also incorporated within program promotions until the 2011–12 season.",IRRELEVANT,True,True,True
57295b5b1d04691400779315__57295b5b1d04691400779318,B,57295b5b1d04691400779318,What have some plants repurposed the peptidoglycan layer genes for?,['chloroplast division'],f20b77cd754d6890,American_Broadcasting_Company,"In 1983, for the 40th anniversary of the network's founding, ID sequences had the logo appear in a gold CGI design on a blue background, accompanied by the slogan ""That Special Feeling"" in a script font. Ten years later, in 1993, the ""ABC Circle"" logo reverted to its classic white-on-black color scheme, but with gloss effects on both the circle and the letters, and a bronze border surrounding the circle. The ABC logo first appeared as a on-screen bug in the 1993–94 season, appearing initially only for 60 seconds at the beginning of an act or segment, before appearing throughout programs (except during commercial breaks) beginning in the 1995–96 season; the respective iterations of the translucent logo bug were also incorporated within program promotions until the 2011–12 season.",IRRELEVANT,True,True,True
57295b5b1d04691400779315__57295b5b1d04691400779318,A,57295b5b1d04691400779315,What do red algal chloroplasts have that green chloroplasts don't?,['phycobilisomes'],d9538b16aa9b6d22,Warsaw,"The flora of the city may be considered very rich in species. The species richness is mainly due to the location of Warsaw within the border region of several big floral regions comprising substantial proportions of close-to-wilderness areas (natural forests, wetlands along the Vistula) as well as arable land, meadows and forests. Bielany Forest, located within the borders of Warsaw, is the remaining part of the Masovian Primeval Forest. Bielany Forest nature reserve is connected with Kampinos Forest. It is home to rich fauna and flora. Within the forest there are three cycling and walking trails. Other big forest area is Kabaty Forest by the southern city border. Warsaw has also two botanic gardens: by the Łazienki park (a didactic-research unit of the University of Warsaw) as well as by the Park of Culture and Rest in Powsin (a unit of the Polish Academy of Science).",IRRELEVANT,True,True,True
57295b5b1d04691400779315__57295b5b1d04691400779318,B,57295b5b1d04691400779318,What have some plants repurposed the peptidoglycan layer genes for?,['chloroplast division'],d9538b16aa9b6d22,Warsaw,"The flora of the city may be considered very rich in species. The species richness is mainly due to the location of Warsaw within the border region of several big floral regions comprising substantial proportions of close-to-wilderness areas (natural forests, wetlands along the Vistula) as well as arable land, meadows and forests. Bielany Forest, located within the borders of Warsaw, is the remaining part of the Masovian Primeval Forest. Bielany Forest nature reserve is connected with Kampinos Forest. It is home to rich fauna and flora. Within the forest there are three cycling and walking trails. Other big forest area is Kabaty Forest by the southern city border. Warsaw has also two botanic gardens: by the Łazienki park (a didactic-research unit of the University of Warsaw) as well as by the Park of Culture and Rest in Powsin (a unit of the Polish Academy of Science).",IRRELEVANT,True,True,True
57295b5b1d04691400779315__57295b5b1d04691400779318,A,57295b5b1d04691400779315,What do red algal chloroplasts have that green chloroplasts don't?,['phycobilisomes'],fb3292657a24788e,Nikola_Tesla,"In 1893, George Westinghouse won the bid to light the 1893 World's Columbian Exposition in Chicago with alternating current, beating out a General Electric bid by one million dollars. This World's Fair devoted a building to electrical exhibits. It was a key event in the history of AC power, as Westinghouse demonstrated the safety, reliability, and efficiency of a fully integrated alternating current system to the American public. At the Columbian Exposition, under a banner announcing the ""Tesla Polyphase System"", Tesla demonstrated a series of electrical effects previously performed throughout America and Europe,:76 included using high-voltage, high-frequency alternating current to light a wireless gas-discharge lamp.:79 An observer noted:",IRRELEVANT,True,True,True
57295b5b1d04691400779315__57295b5b1d04691400779318,B,57295b5b1d04691400779318,What have some plants repurposed the peptidoglycan layer genes for?,['chloroplast division'],fb3292657a24788e,Nikola_Tesla,"In 1893, George Westinghouse won the bid to light the 1893 World's Columbian Exposition in Chicago with alternating current, beating out a General Electric bid by one million dollars. This World's Fair devoted a building to electrical exhibits. It was a key event in the history of AC power, as Westinghouse demonstrated the safety, reliability, and efficiency of a fully integrated alternating current system to the American public. At the Columbian Exposition, under a banner announcing the ""Tesla Polyphase System"", Tesla demonstrated a series of electrical effects previously performed throughout America and Europe,:76 included using high-voltage, high-frequency alternating current to light a wireless gas-discharge lamp.:79 An observer noted:",IRRELEVANT,True,True,True
57295b5b1d04691400779315__57295b5b1d04691400779318,A,57295b5b1d04691400779315,What do red algal chloroplasts have that green chloroplasts don't?,['phycobilisomes'],c17ef7adcab459b9,Private_school,"In the Philippines, the private sector has been a major provider of educational services, accounting for about 7.5% of primary enrollment, 32% of secondary enrollment and about 80% of tertiary enrollment. Private schools have proven to be efficient in resource utilization. Per unit costs in private schools are generally lower when compared to public schools. This situation is more evident at the tertiary level. Government regulations have given private education more flexibility and autonomy in recent years, notably by lifting the moratorium on applications for new courses, new schools and conversions, by liberalizing tuition fee policy for private schools, by replacing values education for third and fourth years with English, mathematics and natural science at the option of the school, and by issuing the revised Manual of Regulations for Private Schools in August 1992.",IRRELEVANT,True,True,True
57295b5b1d04691400779315__57295b5b1d04691400779318,B,57295b5b1d04691400779318,What have some plants repurposed the peptidoglycan layer genes for?,['chloroplast division'],c17ef7adcab459b9,Private_school,"In the Philippines, the private sector has been a major provider of educational services, accounting for about 7.5% of primary enrollment, 32% of secondary enrollment and about 80% of tertiary enrollment. Private schools have proven to be efficient in resource utilization. Per unit costs in private schools are generally lower when compared to public schools. This situation is more evident at the tertiary level. Government regulations have given private education more flexibility and autonomy in recent years, notably by lifting the moratorium on applications for new courses, new schools and conversions, by liberalizing tuition fee policy for private schools, by replacing values education for third and fourth years with English, mathematics and natural science at the option of the school, and by issuing the revised Manual of Regulations for Private Schools in August 1992.",IRRELEVANT,True,True,True
57286fa83acd2414000df9e5__57286fa83acd2414000df9e7,A,57286fa83acd2414000df9e5,Who was Ayurbarwada's son?,['Gegeen Khan'],79df8b2517140f9a,University_of_Chicago,"Current faculty include the anthropologist Marshall Sahlins, historian Dipesh Chakrabarty, paleontologists Neil Shubin and Paul Sereno, evolutionary biologist Jerry Coyne, Nobel prize winning physicist Yoichiro Nambu, Nobel prize winning physicist James Cronin, Nobel Prize winning economists Eugene Fama, James Heckman, Lars Peter Hansen, Roger Myerson and Robert Lucas, Jr., Freakonomics author and noted economist Steven Levitt, current governor of India's central bank Raghuram Rajan, the 74th United States Secretary of the Treasury and former Goldman Sachs Chairman and CEO Hank Paulson, former Chairman of President Barack Obama's Council of Economic Advisors Austan Goolsbee, Shakespeare scholar David Bevington, and renowned political scientists John Mearsheimer and Robert Pape.",IRRELEVANT,True,True,True
57286fa83acd2414000df9e5__57286fa83acd2414000df9e7,B,57286fa83acd2414000df9e7,Who did Gegeen appoint as grand chancellor?,['Baiju'],79df8b2517140f9a,University_of_Chicago,"Current faculty include the anthropologist Marshall Sahlins, historian Dipesh Chakrabarty, paleontologists Neil Shubin and Paul Sereno, evolutionary biologist Jerry Coyne, Nobel prize winning physicist Yoichiro Nambu, Nobel prize winning physicist James Cronin, Nobel Prize winning economists Eugene Fama, James Heckman, Lars Peter Hansen, Roger Myerson and Robert Lucas, Jr., Freakonomics author and noted economist Steven Levitt, current governor of India's central bank Raghuram Rajan, the 74th United States Secretary of the Treasury and former Goldman Sachs Chairman and CEO Hank Paulson, former Chairman of President Barack Obama's Council of Economic Advisors Austan Goolsbee, Shakespeare scholar David Bevington, and renowned political scientists John Mearsheimer and Robert Pape.",IRRELEVANT,True,True,True
57286fa83acd2414000df9e5__57286fa83acd2414000df9e7,A,57286fa83acd2414000df9e5,Who was Ayurbarwada's son?,['Gegeen Khan'],e0feb3a394432519,Doctor_Who,"In 2013, the Peabody Awards honoured Doctor Who with an Institutional Peabody ""for evolving with technology and the times like nothing else in the known television universe."" The programme is listed in Guinness World Records as the longest-running science fiction television show in the world, the ""most successful"" science fiction series of all time—based on its over-all broadcast ratings, DVD and book sales, and iTunes traffic— and for the largest ever simulcast of a TV drama with its 50th anniversary special. During its original run, it was recognised for its imaginative stories, creative low-budget special effects, and pioneering use of electronic music (originally produced by the BBC Radiophonic Workshop).",IRRELEVANT,True,True,True
57286fa83acd2414000df9e5__57286fa83acd2414000df9e7,B,57286fa83acd2414000df9e7,Who did Gegeen appoint as grand chancellor?,['Baiju'],e0feb3a394432519,Doctor_Who,"In 2013, the Peabody Awards honoured Doctor Who with an Institutional Peabody ""for evolving with technology and the times like nothing else in the known television universe."" The programme is listed in Guinness World Records as the longest-running science fiction television show in the world, the ""most successful"" science fiction series of all time—based on its over-all broadcast ratings, DVD and book sales, and iTunes traffic— and for the largest ever simulcast of a TV drama with its 50th anniversary special. During its original run, it was recognised for its imaginative stories, creative low-budget special effects, and pioneering use of electronic music (originally produced by the BBC Radiophonic Workshop).",IRRELEVANT,True,True,True
57286fa83acd2414000df9e5__57286fa83acd2414000df9e7,A,57286fa83acd2414000df9e5,Who was Ayurbarwada's son?,['Gegeen Khan'],5f5d1d6c2496bcc4,Newcastle_upon_Tyne,"The city has two universities — Newcastle University and Northumbria University. Newcastle University has its origins in the School of Medicine and Surgery, established in 1834 and became independent from Durham University on 1 August 1963 to form the University of Newcastle upon Tyne. Newcastle University is now one of the UK's leading international universities. It won the coveted Sunday Times University of the Year award in 2000. Northumbria University has its origins in the Newcastle Polytechnic, established in 1969 and became the University of Northumbria at Newcastle in 1992 as part of the UK-wide process in which polytechnics became new universities. Northumbria University was voted 'Best New University' by The Times Good University Guide 2005 and also won a much coveted company award of the ""Most IT enabled organisation"" (in the UK), by the IT industry magazine Computing.",IRRELEVANT,True,True,True
57286fa83acd2414000df9e5__57286fa83acd2414000df9e7,B,57286fa83acd2414000df9e7,Who did Gegeen appoint as grand chancellor?,['Baiju'],5f5d1d6c2496bcc4,Newcastle_upon_Tyne,"The city has two universities — Newcastle University and Northumbria University. Newcastle University has its origins in the School of Medicine and Surgery, established in 1834 and became independent from Durham University on 1 August 1963 to form the University of Newcastle upon Tyne. Newcastle University is now one of the UK's leading international universities. It won the coveted Sunday Times University of the Year award in 2000. Northumbria University has its origins in the Newcastle Polytechnic, established in 1969 and became the University of Northumbria at Newcastle in 1992 as part of the UK-wide process in which polytechnics became new universities. Northumbria University was voted 'Best New University' by The Times Good University Guide 2005 and also won a much coveted company award of the ""Most IT enabled organisation"" (in the UK), by the IT industry magazine Computing.",IRRELEVANT,True,True,True
57286fa83acd2414000df9e5__57286fa83acd2414000df9e7,A,57286fa83acd2414000df9e5,Who was Ayurbarwada's son?,['Gegeen Khan'],f54da4edb1474159,Prime_number,"For a long time, number theory in general, and the study of prime numbers in particular, was seen as the canonical example of pure mathematics, with no applications outside of the self-interest of studying the topic with the exception of use of prime numbered gear teeth to distribute wear evenly. In particular, number theorists such as British mathematician G. H. Hardy prided themselves on doing work that had absolutely no military significance. However, this vision was shattered in the 1970s, when it was publicly announced that prime numbers could be used as the basis for the creation of public key cryptography algorithms. Prime numbers are also used for hash tables and pseudorandom number generators.",IRRELEVANT,True,True,True
57286fa83acd2414000df9e5__57286fa83acd2414000df9e7,B,57286fa83acd2414000df9e7,Who did Gegeen appoint as grand chancellor?,['Baiju'],f54da4edb1474159,Prime_number,"For a long time, number theory in general, and the study of prime numbers in particular, was seen as the canonical example of pure mathematics, with no applications outside of the self-interest of studying the topic with the exception of use of prime numbered gear teeth to distribute wear evenly. In particular, number theorists such as British mathematician G. H. Hardy prided themselves on doing work that had absolutely no military significance. However, this vision was shattered in the 1970s, when it was publicly announced that prime numbers could be used as the basis for the creation of public key cryptography algorithms. Prime numbers are also used for hash tables and pseudorandom number generators.",IRRELEVANT,True,True,True
57286fa83acd2414000df9e5__57286fa83acd2414000df9e7,A,57286fa83acd2414000df9e5,Who was Ayurbarwada's son?,['Gegeen Khan'],84f0f44373d22c8c,Prime_number,"A large body of mathematical work would still be valid when calling 1 a prime, but Euclid's fundamental theorem of arithmetic (mentioned above) would not hold as stated. For example, the number 15 can be factored as 3 · 5 and 1 · 3 · 5; if 1 were admitted as a prime, these two presentations would be considered different factorizations of 15 into prime numbers, so the statement of that theorem would have to be modified. Similarly, the sieve of Eratosthenes would not work correctly if 1 were considered a prime: a modified version of the sieve that considers 1 as prime would eliminate all multiples of 1 (that is, all other numbers) and produce as output only the single number 1. Furthermore, the prime numbers have several properties that the number 1 lacks, such as the relationship of the number to its corresponding value of Euler's totient function or the sum of divisors function.",IRRELEVANT,True,True,True
57286fa83acd2414000df9e5__57286fa83acd2414000df9e7,B,57286fa83acd2414000df9e7,Who did Gegeen appoint as grand chancellor?,['Baiju'],84f0f44373d22c8c,Prime_number,"A large body of mathematical work would still be valid when calling 1 a prime, but Euclid's fundamental theorem of arithmetic (mentioned above) would not hold as stated. For example, the number 15 can be factored as 3 · 5 and 1 · 3 · 5; if 1 were admitted as a prime, these two presentations would be considered different factorizations of 15 into prime numbers, so the statement of that theorem would have to be modified. Similarly, the sieve of Eratosthenes would not work correctly if 1 were considered a prime: a modified version of the sieve that considers 1 as prime would eliminate all multiples of 1 (that is, all other numbers) and produce as output only the single number 1. Furthermore, the prime numbers have several properties that the number 1 lacks, such as the relationship of the number to its corresponding value of Euler's totient function or the sum of divisors function.",IRRELEVANT,True,True,True
57286fa83acd2414000df9e5__57286fa83acd2414000df9e7,A,57286fa83acd2414000df9e5,Who was Ayurbarwada's son?,['Gegeen Khan'],5c7f80daf5c09a34,American_Broadcasting_Company,"On December 7, 1965, Goldenson announced a merger proposal with ITT to ABC management; the two companies agreed to the deal on April 27, 1966. The FCC approved the merger on December 21, 1966; however, the previous day (December 20), Donald F. Turner, head antitrust regulator for the United States Department of Justice, expressed doubts related to such issues as the emerging cable television market, and concerns over the journalistic integrity of ABC and how it could be influenced by the overseas ownership of ITT. ITT management promised that the company would allow ABC to retain autonomy in the publishing business. The merger was suspended, and a complaint was filed by the Department of Justice in July 1967, with ITT going to trial in October 1967; the merger was officially canceled after the trial's conclusion on January 1, 1968.",IRRELEVANT,True,True,True
57286fa83acd2414000df9e5__57286fa83acd2414000df9e7,B,57286fa83acd2414000df9e7,Who did Gegeen appoint as grand chancellor?,['Baiju'],5c7f80daf5c09a34,American_Broadcasting_Company,"On December 7, 1965, Goldenson announced a merger proposal with ITT to ABC management; the two companies agreed to the deal on April 27, 1966. The FCC approved the merger on December 21, 1966; however, the previous day (December 20), Donald F. Turner, head antitrust regulator for the United States Department of Justice, expressed doubts related to such issues as the emerging cable television market, and concerns over the journalistic integrity of ABC and how it could be influenced by the overseas ownership of ITT. ITT management promised that the company would allow ABC to retain autonomy in the publishing business. The merger was suspended, and a complaint was filed by the Department of Justice in July 1967, with ITT going to trial in October 1967; the merger was officially canceled after the trial's conclusion on January 1, 1968.",IRRELEVANT,True,True,True
57286fa83acd2414000df9e5__57286fa83acd2414000df9e7,A,57286fa83acd2414000df9e5,Who was Ayurbarwada's son?,['Gegeen Khan'],ac8eafa0efd7c481,Apollo_program,"The LOC included Launch Complex 39, a Launch Control Center, and a 130 million cubic foot (3.7 million cubic meter) Vertical Assembly Building (VAB) in which the space vehicle (launch vehicle and spacecraft) would be assembled on a Mobile Launcher Platform and then moved by a transporter to one of several launch pads. Although at least three pads were planned, only two, designated A and B, were completed in October 1965. The LOC also included an Operations and Checkout Building (OCB) to which Gemini and Apollo spacecraft were initially received prior to being mated to their launch vehicles. The Apollo spacecraft could be tested in two vacuum chambers capable of simulating atmospheric pressure at altitudes up to 250,000 feet (76 km), which is nearly a vacuum.",IRRELEVANT,True,True,True
57286fa83acd2414000df9e5__57286fa83acd2414000df9e7,B,57286fa83acd2414000df9e7,Who did Gegeen appoint as grand chancellor?,['Baiju'],ac8eafa0efd7c481,Apollo_program,"The LOC included Launch Complex 39, a Launch Control Center, and a 130 million cubic foot (3.7 million cubic meter) Vertical Assembly Building (VAB) in which the space vehicle (launch vehicle and spacecraft) would be assembled on a Mobile Launcher Platform and then moved by a transporter to one of several launch pads. Although at least three pads were planned, only two, designated A and B, were completed in October 1965. The LOC also included an Operations and Checkout Building (OCB) to which Gemini and Apollo spacecraft were initially received prior to being mated to their launch vehicles. The Apollo spacecraft could be tested in two vacuum chambers capable of simulating atmospheric pressure at altitudes up to 250,000 feet (76 km), which is nearly a vacuum.",IRRELEVANT,True,True,True
57286fa83acd2414000df9e5__57286fa83acd2414000df9e7,A,57286fa83acd2414000df9e5,Who was Ayurbarwada's son?,['Gegeen Khan'],7a4ee6ca6d7934a5,Immune_system,"When a T-cell encounters a foreign pathogen, it extends a vitamin D receptor. This is essentially a signaling device that allows the T-cell to bind to the active form of vitamin D, the steroid hormone calcitriol. T-cells have a symbiotic relationship with vitamin D. Not only does the T-cell extend a vitamin D receptor, in essence asking to bind to the steroid hormone version of vitamin D, calcitriol, but the T-cell expresses the gene CYP27B1, which is the gene responsible for converting the pre-hormone version of vitamin D, calcidiol into the steroid hormone version, calcitriol. Only after binding to calcitriol can T-cells perform their intended function. Other immune system cells that are known to express CYP27B1 and thus activate vitamin D calcidiol, are dendritic cells, keratinocytes and macrophages.",IRRELEVANT,True,True,True
57286fa83acd2414000df9e5__57286fa83acd2414000df9e7,B,57286fa83acd2414000df9e7,Who did Gegeen appoint as grand chancellor?,['Baiju'],7a4ee6ca6d7934a5,Immune_system,"When a T-cell encounters a foreign pathogen, it extends a vitamin D receptor. This is essentially a signaling device that allows the T-cell to bind to the active form of vitamin D, the steroid hormone calcitriol. T-cells have a symbiotic relationship with vitamin D. Not only does the T-cell extend a vitamin D receptor, in essence asking to bind to the steroid hormone version of vitamin D, calcitriol, but the T-cell expresses the gene CYP27B1, which is the gene responsible for converting the pre-hormone version of vitamin D, calcidiol into the steroid hormone version, calcitriol. Only after binding to calcitriol can T-cells perform their intended function. Other immune system cells that are known to express CYP27B1 and thus activate vitamin D calcidiol, are dendritic cells, keratinocytes and macrophages.",IRRELEVANT,True,True,True
57286fa83acd2414000df9e5__57286fa83acd2414000df9e7,A,57286fa83acd2414000df9e5,Who was Ayurbarwada's son?,['Gegeen Khan'],dd5c8526091ce0e9,Normans,"The Normans (Norman: Nourmands; French: Normands; Latin: Normanni) were the people who in the 10th and 11th centuries gave their name to Normandy, a region in France. They were descended from Norse (""Norman"" comes from ""Norseman"") raiders and pirates from Denmark, Iceland and Norway who, under their leader Rollo, agreed to swear fealty to King Charles III of West Francia. Through generations of assimilation and mixing with the native Frankish and Roman-Gaulish populations, their descendants would gradually merge with the Carolingian-based cultures of West Francia. The distinct cultural and ethnic identity of the Normans emerged initially in the first half of the 10th century, and it continued to evolve over the succeeding centuries.",IRRELEVANT,True,True,True
57286fa83acd2414000df9e5__57286fa83acd2414000df9e7,B,57286fa83acd2414000df9e7,Who did Gegeen appoint as grand chancellor?,['Baiju'],dd5c8526091ce0e9,Normans,"The Normans (Norman: Nourmands; French: Normands; Latin: Normanni) were the people who in the 10th and 11th centuries gave their name to Normandy, a region in France. They were descended from Norse (""Norman"" comes from ""Norseman"") raiders and pirates from Denmark, Iceland and Norway who, under their leader Rollo, agreed to swear fealty to King Charles III of West Francia. Through generations of assimilation and mixing with the native Frankish and Roman-Gaulish populations, their descendants would gradually merge with the Carolingian-based cultures of West Francia. The distinct cultural and ethnic identity of the Normans emerged initially in the first half of the 10th century, and it continued to evolve over the succeeding centuries.",IRRELEVANT,True,True,True
57286fa83acd2414000df9e5__57286fa83acd2414000df9e7,A,57286fa83acd2414000df9e5,Who was Ayurbarwada's son?,['Gegeen Khan'],d371b831fea330cf,United_Methodist_Church,"Though John Wesley originally wanted the Methodists to stay within the Church of England, the American Revolution decisively separated the Methodists in the American colonies from the life and sacraments of the Anglican Church. In 1784, after unsuccessful attempts to have the Church of England send a bishop to start a new church in the colonies, Wesley decisively appointed fellow priest Thomas Coke as superintendent (bishop) to organize a separate Methodist Society. Together with Coke, Wesley sent a revision of the Anglican Prayerbook and the Articles of Religion which were received and adopted by the Baltimore Christmas Conference of 1784, officially establishing the Methodist Episcopal Church. The conference was held at the Lovely Lane Methodist Church, considered the Mother Church of American Methodism.",IRRELEVANT,True,True,True
57286fa83acd2414000df9e5__57286fa83acd2414000df9e7,B,57286fa83acd2414000df9e7,Who did Gegeen appoint as grand chancellor?,['Baiju'],d371b831fea330cf,United_Methodist_Church,"Though John Wesley originally wanted the Methodists to stay within the Church of England, the American Revolution decisively separated the Methodists in the American colonies from the life and sacraments of the Anglican Church. In 1784, after unsuccessful attempts to have the Church of England send a bishop to start a new church in the colonies, Wesley decisively appointed fellow priest Thomas Coke as superintendent (bishop) to organize a separate Methodist Society. Together with Coke, Wesley sent a revision of the Anglican Prayerbook and the Articles of Religion which were received and adopted by the Baltimore Christmas Conference of 1784, officially establishing the Methodist Episcopal Church. The conference was held at the Lovely Lane Methodist Church, considered the Mother Church of American Methodism.",IRRELEVANT,True,True,True
57286fa83acd2414000df9e5__57286fa83acd2414000df9e7,A,57286fa83acd2414000df9e5,Who was Ayurbarwada's son?,['Gegeen Khan'],bc680335bd36aca0,1973_oil_crisis,"On October 6, 1973, Syria and Egypt, with support from other Arab nations, launched a surprise attack on Israel, on Yom Kippur. This renewal of hostilities in the Arab–Israeli conflict released the underlying economic pressure on oil prices. At the time, Iran was the world's second-largest oil exporter and a close US ally. Weeks later, the Shah of Iran said in an interview: ""Of course [the price of oil] is going to rise... Certainly! And how!... You've [Western nations] increased the price of the wheat you sell us by 300 percent, and the same for sugar and cement... You buy our crude oil and sell it back to us, refined as petrochemicals, at a hundred times the price you've paid us... It's only fair that, from now on, you should pay more for oil. Let's say ten times more.""",IRRELEVANT,True,True,True
57286fa83acd2414000df9e5__57286fa83acd2414000df9e7,B,57286fa83acd2414000df9e7,Who did Gegeen appoint as grand chancellor?,['Baiju'],bc680335bd36aca0,1973_oil_crisis,"On October 6, 1973, Syria and Egypt, with support from other Arab nations, launched a surprise attack on Israel, on Yom Kippur. This renewal of hostilities in the Arab–Israeli conflict released the underlying economic pressure on oil prices. At the time, Iran was the world's second-largest oil exporter and a close US ally. Weeks later, the Shah of Iran said in an interview: ""Of course [the price of oil] is going to rise... Certainly! And how!... You've [Western nations] increased the price of the wheat you sell us by 300 percent, and the same for sugar and cement... You buy our crude oil and sell it back to us, refined as petrochemicals, at a hundred times the price you've paid us... It's only fair that, from now on, you should pay more for oil. Let's say ten times more.""",IRRELEVANT,True,True,True
57286fa83acd2414000df9e5__57286fa83acd2414000df9e7,A,57286fa83acd2414000df9e5,Who was Ayurbarwada's son?,['Gegeen Khan'],cb0bbdad5ec4984d,Pharmacy,"Because of the complexity of medications including specific indications, effectiveness of treatment regimens, safety of medications (i.e., drug interactions) and patient compliance issues (in the hospital and at home) many pharmacists practicing in hospitals gain more education and training after pharmacy school through a pharmacy practice residency and sometimes followed by another residency in a specific area. Those pharmacists are often referred to as clinical pharmacists and they often specialize in various disciplines of pharmacy. For example, there are pharmacists who specialize in hematology/oncology, HIV/AIDS, infectious disease, critical care, emergency medicine, toxicology, nuclear pharmacy, pain management, psychiatry, anti-coagulation clinics, herbal medicine, neurology/epilepsy management, pediatrics, neonatal pharmacists and more.",IRRELEVANT,True,True,True
57286fa83acd2414000df9e5__57286fa83acd2414000df9e7,B,57286fa83acd2414000df9e7,Who did Gegeen appoint as grand chancellor?,['Baiju'],cb0bbdad5ec4984d,Pharmacy,"Because of the complexity of medications including specific indications, effectiveness of treatment regimens, safety of medications (i.e., drug interactions) and patient compliance issues (in the hospital and at home) many pharmacists practicing in hospitals gain more education and training after pharmacy school through a pharmacy practice residency and sometimes followed by another residency in a specific area. Those pharmacists are often referred to as clinical pharmacists and they often specialize in various disciplines of pharmacy. For example, there are pharmacists who specialize in hematology/oncology, HIV/AIDS, infectious disease, critical care, emergency medicine, toxicology, nuclear pharmacy, pain management, psychiatry, anti-coagulation clinics, herbal medicine, neurology/epilepsy management, pediatrics, neonatal pharmacists and more.",IRRELEVANT,True,True,True
57286fa83acd2414000df9e5__57286fa83acd2414000df9e7,A,57286fa83acd2414000df9e5,Who was Ayurbarwada's son?,['Gegeen Khan'],83eb842fe156ab9f,Newcastle_upon_Tyne,"There are concentrations of pubs, bars and nightclubs around the Bigg Market and the Quayside area of the city centre. There are many bars on the Bigg Market, and other popular areas for nightlife are Collingwood Street, popularly referred to as the 'Diamond Strip' due to its concentration of high-end bars, Neville Street, the Central Station area and Osborne Road in the Jesmond area of the city. In recent years ""The Gate"" has opened in the city centre, a new indoor complex consisting of bars, upmarket clubs, restaurants and a 12-screen Empire multiplex cinema. Newcastle's gay scene - 'The Pink Triangle' - is centred on the Times Square area near the Centre for Life and has a range of bars, cafés and clubs.",IRRELEVANT,True,True,True
57286fa83acd2414000df9e5__57286fa83acd2414000df9e7,B,57286fa83acd2414000df9e7,Who did Gegeen appoint as grand chancellor?,['Baiju'],83eb842fe156ab9f,Newcastle_upon_Tyne,"There are concentrations of pubs, bars and nightclubs around the Bigg Market and the Quayside area of the city centre. There are many bars on the Bigg Market, and other popular areas for nightlife are Collingwood Street, popularly referred to as the 'Diamond Strip' due to its concentration of high-end bars, Neville Street, the Central Station area and Osborne Road in the Jesmond area of the city. In recent years ""The Gate"" has opened in the city centre, a new indoor complex consisting of bars, upmarket clubs, restaurants and a 12-screen Empire multiplex cinema. Newcastle's gay scene - 'The Pink Triangle' - is centred on the Times Square area near the Centre for Life and has a range of bars, cafés and clubs.",IRRELEVANT,True,True,True
57286fa83acd2414000df9e5__57286fa83acd2414000df9e7,A,57286fa83acd2414000df9e5,Who was Ayurbarwada's son?,['Gegeen Khan'],4beb6aed3f857b84,Doctor_Who,"The Master is the Doctor's archenemy, a renegade Time Lord who desires to rule the universe. Conceived as ""Professor Moriarty to the Doctor's Sherlock Holmes"", the character first appeared in 1971. As with the Doctor, the role has been portrayed by several actors, since the Master is a Time Lord as well and able to regenerate; the first of these actors was Roger Delgado, who continued in the role until his death in 1973. The Master was briefly played by Peter Pratt and Geoffrey Beevers until Anthony Ainley took over and continued to play the character until Doctor Who's hiatus in 1989. The Master returned in the 1996 television movie of Doctor Who, and was played by American actor Eric Roberts.",IRRELEVANT,True,True,True
57286fa83acd2414000df9e5__57286fa83acd2414000df9e7,B,57286fa83acd2414000df9e7,Who did Gegeen appoint as grand chancellor?,['Baiju'],4beb6aed3f857b84,Doctor_Who,"The Master is the Doctor's archenemy, a renegade Time Lord who desires to rule the universe. Conceived as ""Professor Moriarty to the Doctor's Sherlock Holmes"", the character first appeared in 1971. As with the Doctor, the role has been portrayed by several actors, since the Master is a Time Lord as well and able to regenerate; the first of these actors was Roger Delgado, who continued in the role until his death in 1973. The Master was briefly played by Peter Pratt and Geoffrey Beevers until Anthony Ainley took over and continued to play the character until Doctor Who's hiatus in 1989. The Master returned in the 1996 television movie of Doctor Who, and was played by American actor Eric Roberts.",IRRELEVANT,True,True,True
57286fa83acd2414000df9e5__57286fa83acd2414000df9e7,A,57286fa83acd2414000df9e5,Who was Ayurbarwada's son?,['Gegeen Khan'],efc06264ba4fcacb,Economic_inequality,"Wealth concentration is a theoretical[according to whom?] process by which, under certain conditions, newly created wealth concentrates in the possession of already-wealthy individuals or entities. According to this theory, those who already hold wealth have the means to invest in new sources of creating wealth or to otherwise leverage the accumulation of wealth, thus are the beneficiaries of the new wealth. Over time, wealth condensation can significantly contribute to the persistence of inequality within society. Thomas Piketty in his book Capital in the Twenty-First Century argues that the fundamental force for divergence is the usually greater return of capital (r) than economic growth (g), and that larger fortunes generate higher returns [pp. 384 Table 12.2, U.S. university endowment size vs. real annual rate of return]",IRRELEVANT,True,True,True
57286fa83acd2414000df9e5__57286fa83acd2414000df9e7,B,57286fa83acd2414000df9e7,Who did Gegeen appoint as grand chancellor?,['Baiju'],efc06264ba4fcacb,Economic_inequality,"Wealth concentration is a theoretical[according to whom?] process by which, under certain conditions, newly created wealth concentrates in the possession of already-wealthy individuals or entities. According to this theory, those who already hold wealth have the means to invest in new sources of creating wealth or to otherwise leverage the accumulation of wealth, thus are the beneficiaries of the new wealth. Over time, wealth condensation can significantly contribute to the persistence of inequality within society. Thomas Piketty in his book Capital in the Twenty-First Century argues that the fundamental force for divergence is the usually greater return of capital (r) than economic growth (g), and that larger fortunes generate higher returns [pp. 384 Table 12.2, U.S. university endowment size vs. real annual rate of return]",IRRELEVANT,True,True,True
57286fa83acd2414000df9e5__57286fa83acd2414000df9e7,A,57286fa83acd2414000df9e5,Who was Ayurbarwada's son?,['Gegeen Khan'],cf1792a55f5e1060,Chloroplast,"Cyanobacteria are considered the ancestors of chloroplasts. They are sometimes called blue-green algae even though they are prokaryotes. They are a diverse phylum of bacteria capable of carrying out photosynthesis, and are gram-negative, meaning that they have two cell membranes. Cyanobacteria also contain a peptidoglycan cell wall, which is thicker than in other gram-negative bacteria, and which is located between their two cell membranes. Like chloroplasts, they have thylakoids within. On the thylakoid membranes are photosynthetic pigments, including chlorophyll a. Phycobilins are also common cyanobacterial pigments, usually organized into hemispherical phycobilisomes attached to the outside of the thylakoid membranes (phycobilins are not shared with all chloroplasts though).",IRRELEVANT,True,True,True
57286fa83acd2414000df9e5__57286fa83acd2414000df9e7,B,57286fa83acd2414000df9e7,Who did Gegeen appoint as grand chancellor?,['Baiju'],cf1792a55f5e1060,Chloroplast,"Cyanobacteria are considered the ancestors of chloroplasts. They are sometimes called blue-green algae even though they are prokaryotes. They are a diverse phylum of bacteria capable of carrying out photosynthesis, and are gram-negative, meaning that they have two cell membranes. Cyanobacteria also contain a peptidoglycan cell wall, which is thicker than in other gram-negative bacteria, and which is located between their two cell membranes. Like chloroplasts, they have thylakoids within. On the thylakoid membranes are photosynthetic pigments, including chlorophyll a. Phycobilins are also common cyanobacterial pigments, usually organized into hemispherical phycobilisomes attached to the outside of the thylakoid membranes (phycobilins are not shared with all chloroplasts though).",IRRELEVANT,True,True,True
57286fa83acd2414000df9e5__57286fa83acd2414000df9e7,A,57286fa83acd2414000df9e5,Who was Ayurbarwada's son?,['Gegeen Khan'],61c9f55d3cf908f9,Rhine,"The Lower Rhine flows through North Rhine-Westphalia. Its banks are usually heavily populated and industrialized, in particular the agglomerations Cologne, Düsseldorf and Ruhr area. Here the Rhine flows through the largest conurbation in Germany, the Rhine-Ruhr region. One of the most important cities in this region is Duisburg with the largest river port in Europe (Duisport). The region downstream of Duisburg is more agricultural. In Wesel, 30 km downstream of Duisburg, is located the western end of the second east-west shipping route, the Wesel-Datteln Canal, which runs parallel to the Lippe. Between Emmerich and Cleves the Emmerich Rhine Bridge, the longest suspension bridge in Germany, crosses the 400 m wide river. Near Krefeld, the river crosses the Uerdingen line, the line which separates the areas where Low German and High German are spoken.",IRRELEVANT,True,True,True
57286fa83acd2414000df9e5__57286fa83acd2414000df9e7,B,57286fa83acd2414000df9e7,Who did Gegeen appoint as grand chancellor?,['Baiju'],61c9f55d3cf908f9,Rhine,"The Lower Rhine flows through North Rhine-Westphalia. Its banks are usually heavily populated and industrialized, in particular the agglomerations Cologne, Düsseldorf and Ruhr area. Here the Rhine flows through the largest conurbation in Germany, the Rhine-Ruhr region. One of the most important cities in this region is Duisburg with the largest river port in Europe (Duisport). The region downstream of Duisburg is more agricultural. In Wesel, 30 km downstream of Duisburg, is located the western end of the second east-west shipping route, the Wesel-Datteln Canal, which runs parallel to the Lippe. Between Emmerich and Cleves the Emmerich Rhine Bridge, the longest suspension bridge in Germany, crosses the 400 m wide river. Near Krefeld, the river crosses the Uerdingen line, the line which separates the areas where Low German and High German are spoken.",IRRELEVANT,True,True,True
57286fa83acd2414000df9e5__57286fa83acd2414000df9e7,A,57286fa83acd2414000df9e5,Who was Ayurbarwada's son?,['Gegeen Khan'],20f083c3186aa077,Genghis_Khan,"In 1227, Genghis Khan's army attacked and destroyed the Tangut capital of Ning Hia and continued to advance, seizing Lintiao-fu, Xining province, Xindu-fu, and Deshun province in quick succession in the spring. At Deshun, the Tangut general Ma Jianlong put up a fierce resistance for several days and personally led charges against the invaders outside the city gate. Ma Jianlong later died from wounds received from arrows in battle. Genghis Khan, after conquering Deshun, went to Liupanshan (Qingshui County, Gansu Province) to escape the severe summer. The new Tangut emperor quickly surrendered to the Mongols, and the rest of the Tanguts officially surrendered soon after. Not happy with their betrayal and resistance, Genghis Khan ordered the entire imperial family to be executed, effectively ending the Tangut lineage.",IRRELEVANT,True,True,True
57286fa83acd2414000df9e5__57286fa83acd2414000df9e7,B,57286fa83acd2414000df9e7,Who did Gegeen appoint as grand chancellor?,['Baiju'],20f083c3186aa077,Genghis_Khan,"In 1227, Genghis Khan's army attacked and destroyed the Tangut capital of Ning Hia and continued to advance, seizing Lintiao-fu, Xining province, Xindu-fu, and Deshun province in quick succession in the spring. At Deshun, the Tangut general Ma Jianlong put up a fierce resistance for several days and personally led charges against the invaders outside the city gate. Ma Jianlong later died from wounds received from arrows in battle. Genghis Khan, after conquering Deshun, went to Liupanshan (Qingshui County, Gansu Province) to escape the severe summer. The new Tangut emperor quickly surrendered to the Mongols, and the rest of the Tanguts officially surrendered soon after. Not happy with their betrayal and resistance, Genghis Khan ordered the entire imperial family to be executed, effectively ending the Tangut lineage.",IRRELEVANT,True,True,True
57286fa83acd2414000df9e5__57286fa83acd2414000df9e7,A,57286fa83acd2414000df9e5,Who was Ayurbarwada's son?,['Gegeen Khan'],7e7a84f3e53d1a0e,Economic_inequality,"For most of human history higher material living standards – full stomachs, access to clean water and warmth from fuel – led to better health and longer lives. This pattern of higher incomes-longer lives still holds among poorer countries, where life expectancy increases rapidly as per capita income increases, but in recent decades it has slowed down among middle income countries and plateaued among the richest thirty or so countries in the world. Americans live no longer on average (about 77 years in 2004) than Greeks (78 years) or New Zealanders (78), though the USA has a higher GDP per capita. Life expectancy in Sweden (80 years) and Japan (82) – where income was more equally distributed – was longer.",IRRELEVANT,True,True,True
57286fa83acd2414000df9e5__57286fa83acd2414000df9e7,B,57286fa83acd2414000df9e7,Who did Gegeen appoint as grand chancellor?,['Baiju'],7e7a84f3e53d1a0e,Economic_inequality,"For most of human history higher material living standards – full stomachs, access to clean water and warmth from fuel – led to better health and longer lives. This pattern of higher incomes-longer lives still holds among poorer countries, where life expectancy increases rapidly as per capita income increases, but in recent decades it has slowed down among middle income countries and plateaued among the richest thirty or so countries in the world. Americans live no longer on average (about 77 years in 2004) than Greeks (78 years) or New Zealanders (78), though the USA has a higher GDP per capita. Life expectancy in Sweden (80 years) and Japan (82) – where income was more equally distributed – was longer.",IRRELEVANT,True,True,True
57286fa83acd2414000df9e5__57286fa83acd2414000df9e7,A,57286fa83acd2414000df9e5,Who was Ayurbarwada's son?,['Gegeen Khan'],6f0c22572b7c29b5,Steam_engine,"In 1781 James Watt patented a steam engine that produced continuous rotary motion. Watt's ten-horsepower engines enabled a wide range of manufacturing machinery to be powered. The engines could be sited anywhere that water and coal or wood fuel could be obtained. By 1883, engines that could provide 10,000 hp had become feasible. The stationary steam engine was a key component of the Industrial Revolution, allowing factories to locate where water power was unavailable. The atmospheric engines of Newcomen and Watt were large compared to the amount of power they produced, but high pressure steam engines were light enough to be applied to vehicles such as traction engines and the railway locomotives.",IRRELEVANT,True,True,True
57286fa83acd2414000df9e5__57286fa83acd2414000df9e7,B,57286fa83acd2414000df9e7,Who did Gegeen appoint as grand chancellor?,['Baiju'],6f0c22572b7c29b5,Steam_engine,"In 1781 James Watt patented a steam engine that produced continuous rotary motion. Watt's ten-horsepower engines enabled a wide range of manufacturing machinery to be powered. The engines could be sited anywhere that water and coal or wood fuel could be obtained. By 1883, engines that could provide 10,000 hp had become feasible. The stationary steam engine was a key component of the Industrial Revolution, allowing factories to locate where water power was unavailable. The atmospheric engines of Newcomen and Watt were large compared to the amount of power they produced, but high pressure steam engines were light enough to be applied to vehicles such as traction engines and the railway locomotives.",IRRELEVANT,True,True,True
57286fa83acd2414000df9e5__57286fa83acd2414000df9e7,A,57286fa83acd2414000df9e5,Who was Ayurbarwada's son?,['Gegeen Khan'],fc184229a2b15ca7,French_and_Indian_War,"Britain gained control of French Canada and Acadia, colonies containing approximately 80,000 primarily French-speaking Roman Catholic residents. The deportation of Acadians beginning in 1755 resulted in land made available to migrants from Europe and the colonies further south. The British resettled many Acadians throughout its North American provinces, but many went to France, and some went to New Orleans, which they had expected to remain French. Some were sent to colonize places as diverse as French Guiana and the Falkland Islands; these latter efforts were unsuccessful. Others migrated to places like Saint-Domingue, and fled to New Orleans after the Haitian Revolution. The Louisiana population contributed to the founding of the modern Cajun population. (The French word ""Acadien"" evolved to ""Cadien"", then to ""Cajun"".)",IRRELEVANT,True,True,True
57286fa83acd2414000df9e5__57286fa83acd2414000df9e7,B,57286fa83acd2414000df9e7,Who did Gegeen appoint as grand chancellor?,['Baiju'],fc184229a2b15ca7,French_and_Indian_War,"Britain gained control of French Canada and Acadia, colonies containing approximately 80,000 primarily French-speaking Roman Catholic residents. The deportation of Acadians beginning in 1755 resulted in land made available to migrants from Europe and the colonies further south. The British resettled many Acadians throughout its North American provinces, but many went to France, and some went to New Orleans, which they had expected to remain French. Some were sent to colonize places as diverse as French Guiana and the Falkland Islands; these latter efforts were unsuccessful. Others migrated to places like Saint-Domingue, and fled to New Orleans after the Haitian Revolution. The Louisiana population contributed to the founding of the modern Cajun population. (The French word ""Acadien"" evolved to ""Cadien"", then to ""Cajun"".)",IRRELEVANT,True,True,True
57286fa83acd2414000df9e5__57286fa83acd2414000df9e7,A,57286fa83acd2414000df9e5,Who was Ayurbarwada's son?,['Gegeen Khan'],f1a436163a387b9e,United_Methodist_Church,"The Book of Discipline is the guidebook for local churches and pastors and describes in considerable detail the organizational structure of local United Methodist churches. All UM churches must have a board of trustees with at least three members and no more than nine members and it is recommended that no gender should hold more than a 2/3 majority. All churches must also have a nominations committee, a finance committee and a church council or administrative council. Other committees are suggested but not required such as a missions committee, or evangelism or worship committee. Term limits are set for some committees but not for all. The church conference is an annual meeting of all the officers of the church and any interested members. This committee has the exclusive power to set pastors' salaries (compensation packages for tax purposes) and to elect officers to the committees.",IRRELEVANT,True,True,True
57286fa83acd2414000df9e5__57286fa83acd2414000df9e7,B,57286fa83acd2414000df9e7,Who did Gegeen appoint as grand chancellor?,['Baiju'],f1a436163a387b9e,United_Methodist_Church,"The Book of Discipline is the guidebook for local churches and pastors and describes in considerable detail the organizational structure of local United Methodist churches. All UM churches must have a board of trustees with at least three members and no more than nine members and it is recommended that no gender should hold more than a 2/3 majority. All churches must also have a nominations committee, a finance committee and a church council or administrative council. Other committees are suggested but not required such as a missions committee, or evangelism or worship committee. Term limits are set for some committees but not for all. The church conference is an annual meeting of all the officers of the church and any interested members. This committee has the exclusive power to set pastors' salaries (compensation packages for tax purposes) and to elect officers to the committees.",IRRELEVANT,True,True,True
57286fa83acd2414000df9e5__57286fa83acd2414000df9e7,A,57286fa83acd2414000df9e5,Who was Ayurbarwada's son?,['Gegeen Khan'],ff1d742df8eafdea,Apollo_program,"Deke Slayton, the grounded Mercury astronaut who became Director of Flight Crew Operations for the Gemini and Apollo programs, selected the first Apollo crew in January 1966, with Grissom as Command Pilot, White as Senior Pilot, and rookie Donn F. Eisele as Pilot. But Eisele dislocated his shoulder twice aboard the KC135 weightlessness training aircraft, and had to undergo surgery on January 27. Slayton replaced him with Chaffee. NASA announced the final crew selection for AS-204 on March 21, 1966, with the backup crew consisting of Gemini veterans James McDivitt and David Scott, with rookie Russell L. ""Rusty"" Schweickart. Mercury/Gemini veteran Wally Schirra, Eisele, and rookie Walter Cunningham were announced on September 29 as the prime crew for AS-205.",IRRELEVANT,True,True,True
57286fa83acd2414000df9e5__57286fa83acd2414000df9e7,B,57286fa83acd2414000df9e7,Who did Gegeen appoint as grand chancellor?,['Baiju'],ff1d742df8eafdea,Apollo_program,"Deke Slayton, the grounded Mercury astronaut who became Director of Flight Crew Operations for the Gemini and Apollo programs, selected the first Apollo crew in January 1966, with Grissom as Command Pilot, White as Senior Pilot, and rookie Donn F. Eisele as Pilot. But Eisele dislocated his shoulder twice aboard the KC135 weightlessness training aircraft, and had to undergo surgery on January 27. Slayton replaced him with Chaffee. NASA announced the final crew selection for AS-204 on March 21, 1966, with the backup crew consisting of Gemini veterans James McDivitt and David Scott, with rookie Russell L. ""Rusty"" Schweickart. Mercury/Gemini veteran Wally Schirra, Eisele, and rookie Walter Cunningham were announced on September 29 as the prime crew for AS-205.",IRRELEVANT,True,True,True
57286fa83acd2414000df9e5__57286fa83acd2414000df9e7,A,57286fa83acd2414000df9e5,Who was Ayurbarwada's son?,['Gegeen Khan'],a2cf630a7f1289cf,Computational_complexity_theory,"The graph isomorphism problem is the computational problem of determining whether two finite graphs are isomorphic. An important unsolved problem in complexity theory is whether the graph isomorphism problem is in P, NP-complete, or NP-intermediate. The answer is not known, but it is believed that the problem is at least not NP-complete. If graph isomorphism is NP-complete, the polynomial time hierarchy collapses to its second level. Since it is widely believed that the polynomial hierarchy does not collapse to any finite level, it is believed that graph isomorphism is not NP-complete. The best algorithm for this problem, due to Laszlo Babai and Eugene Luks has run time 2O(√(n log(n))) for graphs with n vertices.",IRRELEVANT,True,True,True
57286fa83acd2414000df9e5__57286fa83acd2414000df9e7,B,57286fa83acd2414000df9e7,Who did Gegeen appoint as grand chancellor?,['Baiju'],a2cf630a7f1289cf,Computational_complexity_theory,"The graph isomorphism problem is the computational problem of determining whether two finite graphs are isomorphic. An important unsolved problem in complexity theory is whether the graph isomorphism problem is in P, NP-complete, or NP-intermediate. The answer is not known, but it is believed that the problem is at least not NP-complete. If graph isomorphism is NP-complete, the polynomial time hierarchy collapses to its second level. Since it is widely believed that the polynomial hierarchy does not collapse to any finite level, it is believed that graph isomorphism is not NP-complete. The best algorithm for this problem, due to Laszlo Babai and Eugene Luks has run time 2O(√(n log(n))) for graphs with n vertices.",IRRELEVANT,True,True,True
57286fa83acd2414000df9e5__57286fa83acd2414000df9e7,A,57286fa83acd2414000df9e5,Who was Ayurbarwada's son?,['Gegeen Khan'],8ecaa4a2c2498cbd,Normans,"Opportunistic bands of Normans successfully established a foothold in Southern Italy (the Mezzogiorno). Probably as the result of returning pilgrims' stories, the Normans entered the Mezzogiorno as warriors in 1017 at the latest. In 999, according to Amatus of Montecassino, Norman pilgrims returning from Jerusalem called in at the port of Salerno when a Saracen attack occurred. The Normans fought so valiantly that Prince Guaimar III begged them to stay, but they refused and instead offered to tell others back home of the prince's request. William of Apulia tells that, in 1016, Norman pilgrims to the shrine of the Archangel Michael at Monte Gargano were met by Melus of Bari, a Lombard nobleman and rebel, who persuaded them to return with more warriors to help throw off the Byzantine rule, which they did.",IRRELEVANT,True,True,True
57286fa83acd2414000df9e5__57286fa83acd2414000df9e7,B,57286fa83acd2414000df9e7,Who did Gegeen appoint as grand chancellor?,['Baiju'],8ecaa4a2c2498cbd,Normans,"Opportunistic bands of Normans successfully established a foothold in Southern Italy (the Mezzogiorno). Probably as the result of returning pilgrims' stories, the Normans entered the Mezzogiorno as warriors in 1017 at the latest. In 999, according to Amatus of Montecassino, Norman pilgrims returning from Jerusalem called in at the port of Salerno when a Saracen attack occurred. The Normans fought so valiantly that Prince Guaimar III begged them to stay, but they refused and instead offered to tell others back home of the prince's request. William of Apulia tells that, in 1016, Norman pilgrims to the shrine of the Archangel Michael at Monte Gargano were met by Melus of Bari, a Lombard nobleman and rebel, who persuaded them to return with more warriors to help throw off the Byzantine rule, which they did.",IRRELEVANT,True,True,True
57286fa83acd2414000df9e5__57286fa83acd2414000df9e7,A,57286fa83acd2414000df9e5,Who was Ayurbarwada's son?,['Gegeen Khan'],a6bf93aaa317a4cb,Private_school,"The secondary level includes schools offering years 7 through 12 (year twelve is known as lower sixth) and year 13 (upper sixth). This category includes university-preparatory schools or ""prep schools"", boarding schools and day schools. Tuition at private secondary schools varies from school to school and depends on many factors, including the location of the school, the willingness of parents to pay, peer tuitions and the school's financial endowment. High tuition, schools claim, is used to pay higher salaries for the best teachers and also used to provide enriched learning environments, including a low student to teacher ratio, small class sizes and services, such as libraries, science laboratories and computers. Some private schools are boarding schools and many military academies are privately owned or operated as well.",IRRELEVANT,True,True,True
57286fa83acd2414000df9e5__57286fa83acd2414000df9e7,B,57286fa83acd2414000df9e7,Who did Gegeen appoint as grand chancellor?,['Baiju'],a6bf93aaa317a4cb,Private_school,"The secondary level includes schools offering years 7 through 12 (year twelve is known as lower sixth) and year 13 (upper sixth). This category includes university-preparatory schools or ""prep schools"", boarding schools and day schools. Tuition at private secondary schools varies from school to school and depends on many factors, including the location of the school, the willingness of parents to pay, peer tuitions and the school's financial endowment. High tuition, schools claim, is used to pay higher salaries for the best teachers and also used to provide enriched learning environments, including a low student to teacher ratio, small class sizes and services, such as libraries, science laboratories and computers. Some private schools are boarding schools and many military academies are privately owned or operated as well.",IRRELEVANT,True,True,True
57286fa83acd2414000df9e5__57286fa83acd2414000df9e7,A,57286fa83acd2414000df9e5,Who was Ayurbarwada's son?,['Gegeen Khan'],ba8763f3206489c2,Martin_Luther,"In the 1530s and 1540s, printed images of Luther that emphasized his monumental size were crucial to the spread of Protestantism. In contrast to images of frail Catholic saints, Luther was presented as a stout man with a ""double chin, strong mouth, piercing deep-set eyes, fleshy face, and squat neck."" He was shown to be physically imposing, an equal in stature to the secular German princes with whom he would join forces to spread Lutheranism. His large body also let the viewer know that he did not shun earthly pleasures like drinking—behavior that was a stark contrast to the ascetic life of the medieval religious orders. Famous images from this period include the woodcuts by Hans Brosamer (1530) and Lucas Cranach the Elder and Lucas Cranach the Younger (1546).",IRRELEVANT,True,True,True
57286fa83acd2414000df9e5__57286fa83acd2414000df9e7,B,57286fa83acd2414000df9e7,Who did Gegeen appoint as grand chancellor?,['Baiju'],ba8763f3206489c2,Martin_Luther,"In the 1530s and 1540s, printed images of Luther that emphasized his monumental size were crucial to the spread of Protestantism. In contrast to images of frail Catholic saints, Luther was presented as a stout man with a ""double chin, strong mouth, piercing deep-set eyes, fleshy face, and squat neck."" He was shown to be physically imposing, an equal in stature to the secular German princes with whom he would join forces to spread Lutheranism. His large body also let the viewer know that he did not shun earthly pleasures like drinking—behavior that was a stark contrast to the ascetic life of the medieval religious orders. Famous images from this period include the woodcuts by Hans Brosamer (1530) and Lucas Cranach the Elder and Lucas Cranach the Younger (1546).",IRRELEVANT,True,True,True
57286fa83acd2414000df9e5__57286fa83acd2414000df9e7,A,57286fa83acd2414000df9e5,Who was Ayurbarwada's son?,['Gegeen Khan'],fcb9ab642fd54564,Warsaw,"Warsaw's name in the Polish language is Warszawa, approximately /vɑːrˈʃɑːvə/ (also formerly spelled Warszewa and Warszowa), meaning ""belonging to Warsz"", Warsz being a shortened form of the masculine name of Slavic origin Warcisław; see also etymology of Wrocław. Folk etymology attributes the city name to a fisherman, Wars, and his wife, Sawa. According to legend, Sawa was a mermaid living in the Vistula River with whom Wars fell in love. In actuality, Warsz was a 12th/13th-century nobleman who owned a village located at the modern-day site of Mariensztat neighbourhood. See also the Vršovci family which had escaped to Poland. The official city name in full is miasto stołeczne Warszawa (English: ""The Capital City of Warsaw""). A native or resident of Warsaw is known as a Varsovian – in Polish warszawiak (male), warszawianka (female), warszawiacy (plural).",IRRELEVANT,True,True,True
57286fa83acd2414000df9e5__57286fa83acd2414000df9e7,B,57286fa83acd2414000df9e7,Who did Gegeen appoint as grand chancellor?,['Baiju'],fcb9ab642fd54564,Warsaw,"Warsaw's name in the Polish language is Warszawa, approximately /vɑːrˈʃɑːvə/ (also formerly spelled Warszewa and Warszowa), meaning ""belonging to Warsz"", Warsz being a shortened form of the masculine name of Slavic origin Warcisław; see also etymology of Wrocław. Folk etymology attributes the city name to a fisherman, Wars, and his wife, Sawa. According to legend, Sawa was a mermaid living in the Vistula River with whom Wars fell in love. In actuality, Warsz was a 12th/13th-century nobleman who owned a village located at the modern-day site of Mariensztat neighbourhood. See also the Vršovci family which had escaped to Poland. The official city name in full is miasto stołeczne Warszawa (English: ""The Capital City of Warsaw""). A native or resident of Warsaw is known as a Varsovian – in Polish warszawiak (male), warszawianka (female), warszawiacy (plural).",IRRELEVANT,True,True,True
57286fa83acd2414000df9e5__57286fa83acd2414000df9e7,A,57286fa83acd2414000df9e5,Who was Ayurbarwada's son?,['Gegeen Khan'],b0a7ce515bd39201,Teacher,"Teachers that exhibit enthusiasm can lead to students who are more likely to be engaged, interested, energetic, and curious about learning the subject matter. Recent research has found a correlation between teacher enthusiasm and students' intrinsic motivation to learn and vitality in the classroom. Controlled, experimental studies exploring intrinsic motivation of college students has shown that nonverbal expressions of enthusiasm, such as demonstrative gesturing, dramatic movements which are varied, and emotional facial expressions, result in college students reporting higher levels of intrinsic motivation to learn. Students who experienced a very enthusiastic teacher were more likely to read lecture material outside of the classroom.",IRRELEVANT,True,True,True
57286fa83acd2414000df9e5__57286fa83acd2414000df9e7,B,57286fa83acd2414000df9e7,Who did Gegeen appoint as grand chancellor?,['Baiju'],b0a7ce515bd39201,Teacher,"Teachers that exhibit enthusiasm can lead to students who are more likely to be engaged, interested, energetic, and curious about learning the subject matter. Recent research has found a correlation between teacher enthusiasm and students' intrinsic motivation to learn and vitality in the classroom. Controlled, experimental studies exploring intrinsic motivation of college students has shown that nonverbal expressions of enthusiasm, such as demonstrative gesturing, dramatic movements which are varied, and emotional facial expressions, result in college students reporting higher levels of intrinsic motivation to learn. Students who experienced a very enthusiastic teacher were more likely to read lecture material outside of the classroom.",IRRELEVANT,True,True,True
57286fa83acd2414000df9e5__57286fa83acd2414000df9e7,A,57286fa83acd2414000df9e5,Who was Ayurbarwada's son?,['Gegeen Khan'],c2d62502892e54f5,Construction,"Engineering News-Record (ENR) is a trade magazine for the construction industry. Each year, ENR compiles and reports on data about the size of design and construction companies. They publish a list of the largest companies in the United States (Top-40) and also a list the largest global firms (Top-250, by amount of work they are doing outside their home country). In 2014, ENR compiled the data in nine market segments. It was divided as transportation, petroleum, buildings, power, industrial, water, manufacturing, sewer/waste, telecom, hazardous waste plus a tenth category for other projects. In their reporting on the Top 400, they used data on transportation, sewer, hazardous waste and water to rank firms as heavy contractors.",IRRELEVANT,True,True,True
57286fa83acd2414000df9e5__57286fa83acd2414000df9e7,B,57286fa83acd2414000df9e7,Who did Gegeen appoint as grand chancellor?,['Baiju'],c2d62502892e54f5,Construction,"Engineering News-Record (ENR) is a trade magazine for the construction industry. Each year, ENR compiles and reports on data about the size of design and construction companies. They publish a list of the largest companies in the United States (Top-40) and also a list the largest global firms (Top-250, by amount of work they are doing outside their home country). In 2014, ENR compiled the data in nine market segments. It was divided as transportation, petroleum, buildings, power, industrial, water, manufacturing, sewer/waste, telecom, hazardous waste plus a tenth category for other projects. In their reporting on the Top 400, they used data on transportation, sewer, hazardous waste and water to rank firms as heavy contractors.",IRRELEVANT,True,True,True
5727565ef1498d1400e8f674__5727565ef1498d1400e8f676,A,5727565ef1498d1400e8f674,What is the average construction salary in the Middle East?,"['£42,090']",e5cb6b3b41410225,Force,"A static equilibrium between two forces is the most usual way of measuring forces, using simple devices such as weighing scales and spring balances. For example, an object suspended on a vertical spring scale experiences the force of gravity acting on the object balanced by a force applied by the ""spring reaction force"", which equals the object's weight. Using such tools, some quantitative force laws were discovered: that the force of gravity is proportional to volume for objects of constant density (widely exploited for millennia to define standard weights); Archimedes' principle for buoyancy; Archimedes' analysis of the lever; Boyle's law for gas pressure; and Hooke's law for springs. These were all formulated and experimentally verified before Isaac Newton expounded his Three Laws of Motion.",IRRELEVANT,True,True,True
5727565ef1498d1400e8f674__5727565ef1498d1400e8f676,B,5727565ef1498d1400e8f676,"Where have some workers made more than $100,000?",['US/Canada'],e5cb6b3b41410225,Force,"A static equilibrium between two forces is the most usual way of measuring forces, using simple devices such as weighing scales and spring balances. For example, an object suspended on a vertical spring scale experiences the force of gravity acting on the object balanced by a force applied by the ""spring reaction force"", which equals the object's weight. Using such tools, some quantitative force laws were discovered: that the force of gravity is proportional to volume for objects of constant density (widely exploited for millennia to define standard weights); Archimedes' principle for buoyancy; Archimedes' analysis of the lever; Boyle's law for gas pressure; and Hooke's law for springs. These were all formulated and experimentally verified before Isaac Newton expounded his Three Laws of Motion.",IRRELEVANT,True,True,True
5727565ef1498d1400e8f674__5727565ef1498d1400e8f676,A,5727565ef1498d1400e8f674,What is the average construction salary in the Middle East?,"['£42,090']",55885a5ae350f9a9,Genghis_Khan,"In 1211, after the conquest of Western Xia, Genghis Khan planned again to conquer the Jin dynasty. The commander of the Jin dynasty army made a tactical mistake in not attacking the Mongols at the first opportunity. Instead, the Jin commander sent a messenger, Ming-Tan, to the Mongol side, who defected and told the Mongols that the Jin army was waiting on the other side of the pass. At this engagement fought at Badger Pass the Mongols massacred hundreds of thousands of Jin troops. In 1215 Genghis besieged, captured, and sacked the Jin capital of Zhongdu (modern-day Beijing). This forced the Emperor Xuanzong to move his capital south to Kaifeng, abandoning the northern half of his kingdom to the Mongols. Between 1232 and 1233, Kaifeng fell to the Mongols under the reign of Genghis' third son, Ögedei Khan. The Jin dynasty collapsed in 1234, after the siege of Caizhou.",IRRELEVANT,True,True,True
5727565ef1498d1400e8f674__5727565ef1498d1400e8f676,B,5727565ef1498d1400e8f676,"Where have some workers made more than $100,000?",['US/Canada'],55885a5ae350f9a9,Genghis_Khan,"In 1211, after the conquest of Western Xia, Genghis Khan planned again to conquer the Jin dynasty. The commander of the Jin dynasty army made a tactical mistake in not attacking the Mongols at the first opportunity. Instead, the Jin commander sent a messenger, Ming-Tan, to the Mongol side, who defected and told the Mongols that the Jin army was waiting on the other side of the pass. At this engagement fought at Badger Pass the Mongols massacred hundreds of thousands of Jin troops. In 1215 Genghis besieged, captured, and sacked the Jin capital of Zhongdu (modern-day Beijing). This forced the Emperor Xuanzong to move his capital south to Kaifeng, abandoning the northern half of his kingdom to the Mongols. Between 1232 and 1233, Kaifeng fell to the Mongols under the reign of Genghis' third son, Ögedei Khan. The Jin dynasty collapsed in 1234, after the siege of Caizhou.",IRRELEVANT,True,True,True
5727565ef1498d1400e8f674__5727565ef1498d1400e8f676,A,5727565ef1498d1400e8f674,What is the average construction salary in the Middle East?,"['£42,090']",0762a1bc5feb74b6,Imperialism,"Bolshevik leaders had effectively reestablished a polity with roughly the same extent as that empire by 1921, however with an internationalist ideology: Lenin in particular asserted the right to limited self-determination for national minorities within the new territory. Beginning in 1923, the policy of ""Indigenization"" [korenizatsiia] was intended to support non-Russians develop their national cultures within a socialist framework. Never formally revoked, it stopped being implemented after 1932. After World War II, the Soviet Union installed socialist regimes modeled on those it had installed in 1919–20 in the old Tsarist Empire in areas its forces occupied in Eastern Europe. The Soviet Union and the People’s Republic of China supported post–World War II communist movements in foreign nations and colonies to advance their own interests, but were not always successful.",IRRELEVANT,True,True,True
5727565ef1498d1400e8f674__5727565ef1498d1400e8f676,B,5727565ef1498d1400e8f676,"Where have some workers made more than $100,000?",['US/Canada'],0762a1bc5feb74b6,Imperialism,"Bolshevik leaders had effectively reestablished a polity with roughly the same extent as that empire by 1921, however with an internationalist ideology: Lenin in particular asserted the right to limited self-determination for national minorities within the new territory. Beginning in 1923, the policy of ""Indigenization"" [korenizatsiia] was intended to support non-Russians develop their national cultures within a socialist framework. Never formally revoked, it stopped being implemented after 1932. After World War II, the Soviet Union installed socialist regimes modeled on those it had installed in 1919–20 in the old Tsarist Empire in areas its forces occupied in Eastern Europe. The Soviet Union and the People’s Republic of China supported post–World War II communist movements in foreign nations and colonies to advance their own interests, but were not always successful.",IRRELEVANT,True,True,True
5727565ef1498d1400e8f674__5727565ef1498d1400e8f676,A,5727565ef1498d1400e8f674,What is the average construction salary in the Middle East?,"['£42,090']",ca0bb7cbca98ddf4,Warsaw,"The University of Warsaw was established in 1816, when the partitions of Poland separated Warsaw from the oldest and most influential Polish academic center, in Kraków. Warsaw University of Technology is the second academic school of technology in the country, and one of the largest in East-Central Europe, employing 2,000 professors. Other institutions for higher education include the Medical University of Warsaw, the largest medical school in Poland and one of the most prestigious, the National Defence University, highest military academic institution in Poland, the Fryderyk Chopin University of Music the oldest and largest music school in Poland, and one of the largest in Europe, the Warsaw School of Economics, the oldest and most renowned economic university in the country, and the Warsaw University of Life Sciences the largest agricultural university founded in 1818.",IRRELEVANT,True,True,True
5727565ef1498d1400e8f674__5727565ef1498d1400e8f676,B,5727565ef1498d1400e8f676,"Where have some workers made more than $100,000?",['US/Canada'],ca0bb7cbca98ddf4,Warsaw,"The University of Warsaw was established in 1816, when the partitions of Poland separated Warsaw from the oldest and most influential Polish academic center, in Kraków. Warsaw University of Technology is the second academic school of technology in the country, and one of the largest in East-Central Europe, employing 2,000 professors. Other institutions for higher education include the Medical University of Warsaw, the largest medical school in Poland and one of the most prestigious, the National Defence University, highest military academic institution in Poland, the Fryderyk Chopin University of Music the oldest and largest music school in Poland, and one of the largest in Europe, the Warsaw School of Economics, the oldest and most renowned economic university in the country, and the Warsaw University of Life Sciences the largest agricultural university founded in 1818.",IRRELEVANT,True,True,True
5727565ef1498d1400e8f674__5727565ef1498d1400e8f676,A,5727565ef1498d1400e8f674,What is the average construction salary in the Middle East?,"['£42,090']",b1d48329392cfda3,Prime_number,"A prime number (or a prime) is a natural number greater than 1 that has no positive divisors other than 1 and itself. A natural number greater than 1 that is not a prime number is called a composite number. For example, 5 is prime because 1 and 5 are its only positive integer factors, whereas 6 is composite because it has the divisors 2 and 3 in addition to 1 and 6. The fundamental theorem of arithmetic establishes the central role of primes in number theory: any integer greater than 1 can be expressed as a product of primes that is unique up to ordering. The uniqueness in this theorem requires excluding 1 as a prime because one can include arbitrarily many instances of 1 in any factorization, e.g., 3, 1 · 3, 1 · 1 · 3, etc. are all valid factorizations of 3.",IRRELEVANT,True,True,True
5727565ef1498d1400e8f674__5727565ef1498d1400e8f676,B,5727565ef1498d1400e8f676,"Where have some workers made more than $100,000?",['US/Canada'],b1d48329392cfda3,Prime_number,"A prime number (or a prime) is a natural number greater than 1 that has no positive divisors other than 1 and itself. A natural number greater than 1 that is not a prime number is called a composite number. For example, 5 is prime because 1 and 5 are its only positive integer factors, whereas 6 is composite because it has the divisors 2 and 3 in addition to 1 and 6. The fundamental theorem of arithmetic establishes the central role of primes in number theory: any integer greater than 1 can be expressed as a product of primes that is unique up to ordering. The uniqueness in this theorem requires excluding 1 as a prime because one can include arbitrarily many instances of 1 in any factorization, e.g., 3, 1 · 3, 1 · 1 · 3, etc. are all valid factorizations of 3.",IRRELEVANT,True,True,True
5727565ef1498d1400e8f674__5727565ef1498d1400e8f676,A,5727565ef1498d1400e8f674,What is the average construction salary in the Middle East?,"['£42,090']",7c956034b70248bf,Southern_California,"The state is most commonly divided and promoted by its regional tourism groups as consisting of northern, central, and southern California regions. The two AAA Auto Clubs of the state, the California State Automobile Association and the Automobile Club of Southern California, choose to simplify matters by dividing the state along the lines where their jurisdictions for membership apply, as either northern or southern California, in contrast to the three-region point of view. Another influence is the geographical phrase South of the Tehachapis, which would split the southern region off at the crest of that transverse range, but in that definition, the desert portions of north Los Angeles County and eastern Kern and San Bernardino Counties would be included in the southern California region due to their remoteness from the central valley and interior desert landscape.",IRRELEVANT,True,True,True
5727565ef1498d1400e8f674__5727565ef1498d1400e8f676,B,5727565ef1498d1400e8f676,"Where have some workers made more than $100,000?",['US/Canada'],7c956034b70248bf,Southern_California,"The state is most commonly divided and promoted by its regional tourism groups as consisting of northern, central, and southern California regions. The two AAA Auto Clubs of the state, the California State Automobile Association and the Automobile Club of Southern California, choose to simplify matters by dividing the state along the lines where their jurisdictions for membership apply, as either northern or southern California, in contrast to the three-region point of view. Another influence is the geographical phrase South of the Tehachapis, which would split the southern region off at the crest of that transverse range, but in that definition, the desert portions of north Los Angeles County and eastern Kern and San Bernardino Counties would be included in the southern California region due to their remoteness from the central valley and interior desert landscape.",IRRELEVANT,True,True,True
5727565ef1498d1400e8f674__5727565ef1498d1400e8f676,A,5727565ef1498d1400e8f674,What is the average construction salary in the Middle East?,"['£42,090']",07523e3d4aae609e,American_Broadcasting_Company,"In 1934, Mutual filed a complaint with the Federal Communications Commission (FCC) regarding its difficulties in establishing new stations, in a radio market that was already being saturated by NBC and CBS. In 1938, the FCC began a series of investigations into the practices of radio networks and published its report on the broadcasting of network radio programs in 1940. The report recommended that RCA give up control of either NBC Red or NBC Blue. At that time, the NBC Red Network was the principal radio network in the United States and, according to the FCC, RCA was using NBC Blue to eliminate any hint of competition. Having no power over the networks themselves, the FCC established a regulation forbidding licenses to be issued for radio stations if they were affiliated with a network which already owned multiple networks that provided content of public interest.",IRRELEVANT,True,True,True
5727565ef1498d1400e8f674__5727565ef1498d1400e8f676,B,5727565ef1498d1400e8f676,"Where have some workers made more than $100,000?",['US/Canada'],07523e3d4aae609e,American_Broadcasting_Company,"In 1934, Mutual filed a complaint with the Federal Communications Commission (FCC) regarding its difficulties in establishing new stations, in a radio market that was already being saturated by NBC and CBS. In 1938, the FCC began a series of investigations into the practices of radio networks and published its report on the broadcasting of network radio programs in 1940. The report recommended that RCA give up control of either NBC Red or NBC Blue. At that time, the NBC Red Network was the principal radio network in the United States and, according to the FCC, RCA was using NBC Blue to eliminate any hint of competition. Having no power over the networks themselves, the FCC established a regulation forbidding licenses to be issued for radio stations if they were affiliated with a network which already owned multiple networks that provided content of public interest.",IRRELEVANT,True,True,True
5727565ef1498d1400e8f674__5727565ef1498d1400e8f676,A,5727565ef1498d1400e8f674,What is the average construction salary in the Middle East?,"['£42,090']",9a67e0526b32c1a8,Apollo_program,"It also became clear that Apollo would outgrow the Canaveral launch facilities in Florida. The two newest launch complexes were already being built for the Saturn I and IB rockets at the northernmost end: LC-34 and LC-37. But an even bigger facility would be needed for the mammoth rocket required for the manned lunar mission, so land acquisition was started in July 1961 for a Launch Operations Center (LOC) immediately north of Canaveral at Merritt Island. The design, development and construction of the center was conducted by Kurt H. Debus, a member of Dr. Wernher von Braun's original V-2 rocket engineering team. Debus was named the LOC's first Director. Construction began in November 1962. Upon Kennedy's death, President Johnson issued an executive order on November 29, 1963, to rename the LOC and Cape Canaveral in honor of Kennedy.",IRRELEVANT,True,True,True
5727565ef1498d1400e8f674__5727565ef1498d1400e8f676,B,5727565ef1498d1400e8f676,"Where have some workers made more than $100,000?",['US/Canada'],9a67e0526b32c1a8,Apollo_program,"It also became clear that Apollo would outgrow the Canaveral launch facilities in Florida. The two newest launch complexes were already being built for the Saturn I and IB rockets at the northernmost end: LC-34 and LC-37. But an even bigger facility would be needed for the mammoth rocket required for the manned lunar mission, so land acquisition was started in July 1961 for a Launch Operations Center (LOC) immediately north of Canaveral at Merritt Island. The design, development and construction of the center was conducted by Kurt H. Debus, a member of Dr. Wernher von Braun's original V-2 rocket engineering team. Debus was named the LOC's first Director. Construction began in November 1962. Upon Kennedy's death, President Johnson issued an executive order on November 29, 1963, to rename the LOC and Cape Canaveral in honor of Kennedy.",IRRELEVANT,True,True,True
5727565ef1498d1400e8f674__5727565ef1498d1400e8f676,A,5727565ef1498d1400e8f674,What is the average construction salary in the Middle East?,"['£42,090']",3895e66f384dc9af,Amazon_rainforest,"Between 1991 and 2000, the total area of forest lost in the Amazon rose from 415,000 to 587,000 square kilometres (160,000 to 227,000 sq mi), with most of the lost forest becoming pasture for cattle. Seventy percent of formerly forested land in the Amazon, and 91% of land deforested since 1970, is used for livestock pasture. Currently, Brazil is the second-largest global producer of soybeans after the United States. New research however, conducted by Leydimere Oliveira et al., has shown that the more rainforest is logged in the Amazon, the less precipitation reaches the area and so the lower the yield per hectare becomes. So despite the popular perception, there has been no economical advantage for Brazil from logging rainforest zones and converting these to pastoral fields.",IRRELEVANT,True,True,True
5727565ef1498d1400e8f674__5727565ef1498d1400e8f676,B,5727565ef1498d1400e8f676,"Where have some workers made more than $100,000?",['US/Canada'],3895e66f384dc9af,Amazon_rainforest,"Between 1991 and 2000, the total area of forest lost in the Amazon rose from 415,000 to 587,000 square kilometres (160,000 to 227,000 sq mi), with most of the lost forest becoming pasture for cattle. Seventy percent of formerly forested land in the Amazon, and 91% of land deforested since 1970, is used for livestock pasture. Currently, Brazil is the second-largest global producer of soybeans after the United States. New research however, conducted by Leydimere Oliveira et al., has shown that the more rainforest is logged in the Amazon, the less precipitation reaches the area and so the lower the yield per hectare becomes. So despite the popular perception, there has been no economical advantage for Brazil from logging rainforest zones and converting these to pastoral fields.",IRRELEVANT,True,True,True
5727565ef1498d1400e8f674__5727565ef1498d1400e8f676,A,5727565ef1498d1400e8f674,What is the average construction salary in the Middle East?,"['£42,090']",d2ba895a1163d69a,United_Methodist_Church,"Unlike confirmation and profession of faith, Baptism is a sacrament in the UMC. The Book of Discipline of the United Methodist Church directs the local church to offer membership preparation or confirmation classes to all people, including adults. The term confirmation is generally reserved for youth, while some variation on membership class is generally used for adults wishing to join the church. The Book of Discipline normally allows any youth at least completing sixth grade to participate, although the pastor has discretionary authority to allow a younger person to participate. In confirmation and membership preparation classes, students learn about Church and the Methodist-Christian theological tradition in order to profess their ultimate faith in Christ.",IRRELEVANT,True,True,True
5727565ef1498d1400e8f674__5727565ef1498d1400e8f676,B,5727565ef1498d1400e8f676,"Where have some workers made more than $100,000?",['US/Canada'],d2ba895a1163d69a,United_Methodist_Church,"Unlike confirmation and profession of faith, Baptism is a sacrament in the UMC. The Book of Discipline of the United Methodist Church directs the local church to offer membership preparation or confirmation classes to all people, including adults. The term confirmation is generally reserved for youth, while some variation on membership class is generally used for adults wishing to join the church. The Book of Discipline normally allows any youth at least completing sixth grade to participate, although the pastor has discretionary authority to allow a younger person to participate. In confirmation and membership preparation classes, students learn about Church and the Methodist-Christian theological tradition in order to profess their ultimate faith in Christ.",IRRELEVANT,True,True,True
5727565ef1498d1400e8f674__5727565ef1498d1400e8f676,A,5727565ef1498d1400e8f674,What is the average construction salary in the Middle East?,"['£42,090']",c4f889b40eee38a5,Martin_Luther,"He later attributed his decision to an event: on 2 July 1505, he was returning to university on horseback after a trip home. During a thunderstorm, a lightning bolt struck near him. Later telling his father he was terrified of death and divine judgment, he cried out, ""Help! Saint Anna, I will become a monk!"" He came to view his cry for help as a vow he could never break. He left law school, sold his books, and entered a closed Augustinian cloister in Erfurt on 17 July 1505. One friend blamed the decision on Luther's sadness over the deaths of two friends. Luther himself seemed saddened by the move. Those who attended a farewell supper walked him to the door of the Black Cloister. ""This day you see me, and then, not ever again,"" he said. His father was furious over what he saw as a waste of Luther's education.",IRRELEVANT,True,True,True
5727565ef1498d1400e8f674__5727565ef1498d1400e8f676,B,5727565ef1498d1400e8f676,"Where have some workers made more than $100,000?",['US/Canada'],c4f889b40eee38a5,Martin_Luther,"He later attributed his decision to an event: on 2 July 1505, he was returning to university on horseback after a trip home. During a thunderstorm, a lightning bolt struck near him. Later telling his father he was terrified of death and divine judgment, he cried out, ""Help! Saint Anna, I will become a monk!"" He came to view his cry for help as a vow he could never break. He left law school, sold his books, and entered a closed Augustinian cloister in Erfurt on 17 July 1505. One friend blamed the decision on Luther's sadness over the deaths of two friends. Luther himself seemed saddened by the move. Those who attended a farewell supper walked him to the door of the Black Cloister. ""This day you see me, and then, not ever again,"" he said. His father was furious over what he saw as a waste of Luther's education.",IRRELEVANT,True,True,True
5727565ef1498d1400e8f674__5727565ef1498d1400e8f676,A,5727565ef1498d1400e8f674,What is the average construction salary in the Middle East?,"['£42,090']",b754709d2be6673e,"Fresno,_California","The official record high temperature for Fresno is 115 °F (46.1 °C), set on July 8, 1905, while the official record low is 17 °F (−8 °C), set on January 6, 1913. The average windows for 100 °F (37.8 °C)+, 90 °F (32.2 °C)+, and freezing temperatures are June 1 thru September 13, April 26 thru October 9, and December 10 thru January 28, respectively, and no freeze occurred between in the 1983/1984 season. Annual rainfall has ranged from 23.57 inches (598.7 mm) in the “rain year” from July 1982 to June 1983 down to 4.43 inches (112.5 mm) from July 1933 to June 1934. The most rainfall in one month was 9.54 inches (242.3 mm) in November 1885 and the most rainfall in 24 hours 3.55 inches (90.2 mm) on November 18, 1885. Measurable precipitation falls on an average of 48 days annually. Snow is a rarity; the heaviest snowfall at the airport was 2.2 inches (0.06 m) on January 21, 1962.",IRRELEVANT,True,True,True
5727565ef1498d1400e8f674__5727565ef1498d1400e8f676,B,5727565ef1498d1400e8f676,"Where have some workers made more than $100,000?",['US/Canada'],b754709d2be6673e,"Fresno,_California","The official record high temperature for Fresno is 115 °F (46.1 °C), set on July 8, 1905, while the official record low is 17 °F (−8 °C), set on January 6, 1913. The average windows for 100 °F (37.8 °C)+, 90 °F (32.2 °C)+, and freezing temperatures are June 1 thru September 13, April 26 thru October 9, and December 10 thru January 28, respectively, and no freeze occurred between in the 1983/1984 season. Annual rainfall has ranged from 23.57 inches (598.7 mm) in the “rain year” from July 1982 to June 1983 down to 4.43 inches (112.5 mm) from July 1933 to June 1934. The most rainfall in one month was 9.54 inches (242.3 mm) in November 1885 and the most rainfall in 24 hours 3.55 inches (90.2 mm) on November 18, 1885. Measurable precipitation falls on an average of 48 days annually. Snow is a rarity; the heaviest snowfall at the airport was 2.2 inches (0.06 m) on January 21, 1962.",IRRELEVANT,True,True,True
5727565ef1498d1400e8f674__5727565ef1498d1400e8f676,A,5727565ef1498d1400e8f674,What is the average construction salary in the Middle East?,"['£42,090']",089c32e5795943df,American_Broadcasting_Company,"Since 1974, ABC has generally aired Dick Clark's New Year's Rockin' Eve on New Year's Eve (hosted first by its creator Dick Clark, and later by his successor Ryan Seacrest); the only exception was in 1999, when ABC put it on a one-year hiatus to provide coverage of the international millennium festivities, though Clark's traditional countdown from Times Square was still featured within the coverage. ABC has also aired the Miss America pageant from 1954 to 1956, 1997 to 2005 (with the television rights being assumed by cable channel TLC in 2006, when the pageant moved from its longtime homebase in Atlantic City to Las Vegas, before returning to Atlantic City in 2013) and since 2011. Under its current contract with the Miss America Organization, ABC will continue to broadcast the pageant through 2016.",IRRELEVANT,True,True,True
5727565ef1498d1400e8f674__5727565ef1498d1400e8f676,B,5727565ef1498d1400e8f676,"Where have some workers made more than $100,000?",['US/Canada'],089c32e5795943df,American_Broadcasting_Company,"Since 1974, ABC has generally aired Dick Clark's New Year's Rockin' Eve on New Year's Eve (hosted first by its creator Dick Clark, and later by his successor Ryan Seacrest); the only exception was in 1999, when ABC put it on a one-year hiatus to provide coverage of the international millennium festivities, though Clark's traditional countdown from Times Square was still featured within the coverage. ABC has also aired the Miss America pageant from 1954 to 1956, 1997 to 2005 (with the television rights being assumed by cable channel TLC in 2006, when the pageant moved from its longtime homebase in Atlantic City to Las Vegas, before returning to Atlantic City in 2013) and since 2011. Under its current contract with the Miss America Organization, ABC will continue to broadcast the pageant through 2016.",IRRELEVANT,True,True,True
5727565ef1498d1400e8f674__5727565ef1498d1400e8f676,A,5727565ef1498d1400e8f674,What is the average construction salary in the Middle East?,"['£42,090']",182634848d081b37,Newcastle_upon_Tyne,"""Bairn"" and ""hyem"", meaning ""child"" and ""home"", respectively, are examples of Geordie words with origins in Scandinavia; barn and hjem are the corresponding modern Norwegian and Danish words. Some words used in the Geordie dialect are used elsewhere in the Northern United Kingdom. The words ""bonny"" (meaning ""pretty""), ""howay"" (""come on""), ""stot"" (""bounce"") and ""hadaway"" (""go away"" or ""you're kidding""), all appear to be used in Scots; ""aye"" (""yes"") and ""nowt"" (IPA://naʊt/, rhymes with out,""nothing"") are used elsewhere in Northern England. Many words, however, appear to be used exclusively in Newcastle and the surrounding area, such as ""Canny"" (a versatile word meaning ""good"", ""nice"" or ""very""), ""hacky"" (""dirty""), ""netty"" (""toilet""), ""hoy"" (""throw"", from the Dutch gooien, via West Frisian), ""hockle"" (""spit"").",IRRELEVANT,True,True,True
5727565ef1498d1400e8f674__5727565ef1498d1400e8f676,B,5727565ef1498d1400e8f676,"Where have some workers made more than $100,000?",['US/Canada'],182634848d081b37,Newcastle_upon_Tyne,"""Bairn"" and ""hyem"", meaning ""child"" and ""home"", respectively, are examples of Geordie words with origins in Scandinavia; barn and hjem are the corresponding modern Norwegian and Danish words. Some words used in the Geordie dialect are used elsewhere in the Northern United Kingdom. The words ""bonny"" (meaning ""pretty""), ""howay"" (""come on""), ""stot"" (""bounce"") and ""hadaway"" (""go away"" or ""you're kidding""), all appear to be used in Scots; ""aye"" (""yes"") and ""nowt"" (IPA://naʊt/, rhymes with out,""nothing"") are used elsewhere in Northern England. Many words, however, appear to be used exclusively in Newcastle and the surrounding area, such as ""Canny"" (a versatile word meaning ""good"", ""nice"" or ""very""), ""hacky"" (""dirty""), ""netty"" (""toilet""), ""hoy"" (""throw"", from the Dutch gooien, via West Frisian), ""hockle"" (""spit"").",IRRELEVANT,True,True,True
5727565ef1498d1400e8f674__5727565ef1498d1400e8f676,A,5727565ef1498d1400e8f674,What is the average construction salary in the Middle East?,"['£42,090']",18893f714ac102ba,Economic_inequality,"When a person’s capabilities are lowered, they are in some way deprived of earning as much income as they would otherwise. An old, ill man cannot earn as much as a healthy young man; gender roles and customs may prevent a woman from receiving an education or working outside the home. There may be an epidemic that causes widespread panic, or there could be rampant violence in the area that prevents people from going to work for fear of their lives. As a result, income and economic inequality increases, and it becomes more difficult to reduce the gap without additional aid. To prevent such inequality, this approach believes it’s important to have political freedom, economic facilities, social opportunities, transparency guarantees, and protective security to ensure that people aren’t denied their functionings, capabilities, and agency and can thus work towards a better relevant income.",IRRELEVANT,True,True,True
5727565ef1498d1400e8f674__5727565ef1498d1400e8f676,B,5727565ef1498d1400e8f676,"Where have some workers made more than $100,000?",['US/Canada'],18893f714ac102ba,Economic_inequality,"When a person’s capabilities are lowered, they are in some way deprived of earning as much income as they would otherwise. An old, ill man cannot earn as much as a healthy young man; gender roles and customs may prevent a woman from receiving an education or working outside the home. There may be an epidemic that causes widespread panic, or there could be rampant violence in the area that prevents people from going to work for fear of their lives. As a result, income and economic inequality increases, and it becomes more difficult to reduce the gap without additional aid. To prevent such inequality, this approach believes it’s important to have political freedom, economic facilities, social opportunities, transparency guarantees, and protective security to ensure that people aren’t denied their functionings, capabilities, and agency and can thus work towards a better relevant income.",IRRELEVANT,True,True,True
5727565ef1498d1400e8f674__5727565ef1498d1400e8f676,A,5727565ef1498d1400e8f674,What is the average construction salary in the Middle East?,"['£42,090']",fc184229a2b15ca7,French_and_Indian_War,"Britain gained control of French Canada and Acadia, colonies containing approximately 80,000 primarily French-speaking Roman Catholic residents. The deportation of Acadians beginning in 1755 resulted in land made available to migrants from Europe and the colonies further south. The British resettled many Acadians throughout its North American provinces, but many went to France, and some went to New Orleans, which they had expected to remain French. Some were sent to colonize places as diverse as French Guiana and the Falkland Islands; these latter efforts were unsuccessful. Others migrated to places like Saint-Domingue, and fled to New Orleans after the Haitian Revolution. The Louisiana population contributed to the founding of the modern Cajun population. (The French word ""Acadien"" evolved to ""Cadien"", then to ""Cajun"".)",IRRELEVANT,True,True,True
5727565ef1498d1400e8f674__5727565ef1498d1400e8f676,B,5727565ef1498d1400e8f676,"Where have some workers made more than $100,000?",['US/Canada'],fc184229a2b15ca7,French_and_Indian_War,"Britain gained control of French Canada and Acadia, colonies containing approximately 80,000 primarily French-speaking Roman Catholic residents. The deportation of Acadians beginning in 1755 resulted in land made available to migrants from Europe and the colonies further south. The British resettled many Acadians throughout its North American provinces, but many went to France, and some went to New Orleans, which they had expected to remain French. Some were sent to colonize places as diverse as French Guiana and the Falkland Islands; these latter efforts were unsuccessful. Others migrated to places like Saint-Domingue, and fled to New Orleans after the Haitian Revolution. The Louisiana population contributed to the founding of the modern Cajun population. (The French word ""Acadien"" evolved to ""Cadien"", then to ""Cajun"".)",IRRELEVANT,True,True,True
5727565ef1498d1400e8f674__5727565ef1498d1400e8f676,A,5727565ef1498d1400e8f674,What is the average construction salary in the Middle East?,"['£42,090']",a8640bb4073d5ac5,Prime_number,"The most basic method of checking the primality of a given integer n is called trial division. This routine consists of dividing n by each integer m that is greater than 1 and less than or equal to the square root of n. If the result of any of these divisions is an integer, then n is not a prime, otherwise it is a prime. Indeed, if is composite (with a and b ≠ 1) then one of the factors a or b is necessarily at most . For example, for , the trial divisions are by m = 2, 3, 4, 5, and 6. None of these numbers divides 37, so 37 is prime. This routine can be implemented more efficiently if a complete list of primes up to is known—then trial divisions need to be checked only for those m that are prime. For example, to check the primality of 37, only three divisions are necessary (m = 2, 3, and 5), given that 4 and 6 are composite.",IRRELEVANT,True,True,True
5727565ef1498d1400e8f674__5727565ef1498d1400e8f676,B,5727565ef1498d1400e8f676,"Where have some workers made more than $100,000?",['US/Canada'],a8640bb4073d5ac5,Prime_number,"The most basic method of checking the primality of a given integer n is called trial division. This routine consists of dividing n by each integer m that is greater than 1 and less than or equal to the square root of n. If the result of any of these divisions is an integer, then n is not a prime, otherwise it is a prime. Indeed, if is composite (with a and b ≠ 1) then one of the factors a or b is necessarily at most . For example, for , the trial divisions are by m = 2, 3, 4, 5, and 6. None of these numbers divides 37, so 37 is prime. This routine can be implemented more efficiently if a complete list of primes up to is known—then trial divisions need to be checked only for those m that are prime. For example, to check the primality of 37, only three divisions are necessary (m = 2, 3, and 5), given that 4 and 6 are composite.",IRRELEVANT,True,True,True
5727565ef1498d1400e8f674__5727565ef1498d1400e8f676,A,5727565ef1498d1400e8f674,What is the average construction salary in the Middle East?,"['£42,090']",6f429c24b50e439b,United_Methodist_Church,"Nevertheless, The United Methodist Church ""implore[s] families and churches not to reject or condemn lesbian and gay members and friends"" and commits itself to be in ministry with all persons, affirming that God's grace, love, and forgiveness is available to all. Additionally, many organizations, conferences, and congregations have recently called for broader acceptance of the LGBT community within the UMC. For example, the Connectional Table, a governing committee, has voted in favor of a proposal that calls for a localized option, which would permit ministers to officiate same-sex weddings, and it would allow conferences to ordain gay clergy. Moreover, many conferences have taken a position by voting in favor of same-gender marriages with resolutions.",IRRELEVANT,True,True,True
5727565ef1498d1400e8f674__5727565ef1498d1400e8f676,B,5727565ef1498d1400e8f676,"Where have some workers made more than $100,000?",['US/Canada'],6f429c24b50e439b,United_Methodist_Church,"Nevertheless, The United Methodist Church ""implore[s] families and churches not to reject or condemn lesbian and gay members and friends"" and commits itself to be in ministry with all persons, affirming that God's grace, love, and forgiveness is available to all. Additionally, many organizations, conferences, and congregations have recently called for broader acceptance of the LGBT community within the UMC. For example, the Connectional Table, a governing committee, has voted in favor of a proposal that calls for a localized option, which would permit ministers to officiate same-sex weddings, and it would allow conferences to ordain gay clergy. Moreover, many conferences have taken a position by voting in favor of same-gender marriages with resolutions.",IRRELEVANT,True,True,True
5727565ef1498d1400e8f674__5727565ef1498d1400e8f676,A,5727565ef1498d1400e8f674,What is the average construction salary in the Middle East?,"['£42,090']",fecbe268dcfa78e4,European_Union_law,"The Social Charter was subsequently adopted in 1989 by 11 of the then 12 member states. The UK refused to sign the Social Charter and was exempt from the legislation covering Social Charter issues unless it agreed to be bound by the legislation. The UK subsequently was the only member state to veto the Social Charter being included as the ""Social Chapter"" of the 1992 Maastricht Treaty - instead, an Agreement on Social Policy was added as a protocol. Again, the UK was exempt from legislation arising from the protocol, unless it agreed to be bound by it. The protocol was to become known as ""Social Chapter"", despite not actually being a chapter of the Maastricht Treaty. To achieve aims of the Agreement on Social Policy the European Union was to ""support and complement"" the policies of member states. The aims of the Agreement on Social Policy are:",IRRELEVANT,True,True,True
5727565ef1498d1400e8f674__5727565ef1498d1400e8f676,B,5727565ef1498d1400e8f676,"Where have some workers made more than $100,000?",['US/Canada'],fecbe268dcfa78e4,European_Union_law,"The Social Charter was subsequently adopted in 1989 by 11 of the then 12 member states. The UK refused to sign the Social Charter and was exempt from the legislation covering Social Charter issues unless it agreed to be bound by the legislation. The UK subsequently was the only member state to veto the Social Charter being included as the ""Social Chapter"" of the 1992 Maastricht Treaty - instead, an Agreement on Social Policy was added as a protocol. Again, the UK was exempt from legislation arising from the protocol, unless it agreed to be bound by it. The protocol was to become known as ""Social Chapter"", despite not actually being a chapter of the Maastricht Treaty. To achieve aims of the Agreement on Social Policy the European Union was to ""support and complement"" the policies of member states. The aims of the Agreement on Social Policy are:",IRRELEVANT,True,True,True
5727565ef1498d1400e8f674__5727565ef1498d1400e8f676,A,5727565ef1498d1400e8f674,What is the average construction salary in the Middle East?,"['£42,090']",f801030757e9e66c,Teacher,"The functions of the teacher's colleges may include setting out clear standards of practice, providing for the ongoing education of teachers, investigating complaints involving members, conducting hearings into allegations of professional misconduct and taking appropriate disciplinary action and accrediting teacher education programs. In many situations teachers in publicly funded schools must be members in good standing with the college, and private schools may also require their teachers to be college peoples. In other areas these roles may belong to the State Board of Education, the Superintendent of Public Instruction, the State Education Agency or other governmental bodies. In still other areas Teaching Unions may be responsible for some or all of these duties.",IRRELEVANT,True,True,True
5727565ef1498d1400e8f674__5727565ef1498d1400e8f676,B,5727565ef1498d1400e8f676,"Where have some workers made more than $100,000?",['US/Canada'],f801030757e9e66c,Teacher,"The functions of the teacher's colleges may include setting out clear standards of practice, providing for the ongoing education of teachers, investigating complaints involving members, conducting hearings into allegations of professional misconduct and taking appropriate disciplinary action and accrediting teacher education programs. In many situations teachers in publicly funded schools must be members in good standing with the college, and private schools may also require their teachers to be college peoples. In other areas these roles may belong to the State Board of Education, the Superintendent of Public Instruction, the State Education Agency or other governmental bodies. In still other areas Teaching Unions may be responsible for some or all of these duties.",IRRELEVANT,True,True,True
5727565ef1498d1400e8f674__5727565ef1498d1400e8f676,A,5727565ef1498d1400e8f674,What is the average construction salary in the Middle East?,"['£42,090']",38f1fc8afb6921f5,Rhine,"The Rhine was not known to Herodotus and first enters the historical period in the 1st century BC in Roman-era geography. At that time, it formed the boundary between Gaul and Germania. The Upper Rhine had been part of the areal of the late Hallstatt culture since the 6th century BC, and by the 1st century BC, the areal of the La Tène culture covered almost its entire length, forming a contact zone with the Jastorf culture, i.e. the locus of early Celtic-Germanic cultural contact. In Roman geography, the Rhine formed the boundary between Gallia and Germania by definition; e.g. Maurus Servius Honoratus, Commentary on the Aeneid of Vergil (8.727) (Rhenus) fluvius Galliae, qui Germanos a Gallia dividit ""(The Rhine is a) river of Gaul, which divides the Germanic people from Gaul.""",IRRELEVANT,True,True,True
5727565ef1498d1400e8f674__5727565ef1498d1400e8f676,B,5727565ef1498d1400e8f676,"Where have some workers made more than $100,000?",['US/Canada'],38f1fc8afb6921f5,Rhine,"The Rhine was not known to Herodotus and first enters the historical period in the 1st century BC in Roman-era geography. At that time, it formed the boundary between Gaul and Germania. The Upper Rhine had been part of the areal of the late Hallstatt culture since the 6th century BC, and by the 1st century BC, the areal of the La Tène culture covered almost its entire length, forming a contact zone with the Jastorf culture, i.e. the locus of early Celtic-Germanic cultural contact. In Roman geography, the Rhine formed the boundary between Gallia and Germania by definition; e.g. Maurus Servius Honoratus, Commentary on the Aeneid of Vergil (8.727) (Rhenus) fluvius Galliae, qui Germanos a Gallia dividit ""(The Rhine is a) river of Gaul, which divides the Germanic people from Gaul.""",IRRELEVANT,True,True,True
5727565ef1498d1400e8f674__5727565ef1498d1400e8f676,A,5727565ef1498d1400e8f674,What is the average construction salary in the Middle East?,"['£42,090']",3cfec35f68f54f81,University_of_Chicago,"The Maroons compete in the NCAA's Division III as members of the University Athletic Association (UAA). The university was a founding member of the Big Ten Conference and participated in the NCAA Division I Men's Basketball and Football and was a regular participant in the Men's Basketball tournament. In 1935, the University of Chicago reached the Sweet Sixteen. In 1935, Chicago Maroons football player Jay Berwanger became the first winner of the Heisman Trophy. However, the university chose to withdraw from the conference in 1946 after University President Robert Maynard Hutchins de-emphasized varsity athletics in 1939 and dropped football. (In 1969, Chicago reinstated football as a Division III team, resuming playing its home games at the new Stagg Field.)",IRRELEVANT,True,True,True
5727565ef1498d1400e8f674__5727565ef1498d1400e8f676,B,5727565ef1498d1400e8f676,"Where have some workers made more than $100,000?",['US/Canada'],3cfec35f68f54f81,University_of_Chicago,"The Maroons compete in the NCAA's Division III as members of the University Athletic Association (UAA). The university was a founding member of the Big Ten Conference and participated in the NCAA Division I Men's Basketball and Football and was a regular participant in the Men's Basketball tournament. In 1935, the University of Chicago reached the Sweet Sixteen. In 1935, Chicago Maroons football player Jay Berwanger became the first winner of the Heisman Trophy. However, the university chose to withdraw from the conference in 1946 after University President Robert Maynard Hutchins de-emphasized varsity athletics in 1939 and dropped football. (In 1969, Chicago reinstated football as a Division III team, resuming playing its home games at the new Stagg Field.)",IRRELEVANT,True,True,True
5727565ef1498d1400e8f674__5727565ef1498d1400e8f676,A,5727565ef1498d1400e8f674,What is the average construction salary in the Middle East?,"['£42,090']",d91531e24877b168,Scottish_Parliament,"Each sitting day, normally at 5 pm, MSPs decide on all the motions and amendments that have been moved that day. This ""Decision Time"" is heralded by the sounding of the division bell, which is heard throughout the Parliamentary campus and alerts MSPs who are not in the chamber to return and vote. At Decision Time, the Presiding Officer puts questions on the motions and amendments by reading out the name of the motion or amendment as well as the proposer and asking ""Are we all agreed?"", to which the chamber first votes orally. If there is audible dissent, the Presiding Officer announces ""There will be a division"" and members vote by means of electronic consoles on their desks. Each MSP has a unique access card with a microchip which, when inserted into the console, identifies them and allows them to vote. As a result, the outcome of each division is known in seconds.",IRRELEVANT,True,True,True
5727565ef1498d1400e8f674__5727565ef1498d1400e8f676,B,5727565ef1498d1400e8f676,"Where have some workers made more than $100,000?",['US/Canada'],d91531e24877b168,Scottish_Parliament,"Each sitting day, normally at 5 pm, MSPs decide on all the motions and amendments that have been moved that day. This ""Decision Time"" is heralded by the sounding of the division bell, which is heard throughout the Parliamentary campus and alerts MSPs who are not in the chamber to return and vote. At Decision Time, the Presiding Officer puts questions on the motions and amendments by reading out the name of the motion or amendment as well as the proposer and asking ""Are we all agreed?"", to which the chamber first votes orally. If there is audible dissent, the Presiding Officer announces ""There will be a division"" and members vote by means of electronic consoles on their desks. Each MSP has a unique access card with a microchip which, when inserted into the console, identifies them and allows them to vote. As a result, the outcome of each division is known in seconds.",IRRELEVANT,True,True,True
5727565ef1498d1400e8f674__5727565ef1498d1400e8f676,A,5727565ef1498d1400e8f674,What is the average construction salary in the Middle East?,"['£42,090']",4db57d18c895cf08,Prime_number,"A particularly simple example of a probabilistic test is the Fermat primality test, which relies on the fact (Fermat's little theorem) that np≡n (mod p) for any n if p is a prime number. If we have a number b that we want to test for primality, then we work out nb (mod b) for a random value of n as our test. A flaw with this test is that there are some composite numbers (the Carmichael numbers) that satisfy the Fermat identity even though they are not prime, so the test has no way of distinguishing between prime numbers and Carmichael numbers. Carmichael numbers are substantially rarer than prime numbers, though, so this test can be useful for practical purposes. More powerful extensions of the Fermat primality test, such as the Baillie-PSW, Miller-Rabin, and Solovay-Strassen tests, are guaranteed to fail at least some of the time when applied to a composite number.",IRRELEVANT,True,True,True
5727565ef1498d1400e8f674__5727565ef1498d1400e8f676,B,5727565ef1498d1400e8f676,"Where have some workers made more than $100,000?",['US/Canada'],4db57d18c895cf08,Prime_number,"A particularly simple example of a probabilistic test is the Fermat primality test, which relies on the fact (Fermat's little theorem) that np≡n (mod p) for any n if p is a prime number. If we have a number b that we want to test for primality, then we work out nb (mod b) for a random value of n as our test. A flaw with this test is that there are some composite numbers (the Carmichael numbers) that satisfy the Fermat identity even though they are not prime, so the test has no way of distinguishing between prime numbers and Carmichael numbers. Carmichael numbers are substantially rarer than prime numbers, though, so this test can be useful for practical purposes. More powerful extensions of the Fermat primality test, such as the Baillie-PSW, Miller-Rabin, and Solovay-Strassen tests, are guaranteed to fail at least some of the time when applied to a composite number.",IRRELEVANT,True,True,True
5727565ef1498d1400e8f674__5727565ef1498d1400e8f676,A,5727565ef1498d1400e8f674,What is the average construction salary in the Middle East?,"['£42,090']",7de07b845a972b49,Force,"Newton's Second Law asserts the direct proportionality of acceleration to force and the inverse proportionality of acceleration to mass. Accelerations can be defined through kinematic measurements. However, while kinematics are well-described through reference frame analysis in advanced physics, there are still deep questions that remain as to what is the proper definition of mass. General relativity offers an equivalence between space-time and mass, but lacking a coherent theory of quantum gravity, it is unclear as to how or whether this connection is relevant on microscales. With some justification, Newton's second law can be taken as a quantitative definition of mass by writing the law as an equality; the relative units of force and mass then are fixed.",IRRELEVANT,True,True,True
5727565ef1498d1400e8f674__5727565ef1498d1400e8f676,B,5727565ef1498d1400e8f676,"Where have some workers made more than $100,000?",['US/Canada'],7de07b845a972b49,Force,"Newton's Second Law asserts the direct proportionality of acceleration to force and the inverse proportionality of acceleration to mass. Accelerations can be defined through kinematic measurements. However, while kinematics are well-described through reference frame analysis in advanced physics, there are still deep questions that remain as to what is the proper definition of mass. General relativity offers an equivalence between space-time and mass, but lacking a coherent theory of quantum gravity, it is unclear as to how or whether this connection is relevant on microscales. With some justification, Newton's second law can be taken as a quantitative definition of mass by writing the law as an equality; the relative units of force and mass then are fixed.",IRRELEVANT,True,True,True
5727565ef1498d1400e8f674__5727565ef1498d1400e8f676,A,5727565ef1498d1400e8f674,What is the average construction salary in the Middle East?,"['£42,090']",36476aaf2aea4f79,Oxygen,"By the late 19th century scientists realized that air could be liquefied, and its components isolated, by compressing and cooling it. Using a cascade method, Swiss chemist and physicist Raoul Pierre Pictet evaporated liquid sulfur dioxide in order to liquefy carbon dioxide, which in turn was evaporated to cool oxygen gas enough to liquefy it. He sent a telegram on December 22, 1877 to the French Academy of Sciences in Paris announcing his discovery of liquid oxygen. Just two days later, French physicist Louis Paul Cailletet announced his own method of liquefying molecular oxygen. Only a few drops of the liquid were produced in either case so no meaningful analysis could be conducted. Oxygen was liquified in stable state for the first time on March 29, 1883 by Polish scientists from Jagiellonian University, Zygmunt Wróblewski and Karol Olszewski.",IRRELEVANT,True,True,True
5727565ef1498d1400e8f674__5727565ef1498d1400e8f676,B,5727565ef1498d1400e8f676,"Where have some workers made more than $100,000?",['US/Canada'],36476aaf2aea4f79,Oxygen,"By the late 19th century scientists realized that air could be liquefied, and its components isolated, by compressing and cooling it. Using a cascade method, Swiss chemist and physicist Raoul Pierre Pictet evaporated liquid sulfur dioxide in order to liquefy carbon dioxide, which in turn was evaporated to cool oxygen gas enough to liquefy it. He sent a telegram on December 22, 1877 to the French Academy of Sciences in Paris announcing his discovery of liquid oxygen. Just two days later, French physicist Louis Paul Cailletet announced his own method of liquefying molecular oxygen. Only a few drops of the liquid were produced in either case so no meaningful analysis could be conducted. Oxygen was liquified in stable state for the first time on March 29, 1883 by Polish scientists from Jagiellonian University, Zygmunt Wróblewski and Karol Olszewski.",IRRELEVANT,True,True,True
5727565ef1498d1400e8f674__5727565ef1498d1400e8f676,A,5727565ef1498d1400e8f674,What is the average construction salary in the Middle East?,"['£42,090']",1d83d2e50ebd60d9,Doctor_Who,"A different arrangement was recorded by Peter Howell for season 18 (1980), which was in turn replaced by Dominic Glynn's arrangement for the season-long serial The Trial of a Time Lord in season 23 (1986). Keff McCulloch provided the new arrangement for the Seventh Doctor's era which lasted from season 24 (1987) until the series' suspension in 1989. American composer John Debney created a new arrangement of Ron Grainer's original theme for Doctor Who in 1996. For the return of the series in 2005, Murray Gold provided a new arrangement which featured samples from the 1963 original with further elements added; in the 2005 Christmas episode ""The Christmas Invasion"", Gold introduced a modified closing credits arrangement that was used up until the conclusion of the 2007 series.[citation needed]",IRRELEVANT,True,True,True
5727565ef1498d1400e8f674__5727565ef1498d1400e8f676,B,5727565ef1498d1400e8f676,"Where have some workers made more than $100,000?",['US/Canada'],1d83d2e50ebd60d9,Doctor_Who,"A different arrangement was recorded by Peter Howell for season 18 (1980), which was in turn replaced by Dominic Glynn's arrangement for the season-long serial The Trial of a Time Lord in season 23 (1986). Keff McCulloch provided the new arrangement for the Seventh Doctor's era which lasted from season 24 (1987) until the series' suspension in 1989. American composer John Debney created a new arrangement of Ron Grainer's original theme for Doctor Who in 1996. For the return of the series in 2005, Murray Gold provided a new arrangement which featured samples from the 1963 original with further elements added; in the 2005 Christmas episode ""The Christmas Invasion"", Gold introduced a modified closing credits arrangement that was used up until the conclusion of the 2007 series.[citation needed]",IRRELEVANT,True,True,True
5727565ef1498d1400e8f674__5727565ef1498d1400e8f676,A,5727565ef1498d1400e8f674,What is the average construction salary in the Middle East?,"['£42,090']",c24cf42ac4098a34,Warsaw,"The first fortified settlements on the site of today's Warsaw were located in Bródno (9th/10th century) and Jazdów (12th/13th century). After Jazdów was raided by nearby clans and dukes, a new similar settlement was established on the site of a small fishing village called Warszowa. The Prince of Płock, Bolesław II of Masovia, established this settlement, the modern-day Warsaw, in about 1300. In the beginning of the 14th century it became one of the seats of the Dukes of Masovia, becoming the official capital of Masovian Duchy in 1413. 14th-century Warsaw's economy rested on mostly crafts and trade. Upon the extinction of the local ducal line, the duchy was reincorporated into the Polish Crown in 1526.",IRRELEVANT,True,True,True
5727565ef1498d1400e8f674__5727565ef1498d1400e8f676,B,5727565ef1498d1400e8f676,"Where have some workers made more than $100,000?",['US/Canada'],c24cf42ac4098a34,Warsaw,"The first fortified settlements on the site of today's Warsaw were located in Bródno (9th/10th century) and Jazdów (12th/13th century). After Jazdów was raided by nearby clans and dukes, a new similar settlement was established on the site of a small fishing village called Warszowa. The Prince of Płock, Bolesław II of Masovia, established this settlement, the modern-day Warsaw, in about 1300. In the beginning of the 14th century it became one of the seats of the Dukes of Masovia, becoming the official capital of Masovian Duchy in 1413. 14th-century Warsaw's economy rested on mostly crafts and trade. Upon the extinction of the local ducal line, the duchy was reincorporated into the Polish Crown in 1526.",IRRELEVANT,True,True,True
5727565ef1498d1400e8f674__5727565ef1498d1400e8f676,A,5727565ef1498d1400e8f674,What is the average construction salary in the Middle East?,"['£42,090']",9e25149e190dbb13,Doctor_Who,"A wide selection of serials are available from BBC Video on DVD, on sale in the United Kingdom, Australia, Canada and the United States. Every fully extant serial has been released on VHS, and BBC Worldwide continues to regularly release serials on DVD. The 2005 series is also available in its entirety on UMD for the PlayStation Portable. Eight original series serials have been released on Laserdisc and many have also been released on Betamax tape and Video 2000. One episode of Doctor Who (The Infinite Quest) was released on VCD. Only the series from 2009 onwards are available on Blu-ray, except for the 1970 story Spearhead from Space, released in July 2013. Many early releases have been re-released as special editions, with more bonus features.",IRRELEVANT,True,True,True
5727565ef1498d1400e8f674__5727565ef1498d1400e8f676,B,5727565ef1498d1400e8f676,"Where have some workers made more than $100,000?",['US/Canada'],9e25149e190dbb13,Doctor_Who,"A wide selection of serials are available from BBC Video on DVD, on sale in the United Kingdom, Australia, Canada and the United States. Every fully extant serial has been released on VHS, and BBC Worldwide continues to regularly release serials on DVD. The 2005 series is also available in its entirety on UMD for the PlayStation Portable. Eight original series serials have been released on Laserdisc and many have also been released on Betamax tape and Video 2000. One episode of Doctor Who (The Infinite Quest) was released on VCD. Only the series from 2009 onwards are available on Blu-ray, except for the 1970 story Spearhead from Space, released in July 2013. Many early releases have been re-released as special editions, with more bonus features.",IRRELEVANT,True,True,True
5727565ef1498d1400e8f674__5727565ef1498d1400e8f676,A,5727565ef1498d1400e8f674,What is the average construction salary in the Middle East?,"['£42,090']",0464d8e11e00da26,Huguenot,"Prince Louis de Condé, along with his sons Daniel and Osias,[citation needed] arranged with Count Ludwig von Nassau-Saarbrücken to establish a Huguenot community in present-day Saarland in 1604. The Count supported mercantilism and welcomed technically skilled immigrants into his lands, regardless of their religion. The Condés established a thriving glass-making works, which provided wealth to the principality for many years. Other founding families created enterprises based on textiles and such traditional Huguenot occupations in France. The community and its congregation remain active to this day, with descendants of many of the founding families still living in the region. Some members of this community emigrated to the United States in the 1890s.",IRRELEVANT,True,True,True
5727565ef1498d1400e8f674__5727565ef1498d1400e8f676,B,5727565ef1498d1400e8f676,"Where have some workers made more than $100,000?",['US/Canada'],0464d8e11e00da26,Huguenot,"Prince Louis de Condé, along with his sons Daniel and Osias,[citation needed] arranged with Count Ludwig von Nassau-Saarbrücken to establish a Huguenot community in present-day Saarland in 1604. The Count supported mercantilism and welcomed technically skilled immigrants into his lands, regardless of their religion. The Condés established a thriving glass-making works, which provided wealth to the principality for many years. Other founding families created enterprises based on textiles and such traditional Huguenot occupations in France. The community and its congregation remain active to this day, with descendants of many of the founding families still living in the region. Some members of this community emigrated to the United States in the 1890s.",IRRELEVANT,True,True,True
5726a9ff708984140094cd4b__5726a9ff708984140094cd4c,A,5726a9ff708984140094cd4b,Who sculpted the representations of Prince Albert and Queen Victoria found in the main entrance?,"['Alfred Drury', 'Alfred Drury.']",b5faa1de76350716,Apollo_program,"Maxime Faget's preliminary Apollo design employed a cone-shaped command module, supported by one of several service modules providing propulsion and electrical power, sized appropriately for the space station, cislunar, and lunar landing missions. Once Kennedy's Moon landing goal became official, detailed design began of a Command/Service Module (CSM) in which the crew would spend the entire direct-ascent mission and lift off from the lunar surface for the return trip, after being soft-landed by a larger landing propulsion module. The final choice of lunar orbit rendezvous changed the CSM's role to the translunar ferry used to transport the crew, along with a new spacecraft, the Lunar Excursion Module (LEM, later shortened to Lunar Module, LM) which would take two men to the lunar surface and return them to the CSM.",IRRELEVANT,True,True,True
5726a9ff708984140094cd4b__5726a9ff708984140094cd4c,B,5726a9ff708984140094cd4c,How many levels of galleries do the façades surround?,"['four', 'four levels']",b5faa1de76350716,Apollo_program,"Maxime Faget's preliminary Apollo design employed a cone-shaped command module, supported by one of several service modules providing propulsion and electrical power, sized appropriately for the space station, cislunar, and lunar landing missions. Once Kennedy's Moon landing goal became official, detailed design began of a Command/Service Module (CSM) in which the crew would spend the entire direct-ascent mission and lift off from the lunar surface for the return trip, after being soft-landed by a larger landing propulsion module. The final choice of lunar orbit rendezvous changed the CSM's role to the translunar ferry used to transport the crew, along with a new spacecraft, the Lunar Excursion Module (LEM, later shortened to Lunar Module, LM) which would take two men to the lunar surface and return them to the CSM.",IRRELEVANT,True,True,True
5726a9ff708984140094cd4b__5726a9ff708984140094cd4c,A,5726a9ff708984140094cd4b,Who sculpted the representations of Prince Albert and Queen Victoria found in the main entrance?,"['Alfred Drury', 'Alfred Drury.']",3a3878b3435f0bad,Chloroplast,"Somewhere around a billion years ago, a free-living cyanobacterium entered an early eukaryotic cell, either as food or as an internal parasite, but managed to escape the phagocytic vacuole it was contained in. The two innermost lipid-bilayer membranes that surround all chloroplasts correspond to the outer and inner membranes of the ancestral cyanobacterium's gram negative cell wall, and not the phagosomal membrane from the host, which was probably lost. The new cellular resident quickly became an advantage, providing food for the eukaryotic host, which allowed it to live within it. Over time, the cyanobacterium was assimilated, and many of its genes were lost or transferred to the nucleus of the host. Some of its proteins were then synthesized in the cytoplasm of the host cell, and imported back into the chloroplast (formerly the cyanobacterium).",IRRELEVANT,True,True,True
5726a9ff708984140094cd4b__5726a9ff708984140094cd4c,B,5726a9ff708984140094cd4c,How many levels of galleries do the façades surround?,"['four', 'four levels']",3a3878b3435f0bad,Chloroplast,"Somewhere around a billion years ago, a free-living cyanobacterium entered an early eukaryotic cell, either as food or as an internal parasite, but managed to escape the phagocytic vacuole it was contained in. The two innermost lipid-bilayer membranes that surround all chloroplasts correspond to the outer and inner membranes of the ancestral cyanobacterium's gram negative cell wall, and not the phagosomal membrane from the host, which was probably lost. The new cellular resident quickly became an advantage, providing food for the eukaryotic host, which allowed it to live within it. Over time, the cyanobacterium was assimilated, and many of its genes were lost or transferred to the nucleus of the host. Some of its proteins were then synthesized in the cytoplasm of the host cell, and imported back into the chloroplast (formerly the cyanobacterium).",IRRELEVANT,True,True,True
5726a9ff708984140094cd4b__5726a9ff708984140094cd4c,A,5726a9ff708984140094cd4b,Who sculpted the representations of Prince Albert and Queen Victoria found in the main entrance?,"['Alfred Drury', 'Alfred Drury.']",fb3292657a24788e,Nikola_Tesla,"In 1893, George Westinghouse won the bid to light the 1893 World's Columbian Exposition in Chicago with alternating current, beating out a General Electric bid by one million dollars. This World's Fair devoted a building to electrical exhibits. It was a key event in the history of AC power, as Westinghouse demonstrated the safety, reliability, and efficiency of a fully integrated alternating current system to the American public. At the Columbian Exposition, under a banner announcing the ""Tesla Polyphase System"", Tesla demonstrated a series of electrical effects previously performed throughout America and Europe,:76 included using high-voltage, high-frequency alternating current to light a wireless gas-discharge lamp.:79 An observer noted:",IRRELEVANT,True,True,True
5726a9ff708984140094cd4b__5726a9ff708984140094cd4c,B,5726a9ff708984140094cd4c,How many levels of galleries do the façades surround?,"['four', 'four levels']",fb3292657a24788e,Nikola_Tesla,"In 1893, George Westinghouse won the bid to light the 1893 World's Columbian Exposition in Chicago with alternating current, beating out a General Electric bid by one million dollars. This World's Fair devoted a building to electrical exhibits. It was a key event in the history of AC power, as Westinghouse demonstrated the safety, reliability, and efficiency of a fully integrated alternating current system to the American public. At the Columbian Exposition, under a banner announcing the ""Tesla Polyphase System"", Tesla demonstrated a series of electrical effects previously performed throughout America and Europe,:76 included using high-voltage, high-frequency alternating current to light a wireless gas-discharge lamp.:79 An observer noted:",IRRELEVANT,True,True,True
5726a9ff708984140094cd4b__5726a9ff708984140094cd4c,A,5726a9ff708984140094cd4b,Who sculpted the representations of Prince Albert and Queen Victoria found in the main entrance?,"['Alfred Drury', 'Alfred Drury.']",7e7a84f3e53d1a0e,Economic_inequality,"For most of human history higher material living standards – full stomachs, access to clean water and warmth from fuel – led to better health and longer lives. This pattern of higher incomes-longer lives still holds among poorer countries, where life expectancy increases rapidly as per capita income increases, but in recent decades it has slowed down among middle income countries and plateaued among the richest thirty or so countries in the world. Americans live no longer on average (about 77 years in 2004) than Greeks (78 years) or New Zealanders (78), though the USA has a higher GDP per capita. Life expectancy in Sweden (80 years) and Japan (82) – where income was more equally distributed – was longer.",IRRELEVANT,True,True,True
5726a9ff708984140094cd4b__5726a9ff708984140094cd4c,B,5726a9ff708984140094cd4c,How many levels of galleries do the façades surround?,"['four', 'four levels']",7e7a84f3e53d1a0e,Economic_inequality,"For most of human history higher material living standards – full stomachs, access to clean water and warmth from fuel – led to better health and longer lives. This pattern of higher incomes-longer lives still holds among poorer countries, where life expectancy increases rapidly as per capita income increases, but in recent decades it has slowed down among middle income countries and plateaued among the richest thirty or so countries in the world. Americans live no longer on average (about 77 years in 2004) than Greeks (78 years) or New Zealanders (78), though the USA has a higher GDP per capita. Life expectancy in Sweden (80 years) and Japan (82) – where income was more equally distributed – was longer.",IRRELEVANT,True,True,True
5726a9ff708984140094cd4b__5726a9ff708984140094cd4c,A,5726a9ff708984140094cd4b,Who sculpted the representations of Prince Albert and Queen Victoria found in the main entrance?,"['Alfred Drury', 'Alfred Drury.']",73afbad581995770,Steam_engine,"The history of the steam engine stretches back as far as the first century AD; the first recorded rudimentary steam engine being the aeolipile described by Greek mathematician Hero of Alexandria. In the following centuries, the few steam-powered ""engines"" known were, like the aeolipile, essentially experimental devices used by inventors to demonstrate the properties of steam. A rudimentary steam turbine device was described by Taqi al-Din in 1551 and by Giovanni Branca in 1629. Jerónimo de Ayanz y Beaumont received patents in 1606 for fifty steam powered inventions, including a water pump for draining inundated mines. Denis Papin, a Huguenot refugee, did some useful work on the steam digester in 1679, and first used a piston to raise weights in 1690.",IRRELEVANT,True,True,True
5726a9ff708984140094cd4b__5726a9ff708984140094cd4c,B,5726a9ff708984140094cd4c,How many levels of galleries do the façades surround?,"['four', 'four levels']",73afbad581995770,Steam_engine,"The history of the steam engine stretches back as far as the first century AD; the first recorded rudimentary steam engine being the aeolipile described by Greek mathematician Hero of Alexandria. In the following centuries, the few steam-powered ""engines"" known were, like the aeolipile, essentially experimental devices used by inventors to demonstrate the properties of steam. A rudimentary steam turbine device was described by Taqi al-Din in 1551 and by Giovanni Branca in 1629. Jerónimo de Ayanz y Beaumont received patents in 1606 for fifty steam powered inventions, including a water pump for draining inundated mines. Denis Papin, a Huguenot refugee, did some useful work on the steam digester in 1679, and first used a piston to raise weights in 1690.",IRRELEVANT,True,True,True
5726a9ff708984140094cd4b__5726a9ff708984140094cd4c,A,5726a9ff708984140094cd4b,Who sculpted the representations of Prince Albert and Queen Victoria found in the main entrance?,"['Alfred Drury', 'Alfred Drury.']",0762a1bc5feb74b6,Imperialism,"Bolshevik leaders had effectively reestablished a polity with roughly the same extent as that empire by 1921, however with an internationalist ideology: Lenin in particular asserted the right to limited self-determination for national minorities within the new territory. Beginning in 1923, the policy of ""Indigenization"" [korenizatsiia] was intended to support non-Russians develop their national cultures within a socialist framework. Never formally revoked, it stopped being implemented after 1932. After World War II, the Soviet Union installed socialist regimes modeled on those it had installed in 1919–20 in the old Tsarist Empire in areas its forces occupied in Eastern Europe. The Soviet Union and the People’s Republic of China supported post–World War II communist movements in foreign nations and colonies to advance their own interests, but were not always successful.",IRRELEVANT,True,True,True
5726a9ff708984140094cd4b__5726a9ff708984140094cd4c,B,5726a9ff708984140094cd4c,How many levels of galleries do the façades surround?,"['four', 'four levels']",0762a1bc5feb74b6,Imperialism,"Bolshevik leaders had effectively reestablished a polity with roughly the same extent as that empire by 1921, however with an internationalist ideology: Lenin in particular asserted the right to limited self-determination for national minorities within the new territory. Beginning in 1923, the policy of ""Indigenization"" [korenizatsiia] was intended to support non-Russians develop their national cultures within a socialist framework. Never formally revoked, it stopped being implemented after 1932. After World War II, the Soviet Union installed socialist regimes modeled on those it had installed in 1919–20 in the old Tsarist Empire in areas its forces occupied in Eastern Europe. The Soviet Union and the People’s Republic of China supported post–World War II communist movements in foreign nations and colonies to advance their own interests, but were not always successful.",IRRELEVANT,True,True,True
5726a9ff708984140094cd4b__5726a9ff708984140094cd4c,A,5726a9ff708984140094cd4b,Who sculpted the representations of Prince Albert and Queen Victoria found in the main entrance?,"['Alfred Drury', 'Alfred Drury.']",d371b831fea330cf,United_Methodist_Church,"Though John Wesley originally wanted the Methodists to stay within the Church of England, the American Revolution decisively separated the Methodists in the American colonies from the life and sacraments of the Anglican Church. In 1784, after unsuccessful attempts to have the Church of England send a bishop to start a new church in the colonies, Wesley decisively appointed fellow priest Thomas Coke as superintendent (bishop) to organize a separate Methodist Society. Together with Coke, Wesley sent a revision of the Anglican Prayerbook and the Articles of Religion which were received and adopted by the Baltimore Christmas Conference of 1784, officially establishing the Methodist Episcopal Church. The conference was held at the Lovely Lane Methodist Church, considered the Mother Church of American Methodism.",IRRELEVANT,True,True,True
5726a9ff708984140094cd4b__5726a9ff708984140094cd4c,B,5726a9ff708984140094cd4c,How many levels of galleries do the façades surround?,"['four', 'four levels']",d371b831fea330cf,United_Methodist_Church,"Though John Wesley originally wanted the Methodists to stay within the Church of England, the American Revolution decisively separated the Methodists in the American colonies from the life and sacraments of the Anglican Church. In 1784, after unsuccessful attempts to have the Church of England send a bishop to start a new church in the colonies, Wesley decisively appointed fellow priest Thomas Coke as superintendent (bishop) to organize a separate Methodist Society. Together with Coke, Wesley sent a revision of the Anglican Prayerbook and the Articles of Religion which were received and adopted by the Baltimore Christmas Conference of 1784, officially establishing the Methodist Episcopal Church. The conference was held at the Lovely Lane Methodist Church, considered the Mother Church of American Methodism.",IRRELEVANT,True,True,True
5726a9ff708984140094cd4b__5726a9ff708984140094cd4c,A,5726a9ff708984140094cd4b,Who sculpted the representations of Prince Albert and Queen Victoria found in the main entrance?,"['Alfred Drury', 'Alfred Drury.']",9867017bbd82b6ea,Huguenot,"French Huguenots made two attempts to establish a haven in North America. In 1562, naval officer Jean Ribault led an expedition that explored Florida and the present-day Southeastern U.S., and founded the outpost of Charlesfort on Parris Island, South Carolina. The Wars of Religion precluded a return voyage, and the outpost was abandoned. In 1564, Ribault's former lieutenant René Goulaine de Laudonnière launched a second voyage to build a colony; he established Fort Caroline in what is now Jacksonville, Florida. War at home again precluded a resupply mission, and the colony struggled. In 1565 the Spanish decided to enforce their claim to La Florida, and sent Pedro Menéndez de Avilés, who established the settlement of St. Augustine near Fort Caroline. Menéndez' forces routed the French and executed most of the Protestant captives.",IRRELEVANT,True,True,True
5726a9ff708984140094cd4b__5726a9ff708984140094cd4c,B,5726a9ff708984140094cd4c,How many levels of galleries do the façades surround?,"['four', 'four levels']",9867017bbd82b6ea,Huguenot,"French Huguenots made two attempts to establish a haven in North America. In 1562, naval officer Jean Ribault led an expedition that explored Florida and the present-day Southeastern U.S., and founded the outpost of Charlesfort on Parris Island, South Carolina. The Wars of Religion precluded a return voyage, and the outpost was abandoned. In 1564, Ribault's former lieutenant René Goulaine de Laudonnière launched a second voyage to build a colony; he established Fort Caroline in what is now Jacksonville, Florida. War at home again precluded a resupply mission, and the colony struggled. In 1565 the Spanish decided to enforce their claim to La Florida, and sent Pedro Menéndez de Avilés, who established the settlement of St. Augustine near Fort Caroline. Menéndez' forces routed the French and executed most of the Protestant captives.",IRRELEVANT,True,True,True
5726a9ff708984140094cd4b__5726a9ff708984140094cd4c,A,5726a9ff708984140094cd4b,Who sculpted the representations of Prince Albert and Queen Victoria found in the main entrance?,"['Alfred Drury', 'Alfred Drury.']",0b363ccd79edf5a3,Black_Death,"In England, in the absence of census figures, historians propose a range of preincident population figures from as high as 7 million to as low as 4 million in 1300, and a postincident population figure as low as 2 million. By the end of 1350, the Black Death subsided, but it never really died out in England. Over the next few hundred years, further outbreaks occurred in 1361–62, 1369, 1379–83, 1389–93, and throughout the first half of the 15th century. An outbreak in 1471 took as much as 10–15% of the population, while the death rate of the plague of 1479–80 could have been as high as 20%. The most general outbreaks in Tudor and Stuart England seem to have begun in 1498, 1535, 1543, 1563, 1589, 1603, 1625, and 1636, and ended with the Great Plague of London in 1665.",IRRELEVANT,True,True,True
5726a9ff708984140094cd4b__5726a9ff708984140094cd4c,B,5726a9ff708984140094cd4c,How many levels of galleries do the façades surround?,"['four', 'four levels']",0b363ccd79edf5a3,Black_Death,"In England, in the absence of census figures, historians propose a range of preincident population figures from as high as 7 million to as low as 4 million in 1300, and a postincident population figure as low as 2 million. By the end of 1350, the Black Death subsided, but it never really died out in England. Over the next few hundred years, further outbreaks occurred in 1361–62, 1369, 1379–83, 1389–93, and throughout the first half of the 15th century. An outbreak in 1471 took as much as 10–15% of the population, while the death rate of the plague of 1479–80 could have been as high as 20%. The most general outbreaks in Tudor and Stuart England seem to have begun in 1498, 1535, 1543, 1563, 1589, 1603, 1625, and 1636, and ended with the Great Plague of London in 1665.",IRRELEVANT,True,True,True
5726a9ff708984140094cd4b__5726a9ff708984140094cd4c,A,5726a9ff708984140094cd4b,Who sculpted the representations of Prince Albert and Queen Victoria found in the main entrance?,"['Alfred Drury', 'Alfred Drury.']",75ac617b40cb38bf,University_of_Chicago,"In economics, notable Nobel Memorial Prize in Economic Sciences winners Milton Friedman, a major advisor to Republican U.S. President Ronald Reagan and Conservative British Prime Minister Margaret Thatcher, George Stigler, Nobel laureate and proponent of regulatory capture theory, Gary Becker, an important contributor to the family economics branch of economics, Herbert A. Simon, responsible for the modern interpretation of the concept of organizational decision-making, Paul Samuelson, the first American to win the Nobel Memorial Prize in Economic Sciences, and Eugene Fama, known for his work on portfolio theory, asset pricing and stock market behaviour, are all graduates. American economist, social theorist, political philosopher, and author Thomas Sowell is also an alumnus.",IRRELEVANT,True,True,True
5726a9ff708984140094cd4b__5726a9ff708984140094cd4c,B,5726a9ff708984140094cd4c,How many levels of galleries do the façades surround?,"['four', 'four levels']",75ac617b40cb38bf,University_of_Chicago,"In economics, notable Nobel Memorial Prize in Economic Sciences winners Milton Friedman, a major advisor to Republican U.S. President Ronald Reagan and Conservative British Prime Minister Margaret Thatcher, George Stigler, Nobel laureate and proponent of regulatory capture theory, Gary Becker, an important contributor to the family economics branch of economics, Herbert A. Simon, responsible for the modern interpretation of the concept of organizational decision-making, Paul Samuelson, the first American to win the Nobel Memorial Prize in Economic Sciences, and Eugene Fama, known for his work on portfolio theory, asset pricing and stock market behaviour, are all graduates. American economist, social theorist, political philosopher, and author Thomas Sowell is also an alumnus.",IRRELEVANT,True,True,True
5726a9ff708984140094cd4b__5726a9ff708984140094cd4c,A,5726a9ff708984140094cd4b,Who sculpted the representations of Prince Albert and Queen Victoria found in the main entrance?,"['Alfred Drury', 'Alfred Drury.']",2614908637c6c056,Pharmacy,"In Japan, at the end of the Asuka period (538–710) and the early Nara period (710–794), the men who fulfilled roles similar to those of modern pharmacists were highly respected. The place of pharmacists in society was expressly defined in the Taihō Code (701) and re-stated in the Yōrō Code (718). Ranked positions in the pre-Heian Imperial court were established; and this organizational structure remained largely intact until the Meiji Restoration (1868). In this highly stable hierarchy, the pharmacists—and even pharmacist assistants—were assigned status superior to all others in health-related fields such as physicians and acupuncturists. In the Imperial household, the pharmacist was even ranked above the two personal physicians of the Emperor.",IRRELEVANT,True,True,True
5726a9ff708984140094cd4b__5726a9ff708984140094cd4c,B,5726a9ff708984140094cd4c,How many levels of galleries do the façades surround?,"['four', 'four levels']",2614908637c6c056,Pharmacy,"In Japan, at the end of the Asuka period (538–710) and the early Nara period (710–794), the men who fulfilled roles similar to those of modern pharmacists were highly respected. The place of pharmacists in society was expressly defined in the Taihō Code (701) and re-stated in the Yōrō Code (718). Ranked positions in the pre-Heian Imperial court were established; and this organizational structure remained largely intact until the Meiji Restoration (1868). In this highly stable hierarchy, the pharmacists—and even pharmacist assistants—were assigned status superior to all others in health-related fields such as physicians and acupuncturists. In the Imperial household, the pharmacist was even ranked above the two personal physicians of the Emperor.",IRRELEVANT,True,True,True
5726a9ff708984140094cd4b__5726a9ff708984140094cd4c,A,5726a9ff708984140094cd4b,Who sculpted the representations of Prince Albert and Queen Victoria found in the main entrance?,"['Alfred Drury', 'Alfred Drury.']",ec21379d9dab4c39,Genghis_Khan,"In 1939 Chinese Nationalist soldiers took the mausoleum from its position at the 'Lord's Enclosure' (Mongolian: Edsen Khoroo) in Mongolia to protect it from Japanese troops. It was taken through Communist-held territory in Yan'an some 900 km on carts to safety at a Buddhist monastery, the Dongshan Dafo Dian, where it remained for ten years. In 1949, as Communist troops advanced, the Nationalist soldiers moved it another 200 km farther west to the famous Tibetan monastery of Kumbum Monastery or Ta'er Shi near Xining, which soon fell under Communist control. In early 1954, Genghis Khan's bier and relics were returned to the Lord's Enclosure in Mongolia. By 1956 a new temple was erected there to house them. In 1968 during the Cultural Revolution, Red Guards destroyed almost everything of value. The ""relics"" were remade in the 1970s and a great marble statue of Genghis was completed in 1989.",IRRELEVANT,True,True,True
5726a9ff708984140094cd4b__5726a9ff708984140094cd4c,B,5726a9ff708984140094cd4c,How many levels of galleries do the façades surround?,"['four', 'four levels']",ec21379d9dab4c39,Genghis_Khan,"In 1939 Chinese Nationalist soldiers took the mausoleum from its position at the 'Lord's Enclosure' (Mongolian: Edsen Khoroo) in Mongolia to protect it from Japanese troops. It was taken through Communist-held territory in Yan'an some 900 km on carts to safety at a Buddhist monastery, the Dongshan Dafo Dian, where it remained for ten years. In 1949, as Communist troops advanced, the Nationalist soldiers moved it another 200 km farther west to the famous Tibetan monastery of Kumbum Monastery or Ta'er Shi near Xining, which soon fell under Communist control. In early 1954, Genghis Khan's bier and relics were returned to the Lord's Enclosure in Mongolia. By 1956 a new temple was erected there to house them. In 1968 during the Cultural Revolution, Red Guards destroyed almost everything of value. The ""relics"" were remade in the 1970s and a great marble statue of Genghis was completed in 1989.",IRRELEVANT,True,True,True
5726a9ff708984140094cd4b__5726a9ff708984140094cd4c,A,5726a9ff708984140094cd4b,Who sculpted the representations of Prince Albert and Queen Victoria found in the main entrance?,"['Alfred Drury', 'Alfred Drury.']",a13fb4c358557dc2,Intergovernmental_Panel_on_Climate_Change,"The executive summary of the WG I Summary for Policymakers report says they are certain that emissions resulting from human activities are substantially increasing the atmospheric concentrations of the greenhouse gases, resulting on average in an additional warming of the Earth's surface. They calculate with confidence that CO2 has been responsible for over half the enhanced greenhouse effect. They predict that under a ""business as usual"" (BAU) scenario, global mean temperature will increase by about 0.3 °C per decade during the [21st] century. They judge that global mean surface air temperature has increased by 0.3 to 0.6 °C over the last 100 years, broadly consistent with prediction of climate models, but also of the same magnitude as natural climate variability. The unequivocal detection of the enhanced greenhouse effect is not likely for a decade or more.",IRRELEVANT,True,True,True
5726a9ff708984140094cd4b__5726a9ff708984140094cd4c,B,5726a9ff708984140094cd4c,How many levels of galleries do the façades surround?,"['four', 'four levels']",a13fb4c358557dc2,Intergovernmental_Panel_on_Climate_Change,"The executive summary of the WG I Summary for Policymakers report says they are certain that emissions resulting from human activities are substantially increasing the atmospheric concentrations of the greenhouse gases, resulting on average in an additional warming of the Earth's surface. They calculate with confidence that CO2 has been responsible for over half the enhanced greenhouse effect. They predict that under a ""business as usual"" (BAU) scenario, global mean temperature will increase by about 0.3 °C per decade during the [21st] century. They judge that global mean surface air temperature has increased by 0.3 to 0.6 °C over the last 100 years, broadly consistent with prediction of climate models, but also of the same magnitude as natural climate variability. The unequivocal detection of the enhanced greenhouse effect is not likely for a decade or more.",IRRELEVANT,True,True,True
5726a9ff708984140094cd4b__5726a9ff708984140094cd4c,A,5726a9ff708984140094cd4b,Who sculpted the representations of Prince Albert and Queen Victoria found in the main entrance?,"['Alfred Drury', 'Alfred Drury.']",e12a217173bc3503,United_Methodist_Church,"In 1735, John and Charles Wesley went to America to teach the gospel to the American Indians in the colony of Georgia. In less than two years, the ""Holy Club"" disbanded. John Wesley returned to England and met with a group of clergy he respected. He said ""they appeared to be of one heart, as well as of one judgment, resolved to be Bible-Christians at all events; and, wherever they were, to preach with all their might plain, old, Bible Christianity"". The ministers retained their membership in the Church of England. Though not always emphasized or appreciated in the Anglican churches of their day, their teaching emphasized salvation by God's grace, acquired through faith in Christ. Three teachings they saw as the foundation of Christian faith were:",IRRELEVANT,True,True,True
5726a9ff708984140094cd4b__5726a9ff708984140094cd4c,B,5726a9ff708984140094cd4c,How many levels of galleries do the façades surround?,"['four', 'four levels']",e12a217173bc3503,United_Methodist_Church,"In 1735, John and Charles Wesley went to America to teach the gospel to the American Indians in the colony of Georgia. In less than two years, the ""Holy Club"" disbanded. John Wesley returned to England and met with a group of clergy he respected. He said ""they appeared to be of one heart, as well as of one judgment, resolved to be Bible-Christians at all events; and, wherever they were, to preach with all their might plain, old, Bible Christianity"". The ministers retained their membership in the Church of England. Though not always emphasized or appreciated in the Anglican churches of their day, their teaching emphasized salvation by God's grace, acquired through faith in Christ. Three teachings they saw as the foundation of Christian faith were:",IRRELEVANT,True,True,True
5726a9ff708984140094cd4b__5726a9ff708984140094cd4c,A,5726a9ff708984140094cd4b,Who sculpted the representations of Prince Albert and Queen Victoria found in the main entrance?,"['Alfred Drury', 'Alfred Drury.']",93620703d50b4155,Prime_number,"The following table gives the largest known primes of the mentioned types. Some of these primes have been found using distributed computing. In 2009, the Great Internet Mersenne Prime Search project was awarded a US$100,000 prize for first discovering a prime with at least 10 million digits. The Electronic Frontier Foundation also offers $150,000 and $250,000 for primes with at least 100 million digits and 1 billion digits, respectively. Some of the largest primes not known to have any particular form (that is, no simple formula such as that of Mersenne primes) have been found by taking a piece of semi-random binary data, converting it to a number n, multiplying it by 256k for some positive integer k, and searching for possible primes within the interval [256kn + 1, 256k(n + 1) − 1].[citation needed]",IRRELEVANT,True,True,True
5726a9ff708984140094cd4b__5726a9ff708984140094cd4c,B,5726a9ff708984140094cd4c,How many levels of galleries do the façades surround?,"['four', 'four levels']",93620703d50b4155,Prime_number,"The following table gives the largest known primes of the mentioned types. Some of these primes have been found using distributed computing. In 2009, the Great Internet Mersenne Prime Search project was awarded a US$100,000 prize for first discovering a prime with at least 10 million digits. The Electronic Frontier Foundation also offers $150,000 and $250,000 for primes with at least 100 million digits and 1 billion digits, respectively. Some of the largest primes not known to have any particular form (that is, no simple formula such as that of Mersenne primes) have been found by taking a piece of semi-random binary data, converting it to a number n, multiplying it by 256k for some positive integer k, and searching for possible primes within the interval [256kn + 1, 256k(n + 1) − 1].[citation needed]",IRRELEVANT,True,True,True
5726a9ff708984140094cd4b__5726a9ff708984140094cd4c,A,5726a9ff708984140094cd4b,Who sculpted the representations of Prince Albert and Queen Victoria found in the main entrance?,"['Alfred Drury', 'Alfred Drury.']",5bae1cf69d61dbf0,Force,"For certain physical scenarios, it is impossible to model forces as being due to gradient of potentials. This is often due to macrophysical considerations that yield forces as arising from a macroscopic statistical average of microstates. For example, friction is caused by the gradients of numerous electrostatic potentials between the atoms, but manifests as a force model that is independent of any macroscale position vector. Nonconservative forces other than friction include other contact forces, tension, compression, and drag. However, for any sufficiently detailed description, all these forces are the results of conservative ones since each of these macroscopic forces are the net results of the gradients of microscopic potentials.",IRRELEVANT,True,True,True
5726a9ff708984140094cd4b__5726a9ff708984140094cd4c,B,5726a9ff708984140094cd4c,How many levels of galleries do the façades surround?,"['four', 'four levels']",5bae1cf69d61dbf0,Force,"For certain physical scenarios, it is impossible to model forces as being due to gradient of potentials. This is often due to macrophysical considerations that yield forces as arising from a macroscopic statistical average of microstates. For example, friction is caused by the gradients of numerous electrostatic potentials between the atoms, but manifests as a force model that is independent of any macroscale position vector. Nonconservative forces other than friction include other contact forces, tension, compression, and drag. However, for any sufficiently detailed description, all these forces are the results of conservative ones since each of these macroscopic forces are the net results of the gradients of microscopic potentials.",IRRELEVANT,True,True,True
5726a9ff708984140094cd4b__5726a9ff708984140094cd4c,A,5726a9ff708984140094cd4b,Who sculpted the representations of Prince Albert and Queen Victoria found in the main entrance?,"['Alfred Drury', 'Alfred Drury.']",49a7f1fb3809af3d,Nikola_Tesla,"During his second year of study at Graz, Tesla developed a passion for (and became very proficient at) billiards, chess and card-playing, sometimes spending more than 48 hours in a stretch at a gaming table.:43, 301 On one occasion at his laboratory, Tesla worked for a period of 84 hours without sleep or rest.:208 Kenneth Swezey, a journalist whom Tesla had befriended, confirmed that Tesla rarely slept. Swezey recalled one morning when Tesla called him at 3 a.m.: ""I was sleeping in my room like one dead ... Suddenly, the telephone ring awakened me ... [Tesla] spoke animatedly, with pauses, [as he] ... work[ed] out a problem, comparing one theory to another, commenting; and when he felt he had arrived at the solution, he suddenly closed the telephone.""",IRRELEVANT,True,True,True
5726a9ff708984140094cd4b__5726a9ff708984140094cd4c,B,5726a9ff708984140094cd4c,How many levels of galleries do the façades surround?,"['four', 'four levels']",49a7f1fb3809af3d,Nikola_Tesla,"During his second year of study at Graz, Tesla developed a passion for (and became very proficient at) billiards, chess and card-playing, sometimes spending more than 48 hours in a stretch at a gaming table.:43, 301 On one occasion at his laboratory, Tesla worked for a period of 84 hours without sleep or rest.:208 Kenneth Swezey, a journalist whom Tesla had befriended, confirmed that Tesla rarely slept. Swezey recalled one morning when Tesla called him at 3 a.m.: ""I was sleeping in my room like one dead ... Suddenly, the telephone ring awakened me ... [Tesla] spoke animatedly, with pauses, [as he] ... work[ed] out a problem, comparing one theory to another, commenting; and when he felt he had arrived at the solution, he suddenly closed the telephone.""",IRRELEVANT,True,True,True
5726a9ff708984140094cd4b__5726a9ff708984140094cd4c,A,5726a9ff708984140094cd4b,Who sculpted the representations of Prince Albert and Queen Victoria found in the main entrance?,"['Alfred Drury', 'Alfred Drury.']",bb70208d8b737c8a,American_Broadcasting_Company,"In the early 1970s, Michael Eisner, who joined ABC in 1966, became the network's program development manager. He helped bring about ideas for many series including Happy Days (which originated as a segment on the anthology series Love, American Style), as well as several soap operas; however, Eisner's main credit at ABC was for developing youth-oriented programming. He was responsible for reacquiring the rights to the Looney Tunes-Merrie Melodies library, bringing the shorts back to ABC after spending several years on CBS, as well as developing The Jackson 5ive animated series and a series about the Osmonds, and greenlighting Super Friends, based on DC Comics' Justice League of America series. Eisner left ABC in 1976 to become president of Paramount Pictures (and would later become the President of ABC's eventual parent company, Disney).",IRRELEVANT,True,True,True
5726a9ff708984140094cd4b__5726a9ff708984140094cd4c,B,5726a9ff708984140094cd4c,How many levels of galleries do the façades surround?,"['four', 'four levels']",bb70208d8b737c8a,American_Broadcasting_Company,"In the early 1970s, Michael Eisner, who joined ABC in 1966, became the network's program development manager. He helped bring about ideas for many series including Happy Days (which originated as a segment on the anthology series Love, American Style), as well as several soap operas; however, Eisner's main credit at ABC was for developing youth-oriented programming. He was responsible for reacquiring the rights to the Looney Tunes-Merrie Melodies library, bringing the shorts back to ABC after spending several years on CBS, as well as developing The Jackson 5ive animated series and a series about the Osmonds, and greenlighting Super Friends, based on DC Comics' Justice League of America series. Eisner left ABC in 1976 to become president of Paramount Pictures (and would later become the President of ABC's eventual parent company, Disney).",IRRELEVANT,True,True,True
5726a9ff708984140094cd4b__5726a9ff708984140094cd4c,A,5726a9ff708984140094cd4b,Who sculpted the representations of Prince Albert and Queen Victoria found in the main entrance?,"['Alfred Drury', 'Alfred Drury.']",22457c95e4568f15,Apollo_program,"Apollo set several major human spaceflight milestones. It stands alone in sending manned missions beyond low Earth orbit. Apollo 8 was the first manned spacecraft to orbit another celestial body, while the final Apollo 17 mission marked the sixth Moon landing and the ninth manned mission beyond low Earth orbit. The program returned 842 pounds (382 kg) of lunar rocks and soil to Earth, greatly contributing to the understanding of the Moon's composition and geological history. The program laid the foundation for NASA's current human spaceflight capability, and funded construction of its Johnson Space Center and Kennedy Space Center. Apollo also spurred advances in many areas of technology incidental to rocketry and manned spaceflight, including avionics, telecommunications, and computers.",IRRELEVANT,True,True,True
5726a9ff708984140094cd4b__5726a9ff708984140094cd4c,B,5726a9ff708984140094cd4c,How many levels of galleries do the façades surround?,"['four', 'four levels']",22457c95e4568f15,Apollo_program,"Apollo set several major human spaceflight milestones. It stands alone in sending manned missions beyond low Earth orbit. Apollo 8 was the first manned spacecraft to orbit another celestial body, while the final Apollo 17 mission marked the sixth Moon landing and the ninth manned mission beyond low Earth orbit. The program returned 842 pounds (382 kg) of lunar rocks and soil to Earth, greatly contributing to the understanding of the Moon's composition and geological history. The program laid the foundation for NASA's current human spaceflight capability, and funded construction of its Johnson Space Center and Kennedy Space Center. Apollo also spurred advances in many areas of technology incidental to rocketry and manned spaceflight, including avionics, telecommunications, and computers.",IRRELEVANT,True,True,True
5726a9ff708984140094cd4b__5726a9ff708984140094cd4c,A,5726a9ff708984140094cd4b,Who sculpted the representations of Prince Albert and Queen Victoria found in the main entrance?,"['Alfred Drury', 'Alfred Drury.']",5caf1cc1422f1d46,Construction,"Building construction is the process of adding structure to real property or construction of buildings. The majority of building construction jobs are small renovations, such as addition of a room, or renovation of a bathroom. Often, the owner of the property acts as laborer, paymaster, and design team for the entire project. Although building construction projects typically include various common elements, such as design, financial, estimating and legal considerations, many projects of varying sizes reach undesirable end results, such as structural collapse, cost overruns, and/or litigation. For this reason, those with experience in the field make detailed plans and maintain careful oversight during the project to ensure a positive outcome.",IRRELEVANT,True,True,True
5726a9ff708984140094cd4b__5726a9ff708984140094cd4c,B,5726a9ff708984140094cd4c,How many levels of galleries do the façades surround?,"['four', 'four levels']",5caf1cc1422f1d46,Construction,"Building construction is the process of adding structure to real property or construction of buildings. The majority of building construction jobs are small renovations, such as addition of a room, or renovation of a bathroom. Often, the owner of the property acts as laborer, paymaster, and design team for the entire project. Although building construction projects typically include various common elements, such as design, financial, estimating and legal considerations, many projects of varying sizes reach undesirable end results, such as structural collapse, cost overruns, and/or litigation. For this reason, those with experience in the field make detailed plans and maintain careful oversight during the project to ensure a positive outcome.",IRRELEVANT,True,True,True
5726a9ff708984140094cd4b__5726a9ff708984140094cd4c,A,5726a9ff708984140094cd4b,Who sculpted the representations of Prince Albert and Queen Victoria found in the main entrance?,"['Alfred Drury', 'Alfred Drury.']",babfdcdb4f5e11f8,Steam_engine,"The Rankine cycle is the fundamental thermodynamic underpinning of the steam engine. The cycle is an arrangement of components as is typically used for simple power production, and utilizes the phase change of water (boiling water producing steam, condensing exhaust steam, producing liquid water)) to provide a practical heat/power conversion system. The heat is supplied externally to a closed loop with some of the heat added being converted to work and the waste heat being removed in a condenser. The Rankine cycle is used in virtually all steam power production applications. In the 1990s, Rankine steam cycles generated about 90% of all electric power used throughout the world, including virtually all solar, biomass, coal and nuclear power plants. It is named after William John Macquorn Rankine, a Scottish polymath.",IRRELEVANT,True,True,True
5726a9ff708984140094cd4b__5726a9ff708984140094cd4c,B,5726a9ff708984140094cd4c,How many levels of galleries do the façades surround?,"['four', 'four levels']",babfdcdb4f5e11f8,Steam_engine,"The Rankine cycle is the fundamental thermodynamic underpinning of the steam engine. The cycle is an arrangement of components as is typically used for simple power production, and utilizes the phase change of water (boiling water producing steam, condensing exhaust steam, producing liquid water)) to provide a practical heat/power conversion system. The heat is supplied externally to a closed loop with some of the heat added being converted to work and the waste heat being removed in a condenser. The Rankine cycle is used in virtually all steam power production applications. In the 1990s, Rankine steam cycles generated about 90% of all electric power used throughout the world, including virtually all solar, biomass, coal and nuclear power plants. It is named after William John Macquorn Rankine, a Scottish polymath.",IRRELEVANT,True,True,True
5726a9ff708984140094cd4b__5726a9ff708984140094cd4c,A,5726a9ff708984140094cd4b,Who sculpted the representations of Prince Albert and Queen Victoria found in the main entrance?,"['Alfred Drury', 'Alfred Drury.']",a2eaf4d99bb280d6,Apollo_program,"To remedy the causes of the fire, changes were made in the Block II spacecraft and operational procedures, the most important of which were use of a nitrogen/oxygen mixture instead of pure oxygen before and during launch, and removal of flammable cabin and space suit materials. The Block II design already called for replacement of the Block I plug-type hatch cover with a quick-release, outward opening door. NASA discontinued the manned Block I program, using the Block I spacecraft only for unmanned Saturn V flights. Crew members would also exclusively wear modified, fire-resistant Block II space suits, and would be designated by the Block II titles, regardless of whether a LM was present on the flight or not.",IRRELEVANT,True,True,True
5726a9ff708984140094cd4b__5726a9ff708984140094cd4c,B,5726a9ff708984140094cd4c,How many levels of galleries do the façades surround?,"['four', 'four levels']",a2eaf4d99bb280d6,Apollo_program,"To remedy the causes of the fire, changes were made in the Block II spacecraft and operational procedures, the most important of which were use of a nitrogen/oxygen mixture instead of pure oxygen before and during launch, and removal of flammable cabin and space suit materials. The Block II design already called for replacement of the Block I plug-type hatch cover with a quick-release, outward opening door. NASA discontinued the manned Block I program, using the Block I spacecraft only for unmanned Saturn V flights. Crew members would also exclusively wear modified, fire-resistant Block II space suits, and would be designated by the Block II titles, regardless of whether a LM was present on the flight or not.",IRRELEVANT,True,True,True
5726a9ff708984140094cd4b__5726a9ff708984140094cd4c,A,5726a9ff708984140094cd4b,Who sculpted the representations of Prince Albert and Queen Victoria found in the main entrance?,"['Alfred Drury', 'Alfred Drury.']",67bb9479b87eba60,Nikola_Tesla,"In the August 1917 edition of the magazine Electrical Experimenter Tesla postulated that electricity could be used to locate submarines via using the reflection of an ""electric ray"" of ""tremendous frequency,"" with the signal being viewed on a fluorescent screen (a system that has been noted to have a superficial resemblance to modern radar). Tesla was incorrect in his assumption that high frequency radio waves would penetrate water but Émile Girardeau, who helped develop France's first radar system in the 1930s, noted in 1953 that Tesla's general speculation that a very strong high frequency signal would be needed was correct stating ""(Tesla) was prophesying or dreaming, since he had at his disposal no means of carrying them out, but one must add that if he was dreaming, at least he was dreaming correctly."":266",IRRELEVANT,True,True,True
5726a9ff708984140094cd4b__5726a9ff708984140094cd4c,B,5726a9ff708984140094cd4c,How many levels of galleries do the façades surround?,"['four', 'four levels']",67bb9479b87eba60,Nikola_Tesla,"In the August 1917 edition of the magazine Electrical Experimenter Tesla postulated that electricity could be used to locate submarines via using the reflection of an ""electric ray"" of ""tremendous frequency,"" with the signal being viewed on a fluorescent screen (a system that has been noted to have a superficial resemblance to modern radar). Tesla was incorrect in his assumption that high frequency radio waves would penetrate water but Émile Girardeau, who helped develop France's first radar system in the 1930s, noted in 1953 that Tesla's general speculation that a very strong high frequency signal would be needed was correct stating ""(Tesla) was prophesying or dreaming, since he had at his disposal no means of carrying them out, but one must add that if he was dreaming, at least he was dreaming correctly."":266",IRRELEVANT,True,True,True
5726a9ff708984140094cd4b__5726a9ff708984140094cd4c,A,5726a9ff708984140094cd4b,Who sculpted the representations of Prince Albert and Queen Victoria found in the main entrance?,"['Alfred Drury', 'Alfred Drury.']",f0037223955d5106,Imperialism,"In World War II, Charles de Gaulle and the Free French used the overseas colonies as bases from which they fought to liberate France. However after 1945 anti-colonial movements began to challenge the Empire. France fought and lost a bitter war in Vietnam in the 1950s. Whereas they won the war in Algeria, the French leader at the time, Charles de Gaulle, decided to grant Algeria independence anyway in 1962. Its settlers and many local supporters relocated to France. Nearly all of France's colonies gained independence by 1960, but France retained great financial and diplomatic influence. It has repeatedly sent troops to assist its former colonies in Africa in suppressing insurrections and coups d’état.",IRRELEVANT,True,True,True
5726a9ff708984140094cd4b__5726a9ff708984140094cd4c,B,5726a9ff708984140094cd4c,How many levels of galleries do the façades surround?,"['four', 'four levels']",f0037223955d5106,Imperialism,"In World War II, Charles de Gaulle and the Free French used the overseas colonies as bases from which they fought to liberate France. However after 1945 anti-colonial movements began to challenge the Empire. France fought and lost a bitter war in Vietnam in the 1950s. Whereas they won the war in Algeria, the French leader at the time, Charles de Gaulle, decided to grant Algeria independence anyway in 1962. Its settlers and many local supporters relocated to France. Nearly all of France's colonies gained independence by 1960, but France retained great financial and diplomatic influence. It has repeatedly sent troops to assist its former colonies in Africa in suppressing insurrections and coups d’état.",IRRELEVANT,True,True,True
5726a9ff708984140094cd4b__5726a9ff708984140094cd4c,A,5726a9ff708984140094cd4b,Who sculpted the representations of Prince Albert and Queen Victoria found in the main entrance?,"['Alfred Drury', 'Alfred Drury.']",d91531e24877b168,Scottish_Parliament,"Each sitting day, normally at 5 pm, MSPs decide on all the motions and amendments that have been moved that day. This ""Decision Time"" is heralded by the sounding of the division bell, which is heard throughout the Parliamentary campus and alerts MSPs who are not in the chamber to return and vote. At Decision Time, the Presiding Officer puts questions on the motions and amendments by reading out the name of the motion or amendment as well as the proposer and asking ""Are we all agreed?"", to which the chamber first votes orally. If there is audible dissent, the Presiding Officer announces ""There will be a division"" and members vote by means of electronic consoles on their desks. Each MSP has a unique access card with a microchip which, when inserted into the console, identifies them and allows them to vote. As a result, the outcome of each division is known in seconds.",IRRELEVANT,True,True,True
5726a9ff708984140094cd4b__5726a9ff708984140094cd4c,B,5726a9ff708984140094cd4c,How many levels of galleries do the façades surround?,"['four', 'four levels']",d91531e24877b168,Scottish_Parliament,"Each sitting day, normally at 5 pm, MSPs decide on all the motions and amendments that have been moved that day. This ""Decision Time"" is heralded by the sounding of the division bell, which is heard throughout the Parliamentary campus and alerts MSPs who are not in the chamber to return and vote. At Decision Time, the Presiding Officer puts questions on the motions and amendments by reading out the name of the motion or amendment as well as the proposer and asking ""Are we all agreed?"", to which the chamber first votes orally. If there is audible dissent, the Presiding Officer announces ""There will be a division"" and members vote by means of electronic consoles on their desks. Each MSP has a unique access card with a microchip which, when inserted into the console, identifies them and allows them to vote. As a result, the outcome of each division is known in seconds.",IRRELEVANT,True,True,True
5726a9ff708984140094cd4b__5726a9ff708984140094cd4c,A,5726a9ff708984140094cd4b,Who sculpted the representations of Prince Albert and Queen Victoria found in the main entrance?,"['Alfred Drury', 'Alfred Drury.']",0937633978b30fe3,Islamism,"Moderate and reformist Islamists who accept and work within the democratic process include parties like the Tunisian Ennahda Movement. Jamaat-e-Islami of Pakistan is basically a socio-political and democratic Vanguard party but has also gained political influence through military coup d'état in past. The Islamist groups like Hezbollah in Lebanon and Hamas in Palestine participate in democratic and political process as well as armed attacks, seeking to abolish the state of Israel. Radical Islamist organizations like al-Qaeda and the Egyptian Islamic Jihad, and groups such as the Taliban, entirely reject democracy, often declaring as kuffar those Muslims who support it (see takfirism), as well as calling for violent/offensive jihad or urging and conducting attacks on a religious basis.",IRRELEVANT,True,True,True
5726a9ff708984140094cd4b__5726a9ff708984140094cd4c,B,5726a9ff708984140094cd4c,How many levels of galleries do the façades surround?,"['four', 'four levels']",0937633978b30fe3,Islamism,"Moderate and reformist Islamists who accept and work within the democratic process include parties like the Tunisian Ennahda Movement. Jamaat-e-Islami of Pakistan is basically a socio-political and democratic Vanguard party but has also gained political influence through military coup d'état in past. The Islamist groups like Hezbollah in Lebanon and Hamas in Palestine participate in democratic and political process as well as armed attacks, seeking to abolish the state of Israel. Radical Islamist organizations like al-Qaeda and the Egyptian Islamic Jihad, and groups such as the Taliban, entirely reject democracy, often declaring as kuffar those Muslims who support it (see takfirism), as well as calling for violent/offensive jihad or urging and conducting attacks on a religious basis.",IRRELEVANT,True,True,True
5726a9ff708984140094cd4b__5726a9ff708984140094cd4c,A,5726a9ff708984140094cd4b,Who sculpted the representations of Prince Albert and Queen Victoria found in the main entrance?,"['Alfred Drury', 'Alfred Drury.']",9af8cb5926de692d,Islamism,"These attacks resonated with conservative Muslims and the problem did not go away with Saddam's defeat either, since American troops remained stationed in the kingdom, and a de facto cooperation with the Palestinian-Israeli peace process developed. Saudi Arabia attempted to compensate for its loss of prestige among these groups by repressing those domestic Islamists who attacked it (bin Laden being a prime example), and increasing aid to Islamic groups (Islamist madrassas around the world and even aiding some violent Islamist groups) that did not, but its pre-war influence on behalf of moderation was greatly reduced. One result of this was a campaign of attacks on government officials and tourists in Egypt, a bloody civil war in Algeria and Osama bin Laden's terror attacks climaxing in the 9/11 attack.",IRRELEVANT,True,True,True
5726a9ff708984140094cd4b__5726a9ff708984140094cd4c,B,5726a9ff708984140094cd4c,How many levels of galleries do the façades surround?,"['four', 'four levels']",9af8cb5926de692d,Islamism,"These attacks resonated with conservative Muslims and the problem did not go away with Saddam's defeat either, since American troops remained stationed in the kingdom, and a de facto cooperation with the Palestinian-Israeli peace process developed. Saudi Arabia attempted to compensate for its loss of prestige among these groups by repressing those domestic Islamists who attacked it (bin Laden being a prime example), and increasing aid to Islamic groups (Islamist madrassas around the world and even aiding some violent Islamist groups) that did not, but its pre-war influence on behalf of moderation was greatly reduced. One result of this was a campaign of attacks on government officials and tourists in Egypt, a bloody civil war in Algeria and Osama bin Laden's terror attacks climaxing in the 9/11 attack.",IRRELEVANT,True,True,True
5726a9ff708984140094cd4b__5726a9ff708984140094cd4c,A,5726a9ff708984140094cd4b,Who sculpted the representations of Prince Albert and Queen Victoria found in the main entrance?,"['Alfred Drury', 'Alfred Drury.']",7a69c23308b0d60e,Genghis_Khan,"Genghis Khan put absolute trust in his generals, such as Muqali, Jebe and Subutai, and regarded them as close advisors, often extending them the same privileges and trust normally reserved for close family members. He allowed them to make decisions on their own when they embarked on campaigns far from the Mongol Empire capital Karakorum. Muqali, a trusted lieutenant, was given command of the Mongol forces against the Jin dynasty while Genghis Khan was fighting in Central Asia, and Subutai and Jebe were allowed to pursue the Great Raid into the Caucasus and Kievan Rus', an idea they had presented to the Khagan on their own initiative. While granting his generals a great deal of autonomy in making command decisions, Genghis Khan also expected unwavering loyalty from them.",IRRELEVANT,True,True,True
5726a9ff708984140094cd4b__5726a9ff708984140094cd4c,B,5726a9ff708984140094cd4c,How many levels of galleries do the façades surround?,"['four', 'four levels']",7a69c23308b0d60e,Genghis_Khan,"Genghis Khan put absolute trust in his generals, such as Muqali, Jebe and Subutai, and regarded them as close advisors, often extending them the same privileges and trust normally reserved for close family members. He allowed them to make decisions on their own when they embarked on campaigns far from the Mongol Empire capital Karakorum. Muqali, a trusted lieutenant, was given command of the Mongol forces against the Jin dynasty while Genghis Khan was fighting in Central Asia, and Subutai and Jebe were allowed to pursue the Great Raid into the Caucasus and Kievan Rus', an idea they had presented to the Khagan on their own initiative. While granting his generals a great deal of autonomy in making command decisions, Genghis Khan also expected unwavering loyalty from them.",IRRELEVANT,True,True,True
5726a9ff708984140094cd4b__5726a9ff708984140094cd4c,A,5726a9ff708984140094cd4b,Who sculpted the representations of Prince Albert and Queen Victoria found in the main entrance?,"['Alfred Drury', 'Alfred Drury.']",ca0bb7cbca98ddf4,Warsaw,"The University of Warsaw was established in 1816, when the partitions of Poland separated Warsaw from the oldest and most influential Polish academic center, in Kraków. Warsaw University of Technology is the second academic school of technology in the country, and one of the largest in East-Central Europe, employing 2,000 professors. Other institutions for higher education include the Medical University of Warsaw, the largest medical school in Poland and one of the most prestigious, the National Defence University, highest military academic institution in Poland, the Fryderyk Chopin University of Music the oldest and largest music school in Poland, and one of the largest in Europe, the Warsaw School of Economics, the oldest and most renowned economic university in the country, and the Warsaw University of Life Sciences the largest agricultural university founded in 1818.",IRRELEVANT,True,True,True
5726a9ff708984140094cd4b__5726a9ff708984140094cd4c,B,5726a9ff708984140094cd4c,How many levels of galleries do the façades surround?,"['four', 'four levels']",ca0bb7cbca98ddf4,Warsaw,"The University of Warsaw was established in 1816, when the partitions of Poland separated Warsaw from the oldest and most influential Polish academic center, in Kraków. Warsaw University of Technology is the second academic school of technology in the country, and one of the largest in East-Central Europe, employing 2,000 professors. Other institutions for higher education include the Medical University of Warsaw, the largest medical school in Poland and one of the most prestigious, the National Defence University, highest military academic institution in Poland, the Fryderyk Chopin University of Music the oldest and largest music school in Poland, and one of the largest in Europe, the Warsaw School of Economics, the oldest and most renowned economic university in the country, and the Warsaw University of Life Sciences the largest agricultural university founded in 1818.",IRRELEVANT,True,True,True
5726a9ff708984140094cd4b__5726a9ff708984140094cd4c,A,5726a9ff708984140094cd4b,Who sculpted the representations of Prince Albert and Queen Victoria found in the main entrance?,"['Alfred Drury', 'Alfred Drury.']",c1eb0d23a5536b92,Computational_complexity_theory,"Decision problems are one of the central objects of study in computational complexity theory. A decision problem is a special type of computational problem whose answer is either yes or no, or alternately either 1 or 0. A decision problem can be viewed as a formal language, where the members of the language are instances whose output is yes, and the non-members are those instances whose output is no. The objective is to decide, with the aid of an algorithm, whether a given input string is a member of the formal language under consideration. If the algorithm deciding this problem returns the answer yes, the algorithm is said to accept the input string, otherwise it is said to reject the input.",IRRELEVANT,True,True,True
5726a9ff708984140094cd4b__5726a9ff708984140094cd4c,B,5726a9ff708984140094cd4c,How many levels of galleries do the façades surround?,"['four', 'four levels']",c1eb0d23a5536b92,Computational_complexity_theory,"Decision problems are one of the central objects of study in computational complexity theory. A decision problem is a special type of computational problem whose answer is either yes or no, or alternately either 1 or 0. A decision problem can be viewed as a formal language, where the members of the language are instances whose output is yes, and the non-members are those instances whose output is no. The objective is to decide, with the aid of an algorithm, whether a given input string is a member of the formal language under consideration. If the algorithm deciding this problem returns the answer yes, the algorithm is said to accept the input string, otherwise it is said to reject the input.",IRRELEVANT,True,True,True
56e10fbacd28a01900c67509__56e10fbacd28a01900c6750c,A,56e10fbacd28a01900c67509,What kind of weapons did Tesla's treatise concern?,"['charged particle beam weapons', 'charged particle beam']",395b1cfae86dbeb3,Huguenot,"Individual Huguenots settled at the Cape of Good Hope from as early as 1671 with the arrival of François Villion (Viljoen). The first Huguenot to arrive at the Cape of Good Hope was however Maria de la Queillerie, wife of commander Jan van Riebeeck (and daughter of a Walloon church minister), who arrived on 6 April 1652 to establish a settlement at what is today Cape Town. The couple left for the Far East ten years later. On 31 December 1687 the first organised group of Huguenots set sail from the Netherlands to the Dutch East India Company post at the Cape of Good Hope. The largest portion of the Huguenots to settle in the Cape arrived between 1688 and 1689 in seven ships as part of the organised migration, but quite a few arrived as late as 1700; thereafter, the numbers declined and only small groups arrived at a time.",IRRELEVANT,True,True,True
56e10fbacd28a01900c67509__56e10fbacd28a01900c6750c,B,56e10fbacd28a01900c6750c,How many volts could particles be charged to in his weapon design?,['millions'],395b1cfae86dbeb3,Huguenot,"Individual Huguenots settled at the Cape of Good Hope from as early as 1671 with the arrival of François Villion (Viljoen). The first Huguenot to arrive at the Cape of Good Hope was however Maria de la Queillerie, wife of commander Jan van Riebeeck (and daughter of a Walloon church minister), who arrived on 6 April 1652 to establish a settlement at what is today Cape Town. The couple left for the Far East ten years later. On 31 December 1687 the first organised group of Huguenots set sail from the Netherlands to the Dutch East India Company post at the Cape of Good Hope. The largest portion of the Huguenots to settle in the Cape arrived between 1688 and 1689 in seven ships as part of the organised migration, but quite a few arrived as late as 1700; thereafter, the numbers declined and only small groups arrived at a time.",IRRELEVANT,True,True,True
56e10fbacd28a01900c67509__56e10fbacd28a01900c6750c,A,56e10fbacd28a01900c67509,What kind of weapons did Tesla's treatise concern?,"['charged particle beam weapons', 'charged particle beam']",90bb1bb50f3f2a7e,Prime_number,"can have infinitely many primes only when a and q are coprime, i.e., their greatest common divisor is one. If this necessary condition is satisfied, Dirichlet's theorem on arithmetic progressions asserts that the progression contains infinitely many primes. The picture below illustrates this with q = 9: the numbers are ""wrapped around"" as soon as a multiple of 9 is passed. Primes are highlighted in red. The rows (=progressions) starting with a = 3, 6, or 9 contain at most one prime number. In all other rows (a = 1, 2, 4, 5, 7, and 8) there are infinitely many prime numbers. What is more, the primes are distributed equally among those rows in the long run—the density of all primes congruent a modulo 9 is 1/6.",IRRELEVANT,True,True,True
56e10fbacd28a01900c67509__56e10fbacd28a01900c6750c,B,56e10fbacd28a01900c6750c,How many volts could particles be charged to in his weapon design?,['millions'],90bb1bb50f3f2a7e,Prime_number,"can have infinitely many primes only when a and q are coprime, i.e., their greatest common divisor is one. If this necessary condition is satisfied, Dirichlet's theorem on arithmetic progressions asserts that the progression contains infinitely many primes. The picture below illustrates this with q = 9: the numbers are ""wrapped around"" as soon as a multiple of 9 is passed. Primes are highlighted in red. The rows (=progressions) starting with a = 3, 6, or 9 contain at most one prime number. In all other rows (a = 1, 2, 4, 5, 7, and 8) there are infinitely many prime numbers. What is more, the primes are distributed equally among those rows in the long run—the density of all primes congruent a modulo 9 is 1/6.",IRRELEVANT,True,True,True
56e10fbacd28a01900c67509__56e10fbacd28a01900c6750c,A,56e10fbacd28a01900c67509,What kind of weapons did Tesla's treatise concern?,"['charged particle beam weapons', 'charged particle beam']",01fbee86abe8e1fd,Warsaw,"Other green spaces in the city include the Botanic Garden and the University Library garden. They have extensive botanical collection of rare domestic and foreign plants, while a palm house in the New Orangery displays plants of subtropics from all over the world. Besides, within the city borders, there are also: Pole Mokotowskie (a big park in the northern Mokotów, where was the first horse racetrack and then the airport), Park Ujazdowski (close to the Sejm and John Lennon street), Park of Culture and Rest in Powsin, by the southern city border, Park Skaryszewski by the right Vistula bank, in Praga. The oldest park in Praga, the Praga Park, was established in 1865–1871 and designed by Jan Dobrowolski. In 1927 a zoological garden (Ogród Zoologiczny) was established on the park grounds, and in 1952 a bear run, still open today.",IRRELEVANT,True,True,True
56e10fbacd28a01900c67509__56e10fbacd28a01900c6750c,B,56e10fbacd28a01900c6750c,How many volts could particles be charged to in his weapon design?,['millions'],01fbee86abe8e1fd,Warsaw,"Other green spaces in the city include the Botanic Garden and the University Library garden. They have extensive botanical collection of rare domestic and foreign plants, while a palm house in the New Orangery displays plants of subtropics from all over the world. Besides, within the city borders, there are also: Pole Mokotowskie (a big park in the northern Mokotów, where was the first horse racetrack and then the airport), Park Ujazdowski (close to the Sejm and John Lennon street), Park of Culture and Rest in Powsin, by the southern city border, Park Skaryszewski by the right Vistula bank, in Praga. The oldest park in Praga, the Praga Park, was established in 1865–1871 and designed by Jan Dobrowolski. In 1927 a zoological garden (Ogród Zoologiczny) was established on the park grounds, and in 1952 a bear run, still open today.",IRRELEVANT,True,True,True
56e10fbacd28a01900c67509__56e10fbacd28a01900c6750c,A,56e10fbacd28a01900c67509,What kind of weapons did Tesla's treatise concern?,"['charged particle beam weapons', 'charged particle beam']",2ef0b23b65edbdec,Teacher,"There are many concepts of teachers in Islam, ranging from mullahs (the teachers at madrassas) to ulemas, who teach of the laws of Islam for the proper way of Islamic living according to the Sunnah and Ahadith, and can render legal verdicts upon matters of Islamic law in accordance with the teaching of one of the Four Schools of Jurisprudence. In the more spiritual or mystical Islamic tradition of Sufism, the position of spiritual teacher and an esoteric (as opposed to exoteric, or actions-oriented, e.g. the Five Pillars of Islam) spirituality and spiritual knowledge takes on a more important dimension, with emphasis on learning from living saints - the highest of which is a Qutb - and of traditions passed down from initiate to initiate, and traceable back to the founder of the order.",IRRELEVANT,True,True,True
56e10fbacd28a01900c67509__56e10fbacd28a01900c6750c,B,56e10fbacd28a01900c6750c,How many volts could particles be charged to in his weapon design?,['millions'],2ef0b23b65edbdec,Teacher,"There are many concepts of teachers in Islam, ranging from mullahs (the teachers at madrassas) to ulemas, who teach of the laws of Islam for the proper way of Islamic living according to the Sunnah and Ahadith, and can render legal verdicts upon matters of Islamic law in accordance with the teaching of one of the Four Schools of Jurisprudence. In the more spiritual or mystical Islamic tradition of Sufism, the position of spiritual teacher and an esoteric (as opposed to exoteric, or actions-oriented, e.g. the Five Pillars of Islam) spirituality and spiritual knowledge takes on a more important dimension, with emphasis on learning from living saints - the highest of which is a Qutb - and of traditions passed down from initiate to initiate, and traceable back to the founder of the order.",IRRELEVANT,True,True,True
56e10fbacd28a01900c67509__56e10fbacd28a01900c6750c,A,56e10fbacd28a01900c67509,What kind of weapons did Tesla's treatise concern?,"['charged particle beam weapons', 'charged particle beam']",99b52199ae0d66bb,Sky_(United_Kingdom),"Following a lengthy legal battle with the European Commission, which deemed the exclusivity of the rights to be against the interests of competition and the consumer, BSkyB's monopoly came to an end from the 2007–08 season. In May 2006, the Irish broadcaster Setanta Sports was awarded two of the six Premier League packages that the English FA offered to broadcasters. Sky picked up the remaining four for £1.3bn. In February 2015, Sky bid £4.2bn for a package of 120 premier league games across the three seasons from 2016. This represented an increase of 70% on the previous contract and was said to be £1bn more than the company had expected to pay. The move has been followed by staff cuts, increased subscription prices (including 9% in Sky's family package) and the dropping of the 3D channel.",IRRELEVANT,True,True,True
56e10fbacd28a01900c67509__56e10fbacd28a01900c6750c,B,56e10fbacd28a01900c6750c,How many volts could particles be charged to in his weapon design?,['millions'],99b52199ae0d66bb,Sky_(United_Kingdom),"Following a lengthy legal battle with the European Commission, which deemed the exclusivity of the rights to be against the interests of competition and the consumer, BSkyB's monopoly came to an end from the 2007–08 season. In May 2006, the Irish broadcaster Setanta Sports was awarded two of the six Premier League packages that the English FA offered to broadcasters. Sky picked up the remaining four for £1.3bn. In February 2015, Sky bid £4.2bn for a package of 120 premier league games across the three seasons from 2016. This represented an increase of 70% on the previous contract and was said to be £1bn more than the company had expected to pay. The move has been followed by staff cuts, increased subscription prices (including 9% in Sky's family package) and the dropping of the 3D channel.",IRRELEVANT,True,True,True
56e10fbacd28a01900c67509__56e10fbacd28a01900c6750c,A,56e10fbacd28a01900c67509,What kind of weapons did Tesla's treatise concern?,"['charged particle beam weapons', 'charged particle beam']",20b577df37995791,Prime_number,"There are hints in the surviving records of the ancient Egyptians that they had some knowledge of prime numbers: the Egyptian fraction expansions in the Rhind papyrus, for instance, have quite different forms for primes and for composites. However, the earliest surviving records of the explicit study of prime numbers come from the Ancient Greeks. Euclid's Elements (circa 300 BC) contain important theorems about primes, including the infinitude of primes and the fundamental theorem of arithmetic. Euclid also showed how to construct a perfect number from a Mersenne prime. The Sieve of Eratosthenes, attributed to Eratosthenes, is a simple method to compute primes, although the large primes found today with computers are not generated this way.",IRRELEVANT,True,True,True
56e10fbacd28a01900c67509__56e10fbacd28a01900c6750c,B,56e10fbacd28a01900c6750c,How many volts could particles be charged to in his weapon design?,['millions'],20b577df37995791,Prime_number,"There are hints in the surviving records of the ancient Egyptians that they had some knowledge of prime numbers: the Egyptian fraction expansions in the Rhind papyrus, for instance, have quite different forms for primes and for composites. However, the earliest surviving records of the explicit study of prime numbers come from the Ancient Greeks. Euclid's Elements (circa 300 BC) contain important theorems about primes, including the infinitude of primes and the fundamental theorem of arithmetic. Euclid also showed how to construct a perfect number from a Mersenne prime. The Sieve of Eratosthenes, attributed to Eratosthenes, is a simple method to compute primes, although the large primes found today with computers are not generated this way.",IRRELEVANT,True,True,True
56e10fbacd28a01900c67509__56e10fbacd28a01900c6750c,A,56e10fbacd28a01900c67509,What kind of weapons did Tesla's treatise concern?,"['charged particle beam weapons', 'charged particle beam']",00490c1aee74110c,Normans,"A few years after the First Crusade, in 1107, the Normans under the command of Bohemond, Robert's son, landed in Valona and besieged Dyrrachium using the most sophisticated military equipment of the time, but to no avail. Meanwhile, they occupied Petrela, the citadel of Mili at the banks of the river Deabolis, Gllavenica (Ballsh), Kanina and Jericho. This time, the Albanians sided with the Normans, dissatisfied by the heavy taxes the Byzantines had imposed upon them. With their help, the Normans secured the Arbanon passes and opened their way to Dibra. The lack of supplies, disease and Byzantine resistance forced Bohemond to retreat from his campaign and sign a peace treaty with the Byzantines in the city of Deabolis.",IRRELEVANT,True,True,True
56e10fbacd28a01900c67509__56e10fbacd28a01900c6750c,B,56e10fbacd28a01900c6750c,How many volts could particles be charged to in his weapon design?,['millions'],00490c1aee74110c,Normans,"A few years after the First Crusade, in 1107, the Normans under the command of Bohemond, Robert's son, landed in Valona and besieged Dyrrachium using the most sophisticated military equipment of the time, but to no avail. Meanwhile, they occupied Petrela, the citadel of Mili at the banks of the river Deabolis, Gllavenica (Ballsh), Kanina and Jericho. This time, the Albanians sided with the Normans, dissatisfied by the heavy taxes the Byzantines had imposed upon them. With their help, the Normans secured the Arbanon passes and opened their way to Dibra. The lack of supplies, disease and Byzantine resistance forced Bohemond to retreat from his campaign and sign a peace treaty with the Byzantines in the city of Deabolis.",IRRELEVANT,True,True,True
56e10fbacd28a01900c67509__56e10fbacd28a01900c6750c,A,56e10fbacd28a01900c67509,What kind of weapons did Tesla's treatise concern?,"['charged particle beam weapons', 'charged particle beam']",1d83d2e50ebd60d9,Doctor_Who,"A different arrangement was recorded by Peter Howell for season 18 (1980), which was in turn replaced by Dominic Glynn's arrangement for the season-long serial The Trial of a Time Lord in season 23 (1986). Keff McCulloch provided the new arrangement for the Seventh Doctor's era which lasted from season 24 (1987) until the series' suspension in 1989. American composer John Debney created a new arrangement of Ron Grainer's original theme for Doctor Who in 1996. For the return of the series in 2005, Murray Gold provided a new arrangement which featured samples from the 1963 original with further elements added; in the 2005 Christmas episode ""The Christmas Invasion"", Gold introduced a modified closing credits arrangement that was used up until the conclusion of the 2007 series.[citation needed]",IRRELEVANT,True,True,True
56e10fbacd28a01900c67509__56e10fbacd28a01900c6750c,B,56e10fbacd28a01900c6750c,How many volts could particles be charged to in his weapon design?,['millions'],1d83d2e50ebd60d9,Doctor_Who,"A different arrangement was recorded by Peter Howell for season 18 (1980), which was in turn replaced by Dominic Glynn's arrangement for the season-long serial The Trial of a Time Lord in season 23 (1986). Keff McCulloch provided the new arrangement for the Seventh Doctor's era which lasted from season 24 (1987) until the series' suspension in 1989. American composer John Debney created a new arrangement of Ron Grainer's original theme for Doctor Who in 1996. For the return of the series in 2005, Murray Gold provided a new arrangement which featured samples from the 1963 original with further elements added; in the 2005 Christmas episode ""The Christmas Invasion"", Gold introduced a modified closing credits arrangement that was used up until the conclusion of the 2007 series.[citation needed]",IRRELEVANT,True,True,True
56e10fbacd28a01900c67509__56e10fbacd28a01900c6750c,A,56e10fbacd28a01900c67509,What kind of weapons did Tesla's treatise concern?,"['charged particle beam weapons', 'charged particle beam']",a6bf93aaa317a4cb,Private_school,"The secondary level includes schools offering years 7 through 12 (year twelve is known as lower sixth) and year 13 (upper sixth). This category includes university-preparatory schools or ""prep schools"", boarding schools and day schools. Tuition at private secondary schools varies from school to school and depends on many factors, including the location of the school, the willingness of parents to pay, peer tuitions and the school's financial endowment. High tuition, schools claim, is used to pay higher salaries for the best teachers and also used to provide enriched learning environments, including a low student to teacher ratio, small class sizes and services, such as libraries, science laboratories and computers. Some private schools are boarding schools and many military academies are privately owned or operated as well.",IRRELEVANT,True,True,True
56e10fbacd28a01900c67509__56e10fbacd28a01900c6750c,B,56e10fbacd28a01900c6750c,How many volts could particles be charged to in his weapon design?,['millions'],a6bf93aaa317a4cb,Private_school,"The secondary level includes schools offering years 7 through 12 (year twelve is known as lower sixth) and year 13 (upper sixth). This category includes university-preparatory schools or ""prep schools"", boarding schools and day schools. Tuition at private secondary schools varies from school to school and depends on many factors, including the location of the school, the willingness of parents to pay, peer tuitions and the school's financial endowment. High tuition, schools claim, is used to pay higher salaries for the best teachers and also used to provide enriched learning environments, including a low student to teacher ratio, small class sizes and services, such as libraries, science laboratories and computers. Some private schools are boarding schools and many military academies are privately owned or operated as well.",IRRELEVANT,True,True,True
56e10fbacd28a01900c67509__56e10fbacd28a01900c6750c,A,56e10fbacd28a01900c67509,What kind of weapons did Tesla's treatise concern?,"['charged particle beam weapons', 'charged particle beam']",24716e3f0a26cae2,Economic_inequality,"2013 Economics Nobel prize winner Robert J. Shiller said that rising inequality in the United States and elsewhere is the most important problem. Increasing inequality harms economic growth. High and persistent unemployment, in which inequality increases, has a negative effect on subsequent long-run economic growth. Unemployment can harm growth not only because it is a waste of resources, but also because it generates redistributive pressures and subsequent distortions, drives people to poverty, constrains liquidity limiting labor mobility, and erodes self-esteem promoting social dislocation, unrest and conflict. Policies aiming at controlling unemployment and in particular at reducing its inequality-associated effects support economic growth.",IRRELEVANT,True,True,True
56e10fbacd28a01900c67509__56e10fbacd28a01900c6750c,B,56e10fbacd28a01900c6750c,How many volts could particles be charged to in his weapon design?,['millions'],24716e3f0a26cae2,Economic_inequality,"2013 Economics Nobel prize winner Robert J. Shiller said that rising inequality in the United States and elsewhere is the most important problem. Increasing inequality harms economic growth. High and persistent unemployment, in which inequality increases, has a negative effect on subsequent long-run economic growth. Unemployment can harm growth not only because it is a waste of resources, but also because it generates redistributive pressures and subsequent distortions, drives people to poverty, constrains liquidity limiting labor mobility, and erodes self-esteem promoting social dislocation, unrest and conflict. Policies aiming at controlling unemployment and in particular at reducing its inequality-associated effects support economic growth.",IRRELEVANT,True,True,True
56e10fbacd28a01900c67509__56e10fbacd28a01900c6750c,A,56e10fbacd28a01900c67509,What kind of weapons did Tesla's treatise concern?,"['charged particle beam weapons', 'charged particle beam']",21fc0e7b801b7221,Kenya,"East and Central Africa's biggest economy has posted tremendous growth in the service sector, boosted by rapid expansion in telecommunication and financial activity over the last decade, and now[when?] contributes 62% of GDP. 22% of GDP still comes from the unreliable agricultural sector which employs 75% of the labour force (a consistent characteristic of under-developed economies that have not attained food security – an important catalyst of economic growth) A small portion of the population relies on food aid.[citation needed] Industry and manufacturing is the smallest sector, accounting for 16% of GDP. The service, industry and manufacturing sectors only employ 25% of the labour force but contribute 75% of GDP.",IRRELEVANT,True,True,True
56e10fbacd28a01900c67509__56e10fbacd28a01900c6750c,B,56e10fbacd28a01900c6750c,How many volts could particles be charged to in his weapon design?,['millions'],21fc0e7b801b7221,Kenya,"East and Central Africa's biggest economy has posted tremendous growth in the service sector, boosted by rapid expansion in telecommunication and financial activity over the last decade, and now[when?] contributes 62% of GDP. 22% of GDP still comes from the unreliable agricultural sector which employs 75% of the labour force (a consistent characteristic of under-developed economies that have not attained food security – an important catalyst of economic growth) A small portion of the population relies on food aid.[citation needed] Industry and manufacturing is the smallest sector, accounting for 16% of GDP. The service, industry and manufacturing sectors only employ 25% of the labour force but contribute 75% of GDP.",IRRELEVANT,True,True,True
56e10fbacd28a01900c67509__56e10fbacd28a01900c6750c,A,56e10fbacd28a01900c67509,What kind of weapons did Tesla's treatise concern?,"['charged particle beam weapons', 'charged particle beam']",f390cbcc7bd65fb1,Huguenot,"In what became known as the St. Bartholomew's Day Massacre of 24 August – 3 October 1572, Catholics killed thousands of Huguenots in Paris. Similar massacres took place in other towns in the weeks following. The main provincial towns and cities experiencing the Massacre were Aix, Bordeaux, Bourges, Lyons, Meaux, Orleans, Rouen, Toulouse, and Troyes. Nearly 3,000 Protestants were slaughtered in Toulouse alone. The exact number of fatalities throughout the country is not known. On 23–24 August, between about 2,000 and 3,000 Protestants were killed in Paris and between 3,000 and 7,000 more in the French provinces. By 17 September, almost 25,000 Protestants had been massacred in Paris alone. Beyond Paris, the killings continued until 3 October. An amnesty granted in 1573 pardoned the perpetrators.[citation needed]",IRRELEVANT,True,True,True
56e10fbacd28a01900c67509__56e10fbacd28a01900c6750c,B,56e10fbacd28a01900c6750c,How many volts could particles be charged to in his weapon design?,['millions'],f390cbcc7bd65fb1,Huguenot,"In what became known as the St. Bartholomew's Day Massacre of 24 August – 3 October 1572, Catholics killed thousands of Huguenots in Paris. Similar massacres took place in other towns in the weeks following. The main provincial towns and cities experiencing the Massacre were Aix, Bordeaux, Bourges, Lyons, Meaux, Orleans, Rouen, Toulouse, and Troyes. Nearly 3,000 Protestants were slaughtered in Toulouse alone. The exact number of fatalities throughout the country is not known. On 23–24 August, between about 2,000 and 3,000 Protestants were killed in Paris and between 3,000 and 7,000 more in the French provinces. By 17 September, almost 25,000 Protestants had been massacred in Paris alone. Beyond Paris, the killings continued until 3 October. An amnesty granted in 1573 pardoned the perpetrators.[citation needed]",IRRELEVANT,True,True,True
56e10fbacd28a01900c67509__56e10fbacd28a01900c6750c,A,56e10fbacd28a01900c67509,What kind of weapons did Tesla's treatise concern?,"['charged particle beam weapons', 'charged particle beam']",f0fd0235d92976e8,American_Broadcasting_Company,"Currently, New Jersey, Rhode Island and Delaware are the only U.S. states where ABC does not have a locally licensed affiliate (New Jersey is served by New York City O&O WABC-TV and Philadelphia O&O WPVI-TV; Rhode Island is served by New Bedford, Massachusetts-licensed WLNE; and Delaware is served by WPVI and Salisbury, Maryland affiliate WMDT). ABC maintains affiliations with low-power stations (broadcasting either in analog or digital) in a few markets, such as Birmingham, Alabama (WBMA-LD), Lima, Ohio (WLQP-LP) and South Bend, Indiana (WBND-LD). In some markets, including the former two mentioned, these stations also maintain digital simulcasts on a subchannel of a co-owned/co-managed full-power television station.",IRRELEVANT,True,True,True
56e10fbacd28a01900c67509__56e10fbacd28a01900c6750c,B,56e10fbacd28a01900c6750c,How many volts could particles be charged to in his weapon design?,['millions'],f0fd0235d92976e8,American_Broadcasting_Company,"Currently, New Jersey, Rhode Island and Delaware are the only U.S. states where ABC does not have a locally licensed affiliate (New Jersey is served by New York City O&O WABC-TV and Philadelphia O&O WPVI-TV; Rhode Island is served by New Bedford, Massachusetts-licensed WLNE; and Delaware is served by WPVI and Salisbury, Maryland affiliate WMDT). ABC maintains affiliations with low-power stations (broadcasting either in analog or digital) in a few markets, such as Birmingham, Alabama (WBMA-LD), Lima, Ohio (WLQP-LP) and South Bend, Indiana (WBND-LD). In some markets, including the former two mentioned, these stations also maintain digital simulcasts on a subchannel of a co-owned/co-managed full-power television station.",IRRELEVANT,True,True,True
56e10fbacd28a01900c67509__56e10fbacd28a01900c6750c,A,56e10fbacd28a01900c67509,What kind of weapons did Tesla's treatise concern?,"['charged particle beam weapons', 'charged particle beam']",7a964e744589792d,Pharmacy,"Consultant pharmacy practice focuses more on medication regimen review (i.e. ""cognitive services"") than on actual dispensing of drugs. Consultant pharmacists most typically work in nursing homes, but are increasingly branching into other institutions and non-institutional settings. Traditionally consultant pharmacists were usually independent business owners, though in the United States many now work for several large pharmacy management companies (primarily Omnicare, Kindred Healthcare and PharMerica). This trend may be gradually reversing as consultant pharmacists begin to work directly with patients, primarily because many elderly people are now taking numerous medications but continue to live outside of institutional settings. Some community pharmacies employ consultant pharmacists and/or provide consulting services.",IRRELEVANT,True,True,True
56e10fbacd28a01900c67509__56e10fbacd28a01900c6750c,B,56e10fbacd28a01900c6750c,How many volts could particles be charged to in his weapon design?,['millions'],7a964e744589792d,Pharmacy,"Consultant pharmacy practice focuses more on medication regimen review (i.e. ""cognitive services"") than on actual dispensing of drugs. Consultant pharmacists most typically work in nursing homes, but are increasingly branching into other institutions and non-institutional settings. Traditionally consultant pharmacists were usually independent business owners, though in the United States many now work for several large pharmacy management companies (primarily Omnicare, Kindred Healthcare and PharMerica). This trend may be gradually reversing as consultant pharmacists begin to work directly with patients, primarily because many elderly people are now taking numerous medications but continue to live outside of institutional settings. Some community pharmacies employ consultant pharmacists and/or provide consulting services.",IRRELEVANT,True,True,True
56e10fbacd28a01900c67509__56e10fbacd28a01900c6750c,A,56e10fbacd28a01900c67509,What kind of weapons did Tesla's treatise concern?,"['charged particle beam weapons', 'charged particle beam']",1c7faebb317f0204,Scottish_Parliament,"As in the House of Commons, a number of qualifications apply to being an MSP. Such qualifications were introduced under the House of Commons Disqualification Act 1975 and the British Nationality Act 1981. Specifically, members must be over the age of 18 and must be a citizen of the United Kingdom, the Republic of Ireland, one of the countries in the Commonwealth of Nations, a citizen of a British overseas territory, or a European Union citizen resident in the UK. Members of the police and the armed forces are disqualified from sitting in the Scottish Parliament as elected MSPs, and similarly, civil servants and members of foreign legislatures are disqualified. An individual may not sit in the Scottish Parliament if he or she is judged to be insane under the terms of the Mental Health (Care and Treatment) (Scotland) Act 2003.",IRRELEVANT,True,True,True
56e10fbacd28a01900c67509__56e10fbacd28a01900c6750c,B,56e10fbacd28a01900c6750c,How many volts could particles be charged to in his weapon design?,['millions'],1c7faebb317f0204,Scottish_Parliament,"As in the House of Commons, a number of qualifications apply to being an MSP. Such qualifications were introduced under the House of Commons Disqualification Act 1975 and the British Nationality Act 1981. Specifically, members must be over the age of 18 and must be a citizen of the United Kingdom, the Republic of Ireland, one of the countries in the Commonwealth of Nations, a citizen of a British overseas territory, or a European Union citizen resident in the UK. Members of the police and the armed forces are disqualified from sitting in the Scottish Parliament as elected MSPs, and similarly, civil servants and members of foreign legislatures are disqualified. An individual may not sit in the Scottish Parliament if he or she is judged to be insane under the terms of the Mental Health (Care and Treatment) (Scotland) Act 2003.",IRRELEVANT,True,True,True
56e10fbacd28a01900c67509__56e10fbacd28a01900c6750c,A,56e10fbacd28a01900c67509,What kind of weapons did Tesla's treatise concern?,"['charged particle beam weapons', 'charged particle beam']",88ea7ab52780568d,Doctor_Who,"Twelve actors have headlined the series as the Doctor. The transition from one actor to another is written into the plot of the show, as well as the differing approach to the role that each brings, under the concept of regeneration into a new incarnation. The show's premise is that this is a life process of Time Lords through which the character of the Doctor takes on a new body and, to some extent, new personality, which occurs after sustaining an injury which would be fatal to most other species. Each actor's portrayal differs, but they are all intended to be aspects of the same character and form part of the same storyline. The time-travelling nature of the plot means that, on occasion, different Doctors have met each other. Peter Capaldi took on the role after Matt Smith's exit in the 2013 Christmas special ""The Time of the Doctor"".",IRRELEVANT,True,True,True
56e10fbacd28a01900c67509__56e10fbacd28a01900c6750c,B,56e10fbacd28a01900c6750c,How many volts could particles be charged to in his weapon design?,['millions'],88ea7ab52780568d,Doctor_Who,"Twelve actors have headlined the series as the Doctor. The transition from one actor to another is written into the plot of the show, as well as the differing approach to the role that each brings, under the concept of regeneration into a new incarnation. The show's premise is that this is a life process of Time Lords through which the character of the Doctor takes on a new body and, to some extent, new personality, which occurs after sustaining an injury which would be fatal to most other species. Each actor's portrayal differs, but they are all intended to be aspects of the same character and form part of the same storyline. The time-travelling nature of the plot means that, on occasion, different Doctors have met each other. Peter Capaldi took on the role after Matt Smith's exit in the 2013 Christmas special ""The Time of the Doctor"".",IRRELEVANT,True,True,True
56e10fbacd28a01900c67509__56e10fbacd28a01900c6750c,A,56e10fbacd28a01900c67509,What kind of weapons did Tesla's treatise concern?,"['charged particle beam weapons', 'charged particle beam']",809ab002069708b0,Islamism,"Iqbal expressed fears that not only would secularism and secular nationalism weaken the spiritual foundations of Islam and Muslim society, but that India's Hindu-majority population would crowd out Muslim heritage, culture and political influence. In his travels to Egypt, Afghanistan, Palestine and Syria, he promoted ideas of greater Islamic political co-operation and unity, calling for the shedding of nationalist differences. Sir Muhammad Iqbal was elected president of the Muslim League in 1930 at its session in Allahabad as well as for the session in Lahore in 1932. In his Allahabad Address on 29 December 1930, Iqbal outlined a vision of an independent state for Muslim-majority provinces in northwestern India. This address later inspired the Pakistan movement.",IRRELEVANT,True,True,True
56e10fbacd28a01900c67509__56e10fbacd28a01900c6750c,B,56e10fbacd28a01900c6750c,How many volts could particles be charged to in his weapon design?,['millions'],809ab002069708b0,Islamism,"Iqbal expressed fears that not only would secularism and secular nationalism weaken the spiritual foundations of Islam and Muslim society, but that India's Hindu-majority population would crowd out Muslim heritage, culture and political influence. In his travels to Egypt, Afghanistan, Palestine and Syria, he promoted ideas of greater Islamic political co-operation and unity, calling for the shedding of nationalist differences. Sir Muhammad Iqbal was elected president of the Muslim League in 1930 at its session in Allahabad as well as for the session in Lahore in 1932. In his Allahabad Address on 29 December 1930, Iqbal outlined a vision of an independent state for Muslim-majority provinces in northwestern India. This address later inspired the Pakistan movement.",IRRELEVANT,True,True,True
56e10fbacd28a01900c67509__56e10fbacd28a01900c6750c,A,56e10fbacd28a01900c67509,What kind of weapons did Tesla's treatise concern?,"['charged particle beam weapons', 'charged particle beam']",d7f4a15ad5e5aa6d,Intergovernmental_Panel_on_Climate_Change,"The IPCC Fourth Assessment Report (AR4) published in 2007 featured a graph showing 12 proxy based temperature reconstructions, including the three highlighted in the 2001 Third Assessment Report (TAR); Mann, Bradley & Hughes 1999 as before, Jones et al. 1998 and Briffa 2000 had both been calibrated by newer studies. In addition, analysis of the Medieval Warm Period cited reconstructions by Crowley & Lowery 2000 (as cited in the TAR) and Osborn & Briffa 2006. Ten of these 14 reconstructions covered 1,000 years or longer. Most reconstructions shared some data series, particularly tree ring data, but newer reconstructions used additional data and covered a wider area, using a variety of statistical methods. The section discussed the divergence problem affecting certain tree ring data.",IRRELEVANT,True,True,True
56e10fbacd28a01900c67509__56e10fbacd28a01900c6750c,B,56e10fbacd28a01900c6750c,How many volts could particles be charged to in his weapon design?,['millions'],d7f4a15ad5e5aa6d,Intergovernmental_Panel_on_Climate_Change,"The IPCC Fourth Assessment Report (AR4) published in 2007 featured a graph showing 12 proxy based temperature reconstructions, including the three highlighted in the 2001 Third Assessment Report (TAR); Mann, Bradley & Hughes 1999 as before, Jones et al. 1998 and Briffa 2000 had both been calibrated by newer studies. In addition, analysis of the Medieval Warm Period cited reconstructions by Crowley & Lowery 2000 (as cited in the TAR) and Osborn & Briffa 2006. Ten of these 14 reconstructions covered 1,000 years or longer. Most reconstructions shared some data series, particularly tree ring data, but newer reconstructions used additional data and covered a wider area, using a variety of statistical methods. The section discussed the divergence problem affecting certain tree ring data.",IRRELEVANT,True,True,True
56e10fbacd28a01900c67509__56e10fbacd28a01900c6750c,A,56e10fbacd28a01900c67509,What kind of weapons did Tesla's treatise concern?,"['charged particle beam weapons', 'charged particle beam']",2a767fb53840ff84,Super_Bowl_50,"The Panthers seemed primed to score on their opening drive of the second half when Newton completed a 45-yard pass to Ted Ginn Jr. on the Denver 35-yard line on their second offensive play. But the Broncos defense halted the drive on the 26-yard line, and it ended with no points when Graham Gano hit the uprights on a 44-yard field goal attempt. After the miss, Manning completed a pair of passes to Emmanuel Sanders for gains of 25 and 22 yards, setting up McManus' 33-yard field goal that gave the Broncos a 16–7 lead. Carolina got off to another strong start after the kickoff, with Newton completing a 42-yard pass to Corey Brown. But once again they came up empty, this time as a result of a Newton pass that bounced off the hands of Ginn and was intercepted by safety T. J. Ward. Ward fumbled the ball during the return, but Trevathan recovered it to enable Denver to keep possession.",IRRELEVANT,True,True,True
56e10fbacd28a01900c67509__56e10fbacd28a01900c6750c,B,56e10fbacd28a01900c6750c,How many volts could particles be charged to in his weapon design?,['millions'],2a767fb53840ff84,Super_Bowl_50,"The Panthers seemed primed to score on their opening drive of the second half when Newton completed a 45-yard pass to Ted Ginn Jr. on the Denver 35-yard line on their second offensive play. But the Broncos defense halted the drive on the 26-yard line, and it ended with no points when Graham Gano hit the uprights on a 44-yard field goal attempt. After the miss, Manning completed a pair of passes to Emmanuel Sanders for gains of 25 and 22 yards, setting up McManus' 33-yard field goal that gave the Broncos a 16–7 lead. Carolina got off to another strong start after the kickoff, with Newton completing a 42-yard pass to Corey Brown. But once again they came up empty, this time as a result of a Newton pass that bounced off the hands of Ginn and was intercepted by safety T. J. Ward. Ward fumbled the ball during the return, but Trevathan recovered it to enable Denver to keep possession.",IRRELEVANT,True,True,True
56e10fbacd28a01900c67509__56e10fbacd28a01900c6750c,A,56e10fbacd28a01900c67509,What kind of weapons did Tesla's treatise concern?,"['charged particle beam weapons', 'charged particle beam']",70c52b658929693e,American_Broadcasting_Company,"Warner tried with mixed success to adapt some of its most successful films as ABC television series, and showcase these adaptations as part of the wheel series Warner Bros. Presents. Airing during the 1955–56 season, it showcased television adaptations of the 1942 films Kings Row and Casablanca; Cheyenne (adapted from the 1947 film Wyoming Kid); Sugarfoot (a remake of the 1954 film The Boy from Oklahoma); and Maverick. However, the most iconic of ABC's relationships with Hollywood producers was its agreement with Walt Disney; after the start of the network's bond with the Disney studio, James Lewis Baughman, who worked as a columnist at that time, observed that ""at ABC's headquarters in New York, the secretaries [were now] wearing hats with Mickey Mouse ears"".",IRRELEVANT,True,True,True
56e10fbacd28a01900c67509__56e10fbacd28a01900c6750c,B,56e10fbacd28a01900c6750c,How many volts could particles be charged to in his weapon design?,['millions'],70c52b658929693e,American_Broadcasting_Company,"Warner tried with mixed success to adapt some of its most successful films as ABC television series, and showcase these adaptations as part of the wheel series Warner Bros. Presents. Airing during the 1955–56 season, it showcased television adaptations of the 1942 films Kings Row and Casablanca; Cheyenne (adapted from the 1947 film Wyoming Kid); Sugarfoot (a remake of the 1954 film The Boy from Oklahoma); and Maverick. However, the most iconic of ABC's relationships with Hollywood producers was its agreement with Walt Disney; after the start of the network's bond with the Disney studio, James Lewis Baughman, who worked as a columnist at that time, observed that ""at ABC's headquarters in New York, the secretaries [were now] wearing hats with Mickey Mouse ears"".",IRRELEVANT,True,True,True
56e10fbacd28a01900c67509__56e10fbacd28a01900c6750c,A,56e10fbacd28a01900c67509,What kind of weapons did Tesla's treatise concern?,"['charged particle beam weapons', 'charged particle beam']",10e098c47481efcd,European_Union_law,"Following the election of the UK Labour Party to government in 1997, the UK formally subscribed to the Agreement on Social Policy, which allowed it to be included with minor amendments as the Social Chapter of the 1997 Treaty of Amsterdam. The UK subsequently adopted the main legislation previously agreed under the Agreement on Social Policy, the 1994 Works Council Directive, which required workforce consultation in businesses, and the 1996 Parental Leave Directive. In the 10 years following the 1997 Treaty of Amsterdam and adoption of the Social Chapter the European Union has undertaken policy initiatives in various social policy areas, including labour and industry relations, equal opportunity, health and safety, public health, protection of children, the disabled and elderly, poverty, migrant workers, education, training and youth.",IRRELEVANT,True,True,True
56e10fbacd28a01900c67509__56e10fbacd28a01900c6750c,B,56e10fbacd28a01900c6750c,How many volts could particles be charged to in his weapon design?,['millions'],10e098c47481efcd,European_Union_law,"Following the election of the UK Labour Party to government in 1997, the UK formally subscribed to the Agreement on Social Policy, which allowed it to be included with minor amendments as the Social Chapter of the 1997 Treaty of Amsterdam. The UK subsequently adopted the main legislation previously agreed under the Agreement on Social Policy, the 1994 Works Council Directive, which required workforce consultation in businesses, and the 1996 Parental Leave Directive. In the 10 years following the 1997 Treaty of Amsterdam and adoption of the Social Chapter the European Union has undertaken policy initiatives in various social policy areas, including labour and industry relations, equal opportunity, health and safety, public health, protection of children, the disabled and elderly, poverty, migrant workers, education, training and youth.",IRRELEVANT,True,True,True
56e10fbacd28a01900c67509__56e10fbacd28a01900c6750c,A,56e10fbacd28a01900c67509,What kind of weapons did Tesla's treatise concern?,"['charged particle beam weapons', 'charged particle beam']",ec73f8d12222796b,Martin_Luther,"In his theses and disputations against the antinomians, Luther reviews and reaffirms, on the one hand, what has been called the ""second use of the law,"" that is, the law as the Holy Spirit's tool to work sorrow over sin in man's heart, thus preparing him for Christ's fulfillment of the law offered in the gospel. Luther states that everything that is used to work sorrow over sin is called the law, even if it is Christ's life, Christ's death for sin, or God's goodness experienced in creation. Simply refusing to preach the Ten Commandments among Christians – thereby, as it were, removing the three letters l-a-w from the church – does not eliminate the accusing law. Claiming that the law – in any form – should not be preached to Christians anymore would be tantamount to asserting that Christians are no longer sinners in themselves and that the church consists only of essentially holy people.",IRRELEVANT,True,True,True
56e10fbacd28a01900c67509__56e10fbacd28a01900c6750c,B,56e10fbacd28a01900c6750c,How many volts could particles be charged to in his weapon design?,['millions'],ec73f8d12222796b,Martin_Luther,"In his theses and disputations against the antinomians, Luther reviews and reaffirms, on the one hand, what has been called the ""second use of the law,"" that is, the law as the Holy Spirit's tool to work sorrow over sin in man's heart, thus preparing him for Christ's fulfillment of the law offered in the gospel. Luther states that everything that is used to work sorrow over sin is called the law, even if it is Christ's life, Christ's death for sin, or God's goodness experienced in creation. Simply refusing to preach the Ten Commandments among Christians – thereby, as it were, removing the three letters l-a-w from the church – does not eliminate the accusing law. Claiming that the law – in any form – should not be preached to Christians anymore would be tantamount to asserting that Christians are no longer sinners in themselves and that the church consists only of essentially holy people.",IRRELEVANT,True,True,True
56e10fbacd28a01900c67509__56e10fbacd28a01900c6750c,A,56e10fbacd28a01900c67509,What kind of weapons did Tesla's treatise concern?,"['charged particle beam weapons', 'charged particle beam']",19080652b49baa4a,Super_Bowl_50,"For the third straight season, the number one seeds from both conferences met in the Super Bowl. The Carolina Panthers became one of only ten teams to have completed a regular season with only one loss, and one of only six teams to have acquired a 15–1 record, while the Denver Broncos became one of four teams to have made eight appearances in the Super Bowl. The Broncos made their second Super Bowl appearance in three years, having reached Super Bowl XLVIII, while the Panthers made their second Super Bowl appearance in franchise history, their other appearance being Super Bowl XXXVIII. Coincidentally, both teams were coached by John Fox in their last Super Bowl appearance prior to Super Bowl 50.",IRRELEVANT,True,True,True
56e10fbacd28a01900c67509__56e10fbacd28a01900c6750c,B,56e10fbacd28a01900c6750c,How many volts could particles be charged to in his weapon design?,['millions'],19080652b49baa4a,Super_Bowl_50,"For the third straight season, the number one seeds from both conferences met in the Super Bowl. The Carolina Panthers became one of only ten teams to have completed a regular season with only one loss, and one of only six teams to have acquired a 15–1 record, while the Denver Broncos became one of four teams to have made eight appearances in the Super Bowl. The Broncos made their second Super Bowl appearance in three years, having reached Super Bowl XLVIII, while the Panthers made their second Super Bowl appearance in franchise history, their other appearance being Super Bowl XXXVIII. Coincidentally, both teams were coached by John Fox in their last Super Bowl appearance prior to Super Bowl 50.",IRRELEVANT,True,True,True
56e10fbacd28a01900c67509__56e10fbacd28a01900c6750c,A,56e10fbacd28a01900c67509,What kind of weapons did Tesla's treatise concern?,"['charged particle beam weapons', 'charged particle beam']",b754709d2be6673e,"Fresno,_California","The official record high temperature for Fresno is 115 °F (46.1 °C), set on July 8, 1905, while the official record low is 17 °F (−8 °C), set on January 6, 1913. The average windows for 100 °F (37.8 °C)+, 90 °F (32.2 °C)+, and freezing temperatures are June 1 thru September 13, April 26 thru October 9, and December 10 thru January 28, respectively, and no freeze occurred between in the 1983/1984 season. Annual rainfall has ranged from 23.57 inches (598.7 mm) in the “rain year” from July 1982 to June 1983 down to 4.43 inches (112.5 mm) from July 1933 to June 1934. The most rainfall in one month was 9.54 inches (242.3 mm) in November 1885 and the most rainfall in 24 hours 3.55 inches (90.2 mm) on November 18, 1885. Measurable precipitation falls on an average of 48 days annually. Snow is a rarity; the heaviest snowfall at the airport was 2.2 inches (0.06 m) on January 21, 1962.",IRRELEVANT,True,True,True
56e10fbacd28a01900c67509__56e10fbacd28a01900c6750c,B,56e10fbacd28a01900c6750c,How many volts could particles be charged to in his weapon design?,['millions'],b754709d2be6673e,"Fresno,_California","The official record high temperature for Fresno is 115 °F (46.1 °C), set on July 8, 1905, while the official record low is 17 °F (−8 °C), set on January 6, 1913. The average windows for 100 °F (37.8 °C)+, 90 °F (32.2 °C)+, and freezing temperatures are June 1 thru September 13, April 26 thru October 9, and December 10 thru January 28, respectively, and no freeze occurred between in the 1983/1984 season. Annual rainfall has ranged from 23.57 inches (598.7 mm) in the “rain year” from July 1982 to June 1983 down to 4.43 inches (112.5 mm) from July 1933 to June 1934. The most rainfall in one month was 9.54 inches (242.3 mm) in November 1885 and the most rainfall in 24 hours 3.55 inches (90.2 mm) on November 18, 1885. Measurable precipitation falls on an average of 48 days annually. Snow is a rarity; the heaviest snowfall at the airport was 2.2 inches (0.06 m) on January 21, 1962.",IRRELEVANT,True,True,True
56e10fbacd28a01900c67509__56e10fbacd28a01900c6750c,A,56e10fbacd28a01900c67509,What kind of weapons did Tesla's treatise concern?,"['charged particle beam weapons', 'charged particle beam']",b4e5bc367ebb9b2d,Huguenot,"After this, Huguenots (with estimates ranging from 200,000 to 1,000,000) fled to surrounding Protestant countries: England, the Netherlands, Switzerland, Norway, Denmark, and Prussia — whose Calvinist Great Elector Frederick William welcomed them to help rebuild his war-ravaged and underpopulated country. Following this exodus, Huguenots remained in large numbers in only one region of France: the rugged Cévennes region in the south. In the early 18th century, a regional group known as the Camisards who were Huguenots rioted against the Catholic Church in the region, burning churches and killing clergy. It took French troops years to hunt down and destroy all the bands of Camisards, between 1702 and 1709.",IRRELEVANT,True,True,True
56e10fbacd28a01900c67509__56e10fbacd28a01900c6750c,B,56e10fbacd28a01900c6750c,How many volts could particles be charged to in his weapon design?,['millions'],b4e5bc367ebb9b2d,Huguenot,"After this, Huguenots (with estimates ranging from 200,000 to 1,000,000) fled to surrounding Protestant countries: England, the Netherlands, Switzerland, Norway, Denmark, and Prussia — whose Calvinist Great Elector Frederick William welcomed them to help rebuild his war-ravaged and underpopulated country. Following this exodus, Huguenots remained in large numbers in only one region of France: the rugged Cévennes region in the south. In the early 18th century, a regional group known as the Camisards who were Huguenots rioted against the Catholic Church in the region, burning churches and killing clergy. It took French troops years to hunt down and destroy all the bands of Camisards, between 1702 and 1709.",IRRELEVANT,True,True,True
56e10fbacd28a01900c67509__56e10fbacd28a01900c6750c,A,56e10fbacd28a01900c67509,What kind of weapons did Tesla's treatise concern?,"['charged particle beam weapons', 'charged particle beam']",8f934d4cbb09c9df,Yuan_dynasty,"Western musical instruments were introduced to enrich Chinese performing arts. From this period dates the conversion to Islam, by Muslims of Central Asia, of growing numbers of Chinese in the northwest and southwest. Nestorianism and Roman Catholicism also enjoyed a period of toleration. Buddhism (especially Tibetan Buddhism) flourished, although Taoism endured certain persecutions in favor of Buddhism from the Yuan government. Confucian governmental practices and examinations based on the Classics, which had fallen into disuse in north China during the period of disunity, were reinstated by the Yuan court, probably in the hope of maintaining order over Han society. Advances were realized in the fields of travel literature, cartography, geography, and scientific education.",IRRELEVANT,True,True,True
56e10fbacd28a01900c67509__56e10fbacd28a01900c6750c,B,56e10fbacd28a01900c6750c,How many volts could particles be charged to in his weapon design?,['millions'],8f934d4cbb09c9df,Yuan_dynasty,"Western musical instruments were introduced to enrich Chinese performing arts. From this period dates the conversion to Islam, by Muslims of Central Asia, of growing numbers of Chinese in the northwest and southwest. Nestorianism and Roman Catholicism also enjoyed a period of toleration. Buddhism (especially Tibetan Buddhism) flourished, although Taoism endured certain persecutions in favor of Buddhism from the Yuan government. Confucian governmental practices and examinations based on the Classics, which had fallen into disuse in north China during the period of disunity, were reinstated by the Yuan court, probably in the hope of maintaining order over Han society. Advances were realized in the fields of travel literature, cartography, geography, and scientific education.",IRRELEVANT,True,True,True
56e10fbacd28a01900c67509__56e10fbacd28a01900c6750c,A,56e10fbacd28a01900c67509,What kind of weapons did Tesla's treatise concern?,"['charged particle beam weapons', 'charged particle beam']",c17fe1871474f0c6,Newcastle_upon_Tyne,"Newcastle has a horse racing course at Gosforth Park. The city is also home to the Newcastle Eagles basketball team who play their home games at the new Sport Central complex at Northumbria University. The Eagles are the most successful team in the history of the British Basketball League (BBL). The city's speedway team Newcastle Diamonds are based at Brough Park in Byker, a venue that is also home to greyhound racing. Newcastle also hosts the start of the annual Great North Run, the world's largest half-marathon in which participants race over the Tyne Bridge into Gateshead and then towards the finish line 13.1 miles (21.1 km) away on the coast at South Shields. Another famous athletic event is the 5.9-mile (9.5 km) Blaydon Race (a road race from Newcastle to Blaydon), which has taken place on 9 June annually since 1981, to commemorate the celebrated Blaydon Races horse racing.",IRRELEVANT,True,True,True
56e10fbacd28a01900c67509__56e10fbacd28a01900c6750c,B,56e10fbacd28a01900c6750c,How many volts could particles be charged to in his weapon design?,['millions'],c17fe1871474f0c6,Newcastle_upon_Tyne,"Newcastle has a horse racing course at Gosforth Park. The city is also home to the Newcastle Eagles basketball team who play their home games at the new Sport Central complex at Northumbria University. The Eagles are the most successful team in the history of the British Basketball League (BBL). The city's speedway team Newcastle Diamonds are based at Brough Park in Byker, a venue that is also home to greyhound racing. Newcastle also hosts the start of the annual Great North Run, the world's largest half-marathon in which participants race over the Tyne Bridge into Gateshead and then towards the finish line 13.1 miles (21.1 km) away on the coast at South Shields. Another famous athletic event is the 5.9-mile (9.5 km) Blaydon Race (a road race from Newcastle to Blaydon), which has taken place on 9 June annually since 1981, to commemorate the celebrated Blaydon Races horse racing.",IRRELEVANT,True,True,True
56e10fbacd28a01900c67509__56e10fbacd28a01900c6750c,A,56e10fbacd28a01900c67509,What kind of weapons did Tesla's treatise concern?,"['charged particle beam weapons', 'charged particle beam']",d96f3c78e878a431,United_Methodist_Church,"Deacons are called by God, affirmed by the church, and ordained by a bishop to servant leadership within the church.They are ordained to ministries of word, service, compassion, and justice. They may be appointed to ministry within the local church or to an extension ministry that supports the mission of the church. Deacons give leadership, preach the Word, contribute in worship, conduct marriages, bury the dead, and aid the church in embodying its mission within the world. Deacons assist elders in the sacraments of Holy Communion and Baptism, and may be granted sacramental authority if they are appointed as the pastor in a local church. Deacons serve a term of 2–3 years as provisional deacons prior to their ordination.",IRRELEVANT,True,True,True
56e10fbacd28a01900c67509__56e10fbacd28a01900c6750c,B,56e10fbacd28a01900c6750c,How many volts could particles be charged to in his weapon design?,['millions'],d96f3c78e878a431,United_Methodist_Church,"Deacons are called by God, affirmed by the church, and ordained by a bishop to servant leadership within the church.They are ordained to ministries of word, service, compassion, and justice. They may be appointed to ministry within the local church or to an extension ministry that supports the mission of the church. Deacons give leadership, preach the Word, contribute in worship, conduct marriages, bury the dead, and aid the church in embodying its mission within the world. Deacons assist elders in the sacraments of Holy Communion and Baptism, and may be granted sacramental authority if they are appointed as the pastor in a local church. Deacons serve a term of 2–3 years as provisional deacons prior to their ordination.",IRRELEVANT,True,True,True
56e10fbacd28a01900c67509__56e10fbacd28a01900c6750c,A,56e10fbacd28a01900c67509,What kind of weapons did Tesla's treatise concern?,"['charged particle beam weapons', 'charged particle beam']",dd9c6b31f95b6af9,Force,"where is the mass of the object, is the velocity of the object and is the distance to the center of the circular path and is the unit vector pointing in the radial direction outwards from the center. This means that the unbalanced centripetal force felt by any object is always directed toward the center of the curving path. Such forces act perpendicular to the velocity vector associated with the motion of an object, and therefore do not change the speed of the object (magnitude of the velocity), but only the direction of the velocity vector. The unbalanced force that accelerates an object can be resolved into a component that is perpendicular to the path, and one that is tangential to the path. This yields both the tangential force, which accelerates the object by either slowing it down or speeding it up, and the radial (centripetal) force, which changes its direction.",IRRELEVANT,True,True,True
56e10fbacd28a01900c67509__56e10fbacd28a01900c6750c,B,56e10fbacd28a01900c6750c,How many volts could particles be charged to in his weapon design?,['millions'],dd9c6b31f95b6af9,Force,"where is the mass of the object, is the velocity of the object and is the distance to the center of the circular path and is the unit vector pointing in the radial direction outwards from the center. This means that the unbalanced centripetal force felt by any object is always directed toward the center of the curving path. Such forces act perpendicular to the velocity vector associated with the motion of an object, and therefore do not change the speed of the object (magnitude of the velocity), but only the direction of the velocity vector. The unbalanced force that accelerates an object can be resolved into a component that is perpendicular to the path, and one that is tangential to the path. This yields both the tangential force, which accelerates the object by either slowing it down or speeding it up, and the radial (centripetal) force, which changes its direction.",IRRELEVANT,True,True,True
56e10fbacd28a01900c67509__56e10fbacd28a01900c6750c,A,56e10fbacd28a01900c67509,What kind of weapons did Tesla's treatise concern?,"['charged particle beam weapons', 'charged particle beam']",b4868c46271aa5fb,Super_Bowl_50,"Concerns were raised over whether Levi's Stadium's field was of a high enough quality to host a Super Bowl; during the inaugural season, the field had to be re-sodded multiple times due to various issues, and during a week 6 game earlier in the 2015 season, a portion of the turf collapsed under Baltimore Ravens kicker Justin Tucker, causing him to slip and miss a field goal, although the field has not had any major issues since. As is customary for Super Bowl games played at natural grass stadiums, the NFL re-sodded the field with a new playing surface; a hybrid Bermuda 419 turf. NFL and Atlanta Braves field director Ed Mangan stated that the field was in ""great shape"" for gameday. However, the turf showed problem throughout the game, with a number of players needing to change their cleats during the game and player slipping during plays all throughout the game.",IRRELEVANT,True,True,True
56e10fbacd28a01900c67509__56e10fbacd28a01900c6750c,B,56e10fbacd28a01900c6750c,How many volts could particles be charged to in his weapon design?,['millions'],b4868c46271aa5fb,Super_Bowl_50,"Concerns were raised over whether Levi's Stadium's field was of a high enough quality to host a Super Bowl; during the inaugural season, the field had to be re-sodded multiple times due to various issues, and during a week 6 game earlier in the 2015 season, a portion of the turf collapsed under Baltimore Ravens kicker Justin Tucker, causing him to slip and miss a field goal, although the field has not had any major issues since. As is customary for Super Bowl games played at natural grass stadiums, the NFL re-sodded the field with a new playing surface; a hybrid Bermuda 419 turf. NFL and Atlanta Braves field director Ed Mangan stated that the field was in ""great shape"" for gameday. However, the turf showed problem throughout the game, with a number of players needing to change their cleats during the game and player slipping during plays all throughout the game.",IRRELEVANT,True,True,True
5730d3adaca1c71400fe5af5__5730d3adaca1c71400fe5af6,A,5730d3adaca1c71400fe5af5,What is composed of the Area Provost/Dean ad the several District Superintendents of the Districts in the Annual Conference?,"['Annual Conference Cabinet', 'All clergy appointments a', 'the Annual Conference Cabinet']",0a51b8de1f62f0d4,Kenya,"A consortium led by the International Crops Research Institute for the Semi-Arid Tropics (ICRISAT) has had some success in helping farmers grow new pigeon pea varieties, instead of maize, in particularly dry areas. Pigeon peas are very drought resistant, so can be grown in areas with less than 650 mm annual rainfall. Successive projects encouraged the commercialisation of legumes, by stimulating the growth of local seed production and agro-dealer networks for distribution and marketing. This work, which included linking producers to wholesalers, helped to increase local producer prices by 20–25% in Nairobi and Mombasa. The commercialisation of the pigeon pea is now enabling some farmers to buy assets, ranging from mobile phones to productive land and livestock, and is opening pathways for them to move out of poverty.",IRRELEVANT,True,True,True
5730d3adaca1c71400fe5af5__5730d3adaca1c71400fe5af6,B,5730d3adaca1c71400fe5af6,All clergy appointments are made for how long?,"['one year at a time', 'one year at a time,', 'one year']",0a51b8de1f62f0d4,Kenya,"A consortium led by the International Crops Research Institute for the Semi-Arid Tropics (ICRISAT) has had some success in helping farmers grow new pigeon pea varieties, instead of maize, in particularly dry areas. Pigeon peas are very drought resistant, so can be grown in areas with less than 650 mm annual rainfall. Successive projects encouraged the commercialisation of legumes, by stimulating the growth of local seed production and agro-dealer networks for distribution and marketing. This work, which included linking producers to wholesalers, helped to increase local producer prices by 20–25% in Nairobi and Mombasa. The commercialisation of the pigeon pea is now enabling some farmers to buy assets, ranging from mobile phones to productive land and livestock, and is opening pathways for them to move out of poverty.",IRRELEVANT,True,True,True
5730d3adaca1c71400fe5af5__5730d3adaca1c71400fe5af6,A,5730d3adaca1c71400fe5af5,What is composed of the Area Provost/Dean ad the several District Superintendents of the Districts in the Annual Conference?,"['Annual Conference Cabinet', 'All clergy appointments a', 'the Annual Conference Cabinet']",bd0515eb648a6bbe,Southern_California,"Southern California consists of one Combined Statistical Area, eight Metropolitan Statistical Areas, one international metropolitan area, and multiple metropolitan divisions. The region is home to two extended metropolitan areas that exceed five million in population. These are the Greater Los Angeles Area at 17,786,419, and San Diego–Tijuana at 5,105,768. Of these metropolitan areas, the Los Angeles-Long Beach-Santa Ana metropolitan area, Riverside-San Bernardino-Ontario metropolitan area, and Oxnard-Thousand Oaks-Ventura metropolitan area form Greater Los Angeles; while the El Centro metropolitan area and San Diego-Carlsbad-San Marcos metropolitan area form the Southern Border Region. North of Greater Los Angeles are the Santa Barbara, San Luis Obispo, and Bakersfield metropolitan areas.",IRRELEVANT,True,True,True
5730d3adaca1c71400fe5af5__5730d3adaca1c71400fe5af6,B,5730d3adaca1c71400fe5af6,All clergy appointments are made for how long?,"['one year at a time', 'one year at a time,', 'one year']",bd0515eb648a6bbe,Southern_California,"Southern California consists of one Combined Statistical Area, eight Metropolitan Statistical Areas, one international metropolitan area, and multiple metropolitan divisions. The region is home to two extended metropolitan areas that exceed five million in population. These are the Greater Los Angeles Area at 17,786,419, and San Diego–Tijuana at 5,105,768. Of these metropolitan areas, the Los Angeles-Long Beach-Santa Ana metropolitan area, Riverside-San Bernardino-Ontario metropolitan area, and Oxnard-Thousand Oaks-Ventura metropolitan area form Greater Los Angeles; while the El Centro metropolitan area and San Diego-Carlsbad-San Marcos metropolitan area form the Southern Border Region. North of Greater Los Angeles are the Santa Barbara, San Luis Obispo, and Bakersfield metropolitan areas.",IRRELEVANT,True,True,True
5730d3adaca1c71400fe5af5__5730d3adaca1c71400fe5af6,A,5730d3adaca1c71400fe5af5,What is composed of the Area Provost/Dean ad the several District Superintendents of the Districts in the Annual Conference?,"['Annual Conference Cabinet', 'All clergy appointments a', 'the Annual Conference Cabinet']",30511919f8c0a487,French_and_Indian_War,"Governor Vaudreuil, who harboured ambitions to become the French commander in chief (in addition to his role as governor), acted during the winter of 1756 before those reinforcements arrived. Scouts had reported the weakness of the British supply chain, so he ordered an attack against the forts Shirley had erected at the Oneida Carry. In the March Battle of Fort Bull, French forces destroyed the fort and large quantities of supplies, including 45,000 pounds of gunpowder. They set back any British hopes for campaigns on Lake Ontario, and endangered the Oswego garrison, already short on supplies. French forces in the Ohio valley also continued to intrigue with Indians throughout the area, encouraging them to raid frontier settlements. This led to ongoing alarms along the western frontiers, with streams of refugees returning east to get away from the action.",IRRELEVANT,True,True,True
5730d3adaca1c71400fe5af5__5730d3adaca1c71400fe5af6,B,5730d3adaca1c71400fe5af6,All clergy appointments are made for how long?,"['one year at a time', 'one year at a time,', 'one year']",30511919f8c0a487,French_and_Indian_War,"Governor Vaudreuil, who harboured ambitions to become the French commander in chief (in addition to his role as governor), acted during the winter of 1756 before those reinforcements arrived. Scouts had reported the weakness of the British supply chain, so he ordered an attack against the forts Shirley had erected at the Oneida Carry. In the March Battle of Fort Bull, French forces destroyed the fort and large quantities of supplies, including 45,000 pounds of gunpowder. They set back any British hopes for campaigns on Lake Ontario, and endangered the Oswego garrison, already short on supplies. French forces in the Ohio valley also continued to intrigue with Indians throughout the area, encouraging them to raid frontier settlements. This led to ongoing alarms along the western frontiers, with streams of refugees returning east to get away from the action.",IRRELEVANT,True,True,True
5730d3adaca1c71400fe5af5__5730d3adaca1c71400fe5af6,A,5730d3adaca1c71400fe5af5,What is composed of the Area Provost/Dean ad the several District Superintendents of the Districts in the Annual Conference?,"['Annual Conference Cabinet', 'All clergy appointments a', 'the Annual Conference Cabinet']",a7d16a5dd40a8427,Doctor_Who,"The programme's first serial, An Unearthly Child, shows that the Doctor has a granddaughter, Susan Foreman. In the 1967 serial, Tomb of the Cybermen, when Victoria Waterfield doubts the Doctor can remember his family because of, ""being so ancient"", the Doctor says that he can when he really wants to—""The rest of the time they sleep in my mind"". The 2005 series reveals that the Ninth Doctor thought he was the last surviving Time Lord, and that his home planet had been destroyed; in ""The Empty Child"" (2005), Dr. Constantine states that, ""Before the war even began, I was a father and a grandfather. Now I am neither."" The Doctor remarks in response, ""Yeah, I know the feeling."" In ""Smith and Jones"" (2007), when asked if he had a brother, he replied, ""No, not any more."" In both ""Fear Her"" (2006) and ""The Doctor's Daughter"" (2008), he states that he had, in the past, been a father.",IRRELEVANT,True,True,True
5730d3adaca1c71400fe5af5__5730d3adaca1c71400fe5af6,B,5730d3adaca1c71400fe5af6,All clergy appointments are made for how long?,"['one year at a time', 'one year at a time,', 'one year']",a7d16a5dd40a8427,Doctor_Who,"The programme's first serial, An Unearthly Child, shows that the Doctor has a granddaughter, Susan Foreman. In the 1967 serial, Tomb of the Cybermen, when Victoria Waterfield doubts the Doctor can remember his family because of, ""being so ancient"", the Doctor says that he can when he really wants to—""The rest of the time they sleep in my mind"". The 2005 series reveals that the Ninth Doctor thought he was the last surviving Time Lord, and that his home planet had been destroyed; in ""The Empty Child"" (2005), Dr. Constantine states that, ""Before the war even began, I was a father and a grandfather. Now I am neither."" The Doctor remarks in response, ""Yeah, I know the feeling."" In ""Smith and Jones"" (2007), when asked if he had a brother, he replied, ""No, not any more."" In both ""Fear Her"" (2006) and ""The Doctor's Daughter"" (2008), he states that he had, in the past, been a father.",IRRELEVANT,True,True,True
5730d3adaca1c71400fe5af5__5730d3adaca1c71400fe5af6,A,5730d3adaca1c71400fe5af5,What is composed of the Area Provost/Dean ad the several District Superintendents of the Districts in the Annual Conference?,"['Annual Conference Cabinet', 'All clergy appointments a', 'the Annual Conference Cabinet']",faa7e1060dbb7bdc,Huguenot,"In this last connection, the name could suggest the derogatory inference of superstitious worship; popular fancy held that Huguon, the gate of King Hugo, was haunted by the ghost of le roi Huguet (regarded by Roman Catholics as an infamous scoundrel) and other spirits, who instead of being in Purgatory came back to harm the living at night. It was in this place in Tours that the prétendus réformés (""these supposedly 'reformed'"") habitually gathered at night, both for political purposes, and for prayer and singing psalms. Such explanations have been traced to the contemporary, Reguier de la Plancha (d. 1560), who in De l'Estat de France offered the following account as to the origin of the name, as cited by The Cape Monthly:",IRRELEVANT,True,True,True
5730d3adaca1c71400fe5af5__5730d3adaca1c71400fe5af6,B,5730d3adaca1c71400fe5af6,All clergy appointments are made for how long?,"['one year at a time', 'one year at a time,', 'one year']",faa7e1060dbb7bdc,Huguenot,"In this last connection, the name could suggest the derogatory inference of superstitious worship; popular fancy held that Huguon, the gate of King Hugo, was haunted by the ghost of le roi Huguet (regarded by Roman Catholics as an infamous scoundrel) and other spirits, who instead of being in Purgatory came back to harm the living at night. It was in this place in Tours that the prétendus réformés (""these supposedly 'reformed'"") habitually gathered at night, both for political purposes, and for prayer and singing psalms. Such explanations have been traced to the contemporary, Reguier de la Plancha (d. 1560), who in De l'Estat de France offered the following account as to the origin of the name, as cited by The Cape Monthly:",IRRELEVANT,True,True,True
5730d3adaca1c71400fe5af5__5730d3adaca1c71400fe5af6,A,5730d3adaca1c71400fe5af5,What is composed of the Area Provost/Dean ad the several District Superintendents of the Districts in the Annual Conference?,"['Annual Conference Cabinet', 'All clergy appointments a', 'the Annual Conference Cabinet']",c17fe1871474f0c6,Newcastle_upon_Tyne,"Newcastle has a horse racing course at Gosforth Park. The city is also home to the Newcastle Eagles basketball team who play their home games at the new Sport Central complex at Northumbria University. The Eagles are the most successful team in the history of the British Basketball League (BBL). The city's speedway team Newcastle Diamonds are based at Brough Park in Byker, a venue that is also home to greyhound racing. Newcastle also hosts the start of the annual Great North Run, the world's largest half-marathon in which participants race over the Tyne Bridge into Gateshead and then towards the finish line 13.1 miles (21.1 km) away on the coast at South Shields. Another famous athletic event is the 5.9-mile (9.5 km) Blaydon Race (a road race from Newcastle to Blaydon), which has taken place on 9 June annually since 1981, to commemorate the celebrated Blaydon Races horse racing.",IRRELEVANT,True,True,True
5730d3adaca1c71400fe5af5__5730d3adaca1c71400fe5af6,B,5730d3adaca1c71400fe5af6,All clergy appointments are made for how long?,"['one year at a time', 'one year at a time,', 'one year']",c17fe1871474f0c6,Newcastle_upon_Tyne,"Newcastle has a horse racing course at Gosforth Park. The city is also home to the Newcastle Eagles basketball team who play their home games at the new Sport Central complex at Northumbria University. The Eagles are the most successful team in the history of the British Basketball League (BBL). The city's speedway team Newcastle Diamonds are based at Brough Park in Byker, a venue that is also home to greyhound racing. Newcastle also hosts the start of the annual Great North Run, the world's largest half-marathon in which participants race over the Tyne Bridge into Gateshead and then towards the finish line 13.1 miles (21.1 km) away on the coast at South Shields. Another famous athletic event is the 5.9-mile (9.5 km) Blaydon Race (a road race from Newcastle to Blaydon), which has taken place on 9 June annually since 1981, to commemorate the celebrated Blaydon Races horse racing.",IRRELEVANT,True,True,True
5730d3adaca1c71400fe5af5__5730d3adaca1c71400fe5af6,A,5730d3adaca1c71400fe5af5,What is composed of the Area Provost/Dean ad the several District Superintendents of the Districts in the Annual Conference?,"['Annual Conference Cabinet', 'All clergy appointments a', 'the Annual Conference Cabinet']",928990f37f000a25,"Jacksonville,_Florida","During the American Civil War, Jacksonville was a key supply point for hogs and cattle being shipped from Florida to aid the Confederate cause. The city was blockaded by Union forces, who gained control of the nearby Fort Clinch. Though no battles were fought in Jacksonville proper, the city changed hands several times between Union and Confederate forces. The Skirmish of the Brick Church in 1862 just outside Jacksonville proper resulted in the first Confederate victory in Florida. In February 1864 Union forces left Jacksonville and confronted a Confederate Army at the Battle of Olustee resulting in a Confederate victory. Union forces then retreated to Jacksonville and held the city for the remainder of the war. In March 1864 a Confederate cavalry confronted a Union expedition resulting in the Battle of Cedar Creek. Warfare and the long occupation left the city disrupted after the war.",IRRELEVANT,True,True,True
5730d3adaca1c71400fe5af5__5730d3adaca1c71400fe5af6,B,5730d3adaca1c71400fe5af6,All clergy appointments are made for how long?,"['one year at a time', 'one year at a time,', 'one year']",928990f37f000a25,"Jacksonville,_Florida","During the American Civil War, Jacksonville was a key supply point for hogs and cattle being shipped from Florida to aid the Confederate cause. The city was blockaded by Union forces, who gained control of the nearby Fort Clinch. Though no battles were fought in Jacksonville proper, the city changed hands several times between Union and Confederate forces. The Skirmish of the Brick Church in 1862 just outside Jacksonville proper resulted in the first Confederate victory in Florida. In February 1864 Union forces left Jacksonville and confronted a Confederate Army at the Battle of Olustee resulting in a Confederate victory. Union forces then retreated to Jacksonville and held the city for the remainder of the war. In March 1864 a Confederate cavalry confronted a Union expedition resulting in the Battle of Cedar Creek. Warfare and the long occupation left the city disrupted after the war.",IRRELEVANT,True,True,True
5730d3adaca1c71400fe5af5__5730d3adaca1c71400fe5af6,A,5730d3adaca1c71400fe5af5,What is composed of the Area Provost/Dean ad the several District Superintendents of the Districts in the Annual Conference?,"['Annual Conference Cabinet', 'All clergy appointments a', 'the Annual Conference Cabinet']",dd5c8526091ce0e9,Normans,"The Normans (Norman: Nourmands; French: Normands; Latin: Normanni) were the people who in the 10th and 11th centuries gave their name to Normandy, a region in France. They were descended from Norse (""Norman"" comes from ""Norseman"") raiders and pirates from Denmark, Iceland and Norway who, under their leader Rollo, agreed to swear fealty to King Charles III of West Francia. Through generations of assimilation and mixing with the native Frankish and Roman-Gaulish populations, their descendants would gradually merge with the Carolingian-based cultures of West Francia. The distinct cultural and ethnic identity of the Normans emerged initially in the first half of the 10th century, and it continued to evolve over the succeeding centuries.",IRRELEVANT,True,True,True
5730d3adaca1c71400fe5af5__5730d3adaca1c71400fe5af6,B,5730d3adaca1c71400fe5af6,All clergy appointments are made for how long?,"['one year at a time', 'one year at a time,', 'one year']",dd5c8526091ce0e9,Normans,"The Normans (Norman: Nourmands; French: Normands; Latin: Normanni) were the people who in the 10th and 11th centuries gave their name to Normandy, a region in France. They were descended from Norse (""Norman"" comes from ""Norseman"") raiders and pirates from Denmark, Iceland and Norway who, under their leader Rollo, agreed to swear fealty to King Charles III of West Francia. Through generations of assimilation and mixing with the native Frankish and Roman-Gaulish populations, their descendants would gradually merge with the Carolingian-based cultures of West Francia. The distinct cultural and ethnic identity of the Normans emerged initially in the first half of the 10th century, and it continued to evolve over the succeeding centuries.",IRRELEVANT,True,True,True
5730d3adaca1c71400fe5af5__5730d3adaca1c71400fe5af6,A,5730d3adaca1c71400fe5af5,What is composed of the Area Provost/Dean ad the several District Superintendents of the Districts in the Annual Conference?,"['Annual Conference Cabinet', 'All clergy appointments a', 'the Annual Conference Cabinet']",1c7faebb317f0204,Scottish_Parliament,"As in the House of Commons, a number of qualifications apply to being an MSP. Such qualifications were introduced under the House of Commons Disqualification Act 1975 and the British Nationality Act 1981. Specifically, members must be over the age of 18 and must be a citizen of the United Kingdom, the Republic of Ireland, one of the countries in the Commonwealth of Nations, a citizen of a British overseas territory, or a European Union citizen resident in the UK. Members of the police and the armed forces are disqualified from sitting in the Scottish Parliament as elected MSPs, and similarly, civil servants and members of foreign legislatures are disqualified. An individual may not sit in the Scottish Parliament if he or she is judged to be insane under the terms of the Mental Health (Care and Treatment) (Scotland) Act 2003.",IRRELEVANT,True,True,True
5730d3adaca1c71400fe5af5__5730d3adaca1c71400fe5af6,B,5730d3adaca1c71400fe5af6,All clergy appointments are made for how long?,"['one year at a time', 'one year at a time,', 'one year']",1c7faebb317f0204,Scottish_Parliament,"As in the House of Commons, a number of qualifications apply to being an MSP. Such qualifications were introduced under the House of Commons Disqualification Act 1975 and the British Nationality Act 1981. Specifically, members must be over the age of 18 and must be a citizen of the United Kingdom, the Republic of Ireland, one of the countries in the Commonwealth of Nations, a citizen of a British overseas territory, or a European Union citizen resident in the UK. Members of the police and the armed forces are disqualified from sitting in the Scottish Parliament as elected MSPs, and similarly, civil servants and members of foreign legislatures are disqualified. An individual may not sit in the Scottish Parliament if he or she is judged to be insane under the terms of the Mental Health (Care and Treatment) (Scotland) Act 2003.",IRRELEVANT,True,True,True
5730d3adaca1c71400fe5af5__5730d3adaca1c71400fe5af6,A,5730d3adaca1c71400fe5af5,What is composed of the Area Provost/Dean ad the several District Superintendents of the Districts in the Annual Conference?,"['Annual Conference Cabinet', 'All clergy appointments a', 'the Annual Conference Cabinet']",7e7a84f3e53d1a0e,Economic_inequality,"For most of human history higher material living standards – full stomachs, access to clean water and warmth from fuel – led to better health and longer lives. This pattern of higher incomes-longer lives still holds among poorer countries, where life expectancy increases rapidly as per capita income increases, but in recent decades it has slowed down among middle income countries and plateaued among the richest thirty or so countries in the world. Americans live no longer on average (about 77 years in 2004) than Greeks (78 years) or New Zealanders (78), though the USA has a higher GDP per capita. Life expectancy in Sweden (80 years) and Japan (82) – where income was more equally distributed – was longer.",IRRELEVANT,True,True,True
5730d3adaca1c71400fe5af5__5730d3adaca1c71400fe5af6,B,5730d3adaca1c71400fe5af6,All clergy appointments are made for how long?,"['one year at a time', 'one year at a time,', 'one year']",7e7a84f3e53d1a0e,Economic_inequality,"For most of human history higher material living standards – full stomachs, access to clean water and warmth from fuel – led to better health and longer lives. This pattern of higher incomes-longer lives still holds among poorer countries, where life expectancy increases rapidly as per capita income increases, but in recent decades it has slowed down among middle income countries and plateaued among the richest thirty or so countries in the world. Americans live no longer on average (about 77 years in 2004) than Greeks (78 years) or New Zealanders (78), though the USA has a higher GDP per capita. Life expectancy in Sweden (80 years) and Japan (82) – where income was more equally distributed – was longer.",IRRELEVANT,True,True,True
5730d3adaca1c71400fe5af5__5730d3adaca1c71400fe5af6,A,5730d3adaca1c71400fe5af5,What is composed of the Area Provost/Dean ad the several District Superintendents of the Districts in the Annual Conference?,"['Annual Conference Cabinet', 'All clergy appointments a', 'the Annual Conference Cabinet']",34f4c7f88f1532c0,Super_Bowl_50,"The flagship stations of each station in the markets of each team will carry their local play-by-play calls. In Denver, KOA (850 AM) and KRFX (103.5 FM) will carry the game, with Dave Logan on play-by-play and Ed McCaffrey on color commentary. In North Carolina, WBT (1110 AM) will carry the game, with Mick Mixon on play-by-play and Eugene Robinson and Jim Szoke on color commentary. WBT will also simulcast the game on its sister station WBT-FM (99.3 FM), which is based in Chester, South Carolina. As KOA and WBT are both clear-channel stations, the local broadcasts will be audible over much of the western United States after sunset (for Denver) and the eastern United States throughout the game (for Carolina). In accordance with contractual rules, the rest of the stations in the Broncos and Panthers radio networks will either carry the Westwood One feed or not carry the game at all.",IRRELEVANT,True,True,True
5730d3adaca1c71400fe5af5__5730d3adaca1c71400fe5af6,B,5730d3adaca1c71400fe5af6,All clergy appointments are made for how long?,"['one year at a time', 'one year at a time,', 'one year']",34f4c7f88f1532c0,Super_Bowl_50,"The flagship stations of each station in the markets of each team will carry their local play-by-play calls. In Denver, KOA (850 AM) and KRFX (103.5 FM) will carry the game, with Dave Logan on play-by-play and Ed McCaffrey on color commentary. In North Carolina, WBT (1110 AM) will carry the game, with Mick Mixon on play-by-play and Eugene Robinson and Jim Szoke on color commentary. WBT will also simulcast the game on its sister station WBT-FM (99.3 FM), which is based in Chester, South Carolina. As KOA and WBT are both clear-channel stations, the local broadcasts will be audible over much of the western United States after sunset (for Denver) and the eastern United States throughout the game (for Carolina). In accordance with contractual rules, the rest of the stations in the Broncos and Panthers radio networks will either carry the Westwood One feed or not carry the game at all.",IRRELEVANT,True,True,True
5730d3adaca1c71400fe5af5__5730d3adaca1c71400fe5af6,A,5730d3adaca1c71400fe5af5,What is composed of the Area Provost/Dean ad the several District Superintendents of the Districts in the Annual Conference?,"['Annual Conference Cabinet', 'All clergy appointments a', 'the Annual Conference Cabinet']",38f1fc8afb6921f5,Rhine,"The Rhine was not known to Herodotus and first enters the historical period in the 1st century BC in Roman-era geography. At that time, it formed the boundary between Gaul and Germania. The Upper Rhine had been part of the areal of the late Hallstatt culture since the 6th century BC, and by the 1st century BC, the areal of the La Tène culture covered almost its entire length, forming a contact zone with the Jastorf culture, i.e. the locus of early Celtic-Germanic cultural contact. In Roman geography, the Rhine formed the boundary between Gallia and Germania by definition; e.g. Maurus Servius Honoratus, Commentary on the Aeneid of Vergil (8.727) (Rhenus) fluvius Galliae, qui Germanos a Gallia dividit ""(The Rhine is a) river of Gaul, which divides the Germanic people from Gaul.""",IRRELEVANT,True,True,True
5730d3adaca1c71400fe5af5__5730d3adaca1c71400fe5af6,B,5730d3adaca1c71400fe5af6,All clergy appointments are made for how long?,"['one year at a time', 'one year at a time,', 'one year']",38f1fc8afb6921f5,Rhine,"The Rhine was not known to Herodotus and first enters the historical period in the 1st century BC in Roman-era geography. At that time, it formed the boundary between Gaul and Germania. The Upper Rhine had been part of the areal of the late Hallstatt culture since the 6th century BC, and by the 1st century BC, the areal of the La Tène culture covered almost its entire length, forming a contact zone with the Jastorf culture, i.e. the locus of early Celtic-Germanic cultural contact. In Roman geography, the Rhine formed the boundary between Gallia and Germania by definition; e.g. Maurus Servius Honoratus, Commentary on the Aeneid of Vergil (8.727) (Rhenus) fluvius Galliae, qui Germanos a Gallia dividit ""(The Rhine is a) river of Gaul, which divides the Germanic people from Gaul.""",IRRELEVANT,True,True,True
5730d3adaca1c71400fe5af5__5730d3adaca1c71400fe5af6,A,5730d3adaca1c71400fe5af5,What is composed of the Area Provost/Dean ad the several District Superintendents of the Districts in the Annual Conference?,"['Annual Conference Cabinet', 'All clergy appointments a', 'the Annual Conference Cabinet']",a13fb4c358557dc2,Intergovernmental_Panel_on_Climate_Change,"The executive summary of the WG I Summary for Policymakers report says they are certain that emissions resulting from human activities are substantially increasing the atmospheric concentrations of the greenhouse gases, resulting on average in an additional warming of the Earth's surface. They calculate with confidence that CO2 has been responsible for over half the enhanced greenhouse effect. They predict that under a ""business as usual"" (BAU) scenario, global mean temperature will increase by about 0.3 °C per decade during the [21st] century. They judge that global mean surface air temperature has increased by 0.3 to 0.6 °C over the last 100 years, broadly consistent with prediction of climate models, but also of the same magnitude as natural climate variability. The unequivocal detection of the enhanced greenhouse effect is not likely for a decade or more.",IRRELEVANT,True,True,True
5730d3adaca1c71400fe5af5__5730d3adaca1c71400fe5af6,B,5730d3adaca1c71400fe5af6,All clergy appointments are made for how long?,"['one year at a time', 'one year at a time,', 'one year']",a13fb4c358557dc2,Intergovernmental_Panel_on_Climate_Change,"The executive summary of the WG I Summary for Policymakers report says they are certain that emissions resulting from human activities are substantially increasing the atmospheric concentrations of the greenhouse gases, resulting on average in an additional warming of the Earth's surface. They calculate with confidence that CO2 has been responsible for over half the enhanced greenhouse effect. They predict that under a ""business as usual"" (BAU) scenario, global mean temperature will increase by about 0.3 °C per decade during the [21st] century. They judge that global mean surface air temperature has increased by 0.3 to 0.6 °C over the last 100 years, broadly consistent with prediction of climate models, but also of the same magnitude as natural climate variability. The unequivocal detection of the enhanced greenhouse effect is not likely for a decade or more.",IRRELEVANT,True,True,True
5730d3adaca1c71400fe5af5__5730d3adaca1c71400fe5af6,A,5730d3adaca1c71400fe5af5,What is composed of the Area Provost/Dean ad the several District Superintendents of the Districts in the Annual Conference?,"['Annual Conference Cabinet', 'All clergy appointments a', 'the Annual Conference Cabinet']",23d71dcbdc3d2eb5,Geology,"Extension causes the rock units as a whole to become longer and thinner. This is primarily accomplished through normal faulting and through the ductile stretching and thinning. Normal faults drop rock units that are higher below those that are lower. This typically results in younger units being placed below older units. Stretching of units can result in their thinning; in fact, there is a location within the Maria Fold and Thrust Belt in which the entire sedimentary sequence of the Grand Canyon can be seen over a length of less than a meter. Rocks at the depth to be ductilely stretched are often also metamorphosed. These stretched rocks can also pinch into lenses, known as boudins, after the French word for ""sausage"", because of their visual similarity.",IRRELEVANT,True,True,True
5730d3adaca1c71400fe5af5__5730d3adaca1c71400fe5af6,B,5730d3adaca1c71400fe5af6,All clergy appointments are made for how long?,"['one year at a time', 'one year at a time,', 'one year']",23d71dcbdc3d2eb5,Geology,"Extension causes the rock units as a whole to become longer and thinner. This is primarily accomplished through normal faulting and through the ductile stretching and thinning. Normal faults drop rock units that are higher below those that are lower. This typically results in younger units being placed below older units. Stretching of units can result in their thinning; in fact, there is a location within the Maria Fold and Thrust Belt in which the entire sedimentary sequence of the Grand Canyon can be seen over a length of less than a meter. Rocks at the depth to be ductilely stretched are often also metamorphosed. These stretched rocks can also pinch into lenses, known as boudins, after the French word for ""sausage"", because of their visual similarity.",IRRELEVANT,True,True,True
5730d3adaca1c71400fe5af5__5730d3adaca1c71400fe5af6,A,5730d3adaca1c71400fe5af5,What is composed of the Area Provost/Dean ad the several District Superintendents of the Districts in the Annual Conference?,"['Annual Conference Cabinet', 'All clergy appointments a', 'the Annual Conference Cabinet']",112f5c76448aebbd,Doctor_Who,"Only four episodes have ever had their premiere showings on channels other than BBC One. The 1983 20th anniversary special The Five Doctors had its début on 23 November (the actual date of the anniversary) on a number of PBS stations two days prior to its BBC One broadcast. The 1988 story Silver Nemesis was broadcast with all three episodes airing back to back on TVNZ in New Zealand in November, after the first episode had been shown in the UK but before the final two instalments had aired there. Finally, the 1996 television film premièred on 12 May 1996 on CITV in Edmonton, Canada, 15 days before the BBC One showing, and two days before it aired on Fox in the United States.[citation needed]",IRRELEVANT,True,True,True
5730d3adaca1c71400fe5af5__5730d3adaca1c71400fe5af6,B,5730d3adaca1c71400fe5af6,All clergy appointments are made for how long?,"['one year at a time', 'one year at a time,', 'one year']",112f5c76448aebbd,Doctor_Who,"Only four episodes have ever had their premiere showings on channels other than BBC One. The 1983 20th anniversary special The Five Doctors had its début on 23 November (the actual date of the anniversary) on a number of PBS stations two days prior to its BBC One broadcast. The 1988 story Silver Nemesis was broadcast with all three episodes airing back to back on TVNZ in New Zealand in November, after the first episode had been shown in the UK but before the final two instalments had aired there. Finally, the 1996 television film premièred on 12 May 1996 on CITV in Edmonton, Canada, 15 days before the BBC One showing, and two days before it aired on Fox in the United States.[citation needed]",IRRELEVANT,True,True,True
5730d3adaca1c71400fe5af5__5730d3adaca1c71400fe5af6,A,5730d3adaca1c71400fe5af5,What is composed of the Area Provost/Dean ad the several District Superintendents of the Districts in the Annual Conference?,"['Annual Conference Cabinet', 'All clergy appointments a', 'the Annual Conference Cabinet']",cb0bbdad5ec4984d,Pharmacy,"Because of the complexity of medications including specific indications, effectiveness of treatment regimens, safety of medications (i.e., drug interactions) and patient compliance issues (in the hospital and at home) many pharmacists practicing in hospitals gain more education and training after pharmacy school through a pharmacy practice residency and sometimes followed by another residency in a specific area. Those pharmacists are often referred to as clinical pharmacists and they often specialize in various disciplines of pharmacy. For example, there are pharmacists who specialize in hematology/oncology, HIV/AIDS, infectious disease, critical care, emergency medicine, toxicology, nuclear pharmacy, pain management, psychiatry, anti-coagulation clinics, herbal medicine, neurology/epilepsy management, pediatrics, neonatal pharmacists and more.",IRRELEVANT,True,True,True
5730d3adaca1c71400fe5af5__5730d3adaca1c71400fe5af6,B,5730d3adaca1c71400fe5af6,All clergy appointments are made for how long?,"['one year at a time', 'one year at a time,', 'one year']",cb0bbdad5ec4984d,Pharmacy,"Because of the complexity of medications including specific indications, effectiveness of treatment regimens, safety of medications (i.e., drug interactions) and patient compliance issues (in the hospital and at home) many pharmacists practicing in hospitals gain more education and training after pharmacy school through a pharmacy practice residency and sometimes followed by another residency in a specific area. Those pharmacists are often referred to as clinical pharmacists and they often specialize in various disciplines of pharmacy. For example, there are pharmacists who specialize in hematology/oncology, HIV/AIDS, infectious disease, critical care, emergency medicine, toxicology, nuclear pharmacy, pain management, psychiatry, anti-coagulation clinics, herbal medicine, neurology/epilepsy management, pediatrics, neonatal pharmacists and more.",IRRELEVANT,True,True,True
5730d3adaca1c71400fe5af5__5730d3adaca1c71400fe5af6,A,5730d3adaca1c71400fe5af5,What is composed of the Area Provost/Dean ad the several District Superintendents of the Districts in the Annual Conference?,"['Annual Conference Cabinet', 'All clergy appointments a', 'the Annual Conference Cabinet']",cb9b21c28a1fe880,American_Broadcasting_Company,"The 1970s were highlighted by several successful comedy, fantasy, action and superhero-themed series for the network including Kung Fu, The Six Million Dollar Man, Wonder Woman, Starsky & Hutch, Charlie's Angels, The Bionic Woman, Fantasy Island and Battlestar Galactica. Many of these series were greenlit by Silverman, who left ABC in 1978 to become president of NBC's entertainment division. The rousing success of Happy Days also led to a successful spin-off series, Laverne & Shirley, which debuted in 1976. Charlie's Angels and Three's Company (which debuted in 1977) were two prime examples of a trend among the major networks during the 1970s known as ""jiggle TV"", featuring attractive, often buxom, women in main and guest roles.",IRRELEVANT,True,True,True
5730d3adaca1c71400fe5af5__5730d3adaca1c71400fe5af6,B,5730d3adaca1c71400fe5af6,All clergy appointments are made for how long?,"['one year at a time', 'one year at a time,', 'one year']",cb9b21c28a1fe880,American_Broadcasting_Company,"The 1970s were highlighted by several successful comedy, fantasy, action and superhero-themed series for the network including Kung Fu, The Six Million Dollar Man, Wonder Woman, Starsky & Hutch, Charlie's Angels, The Bionic Woman, Fantasy Island and Battlestar Galactica. Many of these series were greenlit by Silverman, who left ABC in 1978 to become president of NBC's entertainment division. The rousing success of Happy Days also led to a successful spin-off series, Laverne & Shirley, which debuted in 1976. Charlie's Angels and Three's Company (which debuted in 1977) were two prime examples of a trend among the major networks during the 1970s known as ""jiggle TV"", featuring attractive, often buxom, women in main and guest roles.",IRRELEVANT,True,True,True
5730d3adaca1c71400fe5af5__5730d3adaca1c71400fe5af6,A,5730d3adaca1c71400fe5af5,What is composed of the Area Provost/Dean ad the several District Superintendents of the Districts in the Annual Conference?,"['Annual Conference Cabinet', 'All clergy appointments a', 'the Annual Conference Cabinet']",ba8763f3206489c2,Martin_Luther,"In the 1530s and 1540s, printed images of Luther that emphasized his monumental size were crucial to the spread of Protestantism. In contrast to images of frail Catholic saints, Luther was presented as a stout man with a ""double chin, strong mouth, piercing deep-set eyes, fleshy face, and squat neck."" He was shown to be physically imposing, an equal in stature to the secular German princes with whom he would join forces to spread Lutheranism. His large body also let the viewer know that he did not shun earthly pleasures like drinking—behavior that was a stark contrast to the ascetic life of the medieval religious orders. Famous images from this period include the woodcuts by Hans Brosamer (1530) and Lucas Cranach the Elder and Lucas Cranach the Younger (1546).",IRRELEVANT,True,True,True
5730d3adaca1c71400fe5af5__5730d3adaca1c71400fe5af6,B,5730d3adaca1c71400fe5af6,All clergy appointments are made for how long?,"['one year at a time', 'one year at a time,', 'one year']",ba8763f3206489c2,Martin_Luther,"In the 1530s and 1540s, printed images of Luther that emphasized his monumental size were crucial to the spread of Protestantism. In contrast to images of frail Catholic saints, Luther was presented as a stout man with a ""double chin, strong mouth, piercing deep-set eyes, fleshy face, and squat neck."" He was shown to be physically imposing, an equal in stature to the secular German princes with whom he would join forces to spread Lutheranism. His large body also let the viewer know that he did not shun earthly pleasures like drinking—behavior that was a stark contrast to the ascetic life of the medieval religious orders. Famous images from this period include the woodcuts by Hans Brosamer (1530) and Lucas Cranach the Elder and Lucas Cranach the Younger (1546).",IRRELEVANT,True,True,True
5730d3adaca1c71400fe5af5__5730d3adaca1c71400fe5af6,A,5730d3adaca1c71400fe5af5,What is composed of the Area Provost/Dean ad the several District Superintendents of the Districts in the Annual Conference?,"['Annual Conference Cabinet', 'All clergy appointments a', 'the Annual Conference Cabinet']",72a8127b49490631,Kenya,"Although Kenya is the most industrially developed country in the African Great Lakes region, manufacturing still accounts for only 14% of the GDP. Industrial activity, concentrated around the three largest urban centres, Nairobi, Mombasa and Kisumu, is dominated by food-processing industries such as grain milling, beer production, and sugarcane crushing, and the fabrication of consumer goods, e.g., vehicles from kits. There is a cement production industry.[citation needed] Kenya has an oil refinery that processes imported crude petroleum into petroleum products, mainly for the domestic market. In addition, a substantial and expanding informal sector commonly referred to as Jua Kali engages in small-scale manufacturing of household goods, motor-vehicle parts, and farm implements.[citation needed]",IRRELEVANT,True,True,True
5730d3adaca1c71400fe5af5__5730d3adaca1c71400fe5af6,B,5730d3adaca1c71400fe5af6,All clergy appointments are made for how long?,"['one year at a time', 'one year at a time,', 'one year']",72a8127b49490631,Kenya,"Although Kenya is the most industrially developed country in the African Great Lakes region, manufacturing still accounts for only 14% of the GDP. Industrial activity, concentrated around the three largest urban centres, Nairobi, Mombasa and Kisumu, is dominated by food-processing industries such as grain milling, beer production, and sugarcane crushing, and the fabrication of consumer goods, e.g., vehicles from kits. There is a cement production industry.[citation needed] Kenya has an oil refinery that processes imported crude petroleum into petroleum products, mainly for the domestic market. In addition, a substantial and expanding informal sector commonly referred to as Jua Kali engages in small-scale manufacturing of household goods, motor-vehicle parts, and farm implements.[citation needed]",IRRELEVANT,True,True,True
5730d3adaca1c71400fe5af5__5730d3adaca1c71400fe5af6,A,5730d3adaca1c71400fe5af5,What is composed of the Area Provost/Dean ad the several District Superintendents of the Districts in the Annual Conference?,"['Annual Conference Cabinet', 'All clergy appointments a', 'the Annual Conference Cabinet']",3bc4f22d7f3bfc47,Doctor_Who,"In 1975, Season 11 of the series won a Writers' Guild of Great Britain award for Best Writing in a Children's Serial. In 1996, BBC television held the ""Auntie Awards"" as the culmination of their ""TV60"" series, celebrating 60 years of BBC television broadcasting, where Doctor Who was voted as the ""Best Popular Drama"" the corporation had ever produced, ahead of such ratings heavyweights as EastEnders and Casualty. In 2000, Doctor Who was ranked third in a list of the 100 Greatest British Television Programmes of the 20th century, produced by the British Film Institute and voted on by industry professionals. In 2005, the series came first in a survey by SFX magazine of ""The Greatest UK Science Fiction and Fantasy Television Series Ever"". Also, in the 100 Greatest Kids' TV shows (a Channel 4 countdown in 2001), the 1963–1989 run was placed at number eight.",IRRELEVANT,True,True,True
5730d3adaca1c71400fe5af5__5730d3adaca1c71400fe5af6,B,5730d3adaca1c71400fe5af6,All clergy appointments are made for how long?,"['one year at a time', 'one year at a time,', 'one year']",3bc4f22d7f3bfc47,Doctor_Who,"In 1975, Season 11 of the series won a Writers' Guild of Great Britain award for Best Writing in a Children's Serial. In 1996, BBC television held the ""Auntie Awards"" as the culmination of their ""TV60"" series, celebrating 60 years of BBC television broadcasting, where Doctor Who was voted as the ""Best Popular Drama"" the corporation had ever produced, ahead of such ratings heavyweights as EastEnders and Casualty. In 2000, Doctor Who was ranked third in a list of the 100 Greatest British Television Programmes of the 20th century, produced by the British Film Institute and voted on by industry professionals. In 2005, the series came first in a survey by SFX magazine of ""The Greatest UK Science Fiction and Fantasy Television Series Ever"". Also, in the 100 Greatest Kids' TV shows (a Channel 4 countdown in 2001), the 1963–1989 run was placed at number eight.",IRRELEVANT,True,True,True
5730d3adaca1c71400fe5af5__5730d3adaca1c71400fe5af6,A,5730d3adaca1c71400fe5af5,What is composed of the Area Provost/Dean ad the several District Superintendents of the Districts in the Annual Conference?,"['Annual Conference Cabinet', 'All clergy appointments a', 'the Annual Conference Cabinet']",88ebefee76460e60,Immune_system,"In the mid-1950s, Frank Burnet, inspired by a suggestion made by Niels Jerne, formulated the clonal selection theory (CST) of immunity. On the basis of CST, Burnet developed a theory of how an immune response is triggered according to the self/nonself distinction: ""self"" constituents (constituents of the body) do not trigger destructive immune responses, while ""nonself"" entities (pathogens, an allograft) trigger a destructive immune response. The theory was later modified to reflect new discoveries regarding histocompatibility or the complex ""two-signal"" activation of T cells. The self/nonself theory of immunity and the self/nonself vocabulary have been criticized, but remain very influential.",IRRELEVANT,True,True,True
5730d3adaca1c71400fe5af5__5730d3adaca1c71400fe5af6,B,5730d3adaca1c71400fe5af6,All clergy appointments are made for how long?,"['one year at a time', 'one year at a time,', 'one year']",88ebefee76460e60,Immune_system,"In the mid-1950s, Frank Burnet, inspired by a suggestion made by Niels Jerne, formulated the clonal selection theory (CST) of immunity. On the basis of CST, Burnet developed a theory of how an immune response is triggered according to the self/nonself distinction: ""self"" constituents (constituents of the body) do not trigger destructive immune responses, while ""nonself"" entities (pathogens, an allograft) trigger a destructive immune response. The theory was later modified to reflect new discoveries regarding histocompatibility or the complex ""two-signal"" activation of T cells. The self/nonself theory of immunity and the self/nonself vocabulary have been criticized, but remain very influential.",IRRELEVANT,True,True,True
5730d3adaca1c71400fe5af5__5730d3adaca1c71400fe5af6,A,5730d3adaca1c71400fe5af5,What is composed of the Area Provost/Dean ad the several District Superintendents of the Districts in the Annual Conference?,"['Annual Conference Cabinet', 'All clergy appointments a', 'the Annual Conference Cabinet']",18cea444eda14519,American_Broadcasting_Company,"ABC maintains several video on demand services for delayed viewing of the network's programming, including a traditional VOD service called ABC on Demand, which is carried on most traditional cable and IPTV providers. The Walt Disney Company is also a part-owner of Hulu (as part of a consortium that includes, among other parties, the respective parent companies of NBC and Fox, NBCUniversal and 21st Century Fox), and has offered full-length episodes of most of ABC's programming through the streaming service since July 6, 2009 (which are available for viewing on Hulu's website and mobile app), as part of an agreement reached in April that year that also allowed Disney to acquire a 27% ownership stake in Hulu.",IRRELEVANT,True,True,True
5730d3adaca1c71400fe5af5__5730d3adaca1c71400fe5af6,B,5730d3adaca1c71400fe5af6,All clergy appointments are made for how long?,"['one year at a time', 'one year at a time,', 'one year']",18cea444eda14519,American_Broadcasting_Company,"ABC maintains several video on demand services for delayed viewing of the network's programming, including a traditional VOD service called ABC on Demand, which is carried on most traditional cable and IPTV providers. The Walt Disney Company is also a part-owner of Hulu (as part of a consortium that includes, among other parties, the respective parent companies of NBC and Fox, NBCUniversal and 21st Century Fox), and has offered full-length episodes of most of ABC's programming through the streaming service since July 6, 2009 (which are available for viewing on Hulu's website and mobile app), as part of an agreement reached in April that year that also allowed Disney to acquire a 27% ownership stake in Hulu.",IRRELEVANT,True,True,True
5730d3adaca1c71400fe5af5__5730d3adaca1c71400fe5af6,A,5730d3adaca1c71400fe5af5,What is composed of the Area Provost/Dean ad the several District Superintendents of the Districts in the Annual Conference?,"['Annual Conference Cabinet', 'All clergy appointments a', 'the Annual Conference Cabinet']",a6b7ec7938b966c8,Steam_engine,"Near the end of the 19th century compound engines came into widespread use. Compound engines exhausted steam in to successively larger cylinders to accommodate the higher volumes at reduced pressures, giving improved efficiency. These stages were called expansions, with double and triple expansion engines being common, especially in shipping where efficiency was important to reduce the weight of coal carried. Steam engines remained the dominant source of power until the early 20th century, when advances in the design of electric motors and internal combustion engines gradually resulted in the replacement of reciprocating (piston) steam engines, with shipping in the 20th-century relying upon the steam turbine.",IRRELEVANT,True,True,True
5730d3adaca1c71400fe5af5__5730d3adaca1c71400fe5af6,B,5730d3adaca1c71400fe5af6,All clergy appointments are made for how long?,"['one year at a time', 'one year at a time,', 'one year']",a6b7ec7938b966c8,Steam_engine,"Near the end of the 19th century compound engines came into widespread use. Compound engines exhausted steam in to successively larger cylinders to accommodate the higher volumes at reduced pressures, giving improved efficiency. These stages were called expansions, with double and triple expansion engines being common, especially in shipping where efficiency was important to reduce the weight of coal carried. Steam engines remained the dominant source of power until the early 20th century, when advances in the design of electric motors and internal combustion engines gradually resulted in the replacement of reciprocating (piston) steam engines, with shipping in the 20th-century relying upon the steam turbine.",IRRELEVANT,True,True,True
5730d3adaca1c71400fe5af5__5730d3adaca1c71400fe5af6,A,5730d3adaca1c71400fe5af5,What is composed of the Area Provost/Dean ad the several District Superintendents of the Districts in the Annual Conference?,"['Annual Conference Cabinet', 'All clergy appointments a', 'the Annual Conference Cabinet']",434e0459feea420a,Oxygen,"This combination of cancellations and σ and π overlaps results in dioxygen's double bond character and reactivity, and a triplet electronic ground state. An electron configuration with two unpaired electrons as found in dioxygen (see the filled π* orbitals in the diagram), orbitals that are of equal energy—i.e., degenerate—is a configuration termed a spin triplet state. Hence, the ground state of the O 2 molecule is referred to as triplet oxygen.[b] The highest energy, partially filled orbitals are antibonding, and so their filling weakens the bond order from three to two. Because of its unpaired electrons, triplet oxygen reacts only slowly with most organic molecules, which have paired electron spins; this prevents spontaneous combustion.",IRRELEVANT,True,True,True
5730d3adaca1c71400fe5af5__5730d3adaca1c71400fe5af6,B,5730d3adaca1c71400fe5af6,All clergy appointments are made for how long?,"['one year at a time', 'one year at a time,', 'one year']",434e0459feea420a,Oxygen,"This combination of cancellations and σ and π overlaps results in dioxygen's double bond character and reactivity, and a triplet electronic ground state. An electron configuration with two unpaired electrons as found in dioxygen (see the filled π* orbitals in the diagram), orbitals that are of equal energy—i.e., degenerate—is a configuration termed a spin triplet state. Hence, the ground state of the O 2 molecule is referred to as triplet oxygen.[b] The highest energy, partially filled orbitals are antibonding, and so their filling weakens the bond order from three to two. Because of its unpaired electrons, triplet oxygen reacts only slowly with most organic molecules, which have paired electron spins; this prevents spontaneous combustion.",IRRELEVANT,True,True,True
5730d3adaca1c71400fe5af5__5730d3adaca1c71400fe5af6,A,5730d3adaca1c71400fe5af5,What is composed of the Area Provost/Dean ad the several District Superintendents of the Districts in the Annual Conference?,"['Annual Conference Cabinet', 'All clergy appointments a', 'the Annual Conference Cabinet']",bf76765a3bcbb3f4,Warsaw,"Warsaw is located on two main geomorphologic formations: the plain moraine plateau and the Vistula Valley with its asymmetrical pattern of different terraces. The Vistula River is the specific axis of Warsaw, which divides the city into two parts, left and right. The left one is situated both on the moraine plateau (10 to 25 m (32.8 to 82.0 ft) above Vistula level) and on the Vistula terraces (max. 6.5 m (21.3 ft) above Vistula level). The significant element of the relief, in this part of Warsaw, is the edge of moraine plateau called Warsaw Escarpment. It is 20 to 25 m (65.6 to 82.0 ft) high in the Old Town and Central district and about 10 m (32.8 ft) in the north and south of Warsaw. It goes through the city and plays an important role as a landmark.",IRRELEVANT,True,True,True
5730d3adaca1c71400fe5af5__5730d3adaca1c71400fe5af6,B,5730d3adaca1c71400fe5af6,All clergy appointments are made for how long?,"['one year at a time', 'one year at a time,', 'one year']",bf76765a3bcbb3f4,Warsaw,"Warsaw is located on two main geomorphologic formations: the plain moraine plateau and the Vistula Valley with its asymmetrical pattern of different terraces. The Vistula River is the specific axis of Warsaw, which divides the city into two parts, left and right. The left one is situated both on the moraine plateau (10 to 25 m (32.8 to 82.0 ft) above Vistula level) and on the Vistula terraces (max. 6.5 m (21.3 ft) above Vistula level). The significant element of the relief, in this part of Warsaw, is the edge of moraine plateau called Warsaw Escarpment. It is 20 to 25 m (65.6 to 82.0 ft) high in the Old Town and Central district and about 10 m (32.8 ft) in the north and south of Warsaw. It goes through the city and plays an important role as a landmark.",IRRELEVANT,True,True,True
5730d3adaca1c71400fe5af5__5730d3adaca1c71400fe5af6,A,5730d3adaca1c71400fe5af5,What is composed of the Area Provost/Dean ad the several District Superintendents of the Districts in the Annual Conference?,"['Annual Conference Cabinet', 'All clergy appointments a', 'the Annual Conference Cabinet']",919235ba6c22297c,"Jacksonville,_Florida","During Reconstruction and the Gilded Age, Jacksonville and nearby St. Augustine became popular winter resorts for the rich and famous. Visitors arrived by steamboat and later by railroad. President Grover Cleveland attended the Sub-Tropical Exposition in the city on February 22, 1888 during his trip to Florida. This highlighted the visibility of the state as a worthy place for tourism. The city's tourism, however, was dealt major blows in the late 19th century by yellow fever outbreaks. In addition, extension of the Florida East Coast Railway further south drew visitors to other areas. From 1893 to 1938 Jacksonville was the site of the Florida Old Confederate Soldiers and Sailors Home with a nearby cemetery.",IRRELEVANT,True,True,True
5730d3adaca1c71400fe5af5__5730d3adaca1c71400fe5af6,B,5730d3adaca1c71400fe5af6,All clergy appointments are made for how long?,"['one year at a time', 'one year at a time,', 'one year']",919235ba6c22297c,"Jacksonville,_Florida","During Reconstruction and the Gilded Age, Jacksonville and nearby St. Augustine became popular winter resorts for the rich and famous. Visitors arrived by steamboat and later by railroad. President Grover Cleveland attended the Sub-Tropical Exposition in the city on February 22, 1888 during his trip to Florida. This highlighted the visibility of the state as a worthy place for tourism. The city's tourism, however, was dealt major blows in the late 19th century by yellow fever outbreaks. In addition, extension of the Florida East Coast Railway further south drew visitors to other areas. From 1893 to 1938 Jacksonville was the site of the Florida Old Confederate Soldiers and Sailors Home with a nearby cemetery.",IRRELEVANT,True,True,True
5730d3adaca1c71400fe5af5__5730d3adaca1c71400fe5af6,A,5730d3adaca1c71400fe5af5,What is composed of the Area Provost/Dean ad the several District Superintendents of the Districts in the Annual Conference?,"['Annual Conference Cabinet', 'All clergy appointments a', 'the Annual Conference Cabinet']",cf2c941b5825ab14,Genghis_Khan,"Genghis Khan realised that he needed people who could govern cities and states conquered by him. He also realised that such administrators could not be found among his Mongol people because they were nomads and thus had no experience governing cities. For this purpose Genghis Khan invited a Khitan prince, Chu'Tsai, who worked for the Jin and had been captured by the Mongol army after the Jin dynasty was defeated. Jin had captured power by displacing Khitan. Genghis told Chu'Tsai, who was a lineal descendant of Khitan rulers, that he had avenged Chu'Tsai's forefathers. Chu'Tsai responded that his father served the Jin dynasty honestly and so did he; also he did not consider his own father his enemy, so the question of revenge did not apply. This reply impressed Genghis Khan. Chu'Tsai administered parts of the Mongol Empire and became a confidant of the successive Mongol Khans.",IRRELEVANT,True,True,True
5730d3adaca1c71400fe5af5__5730d3adaca1c71400fe5af6,B,5730d3adaca1c71400fe5af6,All clergy appointments are made for how long?,"['one year at a time', 'one year at a time,', 'one year']",cf2c941b5825ab14,Genghis_Khan,"Genghis Khan realised that he needed people who could govern cities and states conquered by him. He also realised that such administrators could not be found among his Mongol people because they were nomads and thus had no experience governing cities. For this purpose Genghis Khan invited a Khitan prince, Chu'Tsai, who worked for the Jin and had been captured by the Mongol army after the Jin dynasty was defeated. Jin had captured power by displacing Khitan. Genghis told Chu'Tsai, who was a lineal descendant of Khitan rulers, that he had avenged Chu'Tsai's forefathers. Chu'Tsai responded that his father served the Jin dynasty honestly and so did he; also he did not consider his own father his enemy, so the question of revenge did not apply. This reply impressed Genghis Khan. Chu'Tsai administered parts of the Mongol Empire and became a confidant of the successive Mongol Khans.",IRRELEVANT,True,True,True
5730d3adaca1c71400fe5af5__5730d3adaca1c71400fe5af6,A,5730d3adaca1c71400fe5af5,What is composed of the Area Provost/Dean ad the several District Superintendents of the Districts in the Annual Conference?,"['Annual Conference Cabinet', 'All clergy appointments a', 'the Annual Conference Cabinet']",9323aa77e16442a4,University_of_Chicago,"Founded by the American Baptist Education Society with a donation from oil magnate and wealthiest man in history John D. Rockefeller, the University of Chicago was incorporated in 1890; William Rainey Harper became the university's first president in 1891, and the first classes were held in 1892. Both Harper and future president Robert Maynard Hutchins advocated for Chicago's curriculum to be based upon theoretical and perennial issues rather than on applied sciences and commercial utility. With Harper's vision in mind, the University of Chicago also became one of the 14 founding members of the Association of American Universities, an international organization of leading research universities, in 1900.",IRRELEVANT,True,True,True
5730d3adaca1c71400fe5af5__5730d3adaca1c71400fe5af6,B,5730d3adaca1c71400fe5af6,All clergy appointments are made for how long?,"['one year at a time', 'one year at a time,', 'one year']",9323aa77e16442a4,University_of_Chicago,"Founded by the American Baptist Education Society with a donation from oil magnate and wealthiest man in history John D. Rockefeller, the University of Chicago was incorporated in 1890; William Rainey Harper became the university's first president in 1891, and the first classes were held in 1892. Both Harper and future president Robert Maynard Hutchins advocated for Chicago's curriculum to be based upon theoretical and perennial issues rather than on applied sciences and commercial utility. With Harper's vision in mind, the University of Chicago also became one of the 14 founding members of the Association of American Universities, an international organization of leading research universities, in 1900.",IRRELEVANT,True,True,True
5730d3adaca1c71400fe5af5__5730d3adaca1c71400fe5af6,A,5730d3adaca1c71400fe5af5,What is composed of the Area Provost/Dean ad the several District Superintendents of the Districts in the Annual Conference?,"['Annual Conference Cabinet', 'All clergy appointments a', 'the Annual Conference Cabinet']",9821d0c94f407e26,Islamism,"Islamism, also known as Political Islam (Arabic: إسلام سياسي‎ islām siyāsī), is an Islamic revival movement often characterized by moral conservatism, literalism, and the attempt ""to implement Islamic values in all spheres of life."" Islamism favors the reordering of government and society in accordance with the Shari'a. The different Islamist movements have been described as ""oscillating between two poles"": at one end is a strategy of Islamization of society through state power seized by revolution or invasion; at the other ""reformist"" pole Islamists work to Islamize society gradually ""from the bottom up"". The movements have ""arguably altered the Middle East more than any trend since the modern states gained independence"", redefining ""politics and even borders"" according to one journalist (Robin Wright).",IRRELEVANT,True,True,True
5730d3adaca1c71400fe5af5__5730d3adaca1c71400fe5af6,B,5730d3adaca1c71400fe5af6,All clergy appointments are made for how long?,"['one year at a time', 'one year at a time,', 'one year']",9821d0c94f407e26,Islamism,"Islamism, also known as Political Islam (Arabic: إسلام سياسي‎ islām siyāsī), is an Islamic revival movement often characterized by moral conservatism, literalism, and the attempt ""to implement Islamic values in all spheres of life."" Islamism favors the reordering of government and society in accordance with the Shari'a. The different Islamist movements have been described as ""oscillating between two poles"": at one end is a strategy of Islamization of society through state power seized by revolution or invasion; at the other ""reformist"" pole Islamists work to Islamize society gradually ""from the bottom up"". The movements have ""arguably altered the Middle East more than any trend since the modern states gained independence"", redefining ""politics and even borders"" according to one journalist (Robin Wright).",IRRELEVANT,True,True,True
5730d3adaca1c71400fe5af5__5730d3adaca1c71400fe5af6,A,5730d3adaca1c71400fe5af5,What is composed of the Area Provost/Dean ad the several District Superintendents of the Districts in the Annual Conference?,"['Annual Conference Cabinet', 'All clergy appointments a', 'the Annual Conference Cabinet']",96c954021714a1e6,Warsaw,"The mayor of Warsaw is called President. Generally, in Poland, the mayors of bigger cities are called presidents – i.e. such cities, which have over 100,000 people or these, where already was president before 1990. The first Warsaw President was Jan Andrzej Menich (1695–1696). Between 1975 and 1990 the Warsaw Presidents was simultaneously the Warsaw Voivode. Since 1990 the President of Warsaw had been elected by the City council. In the years of 1994–1999 the mayor of the district Centrum automatically was designated as the President of Warsaw: the mayor of Centrum was elected by the district council of Centrum and the council was elected only by the Centrum residents. Since 2002 the President of Warsaw is elected by all of the citizens of Warsaw.",IRRELEVANT,True,True,True
5730d3adaca1c71400fe5af5__5730d3adaca1c71400fe5af6,B,5730d3adaca1c71400fe5af6,All clergy appointments are made for how long?,"['one year at a time', 'one year at a time,', 'one year']",96c954021714a1e6,Warsaw,"The mayor of Warsaw is called President. Generally, in Poland, the mayors of bigger cities are called presidents – i.e. such cities, which have over 100,000 people or these, where already was president before 1990. The first Warsaw President was Jan Andrzej Menich (1695–1696). Between 1975 and 1990 the Warsaw Presidents was simultaneously the Warsaw Voivode. Since 1990 the President of Warsaw had been elected by the City council. In the years of 1994–1999 the mayor of the district Centrum automatically was designated as the President of Warsaw: the mayor of Centrum was elected by the district council of Centrum and the council was elected only by the Centrum residents. Since 2002 the President of Warsaw is elected by all of the citizens of Warsaw.",IRRELEVANT,True,True,True
57277944f1498d1400e8f90b__57277944f1498d1400e8f90c,A,57277944f1498d1400e8f90b,What ABC action series went up against NBC's variety shows in Fall 1957?,['Zorro'],1a3bfa6d8c28e3d9,Prime_number,"The property of being prime (or not) is called primality. A simple but slow method of verifying the primality of a given number n is known as trial division. It consists of testing whether n is a multiple of any integer between 2 and . Algorithms much more efficient than trial division have been devised to test the primality of large numbers. These include the Miller–Rabin primality test, which is fast but has a small probability of error, and the AKS primality test, which always produces the correct answer in polynomial time but is too slow to be practical. Particularly fast methods are available for numbers of special forms, such as Mersenne numbers. As of January 2016[update], the largest known prime number has 22,338,618 decimal digits.",IRRELEVANT,True,True,True
57277944f1498d1400e8f90b__57277944f1498d1400e8f90c,B,57277944f1498d1400e8f90c,What magazine criticized ABC's programming strategy in May 1961?,['Life'],1a3bfa6d8c28e3d9,Prime_number,"The property of being prime (or not) is called primality. A simple but slow method of verifying the primality of a given number n is known as trial division. It consists of testing whether n is a multiple of any integer between 2 and . Algorithms much more efficient than trial division have been devised to test the primality of large numbers. These include the Miller–Rabin primality test, which is fast but has a small probability of error, and the AKS primality test, which always produces the correct answer in polynomial time but is too slow to be practical. Particularly fast methods are available for numbers of special forms, such as Mersenne numbers. As of January 2016[update], the largest known prime number has 22,338,618 decimal digits.",IRRELEVANT,True,True,True
57277944f1498d1400e8f90b__57277944f1498d1400e8f90c,A,57277944f1498d1400e8f90b,What ABC action series went up against NBC's variety shows in Fall 1957?,['Zorro'],95bc7adc6705bbaf,Doctor_Who,"With the show's 2005 revival, executive producer Russell T Davies stated his intention to reintroduce classic icons of Doctor Who one step at a time: the Autons with the Nestene Consciousness and Daleks in series 1, Cybermen in series 2, the Macra and the Master in series 3, the Sontarans and Davros in series 4, and the Time Lords (Rassilon) in the 2009–10 Specials. Davies' successor, Steven Moffat, has continued the trend by reviving the Silurians in series 5, Cybermats in series 6, the Great Intelligence and the Ice Warriors in Series 7, and Zygons in the 50th Anniversary Special. Since its 2005 return, the series has also introduced new recurring aliens: Slitheen (Raxacoricofallapatorian), Ood, Judoon, Weeping Angels and the Silence.",IRRELEVANT,True,True,True
57277944f1498d1400e8f90b__57277944f1498d1400e8f90c,B,57277944f1498d1400e8f90c,What magazine criticized ABC's programming strategy in May 1961?,['Life'],95bc7adc6705bbaf,Doctor_Who,"With the show's 2005 revival, executive producer Russell T Davies stated his intention to reintroduce classic icons of Doctor Who one step at a time: the Autons with the Nestene Consciousness and Daleks in series 1, Cybermen in series 2, the Macra and the Master in series 3, the Sontarans and Davros in series 4, and the Time Lords (Rassilon) in the 2009–10 Specials. Davies' successor, Steven Moffat, has continued the trend by reviving the Silurians in series 5, Cybermats in series 6, the Great Intelligence and the Ice Warriors in Series 7, and Zygons in the 50th Anniversary Special. Since its 2005 return, the series has also introduced new recurring aliens: Slitheen (Raxacoricofallapatorian), Ood, Judoon, Weeping Angels and the Silence.",IRRELEVANT,True,True,True
57277944f1498d1400e8f90b__57277944f1498d1400e8f90c,A,57277944f1498d1400e8f90b,What ABC action series went up against NBC's variety shows in Fall 1957?,['Zorro'],5621a695e0f4cee7,Southern_California,"""Southern California"" is not a formal geographic designation, and definitions of what constitutes southern California vary. Geographically, California's north-south midway point lies at exactly 37° 9' 58.23"" latitude, around 11 miles (18 km) south of San Jose; however, this does not coincide with popular use of the term. When the state is divided into two areas (northern and southern California), the term ""southern California"" usually refers to the ten southern-most counties of the state. This definition coincides neatly with the county lines at 35° 47′ 28″ north latitude, which form the northern borders of San Luis Obispo, Kern, and San Bernardino counties. Another definition for southern California uses Point Conception and the Tehachapi Mountains as the northern boundary.",IRRELEVANT,True,True,True
57277944f1498d1400e8f90b__57277944f1498d1400e8f90c,B,57277944f1498d1400e8f90c,What magazine criticized ABC's programming strategy in May 1961?,['Life'],5621a695e0f4cee7,Southern_California,"""Southern California"" is not a formal geographic designation, and definitions of what constitutes southern California vary. Geographically, California's north-south midway point lies at exactly 37° 9' 58.23"" latitude, around 11 miles (18 km) south of San Jose; however, this does not coincide with popular use of the term. When the state is divided into two areas (northern and southern California), the term ""southern California"" usually refers to the ten southern-most counties of the state. This definition coincides neatly with the county lines at 35° 47′ 28″ north latitude, which form the northern borders of San Luis Obispo, Kern, and San Bernardino counties. Another definition for southern California uses Point Conception and the Tehachapi Mountains as the northern boundary.",IRRELEVANT,True,True,True
57277944f1498d1400e8f90b__57277944f1498d1400e8f90c,A,57277944f1498d1400e8f90b,What ABC action series went up against NBC's variety shows in Fall 1957?,['Zorro'],0392a2097b98d54c,Prime_number,"A third type of conjectures concerns aspects of the distribution of primes. It is conjectured that there are infinitely many twin primes, pairs of primes with difference 2 (twin prime conjecture). Polignac's conjecture is a strengthening of that conjecture, it states that for every positive integer n, there are infinitely many pairs of consecutive primes that differ by 2n. It is conjectured there are infinitely many primes of the form n2 + 1. These conjectures are special cases of the broad Schinzel's hypothesis H. Brocard's conjecture says that there are always at least four primes between the squares of consecutive primes greater than 2. Legendre's conjecture states that there is a prime number between n2 and (n + 1)2 for every positive integer n. It is implied by the stronger Cramér's conjecture.",IRRELEVANT,True,True,True
57277944f1498d1400e8f90b__57277944f1498d1400e8f90c,B,57277944f1498d1400e8f90c,What magazine criticized ABC's programming strategy in May 1961?,['Life'],0392a2097b98d54c,Prime_number,"A third type of conjectures concerns aspects of the distribution of primes. It is conjectured that there are infinitely many twin primes, pairs of primes with difference 2 (twin prime conjecture). Polignac's conjecture is a strengthening of that conjecture, it states that for every positive integer n, there are infinitely many pairs of consecutive primes that differ by 2n. It is conjectured there are infinitely many primes of the form n2 + 1. These conjectures are special cases of the broad Schinzel's hypothesis H. Brocard's conjecture says that there are always at least four primes between the squares of consecutive primes greater than 2. Legendre's conjecture states that there is a prime number between n2 and (n + 1)2 for every positive integer n. It is implied by the stronger Cramér's conjecture.",IRRELEVANT,True,True,True
57277944f1498d1400e8f90b__57277944f1498d1400e8f90c,A,57277944f1498d1400e8f90b,What ABC action series went up against NBC's variety shows in Fall 1957?,['Zorro'],7e10eb51dc7462f5,Islamism,"Egyptian President Anwar Sadat – whose policies included opening Egypt to Western investment (infitah); transferring Egypt's allegiance from the Soviet Union to the United States; and making peace with Israel – released Islamists from prison and welcomed home exiles in tacit exchange for political support in his struggle against leftists. His ""encouraging of the emergence of the Islamist movement"" was said to have been ""imitated by many other Muslim leaders in the years that followed."" This ""gentlemen's agreement"" between Sadat and Islamists broke down in 1975 but not before Islamists came to completely dominate university student unions. Sadat was later assassinated and a formidable insurgency was formed in Egypt in the 1990s. The French government has also been reported to have promoted Islamist preachers ""in the hope of channeling Muslim energies into zones of piety and charity.""",IRRELEVANT,True,True,True
57277944f1498d1400e8f90b__57277944f1498d1400e8f90c,B,57277944f1498d1400e8f90c,What magazine criticized ABC's programming strategy in May 1961?,['Life'],7e10eb51dc7462f5,Islamism,"Egyptian President Anwar Sadat – whose policies included opening Egypt to Western investment (infitah); transferring Egypt's allegiance from the Soviet Union to the United States; and making peace with Israel – released Islamists from prison and welcomed home exiles in tacit exchange for political support in his struggle against leftists. His ""encouraging of the emergence of the Islamist movement"" was said to have been ""imitated by many other Muslim leaders in the years that followed."" This ""gentlemen's agreement"" between Sadat and Islamists broke down in 1975 but not before Islamists came to completely dominate university student unions. Sadat was later assassinated and a formidable insurgency was formed in Egypt in the 1990s. The French government has also been reported to have promoted Islamist preachers ""in the hope of channeling Muslim energies into zones of piety and charity.""",IRRELEVANT,True,True,True
57277944f1498d1400e8f90b__57277944f1498d1400e8f90c,A,57277944f1498d1400e8f90b,What ABC action series went up against NBC's variety shows in Fall 1957?,['Zorro'],0a51b8de1f62f0d4,Kenya,"A consortium led by the International Crops Research Institute for the Semi-Arid Tropics (ICRISAT) has had some success in helping farmers grow new pigeon pea varieties, instead of maize, in particularly dry areas. Pigeon peas are very drought resistant, so can be grown in areas with less than 650 mm annual rainfall. Successive projects encouraged the commercialisation of legumes, by stimulating the growth of local seed production and agro-dealer networks for distribution and marketing. This work, which included linking producers to wholesalers, helped to increase local producer prices by 20–25% in Nairobi and Mombasa. The commercialisation of the pigeon pea is now enabling some farmers to buy assets, ranging from mobile phones to productive land and livestock, and is opening pathways for them to move out of poverty.",IRRELEVANT,True,True,True
57277944f1498d1400e8f90b__57277944f1498d1400e8f90c,B,57277944f1498d1400e8f90c,What magazine criticized ABC's programming strategy in May 1961?,['Life'],0a51b8de1f62f0d4,Kenya,"A consortium led by the International Crops Research Institute for the Semi-Arid Tropics (ICRISAT) has had some success in helping farmers grow new pigeon pea varieties, instead of maize, in particularly dry areas. Pigeon peas are very drought resistant, so can be grown in areas with less than 650 mm annual rainfall. Successive projects encouraged the commercialisation of legumes, by stimulating the growth of local seed production and agro-dealer networks for distribution and marketing. This work, which included linking producers to wholesalers, helped to increase local producer prices by 20–25% in Nairobi and Mombasa. The commercialisation of the pigeon pea is now enabling some farmers to buy assets, ranging from mobile phones to productive land and livestock, and is opening pathways for them to move out of poverty.",IRRELEVANT,True,True,True
57277944f1498d1400e8f90b__57277944f1498d1400e8f90c,A,57277944f1498d1400e8f90b,What ABC action series went up against NBC's variety shows in Fall 1957?,['Zorro'],434e0459feea420a,Oxygen,"This combination of cancellations and σ and π overlaps results in dioxygen's double bond character and reactivity, and a triplet electronic ground state. An electron configuration with two unpaired electrons as found in dioxygen (see the filled π* orbitals in the diagram), orbitals that are of equal energy—i.e., degenerate—is a configuration termed a spin triplet state. Hence, the ground state of the O 2 molecule is referred to as triplet oxygen.[b] The highest energy, partially filled orbitals are antibonding, and so their filling weakens the bond order from three to two. Because of its unpaired electrons, triplet oxygen reacts only slowly with most organic molecules, which have paired electron spins; this prevents spontaneous combustion.",IRRELEVANT,True,True,True
57277944f1498d1400e8f90b__57277944f1498d1400e8f90c,B,57277944f1498d1400e8f90c,What magazine criticized ABC's programming strategy in May 1961?,['Life'],434e0459feea420a,Oxygen,"This combination of cancellations and σ and π overlaps results in dioxygen's double bond character and reactivity, and a triplet electronic ground state. An electron configuration with two unpaired electrons as found in dioxygen (see the filled π* orbitals in the diagram), orbitals that are of equal energy—i.e., degenerate—is a configuration termed a spin triplet state. Hence, the ground state of the O 2 molecule is referred to as triplet oxygen.[b] The highest energy, partially filled orbitals are antibonding, and so their filling weakens the bond order from three to two. Because of its unpaired electrons, triplet oxygen reacts only slowly with most organic molecules, which have paired electron spins; this prevents spontaneous combustion.",IRRELEVANT,True,True,True
57277944f1498d1400e8f90b__57277944f1498d1400e8f90c,A,57277944f1498d1400e8f90b,What ABC action series went up against NBC's variety shows in Fall 1957?,['Zorro'],2fd24747c1f66748,Steam_engine,"Steam engines frequently possess two independent mechanisms for ensuring that the pressure in the boiler does not go too high; one may be adjusted by the user, the second is typically designed as an ultimate fail-safe. Such safety valves traditionally used a simple lever to restrain a plug valve in the top of a boiler. One end of the lever carried a weight or spring that restrained the valve against steam pressure. Early valves could be adjusted by engine drivers, leading to many accidents when a driver fastened the valve down to allow greater steam pressure and more power from the engine. The more recent type of safety valve uses an adjustable spring-loaded valve, which is locked such that operators may not tamper with its adjustment unless a seal illegally is broken. This arrangement is considerably safer.[citation needed]",IRRELEVANT,True,True,True
57277944f1498d1400e8f90b__57277944f1498d1400e8f90c,B,57277944f1498d1400e8f90c,What magazine criticized ABC's programming strategy in May 1961?,['Life'],2fd24747c1f66748,Steam_engine,"Steam engines frequently possess two independent mechanisms for ensuring that the pressure in the boiler does not go too high; one may be adjusted by the user, the second is typically designed as an ultimate fail-safe. Such safety valves traditionally used a simple lever to restrain a plug valve in the top of a boiler. One end of the lever carried a weight or spring that restrained the valve against steam pressure. Early valves could be adjusted by engine drivers, leading to many accidents when a driver fastened the valve down to allow greater steam pressure and more power from the engine. The more recent type of safety valve uses an adjustable spring-loaded valve, which is locked such that operators may not tamper with its adjustment unless a seal illegally is broken. This arrangement is considerably safer.[citation needed]",IRRELEVANT,True,True,True
57277944f1498d1400e8f90b__57277944f1498d1400e8f90c,A,57277944f1498d1400e8f90b,What ABC action series went up against NBC's variety shows in Fall 1957?,['Zorro'],4e29e864fdfd291b,Amazon_rainforest,"Terra preta (black earth), which is distributed over large areas in the Amazon forest, is now widely accepted as a product of indigenous soil management. The development of this fertile soil allowed agriculture and silviculture in the previously hostile environment; meaning that large portions of the Amazon rainforest are probably the result of centuries of human management, rather than naturally occurring as has previously been supposed. In the region of the Xingu tribe, remains of some of these large settlements in the middle of the Amazon forest were found in 2003 by Michael Heckenberger and colleagues of the University of Florida. Among those were evidence of roads, bridges and large plazas.",IRRELEVANT,True,True,True
57277944f1498d1400e8f90b__57277944f1498d1400e8f90c,B,57277944f1498d1400e8f90c,What magazine criticized ABC's programming strategy in May 1961?,['Life'],4e29e864fdfd291b,Amazon_rainforest,"Terra preta (black earth), which is distributed over large areas in the Amazon forest, is now widely accepted as a product of indigenous soil management. The development of this fertile soil allowed agriculture and silviculture in the previously hostile environment; meaning that large portions of the Amazon rainforest are probably the result of centuries of human management, rather than naturally occurring as has previously been supposed. In the region of the Xingu tribe, remains of some of these large settlements in the middle of the Amazon forest were found in 2003 by Michael Heckenberger and colleagues of the University of Florida. Among those were evidence of roads, bridges and large plazas.",IRRELEVANT,True,True,True
57277944f1498d1400e8f90b__57277944f1498d1400e8f90c,A,57277944f1498d1400e8f90b,What ABC action series went up against NBC's variety shows in Fall 1957?,['Zorro'],bbd3647831962c35,Genghis_Khan,"The city of Bukhara was not heavily fortified, with a moat and a single wall, and the citadel typical of Khwarezmi cities. The city leaders opened the gates to the Mongols, though a unit of Turkish defenders held the city's citadel for another twelve days. Survivors from the citadel were executed, artisans and craftsmen were sent back to Mongolia, young men who had not fought were drafted into the Mongolian army and the rest of the population was sent into slavery. As the Mongol soldiers looted the city, a fire broke out, razing most of the city to the ground. Genghis Khan had the city's surviving population assemble in the main mosque of the town, where he declared that he was the flail of God, sent to punish them for their sins.",IRRELEVANT,True,True,True
57277944f1498d1400e8f90b__57277944f1498d1400e8f90c,B,57277944f1498d1400e8f90c,What magazine criticized ABC's programming strategy in May 1961?,['Life'],bbd3647831962c35,Genghis_Khan,"The city of Bukhara was not heavily fortified, with a moat and a single wall, and the citadel typical of Khwarezmi cities. The city leaders opened the gates to the Mongols, though a unit of Turkish defenders held the city's citadel for another twelve days. Survivors from the citadel were executed, artisans and craftsmen were sent back to Mongolia, young men who had not fought were drafted into the Mongolian army and the rest of the population was sent into slavery. As the Mongol soldiers looted the city, a fire broke out, razing most of the city to the ground. Genghis Khan had the city's surviving population assemble in the main mosque of the town, where he declared that he was the flail of God, sent to punish them for their sins.",IRRELEVANT,True,True,True
57277944f1498d1400e8f90b__57277944f1498d1400e8f90c,A,57277944f1498d1400e8f90b,What ABC action series went up against NBC's variety shows in Fall 1957?,['Zorro'],8c238e89447c3cf2,Economic_inequality,"A number of researchers (David Rodda, Jacob Vigdor, and Janna Matlack), argue that a shortage of affordable housing – at least in the US – is caused in part by income inequality. David Rodda noted that from 1984 and 1991, the number of quality rental units decreased as the demand for higher quality housing increased (Rhoda 1994:148). Through gentrification of older neighbourhoods, for example, in East New York, rental prices increased rapidly as landlords found new residents willing to pay higher market rate for housing and left lower income families without rental units. The ad valorem property tax policy combined with rising prices made it difficult or impossible for low income residents to keep pace.",IRRELEVANT,True,True,True
57277944f1498d1400e8f90b__57277944f1498d1400e8f90c,B,57277944f1498d1400e8f90c,What magazine criticized ABC's programming strategy in May 1961?,['Life'],8c238e89447c3cf2,Economic_inequality,"A number of researchers (David Rodda, Jacob Vigdor, and Janna Matlack), argue that a shortage of affordable housing – at least in the US – is caused in part by income inequality. David Rodda noted that from 1984 and 1991, the number of quality rental units decreased as the demand for higher quality housing increased (Rhoda 1994:148). Through gentrification of older neighbourhoods, for example, in East New York, rental prices increased rapidly as landlords found new residents willing to pay higher market rate for housing and left lower income families without rental units. The ad valorem property tax policy combined with rising prices made it difficult or impossible for low income residents to keep pace.",IRRELEVANT,True,True,True
57277944f1498d1400e8f90b__57277944f1498d1400e8f90c,A,57277944f1498d1400e8f90b,What ABC action series went up against NBC's variety shows in Fall 1957?,['Zorro'],181d9049457f9019,Rhine,"The flow of cold, gray mountain water continues for some distance into the lake. The cold water flows near the surface and at first doesn't mix with the warmer, green waters of Upper Lake. But then, at the so-called Rheinbrech, the Rhine water abruptly falls into the depths because of the greater density of cold water. The flow reappears on the surface at the northern (German) shore of the lake, off the island of Lindau. The water then follows the northern shore until Hagnau am Bodensee. A small fraction of the flow is diverted off the island of Mainau into Lake Überlingen. Most of the water flows via the Constance hopper into the Rheinrinne (""Rhine Gutter"") and Seerhein. Depending on the water level, this flow of the Rhine water is clearly visible along the entire length of the lake.",IRRELEVANT,True,True,True
57277944f1498d1400e8f90b__57277944f1498d1400e8f90c,B,57277944f1498d1400e8f90c,What magazine criticized ABC's programming strategy in May 1961?,['Life'],181d9049457f9019,Rhine,"The flow of cold, gray mountain water continues for some distance into the lake. The cold water flows near the surface and at first doesn't mix with the warmer, green waters of Upper Lake. But then, at the so-called Rheinbrech, the Rhine water abruptly falls into the depths because of the greater density of cold water. The flow reappears on the surface at the northern (German) shore of the lake, off the island of Lindau. The water then follows the northern shore until Hagnau am Bodensee. A small fraction of the flow is diverted off the island of Mainau into Lake Überlingen. Most of the water flows via the Constance hopper into the Rheinrinne (""Rhine Gutter"") and Seerhein. Depending on the water level, this flow of the Rhine water is clearly visible along the entire length of the lake.",IRRELEVANT,True,True,True
57277944f1498d1400e8f90b__57277944f1498d1400e8f90c,A,57277944f1498d1400e8f90b,What ABC action series went up against NBC's variety shows in Fall 1957?,['Zorro'],a04348495e1d5c9d,Scottish_Parliament,"Reserved matters are subjects that are outside the legislative competence of the Scotland Parliament. The Scottish Parliament is unable to legislate on such issues that are reserved to, and dealt with at, Westminster (and where Ministerial functions usually lie with UK Government ministers). These include abortion, broadcasting policy, civil service, common markets for UK goods and services, constitution, electricity, coal, oil, gas, nuclear energy, defence and national security, drug policy, employment, foreign policy and relations with Europe, most aspects of transport safety and regulation, National Lottery, protection of borders, social security and stability of UK's fiscal, economic and monetary system.",IRRELEVANT,True,True,True
57277944f1498d1400e8f90b__57277944f1498d1400e8f90c,B,57277944f1498d1400e8f90c,What magazine criticized ABC's programming strategy in May 1961?,['Life'],a04348495e1d5c9d,Scottish_Parliament,"Reserved matters are subjects that are outside the legislative competence of the Scotland Parliament. The Scottish Parliament is unable to legislate on such issues that are reserved to, and dealt with at, Westminster (and where Ministerial functions usually lie with UK Government ministers). These include abortion, broadcasting policy, civil service, common markets for UK goods and services, constitution, electricity, coal, oil, gas, nuclear energy, defence and national security, drug policy, employment, foreign policy and relations with Europe, most aspects of transport safety and regulation, National Lottery, protection of borders, social security and stability of UK's fiscal, economic and monetary system.",IRRELEVANT,True,True,True
57277944f1498d1400e8f90b__57277944f1498d1400e8f90c,A,57277944f1498d1400e8f90b,What ABC action series went up against NBC's variety shows in Fall 1957?,['Zorro'],6454f6b91c0c6875,United_Methodist_Church,"The United Methodist Church, along with other Methodist churches, condemns capital punishment, saying that it cannot accept retribution or social vengeance as a reason for taking human life. The Church also holds that the death penalty falls unfairly and unequally upon marginalized persons including the poor, the uneducated, ethnic and religious minorities, and persons with mental and emotional illnesses. The United Methodist Church also believes that Jesus explicitly repudiated the lex talionis in Matthew 5:38-39 and abolished the death penalty in John 8:7. The General Conference of the United Methodist Church calls for its bishops to uphold opposition to capital punishment and for governments to enact an immediate moratorium on carrying out the death penalty sentence.",IRRELEVANT,True,True,True
57277944f1498d1400e8f90b__57277944f1498d1400e8f90c,B,57277944f1498d1400e8f90c,What magazine criticized ABC's programming strategy in May 1961?,['Life'],6454f6b91c0c6875,United_Methodist_Church,"The United Methodist Church, along with other Methodist churches, condemns capital punishment, saying that it cannot accept retribution or social vengeance as a reason for taking human life. The Church also holds that the death penalty falls unfairly and unequally upon marginalized persons including the poor, the uneducated, ethnic and religious minorities, and persons with mental and emotional illnesses. The United Methodist Church also believes that Jesus explicitly repudiated the lex talionis in Matthew 5:38-39 and abolished the death penalty in John 8:7. The General Conference of the United Methodist Church calls for its bishops to uphold opposition to capital punishment and for governments to enact an immediate moratorium on carrying out the death penalty sentence.",IRRELEVANT,True,True,True
57277944f1498d1400e8f90b__57277944f1498d1400e8f90c,A,57277944f1498d1400e8f90b,What ABC action series went up against NBC's variety shows in Fall 1957?,['Zorro'],73568a1daf7b8fcd,Genghis_Khan,"Contrary to popular belief, Genghis Khan did not conquer all the areas ultimately part of the Mongol Empire. At the time of his death, the Mongol Empire stretched from the Caspian Sea to the Sea of Japan. The empire's expansion continued for a generation or more after Genghis's death in 1227. Under Genghis's successor Ögedei Khan the speed of expansion reached its peak. Mongol armies pushed into Persia, finished off the Western Xia and the remnants of the Khwarezmids, and came into conflict with the imperial Song dynasty of China, starting a war that lasted until 1279 and that concluded with the Mongols gaining control of all of China. They also pushed further into Russia and eastern Europe.",IRRELEVANT,True,True,True
57277944f1498d1400e8f90b__57277944f1498d1400e8f90c,B,57277944f1498d1400e8f90c,What magazine criticized ABC's programming strategy in May 1961?,['Life'],73568a1daf7b8fcd,Genghis_Khan,"Contrary to popular belief, Genghis Khan did not conquer all the areas ultimately part of the Mongol Empire. At the time of his death, the Mongol Empire stretched from the Caspian Sea to the Sea of Japan. The empire's expansion continued for a generation or more after Genghis's death in 1227. Under Genghis's successor Ögedei Khan the speed of expansion reached its peak. Mongol armies pushed into Persia, finished off the Western Xia and the remnants of the Khwarezmids, and came into conflict with the imperial Song dynasty of China, starting a war that lasted until 1279 and that concluded with the Mongols gaining control of all of China. They also pushed further into Russia and eastern Europe.",IRRELEVANT,True,True,True
57277944f1498d1400e8f90b__57277944f1498d1400e8f90c,A,57277944f1498d1400e8f90b,What ABC action series went up against NBC's variety shows in Fall 1957?,['Zorro'],73afbad581995770,Steam_engine,"The history of the steam engine stretches back as far as the first century AD; the first recorded rudimentary steam engine being the aeolipile described by Greek mathematician Hero of Alexandria. In the following centuries, the few steam-powered ""engines"" known were, like the aeolipile, essentially experimental devices used by inventors to demonstrate the properties of steam. A rudimentary steam turbine device was described by Taqi al-Din in 1551 and by Giovanni Branca in 1629. Jerónimo de Ayanz y Beaumont received patents in 1606 for fifty steam powered inventions, including a water pump for draining inundated mines. Denis Papin, a Huguenot refugee, did some useful work on the steam digester in 1679, and first used a piston to raise weights in 1690.",IRRELEVANT,True,True,True
57277944f1498d1400e8f90b__57277944f1498d1400e8f90c,B,57277944f1498d1400e8f90c,What magazine criticized ABC's programming strategy in May 1961?,['Life'],73afbad581995770,Steam_engine,"The history of the steam engine stretches back as far as the first century AD; the first recorded rudimentary steam engine being the aeolipile described by Greek mathematician Hero of Alexandria. In the following centuries, the few steam-powered ""engines"" known were, like the aeolipile, essentially experimental devices used by inventors to demonstrate the properties of steam. A rudimentary steam turbine device was described by Taqi al-Din in 1551 and by Giovanni Branca in 1629. Jerónimo de Ayanz y Beaumont received patents in 1606 for fifty steam powered inventions, including a water pump for draining inundated mines. Denis Papin, a Huguenot refugee, did some useful work on the steam digester in 1679, and first used a piston to raise weights in 1690.",IRRELEVANT,True,True,True
57277944f1498d1400e8f90b__57277944f1498d1400e8f90c,A,57277944f1498d1400e8f90b,What ABC action series went up against NBC's variety shows in Fall 1957?,['Zorro'],19080652b49baa4a,Super_Bowl_50,"For the third straight season, the number one seeds from both conferences met in the Super Bowl. The Carolina Panthers became one of only ten teams to have completed a regular season with only one loss, and one of only six teams to have acquired a 15–1 record, while the Denver Broncos became one of four teams to have made eight appearances in the Super Bowl. The Broncos made their second Super Bowl appearance in three years, having reached Super Bowl XLVIII, while the Panthers made their second Super Bowl appearance in franchise history, their other appearance being Super Bowl XXXVIII. Coincidentally, both teams were coached by John Fox in their last Super Bowl appearance prior to Super Bowl 50.",IRRELEVANT,True,True,True
57277944f1498d1400e8f90b__57277944f1498d1400e8f90c,B,57277944f1498d1400e8f90c,What magazine criticized ABC's programming strategy in May 1961?,['Life'],19080652b49baa4a,Super_Bowl_50,"For the third straight season, the number one seeds from both conferences met in the Super Bowl. The Carolina Panthers became one of only ten teams to have completed a regular season with only one loss, and one of only six teams to have acquired a 15–1 record, while the Denver Broncos became one of four teams to have made eight appearances in the Super Bowl. The Broncos made their second Super Bowl appearance in three years, having reached Super Bowl XLVIII, while the Panthers made their second Super Bowl appearance in franchise history, their other appearance being Super Bowl XXXVIII. Coincidentally, both teams were coached by John Fox in their last Super Bowl appearance prior to Super Bowl 50.",IRRELEVANT,True,True,True
57277944f1498d1400e8f90b__57277944f1498d1400e8f90c,A,57277944f1498d1400e8f90b,What ABC action series went up against NBC's variety shows in Fall 1957?,['Zorro'],17204d302a7a5587,"Fresno,_California","This vibrant and culturally diverse area of retail businesses and residences experienced a renewal after a significant decline in the late 1960s and 1970s.[citation needed] After decades of neglect and suburban flight, the neighborhood revival followed the re-opening of the Tower Theatre in the late 1970s, which at that time showed second and third run movies, along with classic films. Roger Rocka's Dinner Theater & Good Company Players also opened nearby in 1978,[citation needed] at Olive and Wishon Avenues. Fresno native Audra McDonald performed in the leading roles of Evita and The Wiz at the theater while she was a high school student. McDonald subsequently became a leading performer on Broadway in New York City and a Tony award winning actress. Also in the Tower District is Good Company Players' 2nd Space Theatre.",IRRELEVANT,True,True,True
57277944f1498d1400e8f90b__57277944f1498d1400e8f90c,B,57277944f1498d1400e8f90c,What magazine criticized ABC's programming strategy in May 1961?,['Life'],17204d302a7a5587,"Fresno,_California","This vibrant and culturally diverse area of retail businesses and residences experienced a renewal after a significant decline in the late 1960s and 1970s.[citation needed] After decades of neglect and suburban flight, the neighborhood revival followed the re-opening of the Tower Theatre in the late 1970s, which at that time showed second and third run movies, along with classic films. Roger Rocka's Dinner Theater & Good Company Players also opened nearby in 1978,[citation needed] at Olive and Wishon Avenues. Fresno native Audra McDonald performed in the leading roles of Evita and The Wiz at the theater while she was a high school student. McDonald subsequently became a leading performer on Broadway in New York City and a Tony award winning actress. Also in the Tower District is Good Company Players' 2nd Space Theatre.",IRRELEVANT,True,True,True
57277944f1498d1400e8f90b__57277944f1498d1400e8f90c,A,57277944f1498d1400e8f90b,What ABC action series went up against NBC's variety shows in Fall 1957?,['Zorro'],9e25149e190dbb13,Doctor_Who,"A wide selection of serials are available from BBC Video on DVD, on sale in the United Kingdom, Australia, Canada and the United States. Every fully extant serial has been released on VHS, and BBC Worldwide continues to regularly release serials on DVD. The 2005 series is also available in its entirety on UMD for the PlayStation Portable. Eight original series serials have been released on Laserdisc and many have also been released on Betamax tape and Video 2000. One episode of Doctor Who (The Infinite Quest) was released on VCD. Only the series from 2009 onwards are available on Blu-ray, except for the 1970 story Spearhead from Space, released in July 2013. Many early releases have been re-released as special editions, with more bonus features.",IRRELEVANT,True,True,True
57277944f1498d1400e8f90b__57277944f1498d1400e8f90c,B,57277944f1498d1400e8f90c,What magazine criticized ABC's programming strategy in May 1961?,['Life'],9e25149e190dbb13,Doctor_Who,"A wide selection of serials are available from BBC Video on DVD, on sale in the United Kingdom, Australia, Canada and the United States. Every fully extant serial has been released on VHS, and BBC Worldwide continues to regularly release serials on DVD. The 2005 series is also available in its entirety on UMD for the PlayStation Portable. Eight original series serials have been released on Laserdisc and many have also been released on Betamax tape and Video 2000. One episode of Doctor Who (The Infinite Quest) was released on VCD. Only the series from 2009 onwards are available on Blu-ray, except for the 1970 story Spearhead from Space, released in July 2013. Many early releases have been re-released as special editions, with more bonus features.",IRRELEVANT,True,True,True
57277944f1498d1400e8f90b__57277944f1498d1400e8f90c,A,57277944f1498d1400e8f90b,What ABC action series went up against NBC's variety shows in Fall 1957?,['Zorro'],b7d3b019e8124bbe,Victoria_and_Albert_Museum,"The main gallery was redesigned in 1994, the glass balustrade on the staircase and mezzanine are the work of Danny Lane, the gallery covering contemporary glass opened in 2004 and the sacred silver and stained-glass gallery in 2005. In this latter gallery stained glass is displayed alongside silverware starting in the 12th century and continuing to the present. Some of the most outstanding stained glass, dated 1243–48 comes from the Sainte-Chapelle, is displayed along with other examples in the new Medieval & Renaissance galleries. The important 13th-century glass beaker known as the Luck of Edenhall is also displayed in these galleries. Examples of British stained glass are displayed in the British Galleries. One of the most spectacular items in the collection is the chandelier by Dale Chihuly in the rotunda at the Museum's main entrance.",IRRELEVANT,True,True,True
57277944f1498d1400e8f90b__57277944f1498d1400e8f90c,B,57277944f1498d1400e8f90c,What magazine criticized ABC's programming strategy in May 1961?,['Life'],b7d3b019e8124bbe,Victoria_and_Albert_Museum,"The main gallery was redesigned in 1994, the glass balustrade on the staircase and mezzanine are the work of Danny Lane, the gallery covering contemporary glass opened in 2004 and the sacred silver and stained-glass gallery in 2005. In this latter gallery stained glass is displayed alongside silverware starting in the 12th century and continuing to the present. Some of the most outstanding stained glass, dated 1243–48 comes from the Sainte-Chapelle, is displayed along with other examples in the new Medieval & Renaissance galleries. The important 13th-century glass beaker known as the Luck of Edenhall is also displayed in these galleries. Examples of British stained glass are displayed in the British Galleries. One of the most spectacular items in the collection is the chandelier by Dale Chihuly in the rotunda at the Museum's main entrance.",IRRELEVANT,True,True,True
57277944f1498d1400e8f90b__57277944f1498d1400e8f90c,A,57277944f1498d1400e8f90b,What ABC action series went up against NBC's variety shows in Fall 1957?,['Zorro'],be940bee7bb45d69,Steam_engine,"The final major evolution of the steam engine design was the use of steam turbines starting in the late part of the 19th century. Steam turbines are generally more efficient than reciprocating piston type steam engines (for outputs above several hundred horsepower), have fewer moving parts, and provide rotary power directly instead of through a connecting rod system or similar means. Steam turbines virtually replaced reciprocating engines in electricity generating stations early in the 20th century, where their efficiency, higher speed appropriate to generator service, and smooth rotation were advantages. Today most electric power is provided by steam turbines. In the United States 90% of the electric power is produced in this way using a variety of heat sources. Steam turbines were extensively applied for propulsion of large ships throughout most of the 20th century.",IRRELEVANT,True,True,True
57277944f1498d1400e8f90b__57277944f1498d1400e8f90c,B,57277944f1498d1400e8f90c,What magazine criticized ABC's programming strategy in May 1961?,['Life'],be940bee7bb45d69,Steam_engine,"The final major evolution of the steam engine design was the use of steam turbines starting in the late part of the 19th century. Steam turbines are generally more efficient than reciprocating piston type steam engines (for outputs above several hundred horsepower), have fewer moving parts, and provide rotary power directly instead of through a connecting rod system or similar means. Steam turbines virtually replaced reciprocating engines in electricity generating stations early in the 20th century, where their efficiency, higher speed appropriate to generator service, and smooth rotation were advantages. Today most electric power is provided by steam turbines. In the United States 90% of the electric power is produced in this way using a variety of heat sources. Steam turbines were extensively applied for propulsion of large ships throughout most of the 20th century.",IRRELEVANT,True,True,True
57277944f1498d1400e8f90b__57277944f1498d1400e8f90c,A,57277944f1498d1400e8f90b,What ABC action series went up against NBC's variety shows in Fall 1957?,['Zorro'],3509f3133ecf6ab1,United_Methodist_Church,"While many United Methodist congregations operate in the evangelical tradition, others reflect the mainline Protestant traditions. Although United Methodist practices and interpretation of beliefs have evolved over time, these practices and beliefs can be traced to the writings of the church's founders, especially John Wesley and Charles Wesley (Anglicans), but also Philip William Otterbein and Martin Boehm (United Brethren), and Jacob Albright (Evangelical Association). With the formation of The United Methodist Church in 1968, theologian Albert C. Outler led the team which systematized denominational doctrine. Outler's work proved pivotal in the work of union, and he is largely considered the first United Methodist theologian.",IRRELEVANT,True,True,True
57277944f1498d1400e8f90b__57277944f1498d1400e8f90c,B,57277944f1498d1400e8f90c,What magazine criticized ABC's programming strategy in May 1961?,['Life'],3509f3133ecf6ab1,United_Methodist_Church,"While many United Methodist congregations operate in the evangelical tradition, others reflect the mainline Protestant traditions. Although United Methodist practices and interpretation of beliefs have evolved over time, these practices and beliefs can be traced to the writings of the church's founders, especially John Wesley and Charles Wesley (Anglicans), but also Philip William Otterbein and Martin Boehm (United Brethren), and Jacob Albright (Evangelical Association). With the formation of The United Methodist Church in 1968, theologian Albert C. Outler led the team which systematized denominational doctrine. Outler's work proved pivotal in the work of union, and he is largely considered the first United Methodist theologian.",IRRELEVANT,True,True,True
57277944f1498d1400e8f90b__57277944f1498d1400e8f90c,A,57277944f1498d1400e8f90b,What ABC action series went up against NBC's variety shows in Fall 1957?,['Zorro'],2892ce1ee90d7e75,Sky_(United_Kingdom),"On 18 November 2015, Sky announced Sky Q, a range of products and services to be available in 2016. The Sky Q range consists of three set top boxes (Sky Q, Sky Q Silver and Sky Q Mini), a broadband router (Sky Q Hub) and mobile applications. The Sky Q set top boxes introduce a new user interface, Wi-Fi hotspot functionality, Power-line and Bluetooth connectivity and a new touch-sensitive remote control. The Sky Q Mini set top boxes connect to the Sky Q Silver set top boxes with a Wi-Fi or Power-line connection rather than receive their own satellite feeds. This allows all set top boxes in a household to share recordings and other media. The Sky Q Silver set top box is capable of receiving and displaying UHD broadcasts, which Sky will introduce later in 2016.",IRRELEVANT,True,True,True
57277944f1498d1400e8f90b__57277944f1498d1400e8f90c,B,57277944f1498d1400e8f90c,What magazine criticized ABC's programming strategy in May 1961?,['Life'],2892ce1ee90d7e75,Sky_(United_Kingdom),"On 18 November 2015, Sky announced Sky Q, a range of products and services to be available in 2016. The Sky Q range consists of three set top boxes (Sky Q, Sky Q Silver and Sky Q Mini), a broadband router (Sky Q Hub) and mobile applications. The Sky Q set top boxes introduce a new user interface, Wi-Fi hotspot functionality, Power-line and Bluetooth connectivity and a new touch-sensitive remote control. The Sky Q Mini set top boxes connect to the Sky Q Silver set top boxes with a Wi-Fi or Power-line connection rather than receive their own satellite feeds. This allows all set top boxes in a household to share recordings and other media. The Sky Q Silver set top box is capable of receiving and displaying UHD broadcasts, which Sky will introduce later in 2016.",IRRELEVANT,True,True,True
57277944f1498d1400e8f90b__57277944f1498d1400e8f90c,A,57277944f1498d1400e8f90b,What ABC action series went up against NBC's variety shows in Fall 1957?,['Zorro'],c46a6fc55cc64634,Newcastle_upon_Tyne,"Newcastle upon Tyne (RP: i/ˌnjuːkɑːsəl əˌpɒn ˈtaɪn/; Locally: i/njuːˌkæsəl əˌpən ˈtaɪn/), commonly known as Newcastle, is a city in Tyne and Wear, North East England, 103 miles (166 km) south of Edinburgh and 277 miles (446 km) north of London on the northern bank of the River Tyne, 8.5 mi (13.7 km) from the North Sea. Newcastle is the most populous city in the North East and Tyneside the eighth most populous conurbation in the United Kingdom. Newcastle is a member of the English Core Cities Group and is a member of the Eurocities network of European cities. Newcastle was part of the county of Northumberland until 1400, when it became a county itself, a status it retained until becoming part of Tyne and Wear in 1974.[not in citation given] The regional nickname and dialect for people from Newcastle and the surrounding area is Geordie.",IRRELEVANT,True,True,True
57277944f1498d1400e8f90b__57277944f1498d1400e8f90c,B,57277944f1498d1400e8f90c,What magazine criticized ABC's programming strategy in May 1961?,['Life'],c46a6fc55cc64634,Newcastle_upon_Tyne,"Newcastle upon Tyne (RP: i/ˌnjuːkɑːsəl əˌpɒn ˈtaɪn/; Locally: i/njuːˌkæsəl əˌpən ˈtaɪn/), commonly known as Newcastle, is a city in Tyne and Wear, North East England, 103 miles (166 km) south of Edinburgh and 277 miles (446 km) north of London on the northern bank of the River Tyne, 8.5 mi (13.7 km) from the North Sea. Newcastle is the most populous city in the North East and Tyneside the eighth most populous conurbation in the United Kingdom. Newcastle is a member of the English Core Cities Group and is a member of the Eurocities network of European cities. Newcastle was part of the county of Northumberland until 1400, when it became a county itself, a status it retained until becoming part of Tyne and Wear in 1974.[not in citation given] The regional nickname and dialect for people from Newcastle and the surrounding area is Geordie.",IRRELEVANT,True,True,True
57277944f1498d1400e8f90b__57277944f1498d1400e8f90c,A,57277944f1498d1400e8f90b,What ABC action series went up against NBC's variety shows in Fall 1957?,['Zorro'],5f0b22b306c16b96,Doctor_Who,"In addition to those actors who have headlined the series, others have portrayed versions of the Doctor in guest roles. Notably, in 2013, John Hurt guest-starred as a hitherto unknown incarnation of the Doctor known as the War Doctor in the run-up to the show's 50th anniversary special ""The Day of the Doctor"". He is shown in mini-episode ""The Night of the Doctor"" to have been retroactively inserted into the show's fictional chronology between McGann and Eccleston's Doctors, although his introduction was written so as not to disturb the established numerical naming of the Doctors. Another example is from the 1986 serial The Trial of a Time Lord, where Michael Jayston portrayed the Valeyard, who is described as an amalgamation of the darker sides of the Doctor's nature, somewhere between his twelfth and final incarnation.",IRRELEVANT,True,True,True
57277944f1498d1400e8f90b__57277944f1498d1400e8f90c,B,57277944f1498d1400e8f90c,What magazine criticized ABC's programming strategy in May 1961?,['Life'],5f0b22b306c16b96,Doctor_Who,"In addition to those actors who have headlined the series, others have portrayed versions of the Doctor in guest roles. Notably, in 2013, John Hurt guest-starred as a hitherto unknown incarnation of the Doctor known as the War Doctor in the run-up to the show's 50th anniversary special ""The Day of the Doctor"". He is shown in mini-episode ""The Night of the Doctor"" to have been retroactively inserted into the show's fictional chronology between McGann and Eccleston's Doctors, although his introduction was written so as not to disturb the established numerical naming of the Doctors. Another example is from the 1986 serial The Trial of a Time Lord, where Michael Jayston portrayed the Valeyard, who is described as an amalgamation of the darker sides of the Doctor's nature, somewhere between his twelfth and final incarnation.",IRRELEVANT,True,True,True
57277944f1498d1400e8f90b__57277944f1498d1400e8f90c,A,57277944f1498d1400e8f90b,What ABC action series went up against NBC's variety shows in Fall 1957?,['Zorro'],083e9d9d0cfbbf2b,Construction,"The project must adhere to zoning and building code requirements. Constructing a project that fails to adhere to codes does not benefit the owner. Some legal requirements come from malum in se considerations, or the desire to prevent things that are indisputably bad – bridge collapses or explosions. Other legal requirements come from malum prohibitum considerations, or things that are a matter of custom or expectation, such as isolating businesses to a business district and residences to a residential district. An attorney may seek changes or exemptions in the law that governs the land where the building will be built, either by arguing that a rule is inapplicable (the bridge design will not cause a collapse), or that the custom is no longer needed (acceptance of live-work spaces has grown in the community).",IRRELEVANT,True,True,True
57277944f1498d1400e8f90b__57277944f1498d1400e8f90c,B,57277944f1498d1400e8f90c,What magazine criticized ABC's programming strategy in May 1961?,['Life'],083e9d9d0cfbbf2b,Construction,"The project must adhere to zoning and building code requirements. Constructing a project that fails to adhere to codes does not benefit the owner. Some legal requirements come from malum in se considerations, or the desire to prevent things that are indisputably bad – bridge collapses or explosions. Other legal requirements come from malum prohibitum considerations, or things that are a matter of custom or expectation, such as isolating businesses to a business district and residences to a residential district. An attorney may seek changes or exemptions in the law that governs the land where the building will be built, either by arguing that a rule is inapplicable (the bridge design will not cause a collapse), or that the custom is no longer needed (acceptance of live-work spaces has grown in the community).",IRRELEVANT,True,True,True
57277944f1498d1400e8f90b__57277944f1498d1400e8f90c,A,57277944f1498d1400e8f90b,What ABC action series went up against NBC's variety shows in Fall 1957?,['Zorro'],9867017bbd82b6ea,Huguenot,"French Huguenots made two attempts to establish a haven in North America. In 1562, naval officer Jean Ribault led an expedition that explored Florida and the present-day Southeastern U.S., and founded the outpost of Charlesfort on Parris Island, South Carolina. The Wars of Religion precluded a return voyage, and the outpost was abandoned. In 1564, Ribault's former lieutenant René Goulaine de Laudonnière launched a second voyage to build a colony; he established Fort Caroline in what is now Jacksonville, Florida. War at home again precluded a resupply mission, and the colony struggled. In 1565 the Spanish decided to enforce their claim to La Florida, and sent Pedro Menéndez de Avilés, who established the settlement of St. Augustine near Fort Caroline. Menéndez' forces routed the French and executed most of the Protestant captives.",IRRELEVANT,True,True,True
57277944f1498d1400e8f90b__57277944f1498d1400e8f90c,B,57277944f1498d1400e8f90c,What magazine criticized ABC's programming strategy in May 1961?,['Life'],9867017bbd82b6ea,Huguenot,"French Huguenots made two attempts to establish a haven in North America. In 1562, naval officer Jean Ribault led an expedition that explored Florida and the present-day Southeastern U.S., and founded the outpost of Charlesfort on Parris Island, South Carolina. The Wars of Religion precluded a return voyage, and the outpost was abandoned. In 1564, Ribault's former lieutenant René Goulaine de Laudonnière launched a second voyage to build a colony; he established Fort Caroline in what is now Jacksonville, Florida. War at home again precluded a resupply mission, and the colony struggled. In 1565 the Spanish decided to enforce their claim to La Florida, and sent Pedro Menéndez de Avilés, who established the settlement of St. Augustine near Fort Caroline. Menéndez' forces routed the French and executed most of the Protestant captives.",IRRELEVANT,True,True,True
57277944f1498d1400e8f90b__57277944f1498d1400e8f90c,A,57277944f1498d1400e8f90b,What ABC action series went up against NBC's variety shows in Fall 1957?,['Zorro'],73270c46e6360590,University_of_Chicago,"The University of Chicago is governed by a board of trustees. The Board of Trustees oversees the long-term development and plans of the university and manages fundraising efforts, and is composed of 50 members including the university President. Directly beneath the President are the Provost, fourteen Vice Presidents (including the Chief Financial Officer, Chief Investment Officer, and Dean of Students of the university), the Directors of Argonne National Laboratory and Fermilab, the Secretary of the university, and the Student Ombudsperson. As of August 2009[update], the Chairman of the Board of Trustees is Andrew Alper, and the President of the university is Robert Zimmer. In December 2013 it was announced that the Director of Argonne National Laboratory, Eric Isaacs, would become Provost. Isaacs was replaced as Provost in March 2016 by Daniel Diermeier.",IRRELEVANT,True,True,True
57277944f1498d1400e8f90b__57277944f1498d1400e8f90c,B,57277944f1498d1400e8f90c,What magazine criticized ABC's programming strategy in May 1961?,['Life'],73270c46e6360590,University_of_Chicago,"The University of Chicago is governed by a board of trustees. The Board of Trustees oversees the long-term development and plans of the university and manages fundraising efforts, and is composed of 50 members including the university President. Directly beneath the President are the Provost, fourteen Vice Presidents (including the Chief Financial Officer, Chief Investment Officer, and Dean of Students of the university), the Directors of Argonne National Laboratory and Fermilab, the Secretary of the university, and the Student Ombudsperson. As of August 2009[update], the Chairman of the Board of Trustees is Andrew Alper, and the President of the university is Robert Zimmer. In December 2013 it was announced that the Director of Argonne National Laboratory, Eric Isaacs, would become Provost. Isaacs was replaced as Provost in March 2016 by Daniel Diermeier.",IRRELEVANT,True,True,True
57277944f1498d1400e8f90b__57277944f1498d1400e8f90c,A,57277944f1498d1400e8f90b,What ABC action series went up against NBC's variety shows in Fall 1957?,['Zorro'],12f68b405db6f4c5,Chloroplast,"Recently, chloroplasts have caught attention by developers of genetically modified crops. Since, in most flowering plants, chloroplasts are not inherited from the male parent, transgenes in these plastids cannot be disseminated by pollen. This makes plastid transformation a valuable tool for the creation and cultivation of genetically modified plants that are biologically contained, thus posing significantly lower environmental risks. This biological containment strategy is therefore suitable for establishing the coexistence of conventional and organic agriculture. While the reliability of this mechanism has not yet been studied for all relevant crop species, recent results in tobacco plants are promising, showing a failed containment rate of transplastomic plants at 3 in 1,000,000.",IRRELEVANT,True,True,True
57277944f1498d1400e8f90b__57277944f1498d1400e8f90c,B,57277944f1498d1400e8f90c,What magazine criticized ABC's programming strategy in May 1961?,['Life'],12f68b405db6f4c5,Chloroplast,"Recently, chloroplasts have caught attention by developers of genetically modified crops. Since, in most flowering plants, chloroplasts are not inherited from the male parent, transgenes in these plastids cannot be disseminated by pollen. This makes plastid transformation a valuable tool for the creation and cultivation of genetically modified plants that are biologically contained, thus posing significantly lower environmental risks. This biological containment strategy is therefore suitable for establishing the coexistence of conventional and organic agriculture. While the reliability of this mechanism has not yet been studied for all relevant crop species, recent results in tobacco plants are promising, showing a failed containment rate of transplastomic plants at 3 in 1,000,000.",IRRELEVANT,True,True,True
57277944f1498d1400e8f90b__57277944f1498d1400e8f90c,A,57277944f1498d1400e8f90b,What ABC action series went up against NBC's variety shows in Fall 1957?,['Zorro'],b3cce172dff6fc30,Apollo_program,"Based on his industry experience on Air Force missile projects, Mueller realized some skilled managers could be found among high-ranking officers in the United States Air Force, so he got Webb's permission to recruit General Samuel C. Phillips, who gained a reputation for his effective management of the Minuteman program, as OMSF program controller. Phillips' superior officer Bernard A. Schriever agreed to loan Phillips to NASA, along with a staff of officers under him, on the condition that Phillips be made Apollo Program Director. Mueller agreed, and Phillips managed Apollo from January 1964, until it achieved the first manned landing in July 1969, after which he returned to Air Force duty.",IRRELEVANT,True,True,True
57277944f1498d1400e8f90b__57277944f1498d1400e8f90c,B,57277944f1498d1400e8f90c,What magazine criticized ABC's programming strategy in May 1961?,['Life'],b3cce172dff6fc30,Apollo_program,"Based on his industry experience on Air Force missile projects, Mueller realized some skilled managers could be found among high-ranking officers in the United States Air Force, so he got Webb's permission to recruit General Samuel C. Phillips, who gained a reputation for his effective management of the Minuteman program, as OMSF program controller. Phillips' superior officer Bernard A. Schriever agreed to loan Phillips to NASA, along with a staff of officers under him, on the condition that Phillips be made Apollo Program Director. Mueller agreed, and Phillips managed Apollo from January 1964, until it achieved the first manned landing in July 1969, after which he returned to Air Force duty.",IRRELEVANT,True,True,True
