context_id,dataset,rotation_id,cond_qid,policy,budget_words,n_hidden,message_key,delivered_words,fill_ratio,truncated,attempts,message_shared_across_rotations,now_em,future_em,gap_em,ceiling_now_em,ceiling_future_em,regret_now_em,regret_future_em,retained_now_em,retained_future_em,n_ceiling_now_em,n_ceiling_future_em,now_f1,future_f1,gap_f1,ceiling_now_f1,ceiling_future_f1,regret_now_f1,regret_future_f1,retained_now_f1,retained_future_f1,n_ceiling_now_f1,n_ceiling_future_f1,now_judge_correct,future_judge_correct,gap_judge_correct,ceiling_now_judge_correct,ceiling_future_judge_correct,regret_now_judge_correct,regret_future_judge_correct,retained_now_judge_correct,retained_future_judge_correct,n_ceiling_now_judge_correct,n_ceiling_future_judge_correct,replication,family,preference_id,lambda,lambda_infinite,future_share
rel:11,relation_dossiers,rel:11|cond=rel:11:custom:anchor,rel:11:custom:anchor,scalar__l0,80,15,scalar_probe|rel:11|scalar__l0|w80|rel:11|cond=rel:11:custom:anchor,75,0.9375,False,2,False,1.0,0.2,0.8,1.0,0.8666666666666667,0.0,0.6666666666666667,1.0,0.23076923076923078,1,13,1.0,0.2,0.8,1.0,0.9333333333333333,0.0,0.7333333333333334,1.0,0.2,1,15,1.0,0.2,0.8,1.0,1.0,0.0,0.8,1.0,0.2,1,15,scalar_probe,scalar,l0,0.0,False,0.0
rel:11,relation_dossiers,rel:11|cond=rel:11:custom:anchor,rel:11:custom:anchor,scalar__l0p333,80,15,scalar_probe|rel:11|scalar__l0p333|w80|rel:11|cond=rel:11:custom:anchor,71,0.8875,False,2,False,1.0,0.13333333333333333,0.8666666666666667,1.0,0.8666666666666667,0.0,0.7333333333333334,1.0,0.15384615384615385,1,13,1.0,0.19352869352869354,0.8064713064713065,1.0,0.9333333333333333,0.0,0.7398046398046398,1.0,0.19352869352869354,1,15,1.0,0.13333333333333333,0.8666666666666667,1.0,1.0,0.0,0.8666666666666667,1.0,0.13333333333333333,1,15,scalar_probe,scalar,l0p333,0.3333333333333333,False,0.25
rel:11,relation_dossiers,rel:11|cond=rel:11:custom:anchor,rel:11:custom:anchor,scalar__l1,80,15,scalar_probe|rel:11|scalar__l1|w80|rel:11|cond=rel:11:custom:anchor,71,0.8875,False,2,False,1.0,0.2,0.8,1.0,0.8666666666666667,0.0,0.6666666666666667,1.0,0.23076923076923078,1,13,1.0,0.26,0.74,1.0,0.9333333333333333,0.0,0.6733333333333333,1.0,0.26,1,15,1.0,0.2,0.8,1.0,1.0,0.0,0.8,1.0,0.2,1,15,scalar_probe,scalar,l1,1.0,False,0.5
rel:11,relation_dossiers,rel:11|cond=rel:11:custom:anchor,rel:11:custom:anchor,scalar__l3,80,15,scalar_probe|rel:11|scalar__l3|w80|rel:11|cond=rel:11:custom:anchor,71,0.8875,False,2,False,1.0,0.2,0.8,1.0,0.8666666666666667,0.0,0.6666666666666667,1.0,0.23076923076923078,1,13,1.0,0.26,0.74,1.0,0.9333333333333333,0.0,0.6733333333333333,1.0,0.26,1,15,1.0,0.2,0.8,1.0,1.0,0.0,0.8,1.0,0.2,1,15,scalar_probe,scalar,l3,3.0,False,0.75
rel:11,relation_dossiers,rel:11|cond=rel:11:custom:anchor,rel:11:custom:anchor,scalar__linf,80,15,scalar_probe|rel:11|scalar__linf|w80|rel:11|cond=rel:11:custom:anchor,71,0.8875,False,2,False,1.0,0.2,0.8,1.0,0.8666666666666667,0.0,0.6666666666666667,1.0,0.23076923076923078,1,13,1.0,0.23333333333333334,0.7666666666666666,1.0,0.9333333333333333,0.0,0.7,1.0,0.23333333333333334,1,15,1.0,0.2,0.8,1.0,1.0,0.0,0.8,1.0,0.2,1,15,scalar_probe,scalar,linf,,True,1.0
rel:11,relation_dossiers,rel:11|cond=rel:11:facilities:anchor,rel:11:facilities:anchor,scalar__l0,80,15,scalar_probe|rel:11|scalar__l0|w80|rel:11|cond=rel:11:facilities:anchor,79,0.9875,False,2,False,0.0,0.2,-0.2,0.0,0.9333333333333333,0.0,0.7333333333333334,nan,0.21428571428571427,0,14,0.5,0.28888888888888886,0.21111111111111114,0.5,0.9666666666666667,0.0,0.6777777777777778,0.5,0.28888888888888886,1,15,1.0,0.26666666666666666,0.7333333333333334,1.0,1.0,0.0,0.7333333333333334,1.0,0.26666666666666666,1,15,scalar_probe,scalar,l0,0.0,False,0.0
rel:11,relation_dossiers,rel:11|cond=rel:11:facilities:anchor,rel:11:facilities:anchor,scalar__l0p333,80,15,scalar_probe|rel:11|scalar__l0p333|w80|rel:11|cond=rel:11:facilities:anchor,74,0.925,False,3,False,0.0,0.2,-0.2,0.0,0.9333333333333333,0.0,0.7333333333333334,nan,0.21428571428571427,0,14,0.5,0.2555555555555556,0.2444444444444444,0.5,0.9666666666666667,0.0,0.711111111111111,0.5,0.2555555555555556,1,15,1.0,0.26666666666666666,0.7333333333333334,1.0,1.0,0.0,0.7333333333333334,1.0,0.26666666666666666,1,15,scalar_probe,scalar,l0p333,0.3333333333333333,False,0.25
rel:11,relation_dossiers,rel:11|cond=rel:11:facilities:anchor,rel:11:facilities:anchor,scalar__l1,80,15,scalar_probe|rel:11|scalar__l1|w80|rel:11|cond=rel:11:facilities:anchor,74,0.925,False,1,False,0.0,0.26666666666666666,-0.26666666666666666,0.0,0.9333333333333333,0.0,0.6666666666666667,nan,0.2857142857142857,0,14,0.5,0.3,0.2,0.5,0.9666666666666667,0.0,0.6666666666666667,0.5,0.3,1,15,1.0,0.3333333333333333,0.6666666666666667,1.0,1.0,0.0,0.6666666666666667,1.0,0.3333333333333333,1,15,scalar_probe,scalar,l1,1.0,False,0.5
rel:11,relation_dossiers,rel:11|cond=rel:11:facilities:anchor,rel:11:facilities:anchor,scalar__l3,80,15,scalar_probe|rel:11|scalar__l3|w80|rel:11|cond=rel:11:facilities:anchor,73,0.9125,False,2,False,0.0,0.26666666666666666,-0.26666666666666666,0.0,0.9333333333333333,0.0,0.6666666666666667,nan,0.2857142857142857,0,14,0.5,0.3,0.2,0.5,0.9666666666666667,0.0,0.6666666666666667,0.5,0.3,1,15,1.0,0.3333333333333333,0.6666666666666667,1.0,1.0,0.0,0.6666666666666667,1.0,0.3333333333333333,1,15,scalar_probe,scalar,l3,3.0,False,0.75
rel:11,relation_dossiers,rel:11|cond=rel:11:facilities:anchor,rel:11:facilities:anchor,scalar__linf,80,15,scalar_probe|rel:11|scalar__linf|w80|rel:11|cond=rel:11:facilities:anchor,72,0.9,False,1,False,0.0,0.26666666666666666,-0.26666666666666666,0.0,0.9333333333333333,0.0,0.6666666666666667,nan,0.2857142857142857,0,14,0.5,0.34444444444444444,0.15555555555555556,0.5,0.9666666666666667,0.0,0.6222222222222222,0.5,0.34444444444444444,1,15,1.0,0.4,0.6,1.0,1.0,0.0,0.6,1.0,0.4,1,15,scalar_probe,scalar,linf,,True,1.0
rel:11,relation_dossiers,rel:11|cond=rel:11:finance:anchor,rel:11:finance:anchor,scalar__l0,80,15,scalar_probe|rel:11|scalar__l0|w80|rel:11|cond=rel:11:finance:anchor,73,0.9125,False,2,False,1.0,0.13333333333333333,0.8666666666666667,1.0,0.8666666666666667,0.0,0.7333333333333334,1.0,0.15384615384615385,1,13,1.0,0.13333333333333333,0.8666666666666667,1.0,0.9333333333333333,0.0,0.8,1.0,0.13333333333333333,1,15,1.0,0.13333333333333333,0.8666666666666667,1.0,1.0,0.0,0.8666666666666667,1.0,0.13333333333333333,1,15,scalar_probe,scalar,l0,0.0,False,0.0
rel:11,relation_dossiers,rel:11|cond=rel:11:finance:anchor,rel:11:finance:anchor,scalar__l0p333,80,15,scalar_probe|rel:11|scalar__l0p333|w80|rel:11|cond=rel:11:finance:anchor,72,0.9,False,2,False,1.0,0.13333333333333333,0.8666666666666667,1.0,0.8666666666666667,0.0,0.7333333333333334,1.0,0.15384615384615385,1,13,1.0,0.13333333333333333,0.8666666666666667,1.0,0.9333333333333333,0.0,0.8,1.0,0.13333333333333333,1,15,1.0,0.13333333333333333,0.8666666666666667,1.0,1.0,0.0,0.8666666666666667,1.0,0.13333333333333333,1,15,scalar_probe,scalar,l0p333,0.3333333333333333,False,0.25
rel:11,relation_dossiers,rel:11|cond=rel:11:finance:anchor,rel:11:finance:anchor,scalar__l1,80,15,scalar_probe|rel:11|scalar__l1|w80|rel:11|cond=rel:11:finance:anchor,76,0.95,False,2,False,1.0,0.2,0.8,1.0,0.8666666666666667,0.0,0.6666666666666667,1.0,0.23076923076923078,1,13,1.0,0.2,0.8,1.0,0.9333333333333333,0.0,0.7333333333333334,1.0,0.2,1,15,1.0,0.2,0.8,1.0,1.0,0.0,0.8,1.0,0.2,1,15,scalar_probe,scalar,l1,1.0,False,0.5
rel:11,relation_dossiers,rel:11|cond=rel:11:finance:anchor,rel:11:finance:anchor,scalar__l3,80,15,scalar_probe|rel:11|scalar__l3|w80|rel:11|cond=rel:11:finance:anchor,68,0.85,False,1,False,1.0,0.13333333333333333,0.8666666666666667,1.0,0.8666666666666667,0.0,0.7333333333333334,1.0,0.15384615384615385,1,13,1.0,0.13333333333333333,0.8666666666666667,1.0,0.9333333333333333,0.0,0.8,1.0,0.13333333333333333,1,15,1.0,0.13333333333333333,0.8666666666666667,1.0,1.0,0.0,0.8666666666666667,1.0,0.13333333333333333,1,15,scalar_probe,scalar,l3,3.0,False,0.75
rel:11,relation_dossiers,rel:11|cond=rel:11:finance:anchor,rel:11:finance:anchor,scalar__linf,80,15,scalar_probe|rel:11|scalar__linf|w80|rel:11|cond=rel:11:finance:anchor,79,0.9875,False,1,False,1.0,0.13333333333333333,0.8666666666666667,1.0,0.8666666666666667,0.0,0.7333333333333334,1.0,0.15384615384615385,1,13,1.0,0.13333333333333333,0.8666666666666667,1.0,0.9333333333333333,0.0,0.8,1.0,0.13333333333333333,1,15,1.0,0.13333333333333333,0.8666666666666667,1.0,1.0,0.0,0.8666666666666667,1.0,0.13333333333333333,1,15,scalar_probe,scalar,linf,,True,1.0
rel:11,relation_dossiers,rel:11|cond=rel:11:founding:anchor,rel:11:founding:anchor,scalar__l0,80,15,scalar_probe|rel:11|scalar__l0|w80|rel:11|cond=rel:11:founding:anchor,73,0.9125,False,2,False,1.0,0.13333333333333333,0.8666666666666667,1.0,0.8666666666666667,0.0,0.7333333333333334,1.0,0.15384615384615385,1,13,1.0,0.15555555555555556,0.8444444444444444,1.0,0.9333333333333333,0.0,0.7777777777777778,1.0,0.15555555555555556,1,15,1.0,0.13333333333333333,0.8666666666666667,1.0,1.0,0.0,0.8666666666666667,1.0,0.13333333333333333,1,15,scalar_probe,scalar,l0,0.0,False,0.0
rel:11,relation_dossiers,rel:11|cond=rel:11:founding:anchor,rel:11:founding:anchor,scalar__l0p333,80,15,scalar_probe|rel:11|scalar__l0p333|w80|rel:11|cond=rel:11:founding:anchor,69,0.8625,False,2,False,1.0,0.4666666666666667,0.5333333333333333,1.0,0.8666666666666667,0.0,0.4,1.0,0.5384615384615384,1,13,1.0,0.5333333333333333,0.4666666666666667,1.0,0.9333333333333333,0.0,0.4,1.0,0.5333333333333333,1,15,1.0,0.6,0.4,1.0,1.0,0.0,0.4,1.0,0.6,1,15,scalar_probe,scalar,l0p333,0.3333333333333333,False,0.25
rel:11,relation_dossiers,rel:11|cond=rel:11:founding:anchor,rel:11:founding:anchor,scalar__l1,80,15,scalar_probe|rel:11|scalar__l1|w80|rel:11|cond=rel:11:founding:anchor,73,0.9125,False,2,False,1.0,0.2,0.8,1.0,0.8666666666666667,0.0,0.6666666666666667,1.0,0.23076923076923078,1,13,1.0,0.26666666666666666,0.7333333333333334,1.0,0.9333333333333333,0.0,0.6666666666666667,1.0,0.26666666666666666,1,15,1.0,0.3333333333333333,0.6666666666666667,1.0,1.0,0.0,0.6666666666666667,1.0,0.3333333333333333,1,15,scalar_probe,scalar,l1,1.0,False,0.5
rel:11,relation_dossiers,rel:11|cond=rel:11:founding:anchor,rel:11:founding:anchor,scalar__l3,80,15,scalar_probe|rel:11|scalar__l3|w80|rel:11|cond=rel:11:founding:anchor,71,0.8875,False,1,False,1.0,0.13333333333333333,0.8666666666666667,1.0,0.8666666666666667,0.0,0.7333333333333334,1.0,0.15384615384615385,1,13,1.0,0.15555555555555556,0.8444444444444444,1.0,0.9333333333333333,0.0,0.7777777777777778,1.0,0.15555555555555556,1,15,1.0,0.13333333333333333,0.8666666666666667,1.0,1.0,0.0,0.8666666666666667,1.0,0.13333333333333333,1,15,scalar_probe,scalar,l3,3.0,False,0.75
rel:11,relation_dossiers,rel:11|cond=rel:11:founding:anchor,rel:11:founding:anchor,scalar__linf,80,15,scalar_probe|rel:11|scalar__linf|w80|rel:11|cond=rel:11:founding:anchor,74,0.925,False,1,False,1.0,0.2,0.8,1.0,0.8666666666666667,0.0,0.6666666666666667,1.0,0.23076923076923078,1,13,1.0,0.2,0.8,1.0,0.9333333333333333,0.0,0.7333333333333334,1.0,0.2,1,15,1.0,0.2,0.8,1.0,1.0,0.0,0.8,1.0,0.2,1,15,scalar_probe,scalar,linf,,True,1.0
rel:13,relation_dossiers,rel:13|cond=rel:13:custom:anchor,rel:13:custom:anchor,scalar__l0,80,15,scalar_probe|rel:13|scalar__l0|w80|rel:13|cond=rel:13:custom:anchor,75,0.9375,False,2,False,1.0,0.2,0.8,1.0,0.8666666666666667,0.0,0.6666666666666667,1.0,0.23076923076923078,1,13,1.0,0.2,0.8,1.0,0.9333333333333333,0.0,0.7333333333333334,1.0,0.2,1,15,1.0,0.2,0.8,1.0,1.0,0.0,0.8,1.0,0.2,1,15,scalar_probe,scalar,l0,0.0,False,0.0
rel:13,relation_dossiers,rel:13|cond=rel:13:custom:anchor,rel:13:custom:anchor,scalar__l0p333,80,15,scalar_probe|rel:13|scalar__l0p333|w80|rel:13|cond=rel:13:custom:anchor,68,0.85,False,1,False,1.0,0.13333333333333333,0.8666666666666667,1.0,0.8666666666666667,0.0,0.7333333333333334,1.0,0.15384615384615385,1,13,1.0,0.13333333333333333,0.8666666666666667,1.0,0.9333333333333333,0.0,0.8,1.0,0.13333333333333333,1,15,1.0,0.13333333333333333,0.8666666666666667,1.0,1.0,0.0,0.8666666666666667,1.0,0.13333333333333333,1,15,scalar_probe,scalar,l0p333,0.3333333333333333,False,0.25
rel:13,relation_dossiers,rel:13|cond=rel:13:custom:anchor,rel:13:custom:anchor,scalar__l1,80,15,scalar_probe|rel:13|scalar__l1|w80|rel:13|cond=rel:13:custom:anchor,75,0.9375,False,2,False,1.0,0.2,0.8,1.0,0.8666666666666667,0.0,0.6666666666666667,1.0,0.23076923076923078,1,13,1.0,0.2,0.8,1.0,0.9333333333333333,0.0,0.7333333333333334,1.0,0.2,1,15,1.0,0.2,0.8,1.0,1.0,0.0,0.8,1.0,0.2,1,15,scalar_probe,scalar,l1,1.0,False,0.5
rel:13,relation_dossiers,rel:13|cond=rel:13:custom:anchor,rel:13:custom:anchor,scalar__l3,80,15,scalar_probe|rel:13|scalar__l3|w80|rel:13|cond=rel:13:custom:anchor,78,0.975,False,1,False,1.0,0.2,0.8,1.0,0.8666666666666667,0.0,0.6666666666666667,1.0,0.23076923076923078,1,13,1.0,0.2,0.8,1.0,0.9333333333333333,0.0,0.7333333333333334,1.0,0.2,1,15,1.0,0.2,0.8,1.0,1.0,0.0,0.8,1.0,0.2,1,15,scalar_probe,scalar,l3,3.0,False,0.75
rel:13,relation_dossiers,rel:13|cond=rel:13:custom:anchor,rel:13:custom:anchor,scalar__linf,80,15,scalar_probe|rel:13|scalar__linf|w80|rel:13|cond=rel:13:custom:anchor,71,0.8875,False,1,False,1.0,0.2,0.8,1.0,0.8666666666666667,0.0,0.6666666666666667,1.0,0.23076923076923078,1,13,1.0,0.2,0.8,1.0,0.9333333333333333,0.0,0.7333333333333334,1.0,0.2,1,15,1.0,0.2,0.8,1.0,1.0,0.0,0.8,1.0,0.2,1,15,scalar_probe,scalar,linf,,True,1.0
rel:13,relation_dossiers,rel:13|cond=rel:13:facilities:anchor,rel:13:facilities:anchor,scalar__l0,80,15,scalar_probe|rel:13|scalar__l0|w80|rel:13|cond=rel:13:facilities:anchor,71,0.8875,False,2,False,0.0,0.06666666666666667,-0.06666666666666667,0.0,0.9333333333333333,0.0,0.8666666666666667,nan,0.07142857142857142,0,14,0.5,0.1,0.4,0.5,0.9666666666666667,0.0,0.8666666666666667,0.5,0.1,1,15,1.0,0.13333333333333333,0.8666666666666667,1.0,1.0,0.0,0.8666666666666667,1.0,0.13333333333333333,1,15,scalar_probe,scalar,l0,0.0,False,0.0
rel:13,relation_dossiers,rel:13|cond=rel:13:facilities:anchor,rel:13:facilities:anchor,scalar__l0p333,80,15,scalar_probe|rel:13|scalar__l0p333|w80|rel:13|cond=rel:13:facilities:anchor,75,0.9375,False,1,False,0.0,0.13333333333333333,-0.13333333333333333,0.0,0.9333333333333333,0.0,0.8,nan,0.14285714285714285,0,14,0.5,0.22,0.28,0.5,0.9666666666666667,0.0,0.7466666666666667,0.5,0.22,1,15,1.0,0.26666666666666666,0.7333333333333334,1.0,1.0,0.0,0.7333333333333334,1.0,0.26666666666666666,1,15,scalar_probe,scalar,l0p333,0.3333333333333333,False,0.25
rel:13,relation_dossiers,rel:13|cond=rel:13:facilities:anchor,rel:13:facilities:anchor,scalar__l1,80,15,scalar_probe|rel:13|scalar__l1|w80|rel:13|cond=rel:13:facilities:anchor,68,0.85,False,1,False,0.0,0.2,-0.2,0.0,0.9333333333333333,0.0,0.7333333333333334,nan,0.21428571428571427,0,14,0.5,0.23333333333333334,0.26666666666666666,0.5,0.9666666666666667,0.0,0.7333333333333334,0.5,0.23333333333333334,1,15,1.0,0.26666666666666666,0.7333333333333334,1.0,1.0,0.0,0.7333333333333334,1.0,0.26666666666666666,1,15,scalar_probe,scalar,l1,1.0,False,0.5
rel:13,relation_dossiers,rel:13|cond=rel:13:facilities:anchor,rel:13:facilities:anchor,scalar__l3,80,15,scalar_probe|rel:13|scalar__l3|w80|rel:13|cond=rel:13:facilities:anchor,68,0.85,False,1,False,0.0,0.2,-0.2,0.0,0.9333333333333333,0.0,0.7333333333333334,nan,0.21428571428571427,0,14,0.5,0.23333333333333334,0.26666666666666666,0.5,0.9666666666666667,0.0,0.7333333333333334,0.5,0.23333333333333334,1,15,1.0,0.26666666666666666,0.7333333333333334,1.0,1.0,0.0,0.7333333333333334,1.0,0.26666666666666666,1,15,scalar_probe,scalar,l3,3.0,False,0.75
rel:13,relation_dossiers,rel:13|cond=rel:13:facilities:anchor,rel:13:facilities:anchor,scalar__linf,80,15,scalar_probe|rel:13|scalar__linf|w80|rel:13|cond=rel:13:facilities:anchor,69,0.8625,False,1,False,0.0,0.13333333333333333,-0.13333333333333333,0.0,0.9333333333333333,0.0,0.8,nan,0.14285714285714285,0,14,0.5,0.22,0.28,0.5,0.9666666666666667,0.0,0.7466666666666667,0.5,0.22,1,15,1.0,0.26666666666666666,0.7333333333333334,1.0,1.0,0.0,0.7333333333333334,1.0,0.26666666666666666,1,15,scalar_probe,scalar,linf,,True,1.0
rel:13,relation_dossiers,rel:13|cond=rel:13:finance:anchor,rel:13:finance:anchor,scalar__l0,80,15,scalar_probe|rel:13|scalar__l0|w80|rel:13|cond=rel:13:finance:anchor,77,0.9625,False,1,False,1.0,0.3333333333333333,0.6666666666666667,1.0,0.8666666666666667,0.0,0.5333333333333334,1.0,0.38461538461538464,1,13,1.0,0.3333333333333333,0.6666666666666667,1.0,0.9333333333333333,0.0,0.6000000000000001,1.0,0.3333333333333333,1,15,1.0,0.3333333333333333,0.6666666666666667,1.0,1.0,0.0,0.6666666666666667,1.0,0.3333333333333333,1,15,scalar_probe,scalar,l0,0.0,False,0.0
rel:13,relation_dossiers,rel:13|cond=rel:13:finance:anchor,rel:13:finance:anchor,scalar__l0p333,80,15,scalar_probe|rel:13|scalar__l0p333|w80|rel:13|cond=rel:13:finance:anchor,72,0.9,False,1,False,1.0,0.2,0.8,1.0,0.8666666666666667,0.0,0.6666666666666667,1.0,0.23076923076923078,1,13,1.0,0.2,0.8,1.0,0.9333333333333333,0.0,0.7333333333333334,1.0,0.2,1,15,1.0,0.2,0.8,1.0,1.0,0.0,0.8,1.0,0.2,1,15,scalar_probe,scalar,l0p333,0.3333333333333333,False,0.25
rel:13,relation_dossiers,rel:13|cond=rel:13:finance:anchor,rel:13:finance:anchor,scalar__l1,80,15,scalar_probe|rel:13|scalar__l1|w80|rel:13|cond=rel:13:finance:anchor,71,0.8875,False,1,False,1.0,0.13333333333333333,0.8666666666666667,1.0,0.8666666666666667,0.0,0.7333333333333334,1.0,0.15384615384615385,1,13,1.0,0.13333333333333333,0.8666666666666667,1.0,0.9333333333333333,0.0,0.8,1.0,0.13333333333333333,1,15,1.0,0.13333333333333333,0.8666666666666667,1.0,1.0,0.0,0.8666666666666667,1.0,0.13333333333333333,1,15,scalar_probe,scalar,l1,1.0,False,0.5
rel:13,relation_dossiers,rel:13|cond=rel:13:finance:anchor,rel:13:finance:anchor,scalar__l3,80,15,scalar_probe|rel:13|scalar__l3|w80|rel:13|cond=rel:13:finance:anchor,71,0.8875,False,1,False,1.0,0.13333333333333333,0.8666666666666667,1.0,0.8666666666666667,0.0,0.7333333333333334,1.0,0.15384615384615385,1,13,1.0,0.2222222222222222,0.7777777777777778,1.0,0.9333333333333333,0.0,0.7111111111111111,1.0,0.2222222222222222,1,15,1.0,0.26666666666666666,0.7333333333333334,1.0,1.0,0.0,0.7333333333333334,1.0,0.26666666666666666,1,15,scalar_probe,scalar,l3,3.0,False,0.75
rel:13,relation_dossiers,rel:13|cond=rel:13:finance:anchor,rel:13:finance:anchor,scalar__linf,80,15,scalar_probe|rel:13|scalar__linf|w80|rel:13|cond=rel:13:finance:anchor,73,0.9125,False,2,False,1.0,0.2,0.8,1.0,0.8666666666666667,0.0,0.6666666666666667,1.0,0.23076923076923078,1,13,1.0,0.2,0.8,1.0,0.9333333333333333,0.0,0.7333333333333334,1.0,0.2,1,15,1.0,0.2,0.8,1.0,1.0,0.0,0.8,1.0,0.2,1,15,scalar_probe,scalar,linf,,True,1.0
rel:13,relation_dossiers,rel:13|cond=rel:13:founding:anchor,rel:13:founding:anchor,scalar__l0,80,15,scalar_probe|rel:13|scalar__l0|w80|rel:13|cond=rel:13:founding:anchor,72,0.9,False,2,False,1.0,0.3333333333333333,0.6666666666666667,1.0,0.8666666666666667,0.0,0.5333333333333334,1.0,0.38461538461538464,1,13,1.0,0.38666666666666666,0.6133333333333333,1.0,0.9333333333333333,0.0,0.5466666666666666,1.0,0.38666666666666666,1,15,1.0,0.4,0.6,1.0,1.0,0.0,0.6,1.0,0.4,1,15,scalar_probe,scalar,l0,0.0,False,0.0
rel:13,relation_dossiers,rel:13|cond=rel:13:founding:anchor,rel:13:founding:anchor,scalar__l0p333,80,15,scalar_probe|rel:13|scalar__l0p333|w80|rel:13|cond=rel:13:founding:anchor,71,0.8875,False,1,False,1.0,0.26666666666666666,0.7333333333333334,1.0,0.8666666666666667,0.0,0.6000000000000001,1.0,0.3076923076923077,1,13,1.0,0.26666666666666666,0.7333333333333334,1.0,0.9333333333333333,0.0,0.6666666666666667,1.0,0.26666666666666666,1,15,1.0,0.26666666666666666,0.7333333333333334,1.0,1.0,0.0,0.7333333333333334,1.0,0.26666666666666666,1,15,scalar_probe,scalar,l0p333,0.3333333333333333,False,0.25
rel:13,relation_dossiers,rel:13|cond=rel:13:founding:anchor,rel:13:founding:anchor,scalar__l1,80,15,scalar_probe|rel:13|scalar__l1|w80|rel:13|cond=rel:13:founding:anchor,69,0.8625,False,1,False,1.0,0.26666666666666666,0.7333333333333334,1.0,0.8666666666666667,0.0,0.6000000000000001,1.0,0.3076923076923077,1,13,1.0,0.32,0.6799999999999999,1.0,0.9333333333333333,0.0,0.6133333333333333,1.0,0.32,1,15,1.0,0.3333333333333333,0.6666666666666667,1.0,1.0,0.0,0.6666666666666667,1.0,0.3333333333333333,1,15,scalar_probe,scalar,l1,1.0,False,0.5
rel:13,relation_dossiers,rel:13|cond=rel:13:founding:anchor,rel:13:founding:anchor,scalar__l3,80,15,scalar_probe|rel:13|scalar__l3|w80|rel:13|cond=rel:13:founding:anchor,73,0.9125,False,1,False,1.0,0.26666666666666666,0.7333333333333334,1.0,0.8666666666666667,0.0,0.6000000000000001,1.0,0.3076923076923077,1,13,1.0,0.32,0.6799999999999999,1.0,0.9333333333333333,0.0,0.6133333333333333,1.0,0.32,1,15,1.0,0.3333333333333333,0.6666666666666667,1.0,1.0,0.0,0.6666666666666667,1.0,0.3333333333333333,1,15,scalar_probe,scalar,l3,3.0,False,0.75
rel:13,relation_dossiers,rel:13|cond=rel:13:founding:anchor,rel:13:founding:anchor,scalar__linf,80,15,scalar_probe|rel:13|scalar__linf|w80|rel:13|cond=rel:13:founding:anchor,68,0.85,False,1,False,1.0,0.26666666666666666,0.7333333333333334,1.0,0.8666666666666667,0.0,0.6000000000000001,1.0,0.3076923076923077,1,13,1.0,0.38666666666666666,0.6133333333333333,1.0,0.9333333333333333,0.0,0.5466666666666666,1.0,0.38666666666666666,1,15,1.0,0.4666666666666667,0.5333333333333333,1.0,1.0,0.0,0.5333333333333333,1.0,0.4666666666666667,1,15,scalar_probe,scalar,linf,,True,1.0
rel:14,relation_dossiers,rel:14|cond=rel:14:custom:anchor,rel:14:custom:anchor,scalar__l0,80,15,scalar_probe|rel:14|scalar__l0|w80|rel:14|cond=rel:14:custom:anchor,69,0.8625,False,2,False,1.0,0.2,0.8,1.0,0.7333333333333333,0.0,0.5333333333333332,1.0,0.18181818181818182,1,11,1.0,0.2,0.8,1.0,0.8311111111111111,0.0,0.6311111111111112,1.0,0.23076923076923078,1,13,1.0,0.2,0.8,1.0,1.0,0.0,0.8,1.0,0.2,1,15,scalar_probe,scalar,l0,0.0,False,0.0
rel:14,relation_dossiers,rel:14|cond=rel:14:custom:anchor,rel:14:custom:anchor,scalar__l0p333,80,15,scalar_probe|rel:14|scalar__l0p333|w80|rel:14|cond=rel:14:custom:anchor,70,0.875,False,2,False,1.0,0.2,0.8,1.0,0.7333333333333333,0.0,0.5333333333333332,1.0,0.2727272727272727,1,11,1.0,0.24444444444444444,0.7555555555555555,1.0,0.8311111111111111,0.0,0.5866666666666667,1.0,0.28205128205128205,1,13,1.0,0.26666666666666666,0.7333333333333334,1.0,1.0,0.0,0.7333333333333334,1.0,0.26666666666666666,1,15,scalar_probe,scalar,l0p333,0.3333333333333333,False,0.25
rel:14,relation_dossiers,rel:14|cond=rel:14:custom:anchor,rel:14:custom:anchor,scalar__l1,80,15,scalar_probe|rel:14|scalar__l1|w80|rel:14|cond=rel:14:custom:anchor,76,0.95,False,1,False,1.0,0.06666666666666667,0.9333333333333333,1.0,0.7333333333333333,0.0,0.6666666666666666,1.0,0.09090909090909091,1,11,1.0,0.16444444444444445,0.8355555555555556,1.0,0.8311111111111111,0.0,0.6666666666666667,1.0,0.18974358974358976,1,13,1.0,0.2,0.8,1.0,1.0,0.0,0.8,1.0,0.2,1,15,scalar_probe,scalar,l1,1.0,False,0.5
rel:14,relation_dossiers,rel:14|cond=rel:14:custom:anchor,rel:14:custom:anchor,scalar__l3,80,15,scalar_probe|rel:14|scalar__l3|w80|rel:14|cond=rel:14:custom:anchor,74,0.925,False,1,False,1.0,0.06666666666666667,0.9333333333333333,1.0,0.7333333333333333,0.0,0.6666666666666666,1.0,0.09090909090909091,1,11,1.0,0.1,0.9,1.0,0.8311111111111111,0.0,0.7311111111111112,1.0,0.11538461538461539,1,13,1.0,0.06666666666666667,0.9333333333333333,1.0,1.0,0.0,0.9333333333333333,1.0,0.06666666666666667,1,15,scalar_probe,scalar,l3,3.0,False,0.75
rel:14,relation_dossiers,rel:14|cond=rel:14:custom:anchor,rel:14:custom:anchor,scalar__linf,80,15,scalar_probe|rel:14|scalar__linf|w80|rel:14|cond=rel:14:custom:anchor,72,0.9,False,2,False,1.0,0.13333333333333333,0.8666666666666667,1.0,0.7333333333333333,0.0,0.6,1.0,0.18181818181818182,1,11,1.0,0.17777777777777776,0.8222222222222222,1.0,0.8311111111111111,0.0,0.6533333333333333,1.0,0.20512820512820512,1,13,1.0,0.2,0.8,1.0,1.0,0.0,0.8,1.0,0.2,1,15,scalar_probe,scalar,linf,,True,1.0
rel:14,relation_dossiers,rel:14|cond=rel:14:facilities:anchor,rel:14:facilities:anchor,scalar__l0,80,15,scalar_probe|rel:14|scalar__l0|w80|rel:14|cond=rel:14:facilities:anchor,70,0.875,False,2,False,0.0,0.06666666666666667,-0.06666666666666667,0.0,0.8,0.0,0.7333333333333334,nan,0.08333333333333333,0,12,0.0,0.1111111111111111,-0.1111111111111111,0.0,0.8977777777777778,0.0,0.7866666666666666,nan,0.11904761904761904,0,14,1.0,0.2,0.8,1.0,1.0,0.0,0.8,1.0,0.2,1,15,scalar_probe,scalar,l0,0.0,False,0.0
rel:14,relation_dossiers,rel:14|cond=rel:14:facilities:anchor,rel:14:facilities:anchor,scalar__l0p333,80,15,scalar_probe|rel:14|scalar__l0p333|w80|rel:14|cond=rel:14:facilities:anchor,72,0.9,False,1,False,0.0,0.13333333333333333,-0.13333333333333333,0.0,0.8,0.0,0.6666666666666667,nan,0.08333333333333333,0,12,0.0,0.24888888888888885,-0.24888888888888885,0.0,0.8977777777777778,0.0,0.648888888888889,nan,0.26666666666666666,0,14,1.0,0.3333333333333333,0.6666666666666667,1.0,1.0,0.0,0.6666666666666667,1.0,0.3333333333333333,1,15,scalar_probe,scalar,l0p333,0.3333333333333333,False,0.25
rel:14,relation_dossiers,rel:14|cond=rel:14:facilities:anchor,rel:14:facilities:anchor,scalar__l1,80,15,scalar_probe|rel:14|scalar__l1|w80|rel:14|cond=rel:14:facilities:anchor,70,0.875,False,1,False,0.0,0.13333333333333333,-0.13333333333333333,0.0,0.8,0.0,0.6666666666666667,nan,0.16666666666666666,0,12,0.0,0.20444444444444443,-0.20444444444444443,0.0,0.8977777777777778,0.0,0.6933333333333334,nan,0.21904761904761902,0,14,1.0,0.26666666666666666,0.7333333333333334,1.0,1.0,0.0,0.7333333333333334,1.0,0.26666666666666666,1,15,scalar_probe,scalar,l1,1.0,False,0.5
rel:14,relation_dossiers,rel:14|cond=rel:14:facilities:anchor,rel:14:facilities:anchor,scalar__l3,80,15,scalar_probe|rel:14|scalar__l3|w80|rel:14|cond=rel:14:facilities:anchor,70,0.875,False,1,False,0.0,0.13333333333333333,-0.13333333333333333,0.0,0.8,0.0,0.6666666666666667,nan,0.16666666666666666,0,12,0.0,0.20444444444444443,-0.20444444444444443,0.0,0.8977777777777778,0.0,0.6933333333333334,nan,0.21904761904761902,0,14,1.0,0.26666666666666666,0.7333333333333334,1.0,1.0,0.0,0.7333333333333334,1.0,0.26666666666666666,1,15,scalar_probe,scalar,l3,3.0,False,0.75
rel:14,relation_dossiers,rel:14|cond=rel:14:facilities:anchor,rel:14:facilities:anchor,scalar__linf,80,15,scalar_probe|rel:14|scalar__linf|w80|rel:14|cond=rel:14:facilities:anchor,75,0.9375,False,1,False,0.0,0.13333333333333333,-0.13333333333333333,0.0,0.8,0.0,0.6666666666666667,nan,0.16666666666666666,0,12,0.0,0.2311111111111111,-0.2311111111111111,0.0,0.8977777777777778,0.0,0.6666666666666667,nan,0.2476190476190476,0,14,1.0,0.3333333333333333,0.6666666666666667,1.0,1.0,0.0,0.6666666666666667,1.0,0.3333333333333333,1,15,scalar_probe,scalar,linf,,True,1.0
rel:14,relation_dossiers,rel:14|cond=rel:14:finance:anchor,rel:14:finance:anchor,scalar__l0,80,15,scalar_probe|rel:14|scalar__l0|w80|rel:14|cond=rel:14:finance:anchor,72,0.9,False,2,False,0.0,0.06666666666666667,-0.06666666666666667,1.0,0.7333333333333333,1.0,0.6666666666666666,0.0,0.09090909090909091,1,11,0.6666666666666666,0.13777777777777775,0.5288888888888889,1.0,0.8311111111111111,0.33333333333333337,0.6933333333333334,0.6666666666666666,0.15897435897435896,1,13,1.0,0.13333333333333333,0.8666666666666667,1.0,1.0,0.0,0.8666666666666667,1.0,0.13333333333333333,1,15,scalar_probe,scalar,l0,0.0,False,0.0
rel:14,relation_dossiers,rel:14|cond=rel:14:finance:anchor,rel:14:finance:anchor,scalar__l0p333,80,15,scalar_probe|rel:14|scalar__l0p333|w80|rel:14|cond=rel:14:finance:anchor,68,0.85,False,1,False,0.0,0.26666666666666666,-0.26666666666666666,1.0,0.7333333333333333,1.0,0.4666666666666666,0.0,0.36363636363636365,1,11,0.6666666666666666,0.3555555555555555,0.3111111111111111,1.0,0.8311111111111111,0.33333333333333337,0.4755555555555556,0.6666666666666666,0.41025641025641024,1,13,1.0,0.4,0.6,1.0,1.0,0.0,0.6,1.0,0.4,1,15,scalar_probe,scalar,l0p333,0.3333333333333333,False,0.25
rel:14,relation_dossiers,rel:14|cond=rel:14:finance:anchor,rel:14:finance:anchor,scalar__l1,80,15,scalar_probe|rel:14|scalar__l1|w80|rel:14|cond=rel:14:finance:anchor,68,0.85,False,1,False,0.0,0.26666666666666666,-0.26666666666666666,1.0,0.7333333333333333,1.0,0.4666666666666666,0.0,0.36363636363636365,1,11,0.6666666666666666,0.3555555555555555,0.3111111111111111,1.0,0.8311111111111111,0.33333333333333337,0.4755555555555556,0.6666666666666666,0.41025641025641024,1,13,1.0,0.4,0.6,1.0,1.0,0.0,0.6,1.0,0.4,1,15,scalar_probe,scalar,l1,1.0,False,0.5
rel:14,relation_dossiers,rel:14|cond=rel:14:finance:anchor,rel:14:finance:anchor,scalar__l3,80,15,scalar_probe|rel:14|scalar__l3|w80|rel:14|cond=rel:14:finance:anchor,68,0.85,False,1,False,0.0,0.26666666666666666,-0.26666666666666666,1.0,0.7333333333333333,1.0,0.4666666666666666,0.0,0.36363636363636365,1,11,0.6666666666666666,0.3555555555555555,0.3111111111111111,1.0,0.8311111111111111,0.33333333333333337,0.4755555555555556,0.6666666666666666,0.41025641025641024,1,13,1.0,0.4,0.6,1.0,1.0,0.0,0.6,1.0,0.4,1,15,scalar_probe,scalar,l3,3.0,False,0.75
rel:14,relation_dossiers,rel:14|cond=rel:14:finance:anchor,rel:14:finance:anchor,scalar__linf,80,15,scalar_probe|rel:14|scalar__linf|w80|rel:14|cond=rel:14:finance:anchor,73,0.9125,False,2,False,0.0,0.2,-0.2,1.0,0.7333333333333333,1.0,0.5333333333333332,0.0,0.18181818181818182,1,11,0.6666666666666666,0.25555555555555554,0.4111111111111111,1.0,0.8311111111111111,0.33333333333333337,0.5755555555555556,0.6666666666666666,0.28205128205128205,1,13,1.0,0.26666666666666666,0.7333333333333334,1.0,1.0,0.0,0.7333333333333334,1.0,0.26666666666666666,1,15,scalar_probe,scalar,linf,,True,1.0
rel:14,relation_dossiers,rel:14|cond=rel:14:founding:anchor,rel:14:founding:anchor,scalar__l0,80,15,scalar_probe|rel:14|scalar__l0|w80|rel:14|cond=rel:14:founding:anchor,69,0.8625,False,1,False,1.0,0.26666666666666666,0.7333333333333334,1.0,0.7333333333333333,0.0,0.4666666666666666,1.0,0.36363636363636365,1,11,1.0,0.33777777777777784,0.6622222222222222,1.0,0.8311111111111111,0.0,0.4933333333333333,1.0,0.38974358974358975,1,13,1.0,0.3333333333333333,0.6666666666666667,1.0,1.0,0.0,0.6666666666666667,1.0,0.3333333333333333,1,15,scalar_probe,scalar,l0,0.0,False,0.0
rel:14,relation_dossiers,rel:14|cond=rel:14:founding:anchor,rel:14:founding:anchor,scalar__l0p333,80,15,scalar_probe|rel:14|scalar__l0p333|w80|rel:14|cond=rel:14:founding:anchor,73,0.9125,False,1,False,1.0,0.13333333333333333,0.8666666666666667,1.0,0.7333333333333333,0.0,0.6,1.0,0.18181818181818182,1,11,1.0,0.13333333333333333,0.8666666666666667,1.0,0.8311111111111111,0.0,0.6977777777777778,1.0,0.15384615384615385,1,13,1.0,0.26666666666666666,0.7333333333333334,1.0,1.0,0.0,0.7333333333333334,1.0,0.26666666666666666,1,15,scalar_probe,scalar,l0p333,0.3333333333333333,False,0.25
rel:14,relation_dossiers,rel:14|cond=rel:14:founding:anchor,rel:14:founding:anchor,scalar__l1,80,15,scalar_probe|rel:14|scalar__l1|w80|rel:14|cond=rel:14:founding:anchor,73,0.9125,False,1,False,1.0,0.13333333333333333,0.8666666666666667,1.0,0.7333333333333333,0.0,0.6,1.0,0.18181818181818182,1,11,1.0,0.13333333333333333,0.8666666666666667,1.0,0.8311111111111111,0.0,0.6977777777777778,1.0,0.15384615384615385,1,13,1.0,0.26666666666666666,0.7333333333333334,1.0,1.0,0.0,0.7333333333333334,1.0,0.26666666666666666,1,15,scalar_probe,scalar,l1,1.0,False,0.5
rel:14,relation_dossiers,rel:14|cond=rel:14:founding:anchor,rel:14:founding:anchor,scalar__l3,80,15,scalar_probe|rel:14|scalar__l3|w80|rel:14|cond=rel:14:founding:anchor,73,0.9125,False,1,False,1.0,0.13333333333333333,0.8666666666666667,1.0,0.7333333333333333,0.0,0.6,1.0,0.18181818181818182,1,11,1.0,0.13333333333333333,0.8666666666666667,1.0,0.8311111111111111,0.0,0.6977777777777778,1.0,0.15384615384615385,1,13,1.0,0.26666666666666666,0.7333333333333334,1.0,1.0,0.0,0.7333333333333334,1.0,0.26666666666666666,1,15,scalar_probe,scalar,l3,3.0,False,0.75
rel:14,relation_dossiers,rel:14|cond=rel:14:founding:anchor,rel:14:founding:anchor,scalar__linf,80,15,scalar_probe|rel:14|scalar__linf|w80|rel:14|cond=rel:14:founding:anchor,68,0.85,False,1,False,1.0,0.2,0.8,1.0,0.7333333333333333,0.0,0.5333333333333332,1.0,0.2727272727272727,1,11,1.0,0.2,0.8,1.0,0.8311111111111111,0.0,0.6311111111111112,1.0,0.23076923076923078,1,13,1.0,0.2,0.8,1.0,1.0,0.0,0.8,1.0,0.2,1,15,scalar_probe,scalar,linf,,True,1.0
rel:15,relation_dossiers,rel:15|cond=rel:15:custom:anchor,rel:15:custom:anchor,scalar__l0,80,15,scalar_probe|rel:15|scalar__l0|w80|rel:15|cond=rel:15:custom:anchor,68,0.85,False,1,False,1.0,0.06666666666666667,0.9333333333333333,1.0,0.8,0.0,0.7333333333333334,1.0,0.08333333333333333,1,12,1.0,0.06666666666666667,0.9333333333333333,1.0,0.9111111111111111,0.0,0.8444444444444444,1.0,0.06666666666666667,1,15,1.0,0.13333333333333333,0.8666666666666667,1.0,1.0,0.0,0.8666666666666667,1.0,0.13333333333333333,1,15,scalar_probe,scalar,l0,0.0,False,0.0
rel:15,relation_dossiers,rel:15|cond=rel:15:custom:anchor,rel:15:custom:anchor,scalar__l0p333,80,15,scalar_probe|rel:15|scalar__l0p333|w80|rel:15|cond=rel:15:custom:anchor,68,0.85,False,1,False,1.0,0.06666666666666667,0.9333333333333333,1.0,0.8,0.0,0.7333333333333334,1.0,0.08333333333333333,1,12,1.0,0.06666666666666667,0.9333333333333333,1.0,0.9111111111111111,0.0,0.8444444444444444,1.0,0.06666666666666667,1,15,1.0,0.13333333333333333,0.8666666666666667,1.0,1.0,0.0,0.8666666666666667,1.0,0.13333333333333333,1,15,scalar_probe,scalar,l0p333,0.3333333333333333,False,0.25
rel:15,relation_dossiers,rel:15|cond=rel:15:custom:anchor,rel:15:custom:anchor,scalar__l1,80,15,scalar_probe|rel:15|scalar__l1|w80|rel:15|cond=rel:15:custom:anchor,68,0.85,False,1,False,1.0,0.06666666666666667,0.9333333333333333,1.0,0.8,0.0,0.7333333333333334,1.0,0.08333333333333333,1,12,1.0,0.06666666666666667,0.9333333333333333,1.0,0.9111111111111111,0.0,0.8444444444444444,1.0,0.06666666666666667,1,15,1.0,0.13333333333333333,0.8666666666666667,1.0,1.0,0.0,0.8666666666666667,1.0,0.13333333333333333,1,15,scalar_probe,scalar,l1,1.0,False,0.5
rel:15,relation_dossiers,rel:15|cond=rel:15:custom:anchor,rel:15:custom:anchor,scalar__l3,80,15,scalar_probe|rel:15|scalar__l3|w80|rel:15|cond=rel:15:custom:anchor,68,0.85,False,1,False,1.0,0.06666666666666667,0.9333333333333333,1.0,0.8,0.0,0.7333333333333334,1.0,0.08333333333333333,1,12,1.0,0.06666666666666667,0.9333333333333333,1.0,0.9111111111111111,0.0,0.8444444444444444,1.0,0.06666666666666667,1,15,1.0,0.13333333333333333,0.8666666666666667,1.0,1.0,0.0,0.8666666666666667,1.0,0.13333333333333333,1,15,scalar_probe,scalar,l3,3.0,False,0.75
rel:15,relation_dossiers,rel:15|cond=rel:15:custom:anchor,rel:15:custom:anchor,scalar__linf,80,15,scalar_probe|rel:15|scalar__linf|w80|rel:15|cond=rel:15:custom:anchor,68,0.85,False,1,False,1.0,0.06666666666666667,0.9333333333333333,1.0,0.8,0.0,0.7333333333333334,1.0,0.08333333333333333,1,12,1.0,0.06666666666666667,0.9333333333333333,1.0,0.9111111111111111,0.0,0.8444444444444444,1.0,0.06666666666666667,1,15,1.0,0.13333333333333333,0.8666666666666667,1.0,1.0,0.0,0.8666666666666667,1.0,0.13333333333333333,1,15,scalar_probe,scalar,linf,,True,1.0
rel:15,relation_dossiers,rel:15|cond=rel:15:facilities:anchor,rel:15:facilities:anchor,scalar__l0,80,15,scalar_probe|rel:15|scalar__l0|w80|rel:15|cond=rel:15:facilities:anchor,70,0.875,False,1,False,0.0,0.06666666666666667,-0.06666666666666667,0.0,0.8666666666666667,0.0,0.8,nan,0.07692307692307693,0,13,0.5,0.14444444444444443,0.35555555555555557,0.5,0.9444444444444444,0.0,0.8,0.5,0.14444444444444443,1,15,1.0,0.2,0.8,1.0,1.0,0.0,0.8,1.0,0.2,1,15,scalar_probe,scalar,l0,0.0,False,0.0
rel:15,relation_dossiers,rel:15|cond=rel:15:facilities:anchor,rel:15:facilities:anchor,scalar__l0p333,80,15,scalar_probe|rel:15|scalar__l0p333|w80|rel:15|cond=rel:15:facilities:anchor,77,0.9625,False,2,False,0.0,0.06666666666666667,-0.06666666666666667,0.0,0.8666666666666667,0.0,0.8,nan,0.07692307692307693,0,13,0.0,0.1380952380952381,-0.1380952380952381,0.5,0.9444444444444444,0.5,0.8063492063492064,0.0,0.1380952380952381,1,15,1.0,0.13333333333333333,0.8666666666666667,1.0,1.0,0.0,0.8666666666666667,1.0,0.13333333333333333,1,15,scalar_probe,scalar,l0p333,0.3333333333333333,False,0.25
rel:15,relation_dossiers,rel:15|cond=rel:15:facilities:anchor,rel:15:facilities:anchor,scalar__l1,80,15,scalar_probe|rel:15|scalar__l1|w80|rel:15|cond=rel:15:facilities:anchor,79,0.9875,False,1,False,0.0,0.2,-0.2,0.0,0.8666666666666667,0.0,0.6666666666666667,nan,0.23076923076923078,0,13,0.0,0.24814814814814815,-0.24814814814814815,0.5,0.9444444444444444,0.5,0.6962962962962963,0.0,0.24814814814814815,1,15,1.0,0.26666666666666666,0.7333333333333334,1.0,1.0,0.0,0.7333333333333334,1.0,0.26666666666666666,1,15,scalar_probe,scalar,l1,1.0,False,0.5
rel:15,relation_dossiers,rel:15|cond=rel:15:facilities:anchor,rel:15:facilities:anchor,scalar__l3,80,15,scalar_probe|rel:15|scalar__l3|w80|rel:15|cond=rel:15:facilities:anchor,79,0.9875,False,1,False,0.0,0.2,-0.2,0.0,0.8666666666666667,0.0,0.6666666666666667,nan,0.23076923076923078,0,13,0.0,0.24814814814814815,-0.24814814814814815,0.5,0.9444444444444444,0.5,0.6962962962962963,0.0,0.24814814814814815,1,15,1.0,0.26666666666666666,0.7333333333333334,1.0,1.0,0.0,0.7333333333333334,1.0,0.26666666666666666,1,15,scalar_probe,scalar,l3,3.0,False,0.75
rel:15,relation_dossiers,rel:15|cond=rel:15:facilities:anchor,rel:15:facilities:anchor,scalar__linf,80,15,scalar_probe|rel:15|scalar__linf|w80|rel:15|cond=rel:15:facilities:anchor,71,0.8875,False,2,False,0.0,0.06666666666666667,-0.06666666666666667,0.0,0.8666666666666667,0.0,0.8,nan,0.07692307692307693,0,13,0.5,0.1,0.4,0.5,0.9444444444444444,0.0,0.8444444444444444,0.5,0.1,1,15,1.0,0.13333333333333333,0.8666666666666667,1.0,1.0,0.0,0.8666666666666667,1.0,0.13333333333333333,1,15,scalar_probe,scalar,linf,,True,1.0
rel:15,relation_dossiers,rel:15|cond=rel:15:finance:anchor,rel:15:finance:anchor,scalar__l0,80,15,scalar_probe|rel:15|scalar__l0|w80|rel:15|cond=rel:15:finance:anchor,72,0.9,False,2,False,1.0,0.2,0.8,1.0,0.8,0.0,0.6000000000000001,1.0,0.25,1,12,1.0,0.2,0.8,1.0,0.9111111111111111,0.0,0.711111111111111,1.0,0.2,1,15,1.0,0.2,0.8,1.0,1.0,0.0,0.8,1.0,0.2,1,15,scalar_probe,scalar,l0,0.0,False,0.0
rel:15,relation_dossiers,rel:15|cond=rel:15:finance:anchor,rel:15:finance:anchor,scalar__l0p333,80,15,scalar_probe|rel:15|scalar__l0p333|w80|rel:15|cond=rel:15:finance:anchor,72,0.9,False,2,False,1.0,0.2,0.8,1.0,0.8,0.0,0.6000000000000001,1.0,0.25,1,12,1.0,0.2,0.8,1.0,0.9111111111111111,0.0,0.711111111111111,1.0,0.2,1,15,1.0,0.2,0.8,1.0,1.0,0.0,0.8,1.0,0.2,1,15,scalar_probe,scalar,l0p333,0.3333333333333333,False,0.25
rel:15,relation_dossiers,rel:15|cond=rel:15:finance:anchor,rel:15:finance:anchor,scalar__l1,80,15,scalar_probe|rel:15|scalar__l1|w80|rel:15|cond=rel:15:finance:anchor,72,0.9,False,2,False,1.0,0.2,0.8,1.0,0.8,0.0,0.6000000000000001,1.0,0.25,1,12,1.0,0.2,0.8,1.0,0.9111111111111111,0.0,0.711111111111111,1.0,0.2,1,15,1.0,0.2,0.8,1.0,1.0,0.0,0.8,1.0,0.2,1,15,scalar_probe,scalar,l1,1.0,False,0.5
rel:15,relation_dossiers,rel:15|cond=rel:15:finance:anchor,rel:15:finance:anchor,scalar__l3,80,15,scalar_probe|rel:15|scalar__l3|w80|rel:15|cond=rel:15:finance:anchor,72,0.9,False,2,False,1.0,0.2,0.8,1.0,0.8,0.0,0.6000000000000001,1.0,0.25,1,12,1.0,0.2,0.8,1.0,0.9111111111111111,0.0,0.711111111111111,1.0,0.2,1,15,1.0,0.2,0.8,1.0,1.0,0.0,0.8,1.0,0.2,1,15,scalar_probe,scalar,l3,3.0,False,0.75
rel:15,relation_dossiers,rel:15|cond=rel:15:finance:anchor,rel:15:finance:anchor,scalar__linf,80,15,scalar_probe|rel:15|scalar__linf|w80|rel:15|cond=rel:15:finance:anchor,77,0.9625,False,1,False,0.0,0.26666666666666666,-0.26666666666666666,1.0,0.8,1.0,0.5333333333333334,0.0,0.3333333333333333,1,12,0.6666666666666666,0.26666666666666666,0.39999999999999997,1.0,0.9111111111111111,0.33333333333333337,0.6444444444444444,0.6666666666666666,0.26666666666666666,1,15,1.0,0.26666666666666666,0.7333333333333334,1.0,1.0,0.0,0.7333333333333334,1.0,0.26666666666666666,1,15,scalar_probe,scalar,linf,,True,1.0
rel:15,relation_dossiers,rel:15|cond=rel:15:founding:anchor,rel:15:founding:anchor,scalar__l0,80,15,scalar_probe|rel:15|scalar__l0|w80|rel:15|cond=rel:15:founding:anchor,74,0.925,False,1,False,1.0,0.13333333333333333,0.8666666666666667,1.0,0.8,0.0,0.6666666666666667,1.0,0.16666666666666666,1,12,1.0,0.24444444444444444,0.7555555555555555,1.0,0.9111111111111111,0.0,0.6666666666666666,1.0,0.24444444444444444,1,15,1.0,0.3333333333333333,0.6666666666666667,1.0,1.0,0.0,0.6666666666666667,1.0,0.3333333333333333,1,15,scalar_probe,scalar,l0,0.0,False,0.0
rel:15,relation_dossiers,rel:15|cond=rel:15:founding:anchor,rel:15:founding:anchor,scalar__l0p333,80,15,scalar_probe|rel:15|scalar__l0p333|w80|rel:15|cond=rel:15:founding:anchor,75,0.9375,False,2,False,1.0,0.2,0.8,1.0,0.8,0.0,0.6000000000000001,1.0,0.25,1,12,1.0,0.3158730158730158,0.6841269841269841,1.0,0.9111111111111111,0.0,0.5952380952380953,1.0,0.3158730158730158,1,15,1.0,0.4,0.6,1.0,1.0,0.0,0.6,1.0,0.4,1,15,scalar_probe,scalar,l0p333,0.3333333333333333,False,0.25
rel:15,relation_dossiers,rel:15|cond=rel:15:founding:anchor,rel:15:founding:anchor,scalar__l1,80,15,scalar_probe|rel:15|scalar__l1|w80|rel:15|cond=rel:15:founding:anchor,75,0.9375,False,2,False,1.0,0.2,0.8,1.0,0.8,0.0,0.6000000000000001,1.0,0.25,1,12,1.0,0.3158730158730158,0.6841269841269841,1.0,0.9111111111111111,0.0,0.5952380952380953,1.0,0.3158730158730158,1,15,1.0,0.4,0.6,1.0,1.0,0.0,0.6,1.0,0.4,1,15,scalar_probe,scalar,l1,1.0,False,0.5
rel:15,relation_dossiers,rel:15|cond=rel:15:founding:anchor,rel:15:founding:anchor,scalar__l3,80,15,scalar_probe|rel:15|scalar__l3|w80|rel:15|cond=rel:15:founding:anchor,75,0.9375,False,2,False,1.0,0.2,0.8,1.0,0.8,0.0,0.6000000000000001,1.0,0.25,1,12,1.0,0.3158730158730158,0.6841269841269841,1.0,0.9111111111111111,0.0,0.5952380952380953,1.0,0.3158730158730158,1,15,1.0,0.4,0.6,1.0,1.0,0.0,0.6,1.0,0.4,1,15,scalar_probe,scalar,l3,3.0,False,0.75
rel:15,relation_dossiers,rel:15|cond=rel:15:founding:anchor,rel:15:founding:anchor,scalar__linf,80,15,scalar_probe|rel:15|scalar__linf|w80|rel:15|cond=rel:15:founding:anchor,68,0.85,False,1,False,1.0,0.13333333333333333,0.8666666666666667,1.0,0.8,0.0,0.6666666666666667,1.0,0.16666666666666666,1,12,1.0,0.17142857142857143,0.8285714285714285,1.0,0.9111111111111111,0.0,0.7396825396825397,1.0,0.17142857142857143,1,15,1.0,0.26666666666666666,0.7333333333333334,1.0,1.0,0.0,0.7333333333333334,1.0,0.26666666666666666,1,15,scalar_probe,scalar,linf,,True,1.0
rel:18,relation_dossiers,rel:18|cond=rel:18:custom:anchor,rel:18:custom:anchor,scalar__l0,80,15,scalar_probe|rel:18|scalar__l0|w80|rel:18|cond=rel:18:custom:anchor,76,0.95,False,1,False,1.0,0.13333333333333333,0.8666666666666667,1.0,0.8666666666666667,0.0,0.7333333333333334,1.0,0.15384615384615385,1,13,1.0,0.16666666666666666,0.8333333333333334,1.0,0.9,0.0,0.7333333333333334,1.0,0.14285714285714285,1,14,1.0,0.2,0.8,1.0,0.8666666666666667,0.0,0.6666666666666667,1.0,0.15384615384615385,1,13,scalar_probe,scalar,l0,0.0,False,0.0
rel:18,relation_dossiers,rel:18|cond=rel:18:custom:anchor,rel:18:custom:anchor,scalar__l0p333,80,15,scalar_probe|rel:18|scalar__l0p333|w80|rel:18|cond=rel:18:custom:anchor,66,0.825,False,4,False,1.0,0.4666666666666667,0.5333333333333333,1.0,0.8666666666666667,0.0,0.4,1.0,0.5384615384615384,1,13,1.0,0.5733333333333334,0.42666666666666664,1.0,0.9,0.0,0.32666666666666666,1.0,0.5571428571428572,1,14,1.0,0.6,0.4,1.0,0.8666666666666667,0.0,0.2666666666666667,1.0,0.5384615384615384,1,13,scalar_probe,scalar,l0p333,0.3333333333333333,False,0.25
rel:18,relation_dossiers,rel:18|cond=rel:18:custom:anchor,rel:18:custom:anchor,scalar__l1,80,15,scalar_probe|rel:18|scalar__l1|w80|rel:18|cond=rel:18:custom:anchor,71,0.8875,False,4,False,1.0,0.5333333333333333,0.4666666666666667,1.0,0.8666666666666667,0.0,0.33333333333333337,1.0,0.6153846153846154,1,13,1.0,0.64,0.36,1.0,0.9,0.0,0.26,1.0,0.6285714285714287,1,14,1.0,0.6666666666666666,0.33333333333333337,1.0,0.8666666666666667,0.0,0.20000000000000007,1.0,0.6153846153846154,1,13,scalar_probe,scalar,l1,1.0,False,0.5
rel:18,relation_dossiers,rel:18|cond=rel:18:custom:anchor,rel:18:custom:anchor,scalar__l3,80,15,scalar_probe|rel:18|scalar__l3|w80|rel:18|cond=rel:18:custom:anchor,77,0.9625,False,1,False,1.0,0.2,0.8,1.0,0.8666666666666667,0.0,0.6666666666666667,1.0,0.23076923076923078,1,13,1.0,0.23333333333333334,0.7666666666666666,1.0,0.9,0.0,0.6666666666666667,1.0,0.21428571428571427,1,14,1.0,0.26666666666666666,0.7333333333333334,1.0,0.8666666666666667,0.0,0.6000000000000001,1.0,0.23076923076923078,1,13,scalar_probe,scalar,l3,3.0,False,0.75
rel:18,relation_dossiers,rel:18|cond=rel:18:custom:anchor,rel:18:custom:anchor,scalar__linf,80,15,scalar_probe|rel:18|scalar__linf|w80|rel:18|cond=rel:18:custom:anchor,78,0.975,False,2,False,1.0,0.13333333333333333,0.8666666666666667,1.0,0.8666666666666667,0.0,0.7333333333333334,1.0,0.15384615384615385,1,13,1.0,0.2,0.8,1.0,0.9,0.0,0.7,1.0,0.17857142857142858,1,14,1.0,0.2,0.8,1.0,0.8666666666666667,0.0,0.6666666666666667,1.0,0.15384615384615385,1,13,scalar_probe,scalar,linf,,True,1.0
rel:18,relation_dossiers,rel:18|cond=rel:18:facilities:anchor,rel:18:facilities:anchor,scalar__l0,80,15,scalar_probe|rel:18|scalar__l0|w80|rel:18|cond=rel:18:facilities:anchor,71,0.8875,False,1,False,0.0,0.2,-0.2,0.0,0.9333333333333333,0.0,0.7333333333333334,nan,0.21428571428571427,0,14,0.8,0.23333333333333334,0.5666666666666667,0.5,0.9333333333333333,-0.30000000000000004,0.7,0.8,0.25,1,14,1.0,0.2,0.8,0.0,0.9333333333333333,-1.0,0.7333333333333334,nan,0.21428571428571427,0,14,scalar_probe,scalar,l0,0.0,False,0.0
rel:18,relation_dossiers,rel:18|cond=rel:18:facilities:anchor,rel:18:facilities:anchor,scalar__l0p333,80,15,scalar_probe|rel:18|scalar__l0p333|w80|rel:18|cond=rel:18:facilities:anchor,68,0.85,False,1,False,0.0,0.2,-0.2,0.0,0.9333333333333333,0.0,0.7333333333333334,nan,0.21428571428571427,0,14,0.5,0.32,0.18,0.5,0.9333333333333333,0.0,0.6133333333333333,0.5,0.2857142857142857,1,14,0.0,0.26666666666666666,-0.26666666666666666,0.0,0.9333333333333333,0.0,0.6666666666666667,nan,0.21428571428571427,0,14,scalar_probe,scalar,l0p333,0.3333333333333333,False,0.25
rel:18,relation_dossiers,rel:18|cond=rel:18:facilities:anchor,rel:18:facilities:anchor,scalar__l1,80,15,scalar_probe|rel:18|scalar__l1|w80|rel:18|cond=rel:18:facilities:anchor,68,0.85,False,1,False,0.0,0.2,-0.2,0.0,0.9333333333333333,0.0,0.7333333333333334,nan,0.21428571428571427,0,14,0.5,0.32,0.18,0.5,0.9333333333333333,0.0,0.6133333333333333,0.5,0.2857142857142857,1,14,0.0,0.26666666666666666,-0.26666666666666666,0.0,0.9333333333333333,0.0,0.6666666666666667,nan,0.21428571428571427,0,14,scalar_probe,scalar,l1,1.0,False,0.5
rel:18,relation_dossiers,rel:18|cond=rel:18:facilities:anchor,rel:18:facilities:anchor,scalar__l3,80,15,scalar_probe|rel:18|scalar__l3|w80|rel:18|cond=rel:18:facilities:anchor,68,0.85,False,1,False,0.0,0.2,-0.2,0.0,0.9333333333333333,0.0,0.7333333333333334,nan,0.21428571428571427,0,14,0.5,0.32,0.18,0.5,0.9333333333333333,0.0,0.6133333333333333,0.5,0.2857142857142857,1,14,0.0,0.26666666666666666,-0.26666666666666666,0.0,0.9333333333333333,0.0,0.6666666666666667,nan,0.21428571428571427,0,14,scalar_probe,scalar,l3,3.0,False,0.75
rel:18,relation_dossiers,rel:18|cond=rel:18:facilities:anchor,rel:18:facilities:anchor,scalar__linf,80,15,scalar_probe|rel:18|scalar__linf|w80|rel:18|cond=rel:18:facilities:anchor,75,0.9375,False,1,False,0.0,0.3333333333333333,-0.3333333333333333,0.0,0.9333333333333333,0.0,0.6000000000000001,nan,0.35714285714285715,0,14,0.8,0.42,0.38000000000000006,0.5,0.9333333333333333,-0.30000000000000004,0.5133333333333334,0.8,0.39285714285714285,1,14,1.0,0.4,0.6,0.0,0.9333333333333333,-1.0,0.5333333333333333,nan,0.35714285714285715,0,14,scalar_probe,scalar,linf,,True,1.0
rel:18,relation_dossiers,rel:18|cond=rel:18:finance:anchor,rel:18:finance:anchor,scalar__l0,80,15,scalar_probe|rel:18|scalar__l0|w80|rel:18|cond=rel:18:finance:anchor,71,0.8875,False,1,False,1.0,0.2,0.8,1.0,0.8666666666666667,0.0,0.6666666666666667,1.0,0.23076923076923078,1,13,1.0,0.2,0.8,1.0,0.9,0.0,0.7,1.0,0.21428571428571427,1,14,1.0,0.2,0.8,1.0,0.8666666666666667,0.0,0.6666666666666667,1.0,0.23076923076923078,1,13,scalar_probe,scalar,l0,0.0,False,0.0
rel:18,relation_dossiers,rel:18|cond=rel:18:finance:anchor,rel:18:finance:anchor,scalar__l0p333,80,15,scalar_probe|rel:18|scalar__l0p333|w80|rel:18|cond=rel:18:finance:anchor,69,0.8625,False,1,False,1.0,0.4666666666666667,0.5333333333333333,1.0,0.8666666666666667,0.0,0.4,1.0,0.5384615384615384,1,13,1.0,0.4666666666666667,0.5333333333333333,1.0,0.9,0.0,0.43333333333333335,1.0,0.5,1,14,1.0,0.4666666666666667,0.5333333333333333,1.0,0.8666666666666667,0.0,0.4,1.0,0.5384615384615384,1,13,scalar_probe,scalar,l0p333,0.3333333333333333,False,0.25
rel:18,relation_dossiers,rel:18|cond=rel:18:finance:anchor,rel:18:finance:anchor,scalar__l1,80,15,scalar_probe|rel:18|scalar__l1|w80|rel:18|cond=rel:18:finance:anchor,69,0.8625,False,1,False,1.0,0.2,0.8,1.0,0.8666666666666667,0.0,0.6666666666666667,1.0,0.23076923076923078,1,13,1.0,0.2,0.8,1.0,0.9,0.0,0.7,1.0,0.21428571428571427,1,14,1.0,0.2,0.8,1.0,0.8666666666666667,0.0,0.6666666666666667,1.0,0.23076923076923078,1,13,scalar_probe,scalar,l1,1.0,False,0.5
rel:18,relation_dossiers,rel:18|cond=rel:18:finance:anchor,rel:18:finance:anchor,scalar__l3,80,15,scalar_probe|rel:18|scalar__l3|w80|rel:18|cond=rel:18:finance:anchor,69,0.8625,False,1,False,1.0,0.2,0.8,1.0,0.8666666666666667,0.0,0.6666666666666667,1.0,0.23076923076923078,1,13,1.0,0.2,0.8,1.0,0.9,0.0,0.7,1.0,0.21428571428571427,1,14,1.0,0.2,0.8,1.0,0.8666666666666667,0.0,0.6666666666666667,1.0,0.23076923076923078,1,13,scalar_probe,scalar,l3,3.0,False,0.75
rel:18,relation_dossiers,rel:18|cond=rel:18:finance:anchor,rel:18:finance:anchor,scalar__linf,80,15,scalar_probe|rel:18|scalar__linf|w80|rel:18|cond=rel:18:finance:anchor,69,0.8625,False,1,False,1.0,0.2,0.8,1.0,0.8666666666666667,0.0,0.6666666666666667,1.0,0.23076923076923078,1,13,1.0,0.2,0.8,1.0,0.9,0.0,0.7,1.0,0.21428571428571427,1,14,1.0,0.2,0.8,1.0,0.8666666666666667,0.0,0.6666666666666667,1.0,0.23076923076923078,1,13,scalar_probe,scalar,linf,,True,1.0
rel:18,relation_dossiers,rel:18|cond=rel:18:founding:anchor,rel:18:founding:anchor,scalar__l0,80,15,scalar_probe|rel:18|scalar__l0|w80|rel:18|cond=rel:18:founding:anchor,73,0.9125,False,1,False,1.0,0.13333333333333333,0.8666666666666667,1.0,0.8666666666666667,0.0,0.7333333333333334,1.0,0.15384615384615385,1,13,1.0,0.18222222222222223,0.8177777777777777,1.0,0.9,0.0,0.7177777777777778,1.0,0.19523809523809524,1,14,1.0,0.13333333333333333,0.8666666666666667,1.0,0.8666666666666667,0.0,0.7333333333333334,1.0,0.15384615384615385,1,13,scalar_probe,scalar,l0,0.0,False,0.0
rel:18,relation_dossiers,rel:18|cond=rel:18:founding:anchor,rel:18:founding:anchor,scalar__l0p333,80,15,scalar_probe|rel:18|scalar__l0p333|w80|rel:18|cond=rel:18:founding:anchor,71,0.8875,False,2,False,1.0,0.13333333333333333,0.8666666666666667,1.0,0.8666666666666667,0.0,0.7333333333333334,1.0,0.15384615384615385,1,13,1.0,0.16,0.84,1.0,0.9,0.0,0.74,1.0,0.17142857142857143,1,14,1.0,0.13333333333333333,0.8666666666666667,1.0,0.8666666666666667,0.0,0.7333333333333334,1.0,0.15384615384615385,1,13,scalar_probe,scalar,l0p333,0.3333333333333333,False,0.25
rel:18,relation_dossiers,rel:18|cond=rel:18:founding:anchor,rel:18:founding:anchor,scalar__l1,80,15,scalar_probe|rel:18|scalar__l1|w80|rel:18|cond=rel:18:founding:anchor,71,0.8875,False,2,False,1.0,0.13333333333333333,0.8666666666666667,1.0,0.8666666666666667,0.0,0.7333333333333334,1.0,0.15384615384615385,1,13,1.0,0.16666666666666666,0.8333333333333334,1.0,0.9,0.0,0.7333333333333334,1.0,0.17857142857142858,1,14,1.0,0.13333333333333333,0.8666666666666667,1.0,0.8666666666666667,0.0,0.7333333333333334,1.0,0.15384615384615385,1,13,scalar_probe,scalar,l1,1.0,False,0.5
rel:18,relation_dossiers,rel:18|cond=rel:18:founding:anchor,rel:18:founding:anchor,scalar__l3,80,15,scalar_probe|rel:18|scalar__l3|w80|rel:18|cond=rel:18:founding:anchor,71,0.8875,False,2,False,1.0,0.13333333333333333,0.8666666666666667,1.0,0.8666666666666667,0.0,0.7333333333333334,1.0,0.15384615384615385,1,13,1.0,0.16666666666666666,0.8333333333333334,1.0,0.9,0.0,0.7333333333333334,1.0,0.17857142857142858,1,14,1.0,0.13333333333333333,0.8666666666666667,1.0,0.8666666666666667,0.0,0.7333333333333334,1.0,0.15384615384615385,1,13,scalar_probe,scalar,l3,3.0,False,0.75
rel:18,relation_dossiers,rel:18|cond=rel:18:founding:anchor,rel:18:founding:anchor,scalar__linf,80,15,scalar_probe|rel:18|scalar__linf|w80|rel:18|cond=rel:18:founding:anchor,72,0.9,False,1,False,1.0,0.4,0.6,1.0,0.8666666666666667,0.0,0.4666666666666667,1.0,0.46153846153846156,1,13,1.0,0.43333333333333335,0.5666666666666667,1.0,0.9,0.0,0.4666666666666667,1.0,0.4642857142857143,1,14,1.0,0.4,0.6,1.0,0.8666666666666667,0.0,0.4666666666666667,1.0,0.46153846153846156,1,13,scalar_probe,scalar,linf,,True,1.0
rel:21,relation_dossiers,rel:21|cond=rel:21:custom:anchor,rel:21:custom:anchor,scalar__l0,80,15,scalar_probe|rel:21|scalar__l0|w80|rel:21|cond=rel:21:custom:anchor,73,0.9125,False,1,False,1.0,0.13333333333333333,0.8666666666666667,1.0,0.8666666666666667,0.0,0.7333333333333334,1.0,0.15384615384615385,1,13,1.0,0.16,0.84,1.0,0.9,0.0,0.74,1.0,0.17142857142857143,1,14,1.0,0.13333333333333333,0.8666666666666667,1.0,1.0,0.0,0.8666666666666667,1.0,0.13333333333333333,1,15,scalar_probe,scalar,l0,0.0,False,0.0
rel:21,relation_dossiers,rel:21|cond=rel:21:custom:anchor,rel:21:custom:anchor,scalar__l0p333,80,15,scalar_probe|rel:21|scalar__l0p333|w80|rel:21|cond=rel:21:custom:anchor,70,0.875,False,1,False,1.0,0.13333333333333333,0.8666666666666667,1.0,0.8666666666666667,0.0,0.7333333333333334,1.0,0.15384615384615385,1,13,1.0,0.19333333333333333,0.8066666666666666,1.0,0.9,0.0,0.7066666666666667,1.0,0.20714285714285713,1,14,1.0,0.2,0.8,1.0,1.0,0.0,0.8,1.0,0.2,1,15,scalar_probe,scalar,l0p333,0.3333333333333333,False,0.25
rel:21,relation_dossiers,rel:21|cond=rel:21:custom:anchor,rel:21:custom:anchor,scalar__l1,80,15,scalar_probe|rel:21|scalar__l1|w80|rel:21|cond=rel:21:custom:anchor,70,0.875,False,1,False,1.0,0.13333333333333333,0.8666666666666667,1.0,0.8666666666666667,0.0,0.7333333333333334,1.0,0.15384615384615385,1,13,1.0,0.19333333333333333,0.8066666666666666,1.0,0.9,0.0,0.7066666666666667,1.0,0.20714285714285713,1,14,1.0,0.2,0.8,1.0,1.0,0.0,0.8,1.0,0.2,1,15,scalar_probe,scalar,l1,1.0,False,0.5
rel:21,relation_dossiers,rel:21|cond=rel:21:custom:anchor,rel:21:custom:anchor,scalar__l3,80,15,scalar_probe|rel:21|scalar__l3|w80|rel:21|cond=rel:21:custom:anchor,70,0.875,False,1,False,1.0,0.13333333333333333,0.8666666666666667,1.0,0.8666666666666667,0.0,0.7333333333333334,1.0,0.15384615384615385,1,13,1.0,0.19333333333333333,0.8066666666666666,1.0,0.9,0.0,0.7066666666666667,1.0,0.20714285714285713,1,14,1.0,0.2,0.8,1.0,1.0,0.0,0.8,1.0,0.2,1,15,scalar_probe,scalar,l3,3.0,False,0.75
rel:21,relation_dossiers,rel:21|cond=rel:21:custom:anchor,rel:21:custom:anchor,scalar__linf,80,15,scalar_probe|rel:21|scalar__linf|w80|rel:21|cond=rel:21:custom:anchor,69,0.8625,False,1,False,1.0,0.06666666666666667,0.9333333333333333,1.0,0.8666666666666667,0.0,0.8,1.0,0.07692307692307693,1,13,1.0,0.11999999999999998,0.88,1.0,0.9,0.0,0.78,1.0,0.12857142857142856,1,14,1.0,0.06666666666666667,0.9333333333333333,1.0,1.0,0.0,0.9333333333333333,1.0,0.06666666666666667,1,15,scalar_probe,scalar,linf,,True,1.0
rel:21,relation_dossiers,rel:21|cond=rel:21:facilities:anchor,rel:21:facilities:anchor,scalar__l0,80,15,scalar_probe|rel:21|scalar__l0|w80|rel:21|cond=rel:21:facilities:anchor,72,0.9,False,2,False,0.0,0.13333333333333333,-0.13333333333333333,0.0,0.9333333333333333,0.0,0.8,nan,0.14285714285714285,0,14,0.0,0.2733333333333334,-0.2733333333333334,0.5,0.9333333333333333,0.5,0.6599999999999999,0.0,0.2571428571428572,1,14,1.0,0.26666666666666666,0.7333333333333334,1.0,1.0,0.0,0.7333333333333334,1.0,0.26666666666666666,1,15,scalar_probe,scalar,l0,0.0,False,0.0
rel:21,relation_dossiers,rel:21|cond=rel:21:facilities:anchor,rel:21:facilities:anchor,scalar__l0p333,80,15,scalar_probe|rel:21|scalar__l0p333|w80|rel:21|cond=rel:21:facilities:anchor,70,0.875,False,2,False,0.0,0.26666666666666666,-0.26666666666666666,0.0,0.9333333333333333,0.0,0.6666666666666667,nan,0.2857142857142857,0,14,0.5,0.3433333333333334,0.15666666666666662,0.5,0.9333333333333333,0.0,0.59,0.5,0.3321428571428572,1,14,1.0,0.3333333333333333,0.6666666666666667,1.0,1.0,0.0,0.6666666666666667,1.0,0.3333333333333333,1,15,scalar_probe,scalar,l0p333,0.3333333333333333,False,0.25
rel:21,relation_dossiers,rel:21|cond=rel:21:facilities:anchor,rel:21:facilities:anchor,scalar__l1,80,15,scalar_probe|rel:21|scalar__l1|w80|rel:21|cond=rel:21:facilities:anchor,74,0.925,False,2,False,0.0,0.2,-0.2,0.0,0.9333333333333333,0.0,0.7333333333333334,nan,0.21428571428571427,0,14,0.5,0.31333333333333335,0.18666666666666665,0.5,0.9333333333333333,0.0,0.62,0.5,0.3,1,14,1.0,0.3333333333333333,0.6666666666666667,1.0,1.0,0.0,0.6666666666666667,1.0,0.3333333333333333,1,15,scalar_probe,scalar,l1,1.0,False,0.5
rel:21,relation_dossiers,rel:21|cond=rel:21:facilities:anchor,rel:21:facilities:anchor,scalar__l3,80,15,scalar_probe|rel:21|scalar__l3|w80|rel:21|cond=rel:21:facilities:anchor,74,0.925,False,2,False,0.0,0.2,-0.2,0.0,0.9333333333333333,0.0,0.7333333333333334,nan,0.21428571428571427,0,14,0.5,0.31333333333333335,0.18666666666666665,0.5,0.9333333333333333,0.0,0.62,0.5,0.3,1,14,1.0,0.3333333333333333,0.6666666666666667,1.0,1.0,0.0,0.6666666666666667,1.0,0.3333333333333333,1,15,scalar_probe,scalar,l3,3.0,False,0.75
rel:21,relation_dossiers,rel:21|cond=rel:21:facilities:anchor,rel:21:facilities:anchor,scalar__linf,80,15,scalar_probe|rel:21|scalar__linf|w80|rel:21|cond=rel:21:facilities:anchor,78,0.975,False,2,False,0.0,0.13333333333333333,-0.13333333333333333,0.0,0.9333333333333333,0.0,0.8,nan,0.14285714285714285,0,14,0.5,0.20476190476190476,0.29523809523809524,0.5,0.9333333333333333,0.0,0.7285714285714286,0.5,0.18367346938775508,1,14,1.0,0.26666666666666666,0.7333333333333334,1.0,1.0,0.0,0.7333333333333334,1.0,0.26666666666666666,1,15,scalar_probe,scalar,linf,,True,1.0
rel:21,relation_dossiers,rel:21|cond=rel:21:finance:anchor,rel:21:finance:anchor,scalar__l0,80,15,scalar_probe|rel:21|scalar__l0|w80|rel:21|cond=rel:21:finance:anchor,70,0.875,False,1,False,1.0,0.13333333333333333,0.8666666666666667,1.0,0.8666666666666667,0.0,0.7333333333333334,1.0,0.15384615384615385,1,13,1.0,0.17904761904761904,0.820952380952381,1.0,0.9,0.0,0.720952380952381,1.0,0.19183673469387755,1,14,1.0,0.13333333333333333,0.8666666666666667,1.0,1.0,0.0,0.8666666666666667,1.0,0.13333333333333333,1,15,scalar_probe,scalar,l0,0.0,False,0.0
rel:21,relation_dossiers,rel:21|cond=rel:21:finance:anchor,rel:21:finance:anchor,scalar__l0p333,80,15,scalar_probe|rel:21|scalar__l0p333|w80|rel:21|cond=rel:21:finance:anchor,70,0.875,False,2,False,1.0,0.2,0.8,1.0,0.8666666666666667,0.0,0.6666666666666667,1.0,0.23076923076923078,1,13,1.0,0.2,0.8,1.0,0.9,0.0,0.7,1.0,0.21428571428571427,1,14,1.0,0.2,0.8,1.0,1.0,0.0,0.8,1.0,0.2,1,15,scalar_probe,scalar,l0p333,0.3333333333333333,False,0.25
rel:21,relation_dossiers,rel:21|cond=rel:21:finance:anchor,rel:21:finance:anchor,scalar__l1,80,15,scalar_probe|rel:21|scalar__l1|w80|rel:21|cond=rel:21:finance:anchor,72,0.9,False,1,False,1.0,0.2,0.8,1.0,0.8666666666666667,0.0,0.6666666666666667,1.0,0.23076923076923078,1,13,1.0,0.22666666666666666,0.7733333333333333,1.0,0.9,0.0,0.6733333333333333,1.0,0.24285714285714285,1,14,1.0,0.2,0.8,1.0,1.0,0.0,0.8,1.0,0.2,1,15,scalar_probe,scalar,l1,1.0,False,0.5
rel:21,relation_dossiers,rel:21|cond=rel:21:finance:anchor,rel:21:finance:anchor,scalar__l3,80,15,scalar_probe|rel:21|scalar__l3|w80|rel:21|cond=rel:21:finance:anchor,72,0.9,False,1,False,1.0,0.2,0.8,1.0,0.8666666666666667,0.0,0.6666666666666667,1.0,0.23076923076923078,1,13,1.0,0.22666666666666666,0.7733333333333333,1.0,0.9,0.0,0.6733333333333333,1.0,0.24285714285714285,1,14,1.0,0.2,0.8,1.0,1.0,0.0,0.8,1.0,0.2,1,15,scalar_probe,scalar,l3,3.0,False,0.75
rel:21,relation_dossiers,rel:21|cond=rel:21:finance:anchor,rel:21:finance:anchor,scalar__linf,80,15,scalar_probe|rel:21|scalar__linf|w80|rel:21|cond=rel:21:finance:anchor,71,0.8875,False,2,False,1.0,0.2,0.8,1.0,0.8666666666666667,0.0,0.6666666666666667,1.0,0.23076923076923078,1,13,1.0,0.2562962962962963,0.7437037037037038,1.0,0.9,0.0,0.6437037037037037,1.0,0.2746031746031746,1,14,1.0,0.2,0.8,1.0,1.0,0.0,0.8,1.0,0.2,1,15,scalar_probe,scalar,linf,,True,1.0
rel:21,relation_dossiers,rel:21|cond=rel:21:founding:anchor,rel:21:founding:anchor,scalar__l0,80,15,scalar_probe|rel:21|scalar__l0|w80|rel:21|cond=rel:21:founding:anchor,69,0.8625,False,2,False,1.0,0.26666666666666666,0.7333333333333334,1.0,0.8666666666666667,0.0,0.6000000000000001,1.0,0.3076923076923077,1,13,1.0,0.36000000000000004,0.6399999999999999,1.0,0.9,0.0,0.54,1.0,0.35000000000000003,1,14,1.0,0.4,0.6,1.0,1.0,0.0,0.6,1.0,0.4,1,15,scalar_probe,scalar,l0,0.0,False,0.0
rel:21,relation_dossiers,rel:21|cond=rel:21:founding:anchor,rel:21:founding:anchor,scalar__l0p333,80,15,scalar_probe|rel:21|scalar__l0p333|w80|rel:21|cond=rel:21:founding:anchor,76,0.95,False,2,False,1.0,0.26666666666666666,0.7333333333333334,1.0,0.8666666666666667,0.0,0.6000000000000001,1.0,0.3076923076923077,1,13,1.0,0.36000000000000004,0.6399999999999999,1.0,0.9,0.0,0.54,1.0,0.35000000000000003,1,14,1.0,0.4,0.6,1.0,1.0,0.0,0.6,1.0,0.4,1,15,scalar_probe,scalar,l0p333,0.3333333333333333,False,0.25
rel:21,relation_dossiers,rel:21|cond=rel:21:founding:anchor,rel:21:founding:anchor,scalar__l1,80,15,scalar_probe|rel:21|scalar__l1|w80|rel:21|cond=rel:21:founding:anchor,70,0.875,False,1,False,1.0,0.26666666666666666,0.7333333333333334,1.0,0.8666666666666667,0.0,0.6000000000000001,1.0,0.3076923076923077,1,13,1.0,0.36000000000000004,0.6399999999999999,1.0,0.9,0.0,0.54,1.0,0.35000000000000003,1,14,1.0,0.4,0.6,1.0,1.0,0.0,0.6,1.0,0.4,1,15,scalar_probe,scalar,l1,1.0,False,0.5
rel:21,relation_dossiers,rel:21|cond=rel:21:founding:anchor,rel:21:founding:anchor,scalar__l3,80,15,scalar_probe|rel:21|scalar__l3|w80|rel:21|cond=rel:21:founding:anchor,76,0.95,False,2,False,1.0,0.26666666666666666,0.7333333333333334,1.0,0.8666666666666667,0.0,0.6000000000000001,1.0,0.3076923076923077,1,13,1.0,0.36000000000000004,0.6399999999999999,1.0,0.9,0.0,0.54,1.0,0.35000000000000003,1,14,1.0,0.4,0.6,1.0,1.0,0.0,0.6,1.0,0.4,1,15,scalar_probe,scalar,l3,3.0,False,0.75
rel:21,relation_dossiers,rel:21|cond=rel:21:founding:anchor,rel:21:founding:anchor,scalar__linf,80,15,scalar_probe|rel:21|scalar__linf|w80|rel:21|cond=rel:21:founding:anchor,74,0.925,False,1,False,1.0,0.3333333333333333,0.6666666666666667,1.0,0.8666666666666667,0.0,0.5333333333333334,1.0,0.38461538461538464,1,13,1.0,0.39333333333333337,0.6066666666666667,1.0,0.9,0.0,0.5066666666666666,1.0,0.42142857142857143,1,14,1.0,0.4666666666666667,0.5333333333333333,1.0,1.0,0.0,0.5333333333333333,1.0,0.4666666666666667,1,15,scalar_probe,scalar,linf,,True,1.0
rel:22,relation_dossiers,rel:22|cond=rel:22:custom:anchor,rel:22:custom:anchor,scalar__l0,80,15,scalar_probe|rel:22|scalar__l0|w80|rel:22|cond=rel:22:custom:anchor,72,0.9,False,1,False,1.0,0.2,0.8,1.0,0.9333333333333333,0.0,0.7333333333333334,1.0,0.21428571428571427,1,14,1.0,0.2,0.8,1.0,0.9777777777777777,0.0,0.7777777777777777,1.0,0.2,1,15,1.0,0.2,0.8,1.0,1.0,0.0,0.8,1.0,0.2,1,15,scalar_probe,scalar,l0,0.0,False,0.0
rel:22,relation_dossiers,rel:22|cond=rel:22:custom:anchor,rel:22:custom:anchor,scalar__l0p333,80,15,scalar_probe|rel:22|scalar__l0p333|w80|rel:22|cond=rel:22:custom:anchor,80,1.0,False,2,False,1.0,0.2,0.8,1.0,0.9333333333333333,0.0,0.7333333333333334,1.0,0.21428571428571427,1,14,1.0,0.2,0.8,1.0,0.9777777777777777,0.0,0.7777777777777777,1.0,0.2,1,15,1.0,0.2,0.8,1.0,1.0,0.0,0.8,1.0,0.2,1,15,scalar_probe,scalar,l0p333,0.3333333333333333,False,0.25
rel:22,relation_dossiers,rel:22|cond=rel:22:custom:anchor,rel:22:custom:anchor,scalar__l1,80,15,scalar_probe|rel:22|scalar__l1|w80|rel:22|cond=rel:22:custom:anchor,70,0.875,False,1,False,1.0,0.2,0.8,1.0,0.9333333333333333,0.0,0.7333333333333334,1.0,0.21428571428571427,1,14,1.0,0.2,0.8,1.0,0.9777777777777777,0.0,0.7777777777777777,1.0,0.2,1,15,1.0,0.2,0.8,1.0,1.0,0.0,0.8,1.0,0.2,1,15,scalar_probe,scalar,l1,1.0,False,0.5
rel:22,relation_dossiers,rel:22|cond=rel:22:custom:anchor,rel:22:custom:anchor,scalar__l3,80,15,scalar_probe|rel:22|scalar__l3|w80|rel:22|cond=rel:22:custom:anchor,70,0.875,False,1,False,1.0,0.2,0.8,1.0,0.9333333333333333,0.0,0.7333333333333334,1.0,0.21428571428571427,1,14,1.0,0.2,0.8,1.0,0.9777777777777777,0.0,0.7777777777777777,1.0,0.2,1,15,1.0,0.2,0.8,1.0,1.0,0.0,0.8,1.0,0.2,1,15,scalar_probe,scalar,l3,3.0,False,0.75
rel:22,relation_dossiers,rel:22|cond=rel:22:custom:anchor,rel:22:custom:anchor,scalar__linf,80,15,scalar_probe|rel:22|scalar__linf|w80|rel:22|cond=rel:22:custom:anchor,70,0.875,False,1,False,1.0,0.13333333333333333,0.8666666666666667,1.0,0.9333333333333333,0.0,0.8,1.0,0.14285714285714285,1,14,1.0,0.13333333333333333,0.8666666666666667,1.0,0.9777777777777777,0.0,0.8444444444444444,1.0,0.13333333333333333,1,15,1.0,0.13333333333333333,0.8666666666666667,1.0,1.0,0.0,0.8666666666666667,1.0,0.13333333333333333,1,15,scalar_probe,scalar,linf,,True,1.0
rel:22,relation_dossiers,rel:22|cond=rel:22:facilities:anchor,rel:22:facilities:anchor,scalar__l0,80,15,scalar_probe|rel:22|scalar__l0|w80|rel:22|cond=rel:22:facilities:anchor,75,0.9375,False,1,False,1.0,0.26666666666666666,0.7333333333333334,1.0,0.9333333333333333,0.0,0.6666666666666667,1.0,0.2857142857142857,1,14,1.0,0.31111111111111106,0.6888888888888889,1.0,0.9777777777777777,0.0,0.6666666666666667,1.0,0.31111111111111106,1,15,1.0,0.3333333333333333,0.6666666666666667,1.0,1.0,0.0,0.6666666666666667,1.0,0.3333333333333333,1,15,scalar_probe,scalar,l0,0.0,False,0.0
rel:22,relation_dossiers,rel:22|cond=rel:22:facilities:anchor,rel:22:facilities:anchor,scalar__l0p333,80,15,scalar_probe|rel:22|scalar__l0p333|w80|rel:22|cond=rel:22:facilities:anchor,80,1.0,False,1,False,1.0,0.3333333333333333,0.6666666666666667,1.0,0.9333333333333333,0.0,0.6000000000000001,1.0,0.35714285714285715,1,14,1.0,0.3777777777777777,0.6222222222222222,1.0,0.9777777777777777,0.0,0.6000000000000001,1.0,0.3777777777777777,1,15,1.0,0.4,0.6,1.0,1.0,0.0,0.6,1.0,0.4,1,15,scalar_probe,scalar,l0p333,0.3333333333333333,False,0.25
rel:22,relation_dossiers,rel:22|cond=rel:22:facilities:anchor,rel:22:facilities:anchor,scalar__l1,80,15,scalar_probe|rel:22|scalar__l1|w80|rel:22|cond=rel:22:facilities:anchor,71,0.8875,False,1,False,1.0,0.2,0.8,1.0,0.9333333333333333,0.0,0.7333333333333334,1.0,0.21428571428571427,1,14,1.0,0.24444444444444444,0.7555555555555555,1.0,0.9777777777777777,0.0,0.7333333333333333,1.0,0.24444444444444444,1,15,1.0,0.26666666666666666,0.7333333333333334,1.0,1.0,0.0,0.7333333333333334,1.0,0.26666666666666666,1,15,scalar_probe,scalar,l1,1.0,False,0.5
rel:22,relation_dossiers,rel:22|cond=rel:22:facilities:anchor,rel:22:facilities:anchor,scalar__l3,80,15,scalar_probe|rel:22|scalar__l3|w80|rel:22|cond=rel:22:facilities:anchor,80,1.0,False,1,False,1.0,0.3333333333333333,0.6666666666666667,1.0,0.9333333333333333,0.0,0.6000000000000001,1.0,0.35714285714285715,1,14,1.0,0.3777777777777777,0.6222222222222222,1.0,0.9777777777777777,0.0,0.6000000000000001,1.0,0.3777777777777777,1,15,1.0,0.4,0.6,1.0,1.0,0.0,0.6,1.0,0.4,1,15,scalar_probe,scalar,l3,3.0,False,0.75
rel:22,relation_dossiers,rel:22|cond=rel:22:facilities:anchor,rel:22:facilities:anchor,scalar__linf,80,15,scalar_probe|rel:22|scalar__linf|w80|rel:22|cond=rel:22:facilities:anchor,69,0.8625,False,2,False,1.0,0.06666666666666667,0.9333333333333333,1.0,0.9333333333333333,0.0,0.8666666666666667,1.0,0.07142857142857142,1,14,1.0,0.1111111111111111,0.8888888888888888,1.0,0.9777777777777777,0.0,0.8666666666666667,1.0,0.1111111111111111,1,15,1.0,0.13333333333333333,0.8666666666666667,1.0,1.0,0.0,0.8666666666666667,1.0,0.13333333333333333,1,15,scalar_probe,scalar,linf,,True,1.0
rel:22,relation_dossiers,rel:22|cond=rel:22:finance:anchor,rel:22:finance:anchor,scalar__l0,80,15,scalar_probe|rel:22|scalar__l0|w80|rel:22|cond=rel:22:finance:anchor,75,0.9375,False,1,False,1.0,0.26666666666666666,0.7333333333333334,1.0,0.9333333333333333,0.0,0.6666666666666667,1.0,0.2857142857142857,1,14,1.0,0.31111111111111106,0.6888888888888889,1.0,0.9777777777777777,0.0,0.6666666666666667,1.0,0.31111111111111106,1,15,1.0,0.3333333333333333,0.6666666666666667,1.0,1.0,0.0,0.6666666666666667,1.0,0.3333333333333333,1,15,scalar_probe,scalar,l0,0.0,False,0.0
rel:22,relation_dossiers,rel:22|cond=rel:22:finance:anchor,rel:22:finance:anchor,scalar__l0p333,80,15,scalar_probe|rel:22|scalar__l0p333|w80|rel:22|cond=rel:22:finance:anchor,68,0.85,False,1,False,1.0,0.26666666666666666,0.7333333333333334,1.0,0.9333333333333333,0.0,0.6666666666666667,1.0,0.2857142857142857,1,14,1.0,0.31111111111111106,0.6888888888888889,1.0,0.9777777777777777,0.0,0.6666666666666667,1.0,0.31111111111111106,1,15,1.0,0.3333333333333333,0.6666666666666667,1.0,1.0,0.0,0.6666666666666667,1.0,0.3333333333333333,1,15,scalar_probe,scalar,l0p333,0.3333333333333333,False,0.25
rel:22,relation_dossiers,rel:22|cond=rel:22:finance:anchor,rel:22:finance:anchor,scalar__l1,80,15,scalar_probe|rel:22|scalar__l1|w80|rel:22|cond=rel:22:finance:anchor,77,0.9625,False,1,False,1.0,0.4666666666666667,0.5333333333333333,1.0,0.9333333333333333,0.0,0.4666666666666667,1.0,0.5,1,14,1.0,0.5111111111111111,0.48888888888888893,1.0,0.9777777777777777,0.0,0.4666666666666667,1.0,0.5111111111111111,1,15,1.0,0.5333333333333333,0.4666666666666667,1.0,1.0,0.0,0.4666666666666667,1.0,0.5333333333333333,1,15,scalar_probe,scalar,l1,1.0,False,0.5
rel:22,relation_dossiers,rel:22|cond=rel:22:finance:anchor,rel:22:finance:anchor,scalar__l3,80,15,scalar_probe|rel:22|scalar__l3|w80|rel:22|cond=rel:22:finance:anchor,68,0.85,False,1,False,1.0,0.4,0.6,1.0,0.9333333333333333,0.0,0.5333333333333333,1.0,0.42857142857142855,1,14,1.0,0.4444444444444444,0.5555555555555556,1.0,0.9777777777777777,0.0,0.5333333333333333,1.0,0.4444444444444444,1,15,1.0,0.4666666666666667,0.5333333333333333,1.0,1.0,0.0,0.5333333333333333,1.0,0.4666666666666667,1,15,scalar_probe,scalar,l3,3.0,False,0.75
rel:22,relation_dossiers,rel:22|cond=rel:22:finance:anchor,rel:22:finance:anchor,scalar__linf,80,15,scalar_probe|rel:22|scalar__linf|w80|rel:22|cond=rel:22:finance:anchor,69,0.8625,False,1,False,1.0,0.4,0.6,1.0,0.9333333333333333,0.0,0.5333333333333333,1.0,0.42857142857142855,1,14,1.0,0.4444444444444444,0.5555555555555556,1.0,0.9777777777777777,0.0,0.5333333333333333,1.0,0.4444444444444444,1,15,1.0,0.4666666666666667,0.5333333333333333,1.0,1.0,0.0,0.5333333333333333,1.0,0.4666666666666667,1,15,scalar_probe,scalar,linf,,True,1.0
rel:22,relation_dossiers,rel:22|cond=rel:22:founding:anchor,rel:22:founding:anchor,scalar__l0,80,15,scalar_probe|rel:22|scalar__l0|w80|rel:22|cond=rel:22:founding:anchor,78,0.975,False,1,False,1.0,0.26666666666666666,0.7333333333333334,1.0,0.9333333333333333,0.0,0.6666666666666667,1.0,0.2857142857142857,1,14,1.0,0.31111111111111106,0.6888888888888889,1.0,0.9777777777777777,0.0,0.6666666666666667,1.0,0.31111111111111106,1,15,1.0,0.3333333333333333,0.6666666666666667,1.0,1.0,0.0,0.6666666666666667,1.0,0.3333333333333333,1,15,scalar_probe,scalar,l0,0.0,False,0.0
rel:22,relation_dossiers,rel:22|cond=rel:22:founding:anchor,rel:22:founding:anchor,scalar__l0p333,80,15,scalar_probe|rel:22|scalar__l0p333|w80|rel:22|cond=rel:22:founding:anchor,74,0.925,False,2,False,1.0,0.26666666666666666,0.7333333333333334,1.0,0.9333333333333333,0.0,0.6666666666666667,1.0,0.2857142857142857,1,14,1.0,0.31111111111111106,0.6888888888888889,1.0,0.9777777777777777,0.0,0.6666666666666667,1.0,0.31111111111111106,1,15,1.0,0.3333333333333333,0.6666666666666667,1.0,1.0,0.0,0.6666666666666667,1.0,0.3333333333333333,1,15,scalar_probe,scalar,l0p333,0.3333333333333333,False,0.25
rel:22,relation_dossiers,rel:22|cond=rel:22:founding:anchor,rel:22:founding:anchor,scalar__l1,80,15,scalar_probe|rel:22|scalar__l1|w80|rel:22|cond=rel:22:founding:anchor,74,0.925,False,1,False,1.0,0.3333333333333333,0.6666666666666667,1.0,0.9333333333333333,0.0,0.6000000000000001,1.0,0.35714285714285715,1,14,1.0,0.3333333333333333,0.6666666666666667,1.0,0.9777777777777777,0.0,0.6444444444444444,1.0,0.3333333333333333,1,15,1.0,0.3333333333333333,0.6666666666666667,1.0,1.0,0.0,0.6666666666666667,1.0,0.3333333333333333,1,15,scalar_probe,scalar,l1,1.0,False,0.5
rel:22,relation_dossiers,rel:22|cond=rel:22:founding:anchor,rel:22:founding:anchor,scalar__l3,80,15,scalar_probe|rel:22|scalar__l3|w80|rel:22|cond=rel:22:founding:anchor,69,0.8625,False,1,False,1.0,0.3333333333333333,0.6666666666666667,1.0,0.9333333333333333,0.0,0.6000000000000001,1.0,0.35714285714285715,1,14,1.0,0.3333333333333333,0.6666666666666667,1.0,0.9777777777777777,0.0,0.6444444444444444,1.0,0.3333333333333333,1,15,1.0,0.3333333333333333,0.6666666666666667,1.0,1.0,0.0,0.6666666666666667,1.0,0.3333333333333333,1,15,scalar_probe,scalar,l3,3.0,False,0.75
rel:22,relation_dossiers,rel:22|cond=rel:22:founding:anchor,rel:22:founding:anchor,scalar__linf,80,15,scalar_probe|rel:22|scalar__linf|w80|rel:22|cond=rel:22:founding:anchor,76,0.95,False,2,False,1.0,0.3333333333333333,0.6666666666666667,1.0,0.9333333333333333,0.0,0.6000000000000001,1.0,0.35714285714285715,1,14,1.0,0.3777777777777777,0.6222222222222222,1.0,0.9777777777777777,0.0,0.6000000000000001,1.0,0.3777777777777777,1,15,1.0,0.4,0.6,1.0,1.0,0.0,0.6,1.0,0.4,1,15,scalar_probe,scalar,linf,,True,1.0
rel:23,relation_dossiers,rel:23|cond=rel:23:custom:anchor,rel:23:custom:anchor,scalar__l0,80,15,scalar_probe|rel:23|scalar__l0|w80|rel:23|cond=rel:23:custom:anchor,77,0.9625,False,1,False,1.0,0.13333333333333333,0.8666666666666667,1.0,0.9333333333333333,0.0,0.8,1.0,0.14285714285714285,1,14,1.0,0.13333333333333333,0.8666666666666667,1.0,0.9777777777777777,0.0,0.8444444444444444,1.0,0.13333333333333333,1,15,1.0,0.13333333333333333,0.8666666666666667,1.0,1.0,0.0,0.8666666666666667,1.0,0.13333333333333333,1,15,scalar_probe,scalar,l0,0.0,False,0.0
rel:23,relation_dossiers,rel:23|cond=rel:23:custom:anchor,rel:23:custom:anchor,scalar__l0p333,80,15,scalar_probe|rel:23|scalar__l0p333|w80|rel:23|cond=rel:23:custom:anchor,69,0.8625,False,1,False,1.0,0.06666666666666667,0.9333333333333333,1.0,0.9333333333333333,0.0,0.8666666666666667,1.0,0.07142857142857142,1,14,1.0,0.06666666666666667,0.9333333333333333,1.0,0.9777777777777777,0.0,0.9111111111111111,1.0,0.06666666666666667,1,15,1.0,0.06666666666666667,0.9333333333333333,1.0,1.0,0.0,0.9333333333333333,1.0,0.06666666666666667,1,15,scalar_probe,scalar,l0p333,0.3333333333333333,False,0.25
rel:23,relation_dossiers,rel:23|cond=rel:23:custom:anchor,rel:23:custom:anchor,scalar__l1,80,15,scalar_probe|rel:23|scalar__l1|w80|rel:23|cond=rel:23:custom:anchor,75,0.9375,False,2,False,1.0,0.06666666666666667,0.9333333333333333,1.0,0.9333333333333333,0.0,0.8666666666666667,1.0,0.07142857142857142,1,14,1.0,0.06666666666666667,0.9333333333333333,1.0,0.9777777777777777,0.0,0.9111111111111111,1.0,0.06666666666666667,1,15,1.0,0.06666666666666667,0.9333333333333333,1.0,1.0,0.0,0.9333333333333333,1.0,0.06666666666666667,1,15,scalar_probe,scalar,l1,1.0,False,0.5
rel:23,relation_dossiers,rel:23|cond=rel:23:custom:anchor,rel:23:custom:anchor,scalar__l3,80,15,scalar_probe|rel:23|scalar__l3|w80|rel:23|cond=rel:23:custom:anchor,75,0.9375,False,2,False,1.0,0.06666666666666667,0.9333333333333333,1.0,0.9333333333333333,0.0,0.8666666666666667,1.0,0.07142857142857142,1,14,1.0,0.06666666666666667,0.9333333333333333,1.0,0.9777777777777777,0.0,0.9111111111111111,1.0,0.06666666666666667,1,15,1.0,0.06666666666666667,0.9333333333333333,1.0,1.0,0.0,0.9333333333333333,1.0,0.06666666666666667,1,15,scalar_probe,scalar,l3,3.0,False,0.75
rel:23,relation_dossiers,rel:23|cond=rel:23:custom:anchor,rel:23:custom:anchor,scalar__linf,80,15,scalar_probe|rel:23|scalar__linf|w80|rel:23|cond=rel:23:custom:anchor,71,0.8875,False,1,False,1.0,0.13333333333333333,0.8666666666666667,1.0,0.9333333333333333,0.0,0.8,1.0,0.14285714285714285,1,14,1.0,0.13333333333333333,0.8666666666666667,1.0,0.9777777777777777,0.0,0.8444444444444444,1.0,0.13333333333333333,1,15,1.0,0.13333333333333333,0.8666666666666667,1.0,1.0,0.0,0.8666666666666667,1.0,0.13333333333333333,1,15,scalar_probe,scalar,linf,,True,1.0
rel:23,relation_dossiers,rel:23|cond=rel:23:facilities:anchor,rel:23:facilities:anchor,scalar__l0,80,15,scalar_probe|rel:23|scalar__l0|w80|rel:23|cond=rel:23:facilities:anchor,71,0.8875,False,1,False,1.0,0.26666666666666666,0.7333333333333334,1.0,0.9333333333333333,0.0,0.6666666666666667,1.0,0.2857142857142857,1,14,1.0,0.26666666666666666,0.7333333333333334,1.0,0.9777777777777777,0.0,0.711111111111111,1.0,0.26666666666666666,1,15,1.0,0.26666666666666666,0.7333333333333334,1.0,1.0,0.0,0.7333333333333334,1.0,0.26666666666666666,1,15,scalar_probe,scalar,l0,0.0,False,0.0
rel:23,relation_dossiers,rel:23|cond=rel:23:facilities:anchor,rel:23:facilities:anchor,scalar__l0p333,80,15,scalar_probe|rel:23|scalar__l0p333|w80|rel:23|cond=rel:23:facilities:anchor,71,0.8875,False,2,False,1.0,0.06666666666666667,0.9333333333333333,1.0,0.9333333333333333,0.0,0.8666666666666667,1.0,0.07142857142857142,1,14,1.0,0.13777777777777775,0.8622222222222222,1.0,0.9777777777777777,0.0,0.84,1.0,0.13777777777777775,1,15,1.0,0.13333333333333333,0.8666666666666667,1.0,1.0,0.0,0.8666666666666667,1.0,0.13333333333333333,1,15,scalar_probe,scalar,l0p333,0.3333333333333333,False,0.25
rel:23,relation_dossiers,rel:23|cond=rel:23:facilities:anchor,rel:23:facilities:anchor,scalar__l1,80,15,scalar_probe|rel:23|scalar__l1|w80|rel:23|cond=rel:23:facilities:anchor,69,0.8625,False,2,False,1.0,0.0,1.0,1.0,0.9333333333333333,0.0,0.9333333333333333,1.0,0.0,1,14,1.0,0.04444444444444444,0.9555555555555556,1.0,0.9777777777777777,0.0,0.9333333333333333,1.0,0.04444444444444444,1,15,1.0,0.06666666666666667,0.9333333333333333,1.0,1.0,0.0,0.9333333333333333,1.0,0.06666666666666667,1,15,scalar_probe,scalar,l1,1.0,False,0.5
rel:23,relation_dossiers,rel:23|cond=rel:23:facilities:anchor,rel:23:facilities:anchor,scalar__l3,80,15,scalar_probe|rel:23|scalar__l3|w80|rel:23|cond=rel:23:facilities:anchor,69,0.8625,False,2,False,1.0,0.0,1.0,1.0,0.9333333333333333,0.0,0.9333333333333333,1.0,0.0,1,14,1.0,0.04444444444444444,0.9555555555555556,1.0,0.9777777777777777,0.0,0.9333333333333333,1.0,0.04444444444444444,1,15,1.0,0.06666666666666667,0.9333333333333333,1.0,1.0,0.0,0.9333333333333333,1.0,0.06666666666666667,1,15,scalar_probe,scalar,l3,3.0,False,0.75
rel:23,relation_dossiers,rel:23|cond=rel:23:facilities:anchor,rel:23:facilities:anchor,scalar__linf,80,15,scalar_probe|rel:23|scalar__linf|w80|rel:23|cond=rel:23:facilities:anchor,69,0.8625,False,2,False,1.0,0.13333333333333333,0.8666666666666667,1.0,0.9333333333333333,0.0,0.8,1.0,0.14285714285714285,1,14,1.0,0.18222222222222223,0.8177777777777777,1.0,0.9777777777777777,0.0,0.7955555555555556,1.0,0.18222222222222223,1,15,1.0,0.13333333333333333,0.8666666666666667,1.0,1.0,0.0,0.8666666666666667,1.0,0.13333333333333333,1,15,scalar_probe,scalar,linf,,True,1.0
rel:23,relation_dossiers,rel:23|cond=rel:23:finance:anchor,rel:23:finance:anchor,scalar__l0,80,15,scalar_probe|rel:23|scalar__l0|w80|rel:23|cond=rel:23:finance:anchor,74,0.925,False,3,False,1.0,0.13333333333333333,0.8666666666666667,1.0,0.9333333333333333,0.0,0.8,1.0,0.14285714285714285,1,14,1.0,0.16666666666666666,0.8333333333333334,1.0,0.9777777777777777,0.0,0.8111111111111111,1.0,0.16666666666666666,1,15,1.0,0.2,0.8,1.0,1.0,0.0,0.8,1.0,0.2,1,15,scalar_probe,scalar,l0,0.0,False,0.0
rel:23,relation_dossiers,rel:23|cond=rel:23:finance:anchor,rel:23:finance:anchor,scalar__l0p333,80,15,scalar_probe|rel:23|scalar__l0p333|w80|rel:23|cond=rel:23:finance:anchor,71,0.8875,False,1,False,0.0,0.06666666666666667,-0.06666666666666667,1.0,0.9333333333333333,1.0,0.8666666666666667,0.0,0.07142857142857142,1,14,0.6666666666666666,0.13777777777777775,0.5288888888888889,1.0,0.9777777777777777,0.33333333333333337,0.84,0.6666666666666666,0.13777777777777775,1,15,1.0,0.13333333333333333,0.8666666666666667,1.0,1.0,0.0,0.8666666666666667,1.0,0.13333333333333333,1,15,scalar_probe,scalar,l0p333,0.3333333333333333,False,0.25
rel:23,relation_dossiers,rel:23|cond=rel:23:finance:anchor,rel:23:finance:anchor,scalar__l1,80,15,scalar_probe|rel:23|scalar__l1|w80|rel:23|cond=rel:23:finance:anchor,71,0.8875,False,1,False,0.0,0.06666666666666667,-0.06666666666666667,1.0,0.9333333333333333,1.0,0.8666666666666667,0.0,0.07142857142857142,1,14,0.6666666666666666,0.13777777777777775,0.5288888888888889,1.0,0.9777777777777777,0.33333333333333337,0.84,0.6666666666666666,0.13777777777777775,1,15,1.0,0.13333333333333333,0.8666666666666667,1.0,1.0,0.0,0.8666666666666667,1.0,0.13333333333333333,1,15,scalar_probe,scalar,l1,1.0,False,0.5
rel:23,relation_dossiers,rel:23|cond=rel:23:finance:anchor,rel:23:finance:anchor,scalar__l3,80,15,scalar_probe|rel:23|scalar__l3|w80|rel:23|cond=rel:23:finance:anchor,71,0.8875,False,1,False,0.0,0.06666666666666667,-0.06666666666666667,1.0,0.9333333333333333,1.0,0.8666666666666667,0.0,0.07142857142857142,1,14,0.6666666666666666,0.13777777777777775,0.5288888888888889,1.0,0.9777777777777777,0.33333333333333337,0.84,0.6666666666666666,0.13777777777777775,1,15,1.0,0.13333333333333333,0.8666666666666667,1.0,1.0,0.0,0.8666666666666667,1.0,0.13333333333333333,1,15,scalar_probe,scalar,l3,3.0,False,0.75
rel:23,relation_dossiers,rel:23|cond=rel:23:finance:anchor,rel:23:finance:anchor,scalar__linf,80,15,scalar_probe|rel:23|scalar__linf|w80|rel:23|cond=rel:23:finance:anchor,71,0.8875,False,1,False,1.0,0.13333333333333333,0.8666666666666667,1.0,0.9333333333333333,0.0,0.8,1.0,0.14285714285714285,1,14,1.0,0.13333333333333333,0.8666666666666667,1.0,0.9777777777777777,0.0,0.8444444444444444,1.0,0.13333333333333333,1,15,1.0,0.13333333333333333,0.8666666666666667,1.0,1.0,0.0,0.8666666666666667,1.0,0.13333333333333333,1,15,scalar_probe,scalar,linf,,True,1.0
rel:23,relation_dossiers,rel:23|cond=rel:23:founding:anchor,rel:23:founding:anchor,scalar__l0,80,15,scalar_probe|rel:23|scalar__l0|w80|rel:23|cond=rel:23:founding:anchor,73,0.9125,False,2,False,1.0,0.26666666666666666,0.7333333333333334,1.0,0.9333333333333333,0.0,0.6666666666666667,1.0,0.2857142857142857,1,14,1.0,0.26666666666666666,0.7333333333333334,1.0,0.9777777777777777,0.0,0.711111111111111,1.0,0.26666666666666666,1,15,1.0,0.26666666666666666,0.7333333333333334,1.0,1.0,0.0,0.7333333333333334,1.0,0.26666666666666666,1,15,scalar_probe,scalar,l0,0.0,False,0.0
rel:23,relation_dossiers,rel:23|cond=rel:23:founding:anchor,rel:23:founding:anchor,scalar__l0p333,80,15,scalar_probe|rel:23|scalar__l0p333|w80|rel:23|cond=rel:23:founding:anchor,72,0.9,False,3,False,1.0,0.13333333333333333,0.8666666666666667,1.0,0.9333333333333333,0.0,0.8,1.0,0.14285714285714285,1,14,1.0,0.16,0.84,1.0,0.9777777777777777,0.0,0.8177777777777777,1.0,0.16,1,15,1.0,0.13333333333333333,0.8666666666666667,1.0,1.0,0.0,0.8666666666666667,1.0,0.13333333333333333,1,15,scalar_probe,scalar,l0p333,0.3333333333333333,False,0.25
rel:23,relation_dossiers,rel:23|cond=rel:23:founding:anchor,rel:23:founding:anchor,scalar__l1,80,15,scalar_probe|rel:23|scalar__l1|w80|rel:23|cond=rel:23:founding:anchor,75,0.9375,False,2,False,1.0,0.2,0.8,1.0,0.9333333333333333,0.0,0.7333333333333334,1.0,0.21428571428571427,1,14,1.0,0.24444444444444444,0.7555555555555555,1.0,0.9777777777777777,0.0,0.7333333333333333,1.0,0.24444444444444444,1,15,1.0,0.26666666666666666,0.7333333333333334,1.0,1.0,0.0,0.7333333333333334,1.0,0.26666666666666666,1,15,scalar_probe,scalar,l1,1.0,False,0.5
rel:23,relation_dossiers,rel:23|cond=rel:23:founding:anchor,rel:23:founding:anchor,scalar__l3,80,15,scalar_probe|rel:23|scalar__l3|w80|rel:23|cond=rel:23:founding:anchor,72,0.9,False,1,False,1.0,0.2,0.8,1.0,0.9333333333333333,0.0,0.7333333333333334,1.0,0.21428571428571427,1,14,1.0,0.24444444444444444,0.7555555555555555,1.0,0.9777777777777777,0.0,0.7333333333333333,1.0,0.24444444444444444,1,15,1.0,0.26666666666666666,0.7333333333333334,1.0,1.0,0.0,0.7333333333333334,1.0,0.26666666666666666,1,15,scalar_probe,scalar,l3,3.0,False,0.75
rel:23,relation_dossiers,rel:23|cond=rel:23:founding:anchor,rel:23:founding:anchor,scalar__linf,80,15,scalar_probe|rel:23|scalar__linf|w80|rel:23|cond=rel:23:founding:anchor,74,0.925,False,1,False,1.0,0.3333333333333333,0.6666666666666667,1.0,0.9333333333333333,0.0,0.6000000000000001,1.0,0.35714285714285715,1,14,1.0,0.36000000000000004,0.6399999999999999,1.0,0.9777777777777777,0.0,0.6177777777777778,1.0,0.36000000000000004,1,15,1.0,0.3333333333333333,0.6666666666666667,1.0,1.0,0.0,0.6666666666666667,1.0,0.3333333333333333,1,15,scalar_probe,scalar,linf,,True,1.0
rel:25,relation_dossiers,rel:25|cond=rel:25:custom:anchor,rel:25:custom:anchor,scalar__l0,80,15,scalar_probe|rel:25|scalar__l0|w80|rel:25|cond=rel:25:custom:anchor,73,0.9125,False,1,False,1.0,0.13333333333333333,0.8666666666666667,1.0,0.8666666666666667,0.0,0.7333333333333334,1.0,0.15384615384615385,1,13,1.0,0.16666666666666666,0.8333333333333334,1.0,0.9555555555555555,0.0,0.7888888888888889,1.0,0.16666666666666666,1,15,1.0,0.13333333333333333,0.8666666666666667,1.0,1.0,0.0,0.8666666666666667,1.0,0.13333333333333333,1,15,scalar_probe,scalar,l0,0.0,False,0.0
rel:25,relation_dossiers,rel:25|cond=rel:25:custom:anchor,rel:25:custom:anchor,scalar__l0p333,80,15,scalar_probe|rel:25|scalar__l0p333|w80|rel:25|cond=rel:25:custom:anchor,74,0.925,False,2,False,1.0,0.2,0.8,1.0,0.8666666666666667,0.0,0.6666666666666667,1.0,0.23076923076923078,1,13,1.0,0.23333333333333334,0.7666666666666666,1.0,0.9555555555555555,0.0,0.7222222222222221,1.0,0.23333333333333334,1,15,1.0,0.2,0.8,1.0,1.0,0.0,0.8,1.0,0.2,1,15,scalar_probe,scalar,l0p333,0.3333333333333333,False,0.25
rel:25,relation_dossiers,rel:25|cond=rel:25:custom:anchor,rel:25:custom:anchor,scalar__l1,80,15,scalar_probe|rel:25|scalar__l1|w80|rel:25|cond=rel:25:custom:anchor,71,0.8875,False,1,False,1.0,0.06666666666666667,0.9333333333333333,1.0,0.8666666666666667,0.0,0.8,1.0,0.07692307692307693,1,13,1.0,0.06666666666666667,0.9333333333333333,1.0,0.9555555555555555,0.0,0.8888888888888888,1.0,0.06666666666666667,1,15,1.0,0.06666666666666667,0.9333333333333333,1.0,1.0,0.0,0.9333333333333333,1.0,0.06666666666666667,1,15,scalar_probe,scalar,l1,1.0,False,0.5
rel:25,relation_dossiers,rel:25|cond=rel:25:custom:anchor,rel:25:custom:anchor,scalar__l3,80,15,scalar_probe|rel:25|scalar__l3|w80|rel:25|cond=rel:25:custom:anchor,69,0.8625,False,1,False,1.0,0.13333333333333333,0.8666666666666667,1.0,0.8666666666666667,0.0,0.7333333333333334,1.0,0.15384615384615385,1,13,1.0,0.13333333333333333,0.8666666666666667,1.0,0.9555555555555555,0.0,0.8222222222222222,1.0,0.13333333333333333,1,15,1.0,0.13333333333333333,0.8666666666666667,1.0,1.0,0.0,0.8666666666666667,1.0,0.13333333333333333,1,15,scalar_probe,scalar,l3,3.0,False,0.75
rel:25,relation_dossiers,rel:25|cond=rel:25:custom:anchor,rel:25:custom:anchor,scalar__linf,80,15,scalar_probe|rel:25|scalar__linf|w80|rel:25|cond=rel:25:custom:anchor,68,0.85,False,1,False,1.0,0.06666666666666667,0.9333333333333333,1.0,0.8666666666666667,0.0,0.8,1.0,0.07692307692307693,1,13,1.0,0.13333333333333333,0.8666666666666667,1.0,0.9555555555555555,0.0,0.8222222222222222,1.0,0.13333333333333333,1,15,1.0,0.06666666666666667,0.9333333333333333,1.0,1.0,0.0,0.9333333333333333,1.0,0.06666666666666667,1,15,scalar_probe,scalar,linf,,True,1.0
rel:25,relation_dossiers,rel:25|cond=rel:25:facilities:anchor,rel:25:facilities:anchor,scalar__l0,80,15,scalar_probe|rel:25|scalar__l0|w80|rel:25|cond=rel:25:facilities:anchor,75,0.9375,False,2,False,0.0,0.2,-0.2,0.0,0.9333333333333333,0.0,0.7333333333333334,nan,0.21428571428571427,0,14,0.6666666666666666,0.27777777777777773,0.3888888888888889,0.6666666666666666,0.9777777777777777,0.0,0.7,0.6666666666666666,0.27777777777777773,1,15,1.0,0.26666666666666666,0.7333333333333334,1.0,1.0,0.0,0.7333333333333334,1.0,0.26666666666666666,1,15,scalar_probe,scalar,l0,0.0,False,0.0
rel:25,relation_dossiers,rel:25|cond=rel:25:facilities:anchor,rel:25:facilities:anchor,scalar__l0p333,80,15,scalar_probe|rel:25|scalar__l0p333|w80|rel:25|cond=rel:25:facilities:anchor,77,0.9625,False,2,False,0.0,0.13333333333333333,-0.13333333333333333,0.0,0.9333333333333333,0.0,0.8,nan,0.14285714285714285,0,14,0.6666666666666666,0.17777777777777776,0.4888888888888889,0.6666666666666666,0.9777777777777777,0.0,0.8,0.6666666666666666,0.17777777777777776,1,15,1.0,0.2,0.8,1.0,1.0,0.0,0.8,1.0,0.2,1,15,scalar_probe,scalar,l0p333,0.3333333333333333,False,0.25
rel:25,relation_dossiers,rel:25|cond=rel:25:facilities:anchor,rel:25:facilities:anchor,scalar__l1,80,15,scalar_probe|rel:25|scalar__l1|w80|rel:25|cond=rel:25:facilities:anchor,69,0.8625,False,1,False,0.0,0.2,-0.2,0.0,0.9333333333333333,0.0,0.7333333333333334,nan,0.21428571428571427,0,14,0.6666666666666666,0.27777777777777773,0.3888888888888889,0.6666666666666666,0.9777777777777777,0.0,0.7,0.6666666666666666,0.27777777777777773,1,15,1.0,0.26666666666666666,0.7333333333333334,1.0,1.0,0.0,0.7333333333333334,1.0,0.26666666666666666,1,15,scalar_probe,scalar,l1,1.0,False,0.5
rel:25,relation_dossiers,rel:25|cond=rel:25:facilities:anchor,rel:25:facilities:anchor,scalar__l3,80,15,scalar_probe|rel:25|scalar__l3|w80|rel:25|cond=rel:25:facilities:anchor,71,0.8875,False,2,False,0.0,0.13333333333333333,-0.13333333333333333,0.0,0.9333333333333333,0.0,0.8,nan,0.14285714285714285,0,14,0.6666666666666666,0.17777777777777776,0.4888888888888889,0.6666666666666666,0.9777777777777777,0.0,0.8,0.6666666666666666,0.17777777777777776,1,15,1.0,0.2,0.8,1.0,1.0,0.0,0.8,1.0,0.2,1,15,scalar_probe,scalar,l3,3.0,False,0.75
rel:25,relation_dossiers,rel:25|cond=rel:25:facilities:anchor,rel:25:facilities:anchor,scalar__linf,80,15,scalar_probe|rel:25|scalar__linf|w80|rel:25|cond=rel:25:facilities:anchor,75,0.9375,False,1,False,0.0,0.06666666666666667,-0.06666666666666667,0.0,0.9333333333333333,0.0,0.8666666666666667,nan,0.07142857142857142,0,14,0.6666666666666666,0.14444444444444443,0.5222222222222221,0.6666666666666666,0.9777777777777777,0.0,0.8333333333333333,0.6666666666666666,0.14444444444444443,1,15,1.0,0.26666666666666666,0.7333333333333334,1.0,1.0,0.0,0.7333333333333334,1.0,0.26666666666666666,1,15,scalar_probe,scalar,linf,,True,1.0
rel:25,relation_dossiers,rel:25|cond=rel:25:finance:anchor,rel:25:finance:anchor,scalar__l0,80,15,scalar_probe|rel:25|scalar__l0|w80|rel:25|cond=rel:25:finance:anchor,73,0.9125,False,2,False,1.0,0.13333333333333333,0.8666666666666667,1.0,0.8666666666666667,0.0,0.7333333333333334,1.0,0.15384615384615385,1,13,1.0,0.2111111111111111,0.7888888888888889,1.0,0.9555555555555555,0.0,0.7444444444444444,1.0,0.2111111111111111,1,15,1.0,0.2,0.8,1.0,1.0,0.0,0.8,1.0,0.2,1,15,scalar_probe,scalar,l0,0.0,False,0.0
rel:25,relation_dossiers,rel:25|cond=rel:25:finance:anchor,rel:25:finance:anchor,scalar__l0p333,80,15,scalar_probe|rel:25|scalar__l0p333|w80|rel:25|cond=rel:25:finance:anchor,69,0.8625,False,1,False,1.0,0.13333333333333333,0.8666666666666667,1.0,0.8666666666666667,0.0,0.7333333333333334,1.0,0.15384615384615385,1,13,1.0,0.1925925925925926,0.8074074074074074,1.0,0.9555555555555555,0.0,0.7629629629629628,1.0,0.1925925925925926,1,15,1.0,0.2,0.8,1.0,1.0,0.0,0.8,1.0,0.2,1,15,scalar_probe,scalar,l0p333,0.3333333333333333,False,0.25
rel:25,relation_dossiers,rel:25|cond=rel:25:finance:anchor,rel:25:finance:anchor,scalar__l1,80,15,scalar_probe|rel:25|scalar__l1|w80|rel:25|cond=rel:25:finance:anchor,72,0.9,False,2,False,1.0,0.2,0.8,1.0,0.8666666666666667,0.0,0.6666666666666667,1.0,0.23076923076923078,1,13,1.0,0.24444444444444444,0.7555555555555555,1.0,0.9555555555555555,0.0,0.711111111111111,1.0,0.24444444444444444,1,15,1.0,0.26666666666666666,0.7333333333333334,1.0,1.0,0.0,0.7333333333333334,1.0,0.26666666666666666,1,15,scalar_probe,scalar,l1,1.0,False,0.5
rel:25,relation_dossiers,rel:25|cond=rel:25:finance:anchor,rel:25:finance:anchor,scalar__l3,80,15,scalar_probe|rel:25|scalar__l3|w80|rel:25|cond=rel:25:finance:anchor,77,0.9625,False,1,False,1.0,0.26666666666666666,0.7333333333333334,1.0,0.8666666666666667,0.0,0.6000000000000001,1.0,0.3076923076923077,1,13,1.0,0.3,0.7,1.0,0.9555555555555555,0.0,0.6555555555555554,1.0,0.3,1,15,1.0,0.26666666666666666,0.7333333333333334,1.0,1.0,0.0,0.7333333333333334,1.0,0.26666666666666666,1,15,scalar_probe,scalar,l3,3.0,False,0.75
rel:25,relation_dossiers,rel:25|cond=rel:25:finance:anchor,rel:25:finance:anchor,scalar__linf,80,15,scalar_probe|rel:25|scalar__linf|w80|rel:25|cond=rel:25:finance:anchor,75,0.9375,False,1,False,1.0,0.13333333333333333,0.8666666666666667,1.0,0.8666666666666667,0.0,0.7333333333333334,1.0,0.15384615384615385,1,13,1.0,0.17777777777777776,0.8222222222222222,1.0,0.9555555555555555,0.0,0.7777777777777777,1.0,0.17777777777777776,1,15,1.0,0.2,0.8,1.0,1.0,0.0,0.8,1.0,0.2,1,15,scalar_probe,scalar,linf,,True,1.0
rel:25,relation_dossiers,rel:25|cond=rel:25:founding:anchor,rel:25:founding:anchor,scalar__l0,80,15,scalar_probe|rel:25|scalar__l0|w80|rel:25|cond=rel:25:founding:anchor,76,0.95,False,2,False,1.0,0.26666666666666666,0.7333333333333334,1.0,0.8666666666666667,0.0,0.6000000000000001,1.0,0.3076923076923077,1,13,1.0,0.26666666666666666,0.7333333333333334,1.0,0.9555555555555555,0.0,0.6888888888888889,1.0,0.26666666666666666,1,15,1.0,0.26666666666666666,0.7333333333333334,1.0,1.0,0.0,0.7333333333333334,1.0,0.26666666666666666,1,15,scalar_probe,scalar,l0,0.0,False,0.0
rel:25,relation_dossiers,rel:25|cond=rel:25:founding:anchor,rel:25:founding:anchor,scalar__l0p333,80,15,scalar_probe|rel:25|scalar__l0p333|w80|rel:25|cond=rel:25:founding:anchor,69,0.8625,False,1,False,1.0,0.13333333333333333,0.8666666666666667,1.0,0.8666666666666667,0.0,0.7333333333333334,1.0,0.15384615384615385,1,13,1.0,0.13333333333333333,0.8666666666666667,1.0,0.9555555555555555,0.0,0.8222222222222222,1.0,0.13333333333333333,1,15,1.0,0.13333333333333333,0.8666666666666667,1.0,1.0,0.0,0.8666666666666667,1.0,0.13333333333333333,1,15,scalar_probe,scalar,l0p333,0.3333333333333333,False,0.25
rel:25,relation_dossiers,rel:25|cond=rel:25:founding:anchor,rel:25:founding:anchor,scalar__l1,80,15,scalar_probe|rel:25|scalar__l1|w80|rel:25|cond=rel:25:founding:anchor,72,0.9,False,1,False,1.0,0.13333333333333333,0.8666666666666667,1.0,0.8666666666666667,0.0,0.7333333333333334,1.0,0.15384615384615385,1,13,1.0,0.16666666666666666,0.8333333333333334,1.0,0.9555555555555555,0.0,0.7888888888888889,1.0,0.16666666666666666,1,15,1.0,0.13333333333333333,0.8666666666666667,1.0,1.0,0.0,0.8666666666666667,1.0,0.13333333333333333,1,15,scalar_probe,scalar,l1,1.0,False,0.5
rel:25,relation_dossiers,rel:25|cond=rel:25:founding:anchor,rel:25:founding:anchor,scalar__l3,80,15,scalar_probe|rel:25|scalar__l3|w80|rel:25|cond=rel:25:founding:anchor,74,0.925,False,2,False,1.0,0.2,0.8,1.0,0.8666666666666667,0.0,0.6666666666666667,1.0,0.23076923076923078,1,13,1.0,0.2,0.8,1.0,0.9555555555555555,0.0,0.7555555555555555,1.0,0.2,1,15,1.0,0.2,0.8,1.0,1.0,0.0,0.8,1.0,0.2,1,15,scalar_probe,scalar,l3,3.0,False,0.75
rel:25,relation_dossiers,rel:25|cond=rel:25:founding:anchor,rel:25:founding:anchor,scalar__linf,80,15,scalar_probe|rel:25|scalar__linf|w80|rel:25|cond=rel:25:founding:anchor,79,0.9875,False,1,False,1.0,0.2,0.8,1.0,0.8666666666666667,0.0,0.6666666666666667,1.0,0.23076923076923078,1,13,1.0,0.2,0.8,1.0,0.9555555555555555,0.0,0.7555555555555555,1.0,0.2,1,15,1.0,0.2,0.8,1.0,1.0,0.0,0.8,1.0,0.2,1,15,scalar_probe,scalar,linf,,True,1.0
rel:28,relation_dossiers,rel:28|cond=rel:28:custom:anchor,rel:28:custom:anchor,scalar__l0,80,15,scalar_probe|rel:28|scalar__l0|w80|rel:28|cond=rel:28:custom:anchor,70,0.875,False,2,False,1.0,0.06666666666666667,0.9333333333333333,1.0,0.8666666666666667,0.0,0.8,1.0,0.07692307692307693,1,13,1.0,0.08148148148148149,0.9185185185185185,1.0,0.9333333333333333,0.0,0.8518518518518519,1.0,0.08148148148148149,1,15,1.0,0.06666666666666667,0.9333333333333333,1.0,1.0,0.0,0.9333333333333333,1.0,0.06666666666666667,1,15,scalar_probe,scalar,l0,0.0,False,0.0
rel:28,relation_dossiers,rel:28|cond=rel:28:custom:anchor,rel:28:custom:anchor,scalar__l0p333,80,15,scalar_probe|rel:28|scalar__l0p333|w80|rel:28|cond=rel:28:custom:anchor,69,0.8625,False,1,False,1.0,0.06666666666666667,0.9333333333333333,1.0,0.8666666666666667,0.0,0.8,1.0,0.07692307692307693,1,13,1.0,0.14333333333333334,0.8566666666666667,1.0,0.9333333333333333,0.0,0.79,1.0,0.14333333333333334,1,15,1.0,0.13333333333333333,0.8666666666666667,1.0,1.0,0.0,0.8666666666666667,1.0,0.13333333333333333,1,15,scalar_probe,scalar,l0p333,0.3333333333333333,False,0.25
rel:28,relation_dossiers,rel:28|cond=rel:28:custom:anchor,rel:28:custom:anchor,scalar__l1,80,15,scalar_probe|rel:28|scalar__l1|w80|rel:28|cond=rel:28:custom:anchor,69,0.8625,False,1,False,1.0,0.06666666666666667,0.9333333333333333,1.0,0.8666666666666667,0.0,0.8,1.0,0.07692307692307693,1,13,1.0,0.14333333333333334,0.8566666666666667,1.0,0.9333333333333333,0.0,0.79,1.0,0.14333333333333334,1,15,1.0,0.13333333333333333,0.8666666666666667,1.0,1.0,0.0,0.8666666666666667,1.0,0.13333333333333333,1,15,scalar_probe,scalar,l1,1.0,False,0.5
rel:28,relation_dossiers,rel:28|cond=rel:28:custom:anchor,rel:28:custom:anchor,scalar__l3,80,15,scalar_probe|rel:28|scalar__l3|w80|rel:28|cond=rel:28:custom:anchor,69,0.8625,False,1,False,1.0,0.06666666666666667,0.9333333333333333,1.0,0.8666666666666667,0.0,0.8,1.0,0.07692307692307693,1,13,1.0,0.14333333333333334,0.8566666666666667,1.0,0.9333333333333333,0.0,0.79,1.0,0.14333333333333334,1,15,1.0,0.13333333333333333,0.8666666666666667,1.0,1.0,0.0,0.8666666666666667,1.0,0.13333333333333333,1,15,scalar_probe,scalar,l3,3.0,False,0.75
rel:28,relation_dossiers,rel:28|cond=rel:28:custom:anchor,rel:28:custom:anchor,scalar__linf,80,15,scalar_probe|rel:28|scalar__linf|w80|rel:28|cond=rel:28:custom:anchor,70,0.875,False,1,False,1.0,0.06666666666666667,0.9333333333333333,1.0,0.8666666666666667,0.0,0.8,1.0,0.07692307692307693,1,13,1.0,0.06666666666666667,0.9333333333333333,1.0,0.9333333333333333,0.0,0.8666666666666667,1.0,0.06666666666666667,1,15,1.0,0.13333333333333333,0.8666666666666667,1.0,1.0,0.0,0.8666666666666667,1.0,0.13333333333333333,1,15,scalar_probe,scalar,linf,,True,1.0
rel:28,relation_dossiers,rel:28|cond=rel:28:facilities:anchor,rel:28:facilities:anchor,scalar__l0,80,15,scalar_probe|rel:28|scalar__l0|w80|rel:28|cond=rel:28:facilities:anchor,73,0.9125,False,3,False,1.0,0.13333333333333333,0.8666666666666667,1.0,0.8666666666666667,0.0,0.7333333333333334,1.0,0.15384615384615385,1,13,1.0,0.18333333333333332,0.8166666666666667,1.0,0.9333333333333333,0.0,0.75,1.0,0.18333333333333332,1,15,1.0,0.26666666666666666,0.7333333333333334,1.0,1.0,0.0,0.7333333333333334,1.0,0.26666666666666666,1,15,scalar_probe,scalar,l0,0.0,False,0.0
rel:28,relation_dossiers,rel:28|cond=rel:28:facilities:anchor,rel:28:facilities:anchor,scalar__l0p333,80,15,scalar_probe|rel:28|scalar__l0p333|w80|rel:28|cond=rel:28:facilities:anchor,73,0.9125,False,1,False,1.0,0.2,0.8,1.0,0.8666666666666667,0.0,0.6666666666666667,1.0,0.23076923076923078,1,13,1.0,0.2523809523809524,0.7476190476190476,1.0,0.9333333333333333,0.0,0.680952380952381,1.0,0.2523809523809524,1,15,1.0,0.26666666666666666,0.7333333333333334,1.0,1.0,0.0,0.7333333333333334,1.0,0.26666666666666666,1,15,scalar_probe,scalar,l0p333,0.3333333333333333,False,0.25
rel:28,relation_dossiers,rel:28|cond=rel:28:facilities:anchor,rel:28:facilities:anchor,scalar__l1,80,15,scalar_probe|rel:28|scalar__l1|w80|rel:28|cond=rel:28:facilities:anchor,73,0.9125,False,3,False,1.0,0.13333333333333333,0.8666666666666667,1.0,0.8666666666666667,0.0,0.7333333333333334,1.0,0.15384615384615385,1,13,1.0,0.18333333333333332,0.8166666666666667,1.0,0.9333333333333333,0.0,0.75,1.0,0.18333333333333332,1,15,1.0,0.26666666666666666,0.7333333333333334,1.0,1.0,0.0,0.7333333333333334,1.0,0.26666666666666666,1,15,scalar_probe,scalar,l1,1.0,False,0.5
rel:28,relation_dossiers,rel:28|cond=rel:28:facilities:anchor,rel:28:facilities:anchor,scalar__l3,80,15,scalar_probe|rel:28|scalar__l3|w80|rel:28|cond=rel:28:facilities:anchor,68,0.85,False,1,False,1.0,0.26666666666666666,0.7333333333333334,1.0,0.8666666666666667,0.0,0.6000000000000001,1.0,0.3076923076923077,1,13,1.0,0.26666666666666666,0.7333333333333334,1.0,0.9333333333333333,0.0,0.6666666666666667,1.0,0.26666666666666666,1,15,1.0,0.3333333333333333,0.6666666666666667,1.0,1.0,0.0,0.6666666666666667,1.0,0.3333333333333333,1,15,scalar_probe,scalar,l3,3.0,False,0.75
rel:28,relation_dossiers,rel:28|cond=rel:28:facilities:anchor,rel:28:facilities:anchor,scalar__linf,80,15,scalar_probe|rel:28|scalar__linf|w80|rel:28|cond=rel:28:facilities:anchor,76,0.95,False,2,False,1.0,0.26666666666666666,0.7333333333333334,1.0,0.8666666666666667,0.0,0.6000000000000001,1.0,0.3076923076923077,1,13,1.0,0.33434343434343433,0.6656565656565656,1.0,0.9333333333333333,0.0,0.598989898989899,1.0,0.33434343434343433,1,15,1.0,0.3333333333333333,0.6666666666666667,1.0,1.0,0.0,0.6666666666666667,1.0,0.3333333333333333,1,15,scalar_probe,scalar,linf,,True,1.0
rel:28,relation_dossiers,rel:28|cond=rel:28:finance:anchor,rel:28:finance:anchor,scalar__l0,80,15,scalar_probe|rel:28|scalar__l0|w80|rel:28|cond=rel:28:finance:anchor,69,0.8625,False,3,False,1.0,0.2,0.8,1.0,0.8666666666666667,0.0,0.6666666666666667,1.0,0.23076923076923078,1,13,1.0,0.2523809523809524,0.7476190476190476,1.0,0.9333333333333333,0.0,0.680952380952381,1.0,0.2523809523809524,1,15,1.0,0.26666666666666666,0.7333333333333334,1.0,1.0,0.0,0.7333333333333334,1.0,0.26666666666666666,1,15,scalar_probe,scalar,l0,0.0,False,0.0
rel:28,relation_dossiers,rel:28|cond=rel:28:finance:anchor,rel:28:finance:anchor,scalar__l0p333,80,15,scalar_probe|rel:28|scalar__l0p333|w80|rel:28|cond=rel:28:finance:anchor,73,0.9125,False,2,False,1.0,0.13333333333333333,0.8666666666666667,1.0,0.8666666666666667,0.0,0.7333333333333334,1.0,0.15384615384615385,1,13,1.0,0.2,0.8,1.0,0.9333333333333333,0.0,0.7333333333333334,1.0,0.2,1,15,1.0,0.2,0.8,1.0,1.0,0.0,0.8,1.0,0.2,1,15,scalar_probe,scalar,l0p333,0.3333333333333333,False,0.25
rel:28,relation_dossiers,rel:28|cond=rel:28:finance:anchor,rel:28:finance:anchor,scalar__l1,80,15,scalar_probe|rel:28|scalar__l1|w80|rel:28|cond=rel:28:finance:anchor,73,0.9125,False,2,False,1.0,0.13333333333333333,0.8666666666666667,1.0,0.8666666666666667,0.0,0.7333333333333334,1.0,0.15384615384615385,1,13,1.0,0.2,0.8,1.0,0.9333333333333333,0.0,0.7333333333333334,1.0,0.2,1,15,1.0,0.2,0.8,1.0,1.0,0.0,0.8,1.0,0.2,1,15,scalar_probe,scalar,l1,1.0,False,0.5
rel:28,relation_dossiers,rel:28|cond=rel:28:finance:anchor,rel:28:finance:anchor,scalar__l3,80,15,scalar_probe|rel:28|scalar__l3|w80|rel:28|cond=rel:28:finance:anchor,73,0.9125,False,2,False,1.0,0.13333333333333333,0.8666666666666667,1.0,0.8666666666666667,0.0,0.7333333333333334,1.0,0.15384615384615385,1,13,1.0,0.2,0.8,1.0,0.9333333333333333,0.0,0.7333333333333334,1.0,0.2,1,15,1.0,0.2,0.8,1.0,1.0,0.0,0.8,1.0,0.2,1,15,scalar_probe,scalar,l3,3.0,False,0.75
rel:28,relation_dossiers,rel:28|cond=rel:28:finance:anchor,rel:28:finance:anchor,scalar__linf,80,15,scalar_probe|rel:28|scalar__linf|w80|rel:28|cond=rel:28:finance:anchor,69,0.8625,False,1,False,1.0,0.3333333333333333,0.6666666666666667,1.0,0.8666666666666667,0.0,0.5333333333333334,1.0,0.38461538461538464,1,13,1.0,0.4,0.6,1.0,0.9333333333333333,0.0,0.5333333333333333,1.0,0.4,1,15,1.0,0.4,0.6,1.0,1.0,0.0,0.6,1.0,0.4,1,15,scalar_probe,scalar,linf,,True,1.0
rel:28,relation_dossiers,rel:28|cond=rel:28:founding:anchor,rel:28:founding:anchor,scalar__l0,80,15,scalar_probe|rel:28|scalar__l0|w80|rel:28|cond=rel:28:founding:anchor,71,0.8875,False,2,False,1.0,0.4,0.6,1.0,0.8666666666666667,0.0,0.4666666666666667,1.0,0.46153846153846156,1,13,1.0,0.46,0.54,1.0,0.9333333333333333,0.0,0.47333333333333333,1.0,0.46,1,15,1.0,0.4666666666666667,0.5333333333333333,1.0,1.0,0.0,0.5333333333333333,1.0,0.4666666666666667,1,15,scalar_probe,scalar,l0,0.0,False,0.0
rel:28,relation_dossiers,rel:28|cond=rel:28:founding:anchor,rel:28:founding:anchor,scalar__l0p333,80,15,scalar_probe|rel:28|scalar__l0p333|w80|rel:28|cond=rel:28:founding:anchor,71,0.8875,False,2,False,1.0,0.4,0.6,1.0,0.8666666666666667,0.0,0.4666666666666667,1.0,0.46153846153846156,1,13,1.0,0.46,0.54,1.0,0.9333333333333333,0.0,0.47333333333333333,1.0,0.46,1,15,1.0,0.4666666666666667,0.5333333333333333,1.0,1.0,0.0,0.5333333333333333,1.0,0.4666666666666667,1,15,scalar_probe,scalar,l0p333,0.3333333333333333,False,0.25
rel:28,relation_dossiers,rel:28|cond=rel:28:founding:anchor,rel:28:founding:anchor,scalar__l1,80,15,scalar_probe|rel:28|scalar__l1|w80|rel:28|cond=rel:28:founding:anchor,68,0.85,False,1,False,1.0,0.3333333333333333,0.6666666666666667,1.0,0.8666666666666667,0.0,0.5333333333333334,1.0,0.38461538461538464,1,13,1.0,0.36666666666666664,0.6333333333333333,1.0,0.9333333333333333,0.0,0.5666666666666667,1.0,0.36666666666666664,1,15,1.0,0.4,0.6,1.0,1.0,0.0,0.6,1.0,0.4,1,15,scalar_probe,scalar,l1,1.0,False,0.5
rel:28,relation_dossiers,rel:28|cond=rel:28:founding:anchor,rel:28:founding:anchor,scalar__l3,80,15,scalar_probe|rel:28|scalar__l3|w80|rel:28|cond=rel:28:founding:anchor,71,0.8875,False,2,False,1.0,0.4,0.6,1.0,0.8666666666666667,0.0,0.4666666666666667,1.0,0.46153846153846156,1,13,1.0,0.46,0.54,1.0,0.9333333333333333,0.0,0.47333333333333333,1.0,0.46,1,15,1.0,0.4666666666666667,0.5333333333333333,1.0,1.0,0.0,0.5333333333333333,1.0,0.4666666666666667,1,15,scalar_probe,scalar,l3,3.0,False,0.75
rel:28,relation_dossiers,rel:28|cond=rel:28:founding:anchor,rel:28:founding:anchor,scalar__linf,80,15,scalar_probe|rel:28|scalar__linf|w80|rel:28|cond=rel:28:founding:anchor,70,0.875,False,1,False,1.0,0.4666666666666667,0.5333333333333333,1.0,0.8666666666666667,0.0,0.4,1.0,0.5384615384615384,1,13,1.0,0.5,0.5,1.0,0.9333333333333333,0.0,0.43333333333333335,1.0,0.5,1,15,1.0,0.5333333333333333,0.4666666666666667,1.0,1.0,0.0,0.4666666666666667,1.0,0.5333333333333333,1,15,scalar_probe,scalar,linf,,True,1.0
rel:29,relation_dossiers,rel:29|cond=rel:29:custom:anchor,rel:29:custom:anchor,scalar__l0,80,15,scalar_probe|rel:29|scalar__l0|w80|rel:29|cond=rel:29:custom:anchor,74,0.925,False,2,False,1.0,0.13333333333333333,0.8666666666666667,1.0,0.6,0.0,0.4666666666666667,1.0,0.2222222222222222,1,9,1.0,0.13333333333333333,0.8666666666666667,1.0,0.8666666666666666,0.0,0.7333333333333333,1.0,0.13333333333333333,1,15,1.0,0.13333333333333333,0.8666666666666667,1.0,1.0,0.0,0.8666666666666667,1.0,0.13333333333333333,1,15,scalar_probe,scalar,l0,0.0,False,0.0
rel:29,relation_dossiers,rel:29|cond=rel:29:custom:anchor,rel:29:custom:anchor,scalar__l0p333,80,15,scalar_probe|rel:29|scalar__l0p333|w80|rel:29|cond=rel:29:custom:anchor,74,0.925,False,2,False,1.0,0.13333333333333333,0.8666666666666667,1.0,0.6,0.0,0.4666666666666667,1.0,0.2222222222222222,1,9,1.0,0.13333333333333333,0.8666666666666667,1.0,0.8666666666666666,0.0,0.7333333333333333,1.0,0.13333333333333333,1,15,1.0,0.13333333333333333,0.8666666666666667,1.0,1.0,0.0,0.8666666666666667,1.0,0.13333333333333333,1,15,scalar_probe,scalar,l0p333,0.3333333333333333,False,0.25
rel:29,relation_dossiers,rel:29|cond=rel:29:custom:anchor,rel:29:custom:anchor,scalar__l1,80,15,scalar_probe|rel:29|scalar__l1|w80|rel:29|cond=rel:29:custom:anchor,74,0.925,False,2,False,1.0,0.13333333333333333,0.8666666666666667,1.0,0.6,0.0,0.4666666666666667,1.0,0.2222222222222222,1,9,1.0,0.13333333333333333,0.8666666666666667,1.0,0.8666666666666666,0.0,0.7333333333333333,1.0,0.13333333333333333,1,15,1.0,0.13333333333333333,0.8666666666666667,1.0,1.0,0.0,0.8666666666666667,1.0,0.13333333333333333,1,15,scalar_probe,scalar,l1,1.0,False,0.5
rel:29,relation_dossiers,rel:29|cond=rel:29:custom:anchor,rel:29:custom:anchor,scalar__l3,80,15,scalar_probe|rel:29|scalar__l3|w80|rel:29|cond=rel:29:custom:anchor,74,0.925,False,2,False,1.0,0.13333333333333333,0.8666666666666667,1.0,0.6,0.0,0.4666666666666667,1.0,0.2222222222222222,1,9,1.0,0.13333333333333333,0.8666666666666667,1.0,0.8666666666666666,0.0,0.7333333333333333,1.0,0.13333333333333333,1,15,1.0,0.13333333333333333,0.8666666666666667,1.0,1.0,0.0,0.8666666666666667,1.0,0.13333333333333333,1,15,scalar_probe,scalar,l3,3.0,False,0.75
rel:29,relation_dossiers,rel:29|cond=rel:29:custom:anchor,rel:29:custom:anchor,scalar__linf,80,15,scalar_probe|rel:29|scalar__linf|w80|rel:29|cond=rel:29:custom:anchor,71,0.8875,False,1,False,1.0,0.13333333333333333,0.8666666666666667,1.0,0.6,0.0,0.4666666666666667,1.0,0.2222222222222222,1,9,1.0,0.16666666666666666,0.8333333333333334,1.0,0.8666666666666666,0.0,0.7,1.0,0.16666666666666666,1,15,1.0,0.13333333333333333,0.8666666666666667,1.0,1.0,0.0,0.8666666666666667,1.0,0.13333333333333333,1,15,scalar_probe,scalar,linf,,True,1.0
rel:29,relation_dossiers,rel:29|cond=rel:29:facilities:anchor,rel:29:facilities:anchor,scalar__l0,80,15,scalar_probe|rel:29|scalar__l0|w80|rel:29|cond=rel:29:facilities:anchor,76,0.95,False,2,False,0.0,0.26666666666666666,-0.26666666666666666,0.0,0.6666666666666666,0.0,0.39999999999999997,nan,0.4,0,10,0.6666666666666666,0.3377777777777778,0.32888888888888884,0.6666666666666666,0.8888888888888888,0.0,0.5511111111111111,0.6666666666666666,0.3377777777777778,1,15,1.0,0.3333333333333333,0.6666666666666667,1.0,1.0,0.0,0.6666666666666667,1.0,0.3333333333333333,1,15,scalar_probe,scalar,l0,0.0,False,0.0
rel:29,relation_dossiers,rel:29|cond=rel:29:facilities:anchor,rel:29:facilities:anchor,scalar__l0p333,80,15,scalar_probe|rel:29|scalar__l0p333|w80|rel:29|cond=rel:29:facilities:anchor,72,0.9,False,2,False,0.0,0.26666666666666666,-0.26666666666666666,0.0,0.6666666666666666,0.0,0.39999999999999997,nan,0.4,0,10,0.0,0.36444444444444446,-0.36444444444444446,0.6666666666666666,0.8888888888888888,0.6666666666666666,0.5244444444444444,0.0,0.36444444444444446,1,15,1.0,0.3333333333333333,0.6666666666666667,1.0,1.0,0.0,0.6666666666666667,1.0,0.3333333333333333,1,15,scalar_probe,scalar,l0p333,0.3333333333333333,False,0.25
rel:29,relation_dossiers,rel:29|cond=rel:29:facilities:anchor,rel:29:facilities:anchor,scalar__l1,80,15,scalar_probe|rel:29|scalar__l1|w80|rel:29|cond=rel:29:facilities:anchor,72,0.9,False,2,False,0.0,0.26666666666666666,-0.26666666666666666,0.0,0.6666666666666666,0.0,0.39999999999999997,nan,0.4,0,10,0.6666666666666666,0.3377777777777778,0.32888888888888884,0.6666666666666666,0.8888888888888888,0.0,0.5511111111111111,0.6666666666666666,0.3377777777777778,1,15,1.0,0.3333333333333333,0.6666666666666667,1.0,1.0,0.0,0.6666666666666667,1.0,0.3333333333333333,1,15,scalar_probe,scalar,l1,1.0,False,0.5
rel:29,relation_dossiers,rel:29|cond=rel:29:facilities:anchor,rel:29:facilities:anchor,scalar__l3,80,15,scalar_probe|rel:29|scalar__l3|w80|rel:29|cond=rel:29:facilities:anchor,72,0.9,False,2,False,0.0,0.26666666666666666,-0.26666666666666666,0.0,0.6666666666666666,0.0,0.39999999999999997,nan,0.4,0,10,0.6666666666666666,0.3377777777777778,0.32888888888888884,0.6666666666666666,0.8888888888888888,0.0,0.5511111111111111,0.6666666666666666,0.3377777777777778,1,15,1.0,0.3333333333333333,0.6666666666666667,1.0,1.0,0.0,0.6666666666666667,1.0,0.3333333333333333,1,15,scalar_probe,scalar,l3,3.0,False,0.75
rel:29,relation_dossiers,rel:29|cond=rel:29:facilities:anchor,rel:29:facilities:anchor,scalar__linf,80,15,scalar_probe|rel:29|scalar__linf|w80|rel:29|cond=rel:29:facilities:anchor,75,0.9375,False,1,False,0.0,0.26666666666666666,-0.26666666666666666,0.0,0.6666666666666666,0.0,0.39999999999999997,nan,0.4,0,10,0.6666666666666666,0.3377777777777778,0.32888888888888884,0.6666666666666666,0.8888888888888888,0.0,0.5511111111111111,0.6666666666666666,0.3377777777777778,1,15,1.0,0.3333333333333333,0.6666666666666667,1.0,1.0,0.0,0.6666666666666667,1.0,0.3333333333333333,1,15,scalar_probe,scalar,linf,,True,1.0
rel:29,relation_dossiers,rel:29|cond=rel:29:finance:anchor,rel:29:finance:anchor,scalar__l0,80,15,scalar_probe|rel:29|scalar__l0|w80|rel:29|cond=rel:29:finance:anchor,70,0.875,False,3,False,1.0,0.06666666666666667,0.9333333333333333,1.0,0.6,0.0,0.5333333333333333,1.0,0.1111111111111111,1,9,1.0,0.14041514041514042,0.8595848595848596,1.0,0.8666666666666666,0.0,0.7262515262515261,1.0,0.14041514041514042,1,15,1.0,0.13333333333333333,0.8666666666666667,1.0,1.0,0.0,0.8666666666666667,1.0,0.13333333333333333,1,15,scalar_probe,scalar,l0,0.0,False,0.0
rel:29,relation_dossiers,rel:29|cond=rel:29:finance:anchor,rel:29:finance:anchor,scalar__l0p333,80,15,scalar_probe|rel:29|scalar__l0p333|w80|rel:29|cond=rel:29:finance:anchor,73,0.9125,False,3,False,1.0,0.13333333333333333,0.8666666666666667,1.0,0.6,0.0,0.4666666666666667,1.0,0.2222222222222222,1,9,1.0,0.16,0.84,1.0,0.8666666666666666,0.0,0.7066666666666666,1.0,0.16,1,15,1.0,0.13333333333333333,0.8666666666666667,1.0,1.0,0.0,0.8666666666666667,1.0,0.13333333333333333,1,15,scalar_probe,scalar,l0p333,0.3333333333333333,False,0.25
rel:29,relation_dossiers,rel:29|cond=rel:29:finance:anchor,rel:29:finance:anchor,scalar__l1,80,15,scalar_probe|rel:29|scalar__l1|w80|rel:29|cond=rel:29:finance:anchor,68,0.85,False,1,False,1.0,0.06666666666666667,0.9333333333333333,1.0,0.6,0.0,0.5333333333333333,1.0,0.1111111111111111,1,9,1.0,0.13777777777777775,0.8622222222222222,1.0,0.8666666666666666,0.0,0.7288888888888888,1.0,0.13777777777777775,1,15,1.0,0.13333333333333333,0.8666666666666667,1.0,1.0,0.0,0.8666666666666667,1.0,0.13333333333333333,1,15,scalar_probe,scalar,l1,1.0,False,0.5
rel:29,relation_dossiers,rel:29|cond=rel:29:finance:anchor,rel:29:finance:anchor,scalar__l3,80,15,scalar_probe|rel:29|scalar__l3|w80|rel:29|cond=rel:29:finance:anchor,68,0.85,False,1,False,1.0,0.06666666666666667,0.9333333333333333,1.0,0.6,0.0,0.5333333333333333,1.0,0.1111111111111111,1,9,1.0,0.13777777777777775,0.8622222222222222,1.0,0.8666666666666666,0.0,0.7288888888888888,1.0,0.13777777777777775,1,15,1.0,0.13333333333333333,0.8666666666666667,1.0,1.0,0.0,0.8666666666666667,1.0,0.13333333333333333,1,15,scalar_probe,scalar,l3,3.0,False,0.75
rel:29,relation_dossiers,rel:29|cond=rel:29:finance:anchor,rel:29:finance:anchor,scalar__linf,80,15,scalar_probe|rel:29|scalar__linf|w80|rel:29|cond=rel:29:finance:anchor,79,0.9875,False,1,False,1.0,0.2,0.8,1.0,0.6,0.0,0.39999999999999997,1.0,0.3333333333333333,1,9,1.0,0.21111111111111114,0.7888888888888889,1.0,0.8666666666666666,0.0,0.6555555555555554,1.0,0.21111111111111114,1,15,1.0,0.2,0.8,1.0,1.0,0.0,0.8,1.0,0.2,1,15,scalar_probe,scalar,linf,,True,1.0
rel:29,relation_dossiers,rel:29|cond=rel:29:founding:anchor,rel:29:founding:anchor,scalar__l0,80,15,scalar_probe|rel:29|scalar__l0|w80|rel:29|cond=rel:29:founding:anchor,70,0.875,False,1,False,0.0,0.06666666666666667,-0.06666666666666667,0.0,0.6666666666666666,0.0,0.6,nan,0.1,0,10,0.6666666666666666,0.1111111111111111,0.5555555555555556,0.6666666666666666,0.8888888888888888,0.0,0.7777777777777777,0.6666666666666666,0.1111111111111111,1,15,1.0,0.13333333333333333,0.8666666666666667,1.0,1.0,0.0,0.8666666666666667,1.0,0.13333333333333333,1,15,scalar_probe,scalar,l0,0.0,False,0.0
rel:29,relation_dossiers,rel:29|cond=rel:29:founding:anchor,rel:29:founding:anchor,scalar__l0p333,80,15,scalar_probe|rel:29|scalar__l0p333|w80|rel:29|cond=rel:29:founding:anchor,68,0.85,False,1,False,0.0,0.13333333333333333,-0.13333333333333333,0.0,0.6666666666666666,0.0,0.5333333333333333,nan,0.2,0,10,0.6666666666666666,0.26666666666666666,0.39999999999999997,0.6666666666666666,0.8888888888888888,0.0,0.6222222222222222,0.6666666666666666,0.26666666666666666,1,15,1.0,0.3333333333333333,0.6666666666666667,1.0,1.0,0.0,0.6666666666666667,1.0,0.3333333333333333,1,15,scalar_probe,scalar,l0p333,0.3333333333333333,False,0.25
rel:29,relation_dossiers,rel:29|cond=rel:29:founding:anchor,rel:29:founding:anchor,scalar__l1,80,15,scalar_probe|rel:29|scalar__l1|w80|rel:29|cond=rel:29:founding:anchor,70,0.875,False,1,False,0.0,0.06666666666666667,-0.06666666666666667,0.0,0.6666666666666666,0.0,0.6,nan,0.1,0,10,0.6666666666666666,0.1111111111111111,0.5555555555555556,0.6666666666666666,0.8888888888888888,0.0,0.7777777777777777,0.6666666666666666,0.1111111111111111,1,15,1.0,0.13333333333333333,0.8666666666666667,1.0,1.0,0.0,0.8666666666666667,1.0,0.13333333333333333,1,15,scalar_probe,scalar,l1,1.0,False,0.5
rel:29,relation_dossiers,rel:29|cond=rel:29:founding:anchor,rel:29:founding:anchor,scalar__l3,80,15,scalar_probe|rel:29|scalar__l3|w80|rel:29|cond=rel:29:founding:anchor,70,0.875,False,1,False,0.0,0.06666666666666667,-0.06666666666666667,0.0,0.6666666666666666,0.0,0.6,nan,0.1,0,10,0.6666666666666666,0.1111111111111111,0.5555555555555556,0.6666666666666666,0.8888888888888888,0.0,0.7777777777777777,0.6666666666666666,0.1111111111111111,1,15,1.0,0.13333333333333333,0.8666666666666667,1.0,1.0,0.0,0.8666666666666667,1.0,0.13333333333333333,1,15,scalar_probe,scalar,l3,3.0,False,0.75
rel:29,relation_dossiers,rel:29|cond=rel:29:founding:anchor,rel:29:founding:anchor,scalar__linf,80,15,scalar_probe|rel:29|scalar__linf|w80|rel:29|cond=rel:29:founding:anchor,70,0.875,False,1,False,0.0,0.06666666666666667,-0.06666666666666667,0.0,0.6666666666666666,0.0,0.6,nan,0.1,0,10,0.6666666666666666,0.1111111111111111,0.5555555555555556,0.6666666666666666,0.8888888888888888,0.0,0.7777777777777777,0.6666666666666666,0.1111111111111111,1,15,1.0,0.13333333333333333,0.8666666666666667,1.0,1.0,0.0,0.8666666666666667,1.0,0.13333333333333333,1,15,scalar_probe,scalar,linf,,True,1.0
rel:3,relation_dossiers,rel:3|cond=rel:3:custom:anchor,rel:3:custom:anchor,scalar__l0,80,15,scalar_probe|rel:3|scalar__l0|w80|rel:3|cond=rel:3:custom:anchor,69,0.8625,False,1,False,1.0,0.06666666666666667,0.9333333333333333,1.0,0.9333333333333333,0.0,0.8666666666666667,1.0,0.07142857142857142,1,14,1.0,0.07450980392156863,0.9254901960784314,1.0,0.9866666666666667,0.0,0.9121568627450981,1.0,0.07450980392156863,1,15,1.0,0.06666666666666667,0.9333333333333333,1.0,1.0,0.0,0.9333333333333333,1.0,0.06666666666666667,1,15,scalar_probe,scalar,l0,0.0,False,0.0
rel:3,relation_dossiers,rel:3|cond=rel:3:custom:anchor,rel:3:custom:anchor,scalar__l0p333,80,15,scalar_probe|rel:3|scalar__l0p333|w80|rel:3|cond=rel:3:custom:anchor,74,0.925,False,1,False,1.0,0.13333333333333333,0.8666666666666667,1.0,0.9333333333333333,0.0,0.8,1.0,0.14285714285714285,1,14,1.0,0.13333333333333333,0.8666666666666667,1.0,0.9866666666666667,0.0,0.8533333333333334,1.0,0.13333333333333333,1,15,1.0,0.13333333333333333,0.8666666666666667,1.0,1.0,0.0,0.8666666666666667,1.0,0.13333333333333333,1,15,scalar_probe,scalar,l0p333,0.3333333333333333,False,0.25
rel:3,relation_dossiers,rel:3|cond=rel:3:custom:anchor,rel:3:custom:anchor,scalar__l1,80,15,scalar_probe|rel:3|scalar__l1|w80|rel:3|cond=rel:3:custom:anchor,74,0.925,False,1,False,1.0,0.13333333333333333,0.8666666666666667,1.0,0.9333333333333333,0.0,0.8,1.0,0.14285714285714285,1,14,1.0,0.13333333333333333,0.8666666666666667,1.0,0.9866666666666667,0.0,0.8533333333333334,1.0,0.13333333333333333,1,15,1.0,0.13333333333333333,0.8666666666666667,1.0,1.0,0.0,0.8666666666666667,1.0,0.13333333333333333,1,15,scalar_probe,scalar,l1,1.0,False,0.5
rel:3,relation_dossiers,rel:3|cond=rel:3:custom:anchor,rel:3:custom:anchor,scalar__l3,80,15,scalar_probe|rel:3|scalar__l3|w80|rel:3|cond=rel:3:custom:anchor,74,0.925,False,1,False,1.0,0.13333333333333333,0.8666666666666667,1.0,0.9333333333333333,0.0,0.8,1.0,0.14285714285714285,1,14,1.0,0.13333333333333333,0.8666666666666667,1.0,0.9866666666666667,0.0,0.8533333333333334,1.0,0.13333333333333333,1,15,1.0,0.13333333333333333,0.8666666666666667,1.0,1.0,0.0,0.8666666666666667,1.0,0.13333333333333333,1,15,scalar_probe,scalar,l3,3.0,False,0.75
rel:3,relation_dossiers,rel:3|cond=rel:3:custom:anchor,rel:3:custom:anchor,scalar__linf,80,15,scalar_probe|rel:3|scalar__linf|w80|rel:3|cond=rel:3:custom:anchor,79,0.9875,False,3,False,1.0,0.13333333333333333,0.8666666666666667,1.0,0.9333333333333333,0.0,0.8,1.0,0.14285714285714285,1,14,1.0,0.1411764705882353,0.8588235294117648,1.0,0.9866666666666667,0.0,0.8454901960784313,1.0,0.1411764705882353,1,15,1.0,0.13333333333333333,0.8666666666666667,1.0,1.0,0.0,0.8666666666666667,1.0,0.13333333333333333,1,15,scalar_probe,scalar,linf,,True,1.0
rel:3,relation_dossiers,rel:3|cond=rel:3:facilities:anchor,rel:3:facilities:anchor,scalar__l0,80,15,scalar_probe|rel:3|scalar__l0|w80|rel:3|cond=rel:3:facilities:anchor,69,0.8625,False,2,False,1.0,0.06666666666666667,0.9333333333333333,1.0,0.9333333333333333,0.0,0.8666666666666667,1.0,0.07142857142857142,1,14,1.0,0.1,0.9,1.0,0.9866666666666667,0.0,0.8866666666666667,1.0,0.1,1,15,1.0,0.13333333333333333,0.8666666666666667,1.0,1.0,0.0,0.8666666666666667,1.0,0.13333333333333333,1,15,scalar_probe,scalar,l0,0.0,False,0.0
rel:3,relation_dossiers,rel:3|cond=rel:3:facilities:anchor,rel:3:facilities:anchor,scalar__l0p333,80,15,scalar_probe|rel:3|scalar__l0p333|w80|rel:3|cond=rel:3:facilities:anchor,69,0.8625,False,1,False,1.0,0.06666666666666667,0.9333333333333333,1.0,0.9333333333333333,0.0,0.8666666666666667,1.0,0.07142857142857142,1,14,1.0,0.1,0.9,1.0,0.9866666666666667,0.0,0.8866666666666667,1.0,0.1,1,15,1.0,0.13333333333333333,0.8666666666666667,1.0,1.0,0.0,0.8666666666666667,1.0,0.13333333333333333,1,15,scalar_probe,scalar,l0p333,0.3333333333333333,False,0.25
rel:3,relation_dossiers,rel:3|cond=rel:3:facilities:anchor,rel:3:facilities:anchor,scalar__l1,80,15,scalar_probe|rel:3|scalar__l1|w80|rel:3|cond=rel:3:facilities:anchor,69,0.8625,False,1,False,1.0,0.06666666666666667,0.9333333333333333,1.0,0.9333333333333333,0.0,0.8666666666666667,1.0,0.07142857142857142,1,14,1.0,0.1,0.9,1.0,0.9866666666666667,0.0,0.8866666666666667,1.0,0.1,1,15,1.0,0.13333333333333333,0.8666666666666667,1.0,1.0,0.0,0.8666666666666667,1.0,0.13333333333333333,1,15,scalar_probe,scalar,l1,1.0,False,0.5
rel:3,relation_dossiers,rel:3|cond=rel:3:facilities:anchor,rel:3:facilities:anchor,scalar__l3,80,15,scalar_probe|rel:3|scalar__l3|w80|rel:3|cond=rel:3:facilities:anchor,69,0.8625,False,1,False,1.0,0.06666666666666667,0.9333333333333333,1.0,0.9333333333333333,0.0,0.8666666666666667,1.0,0.07142857142857142,1,14,1.0,0.1,0.9,1.0,0.9866666666666667,0.0,0.8866666666666667,1.0,0.1,1,15,1.0,0.13333333333333333,0.8666666666666667,1.0,1.0,0.0,0.8666666666666667,1.0,0.13333333333333333,1,15,scalar_probe,scalar,l3,3.0,False,0.75
rel:3,relation_dossiers,rel:3|cond=rel:3:facilities:anchor,rel:3:facilities:anchor,scalar__linf,80,15,scalar_probe|rel:3|scalar__linf|w80|rel:3|cond=rel:3:facilities:anchor,72,0.9,False,3,False,1.0,0.06666666666666667,0.9333333333333333,1.0,0.9333333333333333,0.0,0.8666666666666667,1.0,0.07142857142857142,1,14,1.0,0.1,0.9,1.0,0.9866666666666667,0.0,0.8866666666666667,1.0,0.1,1,15,1.0,0.13333333333333333,0.8666666666666667,1.0,1.0,0.0,0.8666666666666667,1.0,0.13333333333333333,1,15,scalar_probe,scalar,linf,,True,1.0
rel:3,relation_dossiers,rel:3|cond=rel:3:finance:anchor,rel:3:finance:anchor,scalar__l0,80,15,scalar_probe|rel:3|scalar__l0|w80|rel:3|cond=rel:3:finance:anchor,71,0.8875,False,2,False,1.0,0.3333333333333333,0.6666666666666667,1.0,0.9333333333333333,0.0,0.6000000000000001,1.0,0.35714285714285715,1,14,1.0,0.3333333333333333,0.6666666666666667,1.0,0.9866666666666667,0.0,0.6533333333333333,1.0,0.3333333333333333,1,15,1.0,0.3333333333333333,0.6666666666666667,1.0,1.0,0.0,0.6666666666666667,1.0,0.3333333333333333,1,15,scalar_probe,scalar,l0,0.0,False,0.0
rel:3,relation_dossiers,rel:3|cond=rel:3:finance:anchor,rel:3:finance:anchor,scalar__l0p333,80,15,scalar_probe|rel:3|scalar__l0p333|w80|rel:3|cond=rel:3:finance:anchor,77,0.9625,False,1,False,1.0,0.4666666666666667,0.5333333333333333,1.0,0.9333333333333333,0.0,0.4666666666666667,1.0,0.42857142857142855,1,14,1.0,0.4666666666666667,0.5333333333333333,1.0,0.9866666666666667,0.0,0.52,1.0,0.4666666666666667,1,15,1.0,0.4666666666666667,0.5333333333333333,1.0,1.0,0.0,0.5333333333333333,1.0,0.4666666666666667,1,15,scalar_probe,scalar,l0p333,0.3333333333333333,False,0.25
rel:3,relation_dossiers,rel:3|cond=rel:3:finance:anchor,rel:3:finance:anchor,scalar__l1,80,15,scalar_probe|rel:3|scalar__l1|w80|rel:3|cond=rel:3:finance:anchor,72,0.9,False,2,False,1.0,0.13333333333333333,0.8666666666666667,1.0,0.9333333333333333,0.0,0.8,1.0,0.14285714285714285,1,14,1.0,0.13333333333333333,0.8666666666666667,1.0,0.9866666666666667,0.0,0.8533333333333334,1.0,0.13333333333333333,1,15,1.0,0.13333333333333333,0.8666666666666667,1.0,1.0,0.0,0.8666666666666667,1.0,0.13333333333333333,1,15,scalar_probe,scalar,l1,1.0,False,0.5
rel:3,relation_dossiers,rel:3|cond=rel:3:finance:anchor,rel:3:finance:anchor,scalar__l3,80,15,scalar_probe|rel:3|scalar__l3|w80|rel:3|cond=rel:3:finance:anchor,77,0.9625,False,1,False,1.0,0.4666666666666667,0.5333333333333333,1.0,0.9333333333333333,0.0,0.4666666666666667,1.0,0.42857142857142855,1,14,1.0,0.4666666666666667,0.5333333333333333,1.0,0.9866666666666667,0.0,0.52,1.0,0.4666666666666667,1,15,1.0,0.4666666666666667,0.5333333333333333,1.0,1.0,0.0,0.5333333333333333,1.0,0.4666666666666667,1,15,scalar_probe,scalar,l3,3.0,False,0.75
rel:3,relation_dossiers,rel:3|cond=rel:3:finance:anchor,rel:3:finance:anchor,scalar__linf,80,15,scalar_probe|rel:3|scalar__linf|w80|rel:3|cond=rel:3:finance:anchor,74,0.925,False,1,False,0.0,0.13333333333333333,-0.13333333333333333,1.0,0.9333333333333333,1.0,0.8,0.0,0.14285714285714285,1,14,0.0,0.13333333333333333,-0.13333333333333333,1.0,0.9866666666666667,1.0,0.8533333333333334,0.0,0.13333333333333333,1,15,0.0,0.13333333333333333,-0.13333333333333333,1.0,1.0,1.0,0.8666666666666667,0.0,0.13333333333333333,1,15,scalar_probe,scalar,linf,,True,1.0
rel:3,relation_dossiers,rel:3|cond=rel:3:founding:anchor,rel:3:founding:anchor,scalar__l0,80,15,scalar_probe|rel:3|scalar__l0|w80|rel:3|cond=rel:3:founding:anchor,76,0.95,False,2,False,1.0,0.3333333333333333,0.6666666666666667,1.0,0.9333333333333333,0.0,0.6000000000000001,1.0,0.35714285714285715,1,14,1.0,0.3333333333333333,0.6666666666666667,1.0,0.9866666666666667,0.0,0.6533333333333333,1.0,0.3333333333333333,1,15,1.0,0.3333333333333333,0.6666666666666667,1.0,1.0,0.0,0.6666666666666667,1.0,0.3333333333333333,1,15,scalar_probe,scalar,l0,0.0,False,0.0
rel:3,relation_dossiers,rel:3|cond=rel:3:founding:anchor,rel:3:founding:anchor,scalar__l0p333,80,15,scalar_probe|rel:3|scalar__l0p333|w80|rel:3|cond=rel:3:founding:anchor,72,0.9,False,1,False,1.0,0.3333333333333333,0.6666666666666667,1.0,0.9333333333333333,0.0,0.6000000000000001,1.0,0.35714285714285715,1,14,1.0,0.3333333333333333,0.6666666666666667,1.0,0.9866666666666667,0.0,0.6533333333333333,1.0,0.3333333333333333,1,15,1.0,0.3333333333333333,0.6666666666666667,1.0,1.0,0.0,0.6666666666666667,1.0,0.3333333333333333,1,15,scalar_probe,scalar,l0p333,0.3333333333333333,False,0.25
rel:3,relation_dossiers,rel:3|cond=rel:3:founding:anchor,rel:3:founding:anchor,scalar__l1,80,15,scalar_probe|rel:3|scalar__l1|w80|rel:3|cond=rel:3:founding:anchor,77,0.9625,False,1,False,1.0,0.3333333333333333,0.6666666666666667,1.0,0.9333333333333333,0.0,0.6000000000000001,1.0,0.35714285714285715,1,14,1.0,0.3333333333333333,0.6666666666666667,1.0,0.9866666666666667,0.0,0.6533333333333333,1.0,0.3333333333333333,1,15,1.0,0.3333333333333333,0.6666666666666667,1.0,1.0,0.0,0.6666666666666667,1.0,0.3333333333333333,1,15,scalar_probe,scalar,l1,1.0,False,0.5
rel:3,relation_dossiers,rel:3|cond=rel:3:founding:anchor,rel:3:founding:anchor,scalar__l3,80,15,scalar_probe|rel:3|scalar__l3|w80|rel:3|cond=rel:3:founding:anchor,75,0.9375,False,2,False,1.0,0.26666666666666666,0.7333333333333334,1.0,0.9333333333333333,0.0,0.6666666666666667,1.0,0.21428571428571427,1,14,1.0,0.26666666666666666,0.7333333333333334,1.0,0.9866666666666667,0.0,0.72,1.0,0.26666666666666666,1,15,1.0,0.26666666666666666,0.7333333333333334,1.0,1.0,0.0,0.7333333333333334,1.0,0.26666666666666666,1,15,scalar_probe,scalar,l3,3.0,False,0.75
rel:3,relation_dossiers,rel:3|cond=rel:3:founding:anchor,rel:3:founding:anchor,scalar__linf,80,15,scalar_probe|rel:3|scalar__linf|w80|rel:3|cond=rel:3:founding:anchor,77,0.9625,False,1,False,1.0,0.3333333333333333,0.6666666666666667,1.0,0.9333333333333333,0.0,0.6000000000000001,1.0,0.35714285714285715,1,14,1.0,0.36666666666666664,0.6333333333333333,1.0,0.9866666666666667,0.0,0.6200000000000001,1.0,0.36666666666666664,1,15,1.0,0.4,0.6,1.0,1.0,0.0,0.6,1.0,0.4,1,15,scalar_probe,scalar,linf,,True,1.0
rel:4,relation_dossiers,rel:4|cond=rel:4:custom:anchor,rel:4:custom:anchor,scalar__l0,80,15,scalar_probe|rel:4|scalar__l0|w80|rel:4|cond=rel:4:custom:anchor,74,0.925,False,2,False,1.0,0.13333333333333333,0.8666666666666667,1.0,0.7333333333333333,0.0,0.6,1.0,0.18181818181818182,1,11,1.0,0.13333333333333333,0.8666666666666667,1.0,0.8888888888888888,0.0,0.7555555555555555,1.0,0.13333333333333333,1,15,1.0,0.13333333333333333,0.8666666666666667,1.0,1.0,0.0,0.8666666666666667,1.0,0.13333333333333333,1,15,scalar_probe,scalar,l0,0.0,False,0.0
rel:4,relation_dossiers,rel:4|cond=rel:4:custom:anchor,rel:4:custom:anchor,scalar__l0p333,80,15,scalar_probe|rel:4|scalar__l0p333|w80|rel:4|cond=rel:4:custom:anchor,73,0.9125,False,2,False,1.0,0.2,0.8,1.0,0.7333333333333333,0.0,0.5333333333333332,1.0,0.2727272727272727,1,11,1.0,0.21025641025641026,0.7897435897435897,1.0,0.8888888888888888,0.0,0.6786324786324786,1.0,0.21025641025641026,1,15,1.0,0.2,0.8,1.0,1.0,0.0,0.8,1.0,0.2,1,15,scalar_probe,scalar,l0p333,0.3333333333333333,False,0.25
rel:4,relation_dossiers,rel:4|cond=rel:4:custom:anchor,rel:4:custom:anchor,scalar__l1,80,15,scalar_probe|rel:4|scalar__l1|w80|rel:4|cond=rel:4:custom:anchor,73,0.9125,False,2,False,1.0,0.2,0.8,1.0,0.7333333333333333,0.0,0.5333333333333332,1.0,0.2727272727272727,1,11,1.0,0.21025641025641026,0.7897435897435897,1.0,0.8888888888888888,0.0,0.6786324786324786,1.0,0.21025641025641026,1,15,1.0,0.2,0.8,1.0,1.0,0.0,0.8,1.0,0.2,1,15,scalar_probe,scalar,l1,1.0,False,0.5
rel:4,relation_dossiers,rel:4|cond=rel:4:custom:anchor,rel:4:custom:anchor,scalar__l3,80,15,scalar_probe|rel:4|scalar__l3|w80|rel:4|cond=rel:4:custom:anchor,73,0.9125,False,2,False,1.0,0.2,0.8,1.0,0.7333333333333333,0.0,0.5333333333333332,1.0,0.2727272727272727,1,11,1.0,0.21025641025641026,0.7897435897435897,1.0,0.8888888888888888,0.0,0.6786324786324786,1.0,0.21025641025641026,1,15,1.0,0.2,0.8,1.0,1.0,0.0,0.8,1.0,0.2,1,15,scalar_probe,scalar,l3,3.0,False,0.75
rel:4,relation_dossiers,rel:4|cond=rel:4:custom:anchor,rel:4:custom:anchor,scalar__linf,80,15,scalar_probe|rel:4|scalar__linf|w80|rel:4|cond=rel:4:custom:anchor,74,0.925,False,1,False,1.0,0.13333333333333333,0.8666666666666667,1.0,0.7333333333333333,0.0,0.6,1.0,0.18181818181818182,1,11,1.0,0.14545454545454545,0.8545454545454545,1.0,0.8888888888888888,0.0,0.7434343434343433,1.0,0.14545454545454545,1,15,1.0,0.13333333333333333,0.8666666666666667,1.0,1.0,0.0,0.8666666666666667,1.0,0.13333333333333333,1,15,scalar_probe,scalar,linf,,True,1.0
rel:4,relation_dossiers,rel:4|cond=rel:4:facilities:anchor,rel:4:facilities:anchor,scalar__l0,80,15,scalar_probe|rel:4|scalar__l0|w80|rel:4|cond=rel:4:facilities:anchor,69,0.8625,False,2,False,0.0,0.06666666666666667,-0.06666666666666667,0.0,0.8,0.0,0.7333333333333334,nan,0.08333333333333333,0,12,0.5,0.14444444444444443,0.35555555555555557,0.5,0.9222222222222222,0.0,0.7777777777777777,0.5,0.14444444444444443,1,15,1.0,0.2,0.8,1.0,1.0,0.0,0.8,1.0,0.2,1,15,scalar_probe,scalar,l0,0.0,False,0.0
rel:4,relation_dossiers,rel:4|cond=rel:4:facilities:anchor,rel:4:facilities:anchor,scalar__l0p333,80,15,scalar_probe|rel:4|scalar__l0p333|w80|rel:4|cond=rel:4:facilities:anchor,74,0.925,False,1,False,0.0,0.2,-0.2,0.0,0.8,0.0,0.6000000000000001,nan,0.25,0,12,0.5,0.27777777777777773,0.22222222222222227,0.5,0.9222222222222222,0.0,0.6444444444444444,0.5,0.27777777777777773,1,15,1.0,0.3333333333333333,0.6666666666666667,1.0,1.0,0.0,0.6666666666666667,1.0,0.3333333333333333,1,15,scalar_probe,scalar,l0p333,0.3333333333333333,False,0.25
rel:4,relation_dossiers,rel:4|cond=rel:4:facilities:anchor,rel:4:facilities:anchor,scalar__l1,80,15,scalar_probe|rel:4|scalar__l1|w80|rel:4|cond=rel:4:facilities:anchor,68,0.85,False,1,False,0.0,0.06666666666666667,-0.06666666666666667,0.0,0.8,0.0,0.7333333333333334,nan,0.08333333333333333,0,12,0.5,0.17777777777777776,0.32222222222222224,0.5,0.9222222222222222,0.0,0.7444444444444445,0.5,0.17777777777777776,1,15,1.0,0.2,0.8,1.0,1.0,0.0,0.8,1.0,0.2,1,15,scalar_probe,scalar,l1,1.0,False,0.5
rel:4,relation_dossiers,rel:4|cond=rel:4:facilities:anchor,rel:4:facilities:anchor,scalar__l3,80,15,scalar_probe|rel:4|scalar__l3|w80|rel:4|cond=rel:4:facilities:anchor,72,0.9,False,1,False,0.0,0.2,-0.2,0.0,0.8,0.0,0.6000000000000001,nan,0.25,0,12,0.5,0.27777777777777773,0.22222222222222227,0.5,0.9222222222222222,0.0,0.6444444444444444,0.5,0.27777777777777773,1,15,1.0,0.3333333333333333,0.6666666666666667,1.0,1.0,0.0,0.6666666666666667,1.0,0.3333333333333333,1,15,scalar_probe,scalar,l3,3.0,False,0.75
rel:4,relation_dossiers,rel:4|cond=rel:4:facilities:anchor,rel:4:facilities:anchor,scalar__linf,80,15,scalar_probe|rel:4|scalar__linf|w80|rel:4|cond=rel:4:facilities:anchor,72,0.9,False,2,False,0.0,0.2,-0.2,0.0,0.8,0.0,0.6000000000000001,nan,0.25,0,12,0.5,0.27878787878787875,0.22121212121212125,0.5,0.9222222222222222,0.0,0.6434343434343435,0.5,0.27878787878787875,1,15,1.0,0.26666666666666666,0.7333333333333334,1.0,1.0,0.0,0.7333333333333334,1.0,0.26666666666666666,1,15,scalar_probe,scalar,linf,,True,1.0
rel:4,relation_dossiers,rel:4|cond=rel:4:finance:anchor,rel:4:finance:anchor,scalar__l0,80,15,scalar_probe|rel:4|scalar__l0|w80|rel:4|cond=rel:4:finance:anchor,71,0.8875,False,1,False,1.0,0.26666666666666666,0.7333333333333334,1.0,0.7333333333333333,0.0,0.4666666666666666,1.0,0.36363636363636365,1,11,1.0,0.31111111111111106,0.6888888888888889,1.0,0.8888888888888888,0.0,0.5777777777777777,1.0,0.31111111111111106,1,15,1.0,0.3333333333333333,0.6666666666666667,1.0,1.0,0.0,0.6666666666666667,1.0,0.3333333333333333,1,15,scalar_probe,scalar,l0,0.0,False,0.0
rel:4,relation_dossiers,rel:4|cond=rel:4:finance:anchor,rel:4:finance:anchor,scalar__l0p333,80,15,scalar_probe|rel:4|scalar__l0p333|w80|rel:4|cond=rel:4:finance:anchor,71,0.8875,False,1,False,1.0,0.3333333333333333,0.6666666666666667,1.0,0.7333333333333333,0.0,0.39999999999999997,1.0,0.45454545454545453,1,11,1.0,0.3333333333333333,0.6666666666666667,1.0,0.8888888888888888,0.0,0.5555555555555556,1.0,0.3333333333333333,1,15,1.0,0.3333333333333333,0.6666666666666667,1.0,1.0,0.0,0.6666666666666667,1.0,0.3333333333333333,1,15,scalar_probe,scalar,l0p333,0.3333333333333333,False,0.25
rel:4,relation_dossiers,rel:4|cond=rel:4:finance:anchor,rel:4:finance:anchor,scalar__l1,80,15,scalar_probe|rel:4|scalar__l1|w80|rel:4|cond=rel:4:finance:anchor,71,0.8875,False,1,False,1.0,0.3333333333333333,0.6666666666666667,1.0,0.7333333333333333,0.0,0.39999999999999997,1.0,0.45454545454545453,1,11,1.0,0.3333333333333333,0.6666666666666667,1.0,0.8888888888888888,0.0,0.5555555555555556,1.0,0.3333333333333333,1,15,1.0,0.3333333333333333,0.6666666666666667,1.0,1.0,0.0,0.6666666666666667,1.0,0.3333333333333333,1,15,scalar_probe,scalar,l1,1.0,False,0.5
rel:4,relation_dossiers,rel:4|cond=rel:4:finance:anchor,rel:4:finance:anchor,scalar__l3,80,15,scalar_probe|rel:4|scalar__l3|w80|rel:4|cond=rel:4:finance:anchor,71,0.8875,False,1,False,1.0,0.3333333333333333,0.6666666666666667,1.0,0.7333333333333333,0.0,0.39999999999999997,1.0,0.45454545454545453,1,11,1.0,0.3333333333333333,0.6666666666666667,1.0,0.8888888888888888,0.0,0.5555555555555556,1.0,0.3333333333333333,1,15,1.0,0.3333333333333333,0.6666666666666667,1.0,1.0,0.0,0.6666666666666667,1.0,0.3333333333333333,1,15,scalar_probe,scalar,l3,3.0,False,0.75
rel:4,relation_dossiers,rel:4|cond=rel:4:finance:anchor,rel:4:finance:anchor,scalar__linf,80,15,scalar_probe|rel:4|scalar__linf|w80|rel:4|cond=rel:4:finance:anchor,77,0.9625,False,1,False,1.0,0.4,0.6,1.0,0.7333333333333333,0.0,0.33333333333333326,1.0,0.5454545454545454,1,11,1.0,0.4,0.6,1.0,0.8888888888888888,0.0,0.4888888888888888,1.0,0.4,1,15,1.0,0.4,0.6,1.0,1.0,0.0,0.6,1.0,0.4,1,15,scalar_probe,scalar,linf,,True,1.0
rel:4,relation_dossiers,rel:4|cond=rel:4:founding:anchor,rel:4:founding:anchor,scalar__l0,80,15,scalar_probe|rel:4|scalar__l0|w80|rel:4|cond=rel:4:founding:anchor,69,0.8625,False,2,False,1.0,0.13333333333333333,0.8666666666666667,1.0,0.7333333333333333,0.0,0.6,1.0,0.18181818181818182,1,11,1.0,0.2755555555555555,0.7244444444444444,1.0,0.8888888888888888,0.0,0.6133333333333333,1.0,0.2755555555555555,1,15,1.0,0.3333333333333333,0.6666666666666667,1.0,1.0,0.0,0.6666666666666667,1.0,0.3333333333333333,1,15,scalar_probe,scalar,l0,0.0,False,0.0
rel:4,relation_dossiers,rel:4|cond=rel:4:founding:anchor,rel:4:founding:anchor,scalar__l0p333,80,15,scalar_probe|rel:4|scalar__l0p333|w80|rel:4|cond=rel:4:founding:anchor,70,0.875,False,1,False,1.0,0.13333333333333333,0.8666666666666667,1.0,0.7333333333333333,0.0,0.6,1.0,0.18181818181818182,1,11,1.0,0.16,0.84,1.0,0.8888888888888888,0.0,0.7288888888888888,1.0,0.16,1,15,1.0,0.13333333333333333,0.8666666666666667,1.0,1.0,0.0,0.8666666666666667,1.0,0.13333333333333333,1,15,scalar_probe,scalar,l0p333,0.3333333333333333,False,0.25
rel:4,relation_dossiers,rel:4|cond=rel:4:founding:anchor,rel:4:founding:anchor,scalar__l1,80,15,scalar_probe|rel:4|scalar__l1|w80|rel:4|cond=rel:4:founding:anchor,68,0.85,False,1,False,1.0,0.06666666666666667,0.9333333333333333,1.0,0.7333333333333333,0.0,0.6666666666666666,1.0,0.09090909090909091,1,11,1.0,0.15333333333333332,0.8466666666666667,1.0,0.8888888888888888,0.0,0.7355555555555555,1.0,0.15333333333333332,1,15,1.0,0.13333333333333333,0.8666666666666667,1.0,1.0,0.0,0.8666666666666667,1.0,0.13333333333333333,1,15,scalar_probe,scalar,l1,1.0,False,0.5
rel:4,relation_dossiers,rel:4|cond=rel:4:founding:anchor,rel:4:founding:anchor,scalar__l3,80,15,scalar_probe|rel:4|scalar__l3|w80|rel:4|cond=rel:4:founding:anchor,71,0.8875,False,1,False,1.0,0.06666666666666667,0.9333333333333333,1.0,0.7333333333333333,0.0,0.6666666666666666,1.0,0.09090909090909091,1,11,1.0,0.12000000000000001,0.88,1.0,0.8888888888888888,0.0,0.7688888888888888,1.0,0.12000000000000001,1,15,1.0,0.13333333333333333,0.8666666666666667,1.0,1.0,0.0,0.8666666666666667,1.0,0.13333333333333333,1,15,scalar_probe,scalar,l3,3.0,False,0.75
rel:4,relation_dossiers,rel:4|cond=rel:4:founding:anchor,rel:4:founding:anchor,scalar__linf,80,15,scalar_probe|rel:4|scalar__linf|w80|rel:4|cond=rel:4:founding:anchor,72,0.9,False,2,False,1.0,0.4,0.6,1.0,0.7333333333333333,0.0,0.33333333333333326,1.0,0.5454545454545454,1,11,1.0,0.4,0.6,1.0,0.8888888888888888,0.0,0.4888888888888888,1.0,0.4,1,15,1.0,0.4,0.6,1.0,1.0,0.0,0.6,1.0,0.4,1,15,scalar_probe,scalar,linf,,True,1.0
rel:5,relation_dossiers,rel:5|cond=rel:5:custom:anchor,rel:5:custom:anchor,scalar__l0,80,15,scalar_probe|rel:5|scalar__l0|w80|rel:5|cond=rel:5:custom:anchor,71,0.8875,False,1,False,1.0,0.13333333333333333,0.8666666666666667,1.0,0.6666666666666666,0.0,0.5333333333333333,1.0,0.2,1,10,1.0,0.13333333333333333,0.8666666666666667,1.0,0.8333333333333334,0.0,0.7000000000000001,1.0,0.13333333333333333,1,15,1.0,0.13333333333333333,0.8666666666666667,1.0,1.0,0.0,0.8666666666666667,1.0,0.13333333333333333,1,15,scalar_probe,scalar,l0,0.0,False,0.0
rel:5,relation_dossiers,rel:5|cond=rel:5:custom:anchor,rel:5:custom:anchor,scalar__l0p333,80,15,scalar_probe|rel:5|scalar__l0p333|w80|rel:5|cond=rel:5:custom:anchor,75,0.9375,False,1,False,1.0,0.13333333333333333,0.8666666666666667,1.0,0.6666666666666666,0.0,0.5333333333333333,1.0,0.2,1,10,1.0,0.17777777777777776,0.8222222222222222,1.0,0.8333333333333334,0.0,0.6555555555555557,1.0,0.17777777777777776,1,15,1.0,0.2,0.8,1.0,1.0,0.0,0.8,1.0,0.2,1,15,scalar_probe,scalar,l0p333,0.3333333333333333,False,0.25
rel:5,relation_dossiers,rel:5|cond=rel:5:custom:anchor,rel:5:custom:anchor,scalar__l1,80,15,scalar_probe|rel:5|scalar__l1|w80|rel:5|cond=rel:5:custom:anchor,75,0.9375,False,1,False,1.0,0.13333333333333333,0.8666666666666667,1.0,0.6666666666666666,0.0,0.5333333333333333,1.0,0.2,1,10,1.0,0.17777777777777776,0.8222222222222222,1.0,0.8333333333333334,0.0,0.6555555555555557,1.0,0.17777777777777776,1,15,1.0,0.2,0.8,1.0,1.0,0.0,0.8,1.0,0.2,1,15,scalar_probe,scalar,l1,1.0,False,0.5
rel:5,relation_dossiers,rel:5|cond=rel:5:custom:anchor,rel:5:custom:anchor,scalar__l3,80,15,scalar_probe|rel:5|scalar__l3|w80|rel:5|cond=rel:5:custom:anchor,75,0.9375,False,1,False,1.0,0.13333333333333333,0.8666666666666667,1.0,0.6666666666666666,0.0,0.5333333333333333,1.0,0.2,1,10,1.0,0.17777777777777776,0.8222222222222222,1.0,0.8333333333333334,0.0,0.6555555555555557,1.0,0.17777777777777776,1,15,1.0,0.2,0.8,1.0,1.0,0.0,0.8,1.0,0.2,1,15,scalar_probe,scalar,l3,3.0,False,0.75
rel:5,relation_dossiers,rel:5|cond=rel:5:custom:anchor,rel:5:custom:anchor,scalar__linf,80,15,scalar_probe|rel:5|scalar__linf|w80|rel:5|cond=rel:5:custom:anchor,72,0.9,False,1,False,1.0,0.13333333333333333,0.8666666666666667,1.0,0.6666666666666666,0.0,0.5333333333333333,1.0,0.2,1,10,1.0,0.17777777777777776,0.8222222222222222,1.0,0.8333333333333334,0.0,0.6555555555555557,1.0,0.17777777777777776,1,15,1.0,0.2,0.8,1.0,1.0,0.0,0.8,1.0,0.2,1,15,scalar_probe,scalar,linf,,True,1.0
rel:5,relation_dossiers,rel:5|cond=rel:5:facilities:anchor,rel:5:facilities:anchor,scalar__l0,80,15,scalar_probe|rel:5|scalar__l0|w80|rel:5|cond=rel:5:facilities:anchor,71,0.8875,False,1,False,0.0,0.06666666666666667,-0.06666666666666667,0.0,0.7333333333333333,0.0,0.6666666666666666,nan,0.09090909090909091,0,11,0.5,0.1,0.4,0.5,0.8666666666666667,0.0,0.7666666666666667,0.5,0.1,1,15,1.0,0.13333333333333333,0.8666666666666667,1.0,1.0,0.0,0.8666666666666667,1.0,0.13333333333333333,1,15,scalar_probe,scalar,l0,0.0,False,0.0
rel:5,relation_dossiers,rel:5|cond=rel:5:facilities:anchor,rel:5:facilities:anchor,scalar__l0p333,80,15,scalar_probe|rel:5|scalar__l0p333|w80|rel:5|cond=rel:5:facilities:anchor,71,0.8875,False,1,False,0.0,0.06666666666666667,-0.06666666666666667,0.0,0.7333333333333333,0.0,0.6666666666666666,nan,0.09090909090909091,0,11,0.5,0.1,0.4,0.5,0.8666666666666667,0.0,0.7666666666666667,0.5,0.1,1,15,1.0,0.13333333333333333,0.8666666666666667,1.0,1.0,0.0,0.8666666666666667,1.0,0.13333333333333333,1,15,scalar_probe,scalar,l0p333,0.3333333333333333,False,0.25
rel:5,relation_dossiers,rel:5|cond=rel:5:facilities:anchor,rel:5:facilities:anchor,scalar__l1,80,15,scalar_probe|rel:5|scalar__l1|w80|rel:5|cond=rel:5:facilities:anchor,71,0.8875,False,1,False,0.0,0.06666666666666667,-0.06666666666666667,0.0,0.7333333333333333,0.0,0.6666666666666666,nan,0.09090909090909091,0,11,0.5,0.1,0.4,0.5,0.8666666666666667,0.0,0.7666666666666667,0.5,0.1,1,15,1.0,0.13333333333333333,0.8666666666666667,1.0,1.0,0.0,0.8666666666666667,1.0,0.13333333333333333,1,15,scalar_probe,scalar,l1,1.0,False,0.5
rel:5,relation_dossiers,rel:5|cond=rel:5:facilities:anchor,rel:5:facilities:anchor,scalar__l3,80,15,scalar_probe|rel:5|scalar__l3|w80|rel:5|cond=rel:5:facilities:anchor,71,0.8875,False,1,False,0.0,0.06666666666666667,-0.06666666666666667,0.0,0.7333333333333333,0.0,0.6666666666666666,nan,0.09090909090909091,0,11,0.5,0.1,0.4,0.5,0.8666666666666667,0.0,0.7666666666666667,0.5,0.1,1,15,1.0,0.13333333333333333,0.8666666666666667,1.0,1.0,0.0,0.8666666666666667,1.0,0.13333333333333333,1,15,scalar_probe,scalar,l3,3.0,False,0.75
rel:5,relation_dossiers,rel:5|cond=rel:5:facilities:anchor,rel:5:facilities:anchor,scalar__linf,80,15,scalar_probe|rel:5|scalar__linf|w80|rel:5|cond=rel:5:facilities:anchor,71,0.8875,False,1,False,0.0,0.06666666666666667,-0.06666666666666667,0.0,0.7333333333333333,0.0,0.6666666666666666,nan,0.09090909090909091,0,11,0.0,0.06666666666666667,-0.06666666666666667,0.5,0.8666666666666667,0.5,0.8,0.0,0.06666666666666667,1,15,1.0,0.13333333333333333,0.8666666666666667,1.0,1.0,0.0,0.8666666666666667,1.0,0.13333333333333333,1,15,scalar_probe,scalar,linf,,True,1.0
rel:5,relation_dossiers,rel:5|cond=rel:5:finance:anchor,rel:5:finance:anchor,scalar__l0,80,15,scalar_probe|rel:5|scalar__l0|w80|rel:5|cond=rel:5:finance:anchor,73,0.9125,False,2,False,1.0,0.06666666666666667,0.9333333333333333,1.0,0.6666666666666666,0.0,0.6,1.0,0.1,1,10,1.0,0.06666666666666667,0.9333333333333333,1.0,0.8333333333333334,0.0,0.7666666666666667,1.0,0.06666666666666667,1,15,1.0,0.06666666666666667,0.9333333333333333,1.0,1.0,0.0,0.9333333333333333,1.0,0.06666666666666667,1,15,scalar_probe,scalar,l0,0.0,False,0.0
rel:5,relation_dossiers,rel:5|cond=rel:5:finance:anchor,rel:5:finance:anchor,scalar__l0p333,80,15,scalar_probe|rel:5|scalar__l0p333|w80|rel:5|cond=rel:5:finance:anchor,68,0.85,False,1,False,1.0,0.13333333333333333,0.8666666666666667,1.0,0.6666666666666666,0.0,0.5333333333333333,1.0,0.2,1,10,1.0,0.13333333333333333,0.8666666666666667,1.0,0.8333333333333334,0.0,0.7000000000000001,1.0,0.13333333333333333,1,15,1.0,0.13333333333333333,0.8666666666666667,1.0,1.0,0.0,0.8666666666666667,1.0,0.13333333333333333,1,15,scalar_probe,scalar,l0p333,0.3333333333333333,False,0.25
rel:5,relation_dossiers,rel:5|cond=rel:5:finance:anchor,rel:5:finance:anchor,scalar__l1,80,15,scalar_probe|rel:5|scalar__l1|w80|rel:5|cond=rel:5:finance:anchor,68,0.85,False,1,False,1.0,0.13333333333333333,0.8666666666666667,1.0,0.6666666666666666,0.0,0.5333333333333333,1.0,0.2,1,10,1.0,0.13333333333333333,0.8666666666666667,1.0,0.8333333333333334,0.0,0.7000000000000001,1.0,0.13333333333333333,1,15,1.0,0.13333333333333333,0.8666666666666667,1.0,1.0,0.0,0.8666666666666667,1.0,0.13333333333333333,1,15,scalar_probe,scalar,l1,1.0,False,0.5
rel:5,relation_dossiers,rel:5|cond=rel:5:finance:anchor,rel:5:finance:anchor,scalar__l3,80,15,scalar_probe|rel:5|scalar__l3|w80|rel:5|cond=rel:5:finance:anchor,68,0.85,False,1,False,1.0,0.13333333333333333,0.8666666666666667,1.0,0.6666666666666666,0.0,0.5333333333333333,1.0,0.2,1,10,1.0,0.13333333333333333,0.8666666666666667,1.0,0.8333333333333334,0.0,0.7000000000000001,1.0,0.13333333333333333,1,15,1.0,0.13333333333333333,0.8666666666666667,1.0,1.0,0.0,0.8666666666666667,1.0,0.13333333333333333,1,15,scalar_probe,scalar,l3,3.0,False,0.75
rel:5,relation_dossiers,rel:5|cond=rel:5:finance:anchor,rel:5:finance:anchor,scalar__linf,80,15,scalar_probe|rel:5|scalar__linf|w80|rel:5|cond=rel:5:finance:anchor,76,0.95,False,1,False,1.0,0.13333333333333333,0.8666666666666667,1.0,0.6666666666666666,0.0,0.5333333333333333,1.0,0.2,1,10,1.0,0.3,0.7,1.0,0.8333333333333334,0.0,0.5333333333333334,1.0,0.3,1,15,1.0,0.4,0.6,1.0,1.0,0.0,0.6,1.0,0.4,1,15,scalar_probe,scalar,linf,,True,1.0
rel:5,relation_dossiers,rel:5|cond=rel:5:founding:anchor,rel:5:founding:anchor,scalar__l0,80,15,scalar_probe|rel:5|scalar__l0|w80|rel:5|cond=rel:5:founding:anchor,74,0.925,False,1,False,0.0,0.06666666666666667,-0.06666666666666667,0.0,0.7333333333333333,0.0,0.6666666666666666,nan,0.09090909090909091,0,11,0.5,0.13333333333333333,0.3666666666666667,0.5,0.8666666666666667,0.0,0.7333333333333334,0.5,0.13333333333333333,1,15,1.0,0.13333333333333333,0.8666666666666667,1.0,1.0,0.0,0.8666666666666667,1.0,0.13333333333333333,1,15,scalar_probe,scalar,l0,0.0,False,0.0
rel:5,relation_dossiers,rel:5|cond=rel:5:founding:anchor,rel:5:founding:anchor,scalar__l0p333,80,15,scalar_probe|rel:5|scalar__l0p333|w80|rel:5|cond=rel:5:founding:anchor,78,0.975,False,1,False,0.0,0.13333333333333333,-0.13333333333333333,0.0,0.7333333333333333,0.0,0.6,nan,0.18181818181818182,0,11,0.5,0.2,0.3,0.5,0.8666666666666667,0.0,0.6666666666666667,0.5,0.2,1,15,1.0,0.3333333333333333,0.6666666666666667,1.0,1.0,0.0,0.6666666666666667,1.0,0.3333333333333333,1,15,scalar_probe,scalar,l0p333,0.3333333333333333,False,0.25
rel:5,relation_dossiers,rel:5|cond=rel:5:founding:anchor,rel:5:founding:anchor,scalar__l1,80,15,scalar_probe|rel:5|scalar__l1|w80|rel:5|cond=rel:5:founding:anchor,74,0.925,False,2,False,0.0,0.06666666666666667,-0.06666666666666667,0.0,0.7333333333333333,0.0,0.6666666666666666,nan,0.09090909090909091,0,11,0.5,0.16666666666666666,0.33333333333333337,0.5,0.8666666666666667,0.0,0.7000000000000001,0.5,0.16666666666666666,1,15,1.0,0.26666666666666666,0.7333333333333334,1.0,1.0,0.0,0.7333333333333334,1.0,0.26666666666666666,1,15,scalar_probe,scalar,l1,1.0,False,0.5
rel:5,relation_dossiers,rel:5|cond=rel:5:founding:anchor,rel:5:founding:anchor,scalar__l3,80,15,scalar_probe|rel:5|scalar__l3|w80|rel:5|cond=rel:5:founding:anchor,69,0.8625,False,1,False,0.0,0.13333333333333333,-0.13333333333333333,0.0,0.7333333333333333,0.0,0.6,nan,0.18181818181818182,0,11,0.5,0.23333333333333334,0.26666666666666666,0.5,0.8666666666666667,0.0,0.6333333333333333,0.5,0.23333333333333334,1,15,1.0,0.3333333333333333,0.6666666666666667,1.0,1.0,0.0,0.6666666666666667,1.0,0.3333333333333333,1,15,scalar_probe,scalar,l3,3.0,False,0.75
rel:5,relation_dossiers,rel:5|cond=rel:5:founding:anchor,rel:5:founding:anchor,scalar__linf,80,15,scalar_probe|rel:5|scalar__linf|w80|rel:5|cond=rel:5:founding:anchor,71,0.8875,False,1,False,0.0,0.0,0.0,0.0,0.7333333333333333,0.0,0.7333333333333333,nan,0.0,0,11,0.5,0.1,0.4,0.5,0.8666666666666667,0.0,0.7666666666666667,0.5,0.1,1,15,1.0,0.2,0.8,1.0,1.0,0.0,0.8,1.0,0.2,1,15,scalar_probe,scalar,linf,,True,1.0
rel:6,relation_dossiers,rel:6|cond=rel:6:custom:anchor,rel:6:custom:anchor,scalar__l0,80,15,scalar_probe|rel:6|scalar__l0|w80|rel:6|cond=rel:6:custom:anchor,76,0.95,False,1,False,1.0,0.13333333333333333,0.8666666666666667,1.0,0.8666666666666667,0.0,0.7333333333333334,1.0,0.15384615384615385,1,13,1.0,0.17777777777777776,0.8222222222222222,1.0,0.9333333333333333,0.0,0.7555555555555555,1.0,0.17777777777777776,1,15,1.0,0.13333333333333333,0.8666666666666667,1.0,1.0,0.0,0.8666666666666667,1.0,0.13333333333333333,1,15,scalar_probe,scalar,l0,0.0,False,0.0
rel:6,relation_dossiers,rel:6|cond=rel:6:custom:anchor,rel:6:custom:anchor,scalar__l0p333,80,15,scalar_probe|rel:6|scalar__l0p333|w80|rel:6|cond=rel:6:custom:anchor,76,0.95,False,1,False,1.0,0.13333333333333333,0.8666666666666667,1.0,0.8666666666666667,0.0,0.7333333333333334,1.0,0.15384615384615385,1,13,1.0,0.15555555555555553,0.8444444444444444,1.0,0.9333333333333333,0.0,0.7777777777777778,1.0,0.15555555555555553,1,15,1.0,0.13333333333333333,0.8666666666666667,1.0,1.0,0.0,0.8666666666666667,1.0,0.13333333333333333,1,15,scalar_probe,scalar,l0p333,0.3333333333333333,False,0.25
rel:6,relation_dossiers,rel:6|cond=rel:6:custom:anchor,rel:6:custom:anchor,scalar__l1,80,15,scalar_probe|rel:6|scalar__l1|w80|rel:6|cond=rel:6:custom:anchor,78,0.975,False,1,False,1.0,0.13333333333333333,0.8666666666666667,1.0,0.8666666666666667,0.0,0.7333333333333334,1.0,0.15384615384615385,1,13,1.0,0.13333333333333333,0.8666666666666667,1.0,0.9333333333333333,0.0,0.8,1.0,0.13333333333333333,1,15,1.0,0.13333333333333333,0.8666666666666667,1.0,1.0,0.0,0.8666666666666667,1.0,0.13333333333333333,1,15,scalar_probe,scalar,l1,1.0,False,0.5
rel:6,relation_dossiers,rel:6|cond=rel:6:custom:anchor,rel:6:custom:anchor,scalar__l3,80,15,scalar_probe|rel:6|scalar__l3|w80|rel:6|cond=rel:6:custom:anchor,78,0.975,False,1,False,1.0,0.13333333333333333,0.8666666666666667,1.0,0.8666666666666667,0.0,0.7333333333333334,1.0,0.15384615384615385,1,13,1.0,0.13333333333333333,0.8666666666666667,1.0,0.9333333333333333,0.0,0.8,1.0,0.13333333333333333,1,15,1.0,0.13333333333333333,0.8666666666666667,1.0,1.0,0.0,0.8666666666666667,1.0,0.13333333333333333,1,15,scalar_probe,scalar,l3,3.0,False,0.75
rel:6,relation_dossiers,rel:6|cond=rel:6:custom:anchor,rel:6:custom:anchor,scalar__linf,80,15,scalar_probe|rel:6|scalar__linf|w80|rel:6|cond=rel:6:custom:anchor,76,0.95,False,1,False,1.0,0.13333333333333333,0.8666666666666667,1.0,0.8666666666666667,0.0,0.7333333333333334,1.0,0.15384615384615385,1,13,1.0,0.17777777777777776,0.8222222222222222,1.0,0.9333333333333333,0.0,0.7555555555555555,1.0,0.17777777777777776,1,15,1.0,0.13333333333333333,0.8666666666666667,1.0,1.0,0.0,0.8666666666666667,1.0,0.13333333333333333,1,15,scalar_probe,scalar,linf,,True,1.0
rel:6,relation_dossiers,rel:6|cond=rel:6:facilities:anchor,rel:6:facilities:anchor,scalar__l0,80,15,scalar_probe|rel:6|scalar__l0|w80|rel:6|cond=rel:6:facilities:anchor,68,0.85,False,2,False,0.0,0.06666666666666667,-0.06666666666666667,0.0,0.9333333333333333,0.0,0.8666666666666667,nan,0.07142857142857142,0,14,0.5,0.12666666666666665,0.37333333333333335,0.5,0.9666666666666667,0.0,0.8400000000000001,0.5,0.12666666666666665,1,15,1.0,0.13333333333333333,0.8666666666666667,1.0,1.0,0.0,0.8666666666666667,1.0,0.13333333333333333,1,15,scalar_probe,scalar,l0,0.0,False,0.0
rel:6,relation_dossiers,rel:6|cond=rel:6:facilities:anchor,rel:6:facilities:anchor,scalar__l0p333,80,15,scalar_probe|rel:6|scalar__l0p333|w80|rel:6|cond=rel:6:facilities:anchor,77,0.9625,False,3,False,0.0,0.13333333333333333,-0.13333333333333333,0.0,0.9333333333333333,0.0,0.8,nan,0.14285714285714285,0,14,0.5,0.16666666666666666,0.33333333333333337,0.5,0.9666666666666667,0.0,0.8,0.5,0.16666666666666666,1,15,1.0,0.2,0.8,1.0,1.0,0.0,0.8,1.0,0.2,1,15,scalar_probe,scalar,l0p333,0.3333333333333333,False,0.25
rel:6,relation_dossiers,rel:6|cond=rel:6:facilities:anchor,rel:6:facilities:anchor,scalar__l1,80,15,scalar_probe|rel:6|scalar__l1|w80|rel:6|cond=rel:6:facilities:anchor,70,0.875,False,1,False,0.0,0.0,0.0,0.0,0.9333333333333333,0.0,0.9333333333333333,nan,0.0,0,14,0.5,0.05238095238095239,0.4476190476190476,0.5,0.9666666666666667,0.0,0.9142857142857143,0.5,0.05238095238095239,1,15,1.0,0.06666666666666667,0.9333333333333333,1.0,1.0,0.0,0.9333333333333333,1.0,0.06666666666666667,1,15,scalar_probe,scalar,l1,1.0,False,0.5
rel:6,relation_dossiers,rel:6|cond=rel:6:facilities:anchor,rel:6:facilities:anchor,scalar__l3,80,15,scalar_probe|rel:6|scalar__l3|w80|rel:6|cond=rel:6:facilities:anchor,68,0.85,False,1,False,0.0,0.06666666666666667,-0.06666666666666667,0.0,0.9333333333333333,0.0,0.8666666666666667,nan,0.07142857142857142,0,14,0.5,0.12689075630252103,0.373109243697479,0.5,0.9666666666666667,0.0,0.8397759103641457,0.5,0.12689075630252103,1,15,1.0,0.13333333333333333,0.8666666666666667,1.0,1.0,0.0,0.8666666666666667,1.0,0.13333333333333333,1,15,scalar_probe,scalar,l3,3.0,False,0.75
rel:6,relation_dossiers,rel:6|cond=rel:6:facilities:anchor,rel:6:facilities:anchor,scalar__linf,80,15,scalar_probe|rel:6|scalar__linf|w80|rel:6|cond=rel:6:facilities:anchor,71,0.8875,False,2,False,0.0,0.0,0.0,0.0,0.9333333333333333,0.0,0.9333333333333333,nan,0.0,0,14,0.5,0.060000000000000005,0.44,0.5,0.9666666666666667,0.0,0.9066666666666666,0.5,0.060000000000000005,1,15,1.0,0.06666666666666667,0.9333333333333333,1.0,1.0,0.0,0.9333333333333333,1.0,0.06666666666666667,1,15,scalar_probe,scalar,linf,,True,1.0
rel:6,relation_dossiers,rel:6|cond=rel:6:finance:anchor,rel:6:finance:anchor,scalar__l0,80,15,scalar_probe|rel:6|scalar__l0|w80|rel:6|cond=rel:6:finance:anchor,74,0.925,False,1,False,1.0,0.2,0.8,1.0,0.8666666666666667,0.0,0.6666666666666667,1.0,0.23076923076923078,1,13,1.0,0.2,0.8,1.0,0.9333333333333333,0.0,0.7333333333333334,1.0,0.2,1,15,1.0,0.2,0.8,1.0,1.0,0.0,0.8,1.0,0.2,1,15,scalar_probe,scalar,l0,0.0,False,0.0
rel:6,relation_dossiers,rel:6|cond=rel:6:finance:anchor,rel:6:finance:anchor,scalar__l0p333,80,15,scalar_probe|rel:6|scalar__l0p333|w80|rel:6|cond=rel:6:finance:anchor,79,0.9875,False,2,False,1.0,0.13333333333333333,0.8666666666666667,1.0,0.8666666666666667,0.0,0.7333333333333334,1.0,0.15384615384615385,1,13,1.0,0.13333333333333333,0.8666666666666667,1.0,0.9333333333333333,0.0,0.8,1.0,0.13333333333333333,1,15,1.0,0.13333333333333333,0.8666666666666667,1.0,1.0,0.0,0.8666666666666667,1.0,0.13333333333333333,1,15,scalar_probe,scalar,l0p333,0.3333333333333333,False,0.25
rel:6,relation_dossiers,rel:6|cond=rel:6:finance:anchor,rel:6:finance:anchor,scalar__l1,80,15,scalar_probe|rel:6|scalar__l1|w80|rel:6|cond=rel:6:finance:anchor,77,0.9625,False,1,False,1.0,0.2,0.8,1.0,0.8666666666666667,0.0,0.6666666666666667,1.0,0.23076923076923078,1,13,1.0,0.2,0.8,1.0,0.9333333333333333,0.0,0.7333333333333334,1.0,0.2,1,15,1.0,0.2,0.8,1.0,1.0,0.0,0.8,1.0,0.2,1,15,scalar_probe,scalar,l1,1.0,False,0.5
rel:6,relation_dossiers,rel:6|cond=rel:6:finance:anchor,rel:6:finance:anchor,scalar__l3,80,15,scalar_probe|rel:6|scalar__l3|w80|rel:6|cond=rel:6:finance:anchor,73,0.9125,False,2,False,1.0,0.13333333333333333,0.8666666666666667,1.0,0.8666666666666667,0.0,0.7333333333333334,1.0,0.15384615384615385,1,13,1.0,0.13333333333333333,0.8666666666666667,1.0,0.9333333333333333,0.0,0.8,1.0,0.13333333333333333,1,15,1.0,0.13333333333333333,0.8666666666666667,1.0,1.0,0.0,0.8666666666666667,1.0,0.13333333333333333,1,15,scalar_probe,scalar,l3,3.0,False,0.75
rel:6,relation_dossiers,rel:6|cond=rel:6:finance:anchor,rel:6:finance:anchor,scalar__linf,80,15,scalar_probe|rel:6|scalar__linf|w80|rel:6|cond=rel:6:finance:anchor,73,0.9125,False,2,False,1.0,0.13333333333333333,0.8666666666666667,1.0,0.8666666666666667,0.0,0.7333333333333334,1.0,0.15384615384615385,1,13,1.0,0.17777777777777776,0.8222222222222222,1.0,0.9333333333333333,0.0,0.7555555555555555,1.0,0.17777777777777776,1,15,1.0,0.2,0.8,1.0,1.0,0.0,0.8,1.0,0.2,1,15,scalar_probe,scalar,linf,,True,1.0
rel:6,relation_dossiers,rel:6|cond=rel:6:founding:anchor,rel:6:founding:anchor,scalar__l0,80,15,scalar_probe|rel:6|scalar__l0|w80|rel:6|cond=rel:6:founding:anchor,72,0.9,False,2,False,1.0,0.13333333333333333,0.8666666666666667,1.0,0.8666666666666667,0.0,0.7333333333333334,1.0,0.15384615384615385,1,13,1.0,0.22666666666666666,0.7733333333333333,1.0,0.9333333333333333,0.0,0.7066666666666667,1.0,0.22666666666666666,1,15,1.0,0.26666666666666666,0.7333333333333334,1.0,1.0,0.0,0.7333333333333334,1.0,0.26666666666666666,1,15,scalar_probe,scalar,l0,0.0,False,0.0
rel:6,relation_dossiers,rel:6|cond=rel:6:founding:anchor,rel:6:founding:anchor,scalar__l0p333,80,15,scalar_probe|rel:6|scalar__l0p333|w80|rel:6|cond=rel:6:founding:anchor,77,0.9625,False,2,False,1.0,0.26666666666666666,0.7333333333333334,1.0,0.8666666666666667,0.0,0.6000000000000001,1.0,0.3076923076923077,1,13,1.0,0.31111111111111106,0.6888888888888889,1.0,0.9333333333333333,0.0,0.6222222222222222,1.0,0.31111111111111106,1,15,1.0,0.26666666666666666,0.7333333333333334,1.0,1.0,0.0,0.7333333333333334,1.0,0.26666666666666666,1,15,scalar_probe,scalar,l0p333,0.3333333333333333,False,0.25
rel:6,relation_dossiers,rel:6|cond=rel:6:founding:anchor,rel:6:founding:anchor,scalar__l1,80,15,scalar_probe|rel:6|scalar__l1|w80|rel:6|cond=rel:6:founding:anchor,73,0.9125,False,2,False,1.0,0.2,0.8,1.0,0.8666666666666667,0.0,0.6666666666666667,1.0,0.23076923076923078,1,13,1.0,0.2,0.8,1.0,0.9333333333333333,0.0,0.7333333333333334,1.0,0.2,1,15,1.0,0.2,0.8,1.0,1.0,0.0,0.8,1.0,0.2,1,15,scalar_probe,scalar,l1,1.0,False,0.5
rel:6,relation_dossiers,rel:6|cond=rel:6:founding:anchor,rel:6:founding:anchor,scalar__l3,80,15,scalar_probe|rel:6|scalar__l3|w80|rel:6|cond=rel:6:founding:anchor,70,0.875,False,1,False,1.0,0.13333333333333333,0.8666666666666667,1.0,0.8666666666666667,0.0,0.7333333333333334,1.0,0.15384615384615385,1,13,1.0,0.2,0.8,1.0,0.9333333333333333,0.0,0.7333333333333334,1.0,0.2,1,15,1.0,0.26666666666666666,0.7333333333333334,1.0,1.0,0.0,0.7333333333333334,1.0,0.26666666666666666,1,15,scalar_probe,scalar,l3,3.0,False,0.75
rel:6,relation_dossiers,rel:6|cond=rel:6:founding:anchor,rel:6:founding:anchor,scalar__linf,80,15,scalar_probe|rel:6|scalar__linf|w80|rel:6|cond=rel:6:founding:anchor,70,0.875,False,2,False,1.0,0.2,0.8,1.0,0.8666666666666667,0.0,0.6666666666666667,1.0,0.23076923076923078,1,13,1.0,0.28888888888888886,0.7111111111111111,1.0,0.9333333333333333,0.0,0.6444444444444445,1.0,0.28888888888888886,1,15,1.0,0.3333333333333333,0.6666666666666667,1.0,1.0,0.0,0.6666666666666667,1.0,0.3333333333333333,1,15,scalar_probe,scalar,linf,,True,1.0
rel:9,relation_dossiers,rel:9|cond=rel:9:custom:anchor,rel:9:custom:anchor,scalar__l0,80,15,scalar_probe|rel:9|scalar__l0|w80|rel:9|cond=rel:9:custom:anchor,74,0.925,False,2,False,1.0,0.2,0.8,1.0,0.9333333333333333,0.0,0.7333333333333334,1.0,0.21428571428571427,1,14,1.0,0.2,0.8,1.0,0.9666666666666667,0.0,0.7666666666666666,1.0,0.2,1,15,1.0,0.2,0.8,1.0,1.0,0.0,0.8,1.0,0.2,1,15,scalar_probe,scalar,l0,0.0,False,0.0
rel:9,relation_dossiers,rel:9|cond=rel:9:custom:anchor,rel:9:custom:anchor,scalar__l0p333,80,15,scalar_probe|rel:9|scalar__l0p333|w80|rel:9|cond=rel:9:custom:anchor,69,0.8625,False,2,False,1.0,0.26666666666666666,0.7333333333333334,1.0,0.9333333333333333,0.0,0.6666666666666667,1.0,0.2857142857142857,1,14,1.0,0.26666666666666666,0.7333333333333334,1.0,0.9666666666666667,0.0,0.7,1.0,0.26666666666666666,1,15,1.0,0.26666666666666666,0.7333333333333334,1.0,1.0,0.0,0.7333333333333334,1.0,0.26666666666666666,1,15,scalar_probe,scalar,l0p333,0.3333333333333333,False,0.25
rel:9,relation_dossiers,rel:9|cond=rel:9:custom:anchor,rel:9:custom:anchor,scalar__l1,80,15,scalar_probe|rel:9|scalar__l1|w80|rel:9|cond=rel:9:custom:anchor,69,0.8625,False,2,False,1.0,0.26666666666666666,0.7333333333333334,1.0,0.9333333333333333,0.0,0.6666666666666667,1.0,0.2857142857142857,1,14,1.0,0.26666666666666666,0.7333333333333334,1.0,0.9666666666666667,0.0,0.7,1.0,0.26666666666666666,1,15,1.0,0.26666666666666666,0.7333333333333334,1.0,1.0,0.0,0.7333333333333334,1.0,0.26666666666666666,1,15,scalar_probe,scalar,l1,1.0,False,0.5
rel:9,relation_dossiers,rel:9|cond=rel:9:custom:anchor,rel:9:custom:anchor,scalar__l3,80,15,scalar_probe|rel:9|scalar__l3|w80|rel:9|cond=rel:9:custom:anchor,69,0.8625,False,2,False,1.0,0.26666666666666666,0.7333333333333334,1.0,0.9333333333333333,0.0,0.6666666666666667,1.0,0.2857142857142857,1,14,1.0,0.26666666666666666,0.7333333333333334,1.0,0.9666666666666667,0.0,0.7,1.0,0.26666666666666666,1,15,1.0,0.26666666666666666,0.7333333333333334,1.0,1.0,0.0,0.7333333333333334,1.0,0.26666666666666666,1,15,scalar_probe,scalar,l3,3.0,False,0.75
rel:9,relation_dossiers,rel:9|cond=rel:9:custom:anchor,rel:9:custom:anchor,scalar__linf,80,15,scalar_probe|rel:9|scalar__linf|w80|rel:9|cond=rel:9:custom:anchor,80,1.0,False,2,False,1.0,0.13333333333333333,0.8666666666666667,1.0,0.9333333333333333,0.0,0.8,1.0,0.14285714285714285,1,14,1.0,0.13333333333333333,0.8666666666666667,1.0,0.9666666666666667,0.0,0.8333333333333334,1.0,0.13333333333333333,1,15,1.0,0.13333333333333333,0.8666666666666667,1.0,1.0,0.0,0.8666666666666667,1.0,0.13333333333333333,1,15,scalar_probe,scalar,linf,,True,1.0
rel:9,relation_dossiers,rel:9|cond=rel:9:facilities:anchor,rel:9:facilities:anchor,scalar__l0,80,15,scalar_probe|rel:9|scalar__l0|w80|rel:9|cond=rel:9:facilities:anchor,76,0.95,False,2,False,1.0,0.06666666666666667,0.9333333333333333,1.0,0.9333333333333333,0.0,0.8666666666666667,1.0,0.07142857142857142,1,14,1.0,0.1,0.9,1.0,0.9666666666666667,0.0,0.8666666666666667,1.0,0.1,1,15,1.0,0.13333333333333333,0.8666666666666667,1.0,1.0,0.0,0.8666666666666667,1.0,0.13333333333333333,1,15,scalar_probe,scalar,l0,0.0,False,0.0
rel:9,relation_dossiers,rel:9|cond=rel:9:facilities:anchor,rel:9:facilities:anchor,scalar__l0p333,80,15,scalar_probe|rel:9|scalar__l0p333|w80|rel:9|cond=rel:9:facilities:anchor,73,0.9125,False,3,False,1.0,0.13333333333333333,0.8666666666666667,1.0,0.9333333333333333,0.0,0.8,1.0,0.14285714285714285,1,14,1.0,0.16666666666666666,0.8333333333333334,1.0,0.9666666666666667,0.0,0.8,1.0,0.16666666666666666,1,15,1.0,0.2,0.8,1.0,1.0,0.0,0.8,1.0,0.2,1,15,scalar_probe,scalar,l0p333,0.3333333333333333,False,0.25
rel:9,relation_dossiers,rel:9|cond=rel:9:facilities:anchor,rel:9:facilities:anchor,scalar__l1,80,15,scalar_probe|rel:9|scalar__l1|w80|rel:9|cond=rel:9:facilities:anchor,75,0.9375,False,3,False,1.0,0.06666666666666667,0.9333333333333333,1.0,0.9333333333333333,0.0,0.8666666666666667,1.0,0.07142857142857142,1,14,1.0,0.1,0.9,1.0,0.9666666666666667,0.0,0.8666666666666667,1.0,0.1,1,15,1.0,0.13333333333333333,0.8666666666666667,1.0,1.0,0.0,0.8666666666666667,1.0,0.13333333333333333,1,15,scalar_probe,scalar,l1,1.0,False,0.5
rel:9,relation_dossiers,rel:9|cond=rel:9:facilities:anchor,rel:9:facilities:anchor,scalar__l3,80,15,scalar_probe|rel:9|scalar__l3|w80|rel:9|cond=rel:9:facilities:anchor,80,1.0,False,2,False,1.0,0.13333333333333333,0.8666666666666667,1.0,0.9333333333333333,0.0,0.8,1.0,0.14285714285714285,1,14,1.0,0.16666666666666666,0.8333333333333334,1.0,0.9666666666666667,0.0,0.8,1.0,0.16666666666666666,1,15,1.0,0.2,0.8,1.0,1.0,0.0,0.8,1.0,0.2,1,15,scalar_probe,scalar,l3,3.0,False,0.75
rel:9,relation_dossiers,rel:9|cond=rel:9:facilities:anchor,rel:9:facilities:anchor,scalar__linf,80,15,scalar_probe|rel:9|scalar__linf|w80|rel:9|cond=rel:9:facilities:anchor,68,0.85,False,3,False,1.0,0.06666666666666667,0.9333333333333333,1.0,0.9333333333333333,0.0,0.8666666666666667,1.0,0.07142857142857142,1,14,1.0,0.1,0.9,1.0,0.9666666666666667,0.0,0.8666666666666667,1.0,0.1,1,15,1.0,0.13333333333333333,0.8666666666666667,1.0,1.0,0.0,0.8666666666666667,1.0,0.13333333333333333,1,15,scalar_probe,scalar,linf,,True,1.0
rel:9,relation_dossiers,rel:9|cond=rel:9:finance:anchor,rel:9:finance:anchor,scalar__l0,80,15,scalar_probe|rel:9|scalar__l0|w80|rel:9|cond=rel:9:finance:anchor,79,0.9875,False,1,False,1.0,0.2,0.8,1.0,0.9333333333333333,0.0,0.7333333333333334,1.0,0.21428571428571427,1,14,1.0,0.2,0.8,1.0,0.9666666666666667,0.0,0.7666666666666666,1.0,0.2,1,15,1.0,0.2,0.8,1.0,1.0,0.0,0.8,1.0,0.2,1,15,scalar_probe,scalar,l0,0.0,False,0.0
rel:9,relation_dossiers,rel:9|cond=rel:9:finance:anchor,rel:9:finance:anchor,scalar__l0p333,80,15,scalar_probe|rel:9|scalar__l0p333|w80|rel:9|cond=rel:9:finance:anchor,70,0.875,False,1,False,1.0,0.4,0.6,1.0,0.9333333333333333,0.0,0.5333333333333333,1.0,0.42857142857142855,1,14,1.0,0.4444444444444445,0.5555555555555556,1.0,0.9666666666666667,0.0,0.5222222222222221,1.0,0.4444444444444445,1,15,1.0,0.4666666666666667,0.5333333333333333,1.0,1.0,0.0,0.5333333333333333,1.0,0.4666666666666667,1,15,scalar_probe,scalar,l0p333,0.3333333333333333,False,0.25
rel:9,relation_dossiers,rel:9|cond=rel:9:finance:anchor,rel:9:finance:anchor,scalar__l1,80,15,scalar_probe|rel:9|scalar__l1|w80|rel:9|cond=rel:9:finance:anchor,72,0.9,False,1,False,1.0,0.26666666666666666,0.7333333333333334,1.0,0.9333333333333333,0.0,0.6666666666666667,1.0,0.2857142857142857,1,14,1.0,0.26666666666666666,0.7333333333333334,1.0,0.9666666666666667,0.0,0.7,1.0,0.26666666666666666,1,15,1.0,0.26666666666666666,0.7333333333333334,1.0,1.0,0.0,0.7333333333333334,1.0,0.26666666666666666,1,15,scalar_probe,scalar,l1,1.0,False,0.5
rel:9,relation_dossiers,rel:9|cond=rel:9:finance:anchor,rel:9:finance:anchor,scalar__l3,80,15,scalar_probe|rel:9|scalar__l3|w80|rel:9|cond=rel:9:finance:anchor,72,0.9,False,1,False,1.0,0.26666666666666666,0.7333333333333334,1.0,0.9333333333333333,0.0,0.6666666666666667,1.0,0.2857142857142857,1,14,1.0,0.26666666666666666,0.7333333333333334,1.0,0.9666666666666667,0.0,0.7,1.0,0.26666666666666666,1,15,1.0,0.26666666666666666,0.7333333333333334,1.0,1.0,0.0,0.7333333333333334,1.0,0.26666666666666666,1,15,scalar_probe,scalar,l3,3.0,False,0.75
rel:9,relation_dossiers,rel:9|cond=rel:9:finance:anchor,rel:9:finance:anchor,scalar__linf,80,15,scalar_probe|rel:9|scalar__linf|w80|rel:9|cond=rel:9:finance:anchor,68,0.85,False,1,False,1.0,0.13333333333333333,0.8666666666666667,1.0,0.9333333333333333,0.0,0.8,1.0,0.14285714285714285,1,14,1.0,0.13333333333333333,0.8666666666666667,1.0,0.9666666666666667,0.0,0.8333333333333334,1.0,0.13333333333333333,1,15,1.0,0.13333333333333333,0.8666666666666667,1.0,1.0,0.0,0.8666666666666667,1.0,0.13333333333333333,1,15,scalar_probe,scalar,linf,,True,1.0
rel:9,relation_dossiers,rel:9|cond=rel:9:founding:anchor,rel:9:founding:anchor,scalar__l0,80,15,scalar_probe|rel:9|scalar__l0|w80|rel:9|cond=rel:9:founding:anchor,70,0.875,False,1,False,1.0,0.06666666666666667,0.9333333333333333,1.0,0.9333333333333333,0.0,0.8666666666666667,1.0,0.07142857142857142,1,14,1.0,0.1,0.9,1.0,0.9666666666666667,0.0,0.8666666666666667,1.0,0.1,1,15,1.0,0.06666666666666667,0.9333333333333333,1.0,1.0,0.0,0.9333333333333333,1.0,0.06666666666666667,1,15,scalar_probe,scalar,l0,0.0,False,0.0
rel:9,relation_dossiers,rel:9|cond=rel:9:founding:anchor,rel:9:founding:anchor,scalar__l0p333,80,15,scalar_probe|rel:9|scalar__l0p333|w80|rel:9|cond=rel:9:founding:anchor,72,0.9,False,1,False,1.0,0.2,0.8,1.0,0.9333333333333333,0.0,0.7333333333333334,1.0,0.21428571428571427,1,14,1.0,0.2533333333333333,0.7466666666666667,1.0,0.9666666666666667,0.0,0.7133333333333334,1.0,0.2533333333333333,1,15,1.0,0.26666666666666666,0.7333333333333334,1.0,1.0,0.0,0.7333333333333334,1.0,0.26666666666666666,1,15,scalar_probe,scalar,l0p333,0.3333333333333333,False,0.25
rel:9,relation_dossiers,rel:9|cond=rel:9:founding:anchor,rel:9:founding:anchor,scalar__l1,80,15,scalar_probe|rel:9|scalar__l1|w80|rel:9|cond=rel:9:founding:anchor,72,0.9,False,1,False,1.0,0.06666666666666667,0.9333333333333333,1.0,0.9333333333333333,0.0,0.8666666666666667,1.0,0.07142857142857142,1,14,1.0,0.12000000000000001,0.88,1.0,0.9666666666666667,0.0,0.8466666666666667,1.0,0.12000000000000001,1,15,1.0,0.13333333333333333,0.8666666666666667,1.0,1.0,0.0,0.8666666666666667,1.0,0.13333333333333333,1,15,scalar_probe,scalar,l1,1.0,False,0.5
rel:9,relation_dossiers,rel:9|cond=rel:9:founding:anchor,rel:9:founding:anchor,scalar__l3,80,15,scalar_probe|rel:9|scalar__l3|w80|rel:9|cond=rel:9:founding:anchor,76,0.95,False,1,False,1.0,0.2,0.8,1.0,0.9333333333333333,0.0,0.7333333333333334,1.0,0.21428571428571427,1,14,1.0,0.2533333333333333,0.7466666666666667,1.0,0.9666666666666667,0.0,0.7133333333333334,1.0,0.2533333333333333,1,15,1.0,0.26666666666666666,0.7333333333333334,1.0,1.0,0.0,0.7333333333333334,1.0,0.26666666666666666,1,15,scalar_probe,scalar,l3,3.0,False,0.75
rel:9,relation_dossiers,rel:9|cond=rel:9:founding:anchor,rel:9:founding:anchor,scalar__linf,80,15,scalar_probe|rel:9|scalar__linf|w80|rel:9|cond=rel:9:founding:anchor,76,0.95,False,1,False,1.0,0.2,0.8,1.0,0.9333333333333333,0.0,0.7333333333333334,1.0,0.21428571428571427,1,14,1.0,0.2533333333333333,0.7466666666666667,1.0,0.9666666666666667,0.0,0.7133333333333334,1.0,0.2533333333333333,1,15,1.0,0.26666666666666666,0.7333333333333334,1.0,1.0,0.0,0.7333333333333334,1.0,0.26666666666666666,1,15,scalar_probe,scalar,linf,,True,1.0
