context_id,dataset,rotation_id,cond_qid,policy,budget_words,n_hidden,message_key,delivered_words,fill_ratio,truncated,attempts,message_shared_across_rotations,now_em,future_em,gap_em,ceiling_now_em,ceiling_future_em,regret_now_em,regret_future_em,retained_now_em,retained_future_em,n_ceiling_now_em,n_ceiling_future_em,now_f1,future_f1,gap_f1,ceiling_now_f1,ceiling_future_f1,regret_now_f1,regret_future_f1,retained_now_f1,retained_future_f1,n_ceiling_now_f1,n_ceiling_future_f1,now_judge_correct,future_judge_correct,gap_judge_correct,ceiling_now_judge_correct,ceiling_future_judge_correct,regret_now_judge_correct,regret_future_judge_correct,retained_now_judge_correct,retained_future_judge_correct,n_ceiling_now_judge_correct,n_ceiling_future_judge_correct
rel:11,relation_dossiers,rel:11|cond=rel:11:custom:anchor,rel:11:custom:anchor,conditioned,20,15,rel:11|conditioned|w20|rel:11|cond=rel:11:custom:anchor,17,0.85,False,1,False,1.0,0.06666666666666667,0.9333333333333333,1.0,0.8666666666666667,0.0,0.8,1.0,0.07692307692307693,1,13,1.0,0.12666666666666665,0.8733333333333333,1.0,0.9333333333333333,0.0,0.8066666666666666,1.0,0.12666666666666665,1,15,1.0,0.06666666666666667,0.9333333333333333,1.0,1.0,0.0,0.9333333333333333,1.0,0.06666666666666667,1,15
rel:11,relation_dossiers,rel:11|cond=rel:11:custom:anchor,rel:11:custom:anchor,conditioned,40,15,rel:11|conditioned|w40|rel:11|cond=rel:11:custom:anchor,39,0.975,False,2,False,1.0,0.06666666666666667,0.9333333333333333,1.0,0.8666666666666667,0.0,0.8,1.0,0.07692307692307693,1,13,1.0,0.09333333333333332,0.9066666666666667,1.0,0.9333333333333333,0.0,0.8400000000000001,1.0,0.09333333333333332,1,15,1.0,0.06666666666666667,0.9333333333333333,1.0,1.0,0.0,0.9333333333333333,1.0,0.06666666666666667,1,15
rel:11,relation_dossiers,rel:11|cond=rel:11:custom:anchor,rel:11:custom:anchor,conditioned,80,15,rel:11|conditioned|w80|rel:11|cond=rel:11:custom:anchor,72,0.9,False,1,False,1.0,0.06666666666666667,0.9333333333333333,1.0,0.8666666666666667,0.0,0.8,1.0,0.07692307692307693,1,13,1.0,0.1,0.9,1.0,0.9333333333333333,0.0,0.8333333333333334,1.0,0.1,1,15,1.0,0.06666666666666667,0.9333333333333333,1.0,1.0,0.0,0.9333333333333333,1.0,0.06666666666666667,1,15
rel:11,relation_dossiers,rel:11|cond=rel:11:custom:anchor,rel:11:custom:anchor,conditioned,160,15,rel:11|conditioned|w160|rel:11|cond=rel:11:custom:anchor,144,0.9,False,1,False,1.0,0.2,0.8,1.0,0.8666666666666667,0.0,0.6666666666666667,1.0,0.23076923076923078,1,13,1.0,0.2805128205128205,0.7194871794871796,1.0,0.9333333333333333,0.0,0.6528205128205129,1.0,0.2805128205128205,1,15,1.0,0.2,0.8,1.0,1.0,0.0,0.8,1.0,0.2,1,15
rel:11,relation_dossiers,rel:11|cond=rel:11:custom:anchor,rel:11:custom:anchor,generic,20,15,rel:11|generic|w20|-,18,0.9,False,2,True,0.0,0.13333333333333333,-0.13333333333333333,1.0,0.8666666666666667,1.0,0.7333333333333334,0.0,0.15384615384615385,1,13,0.0,0.1888888888888889,-0.1888888888888889,1.0,0.9333333333333333,1.0,0.7444444444444445,0.0,0.1888888888888889,1,15,0.0,0.13333333333333333,-0.13333333333333333,1.0,1.0,1.0,0.8666666666666667,0.0,0.13333333333333333,1,15
rel:11,relation_dossiers,rel:11|cond=rel:11:custom:anchor,rel:11:custom:anchor,generic,40,15,rel:11|generic|w40|-,40,1.0,False,2,True,0.0,0.2,-0.2,1.0,0.8666666666666667,1.0,0.6666666666666667,0.0,0.23076923076923078,1,13,0.0,0.23333333333333334,-0.23333333333333334,1.0,0.9333333333333333,1.0,0.7,0.0,0.23333333333333334,1,15,0.0,0.2,-0.2,1.0,1.0,1.0,0.8,0.0,0.2,1,15
rel:11,relation_dossiers,rel:11|cond=rel:11:custom:anchor,rel:11:custom:anchor,generic,80,15,rel:11|generic|w80|-,74,0.925,False,1,True,0.0,0.06666666666666667,-0.06666666666666667,1.0,0.8666666666666667,1.0,0.8,0.0,0.07692307692307693,1,13,0.0,0.1888888888888889,-0.1888888888888889,1.0,0.9333333333333333,1.0,0.7444444444444445,0.0,0.1888888888888889,1,15,0.0,0.2,-0.2,1.0,1.0,1.0,0.8,0.0,0.2,1,15
rel:11,relation_dossiers,rel:11|cond=rel:11:custom:anchor,rel:11:custom:anchor,generic,160,15,rel:11|generic|w160|-,140,0.875,False,1,True,0.0,0.3333333333333333,-0.3333333333333333,1.0,0.8666666666666667,1.0,0.5333333333333334,0.0,0.38461538461538464,1,13,0.0,0.4666666666666667,-0.4666666666666667,1.0,0.9333333333333333,1.0,0.4666666666666667,0.0,0.4666666666666667,1,15,0.0,0.4666666666666667,-0.4666666666666667,1.0,1.0,1.0,0.5333333333333333,0.0,0.4666666666666667,1,15
rel:11,relation_dossiers,rel:11|cond=rel:11:custom:anchor,rel:11:custom:anchor,oracle,20,15,rel:11|oracle|w20|-,18,0.9,False,2,True,0.0,0.26666666666666666,-0.26666666666666666,1.0,0.8666666666666667,1.0,0.6000000000000001,0.0,0.3076923076923077,1,13,0.0,0.3222222222222222,-0.3222222222222222,1.0,0.9333333333333333,1.0,0.6111111111111112,0.0,0.3222222222222222,1,15,0.0,0.26666666666666666,-0.26666666666666666,1.0,1.0,1.0,0.7333333333333334,0.0,0.26666666666666666,1,15
rel:11,relation_dossiers,rel:11|cond=rel:11:custom:anchor,rel:11:custom:anchor,oracle,40,15,rel:11|oracle|w40|-,40,1.0,False,2,True,0.0,0.3333333333333333,-0.3333333333333333,1.0,0.8666666666666667,1.0,0.5333333333333334,0.0,0.38461538461538464,1,13,0.0,0.4266666666666667,-0.4266666666666667,1.0,0.9333333333333333,1.0,0.5066666666666666,0.0,0.4266666666666667,1,15,0.0,0.4666666666666667,-0.4666666666666667,1.0,1.0,1.0,0.5333333333333333,0.0,0.4666666666666667,1,15
rel:11,relation_dossiers,rel:11|cond=rel:11:custom:anchor,rel:11:custom:anchor,oracle,80,15,rel:11|oracle|w80|-,76,0.95,False,4,True,0.0,0.6666666666666666,-0.6666666666666666,1.0,0.8666666666666667,1.0,0.20000000000000007,0.0,0.7692307692307693,1,13,0.0,0.7333333333333333,-0.7333333333333333,1.0,0.9333333333333333,1.0,0.20000000000000007,0.0,0.7333333333333333,1,15,0.0,0.8,-0.8,1.0,1.0,1.0,0.19999999999999996,0.0,0.8,1,15
rel:11,relation_dossiers,rel:11|cond=rel:11:custom:anchor,rel:11:custom:anchor,oracle,160,15,rel:11|oracle|w160|-,136,0.85,False,2,True,1.0,0.8666666666666667,0.1333333333333333,1.0,0.8666666666666667,0.0,0.0,1.0,1.0,1,13,1.0,0.9333333333333333,0.06666666666666665,1.0,0.9333333333333333,0.0,0.0,1.0,0.9333333333333333,1,15,1.0,1.0,0.0,1.0,1.0,0.0,0.0,1.0,1.0,1,15
rel:11,relation_dossiers,rel:11|cond=rel:11:custom:anchor,rel:11:custom:anchor,reusable,20,15,rel:11|reusable|w20|rel:11|cond=rel:11:custom:anchor,18,0.9,False,2,False,1.0,0.06666666666666667,0.9333333333333333,1.0,0.8666666666666667,0.0,0.8,1.0,0.07692307692307693,1,13,1.0,0.06666666666666667,0.9333333333333333,1.0,0.9333333333333333,0.0,0.8666666666666667,1.0,0.06666666666666667,1,15,1.0,0.06666666666666667,0.9333333333333333,1.0,1.0,0.0,0.9333333333333333,1.0,0.06666666666666667,1,15
rel:11,relation_dossiers,rel:11|cond=rel:11:custom:anchor,rel:11:custom:anchor,reusable,40,15,rel:11|reusable|w40|rel:11|cond=rel:11:custom:anchor,39,0.975,False,1,False,1.0,0.06666666666666667,0.9333333333333333,1.0,0.8666666666666667,0.0,0.8,1.0,0.07692307692307693,1,13,1.0,0.06666666666666667,0.9333333333333333,1.0,0.9333333333333333,0.0,0.8666666666666667,1.0,0.06666666666666667,1,15,1.0,0.06666666666666667,0.9333333333333333,1.0,1.0,0.0,0.9333333333333333,1.0,0.06666666666666667,1,15
rel:11,relation_dossiers,rel:11|cond=rel:11:custom:anchor,rel:11:custom:anchor,reusable,80,15,rel:11|reusable|w80|rel:11|cond=rel:11:custom:anchor,72,0.9,False,1,False,1.0,0.13333333333333333,0.8666666666666667,1.0,0.8666666666666667,0.0,0.7333333333333334,1.0,0.15384615384615385,1,13,1.0,0.13333333333333333,0.8666666666666667,1.0,0.9333333333333333,0.0,0.8,1.0,0.13333333333333333,1,15,1.0,0.13333333333333333,0.8666666666666667,1.0,1.0,0.0,0.8666666666666667,1.0,0.13333333333333333,1,15
rel:11,relation_dossiers,rel:11|cond=rel:11:custom:anchor,rel:11:custom:anchor,reusable,160,15,rel:11|reusable|w160|rel:11|cond=rel:11:custom:anchor,139,0.86875,False,1,False,1.0,0.26666666666666666,0.7333333333333334,1.0,0.8666666666666667,0.0,0.6000000000000001,1.0,0.3076923076923077,1,13,1.0,0.26666666666666666,0.7333333333333334,1.0,0.9333333333333333,0.0,0.6666666666666667,1.0,0.26666666666666666,1,15,1.0,0.26666666666666666,0.7333333333333334,1.0,1.0,0.0,0.7333333333333334,1.0,0.26666666666666666,1,15
rel:11,relation_dossiers,rel:11|cond=rel:11:facilities:anchor,rel:11:facilities:anchor,conditioned,20,15,rel:11|conditioned|w20|rel:11|cond=rel:11:facilities:anchor,17,0.85,False,1,False,0.0,0.0,0.0,0.0,0.9333333333333333,0.0,0.9333333333333333,nan,0.0,0,14,0.5,0.075,0.425,0.5,0.9666666666666667,0.0,0.8916666666666667,0.5,0.075,1,15,1.0,0.06666666666666667,0.9333333333333333,1.0,1.0,0.0,0.9333333333333333,1.0,0.06666666666666667,1,15
rel:11,relation_dossiers,rel:11|cond=rel:11:facilities:anchor,rel:11:facilities:anchor,conditioned,40,15,rel:11|conditioned|w40|rel:11|cond=rel:11:facilities:anchor,34,0.85,False,2,False,0.0,0.0,0.0,0.0,0.9333333333333333,0.0,0.9333333333333333,nan,0.0,0,14,0.5,0.075,0.425,0.5,0.9666666666666667,0.0,0.8916666666666667,0.5,0.075,1,15,1.0,0.06666666666666667,0.9333333333333333,1.0,1.0,0.0,0.9333333333333333,1.0,0.06666666666666667,1,15
rel:11,relation_dossiers,rel:11|cond=rel:11:facilities:anchor,rel:11:facilities:anchor,conditioned,80,15,rel:11|conditioned|w80|rel:11|cond=rel:11:facilities:anchor,79,0.9875,False,2,False,0.0,0.06666666666666667,-0.06666666666666667,0.0,0.9333333333333333,0.0,0.8666666666666667,nan,0.07142857142857142,0,14,0.5,0.1,0.4,0.5,0.9666666666666667,0.0,0.8666666666666667,0.5,0.1,1,15,1.0,0.13333333333333333,0.8666666666666667,1.0,1.0,0.0,0.8666666666666667,1.0,0.13333333333333333,1,15
rel:11,relation_dossiers,rel:11|cond=rel:11:facilities:anchor,rel:11:facilities:anchor,conditioned,160,15,rel:11|conditioned|w160|rel:11|cond=rel:11:facilities:anchor,147,0.91875,False,2,False,0.0,0.06666666666666667,-0.06666666666666667,0.0,0.9333333333333333,0.0,0.8666666666666667,nan,0.07142857142857142,0,14,0.5,0.12222222222222222,0.37777777777777777,0.5,0.9666666666666667,0.0,0.8444444444444444,0.5,0.12222222222222222,1,15,1.0,0.13333333333333333,0.8666666666666667,1.0,1.0,0.0,0.8666666666666667,1.0,0.13333333333333333,1,15
rel:11,relation_dossiers,rel:11|cond=rel:11:facilities:anchor,rel:11:facilities:anchor,generic,20,15,rel:11|generic|w20|-,18,0.9,False,2,True,0.0,0.13333333333333333,-0.13333333333333333,0.0,0.9333333333333333,0.0,0.8,nan,0.14285714285714285,0,14,0.0,0.1888888888888889,-0.1888888888888889,0.5,0.9666666666666667,0.5,0.7777777777777778,0.0,0.1888888888888889,1,15,0.0,0.13333333333333333,-0.13333333333333333,1.0,1.0,1.0,0.8666666666666667,0.0,0.13333333333333333,1,15
rel:11,relation_dossiers,rel:11|cond=rel:11:facilities:anchor,rel:11:facilities:anchor,generic,40,15,rel:11|generic|w40|-,40,1.0,False,2,True,0.0,0.2,-0.2,0.0,0.9333333333333333,0.0,0.7333333333333334,nan,0.21428571428571427,0,14,0.0,0.23333333333333334,-0.23333333333333334,0.5,0.9666666666666667,0.5,0.7333333333333334,0.0,0.23333333333333334,1,15,0.0,0.2,-0.2,1.0,1.0,1.0,0.8,0.0,0.2,1,15
rel:11,relation_dossiers,rel:11|cond=rel:11:facilities:anchor,rel:11:facilities:anchor,generic,80,15,rel:11|generic|w80|-,74,0.925,False,1,True,0.0,0.06666666666666667,-0.06666666666666667,0.0,0.9333333333333333,0.0,0.8666666666666667,nan,0.07142857142857142,0,14,0.5,0.15555555555555556,0.34444444444444444,0.5,0.9666666666666667,0.0,0.8111111111111111,0.5,0.15555555555555556,1,15,1.0,0.13333333333333333,0.8666666666666667,1.0,1.0,0.0,0.8666666666666667,1.0,0.13333333333333333,1,15
rel:11,relation_dossiers,rel:11|cond=rel:11:facilities:anchor,rel:11:facilities:anchor,generic,160,15,rel:11|generic|w160|-,140,0.875,False,1,True,0.0,0.3333333333333333,-0.3333333333333333,0.0,0.9333333333333333,0.0,0.6000000000000001,nan,0.35714285714285715,0,14,0.5,0.43333333333333335,0.06666666666666665,0.5,0.9666666666666667,0.0,0.5333333333333333,0.5,0.43333333333333335,1,15,1.0,0.4,0.6,1.0,1.0,0.0,0.6,1.0,0.4,1,15
rel:11,relation_dossiers,rel:11|cond=rel:11:facilities:anchor,rel:11:facilities:anchor,oracle,20,15,rel:11|oracle|w20|-,18,0.9,False,2,True,0.0,0.26666666666666666,-0.26666666666666666,0.0,0.9333333333333333,0.0,0.6666666666666667,nan,0.2857142857142857,0,14,0.0,0.3222222222222222,-0.3222222222222222,0.5,0.9666666666666667,0.5,0.6444444444444445,0.0,0.3222222222222222,1,15,0.0,0.26666666666666666,-0.26666666666666666,1.0,1.0,1.0,0.7333333333333334,0.0,0.26666666666666666,1,15
rel:11,relation_dossiers,rel:11|cond=rel:11:facilities:anchor,rel:11:facilities:anchor,oracle,40,15,rel:11|oracle|w40|-,40,1.0,False,2,True,0.0,0.3333333333333333,-0.3333333333333333,0.0,0.9333333333333333,0.0,0.6000000000000001,nan,0.35714285714285715,0,14,0.5,0.39333333333333337,0.10666666666666663,0.5,0.9666666666666667,0.0,0.5733333333333333,0.5,0.39333333333333337,1,15,1.0,0.4,0.6,1.0,1.0,0.0,0.6,1.0,0.4,1,15
rel:11,relation_dossiers,rel:11|cond=rel:11:facilities:anchor,rel:11:facilities:anchor,oracle,80,15,rel:11|oracle|w80|-,76,0.95,False,4,True,0.0,0.6666666666666666,-0.6666666666666666,0.0,0.9333333333333333,0.0,0.2666666666666667,nan,0.7142857142857143,0,14,0.5,0.7,-0.19999999999999996,0.5,0.9666666666666667,0.0,0.2666666666666667,0.5,0.7,1,15,1.0,0.7333333333333333,0.2666666666666667,1.0,1.0,0.0,0.2666666666666667,1.0,0.7333333333333333,1,15
rel:11,relation_dossiers,rel:11|cond=rel:11:facilities:anchor,rel:11:facilities:anchor,oracle,160,15,rel:11|oracle|w160|-,136,0.85,False,2,True,0.0,0.9333333333333333,-0.9333333333333333,0.0,0.9333333333333333,0.0,0.0,nan,1.0,0,14,0.5,0.9666666666666667,-0.4666666666666667,0.5,0.9666666666666667,0.0,0.0,0.5,0.9666666666666667,1,15,1.0,1.0,0.0,1.0,1.0,0.0,0.0,1.0,1.0,1,15
rel:11,relation_dossiers,rel:11|cond=rel:11:facilities:anchor,rel:11:facilities:anchor,reusable,20,15,rel:11|reusable|w20|rel:11|cond=rel:11:facilities:anchor,17,0.85,False,1,False,0.0,0.0,0.0,0.0,0.9333333333333333,0.0,0.9333333333333333,nan,0.0,0,14,0.5,0.075,0.425,0.5,0.9666666666666667,0.0,0.8916666666666667,0.5,0.075,1,15,1.0,0.06666666666666667,0.9333333333333333,1.0,1.0,0.0,0.9333333333333333,1.0,0.06666666666666667,1,15
rel:11,relation_dossiers,rel:11|cond=rel:11:facilities:anchor,rel:11:facilities:anchor,reusable,40,15,rel:11|reusable|w40|rel:11|cond=rel:11:facilities:anchor,36,0.9,False,2,False,0.0,0.13333333333333333,-0.13333333333333333,0.0,0.9333333333333333,0.0,0.8,nan,0.14285714285714285,0,14,0.5,0.20833333333333334,0.29166666666666663,0.5,0.9666666666666667,0.0,0.7583333333333333,0.5,0.20833333333333334,1,15,1.0,0.2,0.8,1.0,1.0,0.0,0.8,1.0,0.2,1,15
rel:11,relation_dossiers,rel:11|cond=rel:11:facilities:anchor,rel:11:facilities:anchor,reusable,80,15,rel:11|reusable|w80|rel:11|cond=rel:11:facilities:anchor,74,0.925,False,1,False,0.0,0.2,-0.2,0.0,0.9333333333333333,0.0,0.7333333333333334,nan,0.21428571428571427,0,14,0.5,0.23333333333333334,0.26666666666666666,0.5,0.9666666666666667,0.0,0.7333333333333334,0.5,0.23333333333333334,1,15,1.0,0.26666666666666666,0.7333333333333334,1.0,1.0,0.0,0.7333333333333334,1.0,0.26666666666666666,1,15
rel:11,relation_dossiers,rel:11|cond=rel:11:facilities:anchor,rel:11:facilities:anchor,reusable,160,15,rel:11|reusable|w160|rel:11|cond=rel:11:facilities:anchor,149,0.93125,False,2,False,0.0,0.4,-0.4,0.0,0.9333333333333333,0.0,0.5333333333333333,nan,0.42857142857142855,0,14,0.5,0.43333333333333335,0.06666666666666665,0.5,0.9666666666666667,0.0,0.5333333333333333,0.5,0.43333333333333335,1,15,1.0,0.4666666666666667,0.5333333333333333,1.0,1.0,0.0,0.5333333333333333,1.0,0.4666666666666667,1,15
rel:11,relation_dossiers,rel:11|cond=rel:11:finance:anchor,rel:11:finance:anchor,conditioned,20,15,rel:11|conditioned|w20|rel:11|cond=rel:11:finance:anchor,19,0.95,False,1,False,1.0,0.06666666666666667,0.9333333333333333,1.0,0.8666666666666667,0.0,0.8,1.0,0.07692307692307693,1,13,1.0,0.08888888888888888,0.9111111111111111,1.0,0.9333333333333333,0.0,0.8444444444444444,1.0,0.08888888888888888,1,15,1.0,0.06666666666666667,0.9333333333333333,1.0,1.0,0.0,0.9333333333333333,1.0,0.06666666666666667,1,15
rel:11,relation_dossiers,rel:11|cond=rel:11:finance:anchor,rel:11:finance:anchor,conditioned,40,15,rel:11|conditioned|w40|rel:11|cond=rel:11:finance:anchor,37,0.925,False,2,False,1.0,0.06666666666666667,0.9333333333333333,1.0,0.8666666666666667,0.0,0.8,1.0,0.07692307692307693,1,13,1.0,0.06666666666666667,0.9333333333333333,1.0,0.9333333333333333,0.0,0.8666666666666667,1.0,0.06666666666666667,1,15,1.0,0.06666666666666667,0.9333333333333333,1.0,1.0,0.0,0.9333333333333333,1.0,0.06666666666666667,1,15
rel:11,relation_dossiers,rel:11|cond=rel:11:finance:anchor,rel:11:finance:anchor,conditioned,80,15,rel:11|conditioned|w80|rel:11|cond=rel:11:finance:anchor,80,1.0,False,1,False,1.0,0.13333333333333333,0.8666666666666667,1.0,0.8666666666666667,0.0,0.7333333333333334,1.0,0.15384615384615385,1,13,1.0,0.13333333333333333,0.8666666666666667,1.0,0.9333333333333333,0.0,0.8,1.0,0.13333333333333333,1,15,1.0,0.13333333333333333,0.8666666666666667,1.0,1.0,0.0,0.8666666666666667,1.0,0.13333333333333333,1,15
rel:11,relation_dossiers,rel:11|cond=rel:11:finance:anchor,rel:11:finance:anchor,conditioned,160,15,rel:11|conditioned|w160|rel:11|cond=rel:11:finance:anchor,146,0.9125,False,2,False,1.0,0.2,0.8,1.0,0.8666666666666667,0.0,0.6666666666666667,1.0,0.23076923076923078,1,13,1.0,0.2,0.8,1.0,0.9333333333333333,0.0,0.7333333333333334,1.0,0.2,1,15,1.0,0.2,0.8,1.0,1.0,0.0,0.8,1.0,0.2,1,15
rel:11,relation_dossiers,rel:11|cond=rel:11:finance:anchor,rel:11:finance:anchor,generic,20,15,rel:11|generic|w20|-,18,0.9,False,2,True,0.0,0.13333333333333333,-0.13333333333333333,1.0,0.8666666666666667,1.0,0.7333333333333334,0.0,0.15384615384615385,1,13,0.0,0.1888888888888889,-0.1888888888888889,1.0,0.9333333333333333,1.0,0.7444444444444445,0.0,0.1888888888888889,1,15,0.0,0.13333333333333333,-0.13333333333333333,1.0,1.0,1.0,0.8666666666666667,0.0,0.13333333333333333,1,15
rel:11,relation_dossiers,rel:11|cond=rel:11:finance:anchor,rel:11:finance:anchor,generic,40,15,rel:11|generic|w40|-,40,1.0,False,2,True,0.0,0.2,-0.2,1.0,0.8666666666666667,1.0,0.6666666666666667,0.0,0.23076923076923078,1,13,0.0,0.23333333333333334,-0.23333333333333334,1.0,0.9333333333333333,1.0,0.7,0.0,0.23333333333333334,1,15,0.0,0.2,-0.2,1.0,1.0,1.0,0.8,0.0,0.2,1,15
rel:11,relation_dossiers,rel:11|cond=rel:11:finance:anchor,rel:11:finance:anchor,generic,80,15,rel:11|generic|w80|-,74,0.925,False,1,True,0.0,0.06666666666666667,-0.06666666666666667,1.0,0.8666666666666667,1.0,0.8,0.0,0.07692307692307693,1,13,0.0,0.1888888888888889,-0.1888888888888889,1.0,0.9333333333333333,1.0,0.7444444444444445,0.0,0.1888888888888889,1,15,0.0,0.2,-0.2,1.0,1.0,1.0,0.8,0.0,0.2,1,15
rel:11,relation_dossiers,rel:11|cond=rel:11:finance:anchor,rel:11:finance:anchor,generic,160,15,rel:11|generic|w160|-,140,0.875,False,1,True,0.0,0.3333333333333333,-0.3333333333333333,1.0,0.8666666666666667,1.0,0.5333333333333334,0.0,0.38461538461538464,1,13,0.0,0.4666666666666667,-0.4666666666666667,1.0,0.9333333333333333,1.0,0.4666666666666667,0.0,0.4666666666666667,1,15,0.0,0.4666666666666667,-0.4666666666666667,1.0,1.0,1.0,0.5333333333333333,0.0,0.4666666666666667,1,15
rel:11,relation_dossiers,rel:11|cond=rel:11:finance:anchor,rel:11:finance:anchor,oracle,20,15,rel:11|oracle|w20|-,18,0.9,False,2,True,0.0,0.26666666666666666,-0.26666666666666666,1.0,0.8666666666666667,1.0,0.6000000000000001,0.0,0.3076923076923077,1,13,0.0,0.3222222222222222,-0.3222222222222222,1.0,0.9333333333333333,1.0,0.6111111111111112,0.0,0.3222222222222222,1,15,0.0,0.26666666666666666,-0.26666666666666666,1.0,1.0,1.0,0.7333333333333334,0.0,0.26666666666666666,1,15
rel:11,relation_dossiers,rel:11|cond=rel:11:finance:anchor,rel:11:finance:anchor,oracle,40,15,rel:11|oracle|w40|-,40,1.0,False,2,True,0.0,0.3333333333333333,-0.3333333333333333,1.0,0.8666666666666667,1.0,0.5333333333333334,0.0,0.38461538461538464,1,13,0.0,0.4266666666666667,-0.4266666666666667,1.0,0.9333333333333333,1.0,0.5066666666666666,0.0,0.4266666666666667,1,15,0.0,0.4666666666666667,-0.4666666666666667,1.0,1.0,1.0,0.5333333333333333,0.0,0.4666666666666667,1,15
rel:11,relation_dossiers,rel:11|cond=rel:11:finance:anchor,rel:11:finance:anchor,oracle,80,15,rel:11|oracle|w80|-,76,0.95,False,4,True,1.0,0.6,0.4,1.0,0.8666666666666667,0.0,0.2666666666666667,1.0,0.6923076923076923,1,13,1.0,0.6666666666666666,0.33333333333333337,1.0,0.9333333333333333,0.0,0.2666666666666667,1.0,0.6666666666666666,1,15,1.0,0.7333333333333333,0.2666666666666667,1.0,1.0,0.0,0.2666666666666667,1.0,0.7333333333333333,1,15
rel:11,relation_dossiers,rel:11|cond=rel:11:finance:anchor,rel:11:finance:anchor,oracle,160,15,rel:11|oracle|w160|-,136,0.85,False,2,True,1.0,0.8666666666666667,0.1333333333333333,1.0,0.8666666666666667,0.0,0.0,1.0,1.0,1,13,1.0,0.9333333333333333,0.06666666666666665,1.0,0.9333333333333333,0.0,0.0,1.0,0.9333333333333333,1,15,1.0,1.0,0.0,1.0,1.0,0.0,0.0,1.0,1.0,1,15
rel:11,relation_dossiers,rel:11|cond=rel:11:finance:anchor,rel:11:finance:anchor,reusable,20,15,rel:11|reusable|w20|rel:11|cond=rel:11:finance:anchor,20,1.0,False,2,False,1.0,0.06666666666666667,0.9333333333333333,1.0,0.8666666666666667,0.0,0.8,1.0,0.07692307692307693,1,13,1.0,0.08888888888888888,0.9111111111111111,1.0,0.9333333333333333,0.0,0.8444444444444444,1.0,0.08888888888888888,1,15,1.0,0.06666666666666667,0.9333333333333333,1.0,1.0,0.0,0.9333333333333333,1.0,0.06666666666666667,1,15
rel:11,relation_dossiers,rel:11|cond=rel:11:finance:anchor,rel:11:finance:anchor,reusable,40,15,rel:11|reusable|w40|rel:11|cond=rel:11:finance:anchor,35,0.875,False,1,False,1.0,0.13333333333333333,0.8666666666666667,1.0,0.8666666666666667,0.0,0.7333333333333334,1.0,0.15384615384615385,1,13,1.0,0.15555555555555556,0.8444444444444444,1.0,0.9333333333333333,0.0,0.7777777777777778,1.0,0.15555555555555556,1,15,1.0,0.13333333333333333,0.8666666666666667,1.0,1.0,0.0,0.8666666666666667,1.0,0.13333333333333333,1,15
rel:11,relation_dossiers,rel:11|cond=rel:11:finance:anchor,rel:11:finance:anchor,reusable,80,15,rel:11|reusable|w80|rel:11|cond=rel:11:finance:anchor,69,0.8625,False,2,False,1.0,0.2,0.8,1.0,0.8666666666666667,0.0,0.6666666666666667,1.0,0.23076923076923078,1,13,1.0,0.2,0.8,1.0,0.9333333333333333,0.0,0.7333333333333334,1.0,0.2,1,15,1.0,0.2,0.8,1.0,1.0,0.0,0.8,1.0,0.2,1,15
rel:11,relation_dossiers,rel:11|cond=rel:11:finance:anchor,rel:11:finance:anchor,reusable,160,15,rel:11|reusable|w160|rel:11|cond=rel:11:finance:anchor,142,0.8875,False,2,False,1.0,0.3333333333333333,0.6666666666666667,1.0,0.8666666666666667,0.0,0.5333333333333334,1.0,0.38461538461538464,1,13,1.0,0.3333333333333333,0.6666666666666667,1.0,0.9333333333333333,0.0,0.6000000000000001,1.0,0.3333333333333333,1,15,1.0,0.3333333333333333,0.6666666666666667,1.0,1.0,0.0,0.6666666666666667,1.0,0.3333333333333333,1,15
rel:11,relation_dossiers,rel:11|cond=rel:11:founding:anchor,rel:11:founding:anchor,conditioned,20,15,rel:11|conditioned|w20|rel:11|cond=rel:11:founding:anchor,18,0.9,False,1,False,1.0,0.13333333333333333,0.8666666666666667,1.0,0.8666666666666667,0.0,0.7333333333333334,1.0,0.15384615384615385,1,13,1.0,0.22222222222222224,0.7777777777777778,1.0,0.9333333333333333,0.0,0.7111111111111111,1.0,0.22222222222222224,1,15,1.0,0.13333333333333333,0.8666666666666667,1.0,1.0,0.0,0.8666666666666667,1.0,0.13333333333333333,1,15
rel:11,relation_dossiers,rel:11|cond=rel:11:founding:anchor,rel:11:founding:anchor,conditioned,40,15,rel:11|conditioned|w40|rel:11|cond=rel:11:founding:anchor,34,0.85,False,1,False,1.0,0.13333333333333333,0.8666666666666667,1.0,0.8666666666666667,0.0,0.7333333333333334,1.0,0.15384615384615385,1,13,1.0,0.1888888888888889,0.8111111111111111,1.0,0.9333333333333333,0.0,0.7444444444444445,1.0,0.1888888888888889,1,15,1.0,0.13333333333333333,0.8666666666666667,1.0,1.0,0.0,0.8666666666666667,1.0,0.13333333333333333,1,15
rel:11,relation_dossiers,rel:11|cond=rel:11:founding:anchor,rel:11:founding:anchor,conditioned,80,15,rel:11|conditioned|w80|rel:11|cond=rel:11:founding:anchor,74,0.925,False,2,False,1.0,0.13333333333333333,0.8666666666666667,1.0,0.8666666666666667,0.0,0.7333333333333334,1.0,0.15384615384615385,1,13,1.0,0.16666666666666666,0.8333333333333334,1.0,0.9333333333333333,0.0,0.7666666666666667,1.0,0.16666666666666666,1,15,1.0,0.13333333333333333,0.8666666666666667,1.0,1.0,0.0,0.8666666666666667,1.0,0.13333333333333333,1,15
rel:11,relation_dossiers,rel:11|cond=rel:11:founding:anchor,rel:11:founding:anchor,conditioned,160,15,rel:11|conditioned|w160|rel:11|cond=rel:11:founding:anchor,146,0.9125,False,2,False,1.0,0.2,0.8,1.0,0.8666666666666667,0.0,0.6666666666666667,1.0,0.23076923076923078,1,13,1.0,0.2,0.8,1.0,0.9333333333333333,0.0,0.7333333333333334,1.0,0.2,1,15,1.0,0.2,0.8,1.0,1.0,0.0,0.8,1.0,0.2,1,15
rel:11,relation_dossiers,rel:11|cond=rel:11:founding:anchor,rel:11:founding:anchor,generic,20,15,rel:11|generic|w20|-,18,0.9,False,2,True,1.0,0.06666666666666667,0.9333333333333333,1.0,0.8666666666666667,0.0,0.8,1.0,0.07692307692307693,1,13,1.0,0.12222222222222222,0.8777777777777778,1.0,0.9333333333333333,0.0,0.8111111111111111,1.0,0.12222222222222222,1,15,1.0,0.06666666666666667,0.9333333333333333,1.0,1.0,0.0,0.9333333333333333,1.0,0.06666666666666667,1,15
rel:11,relation_dossiers,rel:11|cond=rel:11:founding:anchor,rel:11:founding:anchor,generic,40,15,rel:11|generic|w40|-,40,1.0,False,2,True,1.0,0.13333333333333333,0.8666666666666667,1.0,0.8666666666666667,0.0,0.7333333333333334,1.0,0.15384615384615385,1,13,1.0,0.16666666666666666,0.8333333333333334,1.0,0.9333333333333333,0.0,0.7666666666666667,1.0,0.16666666666666666,1,15,1.0,0.13333333333333333,0.8666666666666667,1.0,1.0,0.0,0.8666666666666667,1.0,0.13333333333333333,1,15
rel:11,relation_dossiers,rel:11|cond=rel:11:founding:anchor,rel:11:founding:anchor,generic,80,15,rel:11|generic|w80|-,74,0.925,False,1,True,0.0,0.06666666666666667,-0.06666666666666667,1.0,0.8666666666666667,1.0,0.8,0.0,0.07692307692307693,1,13,0.0,0.1888888888888889,-0.1888888888888889,1.0,0.9333333333333333,1.0,0.7444444444444445,0.0,0.1888888888888889,1,15,0.0,0.2,-0.2,1.0,1.0,1.0,0.8,0.0,0.2,1,15
rel:11,relation_dossiers,rel:11|cond=rel:11:founding:anchor,rel:11:founding:anchor,generic,160,15,rel:11|generic|w160|-,140,0.875,False,1,True,1.0,0.26666666666666666,0.7333333333333334,1.0,0.8666666666666667,0.0,0.6000000000000001,1.0,0.3076923076923077,1,13,1.0,0.4,0.6,1.0,0.9333333333333333,0.0,0.5333333333333333,1.0,0.4,1,15,1.0,0.4,0.6,1.0,1.0,0.0,0.6,1.0,0.4,1,15
rel:11,relation_dossiers,rel:11|cond=rel:11:founding:anchor,rel:11:founding:anchor,oracle,20,15,rel:11|oracle|w20|-,18,0.9,False,2,True,1.0,0.2,0.8,1.0,0.8666666666666667,0.0,0.6666666666666667,1.0,0.23076923076923078,1,13,1.0,0.2555555555555556,0.7444444444444445,1.0,0.9333333333333333,0.0,0.6777777777777778,1.0,0.2555555555555556,1,15,1.0,0.2,0.8,1.0,1.0,0.0,0.8,1.0,0.2,1,15
rel:11,relation_dossiers,rel:11|cond=rel:11:founding:anchor,rel:11:founding:anchor,oracle,40,15,rel:11|oracle|w40|-,40,1.0,False,2,True,1.0,0.26666666666666666,0.7333333333333334,1.0,0.8666666666666667,0.0,0.6000000000000001,1.0,0.3076923076923077,1,13,1.0,0.36000000000000004,0.6399999999999999,1.0,0.9333333333333333,0.0,0.5733333333333333,1.0,0.36000000000000004,1,15,1.0,0.4,0.6,1.0,1.0,0.0,0.6,1.0,0.4,1,15
rel:11,relation_dossiers,rel:11|cond=rel:11:founding:anchor,rel:11:founding:anchor,oracle,80,15,rel:11|oracle|w80|-,76,0.95,False,4,True,1.0,0.6,0.4,1.0,0.8666666666666667,0.0,0.2666666666666667,1.0,0.6923076923076923,1,13,1.0,0.6666666666666666,0.33333333333333337,1.0,0.9333333333333333,0.0,0.2666666666666667,1.0,0.6666666666666666,1,15,1.0,0.7333333333333333,0.2666666666666667,1.0,1.0,0.0,0.2666666666666667,1.0,0.7333333333333333,1,15
rel:11,relation_dossiers,rel:11|cond=rel:11:founding:anchor,rel:11:founding:anchor,oracle,160,15,rel:11|oracle|w160|-,136,0.85,False,2,True,1.0,0.8666666666666667,0.1333333333333333,1.0,0.8666666666666667,0.0,0.0,1.0,1.0,1,13,1.0,0.9333333333333333,0.06666666666666665,1.0,0.9333333333333333,0.0,0.0,1.0,0.9333333333333333,1,15,1.0,1.0,0.0,1.0,1.0,0.0,0.0,1.0,1.0,1,15
rel:11,relation_dossiers,rel:11|cond=rel:11:founding:anchor,rel:11:founding:anchor,reusable,20,15,rel:11|reusable|w20|rel:11|cond=rel:11:founding:anchor,18,0.9,False,1,False,1.0,0.13333333333333333,0.8666666666666667,1.0,0.8666666666666667,0.0,0.7333333333333334,1.0,0.15384615384615385,1,13,1.0,0.22222222222222224,0.7777777777777778,1.0,0.9333333333333333,0.0,0.7111111111111111,1.0,0.22222222222222224,1,15,1.0,0.13333333333333333,0.8666666666666667,1.0,1.0,0.0,0.8666666666666667,1.0,0.13333333333333333,1,15
rel:11,relation_dossiers,rel:11|cond=rel:11:founding:anchor,rel:11:founding:anchor,reusable,40,15,rel:11|reusable|w40|rel:11|cond=rel:11:founding:anchor,37,0.925,False,2,False,1.0,0.13333333333333333,0.8666666666666667,1.0,0.8666666666666667,0.0,0.7333333333333334,1.0,0.15384615384615385,1,13,1.0,0.15555555555555556,0.8444444444444444,1.0,0.9333333333333333,0.0,0.7777777777777778,1.0,0.15555555555555556,1,15,1.0,0.13333333333333333,0.8666666666666667,1.0,1.0,0.0,0.8666666666666667,1.0,0.13333333333333333,1,15
rel:11,relation_dossiers,rel:11|cond=rel:11:founding:anchor,rel:11:founding:anchor,reusable,80,15,rel:11|reusable|w80|rel:11|cond=rel:11:founding:anchor,70,0.875,False,2,False,1.0,0.2,0.8,1.0,0.8666666666666667,0.0,0.6666666666666667,1.0,0.23076923076923078,1,13,1.0,0.2,0.8,1.0,0.9333333333333333,0.0,0.7333333333333334,1.0,0.2,1,15,1.0,0.2,0.8,1.0,1.0,0.0,0.8,1.0,0.2,1,15
rel:11,relation_dossiers,rel:11|cond=rel:11:founding:anchor,rel:11:founding:anchor,reusable,160,15,rel:11|reusable|w160|rel:11|cond=rel:11:founding:anchor,148,0.925,False,2,False,1.0,0.4666666666666667,0.5333333333333333,1.0,0.8666666666666667,0.0,0.4,1.0,0.5384615384615384,1,13,1.0,0.4666666666666667,0.5333333333333333,1.0,0.9333333333333333,0.0,0.4666666666666667,1.0,0.4666666666666667,1,15,1.0,0.4666666666666667,0.5333333333333333,1.0,1.0,0.0,0.5333333333333333,1.0,0.4666666666666667,1,15
rel:13,relation_dossiers,rel:13|cond=rel:13:custom:anchor,rel:13:custom:anchor,conditioned,20,15,rel:13|conditioned|w20|rel:13|cond=rel:13:custom:anchor,19,0.95,False,3,False,1.0,0.06666666666666667,0.9333333333333333,1.0,0.8666666666666667,0.0,0.8,1.0,0.07692307692307693,1,13,1.0,0.1111111111111111,0.8888888888888888,1.0,0.9333333333333333,0.0,0.8222222222222222,1.0,0.1111111111111111,1,15,1.0,0.06666666666666667,0.9333333333333333,1.0,1.0,0.0,0.9333333333333333,1.0,0.06666666666666667,1,15
rel:13,relation_dossiers,rel:13|cond=rel:13:custom:anchor,rel:13:custom:anchor,conditioned,40,15,rel:13|conditioned|w40|rel:13|cond=rel:13:custom:anchor,37,0.925,False,3,False,1.0,0.2,0.8,1.0,0.8666666666666667,0.0,0.6666666666666667,1.0,0.23076923076923078,1,13,1.0,0.24444444444444444,0.7555555555555555,1.0,0.9333333333333333,0.0,0.6888888888888889,1.0,0.24444444444444444,1,15,1.0,0.2,0.8,1.0,1.0,0.0,0.8,1.0,0.2,1,15
rel:13,relation_dossiers,rel:13|cond=rel:13:custom:anchor,rel:13:custom:anchor,conditioned,80,15,rel:13|conditioned|w80|rel:13|cond=rel:13:custom:anchor,76,0.95,False,3,False,1.0,0.26666666666666666,0.7333333333333334,1.0,0.8666666666666667,0.0,0.6000000000000001,1.0,0.3076923076923077,1,13,1.0,0.26666666666666666,0.7333333333333334,1.0,0.9333333333333333,0.0,0.6666666666666667,1.0,0.26666666666666666,1,15,1.0,0.26666666666666666,0.7333333333333334,1.0,1.0,0.0,0.7333333333333334,1.0,0.26666666666666666,1,15
rel:13,relation_dossiers,rel:13|cond=rel:13:custom:anchor,rel:13:custom:anchor,conditioned,160,15,rel:13|conditioned|w160|rel:13|cond=rel:13:custom:anchor,144,0.9,False,2,False,1.0,0.2,0.8,1.0,0.8666666666666667,0.0,0.6666666666666667,1.0,0.23076923076923078,1,13,1.0,0.2,0.8,1.0,0.9333333333333333,0.0,0.7333333333333334,1.0,0.2,1,15,1.0,0.2,0.8,1.0,1.0,0.0,0.8,1.0,0.2,1,15
rel:13,relation_dossiers,rel:13|cond=rel:13:custom:anchor,rel:13:custom:anchor,generic,20,15,rel:13|generic|w20|-,20,1.0,False,1,True,0.0,0.06666666666666667,-0.06666666666666667,1.0,0.8666666666666667,1.0,0.8,0.0,0.07692307692307693,1,13,0.0,0.13333333333333333,-0.13333333333333333,1.0,0.9333333333333333,1.0,0.8,0.0,0.13333333333333333,1,15,0.0,0.2,-0.2,1.0,1.0,1.0,0.8,0.0,0.2,1,15
rel:13,relation_dossiers,rel:13|cond=rel:13:custom:anchor,rel:13:custom:anchor,generic,40,15,rel:13|generic|w40|-,39,0.975,False,2,True,0.0,0.2,-0.2,1.0,0.8666666666666667,1.0,0.6666666666666667,0.0,0.23076923076923078,1,13,0.0,0.22666666666666666,-0.22666666666666666,1.0,0.9333333333333333,1.0,0.7066666666666667,0.0,0.22666666666666666,1,15,0.0,0.26666666666666666,-0.26666666666666666,1.0,1.0,1.0,0.7333333333333334,0.0,0.26666666666666666,1,15
rel:13,relation_dossiers,rel:13|cond=rel:13:custom:anchor,rel:13:custom:anchor,generic,80,15,rel:13|generic|w80|-,68,0.85,False,1,True,0.0,0.3333333333333333,-0.3333333333333333,1.0,0.8666666666666667,1.0,0.5333333333333334,0.0,0.38461538461538464,1,13,0.0,0.4,-0.4,1.0,0.9333333333333333,1.0,0.5333333333333333,0.0,0.4,1,15,0.0,0.4666666666666667,-0.4666666666666667,1.0,1.0,1.0,0.5333333333333333,0.0,0.4666666666666667,1,15
rel:13,relation_dossiers,rel:13|cond=rel:13:custom:anchor,rel:13:custom:anchor,generic,160,15,rel:13|generic|w160|-,147,0.91875,False,2,True,1.0,0.7333333333333333,0.2666666666666667,1.0,0.8666666666666667,0.0,0.13333333333333341,1.0,0.8461538461538461,1,13,1.0,0.7333333333333333,0.2666666666666667,1.0,0.9333333333333333,0.0,0.20000000000000007,1.0,0.7333333333333333,1,15,1.0,0.7333333333333333,0.2666666666666667,1.0,1.0,0.0,0.2666666666666667,1.0,0.7333333333333333,1,15
rel:13,relation_dossiers,rel:13|cond=rel:13:custom:anchor,rel:13:custom:anchor,oracle,20,15,rel:13|oracle|w20|-,17,0.85,False,3,True,0.0,0.2,-0.2,1.0,0.8666666666666667,1.0,0.6666666666666667,0.0,0.23076923076923078,1,13,0.0,0.24444444444444444,-0.24444444444444444,1.0,0.9333333333333333,1.0,0.6888888888888889,0.0,0.24444444444444444,1,15,0.0,0.2,-0.2,1.0,1.0,1.0,0.8,0.0,0.2,1,15
rel:13,relation_dossiers,rel:13|cond=rel:13:custom:anchor,rel:13:custom:anchor,oracle,40,15,rel:13|oracle|w40|-,35,0.875,False,2,True,0.0,0.26666666666666666,-0.26666666666666666,1.0,0.8666666666666667,1.0,0.6000000000000001,0.0,0.3076923076923077,1,13,0.0,0.3333333333333333,-0.3333333333333333,1.0,0.9333333333333333,1.0,0.6000000000000001,0.0,0.3333333333333333,1,15,0.0,0.4,-0.4,1.0,1.0,1.0,0.6,0.0,0.4,1,15
rel:13,relation_dossiers,rel:13|cond=rel:13:custom:anchor,rel:13:custom:anchor,oracle,80,15,rel:13|oracle|w80|-,73,0.9125,False,2,True,0.0,0.7333333333333333,-0.7333333333333333,1.0,0.8666666666666667,1.0,0.13333333333333341,0.0,0.8461538461538461,1,13,0.0,0.8,-0.8,1.0,0.9333333333333333,1.0,0.1333333333333333,0.0,0.8,1,15,0.0,0.8666666666666667,-0.8666666666666667,1.0,1.0,1.0,0.1333333333333333,0.0,0.8666666666666667,1,15
rel:13,relation_dossiers,rel:13|cond=rel:13:custom:anchor,rel:13:custom:anchor,oracle,160,15,rel:13|oracle|w160|-,138,0.8625,False,1,True,1.0,0.6,0.4,1.0,0.8666666666666667,0.0,0.2666666666666667,1.0,0.6923076923076923,1,13,1.0,0.6666666666666666,0.33333333333333337,1.0,0.9333333333333333,0.0,0.2666666666666667,1.0,0.6666666666666666,1,15,1.0,0.7333333333333333,0.2666666666666667,1.0,1.0,0.0,0.2666666666666667,1.0,0.7333333333333333,1,15
rel:13,relation_dossiers,rel:13|cond=rel:13:custom:anchor,rel:13:custom:anchor,reusable,20,15,rel:13|reusable|w20|rel:13|cond=rel:13:custom:anchor,17,0.85,False,2,False,1.0,0.06666666666666667,0.9333333333333333,1.0,0.8666666666666667,0.0,0.8,1.0,0.07692307692307693,1,13,1.0,0.1111111111111111,0.8888888888888888,1.0,0.9333333333333333,0.0,0.8222222222222222,1.0,0.1111111111111111,1,15,1.0,0.13333333333333333,0.8666666666666667,1.0,1.0,0.0,0.8666666666666667,1.0,0.13333333333333333,1,15
rel:13,relation_dossiers,rel:13|cond=rel:13:custom:anchor,rel:13:custom:anchor,reusable,40,15,rel:13|reusable|w40|rel:13|cond=rel:13:custom:anchor,38,0.95,False,3,False,1.0,0.13333333333333333,0.8666666666666667,1.0,0.8666666666666667,0.0,0.7333333333333334,1.0,0.15384615384615385,1,13,1.0,0.13333333333333333,0.8666666666666667,1.0,0.9333333333333333,0.0,0.8,1.0,0.13333333333333333,1,15,1.0,0.13333333333333333,0.8666666666666667,1.0,1.0,0.0,0.8666666666666667,1.0,0.13333333333333333,1,15
rel:13,relation_dossiers,rel:13|cond=rel:13:custom:anchor,rel:13:custom:anchor,reusable,80,15,rel:13|reusable|w80|rel:13|cond=rel:13:custom:anchor,76,0.95,False,2,False,1.0,0.13333333333333333,0.8666666666666667,1.0,0.8666666666666667,0.0,0.7333333333333334,1.0,0.15384615384615385,1,13,1.0,0.13333333333333333,0.8666666666666667,1.0,0.9333333333333333,0.0,0.8,1.0,0.13333333333333333,1,15,1.0,0.2,0.8,1.0,1.0,0.0,0.8,1.0,0.2,1,15
rel:13,relation_dossiers,rel:13|cond=rel:13:custom:anchor,rel:13:custom:anchor,reusable,160,15,rel:13|reusable|w160|rel:13|cond=rel:13:custom:anchor,146,0.9125,False,2,False,1.0,0.26666666666666666,0.7333333333333334,1.0,0.8666666666666667,0.0,0.6000000000000001,1.0,0.3076923076923077,1,13,1.0,0.3333333333333333,0.6666666666666667,1.0,0.9333333333333333,0.0,0.6000000000000001,1.0,0.3333333333333333,1,15,1.0,0.4,0.6,1.0,1.0,0.0,0.6,1.0,0.4,1,15
rel:13,relation_dossiers,rel:13|cond=rel:13:facilities:anchor,rel:13:facilities:anchor,conditioned,20,15,rel:13|conditioned|w20|rel:13|cond=rel:13:facilities:anchor,18,0.9,False,2,False,0.0,0.0,0.0,0.0,0.9333333333333333,0.0,0.9333333333333333,nan,0.0,0,14,0.5,0.07777777777777777,0.4222222222222222,0.5,0.9666666666666667,0.0,0.888888888888889,0.5,0.07777777777777777,1,15,1.0,0.06666666666666667,0.9333333333333333,1.0,1.0,0.0,0.9333333333333333,1.0,0.06666666666666667,1,15
rel:13,relation_dossiers,rel:13|cond=rel:13:facilities:anchor,rel:13:facilities:anchor,conditioned,40,15,rel:13|conditioned|w40|rel:13|cond=rel:13:facilities:anchor,38,0.95,False,2,False,0.0,0.06666666666666667,-0.06666666666666667,0.0,0.9333333333333333,0.0,0.8666666666666667,nan,0.07142857142857142,0,14,0.5,0.1,0.4,0.5,0.9666666666666667,0.0,0.8666666666666667,0.5,0.1,1,15,1.0,0.13333333333333333,0.8666666666666667,1.0,1.0,0.0,0.8666666666666667,1.0,0.13333333333333333,1,15
rel:13,relation_dossiers,rel:13|cond=rel:13:facilities:anchor,rel:13:facilities:anchor,conditioned,80,15,rel:13|conditioned|w80|rel:13|cond=rel:13:facilities:anchor,75,0.9375,False,2,False,0.0,0.06666666666666667,-0.06666666666666667,0.0,0.9333333333333333,0.0,0.8666666666666667,nan,0.07142857142857142,0,14,0.5,0.1,0.4,0.5,0.9666666666666667,0.0,0.8666666666666667,0.5,0.1,1,15,1.0,0.13333333333333333,0.8666666666666667,1.0,1.0,0.0,0.8666666666666667,1.0,0.13333333333333333,1,15
rel:13,relation_dossiers,rel:13|cond=rel:13:facilities:anchor,rel:13:facilities:anchor,conditioned,160,15,rel:13|conditioned|w160|rel:13|cond=rel:13:facilities:anchor,141,0.88125,False,2,False,0.0,0.06666666666666667,-0.06666666666666667,0.0,0.9333333333333333,0.0,0.8666666666666667,nan,0.07142857142857142,0,14,0.5,0.1,0.4,0.5,0.9666666666666667,0.0,0.8666666666666667,0.5,0.1,1,15,1.0,0.13333333333333333,0.8666666666666667,1.0,1.0,0.0,0.8666666666666667,1.0,0.13333333333333333,1,15
rel:13,relation_dossiers,rel:13|cond=rel:13:facilities:anchor,rel:13:facilities:anchor,generic,20,15,rel:13|generic|w20|-,20,1.0,False,1,True,0.0,0.06666666666666667,-0.06666666666666667,0.0,0.9333333333333333,0.0,0.8666666666666667,nan,0.07142857142857142,0,14,0.5,0.1,0.4,0.5,0.9666666666666667,0.0,0.8666666666666667,0.5,0.1,1,15,1.0,0.13333333333333333,0.8666666666666667,1.0,1.0,0.0,0.8666666666666667,1.0,0.13333333333333333,1,15
rel:13,relation_dossiers,rel:13|cond=rel:13:facilities:anchor,rel:13:facilities:anchor,generic,40,15,rel:13|generic|w40|-,39,0.975,False,2,True,0.0,0.2,-0.2,0.0,0.9333333333333333,0.0,0.7333333333333334,nan,0.21428571428571427,0,14,0.0,0.22666666666666666,-0.22666666666666666,0.5,0.9666666666666667,0.5,0.74,0.0,0.22666666666666666,1,15,1.0,0.2,0.8,1.0,1.0,0.0,0.8,1.0,0.2,1,15
rel:13,relation_dossiers,rel:13|cond=rel:13:facilities:anchor,rel:13:facilities:anchor,generic,80,15,rel:13|generic|w80|-,68,0.85,False,1,True,0.0,0.3333333333333333,-0.3333333333333333,0.0,0.9333333333333333,0.0,0.6000000000000001,nan,0.35714285714285715,0,14,0.5,0.36666666666666664,0.13333333333333336,0.5,0.9666666666666667,0.0,0.6000000000000001,0.5,0.36666666666666664,1,15,1.0,0.4,0.6,1.0,1.0,0.0,0.6,1.0,0.4,1,15
rel:13,relation_dossiers,rel:13|cond=rel:13:facilities:anchor,rel:13:facilities:anchor,generic,160,15,rel:13|generic|w160|-,147,0.91875,False,2,True,0.0,0.8,-0.8,0.0,0.9333333333333333,0.0,0.1333333333333333,nan,0.8571428571428571,0,14,0.0,0.8,-0.8,0.5,0.9666666666666667,0.5,0.16666666666666663,0.0,0.8,1,15,0.0,0.8,-0.8,1.0,1.0,1.0,0.19999999999999996,0.0,0.8,1,15
rel:13,relation_dossiers,rel:13|cond=rel:13:facilities:anchor,rel:13:facilities:anchor,oracle,20,15,rel:13|oracle|w20|-,17,0.85,False,3,True,0.0,0.2,-0.2,0.0,0.9333333333333333,0.0,0.7333333333333334,nan,0.21428571428571427,0,14,0.0,0.24444444444444444,-0.24444444444444444,0.5,0.9666666666666667,0.5,0.7222222222222222,0.0,0.24444444444444444,1,15,0.0,0.2,-0.2,1.0,1.0,1.0,0.8,0.0,0.2,1,15
rel:13,relation_dossiers,rel:13|cond=rel:13:facilities:anchor,rel:13:facilities:anchor,oracle,40,15,rel:13|oracle|w40|-,35,0.875,False,2,True,0.0,0.26666666666666666,-0.26666666666666666,0.0,0.9333333333333333,0.0,0.6666666666666667,nan,0.2857142857142857,0,14,0.5,0.3,0.2,0.5,0.9666666666666667,0.0,0.6666666666666667,0.5,0.3,1,15,1.0,0.3333333333333333,0.6666666666666667,1.0,1.0,0.0,0.6666666666666667,1.0,0.3333333333333333,1,15
rel:13,relation_dossiers,rel:13|cond=rel:13:facilities:anchor,rel:13:facilities:anchor,oracle,80,15,rel:13|oracle|w80|-,73,0.9125,False,2,True,0.0,0.7333333333333333,-0.7333333333333333,0.0,0.9333333333333333,0.0,0.20000000000000007,nan,0.7857142857142857,0,14,0.5,0.7666666666666667,-0.2666666666666667,0.5,0.9666666666666667,0.0,0.19999999999999996,0.5,0.7666666666666667,1,15,1.0,0.8,0.19999999999999996,1.0,1.0,0.0,0.19999999999999996,1.0,0.8,1,15
rel:13,relation_dossiers,rel:13|cond=rel:13:facilities:anchor,rel:13:facilities:anchor,oracle,160,15,rel:13|oracle|w160|-,138,0.8625,False,1,True,0.0,0.6666666666666666,-0.6666666666666666,0.0,0.9333333333333333,0.0,0.2666666666666667,nan,0.7142857142857143,0,14,0.5,0.7,-0.19999999999999996,0.5,0.9666666666666667,0.0,0.2666666666666667,0.5,0.7,1,15,1.0,0.7333333333333333,0.2666666666666667,1.0,1.0,0.0,0.2666666666666667,1.0,0.7333333333333333,1,15
rel:13,relation_dossiers,rel:13|cond=rel:13:facilities:anchor,rel:13:facilities:anchor,reusable,20,15,rel:13|reusable|w20|rel:13|cond=rel:13:facilities:anchor,18,0.9,False,1,False,0.0,0.0,0.0,0.0,0.9333333333333333,0.0,0.9333333333333333,nan,0.0,0,14,0.5,0.0861111111111111,0.4138888888888889,0.5,0.9666666666666667,0.0,0.8805555555555555,0.5,0.0861111111111111,1,15,1.0,0.06666666666666667,0.9333333333333333,1.0,1.0,0.0,0.9333333333333333,1.0,0.06666666666666667,1,15
rel:13,relation_dossiers,rel:13|cond=rel:13:facilities:anchor,rel:13:facilities:anchor,reusable,40,15,rel:13|reusable|w40|rel:13|cond=rel:13:facilities:anchor,37,0.925,False,2,False,0.0,0.06666666666666667,-0.06666666666666667,0.0,0.9333333333333333,0.0,0.8666666666666667,nan,0.07142857142857142,0,14,0.5,0.1,0.4,0.5,0.9666666666666667,0.0,0.8666666666666667,0.5,0.1,1,15,1.0,0.13333333333333333,0.8666666666666667,1.0,1.0,0.0,0.8666666666666667,1.0,0.13333333333333333,1,15
rel:13,relation_dossiers,rel:13|cond=rel:13:facilities:anchor,rel:13:facilities:anchor,reusable,80,15,rel:13|reusable|w80|rel:13|cond=rel:13:facilities:anchor,69,0.8625,False,2,False,0.0,0.13333333333333333,-0.13333333333333333,0.0,0.9333333333333333,0.0,0.8,nan,0.14285714285714285,0,14,0.5,0.16666666666666666,0.33333333333333337,0.5,0.9666666666666667,0.0,0.8,0.5,0.16666666666666666,1,15,1.0,0.2,0.8,1.0,1.0,0.0,0.8,1.0,0.2,1,15
rel:13,relation_dossiers,rel:13|cond=rel:13:facilities:anchor,rel:13:facilities:anchor,reusable,160,15,rel:13|reusable|w160|rel:13|cond=rel:13:facilities:anchor,138,0.8625,False,2,False,0.0,0.2,-0.2,0.0,0.9333333333333333,0.0,0.7333333333333334,nan,0.21428571428571427,0,14,0.5,0.23333333333333334,0.26666666666666666,0.5,0.9666666666666667,0.0,0.7333333333333334,0.5,0.23333333333333334,1,15,1.0,0.26666666666666666,0.7333333333333334,1.0,1.0,0.0,0.7333333333333334,1.0,0.26666666666666666,1,15
rel:13,relation_dossiers,rel:13|cond=rel:13:finance:anchor,rel:13:finance:anchor,conditioned,20,15,rel:13|conditioned|w20|rel:13|cond=rel:13:finance:anchor,17,0.85,False,1,False,1.0,0.0,1.0,1.0,0.8666666666666667,0.0,0.8666666666666667,1.0,0.0,1,13,1.0,0.05277777777777778,0.9472222222222222,1.0,0.9333333333333333,0.0,0.8805555555555555,1.0,0.05277777777777778,1,15,1.0,0.06666666666666667,0.9333333333333333,1.0,1.0,0.0,0.9333333333333333,1.0,0.06666666666666667,1,15
rel:13,relation_dossiers,rel:13|cond=rel:13:finance:anchor,rel:13:finance:anchor,conditioned,40,15,rel:13|conditioned|w40|rel:13|cond=rel:13:finance:anchor,36,0.9,False,1,False,1.0,0.06666666666666667,0.9333333333333333,1.0,0.8666666666666667,0.0,0.8,1.0,0.07692307692307693,1,13,1.0,0.1111111111111111,0.8888888888888888,1.0,0.9333333333333333,0.0,0.8222222222222222,1.0,0.1111111111111111,1,15,1.0,0.06666666666666667,0.9333333333333333,1.0,1.0,0.0,0.9333333333333333,1.0,0.06666666666666667,1,15
rel:13,relation_dossiers,rel:13|cond=rel:13:finance:anchor,rel:13:finance:anchor,conditioned,80,15,rel:13|conditioned|w80|rel:13|cond=rel:13:finance:anchor,70,0.875,False,2,False,1.0,0.13333333333333333,0.8666666666666667,1.0,0.8666666666666667,0.0,0.7333333333333334,1.0,0.15384615384615385,1,13,1.0,0.15,0.85,1.0,0.9333333333333333,0.0,0.7833333333333333,1.0,0.15,1,15,1.0,0.13333333333333333,0.8666666666666667,1.0,1.0,0.0,0.8666666666666667,1.0,0.13333333333333333,1,15
rel:13,relation_dossiers,rel:13|cond=rel:13:finance:anchor,rel:13:finance:anchor,conditioned,160,15,rel:13|conditioned|w160|rel:13|cond=rel:13:finance:anchor,143,0.89375,False,2,False,1.0,0.2,0.8,1.0,0.8666666666666667,0.0,0.6666666666666667,1.0,0.23076923076923078,1,13,1.0,0.2,0.8,1.0,0.9333333333333333,0.0,0.7333333333333334,1.0,0.2,1,15,1.0,0.2,0.8,1.0,1.0,0.0,0.8,1.0,0.2,1,15
rel:13,relation_dossiers,rel:13|cond=rel:13:finance:anchor,rel:13:finance:anchor,generic,20,15,rel:13|generic|w20|-,20,1.0,False,1,True,0.0,0.06666666666666667,-0.06666666666666667,1.0,0.8666666666666667,1.0,0.8,0.0,0.07692307692307693,1,13,0.0,0.13333333333333333,-0.13333333333333333,1.0,0.9333333333333333,1.0,0.8,0.0,0.13333333333333333,1,15,0.0,0.2,-0.2,1.0,1.0,1.0,0.8,0.0,0.2,1,15
rel:13,relation_dossiers,rel:13|cond=rel:13:finance:anchor,rel:13:finance:anchor,generic,40,15,rel:13|generic|w40|-,39,0.975,False,2,True,0.0,0.2,-0.2,1.0,0.8666666666666667,1.0,0.6666666666666667,0.0,0.23076923076923078,1,13,0.0,0.22666666666666666,-0.22666666666666666,1.0,0.9333333333333333,1.0,0.7066666666666667,0.0,0.22666666666666666,1,15,0.0,0.26666666666666666,-0.26666666666666666,1.0,1.0,1.0,0.7333333333333334,0.0,0.26666666666666666,1,15
rel:13,relation_dossiers,rel:13|cond=rel:13:finance:anchor,rel:13:finance:anchor,generic,80,15,rel:13|generic|w80|-,68,0.85,False,1,True,0.0,0.3333333333333333,-0.3333333333333333,1.0,0.8666666666666667,1.0,0.5333333333333334,0.0,0.38461538461538464,1,13,0.0,0.4,-0.4,1.0,0.9333333333333333,1.0,0.5333333333333333,0.0,0.4,1,15,0.0,0.4666666666666667,-0.4666666666666667,1.0,1.0,1.0,0.5333333333333333,0.0,0.4666666666666667,1,15
rel:13,relation_dossiers,rel:13|cond=rel:13:finance:anchor,rel:13:finance:anchor,generic,160,15,rel:13|generic|w160|-,147,0.91875,False,2,True,1.0,0.7333333333333333,0.2666666666666667,1.0,0.8666666666666667,0.0,0.13333333333333341,1.0,0.8461538461538461,1,13,1.0,0.7333333333333333,0.2666666666666667,1.0,0.9333333333333333,0.0,0.20000000000000007,1.0,0.7333333333333333,1,15,1.0,0.7333333333333333,0.2666666666666667,1.0,1.0,0.0,0.2666666666666667,1.0,0.7333333333333333,1,15
rel:13,relation_dossiers,rel:13|cond=rel:13:finance:anchor,rel:13:finance:anchor,oracle,20,15,rel:13|oracle|w20|-,17,0.85,False,3,True,0.0,0.2,-0.2,1.0,0.8666666666666667,1.0,0.6666666666666667,0.0,0.23076923076923078,1,13,0.0,0.24444444444444444,-0.24444444444444444,1.0,0.9333333333333333,1.0,0.6888888888888889,0.0,0.24444444444444444,1,15,0.0,0.2,-0.2,1.0,1.0,1.0,0.8,0.0,0.2,1,15
rel:13,relation_dossiers,rel:13|cond=rel:13:finance:anchor,rel:13:finance:anchor,oracle,40,15,rel:13|oracle|w40|-,35,0.875,False,2,True,0.0,0.26666666666666666,-0.26666666666666666,1.0,0.8666666666666667,1.0,0.6000000000000001,0.0,0.3076923076923077,1,13,0.0,0.3333333333333333,-0.3333333333333333,1.0,0.9333333333333333,1.0,0.6000000000000001,0.0,0.3333333333333333,1,15,0.0,0.4,-0.4,1.0,1.0,1.0,0.6,0.0,0.4,1,15
rel:13,relation_dossiers,rel:13|cond=rel:13:finance:anchor,rel:13:finance:anchor,oracle,80,15,rel:13|oracle|w80|-,73,0.9125,False,2,True,1.0,0.6666666666666666,0.33333333333333337,1.0,0.8666666666666667,0.0,0.20000000000000007,1.0,0.7692307692307693,1,13,1.0,0.7333333333333333,0.2666666666666667,1.0,0.9333333333333333,0.0,0.20000000000000007,1.0,0.7333333333333333,1,15,1.0,0.8,0.19999999999999996,1.0,1.0,0.0,0.19999999999999996,1.0,0.8,1,15
rel:13,relation_dossiers,rel:13|cond=rel:13:finance:anchor,rel:13:finance:anchor,oracle,160,15,rel:13|oracle|w160|-,138,0.8625,False,1,True,0.0,0.6666666666666666,-0.6666666666666666,1.0,0.8666666666666667,1.0,0.20000000000000007,0.0,0.7692307692307693,1,13,0.0,0.7333333333333333,-0.7333333333333333,1.0,0.9333333333333333,1.0,0.20000000000000007,0.0,0.7333333333333333,1,15,0.0,0.8,-0.8,1.0,1.0,1.0,0.19999999999999996,0.0,0.8,1,15
rel:13,relation_dossiers,rel:13|cond=rel:13:finance:anchor,rel:13:finance:anchor,reusable,20,15,rel:13|reusable|w20|rel:13|cond=rel:13:finance:anchor,19,0.95,False,3,False,1.0,0.06666666666666667,0.9333333333333333,1.0,0.8666666666666667,0.0,0.8,1.0,0.07692307692307693,1,13,1.0,0.1111111111111111,0.8888888888888888,1.0,0.9333333333333333,0.0,0.8222222222222222,1.0,0.1111111111111111,1,15,1.0,0.06666666666666667,0.9333333333333333,1.0,1.0,0.0,0.9333333333333333,1.0,0.06666666666666667,1,15
rel:13,relation_dossiers,rel:13|cond=rel:13:finance:anchor,rel:13:finance:anchor,reusable,40,15,rel:13|reusable|w40|rel:13|cond=rel:13:finance:anchor,34,0.85,False,1,False,1.0,0.06666666666666667,0.9333333333333333,1.0,0.8666666666666667,0.0,0.8,1.0,0.07692307692307693,1,13,1.0,0.1111111111111111,0.8888888888888888,1.0,0.9333333333333333,0.0,0.8222222222222222,1.0,0.1111111111111111,1,15,1.0,0.06666666666666667,0.9333333333333333,1.0,1.0,0.0,0.9333333333333333,1.0,0.06666666666666667,1,15
rel:13,relation_dossiers,rel:13|cond=rel:13:finance:anchor,rel:13:finance:anchor,reusable,80,15,rel:13|reusable|w80|rel:13|cond=rel:13:finance:anchor,70,0.875,False,1,False,1.0,0.2,0.8,1.0,0.8666666666666667,0.0,0.6666666666666667,1.0,0.23076923076923078,1,13,1.0,0.2,0.8,1.0,0.9333333333333333,0.0,0.7333333333333334,1.0,0.2,1,15,1.0,0.2,0.8,1.0,1.0,0.0,0.8,1.0,0.2,1,15
rel:13,relation_dossiers,rel:13|cond=rel:13:finance:anchor,rel:13:finance:anchor,reusable,160,15,rel:13|reusable|w160|rel:13|cond=rel:13:finance:anchor,137,0.85625,False,1,False,1.0,0.2,0.8,1.0,0.8666666666666667,0.0,0.6666666666666667,1.0,0.23076923076923078,1,13,1.0,0.2,0.8,1.0,0.9333333333333333,0.0,0.7333333333333334,1.0,0.2,1,15,1.0,0.2,0.8,1.0,1.0,0.0,0.8,1.0,0.2,1,15
rel:13,relation_dossiers,rel:13|cond=rel:13:founding:anchor,rel:13:founding:anchor,conditioned,20,15,rel:13|conditioned|w20|rel:13|cond=rel:13:founding:anchor,20,1.0,False,1,False,1.0,0.06666666666666667,0.9333333333333333,1.0,0.8666666666666667,0.0,0.8,1.0,0.07692307692307693,1,13,1.0,0.06666666666666667,0.9333333333333333,1.0,0.9333333333333333,0.0,0.8666666666666667,1.0,0.06666666666666667,1,15,1.0,0.13333333333333333,0.8666666666666667,1.0,1.0,0.0,0.8666666666666667,1.0,0.13333333333333333,1,15
rel:13,relation_dossiers,rel:13|cond=rel:13:founding:anchor,rel:13:founding:anchor,conditioned,40,15,rel:13|conditioned|w40|rel:13|cond=rel:13:founding:anchor,36,0.9,False,1,False,1.0,0.13333333333333333,0.8666666666666667,1.0,0.8666666666666667,0.0,0.7333333333333334,1.0,0.15384615384615385,1,13,1.0,0.13333333333333333,0.8666666666666667,1.0,0.9333333333333333,0.0,0.8,1.0,0.13333333333333333,1,15,1.0,0.2,0.8,1.0,1.0,0.0,0.8,1.0,0.2,1,15
rel:13,relation_dossiers,rel:13|cond=rel:13:founding:anchor,rel:13:founding:anchor,conditioned,80,15,rel:13|conditioned|w80|rel:13|cond=rel:13:founding:anchor,72,0.9,False,3,False,1.0,0.2,0.8,1.0,0.8666666666666667,0.0,0.6666666666666667,1.0,0.23076923076923078,1,13,1.0,0.23333333333333334,0.7666666666666666,1.0,0.9333333333333333,0.0,0.7,1.0,0.23333333333333334,1,15,1.0,0.2,0.8,1.0,1.0,0.0,0.8,1.0,0.2,1,15
rel:13,relation_dossiers,rel:13|cond=rel:13:founding:anchor,rel:13:founding:anchor,conditioned,160,15,rel:13|conditioned|w160|rel:13|cond=rel:13:founding:anchor,144,0.9,False,2,False,1.0,0.2,0.8,1.0,0.8666666666666667,0.0,0.6666666666666667,1.0,0.23076923076923078,1,13,1.0,0.2,0.8,1.0,0.9333333333333333,0.0,0.7333333333333334,1.0,0.2,1,15,1.0,0.2,0.8,1.0,1.0,0.0,0.8,1.0,0.2,1,15
rel:13,relation_dossiers,rel:13|cond=rel:13:founding:anchor,rel:13:founding:anchor,generic,20,15,rel:13|generic|w20|-,20,1.0,False,1,True,0.0,0.06666666666666667,-0.06666666666666667,1.0,0.8666666666666667,1.0,0.8,0.0,0.07692307692307693,1,13,0.0,0.13333333333333333,-0.13333333333333333,1.0,0.9333333333333333,1.0,0.8,0.0,0.13333333333333333,1,15,0.0,0.2,-0.2,1.0,1.0,1.0,0.8,0.0,0.2,1,15
rel:13,relation_dossiers,rel:13|cond=rel:13:founding:anchor,rel:13:founding:anchor,generic,40,15,rel:13|generic|w40|-,39,0.975,False,2,True,1.0,0.13333333333333333,0.8666666666666667,1.0,0.8666666666666667,0.0,0.7333333333333334,1.0,0.15384615384615385,1,13,1.0,0.16,0.84,1.0,0.9333333333333333,0.0,0.7733333333333333,1.0,0.16,1,15,1.0,0.2,0.8,1.0,1.0,0.0,0.8,1.0,0.2,1,15
rel:13,relation_dossiers,rel:13|cond=rel:13:founding:anchor,rel:13:founding:anchor,generic,80,15,rel:13|generic|w80|-,68,0.85,False,1,True,1.0,0.26666666666666666,0.7333333333333334,1.0,0.8666666666666667,0.0,0.6000000000000001,1.0,0.3076923076923077,1,13,1.0,0.3333333333333333,0.6666666666666667,1.0,0.9333333333333333,0.0,0.6000000000000001,1.0,0.3333333333333333,1,15,1.0,0.4,0.6,1.0,1.0,0.0,0.6,1.0,0.4,1,15
rel:13,relation_dossiers,rel:13|cond=rel:13:founding:anchor,rel:13:founding:anchor,generic,160,15,rel:13|generic|w160|-,147,0.91875,False,2,True,1.0,0.7333333333333333,0.2666666666666667,1.0,0.8666666666666667,0.0,0.13333333333333341,1.0,0.8461538461538461,1,13,1.0,0.7333333333333333,0.2666666666666667,1.0,0.9333333333333333,0.0,0.20000000000000007,1.0,0.7333333333333333,1,15,1.0,0.7333333333333333,0.2666666666666667,1.0,1.0,0.0,0.2666666666666667,1.0,0.7333333333333333,1,15
rel:13,relation_dossiers,rel:13|cond=rel:13:founding:anchor,rel:13:founding:anchor,oracle,20,15,rel:13|oracle|w20|-,17,0.85,False,3,True,1.0,0.13333333333333333,0.8666666666666667,1.0,0.8666666666666667,0.0,0.7333333333333334,1.0,0.15384615384615385,1,13,1.0,0.17777777777777776,0.8222222222222222,1.0,0.9333333333333333,0.0,0.7555555555555555,1.0,0.17777777777777776,1,15,1.0,0.13333333333333333,0.8666666666666667,1.0,1.0,0.0,0.8666666666666667,1.0,0.13333333333333333,1,15
rel:13,relation_dossiers,rel:13|cond=rel:13:founding:anchor,rel:13:founding:anchor,oracle,40,15,rel:13|oracle|w40|-,35,0.875,False,2,True,1.0,0.2,0.8,1.0,0.8666666666666667,0.0,0.6666666666666667,1.0,0.23076923076923078,1,13,1.0,0.26666666666666666,0.7333333333333334,1.0,0.9333333333333333,0.0,0.6666666666666667,1.0,0.26666666666666666,1,15,1.0,0.3333333333333333,0.6666666666666667,1.0,1.0,0.0,0.6666666666666667,1.0,0.3333333333333333,1,15
rel:13,relation_dossiers,rel:13|cond=rel:13:founding:anchor,rel:13:founding:anchor,oracle,80,15,rel:13|oracle|w80|-,73,0.9125,False,2,True,1.0,0.6666666666666666,0.33333333333333337,1.0,0.8666666666666667,0.0,0.20000000000000007,1.0,0.7692307692307693,1,13,1.0,0.7333333333333333,0.2666666666666667,1.0,0.9333333333333333,0.0,0.20000000000000007,1.0,0.7333333333333333,1,15,1.0,0.8,0.19999999999999996,1.0,1.0,0.0,0.19999999999999996,1.0,0.8,1,15
rel:13,relation_dossiers,rel:13|cond=rel:13:founding:anchor,rel:13:founding:anchor,oracle,160,15,rel:13|oracle|w160|-,138,0.8625,False,1,True,1.0,0.6,0.4,1.0,0.8666666666666667,0.0,0.2666666666666667,1.0,0.6923076923076923,1,13,1.0,0.6666666666666666,0.33333333333333337,1.0,0.9333333333333333,0.0,0.2666666666666667,1.0,0.6666666666666666,1,15,1.0,0.7333333333333333,0.2666666666666667,1.0,1.0,0.0,0.2666666666666667,1.0,0.7333333333333333,1,15
rel:13,relation_dossiers,rel:13|cond=rel:13:founding:anchor,rel:13:founding:anchor,reusable,20,15,rel:13|reusable|w20|rel:13|cond=rel:13:founding:anchor,19,0.95,False,1,False,1.0,0.06666666666666667,0.9333333333333333,1.0,0.8666666666666667,0.0,0.8,1.0,0.07692307692307693,1,13,1.0,0.1111111111111111,0.8888888888888888,1.0,0.9333333333333333,0.0,0.8222222222222222,1.0,0.1111111111111111,1,15,1.0,0.06666666666666667,0.9333333333333333,1.0,1.0,0.0,0.9333333333333333,1.0,0.06666666666666667,1,15
rel:13,relation_dossiers,rel:13|cond=rel:13:founding:anchor,rel:13:founding:anchor,reusable,40,15,rel:13|reusable|w40|rel:13|cond=rel:13:founding:anchor,38,0.95,False,1,False,1.0,0.13333333333333333,0.8666666666666667,1.0,0.8666666666666667,0.0,0.7333333333333334,1.0,0.15384615384615385,1,13,1.0,0.17777777777777776,0.8222222222222222,1.0,0.9333333333333333,0.0,0.7555555555555555,1.0,0.17777777777777776,1,15,1.0,0.2,0.8,1.0,1.0,0.0,0.8,1.0,0.2,1,15
rel:13,relation_dossiers,rel:13|cond=rel:13:founding:anchor,rel:13:founding:anchor,reusable,80,15,rel:13|reusable|w80|rel:13|cond=rel:13:founding:anchor,72,0.9,False,1,False,1.0,0.2,0.8,1.0,0.8666666666666667,0.0,0.6666666666666667,1.0,0.23076923076923078,1,13,1.0,0.2,0.8,1.0,0.9333333333333333,0.0,0.7333333333333334,1.0,0.2,1,15,1.0,0.2,0.8,1.0,1.0,0.0,0.8,1.0,0.2,1,15
rel:13,relation_dossiers,rel:13|cond=rel:13:founding:anchor,rel:13:founding:anchor,reusable,160,15,rel:13|reusable|w160|rel:13|cond=rel:13:founding:anchor,137,0.85625,False,2,False,1.0,0.2,0.8,1.0,0.8666666666666667,0.0,0.6666666666666667,1.0,0.23076923076923078,1,13,1.0,0.2533333333333333,0.7466666666666667,1.0,0.9333333333333333,0.0,0.68,1.0,0.2533333333333333,1,15,1.0,0.26666666666666666,0.7333333333333334,1.0,1.0,0.0,0.7333333333333334,1.0,0.26666666666666666,1,15
rel:14,relation_dossiers,rel:14|cond=rel:14:custom:anchor,rel:14:custom:anchor,conditioned,20,15,rel:14|conditioned|w20|rel:14|cond=rel:14:custom:anchor,18,0.9,False,2,False,1.0,0.06666666666666667,0.9333333333333333,1.0,0.7333333333333333,0.0,0.6666666666666666,1.0,0.09090909090909091,1,11,1.0,0.1,0.9,1.0,0.8311111111111111,0.0,0.7311111111111112,1.0,0.11538461538461539,1,13,1.0,0.06666666666666667,0.9333333333333333,1.0,1.0,0.0,0.9333333333333333,1.0,0.06666666666666667,1,15
rel:14,relation_dossiers,rel:14|cond=rel:14:custom:anchor,rel:14:custom:anchor,conditioned,40,15,rel:14|conditioned|w40|rel:14|cond=rel:14:custom:anchor,39,0.975,False,2,False,1.0,0.13333333333333333,0.8666666666666667,1.0,0.7333333333333333,0.0,0.6,1.0,0.18181818181818182,1,11,1.0,0.13333333333333333,0.8666666666666667,1.0,0.8311111111111111,0.0,0.6977777777777778,1.0,0.15384615384615385,1,13,1.0,0.13333333333333333,0.8666666666666667,1.0,1.0,0.0,0.8666666666666667,1.0,0.13333333333333333,1,15
rel:14,relation_dossiers,rel:14|cond=rel:14:custom:anchor,rel:14:custom:anchor,conditioned,80,15,rel:14|conditioned|w80|rel:14|cond=rel:14:custom:anchor,73,0.9125,False,2,False,1.0,0.06666666666666667,0.9333333333333333,1.0,0.7333333333333333,0.0,0.6666666666666666,1.0,0.09090909090909091,1,11,1.0,0.06666666666666667,0.9333333333333333,1.0,0.8311111111111111,0.0,0.7644444444444445,1.0,0.07692307692307693,1,13,1.0,0.06666666666666667,0.9333333333333333,1.0,1.0,0.0,0.9333333333333333,1.0,0.06666666666666667,1,15
rel:14,relation_dossiers,rel:14|cond=rel:14:custom:anchor,rel:14:custom:anchor,conditioned,160,15,rel:14|conditioned|w160|rel:14|cond=rel:14:custom:anchor,152,0.95,False,2,False,1.0,0.13333333333333333,0.8666666666666667,1.0,0.7333333333333333,0.0,0.6,1.0,0.18181818181818182,1,11,1.0,0.16666666666666666,0.8333333333333334,1.0,0.8311111111111111,0.0,0.6644444444444445,1.0,0.19230769230769232,1,13,1.0,0.13333333333333333,0.8666666666666667,1.0,1.0,0.0,0.8666666666666667,1.0,0.13333333333333333,1,15
rel:14,relation_dossiers,rel:14|cond=rel:14:custom:anchor,rel:14:custom:anchor,generic,20,15,rel:14|generic|w20|-,19,0.95,False,1,True,0.0,0.06666666666666667,-0.06666666666666667,1.0,0.7333333333333333,1.0,0.6666666666666666,0.0,0.09090909090909091,1,11,0.0,0.16,-0.16,1.0,0.8311111111111111,1.0,0.6711111111111111,0.0,0.1846153846153846,1,13,0.0,0.06666666666666667,-0.06666666666666667,1.0,1.0,1.0,0.9333333333333333,0.0,0.06666666666666667,1,15
rel:14,relation_dossiers,rel:14|cond=rel:14:custom:anchor,rel:14:custom:anchor,generic,40,15,rel:14|generic|w40|-,37,0.925,False,2,True,0.0,0.13333333333333333,-0.13333333333333333,1.0,0.7333333333333333,1.0,0.6,0.0,0.09090909090909091,1,11,0.0,0.2,-0.2,1.0,0.8311111111111111,1.0,0.6311111111111112,0.0,0.23076923076923078,1,13,0.0,0.26666666666666666,-0.26666666666666666,1.0,1.0,1.0,0.7333333333333334,0.0,0.26666666666666666,1,15
rel:14,relation_dossiers,rel:14|cond=rel:14:custom:anchor,rel:14:custom:anchor,generic,80,15,rel:14|generic|w80|-,79,0.9875,False,1,True,0.0,0.06666666666666667,-0.06666666666666667,1.0,0.7333333333333333,1.0,0.6666666666666666,0.0,0.09090909090909091,1,11,0.0,0.23555555555555555,-0.23555555555555555,1.0,0.8311111111111111,1.0,0.5955555555555556,0.0,0.2717948717948718,1,13,0.0,0.4,-0.4,1.0,1.0,1.0,0.6,0.0,0.4,1,15
rel:14,relation_dossiers,rel:14|cond=rel:14:custom:anchor,rel:14:custom:anchor,generic,160,15,rel:14|generic|w160|-,149,0.93125,False,2,True,1.0,0.26666666666666666,0.7333333333333334,1.0,0.7333333333333333,0.0,0.4666666666666666,1.0,0.36363636363636365,1,11,1.0,0.41333333333333333,0.5866666666666667,1.0,0.8311111111111111,0.0,0.4177777777777778,1.0,0.47692307692307695,1,13,1.0,0.3333333333333333,0.6666666666666667,1.0,1.0,0.0,0.6666666666666667,1.0,0.3333333333333333,1,15
rel:14,relation_dossiers,rel:14|cond=rel:14:custom:anchor,rel:14:custom:anchor,oracle,20,15,rel:14|oracle|w20|-,19,0.95,False,1,True,0.0,0.13333333333333333,-0.13333333333333333,1.0,0.7333333333333333,1.0,0.6,0.0,0.18181818181818182,1,11,0.0,0.16,-0.16,1.0,0.8311111111111111,1.0,0.6711111111111111,0.0,0.1846153846153846,1,13,0.0,0.13333333333333333,-0.13333333333333333,1.0,1.0,1.0,0.8666666666666667,0.0,0.13333333333333333,1,15
rel:14,relation_dossiers,rel:14|cond=rel:14:custom:anchor,rel:14:custom:anchor,oracle,40,15,rel:14|oracle|w40|-,36,0.9,False,4,True,0.0,0.26666666666666666,-0.26666666666666666,1.0,0.7333333333333333,1.0,0.4666666666666666,0.0,0.36363636363636365,1,11,0.0,0.35555555555555557,-0.35555555555555557,1.0,0.8311111111111111,1.0,0.47555555555555556,0.0,0.41025641025641024,1,13,0.0,0.5333333333333333,-0.5333333333333333,1.0,1.0,1.0,0.4666666666666667,0.0,0.5333333333333333,1,15
rel:14,relation_dossiers,rel:14|cond=rel:14:custom:anchor,rel:14:custom:anchor,oracle,80,15,rel:14|oracle|w80|-,78,0.975,False,3,True,0.0,0.4,-0.4,1.0,0.7333333333333333,1.0,0.33333333333333326,0.0,0.5454545454545454,1,11,0.0,0.49777777777777776,-0.49777777777777776,1.0,0.8311111111111111,1.0,0.33333333333333337,0.0,0.5743589743589743,1,13,0.0,0.7333333333333333,-0.7333333333333333,1.0,1.0,1.0,0.2666666666666667,0.0,0.7333333333333333,1,15
rel:14,relation_dossiers,rel:14|cond=rel:14:custom:anchor,rel:14:custom:anchor,oracle,160,15,rel:14|oracle|w160|-,136,0.85,False,2,True,1.0,0.5333333333333333,0.4666666666666667,1.0,0.7333333333333333,0.0,0.19999999999999996,1.0,0.7272727272727273,1,11,1.0,0.6311111111111111,0.36888888888888893,1.0,0.8311111111111111,0.0,0.20000000000000007,1.0,0.7282051282051282,1,13,1.0,0.8,0.19999999999999996,1.0,1.0,0.0,0.19999999999999996,1.0,0.8,1,15
rel:14,relation_dossiers,rel:14|cond=rel:14:custom:anchor,rel:14:custom:anchor,reusable,20,15,rel:14|reusable|w20|rel:14|cond=rel:14:custom:anchor,20,1.0,False,1,False,1.0,0.06666666666666667,0.9333333333333333,1.0,0.7333333333333333,0.0,0.6666666666666666,1.0,0.09090909090909091,1,11,1.0,0.06666666666666667,0.9333333333333333,1.0,0.8311111111111111,0.0,0.7644444444444445,1.0,0.07692307692307693,1,13,1.0,0.06666666666666667,0.9333333333333333,1.0,1.0,0.0,0.9333333333333333,1.0,0.06666666666666667,1,15
rel:14,relation_dossiers,rel:14|cond=rel:14:custom:anchor,rel:14:custom:anchor,reusable,40,15,rel:14|reusable|w40|rel:14|cond=rel:14:custom:anchor,39,0.975,False,3,False,1.0,0.06666666666666667,0.9333333333333333,1.0,0.7333333333333333,0.0,0.6666666666666666,1.0,0.09090909090909091,1,11,1.0,0.12666666666666665,0.8733333333333333,1.0,0.8311111111111111,0.0,0.7044444444444444,1.0,0.14615384615384613,1,13,1.0,0.13333333333333333,0.8666666666666667,1.0,1.0,0.0,0.8666666666666667,1.0,0.13333333333333333,1,15
rel:14,relation_dossiers,rel:14|cond=rel:14:custom:anchor,rel:14:custom:anchor,reusable,80,15,rel:14|reusable|w80|rel:14|cond=rel:14:custom:anchor,72,0.9,False,2,False,1.0,0.13333333333333333,0.8666666666666667,1.0,0.7333333333333333,0.0,0.6,1.0,0.18181818181818182,1,11,1.0,0.15555555555555556,0.8444444444444444,1.0,0.8311111111111111,0.0,0.6755555555555556,1.0,0.1794871794871795,1,13,1.0,0.13333333333333333,0.8666666666666667,1.0,1.0,0.0,0.8666666666666667,1.0,0.13333333333333333,1,15
rel:14,relation_dossiers,rel:14|cond=rel:14:custom:anchor,rel:14:custom:anchor,reusable,160,15,rel:14|reusable|w160|rel:14|cond=rel:14:custom:anchor,138,0.8625,False,1,False,1.0,0.2,0.8,1.0,0.7333333333333333,0.0,0.5333333333333332,1.0,0.18181818181818182,1,11,1.0,0.2,0.8,1.0,0.8311111111111111,0.0,0.6311111111111112,1.0,0.23076923076923078,1,13,1.0,0.2,0.8,1.0,1.0,0.0,0.8,1.0,0.2,1,15
rel:14,relation_dossiers,rel:14|cond=rel:14:facilities:anchor,rel:14:facilities:anchor,conditioned,20,15,rel:14|conditioned|w20|rel:14|cond=rel:14:facilities:anchor,19,0.95,False,1,False,0.0,0.0,0.0,0.0,0.8,0.0,0.8,nan,0.0,0,12,0.0,0.0,0.0,0.0,0.8977777777777778,0.0,0.8977777777777778,nan,0.0,0,14,1.0,0.06666666666666667,0.9333333333333333,1.0,1.0,0.0,0.9333333333333333,1.0,0.06666666666666667,1,15
rel:14,relation_dossiers,rel:14|cond=rel:14:facilities:anchor,rel:14:facilities:anchor,conditioned,40,15,rel:14|conditioned|w40|rel:14|cond=rel:14:facilities:anchor,37,0.925,False,3,False,0.0,0.0,0.0,0.0,0.8,0.0,0.8,nan,0.0,0,12,0.0,0.0,0.0,0.0,0.8977777777777778,0.0,0.8977777777777778,nan,0.0,0,14,1.0,0.06666666666666667,0.9333333333333333,1.0,1.0,0.0,0.9333333333333333,1.0,0.06666666666666667,1,15
rel:14,relation_dossiers,rel:14|cond=rel:14:facilities:anchor,rel:14:facilities:anchor,conditioned,80,15,rel:14|conditioned|w80|rel:14|cond=rel:14:facilities:anchor,75,0.9375,False,2,False,0.0,0.0,0.0,0.0,0.8,0.0,0.8,nan,0.0,0,12,0.0,0.02222222222222222,-0.02222222222222222,0.0,0.8977777777777778,0.0,0.8755555555555555,nan,0.023809523809523808,0,14,1.0,0.06666666666666667,0.9333333333333333,1.0,1.0,0.0,0.9333333333333333,1.0,0.06666666666666667,1,15
rel:14,relation_dossiers,rel:14|cond=rel:14:facilities:anchor,rel:14:facilities:anchor,conditioned,160,15,rel:14|conditioned|w160|rel:14|cond=rel:14:facilities:anchor,145,0.90625,False,2,False,0.0,0.13333333333333333,-0.13333333333333333,0.0,0.8,0.0,0.6666666666666667,nan,0.16666666666666666,0,12,0.0,0.16,-0.16,0.0,0.8977777777777778,0.0,0.7377777777777778,nan,0.17142857142857143,0,14,1.0,0.2,0.8,1.0,1.0,0.0,0.8,1.0,0.2,1,15
rel:14,relation_dossiers,rel:14|cond=rel:14:facilities:anchor,rel:14:facilities:anchor,generic,20,15,rel:14|generic|w20|-,19,0.95,False,1,True,0.0,0.06666666666666667,-0.06666666666666667,0.0,0.8,0.0,0.7333333333333334,nan,0.08333333333333333,0,12,0.0,0.16,-0.16,0.0,0.8977777777777778,0.0,0.7377777777777778,nan,0.17142857142857143,0,14,0.0,0.06666666666666667,-0.06666666666666667,1.0,1.0,1.0,0.9333333333333333,0.0,0.06666666666666667,1,15
rel:14,relation_dossiers,rel:14|cond=rel:14:facilities:anchor,rel:14:facilities:anchor,generic,40,15,rel:14|generic|w40|-,37,0.925,False,2,True,0.0,0.13333333333333333,-0.13333333333333333,0.0,0.8,0.0,0.6666666666666667,nan,0.08333333333333333,0,12,0.0,0.2,-0.2,0.0,0.8977777777777778,0.0,0.6977777777777778,nan,0.21428571428571427,0,14,1.0,0.2,0.8,1.0,1.0,0.0,0.8,1.0,0.2,1,15
rel:14,relation_dossiers,rel:14|cond=rel:14:facilities:anchor,rel:14:facilities:anchor,generic,80,15,rel:14|generic|w80|-,79,0.9875,False,1,True,0.0,0.06666666666666667,-0.06666666666666667,0.0,0.8,0.0,0.7333333333333334,nan,0.08333333333333333,0,12,0.0,0.23555555555555555,-0.23555555555555555,0.0,0.8977777777777778,0.0,0.6622222222222223,nan,0.2523809523809524,0,14,1.0,0.3333333333333333,0.6666666666666667,1.0,1.0,0.0,0.6666666666666667,1.0,0.3333333333333333,1,15
rel:14,relation_dossiers,rel:14|cond=rel:14:facilities:anchor,rel:14:facilities:anchor,generic,160,15,rel:14|generic|w160|-,149,0.93125,False,2,True,0.0,0.3333333333333333,-0.3333333333333333,0.0,0.8,0.0,0.46666666666666673,nan,0.4166666666666667,0,12,0.0,0.48000000000000004,-0.48000000000000004,0.0,0.8977777777777778,0.0,0.41777777777777775,nan,0.5142857142857143,0,14,0.0,0.4,-0.4,1.0,1.0,1.0,0.6,0.0,0.4,1,15
rel:14,relation_dossiers,rel:14|cond=rel:14:facilities:anchor,rel:14:facilities:anchor,oracle,20,15,rel:14|oracle|w20|-,19,0.95,False,1,True,0.0,0.13333333333333333,-0.13333333333333333,0.0,0.8,0.0,0.6666666666666667,nan,0.16666666666666666,0,12,0.0,0.16,-0.16,0.0,0.8977777777777778,0.0,0.7377777777777778,nan,0.17142857142857143,0,14,0.0,0.13333333333333333,-0.13333333333333333,1.0,1.0,1.0,0.8666666666666667,0.0,0.13333333333333333,1,15
rel:14,relation_dossiers,rel:14|cond=rel:14:facilities:anchor,rel:14:facilities:anchor,oracle,40,15,rel:14|oracle|w40|-,36,0.9,False,4,True,0.0,0.26666666666666666,-0.26666666666666666,0.0,0.8,0.0,0.5333333333333334,nan,0.3333333333333333,0,12,0.0,0.35555555555555557,-0.35555555555555557,0.0,0.8977777777777778,0.0,0.5422222222222222,nan,0.38095238095238093,0,14,1.0,0.4666666666666667,0.5333333333333333,1.0,1.0,0.0,0.5333333333333333,1.0,0.4666666666666667,1,15
rel:14,relation_dossiers,rel:14|cond=rel:14:facilities:anchor,rel:14:facilities:anchor,oracle,80,15,rel:14|oracle|w80|-,78,0.975,False,3,True,0.0,0.4,-0.4,0.0,0.8,0.0,0.4,nan,0.5,0,12,0.0,0.49777777777777776,-0.49777777777777776,0.0,0.8977777777777778,0.0,0.4,nan,0.5333333333333333,0,14,1.0,0.6666666666666666,0.33333333333333337,1.0,1.0,0.0,0.33333333333333337,1.0,0.6666666666666666,1,15
rel:14,relation_dossiers,rel:14|cond=rel:14:facilities:anchor,rel:14:facilities:anchor,oracle,160,15,rel:14|oracle|w160|-,136,0.85,False,2,True,0.0,0.6,-0.6,0.0,0.8,0.0,0.20000000000000007,nan,0.75,0,12,0.0,0.6977777777777778,-0.6977777777777778,0.0,0.8977777777777778,0.0,0.19999999999999996,nan,0.7476190476190476,0,14,1.0,0.8,0.19999999999999996,1.0,1.0,0.0,0.19999999999999996,1.0,0.8,1,15
rel:14,relation_dossiers,rel:14|cond=rel:14:facilities:anchor,rel:14:facilities:anchor,reusable,20,15,rel:14|reusable|w20|rel:14|cond=rel:14:facilities:anchor,18,0.9,False,1,False,0.0,0.0,0.0,0.0,0.8,0.0,0.8,nan,0.0,0,12,0.0,0.0,0.0,0.0,0.8977777777777778,0.0,0.8977777777777778,nan,0.0,0,14,1.0,0.06666666666666667,0.9333333333333333,1.0,1.0,0.0,0.9333333333333333,1.0,0.06666666666666667,1,15
rel:14,relation_dossiers,rel:14|cond=rel:14:facilities:anchor,rel:14:facilities:anchor,reusable,40,15,rel:14|reusable|w40|rel:14|cond=rel:14:facilities:anchor,34,0.85,False,1,False,0.0,0.0,0.0,0.0,0.8,0.0,0.8,nan,0.0,0,12,0.0,0.0,0.0,0.0,0.8977777777777778,0.0,0.8977777777777778,nan,0.0,0,14,1.0,0.06666666666666667,0.9333333333333333,1.0,1.0,0.0,0.9333333333333333,1.0,0.06666666666666667,1,15
rel:14,relation_dossiers,rel:14|cond=rel:14:facilities:anchor,rel:14:facilities:anchor,reusable,80,15,rel:14|reusable|w80|rel:14|cond=rel:14:facilities:anchor,77,0.9625,False,2,False,0.0,0.13333333333333333,-0.13333333333333333,0.0,0.8,0.0,0.6666666666666667,nan,0.16666666666666666,0,12,0.0,0.13333333333333333,-0.13333333333333333,0.0,0.8977777777777778,0.0,0.7644444444444445,nan,0.14285714285714285,0,14,1.0,0.2,0.8,1.0,1.0,0.0,0.8,1.0,0.2,1,15
rel:14,relation_dossiers,rel:14|cond=rel:14:facilities:anchor,rel:14:facilities:anchor,reusable,160,15,rel:14|reusable|w160|rel:14|cond=rel:14:facilities:anchor,149,0.93125,False,2,False,0.0,0.26666666666666666,-0.26666666666666666,0.0,0.8,0.0,0.5333333333333334,nan,0.3333333333333333,0,12,0.0,0.26666666666666666,-0.26666666666666666,0.0,0.8977777777777778,0.0,0.6311111111111112,nan,0.2857142857142857,0,14,1.0,0.3333333333333333,0.6666666666666667,1.0,1.0,0.0,0.6666666666666667,1.0,0.3333333333333333,1,15
rel:14,relation_dossiers,rel:14|cond=rel:14:finance:anchor,rel:14:finance:anchor,conditioned,20,15,rel:14|conditioned|w20|rel:14|cond=rel:14:finance:anchor,17,0.85,False,2,False,0.0,0.0,0.0,1.0,0.7333333333333333,1.0,0.7333333333333333,0.0,0.0,1,11,0.6666666666666666,0.04444444444444444,0.6222222222222222,1.0,0.8311111111111111,0.33333333333333337,0.7866666666666667,0.6666666666666666,0.05128205128205128,1,13,1.0,0.06666666666666667,0.9333333333333333,1.0,1.0,0.0,0.9333333333333333,1.0,0.06666666666666667,1,15
rel:14,relation_dossiers,rel:14|cond=rel:14:finance:anchor,rel:14:finance:anchor,conditioned,40,15,rel:14|conditioned|w40|rel:14|cond=rel:14:finance:anchor,34,0.85,False,2,False,0.0,0.0,0.0,1.0,0.7333333333333333,1.0,0.7333333333333333,0.0,0.0,1,11,0.6666666666666666,0.04444444444444444,0.6222222222222222,1.0,0.8311111111111111,0.33333333333333337,0.7866666666666667,0.6666666666666666,0.05128205128205128,1,13,1.0,0.06666666666666667,0.9333333333333333,1.0,1.0,0.0,0.9333333333333333,1.0,0.06666666666666667,1,15
rel:14,relation_dossiers,rel:14|cond=rel:14:finance:anchor,rel:14:finance:anchor,conditioned,80,15,rel:14|conditioned|w80|rel:14|cond=rel:14:finance:anchor,70,0.875,False,1,False,0.0,0.0,0.0,1.0,0.7333333333333333,1.0,0.7333333333333333,0.0,0.0,1,11,0.6666666666666666,0.04444444444444444,0.6222222222222222,1.0,0.8311111111111111,0.33333333333333337,0.7866666666666667,0.6666666666666666,0.05128205128205128,1,13,1.0,0.06666666666666667,0.9333333333333333,1.0,1.0,0.0,0.9333333333333333,1.0,0.06666666666666667,1,15
rel:14,relation_dossiers,rel:14|cond=rel:14:finance:anchor,rel:14:finance:anchor,conditioned,160,15,rel:14|conditioned|w160|rel:14|cond=rel:14:finance:anchor,139,0.86875,False,2,False,1.0,0.13333333333333333,0.8666666666666667,1.0,0.7333333333333333,0.0,0.6,1.0,0.18181818181818182,1,11,1.0,0.13333333333333333,0.8666666666666667,1.0,0.8311111111111111,0.0,0.6977777777777778,1.0,0.15384615384615385,1,13,1.0,0.13333333333333333,0.8666666666666667,1.0,1.0,0.0,0.8666666666666667,1.0,0.13333333333333333,1,15
rel:14,relation_dossiers,rel:14|cond=rel:14:finance:anchor,rel:14:finance:anchor,generic,20,15,rel:14|generic|w20|-,19,0.95,False,1,True,0.0,0.06666666666666667,-0.06666666666666667,1.0,0.7333333333333333,1.0,0.6666666666666666,0.0,0.09090909090909091,1,11,0.0,0.16,-0.16,1.0,0.8311111111111111,1.0,0.6711111111111111,0.0,0.1846153846153846,1,13,0.0,0.06666666666666667,-0.06666666666666667,1.0,1.0,1.0,0.9333333333333333,0.0,0.06666666666666667,1,15
rel:14,relation_dossiers,rel:14|cond=rel:14:finance:anchor,rel:14:finance:anchor,generic,40,15,rel:14|generic|w40|-,37,0.925,False,2,True,0.0,0.13333333333333333,-0.13333333333333333,1.0,0.7333333333333333,1.0,0.6,0.0,0.09090909090909091,1,11,0.0,0.2,-0.2,1.0,0.8311111111111111,1.0,0.6311111111111112,0.0,0.23076923076923078,1,13,0.0,0.26666666666666666,-0.26666666666666666,1.0,1.0,1.0,0.7333333333333334,0.0,0.26666666666666666,1,15
rel:14,relation_dossiers,rel:14|cond=rel:14:finance:anchor,rel:14:finance:anchor,generic,80,15,rel:14|generic|w80|-,79,0.9875,False,1,True,0.0,0.06666666666666667,-0.06666666666666667,1.0,0.7333333333333333,1.0,0.6666666666666666,0.0,0.09090909090909091,1,11,0.6666666666666666,0.19111111111111112,0.4755555555555555,1.0,0.8311111111111111,0.33333333333333337,0.64,0.6666666666666666,0.2205128205128205,1,13,1.0,0.3333333333333333,0.6666666666666667,1.0,1.0,0.0,0.6666666666666667,1.0,0.3333333333333333,1,15
rel:14,relation_dossiers,rel:14|cond=rel:14:finance:anchor,rel:14:finance:anchor,generic,160,15,rel:14|generic|w160|-,149,0.93125,False,2,True,0.0,0.3333333333333333,-0.3333333333333333,1.0,0.7333333333333333,1.0,0.39999999999999997,0.0,0.45454545454545453,1,11,0.0,0.48000000000000004,-0.48000000000000004,1.0,0.8311111111111111,1.0,0.3511111111111111,0.0,0.5538461538461539,1,13,0.0,0.4,-0.4,1.0,1.0,1.0,0.6,0.0,0.4,1,15
rel:14,relation_dossiers,rel:14|cond=rel:14:finance:anchor,rel:14:finance:anchor,oracle,20,15,rel:14|oracle|w20|-,19,0.95,False,1,True,0.0,0.13333333333333333,-0.13333333333333333,1.0,0.7333333333333333,1.0,0.6,0.0,0.18181818181818182,1,11,0.0,0.16,-0.16,1.0,0.8311111111111111,1.0,0.6711111111111111,0.0,0.1846153846153846,1,13,0.0,0.13333333333333333,-0.13333333333333333,1.0,1.0,1.0,0.8666666666666667,0.0,0.13333333333333333,1,15
rel:14,relation_dossiers,rel:14|cond=rel:14:finance:anchor,rel:14:finance:anchor,oracle,40,15,rel:14|oracle|w40|-,36,0.9,False,4,True,0.0,0.26666666666666666,-0.26666666666666666,1.0,0.7333333333333333,1.0,0.4666666666666666,0.0,0.36363636363636365,1,11,0.6666666666666666,0.3111111111111111,0.3555555555555555,1.0,0.8311111111111111,0.33333333333333337,0.52,0.6666666666666666,0.358974358974359,1,13,1.0,0.4666666666666667,0.5333333333333333,1.0,1.0,0.0,0.5333333333333333,1.0,0.4666666666666667,1,15
rel:14,relation_dossiers,rel:14|cond=rel:14:finance:anchor,rel:14:finance:anchor,oracle,80,15,rel:14|oracle|w80|-,78,0.975,False,3,True,0.0,0.4,-0.4,1.0,0.7333333333333333,1.0,0.33333333333333326,0.0,0.5454545454545454,1,11,0.6666666666666666,0.4533333333333333,0.21333333333333332,1.0,0.8311111111111111,0.33333333333333337,0.3777777777777778,0.6666666666666666,0.5230769230769231,1,13,1.0,0.6666666666666666,0.33333333333333337,1.0,1.0,0.0,0.33333333333333337,1.0,0.6666666666666666,1,15
rel:14,relation_dossiers,rel:14|cond=rel:14:finance:anchor,rel:14:finance:anchor,oracle,160,15,rel:14|oracle|w160|-,136,0.85,False,2,True,0.0,0.6,-0.6,1.0,0.7333333333333333,1.0,0.1333333333333333,0.0,0.8181818181818182,1,11,0.6666666666666666,0.6533333333333334,0.013333333333333197,1.0,0.8311111111111111,0.33333333333333337,0.1777777777777777,0.6666666666666666,0.7538461538461539,1,13,1.0,0.8,0.19999999999999996,1.0,1.0,0.0,0.19999999999999996,1.0,0.8,1,15
rel:14,relation_dossiers,rel:14|cond=rel:14:finance:anchor,rel:14:finance:anchor,reusable,20,15,rel:14|reusable|w20|rel:14|cond=rel:14:finance:anchor,17,0.85,False,2,False,0.0,0.0,0.0,1.0,0.7333333333333333,1.0,0.7333333333333333,0.0,0.0,1,11,0.6666666666666666,0.04444444444444444,0.6222222222222222,1.0,0.8311111111111111,0.33333333333333337,0.7866666666666667,0.6666666666666666,0.05128205128205128,1,13,1.0,0.06666666666666667,0.9333333333333333,1.0,1.0,0.0,0.9333333333333333,1.0,0.06666666666666667,1,15
rel:14,relation_dossiers,rel:14|cond=rel:14:finance:anchor,rel:14:finance:anchor,reusable,40,15,rel:14|reusable|w40|rel:14|cond=rel:14:finance:anchor,36,0.9,False,2,False,0.0,0.06666666666666667,-0.06666666666666667,1.0,0.7333333333333333,1.0,0.6666666666666666,0.0,0.09090909090909091,1,11,0.6666666666666666,0.1111111111111111,0.5555555555555556,1.0,0.8311111111111111,0.33333333333333337,0.72,0.6666666666666666,0.1282051282051282,1,13,1.0,0.13333333333333333,0.8666666666666667,1.0,1.0,0.0,0.8666666666666667,1.0,0.13333333333333333,1,15
rel:14,relation_dossiers,rel:14|cond=rel:14:finance:anchor,rel:14:finance:anchor,reusable,80,15,rel:14|reusable|w80|rel:14|cond=rel:14:finance:anchor,77,0.9625,False,2,False,1.0,0.13333333333333333,0.8666666666666667,1.0,0.7333333333333333,0.0,0.6,1.0,0.18181818181818182,1,11,1.0,0.22222222222222224,0.7777777777777778,1.0,0.8311111111111111,0.0,0.6088888888888889,1.0,0.24358974358974358,1,13,1.0,0.2,0.8,1.0,1.0,0.0,0.8,1.0,0.2,1,15
rel:14,relation_dossiers,rel:14|cond=rel:14:finance:anchor,rel:14:finance:anchor,reusable,160,15,rel:14|reusable|w160|rel:14|cond=rel:14:finance:anchor,139,0.86875,False,1,False,1.0,0.3333333333333333,0.6666666666666667,1.0,0.7333333333333333,0.0,0.39999999999999997,1.0,0.45454545454545453,1,11,1.0,0.34444444444444444,0.6555555555555556,1.0,0.8311111111111111,0.0,0.4866666666666667,1.0,0.38461538461538464,1,13,1.0,0.3333333333333333,0.6666666666666667,1.0,1.0,0.0,0.6666666666666667,1.0,0.3333333333333333,1,15
rel:14,relation_dossiers,rel:14|cond=rel:14:founding:anchor,rel:14:founding:anchor,conditioned,20,15,rel:14|conditioned|w20|rel:14|cond=rel:14:founding:anchor,18,0.9,False,2,False,1.0,0.06666666666666667,0.9333333333333333,1.0,0.7333333333333333,0.0,0.6666666666666666,1.0,0.09090909090909091,1,11,1.0,0.06666666666666667,0.9333333333333333,1.0,0.8311111111111111,0.0,0.7644444444444445,1.0,0.07692307692307693,1,13,1.0,0.06666666666666667,0.9333333333333333,1.0,1.0,0.0,0.9333333333333333,1.0,0.06666666666666667,1,15
rel:14,relation_dossiers,rel:14|cond=rel:14:founding:anchor,rel:14:founding:anchor,conditioned,40,15,rel:14|conditioned|w40|rel:14|cond=rel:14:founding:anchor,35,0.875,False,1,False,1.0,0.06666666666666667,0.9333333333333333,1.0,0.7333333333333333,0.0,0.6666666666666666,1.0,0.09090909090909091,1,11,1.0,0.1245021645021645,0.8754978354978356,1.0,0.8311111111111111,0.0,0.7066089466089467,1.0,0.12967032967032968,1,13,1.0,0.06666666666666667,0.9333333333333333,1.0,1.0,0.0,0.9333333333333333,1.0,0.06666666666666667,1,15
rel:14,relation_dossiers,rel:14|cond=rel:14:founding:anchor,rel:14:founding:anchor,conditioned,80,15,rel:14|conditioned|w80|rel:14|cond=rel:14:founding:anchor,80,1.0,False,2,False,1.0,0.2,0.8,1.0,0.7333333333333333,0.0,0.5333333333333332,1.0,0.2727272727272727,1,11,1.0,0.2,0.8,1.0,0.8311111111111111,0.0,0.6311111111111112,1.0,0.23076923076923078,1,13,1.0,0.2,0.8,1.0,1.0,0.0,0.8,1.0,0.2,1,15
rel:14,relation_dossiers,rel:14|cond=rel:14:founding:anchor,rel:14:founding:anchor,conditioned,160,15,rel:14|conditioned|w160|rel:14|cond=rel:14:founding:anchor,147,0.91875,False,2,False,1.0,0.26666666666666666,0.7333333333333334,1.0,0.7333333333333333,0.0,0.4666666666666666,1.0,0.36363636363636365,1,11,1.0,0.2777777777777778,0.7222222222222222,1.0,0.8311111111111111,0.0,0.5533333333333333,1.0,0.3076923076923077,1,13,1.0,0.26666666666666666,0.7333333333333334,1.0,1.0,0.0,0.7333333333333334,1.0,0.26666666666666666,1,15
rel:14,relation_dossiers,rel:14|cond=rel:14:founding:anchor,rel:14:founding:anchor,generic,20,15,rel:14|generic|w20|-,19,0.95,False,1,True,0.0,0.06666666666666667,-0.06666666666666667,1.0,0.7333333333333333,1.0,0.6666666666666666,0.0,0.09090909090909091,1,11,0.5,0.12666666666666665,0.37333333333333335,1.0,0.8311111111111111,0.5,0.7044444444444444,0.5,0.14615384615384613,1,13,0.0,0.06666666666666667,-0.06666666666666667,1.0,1.0,1.0,0.9333333333333333,0.0,0.06666666666666667,1,15
rel:14,relation_dossiers,rel:14|cond=rel:14:founding:anchor,rel:14:founding:anchor,generic,40,15,rel:14|generic|w40|-,37,0.925,False,2,True,0.0,0.13333333333333333,-0.13333333333333333,1.0,0.7333333333333333,1.0,0.6,0.0,0.09090909090909091,1,11,0.5,0.16666666666666666,0.33333333333333337,1.0,0.8311111111111111,0.5,0.6644444444444445,0.5,0.19230769230769232,1,13,0.0,0.26666666666666666,-0.26666666666666666,1.0,1.0,1.0,0.7333333333333334,0.0,0.26666666666666666,1,15
rel:14,relation_dossiers,rel:14|cond=rel:14:founding:anchor,rel:14:founding:anchor,generic,80,15,rel:14|generic|w80|-,79,0.9875,False,1,True,0.0,0.06666666666666667,-0.06666666666666667,1.0,0.7333333333333333,1.0,0.6666666666666666,0.0,0.09090909090909091,1,11,0.0,0.23555555555555555,-0.23555555555555555,1.0,0.8311111111111111,1.0,0.5955555555555556,0.0,0.2717948717948718,1,13,0.0,0.4,-0.4,1.0,1.0,1.0,0.6,0.0,0.4,1,15
rel:14,relation_dossiers,rel:14|cond=rel:14:founding:anchor,rel:14:founding:anchor,generic,160,15,rel:14|generic|w160|-,149,0.93125,False,2,True,0.0,0.3333333333333333,-0.3333333333333333,1.0,0.7333333333333333,1.0,0.39999999999999997,0.0,0.45454545454545453,1,11,0.5,0.44666666666666666,0.053333333333333344,1.0,0.8311111111111111,0.5,0.3844444444444445,0.5,0.5153846153846154,1,13,0.0,0.4,-0.4,1.0,1.0,1.0,0.6,0.0,0.4,1,15
rel:14,relation_dossiers,rel:14|cond=rel:14:founding:anchor,rel:14:founding:anchor,oracle,20,15,rel:14|oracle|w20|-,19,0.95,False,1,True,1.0,0.06666666666666667,0.9333333333333333,1.0,0.7333333333333333,0.0,0.6666666666666666,1.0,0.09090909090909091,1,11,1.0,0.09333333333333332,0.9066666666666667,1.0,0.8311111111111111,0.0,0.7377777777777779,1.0,0.10769230769230768,1,13,1.0,0.06666666666666667,0.9333333333333333,1.0,1.0,0.0,0.9333333333333333,1.0,0.06666666666666667,1,15
rel:14,relation_dossiers,rel:14|cond=rel:14:founding:anchor,rel:14:founding:anchor,oracle,40,15,rel:14|oracle|w40|-,36,0.9,False,4,True,1.0,0.2,0.8,1.0,0.7333333333333333,0.0,0.5333333333333332,1.0,0.2727272727272727,1,11,1.0,0.28888888888888886,0.7111111111111111,1.0,0.8311111111111111,0.0,0.5422222222222223,1.0,0.3333333333333333,1,13,1.0,0.4666666666666667,0.5333333333333333,1.0,1.0,0.0,0.5333333333333333,1.0,0.4666666666666667,1,15
rel:14,relation_dossiers,rel:14|cond=rel:14:founding:anchor,rel:14:founding:anchor,oracle,80,15,rel:14|oracle|w80|-,78,0.975,False,3,True,1.0,0.3333333333333333,0.6666666666666667,1.0,0.7333333333333333,0.0,0.39999999999999997,1.0,0.45454545454545453,1,11,1.0,0.4311111111111111,0.5688888888888889,1.0,0.8311111111111111,0.0,0.4,1.0,0.49743589743589745,1,13,1.0,0.6666666666666666,0.33333333333333337,1.0,1.0,0.0,0.33333333333333337,1.0,0.6666666666666666,1,15
rel:14,relation_dossiers,rel:14|cond=rel:14:founding:anchor,rel:14:founding:anchor,oracle,160,15,rel:14|oracle|w160|-,136,0.85,False,2,True,1.0,0.5333333333333333,0.4666666666666667,1.0,0.7333333333333333,0.0,0.19999999999999996,1.0,0.7272727272727273,1,11,1.0,0.6311111111111111,0.36888888888888893,1.0,0.8311111111111111,0.0,0.20000000000000007,1.0,0.7282051282051282,1,13,1.0,0.8,0.19999999999999996,1.0,1.0,0.0,0.19999999999999996,1.0,0.8,1,15
rel:14,relation_dossiers,rel:14|cond=rel:14:founding:anchor,rel:14:founding:anchor,reusable,20,15,rel:14|reusable|w20|rel:14|cond=rel:14:founding:anchor,19,0.95,False,1,False,1.0,0.06666666666666667,0.9333333333333333,1.0,0.7333333333333333,0.0,0.6666666666666666,1.0,0.09090909090909091,1,11,1.0,0.09333333333333332,0.9066666666666667,1.0,0.8311111111111111,0.0,0.7377777777777779,1.0,0.10769230769230768,1,13,1.0,0.06666666666666667,0.9333333333333333,1.0,1.0,0.0,0.9333333333333333,1.0,0.06666666666666667,1,15
rel:14,relation_dossiers,rel:14|cond=rel:14:founding:anchor,rel:14:founding:anchor,reusable,40,15,rel:14|reusable|w40|rel:14|cond=rel:14:founding:anchor,37,0.925,False,1,False,1.0,0.13333333333333333,0.8666666666666667,1.0,0.7333333333333333,0.0,0.6,1.0,0.18181818181818182,1,11,1.0,0.16,0.84,1.0,0.8311111111111111,0.0,0.6711111111111111,1.0,0.1846153846153846,1,13,1.0,0.13333333333333333,0.8666666666666667,1.0,1.0,0.0,0.8666666666666667,1.0,0.13333333333333333,1,15
rel:14,relation_dossiers,rel:14|cond=rel:14:founding:anchor,rel:14:founding:anchor,reusable,80,15,rel:14|reusable|w80|rel:14|cond=rel:14:founding:anchor,69,0.8625,False,2,False,1.0,0.2,0.8,1.0,0.7333333333333333,0.0,0.5333333333333332,1.0,0.2727272727272727,1,11,1.0,0.24444444444444444,0.7555555555555555,1.0,0.8311111111111111,0.0,0.5866666666666667,1.0,0.28205128205128205,1,13,1.0,0.26666666666666666,0.7333333333333334,1.0,1.0,0.0,0.7333333333333334,1.0,0.26666666666666666,1,15
rel:14,relation_dossiers,rel:14|cond=rel:14:founding:anchor,rel:14:founding:anchor,reusable,160,15,rel:14|reusable|w160|rel:14|cond=rel:14:founding:anchor,144,0.9,False,2,False,1.0,0.26666666666666666,0.7333333333333334,1.0,0.7333333333333333,0.0,0.4666666666666666,1.0,0.36363636363636365,1,11,1.0,0.33142857142857146,0.6685714285714286,1.0,0.8311111111111111,0.0,0.4996825396825397,1.0,0.38241758241758245,1,13,1.0,0.3333333333333333,0.6666666666666667,1.0,1.0,0.0,0.6666666666666667,1.0,0.3333333333333333,1,15
rel:15,relation_dossiers,rel:15|cond=rel:15:custom:anchor,rel:15:custom:anchor,conditioned,20,15,rel:15|conditioned|w20|rel:15|cond=rel:15:custom:anchor,19,0.95,False,3,False,1.0,0.06666666666666667,0.9333333333333333,1.0,0.8,0.0,0.7333333333333334,1.0,0.08333333333333333,1,12,1.0,0.06666666666666667,0.9333333333333333,1.0,0.9111111111111111,0.0,0.8444444444444444,1.0,0.06666666666666667,1,15,1.0,0.06666666666666667,0.9333333333333333,1.0,1.0,0.0,0.9333333333333333,1.0,0.06666666666666667,1,15
rel:15,relation_dossiers,rel:15|cond=rel:15:custom:anchor,rel:15:custom:anchor,conditioned,40,15,rel:15|conditioned|w40|rel:15|cond=rel:15:custom:anchor,35,0.875,False,1,False,1.0,0.06666666666666667,0.9333333333333333,1.0,0.8,0.0,0.7333333333333334,1.0,0.08333333333333333,1,12,1.0,0.06666666666666667,0.9333333333333333,1.0,0.9111111111111111,0.0,0.8444444444444444,1.0,0.06666666666666667,1,15,1.0,0.06666666666666667,0.9333333333333333,1.0,1.0,0.0,0.9333333333333333,1.0,0.06666666666666667,1,15
rel:15,relation_dossiers,rel:15|cond=rel:15:custom:anchor,rel:15:custom:anchor,conditioned,80,15,rel:15|conditioned|w80|rel:15|cond=rel:15:custom:anchor,73,0.9125,False,1,False,1.0,0.06666666666666667,0.9333333333333333,1.0,0.8,0.0,0.7333333333333334,1.0,0.08333333333333333,1,12,1.0,0.06666666666666667,0.9333333333333333,1.0,0.9111111111111111,0.0,0.8444444444444444,1.0,0.06666666666666667,1,15,1.0,0.06666666666666667,0.9333333333333333,1.0,1.0,0.0,0.9333333333333333,1.0,0.06666666666666667,1,15
rel:15,relation_dossiers,rel:15|cond=rel:15:custom:anchor,rel:15:custom:anchor,conditioned,160,15,rel:15|conditioned|w160|rel:15|cond=rel:15:custom:anchor,144,0.9,False,2,False,1.0,0.13333333333333333,0.8666666666666667,1.0,0.8,0.0,0.6666666666666667,1.0,0.16666666666666666,1,12,1.0,0.13333333333333333,0.8666666666666667,1.0,0.9111111111111111,0.0,0.7777777777777778,1.0,0.13333333333333333,1,15,1.0,0.13333333333333333,0.8666666666666667,1.0,1.0,0.0,0.8666666666666667,1.0,0.13333333333333333,1,15
rel:15,relation_dossiers,rel:15|cond=rel:15:custom:anchor,rel:15:custom:anchor,generic,20,15,rel:15|generic|w20|-,19,0.95,False,1,True,0.0,0.0,0.0,1.0,0.8,1.0,0.8,0.0,0.0,1,12,0.0,0.0,0.0,1.0,0.9111111111111111,1.0,0.9111111111111111,0.0,0.0,1,15,0.0,0.13333333333333333,-0.13333333333333333,1.0,1.0,1.0,0.8666666666666667,0.0,0.13333333333333333,1,15
rel:15,relation_dossiers,rel:15|cond=rel:15:custom:anchor,rel:15:custom:anchor,generic,40,15,rel:15|generic|w40|-,36,0.9,False,2,True,0.0,0.06666666666666667,-0.06666666666666667,1.0,0.8,1.0,0.7333333333333334,0.0,0.08333333333333333,1,12,0.0,0.13333333333333333,-0.13333333333333333,1.0,0.9111111111111111,1.0,0.7777777777777778,0.0,0.13333333333333333,1,15,0.0,0.06666666666666667,-0.06666666666666667,1.0,1.0,1.0,0.9333333333333333,0.0,0.06666666666666667,1,15
rel:15,relation_dossiers,rel:15|cond=rel:15:custom:anchor,rel:15:custom:anchor,generic,80,15,rel:15|generic|w80|-,76,0.95,False,1,True,1.0,0.2,0.8,1.0,0.8,0.0,0.6000000000000001,1.0,0.25,1,12,1.0,0.3333333333333333,0.6666666666666667,1.0,0.9111111111111111,0.0,0.5777777777777777,1.0,0.3333333333333333,1,15,1.0,0.3333333333333333,0.6666666666666667,1.0,1.0,0.0,0.6666666666666667,1.0,0.3333333333333333,1,15
rel:15,relation_dossiers,rel:15|cond=rel:15:custom:anchor,rel:15:custom:anchor,generic,160,15,rel:15|generic|w160|-,141,0.88125,False,2,True,0.0,0.26666666666666666,-0.26666666666666666,1.0,0.8,1.0,0.5333333333333334,0.0,0.3333333333333333,1,12,0.0,0.3333333333333333,-0.3333333333333333,1.0,0.9111111111111111,1.0,0.5777777777777777,0.0,0.3333333333333333,1,15,0.0,0.4,-0.4,1.0,1.0,1.0,0.6,0.0,0.4,1,15
rel:15,relation_dossiers,rel:15|cond=rel:15:custom:anchor,rel:15:custom:anchor,oracle,20,15,rel:15|oracle|w20|-,17,0.85,False,2,True,0.0,0.2,-0.2,1.0,0.8,1.0,0.6000000000000001,0.0,0.25,1,12,0.0,0.2,-0.2,1.0,0.9111111111111111,1.0,0.711111111111111,0.0,0.2,1,15,0.0,0.2,-0.2,1.0,1.0,1.0,0.8,0.0,0.2,1,15
rel:15,relation_dossiers,rel:15|cond=rel:15:custom:anchor,rel:15:custom:anchor,oracle,40,15,rel:15|oracle|w40|-,40,1.0,False,2,True,0.0,0.3333333333333333,-0.3333333333333333,1.0,0.8,1.0,0.46666666666666673,0.0,0.4166666666666667,1,12,0.5,0.3777777777777777,0.12222222222222229,1.0,0.9111111111111111,0.5,0.5333333333333334,0.5,0.3777777777777777,1,15,0.0,0.5333333333333333,-0.5333333333333333,1.0,1.0,1.0,0.4666666666666667,0.0,0.5333333333333333,1,15
rel:15,relation_dossiers,rel:15|cond=rel:15:custom:anchor,rel:15:custom:anchor,oracle,80,15,rel:15|oracle|w80|-,74,0.925,False,2,True,0.0,0.6,-0.6,1.0,0.8,1.0,0.20000000000000007,0.0,0.75,1,12,0.0,0.6777777777777777,-0.6777777777777777,1.0,0.9111111111111111,1.0,0.2333333333333334,0.0,0.6777777777777777,1,15,0.0,0.8,-0.8,1.0,1.0,1.0,0.19999999999999996,0.0,0.8,1,15
rel:15,relation_dossiers,rel:15|cond=rel:15:custom:anchor,rel:15:custom:anchor,oracle,160,15,rel:15|oracle|w160|-,140,0.875,False,2,True,1.0,0.7333333333333333,0.2666666666666667,1.0,0.8,0.0,0.06666666666666676,1.0,0.9166666666666666,1,12,1.0,0.8111111111111111,0.18888888888888888,1.0,0.9111111111111111,0.0,0.09999999999999998,1.0,0.8111111111111111,1,15,1.0,0.9333333333333333,0.06666666666666665,1.0,1.0,0.0,0.06666666666666665,1.0,0.9333333333333333,1,15
rel:15,relation_dossiers,rel:15|cond=rel:15:custom:anchor,rel:15:custom:anchor,reusable,20,15,rel:15|reusable|w20|rel:15|cond=rel:15:custom:anchor,19,0.95,False,1,False,1.0,0.06666666666666667,0.9333333333333333,1.0,0.8,0.0,0.7333333333333334,1.0,0.08333333333333333,1,12,1.0,0.1,0.9,1.0,0.9111111111111111,0.0,0.8111111111111111,1.0,0.1,1,15,1.0,0.13333333333333333,0.8666666666666667,1.0,1.0,0.0,0.8666666666666667,1.0,0.13333333333333333,1,15
rel:15,relation_dossiers,rel:15|cond=rel:15:custom:anchor,rel:15:custom:anchor,reusable,40,15,rel:15|reusable|w40|rel:15|cond=rel:15:custom:anchor,35,0.875,False,1,False,1.0,0.06666666666666667,0.9333333333333333,1.0,0.8,0.0,0.7333333333333334,1.0,0.08333333333333333,1,12,1.0,0.06666666666666667,0.9333333333333333,1.0,0.9111111111111111,0.0,0.8444444444444444,1.0,0.06666666666666667,1,15,1.0,0.06666666666666667,0.9333333333333333,1.0,1.0,0.0,0.9333333333333333,1.0,0.06666666666666667,1,15
rel:15,relation_dossiers,rel:15|cond=rel:15:custom:anchor,rel:15:custom:anchor,reusable,80,15,rel:15|reusable|w80|rel:15|cond=rel:15:custom:anchor,79,0.9875,False,1,False,1.0,0.13333333333333333,0.8666666666666667,1.0,0.8,0.0,0.6666666666666667,1.0,0.16666666666666666,1,12,1.0,0.13333333333333333,0.8666666666666667,1.0,0.9111111111111111,0.0,0.7777777777777778,1.0,0.13333333333333333,1,15,1.0,0.13333333333333333,0.8666666666666667,1.0,1.0,0.0,0.8666666666666667,1.0,0.13333333333333333,1,15
rel:15,relation_dossiers,rel:15|cond=rel:15:custom:anchor,rel:15:custom:anchor,reusable,160,15,rel:15|reusable|w160|rel:15|cond=rel:15:custom:anchor,143,0.89375,False,2,False,1.0,0.26666666666666666,0.7333333333333334,1.0,0.8,0.0,0.5333333333333334,1.0,0.3333333333333333,1,12,1.0,0.26666666666666666,0.7333333333333334,1.0,0.9111111111111111,0.0,0.6444444444444444,1.0,0.26666666666666666,1,15,1.0,0.26666666666666666,0.7333333333333334,1.0,1.0,0.0,0.7333333333333334,1.0,0.26666666666666666,1,15
rel:15,relation_dossiers,rel:15|cond=rel:15:facilities:anchor,rel:15:facilities:anchor,conditioned,20,15,rel:15|conditioned|w20|rel:15|cond=rel:15:facilities:anchor,18,0.9,False,1,False,0.0,0.0,0.0,0.0,0.8666666666666667,0.0,0.8666666666666667,nan,0.0,0,13,0.5,0.014814814814814815,0.48518518518518516,0.5,0.9444444444444444,0.0,0.9296296296296296,0.5,0.014814814814814815,1,15,1.0,0.06666666666666667,0.9333333333333333,1.0,1.0,0.0,0.9333333333333333,1.0,0.06666666666666667,1,15
rel:15,relation_dossiers,rel:15|cond=rel:15:facilities:anchor,rel:15:facilities:anchor,conditioned,40,15,rel:15|conditioned|w40|rel:15|cond=rel:15:facilities:anchor,39,0.975,False,2,False,0.0,0.0,0.0,0.0,0.8666666666666667,0.0,0.8666666666666667,nan,0.0,0,13,0.0,0.04444444444444444,-0.04444444444444444,0.5,0.9444444444444444,0.5,0.9,0.0,0.04444444444444444,1,15,1.0,0.13333333333333333,0.8666666666666667,1.0,1.0,0.0,0.8666666666666667,1.0,0.13333333333333333,1,15
rel:15,relation_dossiers,rel:15|cond=rel:15:facilities:anchor,rel:15:facilities:anchor,conditioned,80,15,rel:15|conditioned|w80|rel:15|cond=rel:15:facilities:anchor,76,0.95,False,2,False,0.0,0.0,0.0,0.0,0.8666666666666667,0.0,0.8666666666666667,nan,0.0,0,13,0.5,0.03333333333333333,0.4666666666666667,0.5,0.9444444444444444,0.0,0.9111111111111111,0.5,0.03333333333333333,1,15,1.0,0.06666666666666667,0.9333333333333333,1.0,1.0,0.0,0.9333333333333333,1.0,0.06666666666666667,1,15
rel:15,relation_dossiers,rel:15|cond=rel:15:facilities:anchor,rel:15:facilities:anchor,conditioned,160,15,rel:15|conditioned|w160|rel:15|cond=rel:15:facilities:anchor,154,0.9625,False,2,False,0.0,0.13333333333333333,-0.13333333333333333,0.0,0.8666666666666667,0.0,0.7333333333333334,nan,0.15384615384615385,0,13,0.5,0.16666666666666666,0.33333333333333337,0.5,0.9444444444444444,0.0,0.7777777777777778,0.5,0.16666666666666666,1,15,1.0,0.2,0.8,1.0,1.0,0.0,0.8,1.0,0.2,1,15
rel:15,relation_dossiers,rel:15|cond=rel:15:facilities:anchor,rel:15:facilities:anchor,generic,20,15,rel:15|generic|w20|-,19,0.95,False,1,True,0.0,0.0,0.0,0.0,0.8666666666666667,0.0,0.8666666666666667,nan,0.0,0,13,0.0,0.0,0.0,0.5,0.9444444444444444,0.5,0.9444444444444444,0.0,0.0,1,15,1.0,0.06666666666666667,0.9333333333333333,1.0,1.0,0.0,0.9333333333333333,1.0,0.06666666666666667,1,15
rel:15,relation_dossiers,rel:15|cond=rel:15:facilities:anchor,rel:15:facilities:anchor,generic,40,15,rel:15|generic|w40|-,36,0.9,False,2,True,0.0,0.06666666666666667,-0.06666666666666667,0.0,0.8666666666666667,0.0,0.8,nan,0.07692307692307693,0,13,0.0,0.13333333333333333,-0.13333333333333333,0.5,0.9444444444444444,0.5,0.8111111111111111,0.0,0.13333333333333333,1,15,0.0,0.06666666666666667,-0.06666666666666667,1.0,1.0,1.0,0.9333333333333333,0.0,0.06666666666666667,1,15
rel:15,relation_dossiers,rel:15|cond=rel:15:facilities:anchor,rel:15:facilities:anchor,generic,80,15,rel:15|generic|w80|-,76,0.95,False,1,True,0.0,0.26666666666666666,-0.26666666666666666,0.0,0.8666666666666667,0.0,0.6000000000000001,nan,0.3076923076923077,0,13,0.5,0.36666666666666664,0.13333333333333336,0.5,0.9444444444444444,0.0,0.5777777777777777,0.5,0.36666666666666664,1,15,1.0,0.3333333333333333,0.6666666666666667,1.0,1.0,0.0,0.6666666666666667,1.0,0.3333333333333333,1,15
rel:15,relation_dossiers,rel:15|cond=rel:15:facilities:anchor,rel:15:facilities:anchor,generic,160,15,rel:15|generic|w160|-,141,0.88125,False,2,True,0.0,0.26666666666666666,-0.26666666666666666,0.0,0.8666666666666667,0.0,0.6000000000000001,nan,0.3076923076923077,0,13,0.5,0.3,0.2,0.5,0.9444444444444444,0.0,0.6444444444444444,0.5,0.3,1,15,1.0,0.3333333333333333,0.6666666666666667,1.0,1.0,0.0,0.6666666666666667,1.0,0.3333333333333333,1,15
rel:15,relation_dossiers,rel:15|cond=rel:15:facilities:anchor,rel:15:facilities:anchor,oracle,20,15,rel:15|oracle|w20|-,17,0.85,False,2,True,0.0,0.2,-0.2,0.0,0.8666666666666667,0.0,0.6666666666666667,nan,0.23076923076923078,0,13,0.0,0.2,-0.2,0.5,0.9444444444444444,0.5,0.7444444444444445,0.0,0.2,1,15,0.0,0.2,-0.2,1.0,1.0,1.0,0.8,0.0,0.2,1,15
rel:15,relation_dossiers,rel:15|cond=rel:15:facilities:anchor,rel:15:facilities:anchor,oracle,40,15,rel:15|oracle|w40|-,40,1.0,False,2,True,0.0,0.3333333333333333,-0.3333333333333333,0.0,0.8666666666666667,0.0,0.5333333333333334,nan,0.38461538461538464,0,13,0.0,0.4111111111111111,-0.4111111111111111,0.5,0.9444444444444444,0.5,0.5333333333333333,0.0,0.4111111111111111,1,15,1.0,0.4666666666666667,0.5333333333333333,1.0,1.0,0.0,0.5333333333333333,1.0,0.4666666666666667,1,15
rel:15,relation_dossiers,rel:15|cond=rel:15:facilities:anchor,rel:15:facilities:anchor,oracle,80,15,rel:15|oracle|w80|-,74,0.925,False,2,True,0.0,0.6,-0.6,0.0,0.8666666666666667,0.0,0.2666666666666667,nan,0.6923076923076923,0,13,0.5,0.6444444444444444,-0.14444444444444438,0.5,0.9444444444444444,0.0,0.30000000000000004,0.5,0.6444444444444444,1,15,1.0,0.7333333333333333,0.2666666666666667,1.0,1.0,0.0,0.2666666666666667,1.0,0.7333333333333333,1,15
rel:15,relation_dossiers,rel:15|cond=rel:15:facilities:anchor,rel:15:facilities:anchor,oracle,160,15,rel:15|oracle|w160|-,140,0.875,False,2,True,0.0,0.8,-0.8,0.0,0.8666666666666667,0.0,0.06666666666666665,nan,0.9230769230769231,0,13,0.5,0.8444444444444444,-0.34444444444444444,0.5,0.9444444444444444,0.0,0.09999999999999998,0.5,0.8444444444444444,1,15,1.0,0.9333333333333333,0.06666666666666665,1.0,1.0,0.0,0.06666666666666665,1.0,0.9333333333333333,1,15
rel:15,relation_dossiers,rel:15|cond=rel:15:facilities:anchor,rel:15:facilities:anchor,reusable,20,15,rel:15|reusable|w20|rel:15|cond=rel:15:facilities:anchor,18,0.9,False,1,False,0.0,0.0,0.0,0.0,0.8666666666666667,0.0,0.8666666666666667,nan,0.0,0,13,0.5,0.014814814814814815,0.48518518518518516,0.5,0.9444444444444444,0.0,0.9296296296296296,0.5,0.014814814814814815,1,15,1.0,0.06666666666666667,0.9333333333333333,1.0,1.0,0.0,0.9333333333333333,1.0,0.06666666666666667,1,15
rel:15,relation_dossiers,rel:15|cond=rel:15:facilities:anchor,rel:15:facilities:anchor,reusable,40,15,rel:15|reusable|w40|rel:15|cond=rel:15:facilities:anchor,34,0.85,False,1,False,0.0,0.0,0.0,0.0,0.8666666666666667,0.0,0.8666666666666667,nan,0.0,0,13,0.5,0.0380952380952381,0.46190476190476193,0.5,0.9444444444444444,0.0,0.9063492063492063,0.5,0.0380952380952381,1,15,1.0,0.06666666666666667,0.9333333333333333,1.0,1.0,0.0,0.9333333333333333,1.0,0.06666666666666667,1,15
rel:15,relation_dossiers,rel:15|cond=rel:15:facilities:anchor,rel:15:facilities:anchor,reusable,80,15,rel:15|reusable|w80|rel:15|cond=rel:15:facilities:anchor,73,0.9125,False,2,False,0.0,0.06666666666666667,-0.06666666666666667,0.0,0.8666666666666667,0.0,0.8,nan,0.07692307692307693,0,13,0.5,0.06666666666666667,0.43333333333333335,0.5,0.9444444444444444,0.0,0.8777777777777778,0.5,0.06666666666666667,1,15,1.0,0.13333333333333333,0.8666666666666667,1.0,1.0,0.0,0.8666666666666667,1.0,0.13333333333333333,1,15
rel:15,relation_dossiers,rel:15|cond=rel:15:facilities:anchor,rel:15:facilities:anchor,reusable,160,15,rel:15|reusable|w160|rel:15|cond=rel:15:facilities:anchor,145,0.90625,False,2,False,0.0,0.2,-0.2,0.0,0.8666666666666667,0.0,0.6666666666666667,nan,0.23076923076923078,0,13,0.5,0.23333333333333334,0.26666666666666666,0.5,0.9444444444444444,0.0,0.711111111111111,0.5,0.23333333333333334,1,15,1.0,0.26666666666666666,0.7333333333333334,1.0,1.0,0.0,0.7333333333333334,1.0,0.26666666666666666,1,15
rel:15,relation_dossiers,rel:15|cond=rel:15:finance:anchor,rel:15:finance:anchor,conditioned,20,15,rel:15|conditioned|w20|rel:15|cond=rel:15:finance:anchor,18,0.9,False,1,False,1.0,0.06666666666666667,0.9333333333333333,1.0,0.8,0.0,0.7333333333333334,1.0,0.08333333333333333,1,12,1.0,0.10476190476190478,0.8952380952380952,1.0,0.9111111111111111,0.0,0.8063492063492064,1.0,0.10476190476190478,1,15,1.0,0.06666666666666667,0.9333333333333333,1.0,1.0,0.0,0.9333333333333333,1.0,0.06666666666666667,1,15
rel:15,relation_dossiers,rel:15|cond=rel:15:finance:anchor,rel:15:finance:anchor,conditioned,40,15,rel:15|conditioned|w40|rel:15|cond=rel:15:finance:anchor,34,0.85,False,2,False,1.0,0.06666666666666667,0.9333333333333333,1.0,0.8,0.0,0.7333333333333334,1.0,0.08333333333333333,1,12,1.0,0.06666666666666667,0.9333333333333333,1.0,0.9111111111111111,0.0,0.8444444444444444,1.0,0.06666666666666667,1,15,1.0,0.06666666666666667,0.9333333333333333,1.0,1.0,0.0,0.9333333333333333,1.0,0.06666666666666667,1,15
rel:15,relation_dossiers,rel:15|cond=rel:15:finance:anchor,rel:15:finance:anchor,conditioned,80,15,rel:15|conditioned|w80|rel:15|cond=rel:15:finance:anchor,74,0.925,False,2,False,1.0,0.13333333333333333,0.8666666666666667,1.0,0.8,0.0,0.6666666666666667,1.0,0.16666666666666666,1,12,1.0,0.13333333333333333,0.8666666666666667,1.0,0.9111111111111111,0.0,0.7777777777777778,1.0,0.13333333333333333,1,15,1.0,0.13333333333333333,0.8666666666666667,1.0,1.0,0.0,0.8666666666666667,1.0,0.13333333333333333,1,15
rel:15,relation_dossiers,rel:15|cond=rel:15:finance:anchor,rel:15:finance:anchor,conditioned,160,15,rel:15|conditioned|w160|rel:15|cond=rel:15:finance:anchor,154,0.9625,False,1,False,1.0,0.06666666666666667,0.9333333333333333,1.0,0.8,0.0,0.7333333333333334,1.0,0.08333333333333333,1,12,1.0,0.06666666666666667,0.9333333333333333,1.0,0.9111111111111111,0.0,0.8444444444444444,1.0,0.06666666666666667,1,15,1.0,0.06666666666666667,0.9333333333333333,1.0,1.0,0.0,0.9333333333333333,1.0,0.06666666666666667,1,15
rel:15,relation_dossiers,rel:15|cond=rel:15:finance:anchor,rel:15:finance:anchor,generic,20,15,rel:15|generic|w20|-,19,0.95,False,1,True,0.0,0.0,0.0,1.0,0.8,1.0,0.8,0.0,0.0,1,12,0.0,0.0,0.0,1.0,0.9111111111111111,1.0,0.9111111111111111,0.0,0.0,1,15,0.0,0.13333333333333333,-0.13333333333333333,1.0,1.0,1.0,0.8666666666666667,0.0,0.13333333333333333,1,15
rel:15,relation_dossiers,rel:15|cond=rel:15:finance:anchor,rel:15:finance:anchor,generic,40,15,rel:15|generic|w40|-,36,0.9,False,2,True,0.0,0.06666666666666667,-0.06666666666666667,1.0,0.8,1.0,0.7333333333333334,0.0,0.08333333333333333,1,12,0.0,0.13333333333333333,-0.13333333333333333,1.0,0.9111111111111111,1.0,0.7777777777777778,0.0,0.13333333333333333,1,15,0.0,0.06666666666666667,-0.06666666666666667,1.0,1.0,1.0,0.9333333333333333,0.0,0.06666666666666667,1,15
rel:15,relation_dossiers,rel:15|cond=rel:15:finance:anchor,rel:15:finance:anchor,generic,80,15,rel:15|generic|w80|-,76,0.95,False,1,True,1.0,0.2,0.8,1.0,0.8,0.0,0.6000000000000001,1.0,0.25,1,12,1.0,0.3333333333333333,0.6666666666666667,1.0,0.9111111111111111,0.0,0.5777777777777777,1.0,0.3333333333333333,1,15,1.0,0.3333333333333333,0.6666666666666667,1.0,1.0,0.0,0.6666666666666667,1.0,0.3333333333333333,1,15
rel:15,relation_dossiers,rel:15|cond=rel:15:finance:anchor,rel:15:finance:anchor,generic,160,15,rel:15|generic|w160|-,141,0.88125,False,2,True,0.0,0.26666666666666666,-0.26666666666666666,1.0,0.8,1.0,0.5333333333333334,0.0,0.3333333333333333,1,12,0.0,0.3333333333333333,-0.3333333333333333,1.0,0.9111111111111111,1.0,0.5777777777777777,0.0,0.3333333333333333,1,15,0.0,0.4,-0.4,1.0,1.0,1.0,0.6,0.0,0.4,1,15
rel:15,relation_dossiers,rel:15|cond=rel:15:finance:anchor,rel:15:finance:anchor,oracle,20,15,rel:15|oracle|w20|-,17,0.85,False,2,True,0.0,0.2,-0.2,1.0,0.8,1.0,0.6000000000000001,0.0,0.25,1,12,0.0,0.2,-0.2,1.0,0.9111111111111111,1.0,0.711111111111111,0.0,0.2,1,15,0.0,0.2,-0.2,1.0,1.0,1.0,0.8,0.0,0.2,1,15
rel:15,relation_dossiers,rel:15|cond=rel:15:finance:anchor,rel:15:finance:anchor,oracle,40,15,rel:15|oracle|w40|-,40,1.0,False,2,True,0.0,0.3333333333333333,-0.3333333333333333,1.0,0.8,1.0,0.46666666666666673,0.0,0.4166666666666667,1,12,0.0,0.4111111111111111,-0.4111111111111111,1.0,0.9111111111111111,1.0,0.5,0.0,0.4111111111111111,1,15,0.0,0.5333333333333333,-0.5333333333333333,1.0,1.0,1.0,0.4666666666666667,0.0,0.5333333333333333,1,15
rel:15,relation_dossiers,rel:15|cond=rel:15:finance:anchor,rel:15:finance:anchor,oracle,80,15,rel:15|oracle|w80|-,74,0.925,False,2,True,1.0,0.5333333333333333,0.4666666666666667,1.0,0.8,0.0,0.2666666666666667,1.0,0.6666666666666666,1,12,1.0,0.611111111111111,0.38888888888888895,1.0,0.9111111111111111,0.0,0.30000000000000004,1.0,0.611111111111111,1,15,1.0,0.7333333333333333,0.2666666666666667,1.0,1.0,0.0,0.2666666666666667,1.0,0.7333333333333333,1,15
rel:15,relation_dossiers,rel:15|cond=rel:15:finance:anchor,rel:15:finance:anchor,oracle,160,15,rel:15|oracle|w160|-,140,0.875,False,2,True,1.0,0.7333333333333333,0.2666666666666667,1.0,0.8,0.0,0.06666666666666676,1.0,0.9166666666666666,1,12,1.0,0.8111111111111111,0.18888888888888888,1.0,0.9111111111111111,0.0,0.09999999999999998,1.0,0.8111111111111111,1,15,1.0,0.9333333333333333,0.06666666666666665,1.0,1.0,0.0,0.06666666666666665,1.0,0.9333333333333333,1,15
rel:15,relation_dossiers,rel:15|cond=rel:15:finance:anchor,rel:15:finance:anchor,reusable,20,15,rel:15|reusable|w20|rel:15|cond=rel:15:finance:anchor,19,0.95,False,1,False,1.0,0.0,1.0,1.0,0.8,0.0,0.8,1.0,0.0,1,12,1.0,0.04444444444444444,0.9555555555555556,1.0,0.9111111111111111,0.0,0.8666666666666667,1.0,0.04444444444444444,1,15,1.0,0.06666666666666667,0.9333333333333333,1.0,1.0,0.0,0.9333333333333333,1.0,0.06666666666666667,1,15
rel:15,relation_dossiers,rel:15|cond=rel:15:finance:anchor,rel:15:finance:anchor,reusable,40,15,rel:15|reusable|w40|rel:15|cond=rel:15:finance:anchor,38,0.95,False,2,False,1.0,0.13333333333333333,0.8666666666666667,1.0,0.8,0.0,0.6666666666666667,1.0,0.16666666666666666,1,12,1.0,0.13333333333333333,0.8666666666666667,1.0,0.9111111111111111,0.0,0.7777777777777778,1.0,0.13333333333333333,1,15,1.0,0.13333333333333333,0.8666666666666667,1.0,1.0,0.0,0.8666666666666667,1.0,0.13333333333333333,1,15
rel:15,relation_dossiers,rel:15|cond=rel:15:finance:anchor,rel:15:finance:anchor,reusable,80,15,rel:15|reusable|w80|rel:15|cond=rel:15:finance:anchor,70,0.875,False,1,False,1.0,0.13333333333333333,0.8666666666666667,1.0,0.8,0.0,0.6666666666666667,1.0,0.16666666666666666,1,12,1.0,0.13333333333333333,0.8666666666666667,1.0,0.9111111111111111,0.0,0.7777777777777778,1.0,0.13333333333333333,1,15,1.0,0.2,0.8,1.0,1.0,0.0,0.8,1.0,0.2,1,15
rel:15,relation_dossiers,rel:15|cond=rel:15:finance:anchor,rel:15:finance:anchor,reusable,160,15,rel:15|reusable|w160|rel:15|cond=rel:15:finance:anchor,148,0.925,False,2,False,1.0,0.3333333333333333,0.6666666666666667,1.0,0.8,0.0,0.46666666666666673,1.0,0.4166666666666667,1,12,1.0,0.3333333333333333,0.6666666666666667,1.0,0.9111111111111111,0.0,0.5777777777777777,1.0,0.3333333333333333,1,15,1.0,0.3333333333333333,0.6666666666666667,1.0,1.0,0.0,0.6666666666666667,1.0,0.3333333333333333,1,15
rel:15,relation_dossiers,rel:15|cond=rel:15:founding:anchor,rel:15:founding:anchor,conditioned,20,15,rel:15|conditioned|w20|rel:15|cond=rel:15:founding:anchor,20,1.0,False,2,False,1.0,0.06666666666666667,0.9333333333333333,1.0,0.8,0.0,0.7333333333333334,1.0,0.08333333333333333,1,12,1.0,0.06666666666666667,0.9333333333333333,1.0,0.9111111111111111,0.0,0.8444444444444444,1.0,0.06666666666666667,1,15,1.0,0.06666666666666667,0.9333333333333333,1.0,1.0,0.0,0.9333333333333333,1.0,0.06666666666666667,1,15
rel:15,relation_dossiers,rel:15|cond=rel:15:founding:anchor,rel:15:founding:anchor,conditioned,40,15,rel:15|conditioned|w40|rel:15|cond=rel:15:founding:anchor,34,0.85,False,1,False,1.0,0.06666666666666667,0.9333333333333333,1.0,0.8,0.0,0.7333333333333334,1.0,0.08333333333333333,1,12,1.0,0.06666666666666667,0.9333333333333333,1.0,0.9111111111111111,0.0,0.8444444444444444,1.0,0.06666666666666667,1,15,1.0,0.06666666666666667,0.9333333333333333,1.0,1.0,0.0,0.9333333333333333,1.0,0.06666666666666667,1,15
rel:15,relation_dossiers,rel:15|cond=rel:15:founding:anchor,rel:15:founding:anchor,conditioned,80,15,rel:15|conditioned|w80|rel:15|cond=rel:15:founding:anchor,71,0.8875,False,1,False,1.0,0.06666666666666667,0.9333333333333333,1.0,0.8,0.0,0.7333333333333334,1.0,0.08333333333333333,1,12,1.0,0.1111111111111111,0.8888888888888888,1.0,0.9111111111111111,0.0,0.8,1.0,0.1111111111111111,1,15,1.0,0.13333333333333333,0.8666666666666667,1.0,1.0,0.0,0.8666666666666667,1.0,0.13333333333333333,1,15
rel:15,relation_dossiers,rel:15|cond=rel:15:founding:anchor,rel:15:founding:anchor,conditioned,160,15,rel:15|conditioned|w160|rel:15|cond=rel:15:founding:anchor,147,0.91875,False,2,False,1.0,0.06666666666666667,0.9333333333333333,1.0,0.8,0.0,0.7333333333333334,1.0,0.08333333333333333,1,12,1.0,0.1111111111111111,0.8888888888888888,1.0,0.9111111111111111,0.0,0.8,1.0,0.1111111111111111,1,15,1.0,0.13333333333333333,0.8666666666666667,1.0,1.0,0.0,0.8666666666666667,1.0,0.13333333333333333,1,15
rel:15,relation_dossiers,rel:15|cond=rel:15:founding:anchor,rel:15:founding:anchor,generic,20,15,rel:15|generic|w20|-,19,0.95,False,1,True,0.0,0.0,0.0,1.0,0.8,1.0,0.8,0.0,0.0,1,12,0.0,0.0,0.0,1.0,0.9111111111111111,1.0,0.9111111111111111,0.0,0.0,1,15,0.0,0.13333333333333333,-0.13333333333333333,1.0,1.0,1.0,0.8666666666666667,0.0,0.13333333333333333,1,15
rel:15,relation_dossiers,rel:15|cond=rel:15:founding:anchor,rel:15:founding:anchor,generic,40,15,rel:15|generic|w40|-,36,0.9,False,2,True,0.0,0.06666666666666667,-0.06666666666666667,1.0,0.8,1.0,0.7333333333333334,0.0,0.08333333333333333,1,12,0.5,0.1,0.4,1.0,0.9111111111111111,0.5,0.8111111111111111,0.5,0.1,1,15,0.0,0.06666666666666667,-0.06666666666666667,1.0,1.0,1.0,0.9333333333333333,0.0,0.06666666666666667,1,15
rel:15,relation_dossiers,rel:15|cond=rel:15:founding:anchor,rel:15:founding:anchor,generic,80,15,rel:15|generic|w80|-,76,0.95,False,1,True,0.0,0.26666666666666666,-0.26666666666666666,1.0,0.8,1.0,0.5333333333333334,0.0,0.3333333333333333,1,12,0.5,0.36666666666666664,0.13333333333333336,1.0,0.9111111111111111,0.5,0.5444444444444445,0.5,0.36666666666666664,1,15,0.0,0.4,-0.4,1.0,1.0,1.0,0.6,0.0,0.4,1,15
rel:15,relation_dossiers,rel:15|cond=rel:15:founding:anchor,rel:15:founding:anchor,generic,160,15,rel:15|generic|w160|-,141,0.88125,False,2,True,0.0,0.26666666666666666,-0.26666666666666666,1.0,0.8,1.0,0.5333333333333334,0.0,0.3333333333333333,1,12,0.0,0.3333333333333333,-0.3333333333333333,1.0,0.9111111111111111,1.0,0.5777777777777777,0.0,0.3333333333333333,1,15,0.0,0.4,-0.4,1.0,1.0,1.0,0.6,0.0,0.4,1,15
rel:15,relation_dossiers,rel:15|cond=rel:15:founding:anchor,rel:15:founding:anchor,oracle,20,15,rel:15|oracle|w20|-,17,0.85,False,2,True,1.0,0.13333333333333333,0.8666666666666667,1.0,0.8,0.0,0.6666666666666667,1.0,0.16666666666666666,1,12,1.0,0.13333333333333333,0.8666666666666667,1.0,0.9111111111111111,0.0,0.7777777777777778,1.0,0.13333333333333333,1,15,1.0,0.13333333333333333,0.8666666666666667,1.0,1.0,0.0,0.8666666666666667,1.0,0.13333333333333333,1,15
rel:15,relation_dossiers,rel:15|cond=rel:15:founding:anchor,rel:15:founding:anchor,oracle,40,15,rel:15|oracle|w40|-,40,1.0,False,2,True,1.0,0.26666666666666666,0.7333333333333334,1.0,0.8,0.0,0.5333333333333334,1.0,0.3333333333333333,1,12,1.0,0.3444444444444444,0.6555555555555557,1.0,0.9111111111111111,0.0,0.5666666666666667,1.0,0.3444444444444444,1,15,1.0,0.4666666666666667,0.5333333333333333,1.0,1.0,0.0,0.5333333333333333,1.0,0.4666666666666667,1,15
rel:15,relation_dossiers,rel:15|cond=rel:15:founding:anchor,rel:15:founding:anchor,oracle,80,15,rel:15|oracle|w80|-,74,0.925,False,2,True,1.0,0.5333333333333333,0.4666666666666667,1.0,0.8,0.0,0.2666666666666667,1.0,0.6666666666666666,1,12,1.0,0.611111111111111,0.38888888888888895,1.0,0.9111111111111111,0.0,0.30000000000000004,1.0,0.611111111111111,1,15,1.0,0.7333333333333333,0.2666666666666667,1.0,1.0,0.0,0.2666666666666667,1.0,0.7333333333333333,1,15
rel:15,relation_dossiers,rel:15|cond=rel:15:founding:anchor,rel:15:founding:anchor,oracle,160,15,rel:15|oracle|w160|-,140,0.875,False,2,True,1.0,0.7333333333333333,0.2666666666666667,1.0,0.8,0.0,0.06666666666666676,1.0,0.9166666666666666,1,12,1.0,0.8111111111111111,0.18888888888888888,1.0,0.9111111111111111,0.0,0.09999999999999998,1.0,0.8111111111111111,1,15,1.0,0.9333333333333333,0.06666666666666665,1.0,1.0,0.0,0.06666666666666665,1.0,0.9333333333333333,1,15
rel:15,relation_dossiers,rel:15|cond=rel:15:founding:anchor,rel:15:founding:anchor,reusable,20,15,rel:15|reusable|w20|rel:15|cond=rel:15:founding:anchor,20,1.0,False,2,False,1.0,0.06666666666666667,0.9333333333333333,1.0,0.8,0.0,0.7333333333333334,1.0,0.08333333333333333,1,12,1.0,0.06666666666666667,0.9333333333333333,1.0,0.9111111111111111,0.0,0.8444444444444444,1.0,0.06666666666666667,1,15,1.0,0.06666666666666667,0.9333333333333333,1.0,1.0,0.0,0.9333333333333333,1.0,0.06666666666666667,1,15
rel:15,relation_dossiers,rel:15|cond=rel:15:founding:anchor,rel:15:founding:anchor,reusable,40,15,rel:15|reusable|w40|rel:15|cond=rel:15:founding:anchor,38,0.95,False,1,False,1.0,0.13333333333333333,0.8666666666666667,1.0,0.8,0.0,0.6666666666666667,1.0,0.16666666666666666,1,12,1.0,0.17777777777777776,0.8222222222222222,1.0,0.9111111111111111,0.0,0.7333333333333334,1.0,0.17777777777777776,1,15,1.0,0.2,0.8,1.0,1.0,0.0,0.8,1.0,0.2,1,15
rel:15,relation_dossiers,rel:15|cond=rel:15:founding:anchor,rel:15:founding:anchor,reusable,80,15,rel:15|reusable|w80|rel:15|cond=rel:15:founding:anchor,74,0.925,False,1,False,1.0,0.13333333333333333,0.8666666666666667,1.0,0.8,0.0,0.6666666666666667,1.0,0.16666666666666666,1,12,1.0,0.21587301587301588,0.7841269841269841,1.0,0.9111111111111111,0.0,0.6952380952380952,1.0,0.21587301587301588,1,15,1.0,0.2,0.8,1.0,1.0,0.0,0.8,1.0,0.2,1,15
rel:15,relation_dossiers,rel:15|cond=rel:15:founding:anchor,rel:15:founding:anchor,reusable,160,15,rel:15|reusable|w160|rel:15|cond=rel:15:founding:anchor,148,0.925,False,2,False,1.0,0.3333333333333333,0.6666666666666667,1.0,0.8,0.0,0.46666666666666673,1.0,0.4166666666666667,1,12,1.0,0.4444444444444444,0.5555555555555556,1.0,0.9111111111111111,0.0,0.4666666666666667,1.0,0.4444444444444444,1,15,1.0,0.5333333333333333,0.4666666666666667,1.0,1.0,0.0,0.4666666666666667,1.0,0.5333333333333333,1,15
rel:18,relation_dossiers,rel:18|cond=rel:18:custom:anchor,rel:18:custom:anchor,conditioned,20,15,rel:18|conditioned|w20|rel:18|cond=rel:18:custom:anchor,19,0.95,False,2,False,1.0,0.06666666666666667,0.9333333333333333,1.0,0.8666666666666667,0.0,0.8,1.0,0.07692307692307693,1,13,1.0,0.12666666666666665,0.8733333333333333,1.0,0.9,0.0,0.7733333333333334,1.0,0.1357142857142857,1,14,1.0,0.06666666666666667,0.9333333333333333,1.0,0.8666666666666667,0.0,0.8,1.0,0.07692307692307693,1,13
rel:18,relation_dossiers,rel:18|cond=rel:18:custom:anchor,rel:18:custom:anchor,conditioned,40,15,rel:18|conditioned|w40|rel:18|cond=rel:18:custom:anchor,39,0.975,False,2,False,1.0,0.13333333333333333,0.8666666666666667,1.0,0.8666666666666667,0.0,0.7333333333333334,1.0,0.15384615384615385,1,13,1.0,0.19333333333333333,0.8066666666666666,1.0,0.9,0.0,0.7066666666666667,1.0,0.17142857142857143,1,14,1.0,0.2,0.8,1.0,0.8666666666666667,0.0,0.6666666666666667,1.0,0.15384615384615385,1,13
rel:18,relation_dossiers,rel:18|cond=rel:18:custom:anchor,rel:18:custom:anchor,conditioned,80,15,rel:18|conditioned|w80|rel:18|cond=rel:18:custom:anchor,72,0.9,False,1,False,1.0,0.13333333333333333,0.8666666666666667,1.0,0.8666666666666667,0.0,0.7333333333333334,1.0,0.15384615384615385,1,13,1.0,0.23333333333333334,0.7666666666666666,1.0,0.9,0.0,0.6666666666666667,1.0,0.21428571428571427,1,14,1.0,0.2,0.8,1.0,0.8666666666666667,0.0,0.6666666666666667,1.0,0.15384615384615385,1,13
rel:18,relation_dossiers,rel:18|cond=rel:18:custom:anchor,rel:18:custom:anchor,conditioned,160,15,rel:18|conditioned|w160|rel:18|cond=rel:18:custom:anchor,149,0.93125,False,2,False,1.0,0.2,0.8,1.0,0.8666666666666667,0.0,0.6666666666666667,1.0,0.23076923076923078,1,13,1.0,0.23333333333333334,0.7666666666666666,1.0,0.9,0.0,0.6666666666666667,1.0,0.21428571428571427,1,14,1.0,0.26666666666666666,0.7333333333333334,1.0,0.8666666666666667,0.0,0.6000000000000001,1.0,0.23076923076923078,1,13
rel:18,relation_dossiers,rel:18|cond=rel:18:custom:anchor,rel:18:custom:anchor,generic,20,15,rel:18|generic|w20|-,18,0.9,False,1,True,0.0,0.06666666666666667,-0.06666666666666667,1.0,0.8666666666666667,1.0,0.8,0.0,0.07692307692307693,1,13,0.0,0.1,-0.1,1.0,0.9,1.0,0.8,0.0,0.10714285714285714,1,14,0.0,0.06666666666666667,-0.06666666666666667,1.0,0.8666666666666667,1.0,0.8,0.0,0.07692307692307693,1,13
rel:18,relation_dossiers,rel:18|cond=rel:18:custom:anchor,rel:18:custom:anchor,generic,40,15,rel:18|generic|w40|-,39,0.975,False,1,True,0.0,0.2,-0.2,1.0,0.8666666666666667,1.0,0.6666666666666667,0.0,0.23076923076923078,1,13,0.0,0.24888888888888888,-0.24888888888888888,1.0,0.9,1.0,0.6511111111111112,0.0,0.26666666666666666,1,14,0.0,0.2,-0.2,1.0,0.8666666666666667,1.0,0.6666666666666667,0.0,0.23076923076923078,1,13
rel:18,relation_dossiers,rel:18|cond=rel:18:custom:anchor,rel:18:custom:anchor,generic,80,15,rel:18|generic|w80|-,76,0.95,False,2,True,1.0,0.3333333333333333,0.6666666666666667,1.0,0.8666666666666667,0.0,0.5333333333333334,1.0,0.38461538461538464,1,13,1.0,0.4,0.6,1.0,0.9,0.0,0.5,1.0,0.42857142857142855,1,14,1.0,0.3333333333333333,0.6666666666666667,1.0,0.8666666666666667,0.0,0.5333333333333334,1.0,0.38461538461538464,1,13
rel:18,relation_dossiers,rel:18|cond=rel:18:custom:anchor,rel:18:custom:anchor,generic,160,15,rel:18|generic|w160|-,151,0.94375,False,2,True,1.0,0.5333333333333333,0.4666666666666667,1.0,0.8666666666666667,0.0,0.33333333333333337,1.0,0.6153846153846154,1,13,1.0,0.6733333333333333,0.32666666666666666,1.0,0.9,0.0,0.22666666666666668,1.0,0.6642857142857144,1,14,1.0,0.6666666666666666,0.33333333333333337,1.0,0.8666666666666667,0.0,0.20000000000000007,1.0,0.6153846153846154,1,13
rel:18,relation_dossiers,rel:18|cond=rel:18:custom:anchor,rel:18:custom:anchor,oracle,20,15,rel:18|oracle|w20|-,17,0.85,False,1,True,0.0,0.2,-0.2,1.0,0.8666666666666667,1.0,0.6666666666666667,0.0,0.23076923076923078,1,13,0.0,0.24444444444444446,-0.24444444444444446,1.0,0.9,1.0,0.6555555555555556,0.0,0.2619047619047619,1,14,0.0,0.2,-0.2,1.0,0.8666666666666667,1.0,0.6666666666666667,0.0,0.23076923076923078,1,13
rel:18,relation_dossiers,rel:18|cond=rel:18:custom:anchor,rel:18:custom:anchor,oracle,40,15,rel:18|oracle|w40|-,36,0.9,False,2,True,0.0,0.26666666666666666,-0.26666666666666666,1.0,0.8666666666666667,1.0,0.6000000000000001,0.0,0.3076923076923077,1,13,0.0,0.41333333333333333,-0.41333333333333333,1.0,0.9,1.0,0.4866666666666667,0.0,0.4428571428571429,1,14,0.0,0.3333333333333333,-0.3333333333333333,1.0,0.8666666666666667,1.0,0.5333333333333334,0.0,0.3076923076923077,1,13
rel:18,relation_dossiers,rel:18|cond=rel:18:custom:anchor,rel:18:custom:anchor,oracle,80,15,rel:18|oracle|w80|-,80,1.0,False,2,True,1.0,0.8,0.19999999999999996,1.0,0.8666666666666667,0.0,0.06666666666666665,1.0,0.9230769230769231,1,13,1.0,0.8333333333333334,0.16666666666666663,1.0,0.9,0.0,0.06666666666666665,1.0,0.8928571428571429,1,14,1.0,0.8,0.19999999999999996,1.0,0.8666666666666667,0.0,0.06666666666666665,1.0,0.9230769230769231,1,13
rel:18,relation_dossiers,rel:18|cond=rel:18:custom:anchor,rel:18:custom:anchor,oracle,160,15,rel:18|oracle|w160|-,139,0.86875,False,2,True,0.0,0.5333333333333333,-0.5333333333333333,1.0,0.8666666666666667,1.0,0.33333333333333337,0.0,0.6153846153846154,1,13,0.0,0.68,-0.68,1.0,0.9,1.0,0.21999999999999997,0.0,0.6714285714285715,1,14,0.0,0.6,-0.6,1.0,0.8666666666666667,1.0,0.2666666666666667,0.0,0.6153846153846154,1,13
rel:18,relation_dossiers,rel:18|cond=rel:18:custom:anchor,rel:18:custom:anchor,reusable,20,15,rel:18|reusable|w20|rel:18|cond=rel:18:custom:anchor,17,0.85,False,3,False,1.0,0.06666666666666667,0.9333333333333333,1.0,0.8666666666666667,0.0,0.8,1.0,0.07692307692307693,1,13,1.0,0.1111111111111111,0.8888888888888888,1.0,0.9,0.0,0.788888888888889,1.0,0.11904761904761904,1,14,1.0,0.06666666666666667,0.9333333333333333,1.0,0.8666666666666667,0.0,0.8,1.0,0.07692307692307693,1,13
rel:18,relation_dossiers,rel:18|cond=rel:18:custom:anchor,rel:18:custom:anchor,reusable,40,15,rel:18|reusable|w40|rel:18|cond=rel:18:custom:anchor,38,0.95,False,2,False,1.0,0.13333333333333333,0.8666666666666667,1.0,0.8666666666666667,0.0,0.7333333333333334,1.0,0.15384615384615385,1,13,1.0,0.16666666666666666,0.8333333333333334,1.0,0.9,0.0,0.7333333333333334,1.0,0.14285714285714285,1,14,1.0,0.2,0.8,1.0,0.8666666666666667,0.0,0.6666666666666667,1.0,0.15384615384615385,1,13
rel:18,relation_dossiers,rel:18|cond=rel:18:custom:anchor,rel:18:custom:anchor,reusable,80,15,rel:18|reusable|w80|rel:18|cond=rel:18:custom:anchor,79,0.9875,False,2,False,1.0,0.13333333333333333,0.8666666666666667,1.0,0.8666666666666667,0.0,0.7333333333333334,1.0,0.15384615384615385,1,13,1.0,0.16666666666666666,0.8333333333333334,1.0,0.9,0.0,0.7333333333333334,1.0,0.14285714285714285,1,14,1.0,0.2,0.8,1.0,0.8666666666666667,0.0,0.6666666666666667,1.0,0.15384615384615385,1,13
rel:18,relation_dossiers,rel:18|cond=rel:18:custom:anchor,rel:18:custom:anchor,reusable,160,15,rel:18|reusable|w160|rel:18|cond=rel:18:custom:anchor,146,0.9125,False,2,False,1.0,0.26666666666666666,0.7333333333333334,1.0,0.8666666666666667,0.0,0.6000000000000001,1.0,0.3076923076923077,1,13,1.0,0.319047619047619,0.680952380952381,1.0,0.9,0.0,0.580952380952381,1.0,0.30612244897959184,1,14,1.0,0.3333333333333333,0.6666666666666667,1.0,0.8666666666666667,0.0,0.5333333333333334,1.0,0.3076923076923077,1,13
rel:18,relation_dossiers,rel:18|cond=rel:18:facilities:anchor,rel:18:facilities:anchor,conditioned,20,15,rel:18|conditioned|w20|rel:18|cond=rel:18:facilities:anchor,20,1.0,False,2,False,0.0,0.0,0.0,0.0,0.9333333333333333,0.0,0.9333333333333333,nan,0.0,0,14,0.8,0.08000000000000002,0.72,0.5,0.9333333333333333,-0.30000000000000004,0.8533333333333333,0.8,0.028571428571428574,1,14,1.0,0.06666666666666667,0.9333333333333333,0.0,0.9333333333333333,-1.0,0.8666666666666667,nan,0.0,0,14
rel:18,relation_dossiers,rel:18|cond=rel:18:facilities:anchor,rel:18:facilities:anchor,conditioned,40,15,rel:18|conditioned|w40|rel:18|cond=rel:18:facilities:anchor,35,0.875,False,2,False,0.0,0.13333333333333333,-0.13333333333333333,0.0,0.9333333333333333,0.0,0.8,nan,0.07142857142857142,0,14,0.5,0.13333333333333333,0.3666666666666667,0.5,0.9333333333333333,0.0,0.8,0.5,0.07142857142857142,1,14,0.0,0.13333333333333333,-0.13333333333333333,0.0,0.9333333333333333,0.0,0.8,nan,0.07142857142857142,0,14
rel:18,relation_dossiers,rel:18|cond=rel:18:facilities:anchor,rel:18:facilities:anchor,conditioned,80,15,rel:18|conditioned|w80|rel:18|cond=rel:18:facilities:anchor,71,0.8875,False,2,False,0.0,0.13333333333333333,-0.13333333333333333,0.0,0.9333333333333333,0.0,0.8,nan,0.14285714285714285,0,14,0.8,0.18222222222222223,0.6177777777777778,0.5,0.9333333333333333,-0.30000000000000004,0.7511111111111111,0.8,0.19523809523809524,1,14,1.0,0.13333333333333333,0.8666666666666667,0.0,0.9333333333333333,-1.0,0.8,nan,0.14285714285714285,0,14
rel:18,relation_dossiers,rel:18|cond=rel:18:facilities:anchor,rel:18:facilities:anchor,conditioned,160,15,rel:18|conditioned|w160|rel:18|cond=rel:18:facilities:anchor,139,0.86875,False,2,False,0.0,0.13333333333333333,-0.13333333333333333,0.0,0.9333333333333333,0.0,0.8,nan,0.14285714285714285,0,14,0.8,0.21333333333333332,0.5866666666666667,0.5,0.9333333333333333,-0.30000000000000004,0.72,0.8,0.17142857142857143,1,14,1.0,0.2,0.8,0.0,0.9333333333333333,-1.0,0.7333333333333334,nan,0.14285714285714285,0,14
rel:18,relation_dossiers,rel:18|cond=rel:18:facilities:anchor,rel:18:facilities:anchor,generic,20,15,rel:18|generic|w20|-,18,0.9,False,1,True,0.0,0.06666666666666667,-0.06666666666666667,0.0,0.9333333333333333,0.0,0.8666666666666667,nan,0.07142857142857142,0,14,0.5,0.06666666666666667,0.43333333333333335,0.5,0.9333333333333333,0.0,0.8666666666666667,0.5,0.07142857142857142,1,14,0.0,0.06666666666666667,-0.06666666666666667,0.0,0.9333333333333333,0.0,0.8666666666666667,nan,0.07142857142857142,0,14
rel:18,relation_dossiers,rel:18|cond=rel:18:facilities:anchor,rel:18:facilities:anchor,generic,40,15,rel:18|generic|w40|-,39,0.975,False,1,True,0.0,0.2,-0.2,0.0,0.9333333333333333,0.0,0.7333333333333334,nan,0.21428571428571427,0,14,0.4,0.22222222222222224,0.17777777777777778,0.5,0.9333333333333333,0.09999999999999998,0.7111111111111111,0.4,0.2380952380952381,1,14,0.0,0.2,-0.2,0.0,0.9333333333333333,0.0,0.7333333333333334,nan,0.21428571428571427,0,14
rel:18,relation_dossiers,rel:18|cond=rel:18:facilities:anchor,rel:18:facilities:anchor,generic,80,15,rel:18|generic|w80|-,76,0.95,False,2,True,0.0,0.4,-0.4,0.0,0.9333333333333333,0.0,0.5333333333333333,nan,0.42857142857142855,0,14,0.5,0.43333333333333335,0.06666666666666665,0.5,0.9333333333333333,0.0,0.5,0.5,0.4642857142857143,1,14,0.0,0.4,-0.4,0.0,0.9333333333333333,0.0,0.5333333333333333,nan,0.42857142857142855,0,14
rel:18,relation_dossiers,rel:18|cond=rel:18:facilities:anchor,rel:18:facilities:anchor,generic,160,15,rel:18|generic|w160|-,151,0.94375,False,2,True,0.0,0.6,-0.6,0.0,0.9333333333333333,0.0,0.33333333333333337,nan,0.6428571428571429,0,14,0.8,0.6866666666666668,0.11333333333333329,0.5,0.9333333333333333,-0.30000000000000004,0.2466666666666666,0.8,0.6785714285714286,1,14,1.0,0.6666666666666666,0.33333333333333337,0.0,0.9333333333333333,-1.0,0.2666666666666667,nan,0.6428571428571429,0,14
rel:18,relation_dossiers,rel:18|cond=rel:18:facilities:anchor,rel:18:facilities:anchor,oracle,20,15,rel:18|oracle|w20|-,17,0.85,False,1,True,0.0,0.2,-0.2,0.0,0.9333333333333333,0.0,0.7333333333333334,nan,0.21428571428571427,0,14,0.0,0.24444444444444446,-0.24444444444444446,0.5,0.9333333333333333,0.5,0.6888888888888889,0.0,0.2619047619047619,1,14,0.0,0.2,-0.2,0.0,0.9333333333333333,0.0,0.7333333333333334,nan,0.21428571428571427,0,14
rel:18,relation_dossiers,rel:18|cond=rel:18:facilities:anchor,rel:18:facilities:anchor,oracle,40,15,rel:18|oracle|w40|-,36,0.9,False,2,True,0.0,0.26666666666666666,-0.26666666666666666,0.0,0.9333333333333333,0.0,0.6666666666666667,nan,0.2857142857142857,0,14,0.8,0.36000000000000004,0.44,0.5,0.9333333333333333,-0.30000000000000004,0.5733333333333333,0.8,0.38571428571428573,1,14,1.0,0.26666666666666666,0.7333333333333334,0.0,0.9333333333333333,-1.0,0.6666666666666667,nan,0.2857142857142857,0,14
rel:18,relation_dossiers,rel:18|cond=rel:18:facilities:anchor,rel:18:facilities:anchor,oracle,80,15,rel:18|oracle|w80|-,80,1.0,False,2,True,0.0,0.8666666666666667,-0.8666666666666667,0.0,0.9333333333333333,0.0,0.06666666666666665,nan,0.9285714285714286,0,14,0.5,0.8666666666666667,-0.3666666666666667,0.5,0.9333333333333333,0.0,0.06666666666666665,0.5,0.9285714285714286,1,14,0.0,0.8666666666666667,-0.8666666666666667,0.0,0.9333333333333333,0.0,0.06666666666666665,nan,0.9285714285714286,0,14
rel:18,relation_dossiers,rel:18|cond=rel:18:facilities:anchor,rel:18:facilities:anchor,oracle,160,15,rel:18|oracle|w160|-,139,0.86875,False,2,True,0.0,0.5333333333333333,-0.5333333333333333,0.0,0.9333333333333333,0.0,0.4,nan,0.5714285714285714,0,14,0.5,0.6466666666666667,-0.14666666666666672,0.5,0.9333333333333333,0.0,0.2866666666666666,0.5,0.6357142857142858,1,14,0.0,0.6,-0.6,0.0,0.9333333333333333,0.0,0.33333333333333337,nan,0.5714285714285714,0,14
rel:18,relation_dossiers,rel:18|cond=rel:18:facilities:anchor,rel:18:facilities:anchor,reusable,20,15,rel:18|reusable|w20|rel:18|cond=rel:18:facilities:anchor,19,0.95,False,2,False,0.0,0.0,0.0,0.0,0.9333333333333333,0.0,0.9333333333333333,nan,0.0,0,14,0.8,0.05333333333333334,0.7466666666666667,0.5,0.9333333333333333,-0.30000000000000004,0.88,0.8,0.0,1,14,1.0,0.06666666666666667,0.9333333333333333,0.0,0.9333333333333333,-1.0,0.8666666666666667,nan,0.0,0,14
rel:18,relation_dossiers,rel:18|cond=rel:18:facilities:anchor,rel:18:facilities:anchor,reusable,40,15,rel:18|reusable|w40|rel:18|cond=rel:18:facilities:anchor,39,0.975,False,2,False,0.0,0.06666666666666667,-0.06666666666666667,0.0,0.9333333333333333,0.0,0.8666666666666667,nan,0.07142857142857142,0,14,0.8,0.13666666666666666,0.6633333333333333,0.5,0.9333333333333333,-0.30000000000000004,0.7966666666666666,0.8,0.08928571428571429,1,14,1.0,0.13333333333333333,0.8666666666666667,0.0,0.9333333333333333,-1.0,0.8,nan,0.07142857142857142,0,14
rel:18,relation_dossiers,rel:18|cond=rel:18:facilities:anchor,rel:18:facilities:anchor,reusable,80,15,rel:18|reusable|w80|rel:18|cond=rel:18:facilities:anchor,71,0.8875,False,2,False,0.0,0.13333333333333333,-0.13333333333333333,0.0,0.9333333333333333,0.0,0.8,nan,0.14285714285714285,0,14,0.8,0.18666666666666665,0.6133333333333334,0.5,0.9333333333333333,-0.30000000000000004,0.7466666666666667,0.8,0.14285714285714285,1,14,1.0,0.2,0.8,0.0,0.9333333333333333,-1.0,0.7333333333333334,nan,0.14285714285714285,0,14
rel:18,relation_dossiers,rel:18|cond=rel:18:facilities:anchor,rel:18:facilities:anchor,reusable,160,15,rel:18|reusable|w160|rel:18|cond=rel:18:facilities:anchor,140,0.875,False,2,False,0.0,0.4,-0.4,0.0,0.9333333333333333,0.0,0.5333333333333333,nan,0.42857142857142855,0,14,0.5,0.4,0.09999999999999998,0.5,0.9333333333333333,0.0,0.5333333333333333,0.5,0.42857142857142855,1,14,0.0,0.4,-0.4,0.0,0.9333333333333333,0.0,0.5333333333333333,nan,0.42857142857142855,0,14
rel:18,relation_dossiers,rel:18|cond=rel:18:finance:anchor,rel:18:finance:anchor,conditioned,20,15,rel:18|conditioned|w20|rel:18|cond=rel:18:finance:anchor,19,0.95,False,1,False,1.0,0.06666666666666667,0.9333333333333333,1.0,0.8666666666666667,0.0,0.8,1.0,0.07692307692307693,1,13,1.0,0.09333333333333332,0.9066666666666667,1.0,0.9,0.0,0.8066666666666666,1.0,0.09999999999999999,1,14,1.0,0.06666666666666667,0.9333333333333333,1.0,0.8666666666666667,0.0,0.8,1.0,0.07692307692307693,1,13
rel:18,relation_dossiers,rel:18|cond=rel:18:finance:anchor,rel:18:finance:anchor,conditioned,40,15,rel:18|conditioned|w40|rel:18|cond=rel:18:finance:anchor,38,0.95,False,3,False,1.0,0.06666666666666667,0.9333333333333333,1.0,0.8666666666666667,0.0,0.8,1.0,0.07692307692307693,1,13,1.0,0.11555555555555555,0.8844444444444445,1.0,0.9,0.0,0.7844444444444445,1.0,0.1238095238095238,1,14,1.0,0.06666666666666667,0.9333333333333333,1.0,0.8666666666666667,0.0,0.8,1.0,0.07692307692307693,1,13
rel:18,relation_dossiers,rel:18|cond=rel:18:finance:anchor,rel:18:finance:anchor,conditioned,80,15,rel:18|conditioned|w80|rel:18|cond=rel:18:finance:anchor,70,0.875,False,1,False,1.0,0.06666666666666667,0.9333333333333333,1.0,0.8666666666666667,0.0,0.8,1.0,0.07692307692307693,1,13,1.0,0.06666666666666667,0.9333333333333333,1.0,0.9,0.0,0.8333333333333334,1.0,0.07142857142857142,1,14,1.0,0.06666666666666667,0.9333333333333333,1.0,0.8666666666666667,0.0,0.8,1.0,0.07692307692307693,1,13
rel:18,relation_dossiers,rel:18|cond=rel:18:finance:anchor,rel:18:finance:anchor,conditioned,160,15,rel:18|conditioned|w160|rel:18|cond=rel:18:finance:anchor,140,0.875,False,3,False,1.0,0.2,0.8,1.0,0.8666666666666667,0.0,0.6666666666666667,1.0,0.23076923076923078,1,13,1.0,0.2,0.8,1.0,0.9,0.0,0.7,1.0,0.21428571428571427,1,14,1.0,0.2,0.8,1.0,0.8666666666666667,0.0,0.6666666666666667,1.0,0.23076923076923078,1,13
rel:18,relation_dossiers,rel:18|cond=rel:18:finance:anchor,rel:18:finance:anchor,generic,20,15,rel:18|generic|w20|-,18,0.9,False,1,True,0.0,0.06666666666666667,-0.06666666666666667,1.0,0.8666666666666667,1.0,0.8,0.0,0.07692307692307693,1,13,0.0,0.1,-0.1,1.0,0.9,1.0,0.8,0.0,0.10714285714285714,1,14,0.0,0.06666666666666667,-0.06666666666666667,1.0,0.8666666666666667,1.0,0.8,0.0,0.07692307692307693,1,13
rel:18,relation_dossiers,rel:18|cond=rel:18:finance:anchor,rel:18:finance:anchor,generic,40,15,rel:18|generic|w40|-,39,0.975,False,1,True,0.0,0.2,-0.2,1.0,0.8666666666666667,1.0,0.6666666666666667,0.0,0.23076923076923078,1,13,0.0,0.24888888888888888,-0.24888888888888888,1.0,0.9,1.0,0.6511111111111112,0.0,0.26666666666666666,1,14,0.0,0.2,-0.2,1.0,0.8666666666666667,1.0,0.6666666666666667,0.0,0.23076923076923078,1,13
rel:18,relation_dossiers,rel:18|cond=rel:18:finance:anchor,rel:18:finance:anchor,generic,80,15,rel:18|generic|w80|-,76,0.95,False,2,True,0.0,0.4,-0.4,1.0,0.8666666666666667,1.0,0.4666666666666667,0.0,0.46153846153846156,1,13,0.0,0.4666666666666667,-0.4666666666666667,1.0,0.9,1.0,0.43333333333333335,0.0,0.5,1,14,0.0,0.4,-0.4,1.0,0.8666666666666667,1.0,0.4666666666666667,0.0,0.46153846153846156,1,13
rel:18,relation_dossiers,rel:18|cond=rel:18:finance:anchor,rel:18:finance:anchor,generic,160,15,rel:18|generic|w160|-,151,0.94375,False,2,True,0.0,0.6,-0.6,1.0,0.8666666666666667,1.0,0.2666666666666667,0.0,0.6923076923076923,1,13,0.0,0.74,-0.74,1.0,0.9,1.0,0.16000000000000003,0.0,0.7357142857142858,1,14,0.0,0.7333333333333333,-0.7333333333333333,1.0,0.8666666666666667,1.0,0.13333333333333341,0.0,0.6923076923076923,1,13
rel:18,relation_dossiers,rel:18|cond=rel:18:finance:anchor,rel:18:finance:anchor,oracle,20,15,rel:18|oracle|w20|-,17,0.85,False,1,True,0.0,0.2,-0.2,1.0,0.8666666666666667,1.0,0.6666666666666667,0.0,0.23076923076923078,1,13,0.0,0.24444444444444446,-0.24444444444444446,1.0,0.9,1.0,0.6555555555555556,0.0,0.2619047619047619,1,14,0.0,0.2,-0.2,1.0,0.8666666666666667,1.0,0.6666666666666667,0.0,0.23076923076923078,1,13
rel:18,relation_dossiers,rel:18|cond=rel:18:finance:anchor,rel:18:finance:anchor,oracle,40,15,rel:18|oracle|w40|-,36,0.9,False,2,True,0.0,0.26666666666666666,-0.26666666666666666,1.0,0.8666666666666667,1.0,0.6000000000000001,0.0,0.3076923076923077,1,13,0.0,0.41333333333333333,-0.41333333333333333,1.0,0.9,1.0,0.4866666666666667,0.0,0.4428571428571429,1,14,0.0,0.3333333333333333,-0.3333333333333333,1.0,0.8666666666666667,1.0,0.5333333333333334,0.0,0.3076923076923077,1,13
rel:18,relation_dossiers,rel:18|cond=rel:18:finance:anchor,rel:18:finance:anchor,oracle,80,15,rel:18|oracle|w80|-,80,1.0,False,2,True,1.0,0.8,0.19999999999999996,1.0,0.8666666666666667,0.0,0.06666666666666665,1.0,0.9230769230769231,1,13,1.0,0.8333333333333334,0.16666666666666663,1.0,0.9,0.0,0.06666666666666665,1.0,0.8928571428571429,1,14,1.0,0.8,0.19999999999999996,1.0,0.8666666666666667,0.0,0.06666666666666665,1.0,0.9230769230769231,1,13
rel:18,relation_dossiers,rel:18|cond=rel:18:finance:anchor,rel:18:finance:anchor,oracle,160,15,rel:18|oracle|w160|-,139,0.86875,False,2,True,1.0,0.4666666666666667,0.5333333333333333,1.0,0.8666666666666667,0.0,0.4,1.0,0.5384615384615384,1,13,1.0,0.6133333333333334,0.3866666666666666,1.0,0.9,0.0,0.2866666666666666,1.0,0.6,1,14,1.0,0.5333333333333333,0.4666666666666667,1.0,0.8666666666666667,0.0,0.33333333333333337,1.0,0.5384615384615384,1,13
rel:18,relation_dossiers,rel:18|cond=rel:18:finance:anchor,rel:18:finance:anchor,reusable,20,15,rel:18|reusable|w20|rel:18|cond=rel:18:finance:anchor,19,0.95,False,1,False,1.0,0.06666666666666667,0.9333333333333333,1.0,0.8666666666666667,0.0,0.8,1.0,0.07692307692307693,1,13,1.0,0.09333333333333332,0.9066666666666667,1.0,0.9,0.0,0.8066666666666666,1.0,0.09999999999999999,1,14,1.0,0.06666666666666667,0.9333333333333333,1.0,0.8666666666666667,0.0,0.8,1.0,0.07692307692307693,1,13
rel:18,relation_dossiers,rel:18|cond=rel:18:finance:anchor,rel:18:finance:anchor,reusable,40,15,rel:18|reusable|w40|rel:18|cond=rel:18:finance:anchor,34,0.85,False,3,False,1.0,0.0,1.0,1.0,0.8666666666666667,0.0,0.8666666666666667,1.0,0.0,1,13,1.0,0.09333333333333332,0.9066666666666667,1.0,0.9,0.0,0.8066666666666666,1.0,0.09999999999999999,1,14,1.0,0.06666666666666667,0.9333333333333333,1.0,0.8666666666666667,0.0,0.8,1.0,0.07692307692307693,1,13
rel:18,relation_dossiers,rel:18|cond=rel:18:finance:anchor,rel:18:finance:anchor,reusable,80,15,rel:18|reusable|w80|rel:18|cond=rel:18:finance:anchor,72,0.9,False,2,False,1.0,0.2,0.8,1.0,0.8666666666666667,0.0,0.6666666666666667,1.0,0.23076923076923078,1,13,1.0,0.23333333333333334,0.7666666666666666,1.0,0.9,0.0,0.6666666666666667,1.0,0.25,1,14,1.0,0.2,0.8,1.0,0.8666666666666667,0.0,0.6666666666666667,1.0,0.23076923076923078,1,13
rel:18,relation_dossiers,rel:18|cond=rel:18:finance:anchor,rel:18:finance:anchor,reusable,160,15,rel:18|reusable|w160|rel:18|cond=rel:18:finance:anchor,143,0.89375,False,2,False,1.0,0.4,0.6,1.0,0.8666666666666667,0.0,0.4666666666666667,1.0,0.46153846153846156,1,13,1.0,0.4866666666666667,0.5133333333333333,1.0,0.9,0.0,0.41333333333333333,1.0,0.48571428571428577,1,14,1.0,0.4666666666666667,0.5333333333333333,1.0,0.8666666666666667,0.0,0.4,1.0,0.46153846153846156,1,13
rel:18,relation_dossiers,rel:18|cond=rel:18:founding:anchor,rel:18:founding:anchor,conditioned,20,15,rel:18|conditioned|w20|rel:18|cond=rel:18:founding:anchor,18,0.9,False,1,False,1.0,0.06666666666666667,0.9333333333333333,1.0,0.8666666666666667,0.0,0.8,1.0,0.07692307692307693,1,13,1.0,0.18666666666666665,0.8133333333333334,1.0,0.9,0.0,0.7133333333333334,1.0,0.19999999999999998,1,14,1.0,0.06666666666666667,0.9333333333333333,1.0,0.8666666666666667,0.0,0.8,1.0,0.07692307692307693,1,13
rel:18,relation_dossiers,rel:18|cond=rel:18:founding:anchor,rel:18:founding:anchor,conditioned,40,15,rel:18|conditioned|w40|rel:18|cond=rel:18:founding:anchor,37,0.925,False,2,False,1.0,0.06666666666666667,0.9333333333333333,1.0,0.8666666666666667,0.0,0.8,1.0,0.07692307692307693,1,13,1.0,0.16,0.84,1.0,0.9,0.0,0.74,1.0,0.17142857142857143,1,14,1.0,0.06666666666666667,0.9333333333333333,1.0,0.8666666666666667,0.0,0.8,1.0,0.07692307692307693,1,13
rel:18,relation_dossiers,rel:18|cond=rel:18:founding:anchor,rel:18:founding:anchor,conditioned,80,15,rel:18|conditioned|w80|rel:18|cond=rel:18:founding:anchor,75,0.9375,False,2,False,1.0,0.13333333333333333,0.8666666666666667,1.0,0.8666666666666667,0.0,0.7333333333333334,1.0,0.15384615384615385,1,13,1.0,0.15555555555555556,0.8444444444444444,1.0,0.9,0.0,0.7444444444444445,1.0,0.16666666666666669,1,14,1.0,0.13333333333333333,0.8666666666666667,1.0,0.8666666666666667,0.0,0.7333333333333334,1.0,0.15384615384615385,1,13
rel:18,relation_dossiers,rel:18|cond=rel:18:founding:anchor,rel:18:founding:anchor,conditioned,160,15,rel:18|conditioned|w160|rel:18|cond=rel:18:founding:anchor,136,0.85,False,1,False,1.0,0.13333333333333333,0.8666666666666667,1.0,0.8666666666666667,0.0,0.7333333333333334,1.0,0.15384615384615385,1,13,1.0,0.13333333333333333,0.8666666666666667,1.0,0.9,0.0,0.7666666666666667,1.0,0.14285714285714285,1,14,1.0,0.13333333333333333,0.8666666666666667,1.0,0.8666666666666667,0.0,0.7333333333333334,1.0,0.15384615384615385,1,13
rel:18,relation_dossiers,rel:18|cond=rel:18:founding:anchor,rel:18:founding:anchor,generic,20,15,rel:18|generic|w20|-,18,0.9,False,1,True,0.0,0.06666666666666667,-0.06666666666666667,1.0,0.8666666666666667,1.0,0.8,0.0,0.07692307692307693,1,13,0.0,0.1,-0.1,1.0,0.9,1.0,0.8,0.0,0.10714285714285714,1,14,0.0,0.06666666666666667,-0.06666666666666667,1.0,0.8666666666666667,1.0,0.8,0.0,0.07692307692307693,1,13
rel:18,relation_dossiers,rel:18|cond=rel:18:founding:anchor,rel:18:founding:anchor,generic,40,15,rel:18|generic|w40|-,39,0.975,False,1,True,1.0,0.13333333333333333,0.8666666666666667,1.0,0.8666666666666667,0.0,0.7333333333333334,1.0,0.15384615384615385,1,13,1.0,0.18222222222222223,0.8177777777777777,1.0,0.9,0.0,0.7177777777777778,1.0,0.19523809523809524,1,14,1.0,0.13333333333333333,0.8666666666666667,1.0,0.8666666666666667,0.0,0.7333333333333334,1.0,0.15384615384615385,1,13
rel:18,relation_dossiers,rel:18|cond=rel:18:founding:anchor,rel:18:founding:anchor,generic,80,15,rel:18|generic|w80|-,76,0.95,False,2,True,1.0,0.3333333333333333,0.6666666666666667,1.0,0.8666666666666667,0.0,0.5333333333333334,1.0,0.38461538461538464,1,13,1.0,0.4,0.6,1.0,0.9,0.0,0.5,1.0,0.42857142857142855,1,14,1.0,0.3333333333333333,0.6666666666666667,1.0,0.8666666666666667,0.0,0.5333333333333334,1.0,0.38461538461538464,1,13
rel:18,relation_dossiers,rel:18|cond=rel:18:founding:anchor,rel:18:founding:anchor,generic,160,15,rel:18|generic|w160|-,151,0.94375,False,2,True,1.0,0.5333333333333333,0.4666666666666667,1.0,0.8666666666666667,0.0,0.33333333333333337,1.0,0.6153846153846154,1,13,1.0,0.6733333333333333,0.32666666666666666,1.0,0.9,0.0,0.22666666666666668,1.0,0.6642857142857144,1,14,1.0,0.6666666666666666,0.33333333333333337,1.0,0.8666666666666667,0.0,0.20000000000000007,1.0,0.6153846153846154,1,13
rel:18,relation_dossiers,rel:18|cond=rel:18:founding:anchor,rel:18:founding:anchor,oracle,20,15,rel:18|oracle|w20|-,17,0.85,False,1,True,1.0,0.13333333333333333,0.8666666666666667,1.0,0.8666666666666667,0.0,0.7333333333333334,1.0,0.15384615384615385,1,13,1.0,0.17777777777777778,0.8222222222222222,1.0,0.9,0.0,0.7222222222222222,1.0,0.1904761904761905,1,14,1.0,0.13333333333333333,0.8666666666666667,1.0,0.8666666666666667,0.0,0.7333333333333334,1.0,0.15384615384615385,1,13
rel:18,relation_dossiers,rel:18|cond=rel:18:founding:anchor,rel:18:founding:anchor,oracle,40,15,rel:18|oracle|w40|-,36,0.9,False,2,True,1.0,0.2,0.8,1.0,0.8666666666666667,0.0,0.6666666666666667,1.0,0.23076923076923078,1,13,1.0,0.3466666666666667,0.6533333333333333,1.0,0.9,0.0,0.5533333333333333,1.0,0.37142857142857144,1,14,1.0,0.26666666666666666,0.7333333333333334,1.0,0.8666666666666667,0.0,0.6000000000000001,1.0,0.23076923076923078,1,13
rel:18,relation_dossiers,rel:18|cond=rel:18:founding:anchor,rel:18:founding:anchor,oracle,80,15,rel:18|oracle|w80|-,80,1.0,False,2,True,1.0,0.8,0.19999999999999996,1.0,0.8666666666666667,0.0,0.06666666666666665,1.0,0.9230769230769231,1,13,1.0,0.8333333333333334,0.16666666666666663,1.0,0.9,0.0,0.06666666666666665,1.0,0.8928571428571429,1,14,1.0,0.8,0.19999999999999996,1.0,0.8666666666666667,0.0,0.06666666666666665,1.0,0.9230769230769231,1,13
rel:18,relation_dossiers,rel:18|cond=rel:18:founding:anchor,rel:18:founding:anchor,oracle,160,15,rel:18|oracle|w160|-,139,0.86875,False,2,True,1.0,0.4666666666666667,0.5333333333333333,1.0,0.8666666666666667,0.0,0.4,1.0,0.5384615384615384,1,13,1.0,0.6133333333333334,0.3866666666666666,1.0,0.9,0.0,0.2866666666666666,1.0,0.6,1,14,1.0,0.5333333333333333,0.4666666666666667,1.0,0.8666666666666667,0.0,0.33333333333333337,1.0,0.5384615384615384,1,13
rel:18,relation_dossiers,rel:18|cond=rel:18:founding:anchor,rel:18:founding:anchor,reusable,20,15,rel:18|reusable|w20|rel:18|cond=rel:18:founding:anchor,18,0.9,False,2,False,1.0,0.06666666666666667,0.9333333333333333,1.0,0.8666666666666667,0.0,0.8,1.0,0.07692307692307693,1,13,1.0,0.18666666666666665,0.8133333333333334,1.0,0.9,0.0,0.7133333333333334,1.0,0.19999999999999998,1,14,1.0,0.06666666666666667,0.9333333333333333,1.0,0.8666666666666667,0.0,0.8,1.0,0.07692307692307693,1,13
rel:18,relation_dossiers,rel:18|cond=rel:18:founding:anchor,rel:18:founding:anchor,reusable,40,15,rel:18|reusable|w40|rel:18|cond=rel:18:founding:anchor,38,0.95,False,1,False,1.0,0.06666666666666667,0.9333333333333333,1.0,0.8666666666666667,0.0,0.8,1.0,0.07692307692307693,1,13,1.0,0.1488888888888889,0.8511111111111112,1.0,0.9,0.0,0.7511111111111111,1.0,0.15952380952380954,1,14,1.0,0.06666666666666667,0.9333333333333333,1.0,0.8666666666666667,0.0,0.8,1.0,0.07692307692307693,1,13
rel:18,relation_dossiers,rel:18|cond=rel:18:founding:anchor,rel:18:founding:anchor,reusable,80,15,rel:18|reusable|w80|rel:18|cond=rel:18:founding:anchor,75,0.9375,False,2,False,1.0,0.26666666666666666,0.7333333333333334,1.0,0.8666666666666667,0.0,0.6000000000000001,1.0,0.3076923076923077,1,13,1.0,0.3266666666666667,0.6733333333333333,1.0,0.9,0.0,0.5733333333333333,1.0,0.35000000000000003,1,14,1.0,0.26666666666666666,0.7333333333333334,1.0,0.8666666666666667,0.0,0.6000000000000001,1.0,0.3076923076923077,1,13
rel:18,relation_dossiers,rel:18|cond=rel:18:founding:anchor,rel:18:founding:anchor,reusable,160,15,rel:18|reusable|w160|rel:18|cond=rel:18:founding:anchor,146,0.9125,False,2,False,1.0,0.4,0.6,1.0,0.8666666666666667,0.0,0.4666666666666667,1.0,0.46153846153846156,1,13,1.0,0.5066666666666666,0.4933333333333334,1.0,0.9,0.0,0.3933333333333334,1.0,0.4857142857142857,1,14,1.0,0.5333333333333333,0.4666666666666667,1.0,0.8666666666666667,0.0,0.33333333333333337,1.0,0.46153846153846156,1,13
rel:21,relation_dossiers,rel:21|cond=rel:21:custom:anchor,rel:21:custom:anchor,conditioned,20,15,rel:21|conditioned|w20|rel:21|cond=rel:21:custom:anchor,18,0.9,False,1,False,1.0,0.06666666666666667,0.9333333333333333,1.0,0.8666666666666667,0.0,0.8,1.0,0.07692307692307693,1,13,1.0,0.09333333333333332,0.9066666666666667,1.0,0.9,0.0,0.8066666666666666,1.0,0.09999999999999999,1,14,1.0,0.06666666666666667,0.9333333333333333,1.0,1.0,0.0,0.9333333333333333,1.0,0.06666666666666667,1,15
rel:21,relation_dossiers,rel:21|cond=rel:21:custom:anchor,rel:21:custom:anchor,conditioned,40,15,rel:21|conditioned|w40|rel:21|cond=rel:21:custom:anchor,36,0.9,False,2,False,1.0,0.06666666666666667,0.9333333333333333,1.0,0.8666666666666667,0.0,0.8,1.0,0.07692307692307693,1,13,1.0,0.11555555555555556,0.8844444444444445,1.0,0.9,0.0,0.7844444444444445,1.0,0.12380952380952381,1,14,1.0,0.06666666666666667,0.9333333333333333,1.0,1.0,0.0,0.9333333333333333,1.0,0.06666666666666667,1,15
rel:21,relation_dossiers,rel:21|cond=rel:21:custom:anchor,rel:21:custom:anchor,conditioned,80,15,rel:21|conditioned|w80|rel:21|cond=rel:21:custom:anchor,76,0.95,False,2,False,1.0,0.13333333333333333,0.8666666666666667,1.0,0.8666666666666667,0.0,0.7333333333333334,1.0,0.15384615384615385,1,13,1.0,0.18222222222222223,0.8177777777777777,1.0,0.9,0.0,0.7177777777777778,1.0,0.19523809523809524,1,14,1.0,0.13333333333333333,0.8666666666666667,1.0,1.0,0.0,0.8666666666666667,1.0,0.13333333333333333,1,15
rel:21,relation_dossiers,rel:21|cond=rel:21:custom:anchor,rel:21:custom:anchor,conditioned,160,15,rel:21|conditioned|w160|rel:21|cond=rel:21:custom:anchor,140,0.875,False,1,False,1.0,0.13333333333333333,0.8666666666666667,1.0,0.8666666666666667,0.0,0.7333333333333334,1.0,0.15384615384615385,1,13,1.0,0.15555555555555553,0.8444444444444444,1.0,0.9,0.0,0.7444444444444445,1.0,0.16666666666666666,1,14,1.0,0.13333333333333333,0.8666666666666667,1.0,1.0,0.0,0.8666666666666667,1.0,0.13333333333333333,1,15
rel:21,relation_dossiers,rel:21|cond=rel:21:custom:anchor,rel:21:custom:anchor,generic,20,15,rel:21|generic|w20|-,19,0.95,False,2,True,0.0,0.0,0.0,1.0,0.8666666666666667,1.0,0.8666666666666667,0.0,0.0,1,13,0.28571428571428575,0.11,0.17571428571428577,1.0,0.9,0.7142857142857142,0.79,0.28571428571428575,0.08214285714285714,1,14,0.0,0.13333333333333333,-0.13333333333333333,1.0,1.0,1.0,0.8666666666666667,0.0,0.13333333333333333,1,15
rel:21,relation_dossiers,rel:21|cond=rel:21:custom:anchor,rel:21:custom:anchor,generic,40,15,rel:21|generic|w40|-,38,0.95,False,2,True,0.0,0.06666666666666667,-0.06666666666666667,1.0,0.8666666666666667,1.0,0.8,0.0,0.07692307692307693,1,13,0.0,0.16793650793650794,-0.16793650793650794,1.0,0.9,1.0,0.7320634920634921,0.0,0.17993197278911563,1,14,0.0,0.2,-0.2,1.0,1.0,1.0,0.8,0.0,0.2,1,15
rel:21,relation_dossiers,rel:21|cond=rel:21:custom:anchor,rel:21:custom:anchor,generic,80,15,rel:21|generic|w80|-,70,0.875,False,1,True,0.0,0.2,-0.2,1.0,0.8666666666666667,1.0,0.6666666666666667,0.0,0.23076923076923078,1,13,0.4,0.2822222222222222,0.11777777777777781,1.0,0.9,0.6,0.6177777777777778,0.4,0.26666666666666666,1,14,1.0,0.4,0.6,1.0,1.0,0.0,0.6,1.0,0.4,1,15
rel:21,relation_dossiers,rel:21|cond=rel:21:custom:anchor,rel:21:custom:anchor,generic,160,15,rel:21|generic|w160|-,147,0.91875,False,1,True,1.0,0.4,0.6,1.0,0.8666666666666667,0.0,0.4666666666666667,1.0,0.46153846153846156,1,13,1.0,0.4666666666666667,0.5333333333333333,1.0,0.9,0.0,0.43333333333333335,1.0,0.4642857142857143,1,14,1.0,0.5333333333333333,0.4666666666666667,1.0,1.0,0.0,0.4666666666666667,1.0,0.5333333333333333,1,15
rel:21,relation_dossiers,rel:21|cond=rel:21:custom:anchor,rel:21:custom:anchor,oracle,20,15,rel:21|oracle|w20|-,17,0.85,False,2,True,0.0,0.13333333333333333,-0.13333333333333333,1.0,0.8666666666666667,1.0,0.7333333333333334,0.0,0.15384615384615385,1,13,0.0,0.17904761904761904,-0.17904761904761904,1.0,0.9,1.0,0.720952380952381,0.0,0.19183673469387755,1,14,0.0,0.13333333333333333,-0.13333333333333333,1.0,1.0,1.0,0.8666666666666667,0.0,0.13333333333333333,1,15
rel:21,relation_dossiers,rel:21|cond=rel:21:custom:anchor,rel:21:custom:anchor,oracle,40,15,rel:21|oracle|w40|-,34,0.85,False,3,True,0.0,0.4,-0.4,1.0,0.8666666666666667,1.0,0.4666666666666667,0.0,0.46153846153846156,1,13,0.0,0.49333333333333335,-0.49333333333333335,1.0,0.9,1.0,0.4066666666666667,0.0,0.4928571428571429,1,14,0.0,0.5333333333333333,-0.5333333333333333,1.0,1.0,1.0,0.4666666666666667,0.0,0.5333333333333333,1,15
rel:21,relation_dossiers,rel:21|cond=rel:21:custom:anchor,rel:21:custom:anchor,oracle,80,15,rel:21|oracle|w80|-,74,0.925,False,2,True,0.0,0.5333333333333333,-0.5333333333333333,1.0,0.8666666666666667,1.0,0.33333333333333337,0.0,0.6153846153846154,1,13,0.0,0.6190476190476191,-0.6190476190476191,1.0,0.9,1.0,0.28095238095238095,0.0,0.6275510204081634,1,14,0.0,0.6666666666666666,-0.6666666666666666,1.0,1.0,1.0,0.33333333333333337,0.0,0.6666666666666666,1,15
rel:21,relation_dossiers,rel:21|cond=rel:21:custom:anchor,rel:21:custom:anchor,oracle,160,15,rel:21|oracle|w160|-,137,0.85625,False,2,True,1.0,0.8,0.19999999999999996,1.0,0.8666666666666667,0.0,0.06666666666666665,1.0,0.9230769230769231,1,13,1.0,0.8666666666666667,0.1333333333333333,1.0,0.9,0.0,0.033333333333333326,1.0,0.8928571428571429,1,14,1.0,0.9333333333333333,0.06666666666666665,1.0,1.0,0.0,0.06666666666666665,1.0,0.9333333333333333,1,15
rel:21,relation_dossiers,rel:21|cond=rel:21:custom:anchor,rel:21:custom:anchor,reusable,20,15,rel:21|reusable|w20|rel:21|cond=rel:21:custom:anchor,18,0.9,False,2,False,1.0,0.06666666666666667,0.9333333333333333,1.0,0.8666666666666667,0.0,0.8,1.0,0.07692307692307693,1,13,1.0,0.11999999999999998,0.88,1.0,0.9,0.0,0.78,1.0,0.12857142857142856,1,14,1.0,0.13333333333333333,0.8666666666666667,1.0,1.0,0.0,0.8666666666666667,1.0,0.13333333333333333,1,15
rel:21,relation_dossiers,rel:21|cond=rel:21:custom:anchor,rel:21:custom:anchor,reusable,40,15,rel:21|reusable|w40|rel:21|cond=rel:21:custom:anchor,36,0.9,False,1,False,1.0,0.06666666666666667,0.9333333333333333,1.0,0.8666666666666667,0.0,0.8,1.0,0.07692307692307693,1,13,1.0,0.09333333333333332,0.9066666666666667,1.0,0.9,0.0,0.8066666666666666,1.0,0.09999999999999999,1,14,1.0,0.06666666666666667,0.9333333333333333,1.0,1.0,0.0,0.9333333333333333,1.0,0.06666666666666667,1,15
rel:21,relation_dossiers,rel:21|cond=rel:21:custom:anchor,rel:21:custom:anchor,reusable,80,15,rel:21|reusable|w80|rel:21|cond=rel:21:custom:anchor,74,0.925,False,1,False,1.0,0.13333333333333333,0.8666666666666667,1.0,0.8666666666666667,0.0,0.7333333333333334,1.0,0.15384615384615385,1,13,1.0,0.16,0.84,1.0,0.9,0.0,0.74,1.0,0.17142857142857143,1,14,1.0,0.13333333333333333,0.8666666666666667,1.0,1.0,0.0,0.8666666666666667,1.0,0.13333333333333333,1,15
rel:21,relation_dossiers,rel:21|cond=rel:21:custom:anchor,rel:21:custom:anchor,reusable,160,15,rel:21|reusable|w160|rel:21|cond=rel:21:custom:anchor,144,0.9,False,1,False,1.0,0.2,0.8,1.0,0.8666666666666667,0.0,0.6666666666666667,1.0,0.23076923076923078,1,13,1.0,0.24888888888888888,0.7511111111111111,1.0,0.9,0.0,0.6511111111111112,1.0,0.26666666666666666,1,14,1.0,0.2,0.8,1.0,1.0,0.0,0.8,1.0,0.2,1,15
rel:21,relation_dossiers,rel:21|cond=rel:21:facilities:anchor,rel:21:facilities:anchor,conditioned,20,15,rel:21|conditioned|w20|rel:21|cond=rel:21:facilities:anchor,18,0.9,False,1,False,0.0,0.0,0.0,0.0,0.9333333333333333,0.0,0.9333333333333333,nan,0.0,0,14,0.5,0.062380952380952384,0.43761904761904763,0.5,0.9333333333333333,0.0,0.8709523809523809,0.5,0.06683673469387755,1,14,1.0,0.06666666666666667,0.9333333333333333,1.0,1.0,0.0,0.9333333333333333,1.0,0.06666666666666667,1,15
rel:21,relation_dossiers,rel:21|cond=rel:21:facilities:anchor,rel:21:facilities:anchor,conditioned,40,15,rel:21|conditioned|w40|rel:21|cond=rel:21:facilities:anchor,35,0.875,False,3,False,0.0,0.06666666666666667,-0.06666666666666667,0.0,0.9333333333333333,0.0,0.8666666666666667,nan,0.07142857142857142,0,14,0.5,0.11904761904761905,0.38095238095238093,0.5,0.9333333333333333,0.0,0.8142857142857143,0.5,0.09183673469387756,1,14,1.0,0.13333333333333333,0.8666666666666667,1.0,1.0,0.0,0.8666666666666667,1.0,0.13333333333333333,1,15
rel:21,relation_dossiers,rel:21|cond=rel:21:facilities:anchor,rel:21:facilities:anchor,conditioned,80,15,rel:21|conditioned|w80|rel:21|cond=rel:21:facilities:anchor,77,0.9625,False,2,False,0.0,0.0,0.0,0.0,0.9333333333333333,0.0,0.9333333333333333,nan,0.0,0,14,0.5,0.08222222222222222,0.4177777777777778,0.5,0.9333333333333333,0.0,0.8511111111111112,0.5,0.05238095238095238,1,14,1.0,0.06666666666666667,0.9333333333333333,1.0,1.0,0.0,0.9333333333333333,1.0,0.06666666666666667,1,15
rel:21,relation_dossiers,rel:21|cond=rel:21:facilities:anchor,rel:21:facilities:anchor,conditioned,160,15,rel:21|conditioned|w160|rel:21|cond=rel:21:facilities:anchor,150,0.9375,False,2,False,0.0,0.06666666666666667,-0.06666666666666667,0.0,0.9333333333333333,0.0,0.8666666666666667,nan,0.07142857142857142,0,14,0.0,0.08888888888888888,-0.08888888888888888,0.5,0.9333333333333333,0.5,0.8444444444444444,0.0,0.09523809523809523,1,14,1.0,0.13333333333333333,0.8666666666666667,1.0,1.0,0.0,0.8666666666666667,1.0,0.13333333333333333,1,15
rel:21,relation_dossiers,rel:21|cond=rel:21:facilities:anchor,rel:21:facilities:anchor,generic,20,15,rel:21|generic|w20|-,19,0.95,False,2,True,0.0,0.0,0.0,0.0,0.9333333333333333,0.0,0.9333333333333333,nan,0.0,0,14,0.5,0.09571428571428571,0.4042857142857143,0.5,0.9333333333333333,0.0,0.8376190476190476,0.5,0.06683673469387755,1,14,1.0,0.06666666666666667,0.9333333333333333,1.0,1.0,0.0,0.9333333333333333,1.0,0.06666666666666667,1,15
rel:21,relation_dossiers,rel:21|cond=rel:21:facilities:anchor,rel:21:facilities:anchor,generic,40,15,rel:21|generic|w40|-,38,0.95,False,2,True,0.0,0.06666666666666667,-0.06666666666666667,0.0,0.9333333333333333,0.0,0.8666666666666667,nan,0.07142857142857142,0,14,0.5,0.13460317460317459,0.3653968253968254,0.5,0.9333333333333333,0.0,0.7987301587301587,0.5,0.14421768707482993,1,14,1.0,0.13333333333333333,0.8666666666666667,1.0,1.0,0.0,0.8666666666666667,1.0,0.13333333333333333,1,15
rel:21,relation_dossiers,rel:21|cond=rel:21:facilities:anchor,rel:21:facilities:anchor,generic,80,15,rel:21|generic|w80|-,70,0.875,False,1,True,0.0,0.2,-0.2,0.0,0.9333333333333333,0.0,0.7333333333333334,nan,0.21428571428571427,0,14,0.0,0.3088888888888889,-0.3088888888888889,0.5,0.9333333333333333,0.5,0.6244444444444445,0.0,0.2952380952380952,1,14,1.0,0.4,0.6,1.0,1.0,0.0,0.6,1.0,0.4,1,15
rel:21,relation_dossiers,rel:21|cond=rel:21:facilities:anchor,rel:21:facilities:anchor,generic,160,15,rel:21|generic|w160|-,147,0.91875,False,1,True,0.0,0.4666666666666667,-0.4666666666666667,0.0,0.9333333333333333,0.0,0.4666666666666667,nan,0.5,0,14,0.5,0.5,0.0,0.5,0.9333333333333333,0.0,0.43333333333333335,0.5,0.5,1,14,1.0,0.5333333333333333,0.4666666666666667,1.0,1.0,0.0,0.4666666666666667,1.0,0.5333333333333333,1,15
rel:21,relation_dossiers,rel:21|cond=rel:21:facilities:anchor,rel:21:facilities:anchor,oracle,20,15,rel:21|oracle|w20|-,17,0.85,False,2,True,0.0,0.13333333333333333,-0.13333333333333333,0.0,0.9333333333333333,0.0,0.8,nan,0.14285714285714285,0,14,0.0,0.17904761904761904,-0.17904761904761904,0.5,0.9333333333333333,0.5,0.7542857142857143,0.0,0.19183673469387755,1,14,0.0,0.13333333333333333,-0.13333333333333333,1.0,1.0,1.0,0.8666666666666667,0.0,0.13333333333333333,1,15
rel:21,relation_dossiers,rel:21|cond=rel:21:facilities:anchor,rel:21:facilities:anchor,oracle,40,15,rel:21|oracle|w40|-,34,0.85,False,3,True,0.0,0.4,-0.4,0.0,0.9333333333333333,0.0,0.5333333333333333,nan,0.42857142857142855,0,14,0.5,0.46,0.03999999999999998,0.5,0.9333333333333333,0.0,0.47333333333333333,0.5,0.4571428571428572,1,14,1.0,0.4666666666666667,0.5333333333333333,1.0,1.0,0.0,0.5333333333333333,1.0,0.4666666666666667,1,15
rel:21,relation_dossiers,rel:21|cond=rel:21:facilities:anchor,rel:21:facilities:anchor,oracle,80,15,rel:21|oracle|w80|-,74,0.925,False,2,True,0.0,0.5333333333333333,-0.5333333333333333,0.0,0.9333333333333333,0.0,0.4,nan,0.5714285714285714,0,14,0.5,0.5857142857142857,-0.08571428571428574,0.5,0.9333333333333333,0.0,0.3476190476190476,0.5,0.5918367346938777,1,14,1.0,0.6,0.4,1.0,1.0,0.0,0.4,1.0,0.6,1,15
rel:21,relation_dossiers,rel:21|cond=rel:21:facilities:anchor,rel:21:facilities:anchor,oracle,160,15,rel:21|oracle|w160|-,137,0.85625,False,2,True,0.0,0.8666666666666667,-0.8666666666666667,0.0,0.9333333333333333,0.0,0.06666666666666665,nan,0.9285714285714286,0,14,0.5,0.9,-0.4,0.5,0.9333333333333333,0.0,0.033333333333333326,0.5,0.9285714285714286,1,14,1.0,0.9333333333333333,0.06666666666666665,1.0,1.0,0.0,0.06666666666666665,1.0,0.9333333333333333,1,15
rel:21,relation_dossiers,rel:21|cond=rel:21:facilities:anchor,rel:21:facilities:anchor,reusable,20,15,rel:21|reusable|w20|rel:21|cond=rel:21:facilities:anchor,20,1.0,False,1,False,0.0,0.0,0.0,0.0,0.9333333333333333,0.0,0.9333333333333333,nan,0.0,0,14,0.5,0.14333333333333334,0.3566666666666667,0.5,0.9333333333333333,0.0,0.79,0.5,0.11785714285714285,1,14,1.0,0.13333333333333333,0.8666666666666667,1.0,1.0,0.0,0.8666666666666667,1.0,0.13333333333333333,1,15
rel:21,relation_dossiers,rel:21|cond=rel:21:facilities:anchor,rel:21:facilities:anchor,reusable,40,15,rel:21|reusable|w40|rel:21|cond=rel:21:facilities:anchor,36,0.9,False,1,False,0.0,0.06666666666666667,-0.06666666666666667,0.0,0.9333333333333333,0.0,0.8666666666666667,nan,0.07142857142857142,0,14,0.5,0.17238095238095236,0.32761904761904764,0.5,0.9333333333333333,0.0,0.760952380952381,0.5,0.1489795918367347,1,14,1.0,0.13333333333333333,0.8666666666666667,1.0,1.0,0.0,0.8666666666666667,1.0,0.13333333333333333,1,15
rel:21,relation_dossiers,rel:21|cond=rel:21:facilities:anchor,rel:21:facilities:anchor,reusable,80,15,rel:21|reusable|w80|rel:21|cond=rel:21:facilities:anchor,73,0.9125,False,2,False,0.0,0.13333333333333333,-0.13333333333333333,0.0,0.9333333333333333,0.0,0.8,nan,0.14285714285714285,0,14,0.5,0.13333333333333333,0.3666666666666667,0.5,0.9333333333333333,0.0,0.8,0.5,0.14285714285714285,1,14,1.0,0.2,0.8,1.0,1.0,0.0,0.8,1.0,0.2,1,15
rel:21,relation_dossiers,rel:21|cond=rel:21:facilities:anchor,rel:21:facilities:anchor,reusable,160,15,rel:21|reusable|w160|rel:21|cond=rel:21:facilities:anchor,145,0.90625,False,2,False,0.0,0.3333333333333333,-0.3333333333333333,0.0,0.9333333333333333,0.0,0.6000000000000001,nan,0.35714285714285715,0,14,0.5,0.36666666666666664,0.13333333333333336,0.5,0.9333333333333333,0.0,0.5666666666666667,0.5,0.35714285714285715,1,14,1.0,0.4,0.6,1.0,1.0,0.0,0.6,1.0,0.4,1,15
rel:21,relation_dossiers,rel:21|cond=rel:21:finance:anchor,rel:21:finance:anchor,conditioned,20,15,rel:21|conditioned|w20|rel:21|cond=rel:21:finance:anchor,17,0.85,False,1,False,1.0,0.06666666666666667,0.9333333333333333,1.0,0.8666666666666667,0.0,0.8,1.0,0.07692307692307693,1,13,1.0,0.12666666666666665,0.8733333333333333,1.0,0.9,0.0,0.7733333333333334,1.0,0.1357142857142857,1,14,1.0,0.06666666666666667,0.9333333333333333,1.0,1.0,0.0,0.9333333333333333,1.0,0.06666666666666667,1,15
rel:21,relation_dossiers,rel:21|cond=rel:21:finance:anchor,rel:21:finance:anchor,conditioned,40,15,rel:21|conditioned|w40|rel:21|cond=rel:21:finance:anchor,40,1.0,False,2,False,1.0,0.06666666666666667,0.9333333333333333,1.0,0.8666666666666667,0.0,0.8,1.0,0.07692307692307693,1,13,1.0,0.13904761904761903,0.8609523809523809,1.0,0.9,0.0,0.760952380952381,1.0,0.14897959183673468,1,14,1.0,0.06666666666666667,0.9333333333333333,1.0,1.0,0.0,0.9333333333333333,1.0,0.06666666666666667,1,15
rel:21,relation_dossiers,rel:21|cond=rel:21:finance:anchor,rel:21:finance:anchor,conditioned,80,15,rel:21|conditioned|w80|rel:21|cond=rel:21:finance:anchor,71,0.8875,False,2,False,1.0,0.06666666666666667,0.9333333333333333,1.0,0.8666666666666667,0.0,0.8,1.0,0.07692307692307693,1,13,1.0,0.09333333333333332,0.9066666666666667,1.0,0.9,0.0,0.8066666666666666,1.0,0.09999999999999999,1,14,1.0,0.06666666666666667,0.9333333333333333,1.0,1.0,0.0,0.9333333333333333,1.0,0.06666666666666667,1,15
rel:21,relation_dossiers,rel:21|cond=rel:21:finance:anchor,rel:21:finance:anchor,conditioned,160,15,rel:21|conditioned|w160|rel:21|cond=rel:21:finance:anchor,139,0.86875,False,2,False,1.0,0.13333333333333333,0.8666666666666667,1.0,0.8666666666666667,0.0,0.7333333333333334,1.0,0.15384615384615385,1,13,1.0,0.13333333333333333,0.8666666666666667,1.0,0.9,0.0,0.7666666666666667,1.0,0.14285714285714285,1,14,1.0,0.13333333333333333,0.8666666666666667,1.0,1.0,0.0,0.8666666666666667,1.0,0.13333333333333333,1,15
rel:21,relation_dossiers,rel:21|cond=rel:21:finance:anchor,rel:21:finance:anchor,generic,20,15,rel:21|generic|w20|-,19,0.95,False,2,True,0.0,0.0,0.0,1.0,0.8666666666666667,1.0,0.8666666666666667,0.0,0.0,1,13,0.0,0.12904761904761905,-0.12904761904761905,1.0,0.9,1.0,0.770952380952381,0.0,0.10255102040816326,1,14,0.0,0.13333333333333333,-0.13333333333333333,1.0,1.0,1.0,0.8666666666666667,0.0,0.13333333333333333,1,15
rel:21,relation_dossiers,rel:21|cond=rel:21:finance:anchor,rel:21:finance:anchor,generic,40,15,rel:21|generic|w40|-,38,0.95,False,2,True,0.0,0.06666666666666667,-0.06666666666666667,1.0,0.8666666666666667,1.0,0.8,0.0,0.07692307692307693,1,13,0.0,0.16793650793650794,-0.16793650793650794,1.0,0.9,1.0,0.7320634920634921,0.0,0.17993197278911563,1,14,0.0,0.2,-0.2,1.0,1.0,1.0,0.8,0.0,0.2,1,15
rel:21,relation_dossiers,rel:21|cond=rel:21:finance:anchor,rel:21:finance:anchor,generic,80,15,rel:21|generic|w80|-,70,0.875,False,1,True,0.0,0.2,-0.2,1.0,0.8666666666666667,1.0,0.6666666666666667,0.0,0.23076923076923078,1,13,0.0,0.3088888888888889,-0.3088888888888889,1.0,0.9,1.0,0.5911111111111111,0.0,0.2952380952380952,1,14,0.0,0.4666666666666667,-0.4666666666666667,1.0,1.0,1.0,0.5333333333333333,0.0,0.4666666666666667,1,15
rel:21,relation_dossiers,rel:21|cond=rel:21:finance:anchor,rel:21:finance:anchor,generic,160,15,rel:21|generic|w160|-,147,0.91875,False,1,True,0.0,0.4666666666666667,-0.4666666666666667,1.0,0.8666666666666667,1.0,0.4,0.0,0.5384615384615384,1,13,0.0,0.5333333333333333,-0.5333333333333333,1.0,0.9,1.0,0.3666666666666667,0.0,0.5357142857142857,1,14,0.0,0.6,-0.6,1.0,1.0,1.0,0.4,0.0,0.6,1,15
rel:21,relation_dossiers,rel:21|cond=rel:21:finance:anchor,rel:21:finance:anchor,oracle,20,15,rel:21|oracle|w20|-,17,0.85,False,2,True,0.0,0.13333333333333333,-0.13333333333333333,1.0,0.8666666666666667,1.0,0.7333333333333334,0.0,0.15384615384615385,1,13,0.0,0.17904761904761904,-0.17904761904761904,1.0,0.9,1.0,0.720952380952381,0.0,0.19183673469387755,1,14,0.0,0.13333333333333333,-0.13333333333333333,1.0,1.0,1.0,0.8666666666666667,0.0,0.13333333333333333,1,15
rel:21,relation_dossiers,rel:21|cond=rel:21:finance:anchor,rel:21:finance:anchor,oracle,40,15,rel:21|oracle|w40|-,34,0.85,False,3,True,1.0,0.3333333333333333,0.6666666666666667,1.0,0.8666666666666667,0.0,0.5333333333333334,1.0,0.38461538461538464,1,13,1.0,0.4266666666666667,0.5733333333333333,1.0,0.9,0.0,0.47333333333333333,1.0,0.42142857142857143,1,14,1.0,0.4666666666666667,0.5333333333333333,1.0,1.0,0.0,0.5333333333333333,1.0,0.4666666666666667,1,15
rel:21,relation_dossiers,rel:21|cond=rel:21:finance:anchor,rel:21:finance:anchor,oracle,80,15,rel:21|oracle|w80|-,74,0.925,False,2,True,1.0,0.4666666666666667,0.5333333333333333,1.0,0.8666666666666667,0.0,0.4,1.0,0.5384615384615384,1,13,1.0,0.5523809523809524,0.4476190476190476,1.0,0.9,0.0,0.3476190476190476,1.0,0.5561224489795918,1,14,1.0,0.6,0.4,1.0,1.0,0.0,0.4,1.0,0.6,1,15
rel:21,relation_dossiers,rel:21|cond=rel:21:finance:anchor,rel:21:finance:anchor,oracle,160,15,rel:21|oracle|w160|-,137,0.85625,False,2,True,1.0,0.8,0.19999999999999996,1.0,0.8666666666666667,0.0,0.06666666666666665,1.0,0.9230769230769231,1,13,1.0,0.8666666666666667,0.1333333333333333,1.0,0.9,0.0,0.033333333333333326,1.0,0.8928571428571429,1,14,1.0,0.9333333333333333,0.06666666666666665,1.0,1.0,0.0,0.06666666666666665,1.0,0.9333333333333333,1,15
rel:21,relation_dossiers,rel:21|cond=rel:21:finance:anchor,rel:21:finance:anchor,reusable,20,15,rel:21|reusable|w20|rel:21|cond=rel:21:finance:anchor,19,0.95,False,2,False,1.0,0.06666666666666667,0.9333333333333333,1.0,0.8666666666666667,0.0,0.8,1.0,0.07692307692307693,1,13,1.0,0.09333333333333332,0.9066666666666667,1.0,0.9,0.0,0.8066666666666666,1.0,0.09999999999999999,1,14,1.0,0.06666666666666667,0.9333333333333333,1.0,1.0,0.0,0.9333333333333333,1.0,0.06666666666666667,1,15
rel:21,relation_dossiers,rel:21|cond=rel:21:finance:anchor,rel:21:finance:anchor,reusable,40,15,rel:21|reusable|w40|rel:21|cond=rel:21:finance:anchor,35,0.875,False,1,False,1.0,0.06666666666666667,0.9333333333333333,1.0,0.8666666666666667,0.0,0.8,1.0,0.07692307692307693,1,13,1.0,0.09333333333333332,0.9066666666666667,1.0,0.9,0.0,0.8066666666666666,1.0,0.09999999999999999,1,14,1.0,0.06666666666666667,0.9333333333333333,1.0,1.0,0.0,0.9333333333333333,1.0,0.06666666666666667,1,15
rel:21,relation_dossiers,rel:21|cond=rel:21:finance:anchor,rel:21:finance:anchor,reusable,80,15,rel:21|reusable|w80|rel:21|cond=rel:21:finance:anchor,68,0.85,False,1,False,1.0,0.2,0.8,1.0,0.8666666666666667,0.0,0.6666666666666667,1.0,0.23076923076923078,1,13,1.0,0.2555555555555556,0.7444444444444445,1.0,0.9,0.0,0.6444444444444444,1.0,0.27380952380952384,1,14,1.0,0.2,0.8,1.0,1.0,0.0,0.8,1.0,0.2,1,15
rel:21,relation_dossiers,rel:21|cond=rel:21:finance:anchor,rel:21:finance:anchor,reusable,160,15,rel:21|reusable|w160|rel:21|cond=rel:21:finance:anchor,143,0.89375,False,2,False,1.0,0.2,0.8,1.0,0.8666666666666667,0.0,0.6666666666666667,1.0,0.23076923076923078,1,13,1.0,0.22666666666666666,0.7733333333333333,1.0,0.9,0.0,0.6733333333333333,1.0,0.24285714285714285,1,14,1.0,0.3333333333333333,0.6666666666666667,1.0,1.0,0.0,0.6666666666666667,1.0,0.3333333333333333,1,15
rel:21,relation_dossiers,rel:21|cond=rel:21:founding:anchor,rel:21:founding:anchor,conditioned,20,15,rel:21|conditioned|w20|rel:21|cond=rel:21:founding:anchor,18,0.9,False,1,False,1.0,0.06666666666666667,0.9333333333333333,1.0,0.8666666666666667,0.0,0.8,1.0,0.07692307692307693,1,13,1.0,0.11238095238095239,0.8876190476190476,1.0,0.9,0.0,0.7876190476190477,1.0,0.12040816326530612,1,14,1.0,0.06666666666666667,0.9333333333333333,1.0,1.0,0.0,0.9333333333333333,1.0,0.06666666666666667,1,15
rel:21,relation_dossiers,rel:21|cond=rel:21:founding:anchor,rel:21:founding:anchor,conditioned,40,15,rel:21|conditioned|w40|rel:21|cond=rel:21:founding:anchor,37,0.925,False,3,False,1.0,0.06666666666666667,0.9333333333333333,1.0,0.8666666666666667,0.0,0.8,1.0,0.07692307692307693,1,13,1.0,0.11555555555555555,0.8844444444444445,1.0,0.9,0.0,0.7844444444444445,1.0,0.1238095238095238,1,14,1.0,0.06666666666666667,0.9333333333333333,1.0,1.0,0.0,0.9333333333333333,1.0,0.06666666666666667,1,15
rel:21,relation_dossiers,rel:21|cond=rel:21:founding:anchor,rel:21:founding:anchor,conditioned,80,15,rel:21|conditioned|w80|rel:21|cond=rel:21:founding:anchor,68,0.85,False,2,False,1.0,0.06666666666666667,0.9333333333333333,1.0,0.8666666666666667,0.0,0.8,1.0,0.07692307692307693,1,13,1.0,0.09333333333333332,0.9066666666666667,1.0,0.9,0.0,0.8066666666666666,1.0,0.09999999999999999,1,14,1.0,0.06666666666666667,0.9333333333333333,1.0,1.0,0.0,0.9333333333333333,1.0,0.06666666666666667,1,15
rel:21,relation_dossiers,rel:21|cond=rel:21:founding:anchor,rel:21:founding:anchor,conditioned,160,15,rel:21|conditioned|w160|rel:21|cond=rel:21:founding:anchor,139,0.86875,False,2,False,1.0,0.2,0.8,1.0,0.8666666666666667,0.0,0.6666666666666667,1.0,0.23076923076923078,1,13,1.0,0.2457142857142857,0.7542857142857143,1.0,0.9,0.0,0.6542857142857144,1.0,0.26326530612244897,1,14,1.0,0.2,0.8,1.0,1.0,0.0,0.8,1.0,0.2,1,15
rel:21,relation_dossiers,rel:21|cond=rel:21:founding:anchor,rel:21:founding:anchor,generic,20,15,rel:21|generic|w20|-,19,0.95,False,2,True,0.0,0.0,0.0,1.0,0.8666666666666667,1.0,0.8666666666666667,0.0,0.0,1,13,0.0,0.12904761904761905,-0.12904761904761905,1.0,0.9,1.0,0.770952380952381,0.0,0.10255102040816326,1,14,0.0,0.13333333333333333,-0.13333333333333333,1.0,1.0,1.0,0.8666666666666667,0.0,0.13333333333333333,1,15
rel:21,relation_dossiers,rel:21|cond=rel:21:founding:anchor,rel:21:founding:anchor,generic,40,15,rel:21|generic|w40|-,38,0.95,False,2,True,0.0,0.06666666666666667,-0.06666666666666667,1.0,0.8666666666666667,1.0,0.8,0.0,0.07692307692307693,1,13,0.0,0.16793650793650794,-0.16793650793650794,1.0,0.9,1.0,0.7320634920634921,0.0,0.17993197278911563,1,14,0.0,0.2,-0.2,1.0,1.0,1.0,0.8,0.0,0.2,1,15
rel:21,relation_dossiers,rel:21|cond=rel:21:founding:anchor,rel:21:founding:anchor,generic,80,15,rel:21|generic|w80|-,70,0.875,False,1,True,0.0,0.2,-0.2,1.0,0.8666666666666667,1.0,0.6666666666666667,0.0,0.23076923076923078,1,13,0.0,0.3088888888888889,-0.3088888888888889,1.0,0.9,1.0,0.5911111111111111,0.0,0.2952380952380952,1,14,0.0,0.4666666666666667,-0.4666666666666667,1.0,1.0,1.0,0.5333333333333333,0.0,0.4666666666666667,1,15
rel:21,relation_dossiers,rel:21|cond=rel:21:founding:anchor,rel:21:founding:anchor,generic,160,15,rel:21|generic|w160|-,147,0.91875,False,1,True,0.0,0.4666666666666667,-0.4666666666666667,1.0,0.8666666666666667,1.0,0.4,0.0,0.5384615384615384,1,13,0.0,0.5333333333333333,-0.5333333333333333,1.0,0.9,1.0,0.3666666666666667,0.0,0.5357142857142857,1,14,0.0,0.6,-0.6,1.0,1.0,1.0,0.4,0.0,0.6,1,15
rel:21,relation_dossiers,rel:21|cond=rel:21:founding:anchor,rel:21:founding:anchor,oracle,20,15,rel:21|oracle|w20|-,17,0.85,False,2,True,1.0,0.06666666666666667,0.9333333333333333,1.0,0.8666666666666667,0.0,0.8,1.0,0.07692307692307693,1,13,1.0,0.11238095238095239,0.8876190476190476,1.0,0.9,0.0,0.7876190476190477,1.0,0.12040816326530612,1,14,1.0,0.06666666666666667,0.9333333333333333,1.0,1.0,0.0,0.9333333333333333,1.0,0.06666666666666667,1,15
rel:21,relation_dossiers,rel:21|cond=rel:21:founding:anchor,rel:21:founding:anchor,oracle,40,15,rel:21|oracle|w40|-,34,0.85,False,3,True,1.0,0.3333333333333333,0.6666666666666667,1.0,0.8666666666666667,0.0,0.5333333333333334,1.0,0.38461538461538464,1,13,1.0,0.4266666666666667,0.5733333333333333,1.0,0.9,0.0,0.47333333333333333,1.0,0.42142857142857143,1,14,1.0,0.4666666666666667,0.5333333333333333,1.0,1.0,0.0,0.5333333333333333,1.0,0.4666666666666667,1,15
rel:21,relation_dossiers,rel:21|cond=rel:21:founding:anchor,rel:21:founding:anchor,oracle,80,15,rel:21|oracle|w80|-,74,0.925,False,2,True,1.0,0.4666666666666667,0.5333333333333333,1.0,0.8666666666666667,0.0,0.4,1.0,0.5384615384615384,1,13,1.0,0.5523809523809524,0.4476190476190476,1.0,0.9,0.0,0.3476190476190476,1.0,0.5561224489795918,1,14,1.0,0.6,0.4,1.0,1.0,0.0,0.4,1.0,0.6,1,15
rel:21,relation_dossiers,rel:21|cond=rel:21:founding:anchor,rel:21:founding:anchor,oracle,160,15,rel:21|oracle|w160|-,137,0.85625,False,2,True,1.0,0.8,0.19999999999999996,1.0,0.8666666666666667,0.0,0.06666666666666665,1.0,0.9230769230769231,1,13,1.0,0.8666666666666667,0.1333333333333333,1.0,0.9,0.0,0.033333333333333326,1.0,0.8928571428571429,1,14,1.0,0.9333333333333333,0.06666666666666665,1.0,1.0,0.0,0.06666666666666665,1.0,0.9333333333333333,1,15
rel:21,relation_dossiers,rel:21|cond=rel:21:founding:anchor,rel:21:founding:anchor,reusable,20,15,rel:21|reusable|w20|rel:21|cond=rel:21:founding:anchor,18,0.9,False,1,False,1.0,0.06666666666666667,0.9333333333333333,1.0,0.8666666666666667,0.0,0.8,1.0,0.07692307692307693,1,13,1.0,0.11238095238095239,0.8876190476190476,1.0,0.9,0.0,0.7876190476190477,1.0,0.12040816326530612,1,14,1.0,0.06666666666666667,0.9333333333333333,1.0,1.0,0.0,0.9333333333333333,1.0,0.06666666666666667,1,15
rel:21,relation_dossiers,rel:21|cond=rel:21:founding:anchor,rel:21:founding:anchor,reusable,40,15,rel:21|reusable|w40|rel:21|cond=rel:21:founding:anchor,39,0.975,False,3,False,1.0,0.06666666666666667,0.9333333333333333,1.0,0.8666666666666667,0.0,0.8,1.0,0.07692307692307693,1,13,1.0,0.11238095238095239,0.8876190476190476,1.0,0.9,0.0,0.7876190476190477,1.0,0.12040816326530612,1,14,1.0,0.06666666666666667,0.9333333333333333,1.0,1.0,0.0,0.9333333333333333,1.0,0.06666666666666667,1,15
rel:21,relation_dossiers,rel:21|cond=rel:21:founding:anchor,rel:21:founding:anchor,reusable,80,15,rel:21|reusable|w80|rel:21|cond=rel:21:founding:anchor,73,0.9125,False,2,False,1.0,0.26666666666666666,0.7333333333333334,1.0,0.8666666666666667,0.0,0.6000000000000001,1.0,0.3076923076923077,1,13,1.0,0.3980952380952381,0.6019047619047619,1.0,0.9,0.0,0.5019047619047619,1.0,0.39081632653061227,1,14,1.0,0.4666666666666667,0.5333333333333333,1.0,1.0,0.0,0.5333333333333333,1.0,0.4666666666666667,1,15
rel:21,relation_dossiers,rel:21|cond=rel:21:founding:anchor,rel:21:founding:anchor,reusable,160,15,rel:21|reusable|w160|rel:21|cond=rel:21:founding:anchor,136,0.85,False,1,False,1.0,0.4,0.6,1.0,0.8666666666666667,0.0,0.4666666666666667,1.0,0.46153846153846156,1,13,1.0,0.4866666666666667,0.5133333333333333,1.0,0.9,0.0,0.41333333333333333,1.0,0.5214285714285715,1,14,1.0,0.5333333333333333,0.4666666666666667,1.0,1.0,0.0,0.4666666666666667,1.0,0.5333333333333333,1,15
rel:22,relation_dossiers,rel:22|cond=rel:22:custom:anchor,rel:22:custom:anchor,conditioned,20,15,rel:22|conditioned|w20|rel:22|cond=rel:22:custom:anchor,17,0.85,False,4,False,1.0,0.06666666666666667,0.9333333333333333,1.0,0.9333333333333333,0.0,0.8666666666666667,1.0,0.07142857142857142,1,14,1.0,0.1,0.9,1.0,0.9777777777777777,0.0,0.8777777777777778,1.0,0.1,1,15,1.0,0.06666666666666667,0.9333333333333333,1.0,1.0,0.0,0.9333333333333333,1.0,0.06666666666666667,1,15
rel:22,relation_dossiers,rel:22|cond=rel:22:custom:anchor,rel:22:custom:anchor,conditioned,40,15,rel:22|conditioned|w40|rel:22|cond=rel:22:custom:anchor,39,0.975,False,1,False,1.0,0.06666666666666667,0.9333333333333333,1.0,0.9333333333333333,0.0,0.8666666666666667,1.0,0.07142857142857142,1,14,1.0,0.06666666666666667,0.9333333333333333,1.0,0.9777777777777777,0.0,0.9111111111111111,1.0,0.06666666666666667,1,15,1.0,0.06666666666666667,0.9333333333333333,1.0,1.0,0.0,0.9333333333333333,1.0,0.06666666666666667,1,15
rel:22,relation_dossiers,rel:22|cond=rel:22:custom:anchor,rel:22:custom:anchor,conditioned,80,15,rel:22|conditioned|w80|rel:22|cond=rel:22:custom:anchor,69,0.8625,False,1,False,1.0,0.06666666666666667,0.9333333333333333,1.0,0.9333333333333333,0.0,0.8666666666666667,1.0,0.07142857142857142,1,14,1.0,0.06666666666666667,0.9333333333333333,1.0,0.9777777777777777,0.0,0.9111111111111111,1.0,0.06666666666666667,1,15,1.0,0.06666666666666667,0.9333333333333333,1.0,1.0,0.0,0.9333333333333333,1.0,0.06666666666666667,1,15
rel:22,relation_dossiers,rel:22|cond=rel:22:custom:anchor,rel:22:custom:anchor,conditioned,160,15,rel:22|conditioned|w160|rel:22|cond=rel:22:custom:anchor,150,0.9375,False,2,False,1.0,0.13333333333333333,0.8666666666666667,1.0,0.9333333333333333,0.0,0.8,1.0,0.14285714285714285,1,14,1.0,0.13333333333333333,0.8666666666666667,1.0,0.9777777777777777,0.0,0.8444444444444444,1.0,0.13333333333333333,1,15,1.0,0.13333333333333333,0.8666666666666667,1.0,1.0,0.0,0.8666666666666667,1.0,0.13333333333333333,1,15
rel:22,relation_dossiers,rel:22|cond=rel:22:custom:anchor,rel:22:custom:anchor,generic,20,15,rel:22|generic|w20|-,18,0.9,False,2,True,0.0,0.13333333333333333,-0.13333333333333333,1.0,0.9333333333333333,1.0,0.8,0.0,0.14285714285714285,1,14,0.0,0.19333333333333333,-0.19333333333333333,1.0,0.9777777777777777,1.0,0.7844444444444444,0.0,0.19333333333333333,1,15,0.0,0.13333333333333333,-0.13333333333333333,1.0,1.0,1.0,0.8666666666666667,0.0,0.13333333333333333,1,15
rel:22,relation_dossiers,rel:22|cond=rel:22:custom:anchor,rel:22:custom:anchor,generic,40,15,rel:22|generic|w40|-,37,0.925,False,2,True,0.0,0.13333333333333333,-0.13333333333333333,1.0,0.9333333333333333,1.0,0.8,0.0,0.14285714285714285,1,14,0.0,0.16666666666666666,-0.16666666666666666,1.0,0.9777777777777777,1.0,0.8111111111111111,0.0,0.16666666666666666,1,15,0.0,0.13333333333333333,-0.13333333333333333,1.0,1.0,1.0,0.8666666666666667,0.0,0.13333333333333333,1,15
rel:22,relation_dossiers,rel:22|cond=rel:22:custom:anchor,rel:22:custom:anchor,generic,80,15,rel:22|generic|w80|-,71,0.8875,False,2,True,0.0,0.4,-0.4,1.0,0.9333333333333333,1.0,0.5333333333333333,0.0,0.42857142857142855,1,14,0.0,0.4444444444444444,-0.4444444444444444,1.0,0.9777777777777777,1.0,0.5333333333333333,0.0,0.4444444444444444,1,15,0.0,0.4666666666666667,-0.4666666666666667,1.0,1.0,1.0,0.5333333333333333,0.0,0.4666666666666667,1,15
rel:22,relation_dossiers,rel:22|cond=rel:22:custom:anchor,rel:22:custom:anchor,generic,160,15,rel:22|generic|w160|-,149,0.93125,False,2,True,0.0,0.6,-0.6,1.0,0.9333333333333333,1.0,0.33333333333333337,0.0,0.6428571428571429,1,14,0.8,0.6444444444444444,0.15555555555555567,1.0,0.9777777777777777,0.19999999999999996,0.33333333333333337,0.8,0.6444444444444444,1,15,1.0,0.6666666666666666,0.33333333333333337,1.0,1.0,0.0,0.33333333333333337,1.0,0.6666666666666666,1,15
rel:22,relation_dossiers,rel:22|cond=rel:22:custom:anchor,rel:22:custom:anchor,oracle,20,15,rel:22|oracle|w20|-,19,0.95,False,2,True,0.0,0.2,-0.2,1.0,0.9333333333333333,1.0,0.7333333333333334,0.0,0.21428571428571427,1,14,0.0,0.2,-0.2,1.0,0.9777777777777777,1.0,0.7777777777777777,0.0,0.2,1,15,0.0,0.2,-0.2,1.0,1.0,1.0,0.8,0.0,0.2,1,15
rel:22,relation_dossiers,rel:22|cond=rel:22:custom:anchor,rel:22:custom:anchor,oracle,40,15,rel:22|oracle|w40|-,38,0.95,False,3,True,0.0,0.4,-0.4,1.0,0.9333333333333333,1.0,0.5333333333333333,0.0,0.42857142857142855,1,14,0.0,0.43333333333333335,-0.43333333333333335,1.0,0.9777777777777777,1.0,0.5444444444444444,0.0,0.43333333333333335,1,15,0.0,0.4,-0.4,1.0,1.0,1.0,0.6,0.0,0.4,1,15
rel:22,relation_dossiers,rel:22|cond=rel:22:custom:anchor,rel:22:custom:anchor,oracle,80,15,rel:22|oracle|w80|-,76,0.95,False,2,True,1.0,0.7333333333333333,0.2666666666666667,1.0,0.9333333333333333,0.0,0.20000000000000007,1.0,0.7857142857142857,1,14,1.0,0.7777777777777778,0.2222222222222222,1.0,0.9777777777777777,0.0,0.19999999999999996,1.0,0.7777777777777778,1,15,1.0,0.8,0.19999999999999996,1.0,1.0,0.0,0.19999999999999996,1.0,0.8,1,15
rel:22,relation_dossiers,rel:22|cond=rel:22:custom:anchor,rel:22:custom:anchor,oracle,160,15,rel:22|oracle|w160|-,148,0.925,False,1,True,1.0,0.9333333333333333,0.06666666666666665,1.0,0.9333333333333333,0.0,0.0,1.0,1.0,1,14,1.0,0.9777777777777777,0.022222222222222254,1.0,0.9777777777777777,0.0,0.0,1.0,0.9777777777777777,1,15,1.0,1.0,0.0,1.0,1.0,0.0,0.0,1.0,1.0,1,15
rel:22,relation_dossiers,rel:22|cond=rel:22:custom:anchor,rel:22:custom:anchor,reusable,20,15,rel:22|reusable|w20|rel:22|cond=rel:22:custom:anchor,17,0.85,False,1,False,1.0,0.06666666666666667,0.9333333333333333,1.0,0.9333333333333333,0.0,0.8666666666666667,1.0,0.07142857142857142,1,14,1.0,0.12666666666666665,0.8733333333333333,1.0,0.9777777777777777,0.0,0.8511111111111112,1.0,0.12666666666666665,1,15,1.0,0.06666666666666667,0.9333333333333333,1.0,1.0,0.0,0.9333333333333333,1.0,0.06666666666666667,1,15
rel:22,relation_dossiers,rel:22|cond=rel:22:custom:anchor,rel:22:custom:anchor,reusable,40,15,rel:22|reusable|w40|rel:22|cond=rel:22:custom:anchor,34,0.85,False,1,False,1.0,0.06666666666666667,0.9333333333333333,1.0,0.9333333333333333,0.0,0.8666666666666667,1.0,0.07142857142857142,1,14,1.0,0.12666666666666665,0.8733333333333333,1.0,0.9777777777777777,0.0,0.8511111111111112,1.0,0.12666666666666665,1,15,1.0,0.06666666666666667,0.9333333333333333,1.0,1.0,0.0,0.9333333333333333,1.0,0.06666666666666667,1,15
rel:22,relation_dossiers,rel:22|cond=rel:22:custom:anchor,rel:22:custom:anchor,reusable,80,15,rel:22|reusable|w80|rel:22|cond=rel:22:custom:anchor,75,0.9375,False,1,False,1.0,0.13333333333333333,0.8666666666666667,1.0,0.9333333333333333,0.0,0.8,1.0,0.14285714285714285,1,14,1.0,0.16666666666666666,0.8333333333333334,1.0,0.9777777777777777,0.0,0.8111111111111111,1.0,0.16666666666666666,1,15,1.0,0.13333333333333333,0.8666666666666667,1.0,1.0,0.0,0.8666666666666667,1.0,0.13333333333333333,1,15
rel:22,relation_dossiers,rel:22|cond=rel:22:custom:anchor,rel:22:custom:anchor,reusable,160,15,rel:22|reusable|w160|rel:22|cond=rel:22:custom:anchor,146,0.9125,False,2,False,1.0,0.2,0.8,1.0,0.9333333333333333,0.0,0.7333333333333334,1.0,0.21428571428571427,1,14,1.0,0.2,0.8,1.0,0.9777777777777777,0.0,0.7777777777777777,1.0,0.2,1,15,1.0,0.2,0.8,1.0,1.0,0.0,0.8,1.0,0.2,1,15
rel:22,relation_dossiers,rel:22|cond=rel:22:facilities:anchor,rel:22:facilities:anchor,conditioned,20,15,rel:22|conditioned|w20|rel:22|cond=rel:22:facilities:anchor,17,0.85,False,1,False,1.0,0.06666666666666667,0.9333333333333333,1.0,0.9333333333333333,0.0,0.8666666666666667,1.0,0.07142857142857142,1,14,1.0,0.06666666666666667,0.9333333333333333,1.0,0.9777777777777777,0.0,0.9111111111111111,1.0,0.06666666666666667,1,15,1.0,0.06666666666666667,0.9333333333333333,1.0,1.0,0.0,0.9333333333333333,1.0,0.06666666666666667,1,15
rel:22,relation_dossiers,rel:22|cond=rel:22:facilities:anchor,rel:22:facilities:anchor,conditioned,40,15,rel:22|conditioned|w40|rel:22|cond=rel:22:facilities:anchor,38,0.95,False,2,False,1.0,0.06666666666666667,0.9333333333333333,1.0,0.9333333333333333,0.0,0.8666666666666667,1.0,0.07142857142857142,1,14,1.0,0.06666666666666667,0.9333333333333333,1.0,0.9777777777777777,0.0,0.9111111111111111,1.0,0.06666666666666667,1,15,1.0,0.06666666666666667,0.9333333333333333,1.0,1.0,0.0,0.9333333333333333,1.0,0.06666666666666667,1,15
rel:22,relation_dossiers,rel:22|cond=rel:22:facilities:anchor,rel:22:facilities:anchor,conditioned,80,15,rel:22|conditioned|w80|rel:22|cond=rel:22:facilities:anchor,68,0.85,False,1,False,1.0,0.06666666666666667,0.9333333333333333,1.0,0.9333333333333333,0.0,0.8666666666666667,1.0,0.07142857142857142,1,14,1.0,0.06666666666666667,0.9333333333333333,1.0,0.9777777777777777,0.0,0.9111111111111111,1.0,0.06666666666666667,1,15,1.0,0.06666666666666667,0.9333333333333333,1.0,1.0,0.0,0.9333333333333333,1.0,0.06666666666666667,1,15
rel:22,relation_dossiers,rel:22|cond=rel:22:facilities:anchor,rel:22:facilities:anchor,conditioned,160,15,rel:22|conditioned|w160|rel:22|cond=rel:22:facilities:anchor,138,0.8625,False,1,False,1.0,0.13333333333333333,0.8666666666666667,1.0,0.9333333333333333,0.0,0.8,1.0,0.14285714285714285,1,14,1.0,0.17777777777777776,0.8222222222222222,1.0,0.9777777777777777,0.0,0.8,1.0,0.17777777777777776,1,15,1.0,0.2,0.8,1.0,1.0,0.0,0.8,1.0,0.2,1,15
rel:22,relation_dossiers,rel:22|cond=rel:22:facilities:anchor,rel:22:facilities:anchor,generic,20,15,rel:22|generic|w20|-,18,0.9,False,2,True,0.0,0.13333333333333333,-0.13333333333333333,1.0,0.9333333333333333,1.0,0.8,0.0,0.14285714285714285,1,14,0.0,0.19333333333333333,-0.19333333333333333,1.0,0.9777777777777777,1.0,0.7844444444444444,0.0,0.19333333333333333,1,15,0.0,0.13333333333333333,-0.13333333333333333,1.0,1.0,1.0,0.8666666666666667,0.0,0.13333333333333333,1,15
rel:22,relation_dossiers,rel:22|cond=rel:22:facilities:anchor,rel:22:facilities:anchor,generic,40,15,rel:22|generic|w40|-,37,0.925,False,2,True,0.0,0.13333333333333333,-0.13333333333333333,1.0,0.9333333333333333,1.0,0.8,0.0,0.14285714285714285,1,14,0.0,0.16666666666666666,-0.16666666666666666,1.0,0.9777777777777777,1.0,0.8111111111111111,0.0,0.16666666666666666,1,15,0.0,0.13333333333333333,-0.13333333333333333,1.0,1.0,1.0,0.8666666666666667,0.0,0.13333333333333333,1,15
rel:22,relation_dossiers,rel:22|cond=rel:22:facilities:anchor,rel:22:facilities:anchor,generic,80,15,rel:22|generic|w80|-,71,0.8875,False,2,True,1.0,0.3333333333333333,0.6666666666666667,1.0,0.9333333333333333,0.0,0.6000000000000001,1.0,0.35714285714285715,1,14,1.0,0.3777777777777777,0.6222222222222222,1.0,0.9777777777777777,0.0,0.6000000000000001,1.0,0.3777777777777777,1,15,1.0,0.4,0.6,1.0,1.0,0.0,0.6,1.0,0.4,1,15
rel:22,relation_dossiers,rel:22|cond=rel:22:facilities:anchor,rel:22:facilities:anchor,generic,160,15,rel:22|generic|w160|-,149,0.93125,False,2,True,1.0,0.5333333333333333,0.4666666666666667,1.0,0.9333333333333333,0.0,0.4,1.0,0.5714285714285714,1,14,1.0,0.6311111111111111,0.36888888888888893,1.0,0.9777777777777777,0.0,0.3466666666666667,1.0,0.6311111111111111,1,15,1.0,0.6666666666666666,0.33333333333333337,1.0,1.0,0.0,0.33333333333333337,1.0,0.6666666666666666,1,15
rel:22,relation_dossiers,rel:22|cond=rel:22:facilities:anchor,rel:22:facilities:anchor,oracle,20,15,rel:22|oracle|w20|-,19,0.95,False,2,True,0.0,0.2,-0.2,1.0,0.9333333333333333,1.0,0.7333333333333334,0.0,0.21428571428571427,1,14,0.0,0.2,-0.2,1.0,0.9777777777777777,1.0,0.7777777777777777,0.0,0.2,1,15,0.0,0.2,-0.2,1.0,1.0,1.0,0.8,0.0,0.2,1,15
rel:22,relation_dossiers,rel:22|cond=rel:22:facilities:anchor,rel:22:facilities:anchor,oracle,40,15,rel:22|oracle|w40|-,38,0.95,False,3,True,1.0,0.3333333333333333,0.6666666666666667,1.0,0.9333333333333333,0.0,0.6000000000000001,1.0,0.35714285714285715,1,14,1.0,0.36666666666666664,0.6333333333333333,1.0,0.9777777777777777,0.0,0.6111111111111112,1.0,0.36666666666666664,1,15,1.0,0.3333333333333333,0.6666666666666667,1.0,1.0,0.0,0.6666666666666667,1.0,0.3333333333333333,1,15
rel:22,relation_dossiers,rel:22|cond=rel:22:facilities:anchor,rel:22:facilities:anchor,oracle,80,15,rel:22|oracle|w80|-,76,0.95,False,2,True,1.0,0.7333333333333333,0.2666666666666667,1.0,0.9333333333333333,0.0,0.20000000000000007,1.0,0.7857142857142857,1,14,1.0,0.7777777777777778,0.2222222222222222,1.0,0.9777777777777777,0.0,0.19999999999999996,1.0,0.7777777777777778,1,15,1.0,0.8,0.19999999999999996,1.0,1.0,0.0,0.19999999999999996,1.0,0.8,1,15
rel:22,relation_dossiers,rel:22|cond=rel:22:facilities:anchor,rel:22:facilities:anchor,oracle,160,15,rel:22|oracle|w160|-,148,0.925,False,1,True,1.0,0.9333333333333333,0.06666666666666665,1.0,0.9333333333333333,0.0,0.0,1.0,1.0,1,14,1.0,0.9777777777777777,0.022222222222222254,1.0,0.9777777777777777,0.0,0.0,1.0,0.9777777777777777,1,15,1.0,1.0,0.0,1.0,1.0,0.0,0.0,1.0,1.0,1,15
rel:22,relation_dossiers,rel:22|cond=rel:22:facilities:anchor,rel:22:facilities:anchor,reusable,20,15,rel:22|reusable|w20|rel:22|cond=rel:22:facilities:anchor,17,0.85,False,1,False,1.0,0.06666666666666667,0.9333333333333333,1.0,0.9333333333333333,0.0,0.8666666666666667,1.0,0.07142857142857142,1,14,1.0,0.06666666666666667,0.9333333333333333,1.0,0.9777777777777777,0.0,0.9111111111111111,1.0,0.06666666666666667,1,15,1.0,0.06666666666666667,0.9333333333333333,1.0,1.0,0.0,0.9333333333333333,1.0,0.06666666666666667,1,15
rel:22,relation_dossiers,rel:22|cond=rel:22:facilities:anchor,rel:22:facilities:anchor,reusable,40,15,rel:22|reusable|w40|rel:22|cond=rel:22:facilities:anchor,36,0.9,False,3,False,1.0,0.06666666666666667,0.9333333333333333,1.0,0.9333333333333333,0.0,0.8666666666666667,1.0,0.07142857142857142,1,14,1.0,0.1,0.9,1.0,0.9777777777777777,0.0,0.8777777777777778,1.0,0.1,1,15,1.0,0.06666666666666667,0.9333333333333333,1.0,1.0,0.0,0.9333333333333333,1.0,0.06666666666666667,1,15
rel:22,relation_dossiers,rel:22|cond=rel:22:facilities:anchor,rel:22:facilities:anchor,reusable,80,15,rel:22|reusable|w80|rel:22|cond=rel:22:facilities:anchor,73,0.9125,False,2,False,1.0,0.13333333333333333,0.8666666666666667,1.0,0.9333333333333333,0.0,0.8,1.0,0.14285714285714285,1,14,1.0,0.16666666666666666,0.8333333333333334,1.0,0.9777777777777777,0.0,0.8111111111111111,1.0,0.16666666666666666,1,15,1.0,0.13333333333333333,0.8666666666666667,1.0,1.0,0.0,0.8666666666666667,1.0,0.13333333333333333,1,15
rel:22,relation_dossiers,rel:22|cond=rel:22:facilities:anchor,rel:22:facilities:anchor,reusable,160,15,rel:22|reusable|w160|rel:22|cond=rel:22:facilities:anchor,137,0.85625,False,2,False,1.0,0.26666666666666666,0.7333333333333334,1.0,0.9333333333333333,0.0,0.6666666666666667,1.0,0.2857142857142857,1,14,1.0,0.31111111111111106,0.6888888888888889,1.0,0.9777777777777777,0.0,0.6666666666666667,1.0,0.31111111111111106,1,15,1.0,0.3333333333333333,0.6666666666666667,1.0,1.0,0.0,0.6666666666666667,1.0,0.3333333333333333,1,15
rel:22,relation_dossiers,rel:22|cond=rel:22:finance:anchor,rel:22:finance:anchor,conditioned,20,15,rel:22|conditioned|w20|rel:22|cond=rel:22:finance:anchor,19,0.95,False,2,False,1.0,0.06666666666666667,0.9333333333333333,1.0,0.9333333333333333,0.0,0.8666666666666667,1.0,0.07142857142857142,1,14,1.0,0.06666666666666667,0.9333333333333333,1.0,0.9777777777777777,0.0,0.9111111111111111,1.0,0.06666666666666667,1,15,1.0,0.06666666666666667,0.9333333333333333,1.0,1.0,0.0,0.9333333333333333,1.0,0.06666666666666667,1,15
rel:22,relation_dossiers,rel:22|cond=rel:22:finance:anchor,rel:22:finance:anchor,conditioned,40,15,rel:22|conditioned|w40|rel:22|cond=rel:22:finance:anchor,34,0.85,False,3,False,1.0,0.06666666666666667,0.9333333333333333,1.0,0.9333333333333333,0.0,0.8666666666666667,1.0,0.07142857142857142,1,14,1.0,0.06666666666666667,0.9333333333333333,1.0,0.9777777777777777,0.0,0.9111111111111111,1.0,0.06666666666666667,1,15,1.0,0.06666666666666667,0.9333333333333333,1.0,1.0,0.0,0.9333333333333333,1.0,0.06666666666666667,1,15
rel:22,relation_dossiers,rel:22|cond=rel:22:finance:anchor,rel:22:finance:anchor,conditioned,80,15,rel:22|conditioned|w80|rel:22|cond=rel:22:finance:anchor,68,0.85,False,1,False,1.0,0.06666666666666667,0.9333333333333333,1.0,0.9333333333333333,0.0,0.8666666666666667,1.0,0.07142857142857142,1,14,1.0,0.1,0.9,1.0,0.9777777777777777,0.0,0.8777777777777778,1.0,0.1,1,15,1.0,0.06666666666666667,0.9333333333333333,1.0,1.0,0.0,0.9333333333333333,1.0,0.06666666666666667,1,15
rel:22,relation_dossiers,rel:22|cond=rel:22:finance:anchor,rel:22:finance:anchor,conditioned,160,15,rel:22|conditioned|w160|rel:22|cond=rel:22:finance:anchor,136,0.85,False,2,False,1.0,0.06666666666666667,0.9333333333333333,1.0,0.9333333333333333,0.0,0.8666666666666667,1.0,0.07142857142857142,1,14,1.0,0.06666666666666667,0.9333333333333333,1.0,0.9777777777777777,0.0,0.9111111111111111,1.0,0.06666666666666667,1,15,1.0,0.06666666666666667,0.9333333333333333,1.0,1.0,0.0,0.9333333333333333,1.0,0.06666666666666667,1,15
rel:22,relation_dossiers,rel:22|cond=rel:22:finance:anchor,rel:22:finance:anchor,generic,20,15,rel:22|generic|w20|-,18,0.9,False,2,True,0.0,0.13333333333333333,-0.13333333333333333,1.0,0.9333333333333333,1.0,0.8,0.0,0.14285714285714285,1,14,0.0,0.19333333333333333,-0.19333333333333333,1.0,0.9777777777777777,1.0,0.7844444444444444,0.0,0.19333333333333333,1,15,0.0,0.13333333333333333,-0.13333333333333333,1.0,1.0,1.0,0.8666666666666667,0.0,0.13333333333333333,1,15
rel:22,relation_dossiers,rel:22|cond=rel:22:finance:anchor,rel:22:finance:anchor,generic,40,15,rel:22|generic|w40|-,37,0.925,False,2,True,0.0,0.13333333333333333,-0.13333333333333333,1.0,0.9333333333333333,1.0,0.8,0.0,0.14285714285714285,1,14,0.0,0.16666666666666666,-0.16666666666666666,1.0,0.9777777777777777,1.0,0.8111111111111111,0.0,0.16666666666666666,1,15,0.0,0.13333333333333333,-0.13333333333333333,1.0,1.0,1.0,0.8666666666666667,0.0,0.13333333333333333,1,15
rel:22,relation_dossiers,rel:22|cond=rel:22:finance:anchor,rel:22:finance:anchor,generic,80,15,rel:22|generic|w80|-,71,0.8875,False,2,True,0.0,0.4,-0.4,1.0,0.9333333333333333,1.0,0.5333333333333333,0.0,0.42857142857142855,1,14,0.0,0.4444444444444444,-0.4444444444444444,1.0,0.9777777777777777,1.0,0.5333333333333333,0.0,0.4444444444444444,1,15,0.0,0.4666666666666667,-0.4666666666666667,1.0,1.0,1.0,0.5333333333333333,0.0,0.4666666666666667,1,15
rel:22,relation_dossiers,rel:22|cond=rel:22:finance:anchor,rel:22:finance:anchor,generic,160,15,rel:22|generic|w160|-,149,0.93125,False,2,True,1.0,0.5333333333333333,0.4666666666666667,1.0,0.9333333333333333,0.0,0.4,1.0,0.5714285714285714,1,14,1.0,0.6311111111111111,0.36888888888888893,1.0,0.9777777777777777,0.0,0.3466666666666667,1.0,0.6311111111111111,1,15,1.0,0.6666666666666666,0.33333333333333337,1.0,1.0,0.0,0.33333333333333337,1.0,0.6666666666666666,1,15
rel:22,relation_dossiers,rel:22|cond=rel:22:finance:anchor,rel:22:finance:anchor,oracle,20,15,rel:22|oracle|w20|-,19,0.95,False,2,True,0.0,0.2,-0.2,1.0,0.9333333333333333,1.0,0.7333333333333334,0.0,0.21428571428571427,1,14,0.0,0.2,-0.2,1.0,0.9777777777777777,1.0,0.7777777777777777,0.0,0.2,1,15,0.0,0.2,-0.2,1.0,1.0,1.0,0.8,0.0,0.2,1,15
rel:22,relation_dossiers,rel:22|cond=rel:22:finance:anchor,rel:22:finance:anchor,oracle,40,15,rel:22|oracle|w40|-,38,0.95,False,3,True,0.0,0.4,-0.4,1.0,0.9333333333333333,1.0,0.5333333333333333,0.0,0.42857142857142855,1,14,0.0,0.43333333333333335,-0.43333333333333335,1.0,0.9777777777777777,1.0,0.5444444444444444,0.0,0.43333333333333335,1,15,0.0,0.4,-0.4,1.0,1.0,1.0,0.6,0.0,0.4,1,15
rel:22,relation_dossiers,rel:22|cond=rel:22:finance:anchor,rel:22:finance:anchor,oracle,80,15,rel:22|oracle|w80|-,76,0.95,False,2,True,1.0,0.7333333333333333,0.2666666666666667,1.0,0.9333333333333333,0.0,0.20000000000000007,1.0,0.7857142857142857,1,14,1.0,0.7777777777777778,0.2222222222222222,1.0,0.9777777777777777,0.0,0.19999999999999996,1.0,0.7777777777777778,1,15,1.0,0.8,0.19999999999999996,1.0,1.0,0.0,0.19999999999999996,1.0,0.8,1,15
rel:22,relation_dossiers,rel:22|cond=rel:22:finance:anchor,rel:22:finance:anchor,oracle,160,15,rel:22|oracle|w160|-,148,0.925,False,1,True,1.0,0.9333333333333333,0.06666666666666665,1.0,0.9333333333333333,0.0,0.0,1.0,1.0,1,14,1.0,0.9777777777777777,0.022222222222222254,1.0,0.9777777777777777,0.0,0.0,1.0,0.9777777777777777,1,15,1.0,1.0,0.0,1.0,1.0,0.0,0.0,1.0,1.0,1,15
rel:22,relation_dossiers,rel:22|cond=rel:22:finance:anchor,rel:22:finance:anchor,reusable,20,15,rel:22|reusable|w20|rel:22|cond=rel:22:finance:anchor,18,0.9,False,2,False,1.0,0.06666666666666667,0.9333333333333333,1.0,0.9333333333333333,0.0,0.8666666666666667,1.0,0.07142857142857142,1,14,1.0,0.06666666666666667,0.9333333333333333,1.0,0.9777777777777777,0.0,0.9111111111111111,1.0,0.06666666666666667,1,15,1.0,0.06666666666666667,0.9333333333333333,1.0,1.0,0.0,0.9333333333333333,1.0,0.06666666666666667,1,15
rel:22,relation_dossiers,rel:22|cond=rel:22:finance:anchor,rel:22:finance:anchor,reusable,40,15,rel:22|reusable|w40|rel:22|cond=rel:22:finance:anchor,39,0.975,False,3,False,1.0,0.06666666666666667,0.9333333333333333,1.0,0.9333333333333333,0.0,0.8666666666666667,1.0,0.07142857142857142,1,14,1.0,0.06666666666666667,0.9333333333333333,1.0,0.9777777777777777,0.0,0.9111111111111111,1.0,0.06666666666666667,1,15,1.0,0.06666666666666667,0.9333333333333333,1.0,1.0,0.0,0.9333333333333333,1.0,0.06666666666666667,1,15
rel:22,relation_dossiers,rel:22|cond=rel:22:finance:anchor,rel:22:finance:anchor,reusable,80,15,rel:22|reusable|w80|rel:22|cond=rel:22:finance:anchor,69,0.8625,False,2,False,1.0,0.2,0.8,1.0,0.9333333333333333,0.0,0.7333333333333334,1.0,0.21428571428571427,1,14,1.0,0.2,0.8,1.0,0.9777777777777777,0.0,0.7777777777777777,1.0,0.2,1,15,1.0,0.2,0.8,1.0,1.0,0.0,0.8,1.0,0.2,1,15
rel:22,relation_dossiers,rel:22|cond=rel:22:finance:anchor,rel:22:finance:anchor,reusable,160,15,rel:22|reusable|w160|rel:22|cond=rel:22:finance:anchor,141,0.88125,False,3,False,1.0,0.26666666666666666,0.7333333333333334,1.0,0.9333333333333333,0.0,0.6666666666666667,1.0,0.2857142857142857,1,14,1.0,0.31111111111111106,0.6888888888888889,1.0,0.9777777777777777,0.0,0.6666666666666667,1.0,0.31111111111111106,1,15,1.0,0.3333333333333333,0.6666666666666667,1.0,1.0,0.0,0.6666666666666667,1.0,0.3333333333333333,1,15
rel:22,relation_dossiers,rel:22|cond=rel:22:founding:anchor,rel:22:founding:anchor,conditioned,20,15,rel:22|conditioned|w20|rel:22|cond=rel:22:founding:anchor,17,0.85,False,1,False,1.0,0.06666666666666667,0.9333333333333333,1.0,0.9333333333333333,0.0,0.8666666666666667,1.0,0.07142857142857142,1,14,1.0,0.06666666666666667,0.9333333333333333,1.0,0.9777777777777777,0.0,0.9111111111111111,1.0,0.06666666666666667,1,15,1.0,0.06666666666666667,0.9333333333333333,1.0,1.0,0.0,0.9333333333333333,1.0,0.06666666666666667,1,15
rel:22,relation_dossiers,rel:22|cond=rel:22:founding:anchor,rel:22:founding:anchor,conditioned,40,15,rel:22|conditioned|w40|rel:22|cond=rel:22:founding:anchor,38,0.95,False,2,False,1.0,0.13333333333333333,0.8666666666666667,1.0,0.9333333333333333,0.0,0.8,1.0,0.14285714285714285,1,14,1.0,0.13333333333333333,0.8666666666666667,1.0,0.9777777777777777,0.0,0.8444444444444444,1.0,0.13333333333333333,1,15,1.0,0.13333333333333333,0.8666666666666667,1.0,1.0,0.0,0.8666666666666667,1.0,0.13333333333333333,1,15
rel:22,relation_dossiers,rel:22|cond=rel:22:founding:anchor,rel:22:founding:anchor,conditioned,80,15,rel:22|conditioned|w80|rel:22|cond=rel:22:founding:anchor,71,0.8875,False,1,False,1.0,0.06666666666666667,0.9333333333333333,1.0,0.9333333333333333,0.0,0.8666666666666667,1.0,0.07142857142857142,1,14,1.0,0.06666666666666667,0.9333333333333333,1.0,0.9777777777777777,0.0,0.9111111111111111,1.0,0.06666666666666667,1,15,1.0,0.06666666666666667,0.9333333333333333,1.0,1.0,0.0,0.9333333333333333,1.0,0.06666666666666667,1,15
rel:22,relation_dossiers,rel:22|cond=rel:22:founding:anchor,rel:22:founding:anchor,conditioned,160,15,rel:22|conditioned|w160|rel:22|cond=rel:22:founding:anchor,144,0.9,False,3,False,1.0,0.4,0.6,1.0,0.9333333333333333,0.0,0.5333333333333333,1.0,0.42857142857142855,1,14,1.0,0.4,0.6,1.0,0.9777777777777777,0.0,0.5777777777777777,1.0,0.4,1,15,1.0,0.4,0.6,1.0,1.0,0.0,0.6,1.0,0.4,1,15
rel:22,relation_dossiers,rel:22|cond=rel:22:founding:anchor,rel:22:founding:anchor,generic,20,15,rel:22|generic|w20|-,18,0.9,False,2,True,1.0,0.06666666666666667,0.9333333333333333,1.0,0.9333333333333333,0.0,0.8666666666666667,1.0,0.07142857142857142,1,14,1.0,0.12666666666666665,0.8733333333333333,1.0,0.9777777777777777,0.0,0.8511111111111112,1.0,0.12666666666666665,1,15,1.0,0.06666666666666667,0.9333333333333333,1.0,1.0,0.0,0.9333333333333333,1.0,0.06666666666666667,1,15
rel:22,relation_dossiers,rel:22|cond=rel:22:founding:anchor,rel:22:founding:anchor,generic,40,15,rel:22|generic|w40|-,37,0.925,False,2,True,1.0,0.06666666666666667,0.9333333333333333,1.0,0.9333333333333333,0.0,0.8666666666666667,1.0,0.07142857142857142,1,14,1.0,0.1,0.9,1.0,0.9777777777777777,0.0,0.8777777777777778,1.0,0.1,1,15,1.0,0.06666666666666667,0.9333333333333333,1.0,1.0,0.0,0.9333333333333333,1.0,0.06666666666666667,1,15
rel:22,relation_dossiers,rel:22|cond=rel:22:founding:anchor,rel:22:founding:anchor,generic,80,15,rel:22|generic|w80|-,71,0.8875,False,2,True,1.0,0.3333333333333333,0.6666666666666667,1.0,0.9333333333333333,0.0,0.6000000000000001,1.0,0.35714285714285715,1,14,1.0,0.3777777777777777,0.6222222222222222,1.0,0.9777777777777777,0.0,0.6000000000000001,1.0,0.3777777777777777,1,15,1.0,0.4,0.6,1.0,1.0,0.0,0.6,1.0,0.4,1,15
rel:22,relation_dossiers,rel:22|cond=rel:22:founding:anchor,rel:22:founding:anchor,generic,160,15,rel:22|generic|w160|-,149,0.93125,False,2,True,1.0,0.5333333333333333,0.4666666666666667,1.0,0.9333333333333333,0.0,0.4,1.0,0.5714285714285714,1,14,1.0,0.6311111111111111,0.36888888888888893,1.0,0.9777777777777777,0.0,0.3466666666666667,1.0,0.6311111111111111,1,15,1.0,0.6666666666666666,0.33333333333333337,1.0,1.0,0.0,0.33333333333333337,1.0,0.6666666666666666,1,15
rel:22,relation_dossiers,rel:22|cond=rel:22:founding:anchor,rel:22:founding:anchor,oracle,20,15,rel:22|oracle|w20|-,19,0.95,False,2,True,1.0,0.13333333333333333,0.8666666666666667,1.0,0.9333333333333333,0.0,0.8,1.0,0.14285714285714285,1,14,1.0,0.13333333333333333,0.8666666666666667,1.0,0.9777777777777777,0.0,0.8444444444444444,1.0,0.13333333333333333,1,15,1.0,0.13333333333333333,0.8666666666666667,1.0,1.0,0.0,0.8666666666666667,1.0,0.13333333333333333,1,15
rel:22,relation_dossiers,rel:22|cond=rel:22:founding:anchor,rel:22:founding:anchor,oracle,40,15,rel:22|oracle|w40|-,38,0.95,False,3,True,1.0,0.3333333333333333,0.6666666666666667,1.0,0.9333333333333333,0.0,0.6000000000000001,1.0,0.35714285714285715,1,14,1.0,0.36666666666666664,0.6333333333333333,1.0,0.9777777777777777,0.0,0.6111111111111112,1.0,0.36666666666666664,1,15,1.0,0.3333333333333333,0.6666666666666667,1.0,1.0,0.0,0.6666666666666667,1.0,0.3333333333333333,1,15
rel:22,relation_dossiers,rel:22|cond=rel:22:founding:anchor,rel:22:founding:anchor,oracle,80,15,rel:22|oracle|w80|-,76,0.95,False,2,True,1.0,0.7333333333333333,0.2666666666666667,1.0,0.9333333333333333,0.0,0.20000000000000007,1.0,0.7857142857142857,1,14,1.0,0.7777777777777778,0.2222222222222222,1.0,0.9777777777777777,0.0,0.19999999999999996,1.0,0.7777777777777778,1,15,1.0,0.8,0.19999999999999996,1.0,1.0,0.0,0.19999999999999996,1.0,0.8,1,15
rel:22,relation_dossiers,rel:22|cond=rel:22:founding:anchor,rel:22:founding:anchor,oracle,160,15,rel:22|oracle|w160|-,148,0.925,False,1,True,1.0,0.9333333333333333,0.06666666666666665,1.0,0.9333333333333333,0.0,0.0,1.0,1.0,1,14,1.0,0.9777777777777777,0.022222222222222254,1.0,0.9777777777777777,0.0,0.0,1.0,0.9777777777777777,1,15,1.0,1.0,0.0,1.0,1.0,0.0,0.0,1.0,1.0,1,15
rel:22,relation_dossiers,rel:22|cond=rel:22:founding:anchor,rel:22:founding:anchor,reusable,20,15,rel:22|reusable|w20|rel:22|cond=rel:22:founding:anchor,17,0.85,False,1,False,1.0,0.06666666666666667,0.9333333333333333,1.0,0.9333333333333333,0.0,0.8666666666666667,1.0,0.07142857142857142,1,14,1.0,0.06666666666666667,0.9333333333333333,1.0,0.9777777777777777,0.0,0.9111111111111111,1.0,0.06666666666666667,1,15,1.0,0.06666666666666667,0.9333333333333333,1.0,1.0,0.0,0.9333333333333333,1.0,0.06666666666666667,1,15
rel:22,relation_dossiers,rel:22|cond=rel:22:founding:anchor,rel:22:founding:anchor,reusable,40,15,rel:22|reusable|w40|rel:22|cond=rel:22:founding:anchor,38,0.95,False,1,False,1.0,0.06666666666666667,0.9333333333333333,1.0,0.9333333333333333,0.0,0.8666666666666667,1.0,0.07142857142857142,1,14,1.0,0.06666666666666667,0.9333333333333333,1.0,0.9777777777777777,0.0,0.9111111111111111,1.0,0.06666666666666667,1,15,1.0,0.06666666666666667,0.9333333333333333,1.0,1.0,0.0,0.9333333333333333,1.0,0.06666666666666667,1,15
rel:22,relation_dossiers,rel:22|cond=rel:22:founding:anchor,rel:22:founding:anchor,reusable,80,15,rel:22|reusable|w80|rel:22|cond=rel:22:founding:anchor,71,0.8875,False,2,False,1.0,0.2,0.8,1.0,0.9333333333333333,0.0,0.7333333333333334,1.0,0.21428571428571427,1,14,1.0,0.2,0.8,1.0,0.9777777777777777,0.0,0.7777777777777777,1.0,0.2,1,15,1.0,0.2,0.8,1.0,1.0,0.0,0.8,1.0,0.2,1,15
rel:22,relation_dossiers,rel:22|cond=rel:22:founding:anchor,rel:22:founding:anchor,reusable,160,15,rel:22|reusable|w160|rel:22|cond=rel:22:founding:anchor,141,0.88125,False,2,False,1.0,0.5333333333333333,0.4666666666666667,1.0,0.9333333333333333,0.0,0.4,1.0,0.5714285714285714,1,14,1.0,0.5777777777777777,0.4222222222222223,1.0,0.9777777777777777,0.0,0.4,1.0,0.5777777777777777,1,15,1.0,0.6,0.4,1.0,1.0,0.0,0.4,1.0,0.6,1,15
rel:23,relation_dossiers,rel:23|cond=rel:23:custom:anchor,rel:23:custom:anchor,conditioned,20,15,rel:23|conditioned|w20|rel:23|cond=rel:23:custom:anchor,20,1.0,False,1,False,1.0,0.06666666666666667,0.9333333333333333,1.0,0.9333333333333333,0.0,0.8666666666666667,1.0,0.07142857142857142,1,14,1.0,0.06666666666666667,0.9333333333333333,1.0,0.9777777777777777,0.0,0.9111111111111111,1.0,0.06666666666666667,1,15,1.0,0.06666666666666667,0.9333333333333333,1.0,1.0,0.0,0.9333333333333333,1.0,0.06666666666666667,1,15
rel:23,relation_dossiers,rel:23|cond=rel:23:custom:anchor,rel:23:custom:anchor,conditioned,40,15,rel:23|conditioned|w40|rel:23|cond=rel:23:custom:anchor,34,0.85,False,1,False,1.0,0.06666666666666667,0.9333333333333333,1.0,0.9333333333333333,0.0,0.8666666666666667,1.0,0.07142857142857142,1,14,1.0,0.06666666666666667,0.9333333333333333,1.0,0.9777777777777777,0.0,0.9111111111111111,1.0,0.06666666666666667,1,15,1.0,0.06666666666666667,0.9333333333333333,1.0,1.0,0.0,0.9333333333333333,1.0,0.06666666666666667,1,15
rel:23,relation_dossiers,rel:23|cond=rel:23:custom:anchor,rel:23:custom:anchor,conditioned,80,15,rel:23|conditioned|w80|rel:23|cond=rel:23:custom:anchor,76,0.95,False,2,False,1.0,0.13333333333333333,0.8666666666666667,1.0,0.9333333333333333,0.0,0.8,1.0,0.14285714285714285,1,14,1.0,0.13333333333333333,0.8666666666666667,1.0,0.9777777777777777,0.0,0.8444444444444444,1.0,0.13333333333333333,1,15,1.0,0.13333333333333333,0.8666666666666667,1.0,1.0,0.0,0.8666666666666667,1.0,0.13333333333333333,1,15
rel:23,relation_dossiers,rel:23|cond=rel:23:custom:anchor,rel:23:custom:anchor,conditioned,160,15,rel:23|conditioned|w160|rel:23|cond=rel:23:custom:anchor,157,0.98125,False,2,False,1.0,0.2,0.8,1.0,0.9333333333333333,0.0,0.7333333333333334,1.0,0.21428571428571427,1,14,1.0,0.22666666666666666,0.7733333333333333,1.0,0.9777777777777777,0.0,0.7511111111111111,1.0,0.22666666666666666,1,15,1.0,0.2,0.8,1.0,1.0,0.0,0.8,1.0,0.2,1,15
rel:23,relation_dossiers,rel:23|cond=rel:23:custom:anchor,rel:23:custom:anchor,generic,20,15,rel:23|generic|w20|-,20,1.0,False,1,True,0.0,0.0,0.0,1.0,0.9333333333333333,1.0,0.9333333333333333,0.0,0.0,1,14,0.0,0.1,-0.1,1.0,0.9777777777777777,1.0,0.8777777777777778,0.0,0.1,1,15,0.0,0.0,0.0,1.0,1.0,1.0,1.0,0.0,0.0,1,15
rel:23,relation_dossiers,rel:23|cond=rel:23:custom:anchor,rel:23:custom:anchor,generic,40,15,rel:23|generic|w40|-,36,0.9,False,1,True,0.0,0.13333333333333333,-0.13333333333333333,1.0,0.9333333333333333,1.0,0.8,0.0,0.14285714285714285,1,14,0.0,0.2533333333333333,-0.2533333333333333,1.0,0.9777777777777777,1.0,0.7244444444444444,0.0,0.2533333333333333,1,15,0.0,0.13333333333333333,-0.13333333333333333,1.0,1.0,1.0,0.8666666666666667,0.0,0.13333333333333333,1,15
rel:23,relation_dossiers,rel:23|cond=rel:23:custom:anchor,rel:23:custom:anchor,generic,80,15,rel:23|generic|w80|-,75,0.9375,False,2,True,0.0,0.06666666666666667,-0.06666666666666667,1.0,0.9333333333333333,1.0,0.8666666666666667,0.0,0.07142857142857142,1,14,0.0,0.15555555555555553,-0.15555555555555553,1.0,0.9777777777777777,1.0,0.8222222222222222,0.0,0.15555555555555553,1,15,0.0,0.2,-0.2,1.0,1.0,1.0,0.8,0.0,0.2,1,15
rel:23,relation_dossiers,rel:23|cond=rel:23:custom:anchor,rel:23:custom:anchor,generic,160,15,rel:23|generic|w160|-,138,0.8625,False,1,True,1.0,0.3333333333333333,0.6666666666666667,1.0,0.9333333333333333,0.0,0.6000000000000001,1.0,0.35714285714285715,1,14,1.0,0.4,0.6,1.0,0.9777777777777777,0.0,0.5777777777777777,1.0,0.4,1,15,1.0,0.3333333333333333,0.6666666666666667,1.0,1.0,0.0,0.6666666666666667,1.0,0.3333333333333333,1,15
rel:23,relation_dossiers,rel:23|cond=rel:23:custom:anchor,rel:23:custom:anchor,oracle,20,15,rel:23|oracle|w20|-,20,1.0,False,2,True,0.0,0.2,-0.2,1.0,0.9333333333333333,1.0,0.7333333333333334,0.0,0.21428571428571427,1,14,0.0,0.3,-0.3,1.0,0.9777777777777777,1.0,0.6777777777777778,0.0,0.3,1,15,0.0,0.26666666666666666,-0.26666666666666666,1.0,1.0,1.0,0.7333333333333334,0.0,0.26666666666666666,1,15
rel:23,relation_dossiers,rel:23|cond=rel:23:custom:anchor,rel:23:custom:anchor,oracle,40,15,rel:23|oracle|w40|-,37,0.925,False,2,True,0.0,0.5333333333333333,-0.5333333333333333,1.0,0.9333333333333333,1.0,0.4,0.0,0.5714285714285714,1,14,0.0,0.5666666666666667,-0.5666666666666667,1.0,0.9777777777777777,1.0,0.4111111111111111,0.0,0.5666666666666667,1,15,0.0,0.5333333333333333,-0.5333333333333333,1.0,1.0,1.0,0.4666666666666667,0.0,0.5333333333333333,1,15
rel:23,relation_dossiers,rel:23|cond=rel:23:custom:anchor,rel:23:custom:anchor,oracle,80,15,rel:23|oracle|w80|-,78,0.975,False,2,True,0.0,0.7333333333333333,-0.7333333333333333,1.0,0.9333333333333333,1.0,0.20000000000000007,0.0,0.7857142857142857,1,14,0.0,0.7777777777777778,-0.7777777777777778,1.0,0.9777777777777777,1.0,0.19999999999999996,0.0,0.7777777777777778,1,15,0.0,0.8,-0.8,1.0,1.0,1.0,0.19999999999999996,0.0,0.8,1,15
rel:23,relation_dossiers,rel:23|cond=rel:23:custom:anchor,rel:23:custom:anchor,oracle,160,15,rel:23|oracle|w160|-,149,0.93125,False,1,True,1.0,0.8666666666666667,0.1333333333333333,1.0,0.9333333333333333,0.0,0.06666666666666665,1.0,0.9285714285714286,1,14,1.0,0.9111111111111111,0.0888888888888889,1.0,0.9777777777777777,0.0,0.06666666666666665,1.0,0.9111111111111111,1,15,1.0,0.9333333333333333,0.06666666666666665,1.0,1.0,0.0,0.06666666666666665,1.0,0.9333333333333333,1,15
rel:23,relation_dossiers,rel:23|cond=rel:23:custom:anchor,rel:23:custom:anchor,reusable,20,15,rel:23|reusable|w20|rel:23|cond=rel:23:custom:anchor,20,1.0,False,1,False,1.0,0.06666666666666667,0.9333333333333333,1.0,0.9333333333333333,0.0,0.8666666666666667,1.0,0.07142857142857142,1,14,1.0,0.06666666666666667,0.9333333333333333,1.0,0.9777777777777777,0.0,0.9111111111111111,1.0,0.06666666666666667,1,15,1.0,0.06666666666666667,0.9333333333333333,1.0,1.0,0.0,0.9333333333333333,1.0,0.06666666666666667,1,15
rel:23,relation_dossiers,rel:23|cond=rel:23:custom:anchor,rel:23:custom:anchor,reusable,40,15,rel:23|reusable|w40|rel:23|cond=rel:23:custom:anchor,39,0.975,False,2,False,1.0,0.13333333333333333,0.8666666666666667,1.0,0.9333333333333333,0.0,0.8,1.0,0.14285714285714285,1,14,1.0,0.13333333333333333,0.8666666666666667,1.0,0.9777777777777777,0.0,0.8444444444444444,1.0,0.13333333333333333,1,15,1.0,0.13333333333333333,0.8666666666666667,1.0,1.0,0.0,0.8666666666666667,1.0,0.13333333333333333,1,15
rel:23,relation_dossiers,rel:23|cond=rel:23:custom:anchor,rel:23:custom:anchor,reusable,80,15,rel:23|reusable|w80|rel:23|cond=rel:23:custom:anchor,71,0.8875,False,3,False,1.0,0.2,0.8,1.0,0.9333333333333333,0.0,0.7333333333333334,1.0,0.21428571428571427,1,14,1.0,0.2,0.8,1.0,0.9777777777777777,0.0,0.7777777777777777,1.0,0.2,1,15,1.0,0.2,0.8,1.0,1.0,0.0,0.8,1.0,0.2,1,15
rel:23,relation_dossiers,rel:23|cond=rel:23:custom:anchor,rel:23:custom:anchor,reusable,160,15,rel:23|reusable|w160|rel:23|cond=rel:23:custom:anchor,153,0.95625,False,2,False,1.0,0.2,0.8,1.0,0.9333333333333333,0.0,0.7333333333333334,1.0,0.21428571428571427,1,14,1.0,0.24444444444444444,0.7555555555555555,1.0,0.9777777777777777,0.0,0.7333333333333333,1.0,0.24444444444444444,1,15,1.0,0.26666666666666666,0.7333333333333334,1.0,1.0,0.0,0.7333333333333334,1.0,0.26666666666666666,1,15
rel:23,relation_dossiers,rel:23|cond=rel:23:facilities:anchor,rel:23:facilities:anchor,conditioned,20,15,rel:23|conditioned|w20|rel:23|cond=rel:23:facilities:anchor,19,0.95,False,1,False,1.0,0.06666666666666667,0.9333333333333333,1.0,0.9333333333333333,0.0,0.8666666666666667,1.0,0.07142857142857142,1,14,1.0,0.11999999999999998,0.88,1.0,0.9777777777777777,0.0,0.8577777777777778,1.0,0.11999999999999998,1,15,1.0,0.06666666666666667,0.9333333333333333,1.0,1.0,0.0,0.9333333333333333,1.0,0.06666666666666667,1,15
rel:23,relation_dossiers,rel:23|cond=rel:23:facilities:anchor,rel:23:facilities:anchor,conditioned,40,15,rel:23|conditioned|w40|rel:23|cond=rel:23:facilities:anchor,38,0.95,False,2,False,1.0,0.0,1.0,1.0,0.9333333333333333,0.0,0.9333333333333333,1.0,0.0,1,14,1.0,0.04444444444444444,0.9555555555555556,1.0,0.9777777777777777,0.0,0.9333333333333333,1.0,0.04444444444444444,1,15,1.0,0.06666666666666667,0.9333333333333333,1.0,1.0,0.0,0.9333333333333333,1.0,0.06666666666666667,1,15
rel:23,relation_dossiers,rel:23|cond=rel:23:facilities:anchor,rel:23:facilities:anchor,conditioned,80,15,rel:23|conditioned|w80|rel:23|cond=rel:23:facilities:anchor,76,0.95,False,3,False,1.0,0.13333333333333333,0.8666666666666667,1.0,0.9333333333333333,0.0,0.8,1.0,0.14285714285714285,1,14,1.0,0.17777777777777776,0.8222222222222222,1.0,0.9777777777777777,0.0,0.8,1.0,0.17777777777777776,1,15,1.0,0.2,0.8,1.0,1.0,0.0,0.8,1.0,0.2,1,15
rel:23,relation_dossiers,rel:23|cond=rel:23:facilities:anchor,rel:23:facilities:anchor,conditioned,160,15,rel:23|conditioned|w160|rel:23|cond=rel:23:facilities:anchor,145,0.90625,False,2,False,1.0,0.06666666666666667,0.9333333333333333,1.0,0.9333333333333333,0.0,0.8666666666666667,1.0,0.07142857142857142,1,14,1.0,0.13333333333333333,0.8666666666666667,1.0,0.9777777777777777,0.0,0.8444444444444444,1.0,0.13333333333333333,1,15,1.0,0.13333333333333333,0.8666666666666667,1.0,1.0,0.0,0.8666666666666667,1.0,0.13333333333333333,1,15
rel:23,relation_dossiers,rel:23|cond=rel:23:facilities:anchor,rel:23:facilities:anchor,generic,20,15,rel:23|generic|w20|-,20,1.0,False,1,True,0.0,0.0,0.0,1.0,0.9333333333333333,1.0,0.9333333333333333,0.0,0.0,1,14,0.0,0.1,-0.1,1.0,0.9777777777777777,1.0,0.8777777777777778,0.0,0.1,1,15,0.0,0.0,0.0,1.0,1.0,1.0,1.0,0.0,0.0,1,15
rel:23,relation_dossiers,rel:23|cond=rel:23:facilities:anchor,rel:23:facilities:anchor,generic,40,15,rel:23|generic|w40|-,36,0.9,False,1,True,1.0,0.06666666666666667,0.9333333333333333,1.0,0.9333333333333333,0.0,0.8666666666666667,1.0,0.07142857142857142,1,14,1.0,0.18666666666666665,0.8133333333333334,1.0,0.9777777777777777,0.0,0.7911111111111111,1.0,0.18666666666666665,1,15,1.0,0.06666666666666667,0.9333333333333333,1.0,1.0,0.0,0.9333333333333333,1.0,0.06666666666666667,1,15
rel:23,relation_dossiers,rel:23|cond=rel:23:facilities:anchor,rel:23:facilities:anchor,generic,80,15,rel:23|generic|w80|-,75,0.9375,False,2,True,1.0,0.0,1.0,1.0,0.9333333333333333,0.0,0.9333333333333333,1.0,0.0,1,14,1.0,0.08888888888888888,0.9111111111111111,1.0,0.9777777777777777,0.0,0.8888888888888888,1.0,0.08888888888888888,1,15,1.0,0.13333333333333333,0.8666666666666667,1.0,1.0,0.0,0.8666666666666667,1.0,0.13333333333333333,1,15
rel:23,relation_dossiers,rel:23|cond=rel:23:facilities:anchor,rel:23:facilities:anchor,generic,160,15,rel:23|generic|w160|-,138,0.8625,False,1,True,1.0,0.3333333333333333,0.6666666666666667,1.0,0.9333333333333333,0.0,0.6000000000000001,1.0,0.35714285714285715,1,14,1.0,0.4,0.6,1.0,0.9777777777777777,0.0,0.5777777777777777,1.0,0.4,1,15,1.0,0.3333333333333333,0.6666666666666667,1.0,1.0,0.0,0.6666666666666667,1.0,0.3333333333333333,1,15
rel:23,relation_dossiers,rel:23|cond=rel:23:facilities:anchor,rel:23:facilities:anchor,oracle,20,15,rel:23|oracle|w20|-,20,1.0,False,2,True,0.0,0.2,-0.2,1.0,0.9333333333333333,1.0,0.7333333333333334,0.0,0.21428571428571427,1,14,0.0,0.3,-0.3,1.0,0.9777777777777777,1.0,0.6777777777777778,0.0,0.3,1,15,0.0,0.26666666666666666,-0.26666666666666666,1.0,1.0,1.0,0.7333333333333334,0.0,0.26666666666666666,1,15
rel:23,relation_dossiers,rel:23|cond=rel:23:facilities:anchor,rel:23:facilities:anchor,oracle,40,15,rel:23|oracle|w40|-,37,0.925,False,2,True,1.0,0.4666666666666667,0.5333333333333333,1.0,0.9333333333333333,0.0,0.4666666666666667,1.0,0.5,1,14,1.0,0.5,0.5,1.0,0.9777777777777777,0.0,0.47777777777777775,1.0,0.5,1,15,1.0,0.4666666666666667,0.5333333333333333,1.0,1.0,0.0,0.5333333333333333,1.0,0.4666666666666667,1,15
rel:23,relation_dossiers,rel:23|cond=rel:23:facilities:anchor,rel:23:facilities:anchor,oracle,80,15,rel:23|oracle|w80|-,78,0.975,False,2,True,1.0,0.6666666666666666,0.33333333333333337,1.0,0.9333333333333333,0.0,0.2666666666666667,1.0,0.7142857142857143,1,14,1.0,0.711111111111111,0.288888888888889,1.0,0.9777777777777777,0.0,0.2666666666666667,1.0,0.711111111111111,1,15,1.0,0.7333333333333333,0.2666666666666667,1.0,1.0,0.0,0.2666666666666667,1.0,0.7333333333333333,1,15
rel:23,relation_dossiers,rel:23|cond=rel:23:facilities:anchor,rel:23:facilities:anchor,oracle,160,15,rel:23|oracle|w160|-,149,0.93125,False,1,True,1.0,0.8666666666666667,0.1333333333333333,1.0,0.9333333333333333,0.0,0.06666666666666665,1.0,0.9285714285714286,1,14,1.0,0.9111111111111111,0.0888888888888889,1.0,0.9777777777777777,0.0,0.06666666666666665,1.0,0.9111111111111111,1,15,1.0,0.9333333333333333,0.06666666666666665,1.0,1.0,0.0,0.06666666666666665,1.0,0.9333333333333333,1,15
rel:23,relation_dossiers,rel:23|cond=rel:23:facilities:anchor,rel:23:facilities:anchor,reusable,20,15,rel:23|reusable|w20|rel:23|cond=rel:23:facilities:anchor,20,1.0,False,2,False,1.0,0.0,1.0,1.0,0.9333333333333333,0.0,0.9333333333333333,1.0,0.0,1,14,1.0,0.12444444444444444,0.8755555555555555,1.0,0.9777777777777777,0.0,0.8533333333333333,1.0,0.12444444444444444,1,15,1.0,0.06666666666666667,0.9333333333333333,1.0,1.0,0.0,0.9333333333333333,1.0,0.06666666666666667,1,15
rel:23,relation_dossiers,rel:23|cond=rel:23:facilities:anchor,rel:23:facilities:anchor,reusable,40,15,rel:23|reusable|w40|rel:23|cond=rel:23:facilities:anchor,40,1.0,False,1,False,1.0,0.0,1.0,1.0,0.9333333333333333,0.0,0.9333333333333333,1.0,0.0,1,14,1.0,0.04444444444444444,0.9555555555555556,1.0,0.9777777777777777,0.0,0.9333333333333333,1.0,0.04444444444444444,1,15,1.0,0.06666666666666667,0.9333333333333333,1.0,1.0,0.0,0.9333333333333333,1.0,0.06666666666666667,1,15
rel:23,relation_dossiers,rel:23|cond=rel:23:facilities:anchor,rel:23:facilities:anchor,reusable,80,15,rel:23|reusable|w80|rel:23|cond=rel:23:facilities:anchor,69,0.8625,False,2,False,1.0,0.06666666666666667,0.9333333333333333,1.0,0.9333333333333333,0.0,0.8666666666666667,1.0,0.07142857142857142,1,14,1.0,0.19111111111111112,0.8088888888888889,1.0,0.9777777777777777,0.0,0.7866666666666666,1.0,0.19111111111111112,1,15,1.0,0.2,0.8,1.0,1.0,0.0,0.8,1.0,0.2,1,15
rel:23,relation_dossiers,rel:23|cond=rel:23:facilities:anchor,rel:23:facilities:anchor,reusable,160,15,rel:23|reusable|w160|rel:23|cond=rel:23:facilities:anchor,153,0.95625,False,2,False,1.0,0.26666666666666666,0.7333333333333334,1.0,0.9333333333333333,0.0,0.6666666666666667,1.0,0.2857142857142857,1,14,1.0,0.32,0.6799999999999999,1.0,0.9777777777777777,0.0,0.6577777777777778,1.0,0.32,1,15,1.0,0.3333333333333333,0.6666666666666667,1.0,1.0,0.0,0.6666666666666667,1.0,0.3333333333333333,1,15
rel:23,relation_dossiers,rel:23|cond=rel:23:finance:anchor,rel:23:finance:anchor,conditioned,20,15,rel:23|conditioned|w20|rel:23|cond=rel:23:finance:anchor,17,0.85,False,3,False,0.0,0.0,0.0,1.0,0.9333333333333333,1.0,0.9333333333333333,0.0,0.0,1,14,0.6666666666666666,0.08136752136752136,0.5852991452991453,1.0,0.9777777777777777,0.33333333333333337,0.8964102564102564,0.6666666666666666,0.08136752136752136,1,15,1.0,0.06666666666666667,0.9333333333333333,1.0,1.0,0.0,0.9333333333333333,1.0,0.06666666666666667,1,15
rel:23,relation_dossiers,rel:23|cond=rel:23:finance:anchor,rel:23:finance:anchor,conditioned,40,15,rel:23|conditioned|w40|rel:23|cond=rel:23:finance:anchor,34,0.85,False,3,False,0.0,0.06666666666666667,-0.06666666666666667,1.0,0.9333333333333333,1.0,0.8666666666666667,0.0,0.07142857142857142,1,14,0.6666666666666666,0.06666666666666667,0.6,1.0,0.9777777777777777,0.33333333333333337,0.9111111111111111,0.6666666666666666,0.06666666666666667,1,15,1.0,0.06666666666666667,0.9333333333333333,1.0,1.0,0.0,0.9333333333333333,1.0,0.06666666666666667,1,15
rel:23,relation_dossiers,rel:23|cond=rel:23:finance:anchor,rel:23:finance:anchor,conditioned,80,15,rel:23|conditioned|w80|rel:23|cond=rel:23:finance:anchor,69,0.8625,False,1,False,1.0,0.06666666666666667,0.9333333333333333,1.0,0.9333333333333333,0.0,0.8666666666666667,1.0,0.07142857142857142,1,14,1.0,0.06666666666666667,0.9333333333333333,1.0,0.9777777777777777,0.0,0.9111111111111111,1.0,0.06666666666666667,1,15,1.0,0.06666666666666667,0.9333333333333333,1.0,1.0,0.0,0.9333333333333333,1.0,0.06666666666666667,1,15
rel:23,relation_dossiers,rel:23|cond=rel:23:finance:anchor,rel:23:finance:anchor,conditioned,160,15,rel:23|conditioned|w160|rel:23|cond=rel:23:finance:anchor,141,0.88125,False,2,False,1.0,0.06666666666666667,0.9333333333333333,1.0,0.9333333333333333,0.0,0.8666666666666667,1.0,0.07142857142857142,1,14,1.0,0.09333333333333332,0.9066666666666667,1.0,0.9777777777777777,0.0,0.8844444444444444,1.0,0.09333333333333332,1,15,1.0,0.06666666666666667,0.9333333333333333,1.0,1.0,0.0,0.9333333333333333,1.0,0.06666666666666667,1,15
rel:23,relation_dossiers,rel:23|cond=rel:23:finance:anchor,rel:23:finance:anchor,generic,20,15,rel:23|generic|w20|-,20,1.0,False,1,True,0.0,0.0,0.0,1.0,0.9333333333333333,1.0,0.9333333333333333,0.0,0.0,1,14,0.0,0.1,-0.1,1.0,0.9777777777777777,1.0,0.8777777777777778,0.0,0.1,1,15,0.0,0.0,0.0,1.0,1.0,1.0,1.0,0.0,0.0,1,15
rel:23,relation_dossiers,rel:23|cond=rel:23:finance:anchor,rel:23:finance:anchor,generic,40,15,rel:23|generic|w40|-,36,0.9,False,1,True,0.0,0.13333333333333333,-0.13333333333333333,1.0,0.9333333333333333,1.0,0.8,0.0,0.14285714285714285,1,14,0.0,0.2533333333333333,-0.2533333333333333,1.0,0.9777777777777777,1.0,0.7244444444444444,0.0,0.2533333333333333,1,15,0.0,0.13333333333333333,-0.13333333333333333,1.0,1.0,1.0,0.8666666666666667,0.0,0.13333333333333333,1,15
rel:23,relation_dossiers,rel:23|cond=rel:23:finance:anchor,rel:23:finance:anchor,generic,80,15,rel:23|generic|w80|-,75,0.9375,False,2,True,0.0,0.06666666666666667,-0.06666666666666667,1.0,0.9333333333333333,1.0,0.8666666666666667,0.0,0.07142857142857142,1,14,0.0,0.15555555555555553,-0.15555555555555553,1.0,0.9777777777777777,1.0,0.8222222222222222,0.0,0.15555555555555553,1,15,0.0,0.2,-0.2,1.0,1.0,1.0,0.8,0.0,0.2,1,15
rel:23,relation_dossiers,rel:23|cond=rel:23:finance:anchor,rel:23:finance:anchor,generic,160,15,rel:23|generic|w160|-,138,0.8625,False,1,True,0.0,0.4,-0.4,1.0,0.9333333333333333,1.0,0.5333333333333333,0.0,0.42857142857142855,1,14,0.0,0.4666666666666667,-0.4666666666666667,1.0,0.9777777777777777,1.0,0.5111111111111111,0.0,0.4666666666666667,1,15,0.0,0.4,-0.4,1.0,1.0,1.0,0.6,0.0,0.4,1,15
rel:23,relation_dossiers,rel:23|cond=rel:23:finance:anchor,rel:23:finance:anchor,oracle,20,15,rel:23|oracle|w20|-,20,1.0,False,2,True,0.0,0.2,-0.2,1.0,0.9333333333333333,1.0,0.7333333333333334,0.0,0.21428571428571427,1,14,0.0,0.3,-0.3,1.0,0.9777777777777777,1.0,0.6777777777777778,0.0,0.3,1,15,0.0,0.26666666666666666,-0.26666666666666666,1.0,1.0,1.0,0.7333333333333334,0.0,0.26666666666666666,1,15
rel:23,relation_dossiers,rel:23|cond=rel:23:finance:anchor,rel:23:finance:anchor,oracle,40,15,rel:23|oracle|w40|-,37,0.925,False,2,True,1.0,0.4666666666666667,0.5333333333333333,1.0,0.9333333333333333,0.0,0.4666666666666667,1.0,0.5,1,14,1.0,0.5,0.5,1.0,0.9777777777777777,0.0,0.47777777777777775,1.0,0.5,1,15,1.0,0.4666666666666667,0.5333333333333333,1.0,1.0,0.0,0.5333333333333333,1.0,0.4666666666666667,1,15
rel:23,relation_dossiers,rel:23|cond=rel:23:finance:anchor,rel:23:finance:anchor,oracle,80,15,rel:23|oracle|w80|-,78,0.975,False,2,True,1.0,0.6666666666666666,0.33333333333333337,1.0,0.9333333333333333,0.0,0.2666666666666667,1.0,0.7142857142857143,1,14,1.0,0.711111111111111,0.288888888888889,1.0,0.9777777777777777,0.0,0.2666666666666667,1.0,0.711111111111111,1,15,1.0,0.7333333333333333,0.2666666666666667,1.0,1.0,0.0,0.2666666666666667,1.0,0.7333333333333333,1,15
rel:23,relation_dossiers,rel:23|cond=rel:23:finance:anchor,rel:23:finance:anchor,oracle,160,15,rel:23|oracle|w160|-,149,0.93125,False,1,True,1.0,0.8666666666666667,0.1333333333333333,1.0,0.9333333333333333,0.0,0.06666666666666665,1.0,0.9285714285714286,1,14,1.0,0.9111111111111111,0.0888888888888889,1.0,0.9777777777777777,0.0,0.06666666666666665,1.0,0.9111111111111111,1,15,1.0,0.9333333333333333,0.06666666666666665,1.0,1.0,0.0,0.06666666666666665,1.0,0.9333333333333333,1,15
rel:23,relation_dossiers,rel:23|cond=rel:23:finance:anchor,rel:23:finance:anchor,reusable,20,15,rel:23|reusable|w20|rel:23|cond=rel:23:finance:anchor,19,0.95,False,3,False,0.0,0.0,0.0,1.0,0.9333333333333333,1.0,0.9333333333333333,0.0,0.0,1,14,0.6666666666666666,0.04444444444444444,0.6222222222222222,1.0,0.9777777777777777,0.33333333333333337,0.9333333333333333,0.6666666666666666,0.04444444444444444,1,15,1.0,0.06666666666666667,0.9333333333333333,1.0,1.0,0.0,0.9333333333333333,1.0,0.06666666666666667,1,15
rel:23,relation_dossiers,rel:23|cond=rel:23:finance:anchor,rel:23:finance:anchor,reusable,40,15,rel:23|reusable|w40|rel:23|cond=rel:23:finance:anchor,35,0.875,False,3,False,0.0,0.0,0.0,1.0,0.9333333333333333,1.0,0.9333333333333333,0.0,0.0,1,14,0.6666666666666666,0.07111111111111111,0.5955555555555555,1.0,0.9777777777777777,0.33333333333333337,0.9066666666666666,0.6666666666666666,0.07111111111111111,1,15,1.0,0.06666666666666667,0.9333333333333333,1.0,1.0,0.0,0.9333333333333333,1.0,0.06666666666666667,1,15
rel:23,relation_dossiers,rel:23|cond=rel:23:finance:anchor,rel:23:finance:anchor,reusable,80,15,rel:23|reusable|w80|rel:23|cond=rel:23:finance:anchor,74,0.925,False,2,False,1.0,0.13333333333333333,0.8666666666666667,1.0,0.9333333333333333,0.0,0.8,1.0,0.14285714285714285,1,14,1.0,0.13333333333333333,0.8666666666666667,1.0,0.9777777777777777,0.0,0.8444444444444444,1.0,0.13333333333333333,1,15,1.0,0.13333333333333333,0.8666666666666667,1.0,1.0,0.0,0.8666666666666667,1.0,0.13333333333333333,1,15
rel:23,relation_dossiers,rel:23|cond=rel:23:finance:anchor,rel:23:finance:anchor,reusable,160,15,rel:23|reusable|w160|rel:23|cond=rel:23:finance:anchor,146,0.9125,False,2,False,1.0,0.13333333333333333,0.8666666666666667,1.0,0.9333333333333333,0.0,0.8,1.0,0.14285714285714285,1,14,1.0,0.16,0.84,1.0,0.9777777777777777,0.0,0.8177777777777777,1.0,0.16,1,15,1.0,0.13333333333333333,0.8666666666666667,1.0,1.0,0.0,0.8666666666666667,1.0,0.13333333333333333,1,15
rel:23,relation_dossiers,rel:23|cond=rel:23:founding:anchor,rel:23:founding:anchor,conditioned,20,15,rel:23|conditioned|w20|rel:23|cond=rel:23:founding:anchor,19,0.95,False,2,False,1.0,0.06666666666666667,0.9333333333333333,1.0,0.9333333333333333,0.0,0.8666666666666667,1.0,0.07142857142857142,1,14,1.0,0.12222222222222222,0.8777777777777778,1.0,0.9777777777777777,0.0,0.8555555555555555,1.0,0.12222222222222222,1,15,1.0,0.06666666666666667,0.9333333333333333,1.0,1.0,0.0,0.9333333333333333,1.0,0.06666666666666667,1,15
rel:23,relation_dossiers,rel:23|cond=rel:23:founding:anchor,rel:23:founding:anchor,conditioned,40,15,rel:23|conditioned|w40|rel:23|cond=rel:23:founding:anchor,35,0.875,False,2,False,1.0,0.06666666666666667,0.9333333333333333,1.0,0.9333333333333333,0.0,0.8666666666666667,1.0,0.07142857142857142,1,14,1.0,0.08888888888888888,0.9111111111111111,1.0,0.9777777777777777,0.0,0.8888888888888888,1.0,0.08888888888888888,1,15,1.0,0.06666666666666667,0.9333333333333333,1.0,1.0,0.0,0.9333333333333333,1.0,0.06666666666666667,1,15
rel:23,relation_dossiers,rel:23|cond=rel:23:founding:anchor,rel:23:founding:anchor,conditioned,80,15,rel:23|conditioned|w80|rel:23|cond=rel:23:founding:anchor,70,0.875,False,2,False,1.0,0.06666666666666667,0.9333333333333333,1.0,0.9333333333333333,0.0,0.8666666666666667,1.0,0.07142857142857142,1,14,1.0,0.09333333333333332,0.9066666666666667,1.0,0.9777777777777777,0.0,0.8844444444444444,1.0,0.09333333333333332,1,15,1.0,0.06666666666666667,0.9333333333333333,1.0,1.0,0.0,0.9333333333333333,1.0,0.06666666666666667,1,15
rel:23,relation_dossiers,rel:23|cond=rel:23:founding:anchor,rel:23:founding:anchor,conditioned,160,15,rel:23|conditioned|w160|rel:23|cond=rel:23:founding:anchor,140,0.875,False,2,False,1.0,0.06666666666666667,0.9333333333333333,1.0,0.9333333333333333,0.0,0.8666666666666667,1.0,0.07142857142857142,1,14,1.0,0.11999999999999998,0.88,1.0,0.9777777777777777,0.0,0.8577777777777778,1.0,0.11999999999999998,1,15,1.0,0.06666666666666667,0.9333333333333333,1.0,1.0,0.0,0.9333333333333333,1.0,0.06666666666666667,1,15
rel:23,relation_dossiers,rel:23|cond=rel:23:founding:anchor,rel:23:founding:anchor,generic,20,15,rel:23|generic|w20|-,20,1.0,False,1,True,0.0,0.0,0.0,1.0,0.9333333333333333,1.0,0.9333333333333333,0.0,0.0,1,14,0.5,0.06666666666666667,0.43333333333333335,1.0,0.9777777777777777,0.5,0.9111111111111111,0.5,0.06666666666666667,1,15,0.0,0.0,0.0,1.0,1.0,1.0,1.0,0.0,0.0,1,15
rel:23,relation_dossiers,rel:23|cond=rel:23:founding:anchor,rel:23:founding:anchor,generic,40,15,rel:23|generic|w40|-,36,0.9,False,1,True,0.0,0.13333333333333333,-0.13333333333333333,1.0,0.9333333333333333,1.0,0.8,0.0,0.14285714285714285,1,14,0.5,0.22,0.28,1.0,0.9777777777777777,0.5,0.7577777777777778,0.5,0.22,1,15,0.0,0.13333333333333333,-0.13333333333333333,1.0,1.0,1.0,0.8666666666666667,0.0,0.13333333333333333,1,15
rel:23,relation_dossiers,rel:23|cond=rel:23:founding:anchor,rel:23:founding:anchor,generic,80,15,rel:23|generic|w80|-,75,0.9375,False,2,True,0.0,0.06666666666666667,-0.06666666666666667,1.0,0.9333333333333333,1.0,0.8666666666666667,0.0,0.07142857142857142,1,14,0.0,0.15555555555555553,-0.15555555555555553,1.0,0.9777777777777777,1.0,0.8222222222222222,0.0,0.15555555555555553,1,15,0.0,0.2,-0.2,1.0,1.0,1.0,0.8,0.0,0.2,1,15
rel:23,relation_dossiers,rel:23|cond=rel:23:founding:anchor,rel:23:founding:anchor,generic,160,15,rel:23|generic|w160|-,138,0.8625,False,1,True,0.0,0.4,-0.4,1.0,0.9333333333333333,1.0,0.5333333333333333,0.0,0.42857142857142855,1,14,0.5,0.43333333333333335,0.06666666666666665,1.0,0.9777777777777777,0.5,0.5444444444444444,0.5,0.43333333333333335,1,15,0.0,0.4,-0.4,1.0,1.0,1.0,0.6,0.0,0.4,1,15
rel:23,relation_dossiers,rel:23|cond=rel:23:founding:anchor,rel:23:founding:anchor,oracle,20,15,rel:23|oracle|w20|-,20,1.0,False,2,True,1.0,0.13333333333333333,0.8666666666666667,1.0,0.9333333333333333,0.0,0.8,1.0,0.14285714285714285,1,14,1.0,0.23333333333333334,0.7666666666666666,1.0,0.9777777777777777,0.0,0.7444444444444445,1.0,0.23333333333333334,1,15,1.0,0.2,0.8,1.0,1.0,0.0,0.8,1.0,0.2,1,15
rel:23,relation_dossiers,rel:23|cond=rel:23:founding:anchor,rel:23:founding:anchor,oracle,40,15,rel:23|oracle|w40|-,37,0.925,False,2,True,1.0,0.4666666666666667,0.5333333333333333,1.0,0.9333333333333333,0.0,0.4666666666666667,1.0,0.5,1,14,1.0,0.5,0.5,1.0,0.9777777777777777,0.0,0.47777777777777775,1.0,0.5,1,15,1.0,0.4666666666666667,0.5333333333333333,1.0,1.0,0.0,0.5333333333333333,1.0,0.4666666666666667,1,15
rel:23,relation_dossiers,rel:23|cond=rel:23:founding:anchor,rel:23:founding:anchor,oracle,80,15,rel:23|oracle|w80|-,78,0.975,False,2,True,1.0,0.6666666666666666,0.33333333333333337,1.0,0.9333333333333333,0.0,0.2666666666666667,1.0,0.7142857142857143,1,14,1.0,0.711111111111111,0.288888888888889,1.0,0.9777777777777777,0.0,0.2666666666666667,1.0,0.711111111111111,1,15,1.0,0.7333333333333333,0.2666666666666667,1.0,1.0,0.0,0.2666666666666667,1.0,0.7333333333333333,1,15
rel:23,relation_dossiers,rel:23|cond=rel:23:founding:anchor,rel:23:founding:anchor,oracle,160,15,rel:23|oracle|w160|-,149,0.93125,False,1,True,1.0,0.8666666666666667,0.1333333333333333,1.0,0.9333333333333333,0.0,0.06666666666666665,1.0,0.9285714285714286,1,14,1.0,0.9111111111111111,0.0888888888888889,1.0,0.9777777777777777,0.0,0.06666666666666665,1.0,0.9111111111111111,1,15,1.0,0.9333333333333333,0.06666666666666665,1.0,1.0,0.0,0.06666666666666665,1.0,0.9333333333333333,1,15
rel:23,relation_dossiers,rel:23|cond=rel:23:founding:anchor,rel:23:founding:anchor,reusable,20,15,rel:23|reusable|w20|rel:23|cond=rel:23:founding:anchor,17,0.85,False,1,False,1.0,0.13333333333333333,0.8666666666666667,1.0,0.9333333333333333,0.0,0.8,1.0,0.14285714285714285,1,14,1.0,0.1888888888888889,0.8111111111111111,1.0,0.9777777777777777,0.0,0.7888888888888889,1.0,0.1888888888888889,1,15,1.0,0.13333333333333333,0.8666666666666667,1.0,1.0,0.0,0.8666666666666667,1.0,0.13333333333333333,1,15
rel:23,relation_dossiers,rel:23|cond=rel:23:founding:anchor,rel:23:founding:anchor,reusable,40,15,rel:23|reusable|w40|rel:23|cond=rel:23:founding:anchor,34,0.85,False,1,False,1.0,0.06666666666666667,0.9333333333333333,1.0,0.9333333333333333,0.0,0.8666666666666667,1.0,0.07142857142857142,1,14,1.0,0.06666666666666667,0.9333333333333333,1.0,0.9777777777777777,0.0,0.9111111111111111,1.0,0.06666666666666667,1,15,1.0,0.06666666666666667,0.9333333333333333,1.0,1.0,0.0,0.9333333333333333,1.0,0.06666666666666667,1,15
rel:23,relation_dossiers,rel:23|cond=rel:23:founding:anchor,rel:23:founding:anchor,reusable,80,15,rel:23|reusable|w80|rel:23|cond=rel:23:founding:anchor,68,0.85,False,1,False,1.0,0.26666666666666666,0.7333333333333334,1.0,0.9333333333333333,0.0,0.6666666666666667,1.0,0.2857142857142857,1,14,1.0,0.26666666666666666,0.7333333333333334,1.0,0.9777777777777777,0.0,0.711111111111111,1.0,0.26666666666666666,1,15,1.0,0.26666666666666666,0.7333333333333334,1.0,1.0,0.0,0.7333333333333334,1.0,0.26666666666666666,1,15
rel:23,relation_dossiers,rel:23|cond=rel:23:founding:anchor,rel:23:founding:anchor,reusable,160,15,rel:23|reusable|w160|rel:23|cond=rel:23:founding:anchor,138,0.8625,False,2,False,1.0,0.26666666666666666,0.7333333333333334,1.0,0.9333333333333333,0.0,0.6666666666666667,1.0,0.2857142857142857,1,14,1.0,0.34920634920634913,0.6507936507936509,1.0,0.9777777777777777,0.0,0.6285714285714286,1.0,0.34920634920634913,1,15,1.0,0.3333333333333333,0.6666666666666667,1.0,1.0,0.0,0.6666666666666667,1.0,0.3333333333333333,1,15
rel:25,relation_dossiers,rel:25|cond=rel:25:custom:anchor,rel:25:custom:anchor,conditioned,20,15,rel:25|conditioned|w20|rel:25|cond=rel:25:custom:anchor,19,0.95,False,1,False,1.0,0.0,1.0,1.0,0.8666666666666667,0.0,0.8666666666666667,1.0,0.0,1,13,1.0,0.04358974358974359,0.9564102564102565,1.0,0.9555555555555555,0.0,0.911965811965812,1.0,0.04358974358974359,1,15,1.0,0.0,1.0,1.0,1.0,0.0,1.0,1.0,0.0,1,15
rel:25,relation_dossiers,rel:25|cond=rel:25:custom:anchor,rel:25:custom:anchor,conditioned,40,15,rel:25|conditioned|w40|rel:25|cond=rel:25:custom:anchor,39,0.975,False,1,False,1.0,0.06666666666666667,0.9333333333333333,1.0,0.8666666666666667,0.0,0.8,1.0,0.07692307692307693,1,13,1.0,0.1,0.9,1.0,0.9555555555555555,0.0,0.8555555555555555,1.0,0.1,1,15,1.0,0.06666666666666667,0.9333333333333333,1.0,1.0,0.0,0.9333333333333333,1.0,0.06666666666666667,1,15
rel:25,relation_dossiers,rel:25|cond=rel:25:custom:anchor,rel:25:custom:anchor,conditioned,80,15,rel:25|conditioned|w80|rel:25|cond=rel:25:custom:anchor,77,0.9625,False,2,False,1.0,0.06666666666666667,0.9333333333333333,1.0,0.8666666666666667,0.0,0.8,1.0,0.07692307692307693,1,13,1.0,0.08148148148148149,0.9185185185185185,1.0,0.9555555555555555,0.0,0.874074074074074,1.0,0.08148148148148149,1,15,1.0,0.06666666666666667,0.9333333333333333,1.0,1.0,0.0,0.9333333333333333,1.0,0.06666666666666667,1,15
rel:25,relation_dossiers,rel:25|cond=rel:25:custom:anchor,rel:25:custom:anchor,conditioned,160,15,rel:25|conditioned|w160|rel:25|cond=rel:25:custom:anchor,141,0.88125,False,2,False,1.0,0.13333333333333333,0.8666666666666667,1.0,0.8666666666666667,0.0,0.7333333333333334,1.0,0.15384615384615385,1,13,1.0,0.13333333333333333,0.8666666666666667,1.0,0.9555555555555555,0.0,0.8222222222222222,1.0,0.13333333333333333,1,15,1.0,0.13333333333333333,0.8666666666666667,1.0,1.0,0.0,0.8666666666666667,1.0,0.13333333333333333,1,15
rel:25,relation_dossiers,rel:25|cond=rel:25:custom:anchor,rel:25:custom:anchor,generic,20,15,rel:25|generic|w20|-,20,1.0,False,1,True,0.0,0.13333333333333333,-0.13333333333333333,1.0,0.8666666666666667,1.0,0.7333333333333334,0.0,0.15384615384615385,1,13,0.0,0.2555555555555556,-0.2555555555555556,1.0,0.9555555555555555,1.0,0.7,0.0,0.2555555555555556,1,15,0.0,0.13333333333333333,-0.13333333333333333,1.0,1.0,1.0,0.8666666666666667,0.0,0.13333333333333333,1,15
rel:25,relation_dossiers,rel:25|cond=rel:25:custom:anchor,rel:25:custom:anchor,generic,40,15,rel:25|generic|w40|-,37,0.925,False,2,True,0.0,0.13333333333333333,-0.13333333333333333,1.0,0.8666666666666667,1.0,0.7333333333333334,0.0,0.15384615384615385,1,13,0.0,0.2650793650793651,-0.2650793650793651,1.0,0.9555555555555555,1.0,0.6904761904761905,0.0,0.2650793650793651,1,15,0.0,0.26666666666666666,-0.26666666666666666,1.0,1.0,1.0,0.7333333333333334,0.0,0.26666666666666666,1,15
rel:25,relation_dossiers,rel:25|cond=rel:25:custom:anchor,rel:25:custom:anchor,generic,80,15,rel:25|generic|w80|-,76,0.95,False,1,True,0.0,0.0,0.0,1.0,0.8666666666666667,1.0,0.8666666666666667,0.0,0.0,1,13,0.0,0.16507936507936505,-0.16507936507936505,1.0,0.9555555555555555,1.0,0.7904761904761904,0.0,0.16507936507936505,1,15,0.0,0.13333333333333333,-0.13333333333333333,1.0,1.0,1.0,0.8666666666666667,0.0,0.13333333333333333,1,15
rel:25,relation_dossiers,rel:25|cond=rel:25:custom:anchor,rel:25:custom:anchor,generic,160,15,rel:25|generic|w160|-,142,0.8875,False,2,True,0.0,0.26666666666666666,-0.26666666666666666,1.0,0.8666666666666667,1.0,0.6000000000000001,0.0,0.3076923076923077,1,13,0.0,0.44126984126984126,-0.44126984126984126,1.0,0.9555555555555555,1.0,0.5142857142857142,0.0,0.44126984126984126,1,15,0.0,0.4,-0.4,1.0,1.0,1.0,0.6,0.0,0.4,1,15
rel:25,relation_dossiers,rel:25|cond=rel:25:custom:anchor,rel:25:custom:anchor,oracle,20,15,rel:25|oracle|w20|-,18,0.9,False,2,True,0.0,0.2,-0.2,1.0,0.8666666666666667,1.0,0.6666666666666667,0.0,0.23076923076923078,1,13,0.0,0.24545454545454545,-0.24545454545454545,1.0,0.9555555555555555,1.0,0.71010101010101,0.0,0.24545454545454545,1,15,0.0,0.2,-0.2,1.0,1.0,1.0,0.8,0.0,0.2,1,15
rel:25,relation_dossiers,rel:25|cond=rel:25:custom:anchor,rel:25:custom:anchor,oracle,40,15,rel:25|oracle|w40|-,39,0.975,False,2,True,0.0,0.4,-0.4,1.0,0.8666666666666667,1.0,0.4666666666666667,0.0,0.46153846153846156,1,13,0.0,0.4,-0.4,1.0,0.9555555555555555,1.0,0.5555555555555555,0.0,0.4,1,15,0.0,0.4,-0.4,1.0,1.0,1.0,0.6,0.0,0.4,1,15
rel:25,relation_dossiers,rel:25|cond=rel:25:custom:anchor,rel:25:custom:anchor,oracle,80,15,rel:25|oracle|w80|-,77,0.9625,False,1,True,0.0,0.5333333333333333,-0.5333333333333333,1.0,0.8666666666666667,1.0,0.33333333333333337,0.0,0.6153846153846154,1,13,0.0,0.6999999999999998,-0.6999999999999998,1.0,0.9555555555555555,1.0,0.25555555555555565,0.0,0.6999999999999998,1,15,0.0,0.7333333333333333,-0.7333333333333333,1.0,1.0,1.0,0.2666666666666667,0.0,0.7333333333333333,1,15
rel:25,relation_dossiers,rel:25|cond=rel:25:custom:anchor,rel:25:custom:anchor,oracle,160,15,rel:25|oracle|w160|-,146,0.9125,False,1,True,1.0,0.6666666666666666,0.33333333333333337,1.0,0.8666666666666667,0.0,0.20000000000000007,1.0,0.7692307692307693,1,13,1.0,0.7888888888888889,0.21111111111111114,1.0,0.9555555555555555,0.0,0.16666666666666663,1.0,0.7888888888888889,1,15,1.0,0.8,0.19999999999999996,1.0,1.0,0.0,0.19999999999999996,1.0,0.8,1,15
rel:25,relation_dossiers,rel:25|cond=rel:25:custom:anchor,rel:25:custom:anchor,reusable,20,15,rel:25|reusable|w20|rel:25|cond=rel:25:custom:anchor,17,0.85,False,1,False,1.0,0.0,1.0,1.0,0.8666666666666667,0.0,0.8666666666666667,1.0,0.0,1,13,1.0,0.03333333333333333,0.9666666666666667,1.0,0.9555555555555555,0.0,0.9222222222222222,1.0,0.03333333333333333,1,15,1.0,0.0,1.0,1.0,1.0,0.0,1.0,1.0,0.0,1,15
rel:25,relation_dossiers,rel:25|cond=rel:25:custom:anchor,rel:25:custom:anchor,reusable,40,15,rel:25|reusable|w40|rel:25|cond=rel:25:custom:anchor,35,0.875,False,1,False,1.0,0.06666666666666667,0.9333333333333333,1.0,0.8666666666666667,0.0,0.8,1.0,0.07692307692307693,1,13,1.0,0.1,0.9,1.0,0.9555555555555555,0.0,0.8555555555555555,1.0,0.1,1,15,1.0,0.06666666666666667,0.9333333333333333,1.0,1.0,0.0,0.9333333333333333,1.0,0.06666666666666667,1,15
rel:25,relation_dossiers,rel:25|cond=rel:25:custom:anchor,rel:25:custom:anchor,reusable,80,15,rel:25|reusable|w80|rel:25|cond=rel:25:custom:anchor,75,0.9375,False,2,False,1.0,0.13333333333333333,0.8666666666666667,1.0,0.8666666666666667,0.0,0.7333333333333334,1.0,0.15384615384615385,1,13,1.0,0.13333333333333333,0.8666666666666667,1.0,0.9555555555555555,0.0,0.8222222222222222,1.0,0.13333333333333333,1,15,1.0,0.13333333333333333,0.8666666666666667,1.0,1.0,0.0,0.8666666666666667,1.0,0.13333333333333333,1,15
rel:25,relation_dossiers,rel:25|cond=rel:25:custom:anchor,rel:25:custom:anchor,reusable,160,15,rel:25|reusable|w160|rel:25|cond=rel:25:custom:anchor,150,0.9375,False,2,False,1.0,0.13333333333333333,0.8666666666666667,1.0,0.8666666666666667,0.0,0.7333333333333334,1.0,0.15384615384615385,1,13,1.0,0.14814814814814817,0.8518518518518519,1.0,0.9555555555555555,0.0,0.8074074074074074,1.0,0.14814814814814817,1,15,1.0,0.13333333333333333,0.8666666666666667,1.0,1.0,0.0,0.8666666666666667,1.0,0.13333333333333333,1,15
rel:25,relation_dossiers,rel:25|cond=rel:25:facilities:anchor,rel:25:facilities:anchor,conditioned,20,15,rel:25|conditioned|w20|rel:25|cond=rel:25:facilities:anchor,18,0.9,False,2,False,0.0,0.0,0.0,0.0,0.9333333333333333,0.0,0.9333333333333333,nan,0.0,0,14,0.6666666666666666,0.07777777777777777,0.5888888888888889,0.6666666666666666,0.9777777777777777,0.0,0.9,0.6666666666666666,0.07777777777777777,1,15,1.0,0.13333333333333333,0.8666666666666667,1.0,1.0,0.0,0.8666666666666667,1.0,0.13333333333333333,1,15
rel:25,relation_dossiers,rel:25|cond=rel:25:facilities:anchor,rel:25:facilities:anchor,conditioned,40,15,rel:25|conditioned|w40|rel:25|cond=rel:25:facilities:anchor,37,0.925,False,2,False,0.0,0.0,0.0,0.0,0.9333333333333333,0.0,0.9333333333333333,nan,0.0,0,14,0.6666666666666666,0.07111111111111111,0.5955555555555555,0.6666666666666666,0.9777777777777777,0.0,0.9066666666666666,0.6666666666666666,0.07111111111111111,1,15,1.0,0.13333333333333333,0.8666666666666667,1.0,1.0,0.0,0.8666666666666667,1.0,0.13333333333333333,1,15
rel:25,relation_dossiers,rel:25|cond=rel:25:facilities:anchor,rel:25:facilities:anchor,conditioned,80,15,rel:25|conditioned|w80|rel:25|cond=rel:25:facilities:anchor,73,0.9125,False,2,False,0.0,0.06666666666666667,-0.06666666666666667,0.0,0.9333333333333333,0.0,0.8666666666666667,nan,0.07142857142857142,0,14,0.6666666666666666,0.14444444444444443,0.5222222222222221,0.6666666666666666,0.9777777777777777,0.0,0.8333333333333333,0.6666666666666666,0.14444444444444443,1,15,1.0,0.2,0.8,1.0,1.0,0.0,0.8,1.0,0.2,1,15
rel:25,relation_dossiers,rel:25|cond=rel:25:facilities:anchor,rel:25:facilities:anchor,conditioned,160,15,rel:25|conditioned|w160|rel:25|cond=rel:25:facilities:anchor,137,0.85625,False,2,False,0.0,0.06666666666666667,-0.06666666666666667,0.0,0.9333333333333333,0.0,0.8666666666666667,nan,0.07142857142857142,0,14,0.6666666666666666,0.1111111111111111,0.5555555555555556,0.6666666666666666,0.9777777777777777,0.0,0.8666666666666667,0.6666666666666666,0.1111111111111111,1,15,1.0,0.13333333333333333,0.8666666666666667,1.0,1.0,0.0,0.8666666666666667,1.0,0.13333333333333333,1,15
rel:25,relation_dossiers,rel:25|cond=rel:25:facilities:anchor,rel:25:facilities:anchor,generic,20,15,rel:25|generic|w20|-,20,1.0,False,1,True,0.0,0.13333333333333333,-0.13333333333333333,0.0,0.9333333333333333,0.0,0.8,nan,0.14285714285714285,0,14,0.0,0.2555555555555556,-0.2555555555555556,0.6666666666666666,0.9777777777777777,0.6666666666666666,0.7222222222222221,0.0,0.2555555555555556,1,15,0.0,0.13333333333333333,-0.13333333333333333,1.0,1.0,1.0,0.8666666666666667,0.0,0.13333333333333333,1,15
rel:25,relation_dossiers,rel:25|cond=rel:25:facilities:anchor,rel:25:facilities:anchor,generic,40,15,rel:25|generic|w40|-,37,0.925,False,2,True,0.0,0.13333333333333333,-0.13333333333333333,0.0,0.9333333333333333,0.0,0.8,nan,0.14285714285714285,0,14,0.6666666666666666,0.22063492063492063,0.446031746031746,0.6666666666666666,0.9777777777777777,0.0,0.7571428571428571,0.6666666666666666,0.22063492063492063,1,15,1.0,0.2,0.8,1.0,1.0,0.0,0.8,1.0,0.2,1,15
rel:25,relation_dossiers,rel:25|cond=rel:25:facilities:anchor,rel:25:facilities:anchor,generic,80,15,rel:25|generic|w80|-,76,0.95,False,1,True,0.0,0.0,0.0,0.0,0.9333333333333333,0.0,0.9333333333333333,nan,0.0,0,14,0.6666666666666666,0.12063492063492062,0.546031746031746,0.6666666666666666,0.9777777777777777,0.0,0.8571428571428571,0.6666666666666666,0.12063492063492062,1,15,1.0,0.06666666666666667,0.9333333333333333,1.0,1.0,0.0,0.9333333333333333,1.0,0.06666666666666667,1,15
rel:25,relation_dossiers,rel:25|cond=rel:25:facilities:anchor,rel:25:facilities:anchor,generic,160,15,rel:25|generic|w160|-,142,0.8875,False,2,True,0.0,0.26666666666666666,-0.26666666666666666,0.0,0.9333333333333333,0.0,0.6666666666666667,nan,0.2857142857142857,0,14,0.6666666666666666,0.3968253968253968,0.2698412698412698,0.6666666666666666,0.9777777777777777,0.0,0.5809523809523809,0.6666666666666666,0.3968253968253968,1,15,1.0,0.3333333333333333,0.6666666666666667,1.0,1.0,0.0,0.6666666666666667,1.0,0.3333333333333333,1,15
rel:25,relation_dossiers,rel:25|cond=rel:25:facilities:anchor,rel:25:facilities:anchor,oracle,20,15,rel:25|oracle|w20|-,18,0.9,False,2,True,0.0,0.2,-0.2,0.0,0.9333333333333333,0.0,0.7333333333333334,nan,0.21428571428571427,0,14,0.0,0.24545454545454545,-0.24545454545454545,0.6666666666666666,0.9777777777777777,0.6666666666666666,0.7323232323232323,0.0,0.24545454545454545,1,15,0.0,0.2,-0.2,1.0,1.0,1.0,0.8,0.0,0.2,1,15
rel:25,relation_dossiers,rel:25|cond=rel:25:facilities:anchor,rel:25:facilities:anchor,oracle,40,15,rel:25|oracle|w40|-,39,0.975,False,2,True,0.0,0.4,-0.4,0.0,0.9333333333333333,0.0,0.5333333333333333,nan,0.42857142857142855,0,14,0.0,0.4,-0.4,0.6666666666666666,0.9777777777777777,0.6666666666666666,0.5777777777777777,0.0,0.4,1,15,0.0,0.4,-0.4,1.0,1.0,1.0,0.6,0.0,0.4,1,15
rel:25,relation_dossiers,rel:25|cond=rel:25:facilities:anchor,rel:25:facilities:anchor,oracle,80,15,rel:25|oracle|w80|-,77,0.9625,False,1,True,0.0,0.5333333333333333,-0.5333333333333333,0.0,0.9333333333333333,0.0,0.4,nan,0.5714285714285714,0,14,0.6666666666666666,0.6555555555555554,0.011111111111111183,0.6666666666666666,0.9777777777777777,0.0,0.3222222222222223,0.6666666666666666,0.6555555555555554,1,15,1.0,0.6666666666666666,0.33333333333333337,1.0,1.0,0.0,0.33333333333333337,1.0,0.6666666666666666,1,15
rel:25,relation_dossiers,rel:25|cond=rel:25:facilities:anchor,rel:25:facilities:anchor,oracle,160,15,rel:25|oracle|w160|-,146,0.9125,False,1,True,0.0,0.7333333333333333,-0.7333333333333333,0.0,0.9333333333333333,0.0,0.20000000000000007,nan,0.7857142857142857,0,14,0.6666666666666666,0.8111111111111111,-0.1444444444444445,0.6666666666666666,0.9777777777777777,0.0,0.16666666666666663,0.6666666666666666,0.8111111111111111,1,15,1.0,0.8,0.19999999999999996,1.0,1.0,0.0,0.19999999999999996,1.0,0.8,1,15
rel:25,relation_dossiers,rel:25|cond=rel:25:facilities:anchor,rel:25:facilities:anchor,reusable,20,15,rel:25|reusable|w20|rel:25|cond=rel:25:facilities:anchor,17,0.85,False,1,False,0.0,0.0,0.0,0.0,0.9333333333333333,0.0,0.9333333333333333,nan,0.0,0,14,0.6666666666666666,0.07777777777777777,0.5888888888888889,0.6666666666666666,0.9777777777777777,0.0,0.9,0.6666666666666666,0.07777777777777777,1,15,1.0,0.13333333333333333,0.8666666666666667,1.0,1.0,0.0,0.8666666666666667,1.0,0.13333333333333333,1,15
rel:25,relation_dossiers,rel:25|cond=rel:25:facilities:anchor,rel:25:facilities:anchor,reusable,40,15,rel:25|reusable|w40|rel:25|cond=rel:25:facilities:anchor,35,0.875,False,1,False,0.0,0.0,0.0,0.0,0.9333333333333333,0.0,0.9333333333333333,nan,0.0,0,14,0.6666666666666666,0.06111111111111111,0.6055555555555555,0.6666666666666666,0.9777777777777777,0.0,0.9166666666666666,0.6666666666666666,0.06111111111111111,1,15,1.0,0.06666666666666667,0.9333333333333333,1.0,1.0,0.0,0.9333333333333333,1.0,0.06666666666666667,1,15
rel:25,relation_dossiers,rel:25|cond=rel:25:facilities:anchor,rel:25:facilities:anchor,reusable,80,15,rel:25|reusable|w80|rel:25|cond=rel:25:facilities:anchor,71,0.8875,False,1,False,0.0,0.2,-0.2,0.0,0.9333333333333333,0.0,0.7333333333333334,nan,0.21428571428571427,0,14,0.6666666666666666,0.24444444444444444,0.42222222222222217,0.6666666666666666,0.9777777777777777,0.0,0.7333333333333333,0.6666666666666666,0.24444444444444444,1,15,1.0,0.26666666666666666,0.7333333333333334,1.0,1.0,0.0,0.7333333333333334,1.0,0.26666666666666666,1,15
rel:25,relation_dossiers,rel:25|cond=rel:25:facilities:anchor,rel:25:facilities:anchor,reusable,160,15,rel:25|reusable|w160|rel:25|cond=rel:25:facilities:anchor,153,0.95625,False,2,False,0.0,0.4666666666666667,-0.4666666666666667,0.0,0.9333333333333333,0.0,0.4666666666666667,nan,0.5,0,14,0.6666666666666666,0.5111111111111111,0.15555555555555556,0.6666666666666666,0.9777777777777777,0.0,0.4666666666666667,0.6666666666666666,0.5111111111111111,1,15,1.0,0.5333333333333333,0.4666666666666667,1.0,1.0,0.0,0.4666666666666667,1.0,0.5333333333333333,1,15
rel:25,relation_dossiers,rel:25|cond=rel:25:finance:anchor,rel:25:finance:anchor,conditioned,20,15,rel:25|conditioned|w20|rel:25|cond=rel:25:finance:anchor,18,0.9,False,2,False,1.0,0.0,1.0,1.0,0.8666666666666667,0.0,0.8666666666666667,1.0,0.0,1,13,1.0,0.03333333333333333,0.9666666666666667,1.0,0.9555555555555555,0.0,0.9222222222222222,1.0,0.03333333333333333,1,15,1.0,0.06666666666666667,0.9333333333333333,1.0,1.0,0.0,0.9333333333333333,1.0,0.06666666666666667,1,15
rel:25,relation_dossiers,rel:25|cond=rel:25:finance:anchor,rel:25:finance:anchor,conditioned,40,15,rel:25|conditioned|w40|rel:25|cond=rel:25:finance:anchor,35,0.875,False,2,False,1.0,0.06666666666666667,0.9333333333333333,1.0,0.8666666666666667,0.0,0.8,1.0,0.07692307692307693,1,13,1.0,0.06666666666666667,0.9333333333333333,1.0,0.9555555555555555,0.0,0.8888888888888888,1.0,0.06666666666666667,1,15,1.0,0.06666666666666667,0.9333333333333333,1.0,1.0,0.0,0.9333333333333333,1.0,0.06666666666666667,1,15
rel:25,relation_dossiers,rel:25|cond=rel:25:finance:anchor,rel:25:finance:anchor,conditioned,80,15,rel:25|conditioned|w80|rel:25|cond=rel:25:finance:anchor,73,0.9125,False,2,False,1.0,0.13333333333333333,0.8666666666666667,1.0,0.8666666666666667,0.0,0.7333333333333334,1.0,0.15384615384615385,1,13,1.0,0.14814814814814817,0.8518518518518519,1.0,0.9555555555555555,0.0,0.8074074074074074,1.0,0.14814814814814817,1,15,1.0,0.13333333333333333,0.8666666666666667,1.0,1.0,0.0,0.8666666666666667,1.0,0.13333333333333333,1,15
rel:25,relation_dossiers,rel:25|cond=rel:25:finance:anchor,rel:25:finance:anchor,conditioned,160,15,rel:25|conditioned|w160|rel:25|cond=rel:25:finance:anchor,144,0.9,False,2,False,1.0,0.13333333333333333,0.8666666666666667,1.0,0.8666666666666667,0.0,0.7333333333333334,1.0,0.15384615384615385,1,13,1.0,0.16666666666666666,0.8333333333333334,1.0,0.9555555555555555,0.0,0.7888888888888889,1.0,0.16666666666666666,1,15,1.0,0.13333333333333333,0.8666666666666667,1.0,1.0,0.0,0.8666666666666667,1.0,0.13333333333333333,1,15
rel:25,relation_dossiers,rel:25|cond=rel:25:finance:anchor,rel:25:finance:anchor,generic,20,15,rel:25|generic|w20|-,20,1.0,False,1,True,0.0,0.13333333333333333,-0.13333333333333333,1.0,0.8666666666666667,1.0,0.7333333333333334,0.0,0.15384615384615385,1,13,0.0,0.2555555555555556,-0.2555555555555556,1.0,0.9555555555555555,1.0,0.7,0.0,0.2555555555555556,1,15,0.0,0.13333333333333333,-0.13333333333333333,1.0,1.0,1.0,0.8666666666666667,0.0,0.13333333333333333,1,15
rel:25,relation_dossiers,rel:25|cond=rel:25:finance:anchor,rel:25:finance:anchor,generic,40,15,rel:25|generic|w40|-,37,0.925,False,2,True,0.0,0.13333333333333333,-0.13333333333333333,1.0,0.8666666666666667,1.0,0.7333333333333334,0.0,0.15384615384615385,1,13,0.0,0.2650793650793651,-0.2650793650793651,1.0,0.9555555555555555,1.0,0.6904761904761905,0.0,0.2650793650793651,1,15,0.0,0.26666666666666666,-0.26666666666666666,1.0,1.0,1.0,0.7333333333333334,0.0,0.26666666666666666,1,15
rel:25,relation_dossiers,rel:25|cond=rel:25:finance:anchor,rel:25:finance:anchor,generic,80,15,rel:25|generic|w80|-,76,0.95,False,1,True,0.0,0.0,0.0,1.0,0.8666666666666667,1.0,0.8666666666666667,0.0,0.0,1,13,0.0,0.16507936507936505,-0.16507936507936505,1.0,0.9555555555555555,1.0,0.7904761904761904,0.0,0.16507936507936505,1,15,0.0,0.13333333333333333,-0.13333333333333333,1.0,1.0,1.0,0.8666666666666667,0.0,0.13333333333333333,1,15
rel:25,relation_dossiers,rel:25|cond=rel:25:finance:anchor,rel:25:finance:anchor,generic,160,15,rel:25|generic|w160|-,142,0.8875,False,2,True,1.0,0.2,0.8,1.0,0.8666666666666667,0.0,0.6666666666666667,1.0,0.23076923076923078,1,13,1.0,0.37460317460317455,0.6253968253968254,1.0,0.9555555555555555,0.0,0.5809523809523809,1.0,0.37460317460317455,1,15,1.0,0.3333333333333333,0.6666666666666667,1.0,1.0,0.0,0.6666666666666667,1.0,0.3333333333333333,1,15
rel:25,relation_dossiers,rel:25|cond=rel:25:finance:anchor,rel:25:finance:anchor,oracle,20,15,rel:25|oracle|w20|-,18,0.9,False,2,True,0.0,0.2,-0.2,1.0,0.8666666666666667,1.0,0.6666666666666667,0.0,0.23076923076923078,1,13,0.0,0.24545454545454545,-0.24545454545454545,1.0,0.9555555555555555,1.0,0.71010101010101,0.0,0.24545454545454545,1,15,0.0,0.2,-0.2,1.0,1.0,1.0,0.8,0.0,0.2,1,15
rel:25,relation_dossiers,rel:25|cond=rel:25:finance:anchor,rel:25:finance:anchor,oracle,40,15,rel:25|oracle|w40|-,39,0.975,False,2,True,0.0,0.4,-0.4,1.0,0.8666666666666667,1.0,0.4666666666666667,0.0,0.46153846153846156,1,13,0.0,0.4,-0.4,1.0,0.9555555555555555,1.0,0.5555555555555555,0.0,0.4,1,15,0.0,0.4,-0.4,1.0,1.0,1.0,0.6,0.0,0.4,1,15
rel:25,relation_dossiers,rel:25|cond=rel:25:finance:anchor,rel:25:finance:anchor,oracle,80,15,rel:25|oracle|w80|-,77,0.9625,False,1,True,1.0,0.4666666666666667,0.5333333333333333,1.0,0.8666666666666667,0.0,0.4,1.0,0.5384615384615384,1,13,1.0,0.6333333333333332,0.3666666666666668,1.0,0.9555555555555555,0.0,0.3222222222222223,1.0,0.6333333333333332,1,15,1.0,0.6666666666666666,0.33333333333333337,1.0,1.0,0.0,0.33333333333333337,1.0,0.6666666666666666,1,15
rel:25,relation_dossiers,rel:25|cond=rel:25:finance:anchor,rel:25:finance:anchor,oracle,160,15,rel:25|oracle|w160|-,146,0.9125,False,1,True,1.0,0.6666666666666666,0.33333333333333337,1.0,0.8666666666666667,0.0,0.20000000000000007,1.0,0.7692307692307693,1,13,1.0,0.7888888888888889,0.21111111111111114,1.0,0.9555555555555555,0.0,0.16666666666666663,1.0,0.7888888888888889,1,15,1.0,0.8,0.19999999999999996,1.0,1.0,0.0,0.19999999999999996,1.0,0.8,1,15
rel:25,relation_dossiers,rel:25|cond=rel:25:finance:anchor,rel:25:finance:anchor,reusable,20,15,rel:25|reusable|w20|rel:25|cond=rel:25:finance:anchor,18,0.9,False,2,False,1.0,0.0,1.0,1.0,0.8666666666666667,0.0,0.8666666666666667,1.0,0.0,1,13,1.0,0.0,1.0,1.0,0.9555555555555555,0.0,0.9555555555555555,1.0,0.0,1,15,1.0,0.06666666666666667,0.9333333333333333,1.0,1.0,0.0,0.9333333333333333,1.0,0.06666666666666667,1,15
rel:25,relation_dossiers,rel:25|cond=rel:25:finance:anchor,rel:25:finance:anchor,reusable,40,15,rel:25|reusable|w40|rel:25|cond=rel:25:finance:anchor,37,0.925,False,1,False,1.0,0.06666666666666667,0.9333333333333333,1.0,0.8666666666666667,0.0,0.8,1.0,0.07692307692307693,1,13,1.0,0.06666666666666667,0.9333333333333333,1.0,0.9555555555555555,0.0,0.8888888888888888,1.0,0.06666666666666667,1,15,1.0,0.06666666666666667,0.9333333333333333,1.0,1.0,0.0,0.9333333333333333,1.0,0.06666666666666667,1,15
rel:25,relation_dossiers,rel:25|cond=rel:25:finance:anchor,rel:25:finance:anchor,reusable,80,15,rel:25|reusable|w80|rel:25|cond=rel:25:finance:anchor,68,0.85,False,1,False,1.0,0.13333333333333333,0.8666666666666667,1.0,0.8666666666666667,0.0,0.7333333333333334,1.0,0.15384615384615385,1,13,1.0,0.1769230769230769,0.823076923076923,1.0,0.9555555555555555,0.0,0.7786324786324785,1.0,0.1769230769230769,1,15,1.0,0.13333333333333333,0.8666666666666667,1.0,1.0,0.0,0.8666666666666667,1.0,0.13333333333333333,1,15
rel:25,relation_dossiers,rel:25|cond=rel:25:finance:anchor,rel:25:finance:anchor,reusable,160,15,rel:25|reusable|w160|rel:25|cond=rel:25:finance:anchor,156,0.975,False,2,False,1.0,0.5333333333333333,0.4666666666666667,1.0,0.8666666666666667,0.0,0.33333333333333337,1.0,0.6153846153846154,1,13,1.0,0.5666666666666667,0.43333333333333335,1.0,0.9555555555555555,0.0,0.38888888888888884,1.0,0.5666666666666667,1,15,1.0,0.5333333333333333,0.4666666666666667,1.0,1.0,0.0,0.4666666666666667,1.0,0.5333333333333333,1,15
rel:25,relation_dossiers,rel:25|cond=rel:25:founding:anchor,rel:25:founding:anchor,conditioned,20,15,rel:25|conditioned|w20|rel:25|cond=rel:25:founding:anchor,17,0.85,False,1,False,1.0,0.06666666666666667,0.9333333333333333,1.0,0.8666666666666667,0.0,0.8,1.0,0.07692307692307693,1,13,1.0,0.11904761904761905,0.8809523809523809,1.0,0.9555555555555555,0.0,0.8365079365079364,1.0,0.11904761904761905,1,15,1.0,0.06666666666666667,0.9333333333333333,1.0,1.0,0.0,0.9333333333333333,1.0,0.06666666666666667,1,15
rel:25,relation_dossiers,rel:25|cond=rel:25:founding:anchor,rel:25:founding:anchor,conditioned,40,15,rel:25|conditioned|w40|rel:25|cond=rel:25:founding:anchor,37,0.925,False,2,False,1.0,0.13333333333333333,0.8666666666666667,1.0,0.8666666666666667,0.0,0.7333333333333334,1.0,0.15384615384615385,1,13,1.0,0.1857142857142857,0.8142857142857143,1.0,0.9555555555555555,0.0,0.7698412698412698,1.0,0.1857142857142857,1,15,1.0,0.13333333333333333,0.8666666666666667,1.0,1.0,0.0,0.8666666666666667,1.0,0.13333333333333333,1,15
rel:25,relation_dossiers,rel:25|cond=rel:25:founding:anchor,rel:25:founding:anchor,conditioned,80,15,rel:25|conditioned|w80|rel:25|cond=rel:25:founding:anchor,72,0.9,False,3,False,1.0,0.2,0.8,1.0,0.8666666666666667,0.0,0.6666666666666667,1.0,0.23076923076923078,1,13,1.0,0.23333333333333334,0.7666666666666666,1.0,0.9555555555555555,0.0,0.7222222222222221,1.0,0.23333333333333334,1,15,1.0,0.2,0.8,1.0,1.0,0.0,0.8,1.0,0.2,1,15
rel:25,relation_dossiers,rel:25|cond=rel:25:founding:anchor,rel:25:founding:anchor,conditioned,160,15,rel:25|conditioned|w160|rel:25|cond=rel:25:founding:anchor,143,0.89375,False,2,False,1.0,0.2,0.8,1.0,0.8666666666666667,0.0,0.6666666666666667,1.0,0.23076923076923078,1,13,1.0,0.2111111111111111,0.7888888888888889,1.0,0.9555555555555555,0.0,0.7444444444444444,1.0,0.2111111111111111,1,15,1.0,0.2,0.8,1.0,1.0,0.0,0.8,1.0,0.2,1,15
rel:25,relation_dossiers,rel:25|cond=rel:25:founding:anchor,rel:25:founding:anchor,generic,20,15,rel:25|generic|w20|-,20,1.0,False,1,True,0.0,0.13333333333333333,-0.13333333333333333,1.0,0.8666666666666667,1.0,0.7333333333333334,0.0,0.15384615384615385,1,13,0.5,0.22222222222222224,0.2777777777777778,1.0,0.9555555555555555,0.5,0.7333333333333333,0.5,0.22222222222222224,1,15,0.0,0.13333333333333333,-0.13333333333333333,1.0,1.0,1.0,0.8666666666666667,0.0,0.13333333333333333,1,15
rel:25,relation_dossiers,rel:25|cond=rel:25:founding:anchor,rel:25:founding:anchor,generic,40,15,rel:25|generic|w40|-,37,0.925,False,2,True,1.0,0.06666666666666667,0.9333333333333333,1.0,0.8666666666666667,0.0,0.8,1.0,0.07692307692307693,1,13,1.0,0.1984126984126984,0.8015873015873016,1.0,0.9555555555555555,0.0,0.7571428571428571,1.0,0.1984126984126984,1,15,1.0,0.2,0.8,1.0,1.0,0.0,0.8,1.0,0.2,1,15
rel:25,relation_dossiers,rel:25|cond=rel:25:founding:anchor,rel:25:founding:anchor,generic,80,15,rel:25|generic|w80|-,76,0.95,False,1,True,0.0,0.0,0.0,1.0,0.8666666666666667,1.0,0.8666666666666667,0.0,0.0,1,13,0.5,0.13174603174603172,0.3682539682539683,1.0,0.9555555555555555,0.5,0.8238095238095238,0.5,0.13174603174603172,1,15,0.0,0.13333333333333333,-0.13333333333333333,1.0,1.0,1.0,0.8666666666666667,0.0,0.13333333333333333,1,15
rel:25,relation_dossiers,rel:25|cond=rel:25:founding:anchor,rel:25:founding:anchor,generic,160,15,rel:25|generic|w160|-,142,0.8875,False,2,True,0.0,0.26666666666666666,-0.26666666666666666,1.0,0.8666666666666667,1.0,0.6000000000000001,0.0,0.3076923076923077,1,13,0.5,0.40793650793650793,0.09206349206349207,1.0,0.9555555555555555,0.5,0.5476190476190476,0.5,0.40793650793650793,1,15,0.0,0.4,-0.4,1.0,1.0,1.0,0.6,0.0,0.4,1,15
rel:25,relation_dossiers,rel:25|cond=rel:25:founding:anchor,rel:25:founding:anchor,oracle,20,15,rel:25|oracle|w20|-,18,0.9,False,2,True,1.0,0.13333333333333333,0.8666666666666667,1.0,0.8666666666666667,0.0,0.7333333333333334,1.0,0.15384615384615385,1,13,1.0,0.17878787878787877,0.8212121212121213,1.0,0.9555555555555555,0.0,0.7767676767676768,1.0,0.17878787878787877,1,15,1.0,0.13333333333333333,0.8666666666666667,1.0,1.0,0.0,0.8666666666666667,1.0,0.13333333333333333,1,15
rel:25,relation_dossiers,rel:25|cond=rel:25:founding:anchor,rel:25:founding:anchor,oracle,40,15,rel:25|oracle|w40|-,39,0.975,False,2,True,1.0,0.3333333333333333,0.6666666666666667,1.0,0.8666666666666667,0.0,0.5333333333333334,1.0,0.38461538461538464,1,13,1.0,0.3333333333333333,0.6666666666666667,1.0,0.9555555555555555,0.0,0.6222222222222222,1.0,0.3333333333333333,1,15,1.0,0.3333333333333333,0.6666666666666667,1.0,1.0,0.0,0.6666666666666667,1.0,0.3333333333333333,1,15
rel:25,relation_dossiers,rel:25|cond=rel:25:founding:anchor,rel:25:founding:anchor,oracle,80,15,rel:25|oracle|w80|-,77,0.9625,False,1,True,1.0,0.4666666666666667,0.5333333333333333,1.0,0.8666666666666667,0.0,0.4,1.0,0.5384615384615384,1,13,1.0,0.6333333333333332,0.3666666666666668,1.0,0.9555555555555555,0.0,0.3222222222222223,1.0,0.6333333333333332,1,15,1.0,0.6666666666666666,0.33333333333333337,1.0,1.0,0.0,0.33333333333333337,1.0,0.6666666666666666,1,15
rel:25,relation_dossiers,rel:25|cond=rel:25:founding:anchor,rel:25:founding:anchor,oracle,160,15,rel:25|oracle|w160|-,146,0.9125,False,1,True,1.0,0.6666666666666666,0.33333333333333337,1.0,0.8666666666666667,0.0,0.20000000000000007,1.0,0.7692307692307693,1,13,1.0,0.7888888888888889,0.21111111111111114,1.0,0.9555555555555555,0.0,0.16666666666666663,1.0,0.7888888888888889,1,15,1.0,0.8,0.19999999999999996,1.0,1.0,0.0,0.19999999999999996,1.0,0.8,1,15
rel:25,relation_dossiers,rel:25|cond=rel:25:founding:anchor,rel:25:founding:anchor,reusable,20,15,rel:25|reusable|w20|rel:25|cond=rel:25:founding:anchor,18,0.9,False,1,False,1.0,0.13333333333333333,0.8666666666666667,1.0,0.8666666666666667,0.0,0.7333333333333334,1.0,0.15384615384615385,1,13,1.0,0.16666666666666666,0.8333333333333334,1.0,0.9555555555555555,0.0,0.7888888888888889,1.0,0.16666666666666666,1,15,1.0,0.13333333333333333,0.8666666666666667,1.0,1.0,0.0,0.8666666666666667,1.0,0.13333333333333333,1,15
rel:25,relation_dossiers,rel:25|cond=rel:25:founding:anchor,rel:25:founding:anchor,reusable,40,15,rel:25|reusable|w40|rel:25|cond=rel:25:founding:anchor,39,0.975,False,1,False,1.0,0.13333333333333333,0.8666666666666667,1.0,0.8666666666666667,0.0,0.7333333333333334,1.0,0.15384615384615385,1,13,1.0,0.1857142857142857,0.8142857142857143,1.0,0.9555555555555555,0.0,0.7698412698412698,1.0,0.1857142857142857,1,15,1.0,0.13333333333333333,0.8666666666666667,1.0,1.0,0.0,0.8666666666666667,1.0,0.13333333333333333,1,15
rel:25,relation_dossiers,rel:25|cond=rel:25:founding:anchor,rel:25:founding:anchor,reusable,80,15,rel:25|reusable|w80|rel:25|cond=rel:25:founding:anchor,73,0.9125,False,1,False,1.0,0.2,0.8,1.0,0.8666666666666667,0.0,0.6666666666666667,1.0,0.23076923076923078,1,13,1.0,0.2,0.8,1.0,0.9555555555555555,0.0,0.7555555555555555,1.0,0.2,1,15,1.0,0.2,0.8,1.0,1.0,0.0,0.8,1.0,0.2,1,15
rel:25,relation_dossiers,rel:25|cond=rel:25:founding:anchor,rel:25:founding:anchor,reusable,160,15,rel:25|reusable|w160|rel:25|cond=rel:25:founding:anchor,143,0.89375,False,2,False,1.0,0.26666666666666666,0.7333333333333334,1.0,0.8666666666666667,0.0,0.6000000000000001,1.0,0.3076923076923077,1,13,1.0,0.26666666666666666,0.7333333333333334,1.0,0.9555555555555555,0.0,0.6888888888888889,1.0,0.26666666666666666,1,15,1.0,0.26666666666666666,0.7333333333333334,1.0,1.0,0.0,0.7333333333333334,1.0,0.26666666666666666,1,15
rel:28,relation_dossiers,rel:28|cond=rel:28:custom:anchor,rel:28:custom:anchor,conditioned,20,15,rel:28|conditioned|w20|rel:28|cond=rel:28:custom:anchor,17,0.85,False,2,False,1.0,0.06666666666666667,0.9333333333333333,1.0,0.8666666666666667,0.0,0.8,1.0,0.07692307692307693,1,13,1.0,0.06666666666666667,0.9333333333333333,1.0,0.9333333333333333,0.0,0.8666666666666667,1.0,0.06666666666666667,1,15,1.0,0.06666666666666667,0.9333333333333333,1.0,1.0,0.0,0.9333333333333333,1.0,0.06666666666666667,1,15
rel:28,relation_dossiers,rel:28|cond=rel:28:custom:anchor,rel:28:custom:anchor,conditioned,40,15,rel:28|conditioned|w40|rel:28|cond=rel:28:custom:anchor,40,1.0,True,4,False,1.0,0.06666666666666667,0.9333333333333333,1.0,0.8666666666666667,0.0,0.8,1.0,0.07692307692307693,1,13,1.0,0.06666666666666667,0.9333333333333333,1.0,0.9333333333333333,0.0,0.8666666666666667,1.0,0.06666666666666667,1,15,1.0,0.06666666666666667,0.9333333333333333,1.0,1.0,0.0,0.9333333333333333,1.0,0.06666666666666667,1,15
rel:28,relation_dossiers,rel:28|cond=rel:28:custom:anchor,rel:28:custom:anchor,conditioned,80,15,rel:28|conditioned|w80|rel:28|cond=rel:28:custom:anchor,73,0.9125,False,2,False,1.0,0.06666666666666667,0.9333333333333333,1.0,0.8666666666666667,0.0,0.8,1.0,0.07692307692307693,1,13,1.0,0.06666666666666667,0.9333333333333333,1.0,0.9333333333333333,0.0,0.8666666666666667,1.0,0.06666666666666667,1,15,1.0,0.06666666666666667,0.9333333333333333,1.0,1.0,0.0,0.9333333333333333,1.0,0.06666666666666667,1,15
rel:28,relation_dossiers,rel:28|cond=rel:28:custom:anchor,rel:28:custom:anchor,conditioned,160,15,rel:28|conditioned|w160|rel:28|cond=rel:28:custom:anchor,154,0.9625,False,2,False,1.0,0.26666666666666666,0.7333333333333334,1.0,0.8666666666666667,0.0,0.6000000000000001,1.0,0.3076923076923077,1,13,1.0,0.26666666666666666,0.7333333333333334,1.0,0.9333333333333333,0.0,0.6666666666666667,1.0,0.26666666666666666,1,15,1.0,0.26666666666666666,0.7333333333333334,1.0,1.0,0.0,0.7333333333333334,1.0,0.26666666666666666,1,15
rel:28,relation_dossiers,rel:28|cond=rel:28:custom:anchor,rel:28:custom:anchor,generic,20,15,rel:28|generic|w20|-,19,0.95,False,2,True,0.0,0.13333333333333333,-0.13333333333333333,1.0,0.8666666666666667,1.0,0.7333333333333334,0.0,0.15384615384615385,1,13,0.0,0.19333333333333333,-0.19333333333333333,1.0,0.9333333333333333,1.0,0.74,0.0,0.19333333333333333,1,15,0.0,0.2,-0.2,1.0,1.0,1.0,0.8,0.0,0.2,1,15
rel:28,relation_dossiers,rel:28|cond=rel:28:custom:anchor,rel:28:custom:anchor,generic,40,15,rel:28|generic|w40|-,37,0.925,False,2,True,1.0,0.3333333333333333,0.6666666666666667,1.0,0.8666666666666667,0.0,0.5333333333333334,1.0,0.38461538461538464,1,13,1.0,0.4,0.6,1.0,0.9333333333333333,0.0,0.5333333333333333,1.0,0.4,1,15,1.0,0.3333333333333333,0.6666666666666667,1.0,1.0,0.0,0.6666666666666667,1.0,0.3333333333333333,1,15
rel:28,relation_dossiers,rel:28|cond=rel:28:custom:anchor,rel:28:custom:anchor,generic,80,15,rel:28|generic|w80|-,69,0.8625,False,1,True,0.0,0.3333333333333333,-0.3333333333333333,1.0,0.8666666666666667,1.0,0.5333333333333334,0.0,0.38461538461538464,1,13,0.0,0.3333333333333333,-0.3333333333333333,1.0,0.9333333333333333,1.0,0.6000000000000001,0.0,0.3333333333333333,1,15,0.0,0.3333333333333333,-0.3333333333333333,1.0,1.0,1.0,0.6666666666666667,0.0,0.3333333333333333,1,15
rel:28,relation_dossiers,rel:28|cond=rel:28:custom:anchor,rel:28:custom:anchor,generic,160,15,rel:28|generic|w160|-,146,0.9125,False,1,True,1.0,0.4666666666666667,0.5333333333333333,1.0,0.8666666666666667,0.0,0.4,1.0,0.5384615384615384,1,13,1.0,0.5333333333333333,0.4666666666666667,1.0,0.9333333333333333,0.0,0.4,1.0,0.5333333333333333,1,15,1.0,0.5333333333333333,0.4666666666666667,1.0,1.0,0.0,0.4666666666666667,1.0,0.5333333333333333,1,15
rel:28,relation_dossiers,rel:28|cond=rel:28:custom:anchor,rel:28:custom:anchor,oracle,20,15,rel:28|oracle|w20|-,18,0.9,False,1,True,0.0,0.13333333333333333,-0.13333333333333333,1.0,0.8666666666666667,1.0,0.7333333333333334,0.0,0.15384615384615385,1,13,0.0,0.2,-0.2,1.0,0.9333333333333333,1.0,0.7333333333333334,0.0,0.2,1,15,0.0,0.2,-0.2,1.0,1.0,1.0,0.8,0.0,0.2,1,15
rel:28,relation_dossiers,rel:28|cond=rel:28:custom:anchor,rel:28:custom:anchor,oracle,40,15,rel:28|oracle|w40|-,34,0.85,False,3,True,0.0,0.3333333333333333,-0.3333333333333333,1.0,0.8666666666666667,1.0,0.5333333333333334,0.0,0.38461538461538464,1,13,0.0,0.41904761904761906,-0.41904761904761906,1.0,0.9333333333333333,1.0,0.5142857142857142,0.0,0.41904761904761906,1,15,0.0,0.4,-0.4,1.0,1.0,1.0,0.6,0.0,0.4,1,15
rel:28,relation_dossiers,rel:28|cond=rel:28:custom:anchor,rel:28:custom:anchor,oracle,80,15,rel:28|oracle|w80|-,75,0.9375,False,2,True,0.0,0.5333333333333333,-0.5333333333333333,1.0,0.8666666666666667,1.0,0.33333333333333337,0.0,0.6153846153846154,1,13,0.0,0.6190476190476191,-0.6190476190476191,1.0,0.9333333333333333,1.0,0.3142857142857143,0.0,0.6190476190476191,1,15,0.0,0.6,-0.6,1.0,1.0,1.0,0.4,0.0,0.6,1,15
rel:28,relation_dossiers,rel:28|cond=rel:28:custom:anchor,rel:28:custom:anchor,oracle,160,15,rel:28|oracle|w160|-,150,0.9375,False,1,True,1.0,0.8666666666666667,0.1333333333333333,1.0,0.8666666666666667,0.0,0.0,1.0,1.0,1,13,1.0,0.9333333333333333,0.06666666666666665,1.0,0.9333333333333333,0.0,0.0,1.0,0.9333333333333333,1,15,1.0,1.0,0.0,1.0,1.0,0.0,0.0,1.0,1.0,1,15
rel:28,relation_dossiers,rel:28|cond=rel:28:custom:anchor,rel:28:custom:anchor,reusable,20,15,rel:28|reusable|w20|rel:28|cond=rel:28:custom:anchor,17,0.85,False,1,False,1.0,0.06666666666666667,0.9333333333333333,1.0,0.8666666666666667,0.0,0.8,1.0,0.07692307692307693,1,13,1.0,0.06666666666666667,0.9333333333333333,1.0,0.9333333333333333,0.0,0.8666666666666667,1.0,0.06666666666666667,1,15,1.0,0.06666666666666667,0.9333333333333333,1.0,1.0,0.0,0.9333333333333333,1.0,0.06666666666666667,1,15
rel:28,relation_dossiers,rel:28|cond=rel:28:custom:anchor,rel:28:custom:anchor,reusable,40,15,rel:28|reusable|w40|rel:28|cond=rel:28:custom:anchor,34,0.85,False,1,False,1.0,0.06666666666666667,0.9333333333333333,1.0,0.8666666666666667,0.0,0.8,1.0,0.07692307692307693,1,13,1.0,0.11238095238095239,0.8876190476190476,1.0,0.9333333333333333,0.0,0.820952380952381,1.0,0.11238095238095239,1,15,1.0,0.13333333333333333,0.8666666666666667,1.0,1.0,0.0,0.8666666666666667,1.0,0.13333333333333333,1,15
rel:28,relation_dossiers,rel:28|cond=rel:28:custom:anchor,rel:28:custom:anchor,reusable,80,15,rel:28|reusable|w80|rel:28|cond=rel:28:custom:anchor,73,0.9125,False,1,False,1.0,0.06666666666666667,0.9333333333333333,1.0,0.8666666666666667,0.0,0.8,1.0,0.07692307692307693,1,13,1.0,0.1037037037037037,0.8962962962962963,1.0,0.9333333333333333,0.0,0.8296296296296296,1.0,0.1037037037037037,1,15,1.0,0.13333333333333333,0.8666666666666667,1.0,1.0,0.0,0.8666666666666667,1.0,0.13333333333333333,1,15
rel:28,relation_dossiers,rel:28|cond=rel:28:custom:anchor,rel:28:custom:anchor,reusable,160,15,rel:28|reusable|w160|rel:28|cond=rel:28:custom:anchor,145,0.90625,False,2,False,1.0,0.4,0.6,1.0,0.8666666666666667,0.0,0.4666666666666667,1.0,0.46153846153846156,1,13,1.0,0.4523809523809524,0.5476190476190477,1.0,0.9333333333333333,0.0,0.48095238095238096,1.0,0.4523809523809524,1,15,1.0,0.4666666666666667,0.5333333333333333,1.0,1.0,0.0,0.5333333333333333,1.0,0.4666666666666667,1,15
rel:28,relation_dossiers,rel:28|cond=rel:28:facilities:anchor,rel:28:facilities:anchor,conditioned,20,15,rel:28|conditioned|w20|rel:28|cond=rel:28:facilities:anchor,19,0.95,False,2,False,1.0,0.06666666666666667,0.9333333333333333,1.0,0.8666666666666667,0.0,0.8,1.0,0.07692307692307693,1,13,1.0,0.10476190476190478,0.8952380952380952,1.0,0.9333333333333333,0.0,0.8285714285714285,1.0,0.10476190476190478,1,15,1.0,0.06666666666666667,0.9333333333333333,1.0,1.0,0.0,0.9333333333333333,1.0,0.06666666666666667,1,15
rel:28,relation_dossiers,rel:28|cond=rel:28:facilities:anchor,rel:28:facilities:anchor,conditioned,40,15,rel:28|conditioned|w40|rel:28|cond=rel:28:facilities:anchor,35,0.875,False,1,False,1.0,0.06666666666666667,0.9333333333333333,1.0,0.8666666666666667,0.0,0.8,1.0,0.07692307692307693,1,13,1.0,0.08333333333333333,0.9166666666666666,1.0,0.9333333333333333,0.0,0.85,1.0,0.08333333333333333,1,15,1.0,0.06666666666666667,0.9333333333333333,1.0,1.0,0.0,0.9333333333333333,1.0,0.06666666666666667,1,15
rel:28,relation_dossiers,rel:28|cond=rel:28:facilities:anchor,rel:28:facilities:anchor,conditioned,80,15,rel:28|conditioned|w80|rel:28|cond=rel:28:facilities:anchor,75,0.9375,False,2,False,1.0,0.06666666666666667,0.9333333333333333,1.0,0.8666666666666667,0.0,0.8,1.0,0.07692307692307693,1,13,1.0,0.08571428571428572,0.9142857142857143,1.0,0.9333333333333333,0.0,0.8476190476190476,1.0,0.08571428571428572,1,15,1.0,0.13333333333333333,0.8666666666666667,1.0,1.0,0.0,0.8666666666666667,1.0,0.13333333333333333,1,15
rel:28,relation_dossiers,rel:28|cond=rel:28:facilities:anchor,rel:28:facilities:anchor,conditioned,160,15,rel:28|conditioned|w160|rel:28|cond=rel:28:facilities:anchor,137,0.85625,False,2,False,1.0,0.26666666666666666,0.7333333333333334,1.0,0.8666666666666667,0.0,0.6000000000000001,1.0,0.3076923076923077,1,13,1.0,0.2857142857142857,0.7142857142857143,1.0,0.9333333333333333,0.0,0.6476190476190476,1.0,0.2857142857142857,1,15,1.0,0.3333333333333333,0.6666666666666667,1.0,1.0,0.0,0.6666666666666667,1.0,0.3333333333333333,1,15
rel:28,relation_dossiers,rel:28|cond=rel:28:facilities:anchor,rel:28:facilities:anchor,generic,20,15,rel:28|generic|w20|-,19,0.95,False,2,True,1.0,0.06666666666666667,0.9333333333333333,1.0,0.8666666666666667,0.0,0.8,1.0,0.07692307692307693,1,13,1.0,0.12666666666666665,0.8733333333333333,1.0,0.9333333333333333,0.0,0.8066666666666666,1.0,0.12666666666666665,1,15,1.0,0.13333333333333333,0.8666666666666667,1.0,1.0,0.0,0.8666666666666667,1.0,0.13333333333333333,1,15
rel:28,relation_dossiers,rel:28|cond=rel:28:facilities:anchor,rel:28:facilities:anchor,generic,40,15,rel:28|generic|w40|-,37,0.925,False,2,True,1.0,0.3333333333333333,0.6666666666666667,1.0,0.8666666666666667,0.0,0.5333333333333334,1.0,0.38461538461538464,1,13,1.0,0.4,0.6,1.0,0.9333333333333333,0.0,0.5333333333333333,1.0,0.4,1,15,1.0,0.3333333333333333,0.6666666666666667,1.0,1.0,0.0,0.6666666666666667,1.0,0.3333333333333333,1,15
rel:28,relation_dossiers,rel:28|cond=rel:28:facilities:anchor,rel:28:facilities:anchor,generic,80,15,rel:28|generic|w80|-,69,0.8625,False,1,True,1.0,0.26666666666666666,0.7333333333333334,1.0,0.8666666666666667,0.0,0.6000000000000001,1.0,0.3076923076923077,1,13,1.0,0.26666666666666666,0.7333333333333334,1.0,0.9333333333333333,0.0,0.6666666666666667,1.0,0.26666666666666666,1,15,1.0,0.26666666666666666,0.7333333333333334,1.0,1.0,0.0,0.7333333333333334,1.0,0.26666666666666666,1,15
rel:28,relation_dossiers,rel:28|cond=rel:28:facilities:anchor,rel:28:facilities:anchor,generic,160,15,rel:28|generic|w160|-,146,0.9125,False,1,True,0.0,0.5333333333333333,-0.5333333333333333,1.0,0.8666666666666667,1.0,0.33333333333333337,0.0,0.6153846153846154,1,13,0.0,0.6,-0.6,1.0,0.9333333333333333,1.0,0.33333333333333337,0.0,0.6,1,15,0.0,0.6,-0.6,1.0,1.0,1.0,0.4,0.0,0.6,1,15
rel:28,relation_dossiers,rel:28|cond=rel:28:facilities:anchor,rel:28:facilities:anchor,oracle,20,15,rel:28|oracle|w20|-,18,0.9,False,1,True,0.0,0.13333333333333333,-0.13333333333333333,1.0,0.8666666666666667,1.0,0.7333333333333334,0.0,0.15384615384615385,1,13,0.0,0.2,-0.2,1.0,0.9333333333333333,1.0,0.7333333333333334,0.0,0.2,1,15,0.0,0.2,-0.2,1.0,1.0,1.0,0.8,0.0,0.2,1,15
rel:28,relation_dossiers,rel:28|cond=rel:28:facilities:anchor,rel:28:facilities:anchor,oracle,40,15,rel:28|oracle|w40|-,34,0.85,False,3,True,1.0,0.26666666666666666,0.7333333333333334,1.0,0.8666666666666667,0.0,0.6000000000000001,1.0,0.3076923076923077,1,13,1.0,0.35238095238095235,0.6476190476190476,1.0,0.9333333333333333,0.0,0.580952380952381,1.0,0.35238095238095235,1,15,1.0,0.3333333333333333,0.6666666666666667,1.0,1.0,0.0,0.6666666666666667,1.0,0.3333333333333333,1,15
rel:28,relation_dossiers,rel:28|cond=rel:28:facilities:anchor,rel:28:facilities:anchor,oracle,80,15,rel:28|oracle|w80|-,75,0.9375,False,2,True,1.0,0.4666666666666667,0.5333333333333333,1.0,0.8666666666666667,0.0,0.4,1.0,0.5384615384615384,1,13,1.0,0.5523809523809524,0.4476190476190476,1.0,0.9333333333333333,0.0,0.38095238095238093,1.0,0.5523809523809524,1,15,1.0,0.5333333333333333,0.4666666666666667,1.0,1.0,0.0,0.4666666666666667,1.0,0.5333333333333333,1,15
rel:28,relation_dossiers,rel:28|cond=rel:28:facilities:anchor,rel:28:facilities:anchor,oracle,160,15,rel:28|oracle|w160|-,150,0.9375,False,1,True,1.0,0.8666666666666667,0.1333333333333333,1.0,0.8666666666666667,0.0,0.0,1.0,1.0,1,13,1.0,0.9333333333333333,0.06666666666666665,1.0,0.9333333333333333,0.0,0.0,1.0,0.9333333333333333,1,15,1.0,1.0,0.0,1.0,1.0,0.0,0.0,1.0,1.0,1,15
rel:28,relation_dossiers,rel:28|cond=rel:28:facilities:anchor,rel:28:facilities:anchor,reusable,20,15,rel:28|reusable|w20|rel:28|cond=rel:28:facilities:anchor,17,0.85,False,2,False,1.0,0.06666666666666667,0.9333333333333333,1.0,0.8666666666666667,0.0,0.8,1.0,0.07692307692307693,1,13,1.0,0.1380952380952381,0.861904761904762,1.0,0.9333333333333333,0.0,0.7952380952380953,1.0,0.1380952380952381,1,15,1.0,0.06666666666666667,0.9333333333333333,1.0,1.0,0.0,0.9333333333333333,1.0,0.06666666666666667,1,15
rel:28,relation_dossiers,rel:28|cond=rel:28:facilities:anchor,rel:28:facilities:anchor,reusable,40,15,rel:28|reusable|w40|rel:28|cond=rel:28:facilities:anchor,40,1.0,False,2,False,1.0,0.13333333333333333,0.8666666666666667,1.0,0.8666666666666667,0.0,0.7333333333333334,1.0,0.15384615384615385,1,13,1.0,0.13333333333333333,0.8666666666666667,1.0,0.9333333333333333,0.0,0.8,1.0,0.13333333333333333,1,15,1.0,0.13333333333333333,0.8666666666666667,1.0,1.0,0.0,0.8666666666666667,1.0,0.13333333333333333,1,15
rel:28,relation_dossiers,rel:28|cond=rel:28:facilities:anchor,rel:28:facilities:anchor,reusable,80,15,rel:28|reusable|w80|rel:28|cond=rel:28:facilities:anchor,72,0.9,False,2,False,1.0,0.06666666666666667,0.9333333333333333,1.0,0.8666666666666667,0.0,0.8,1.0,0.07692307692307693,1,13,1.0,0.1,0.9,1.0,0.9333333333333333,0.0,0.8333333333333334,1.0,0.1,1,15,1.0,0.13333333333333333,0.8666666666666667,1.0,1.0,0.0,0.8666666666666667,1.0,0.13333333333333333,1,15
rel:28,relation_dossiers,rel:28|cond=rel:28:facilities:anchor,rel:28:facilities:anchor,reusable,160,15,rel:28|reusable|w160|rel:28|cond=rel:28:facilities:anchor,138,0.8625,False,2,False,1.0,0.3333333333333333,0.6666666666666667,1.0,0.8666666666666667,0.0,0.5333333333333334,1.0,0.38461538461538464,1,13,1.0,0.4,0.6,1.0,0.9333333333333333,0.0,0.5333333333333333,1.0,0.4,1,15,1.0,0.4,0.6,1.0,1.0,0.0,0.6,1.0,0.4,1,15
rel:28,relation_dossiers,rel:28|cond=rel:28:finance:anchor,rel:28:finance:anchor,conditioned,20,15,rel:28|conditioned|w20|rel:28|cond=rel:28:finance:anchor,20,1.0,False,1,False,1.0,0.06666666666666667,0.9333333333333333,1.0,0.8666666666666667,0.0,0.8,1.0,0.07692307692307693,1,13,1.0,0.1,0.9,1.0,0.9333333333333333,0.0,0.8333333333333334,1.0,0.1,1,15,1.0,0.06666666666666667,0.9333333333333333,1.0,1.0,0.0,0.9333333333333333,1.0,0.06666666666666667,1,15
rel:28,relation_dossiers,rel:28|cond=rel:28:finance:anchor,rel:28:finance:anchor,conditioned,40,15,rel:28|conditioned|w40|rel:28|cond=rel:28:finance:anchor,40,1.0,True,4,False,1.0,0.13333333333333333,0.8666666666666667,1.0,0.8666666666666667,0.0,0.7333333333333334,1.0,0.15384615384615385,1,13,1.0,0.15238095238095237,0.8476190476190476,1.0,0.9333333333333333,0.0,0.780952380952381,1.0,0.15238095238095237,1,15,1.0,0.13333333333333333,0.8666666666666667,1.0,1.0,0.0,0.8666666666666667,1.0,0.13333333333333333,1,15
rel:28,relation_dossiers,rel:28|cond=rel:28:finance:anchor,rel:28:finance:anchor,conditioned,80,15,rel:28|conditioned|w80|rel:28|cond=rel:28:finance:anchor,68,0.85,False,1,False,1.0,0.06666666666666667,0.9333333333333333,1.0,0.8666666666666667,0.0,0.8,1.0,0.07692307692307693,1,13,1.0,0.13333333333333333,0.8666666666666667,1.0,0.9333333333333333,0.0,0.8,1.0,0.13333333333333333,1,15,1.0,0.06666666666666667,0.9333333333333333,1.0,1.0,0.0,0.9333333333333333,1.0,0.06666666666666667,1,15
rel:28,relation_dossiers,rel:28|cond=rel:28:finance:anchor,rel:28:finance:anchor,conditioned,160,15,rel:28|conditioned|w160|rel:28|cond=rel:28:finance:anchor,143,0.89375,False,3,False,1.0,0.06666666666666667,0.9333333333333333,1.0,0.8666666666666667,0.0,0.8,1.0,0.07692307692307693,1,13,1.0,0.06666666666666667,0.9333333333333333,1.0,0.9333333333333333,0.0,0.8666666666666667,1.0,0.06666666666666667,1,15,1.0,0.06666666666666667,0.9333333333333333,1.0,1.0,0.0,0.9333333333333333,1.0,0.06666666666666667,1,15
rel:28,relation_dossiers,rel:28|cond=rel:28:finance:anchor,rel:28:finance:anchor,generic,20,15,rel:28|generic|w20|-,19,0.95,False,2,True,0.0,0.13333333333333333,-0.13333333333333333,1.0,0.8666666666666667,1.0,0.7333333333333334,0.0,0.15384615384615385,1,13,0.0,0.19333333333333333,-0.19333333333333333,1.0,0.9333333333333333,1.0,0.74,0.0,0.19333333333333333,1,15,0.0,0.2,-0.2,1.0,1.0,1.0,0.8,0.0,0.2,1,15
rel:28,relation_dossiers,rel:28|cond=rel:28:finance:anchor,rel:28:finance:anchor,generic,40,15,rel:28|generic|w40|-,37,0.925,False,2,True,0.0,0.4,-0.4,1.0,0.8666666666666667,1.0,0.4666666666666667,0.0,0.46153846153846156,1,13,0.0,0.4666666666666667,-0.4666666666666667,1.0,0.9333333333333333,1.0,0.4666666666666667,0.0,0.4666666666666667,1,15,0.0,0.4,-0.4,1.0,1.0,1.0,0.6,0.0,0.4,1,15
rel:28,relation_dossiers,rel:28|cond=rel:28:finance:anchor,rel:28:finance:anchor,generic,80,15,rel:28|generic|w80|-,69,0.8625,False,1,True,0.0,0.3333333333333333,-0.3333333333333333,1.0,0.8666666666666667,1.0,0.5333333333333334,0.0,0.38461538461538464,1,13,0.0,0.3333333333333333,-0.3333333333333333,1.0,0.9333333333333333,1.0,0.6000000000000001,0.0,0.3333333333333333,1,15,0.0,0.3333333333333333,-0.3333333333333333,1.0,1.0,1.0,0.6666666666666667,0.0,0.3333333333333333,1,15
rel:28,relation_dossiers,rel:28|cond=rel:28:finance:anchor,rel:28:finance:anchor,generic,160,15,rel:28|generic|w160|-,146,0.9125,False,1,True,1.0,0.4666666666666667,0.5333333333333333,1.0,0.8666666666666667,0.0,0.4,1.0,0.5384615384615384,1,13,1.0,0.5333333333333333,0.4666666666666667,1.0,0.9333333333333333,0.0,0.4,1.0,0.5333333333333333,1,15,1.0,0.5333333333333333,0.4666666666666667,1.0,1.0,0.0,0.4666666666666667,1.0,0.5333333333333333,1,15
rel:28,relation_dossiers,rel:28|cond=rel:28:finance:anchor,rel:28:finance:anchor,oracle,20,15,rel:28|oracle|w20|-,18,0.9,False,1,True,0.0,0.13333333333333333,-0.13333333333333333,1.0,0.8666666666666667,1.0,0.7333333333333334,0.0,0.15384615384615385,1,13,0.0,0.2,-0.2,1.0,0.9333333333333333,1.0,0.7333333333333334,0.0,0.2,1,15,0.0,0.2,-0.2,1.0,1.0,1.0,0.8,0.0,0.2,1,15
rel:28,relation_dossiers,rel:28|cond=rel:28:finance:anchor,rel:28:finance:anchor,oracle,40,15,rel:28|oracle|w40|-,34,0.85,False,3,True,0.0,0.3333333333333333,-0.3333333333333333,1.0,0.8666666666666667,1.0,0.5333333333333334,0.0,0.38461538461538464,1,13,0.0,0.41904761904761906,-0.41904761904761906,1.0,0.9333333333333333,1.0,0.5142857142857142,0.0,0.41904761904761906,1,15,0.0,0.4,-0.4,1.0,1.0,1.0,0.6,0.0,0.4,1,15
rel:28,relation_dossiers,rel:28|cond=rel:28:finance:anchor,rel:28:finance:anchor,oracle,80,15,rel:28|oracle|w80|-,75,0.9375,False,2,True,1.0,0.4666666666666667,0.5333333333333333,1.0,0.8666666666666667,0.0,0.4,1.0,0.5384615384615384,1,13,1.0,0.5523809523809524,0.4476190476190476,1.0,0.9333333333333333,0.0,0.38095238095238093,1.0,0.5523809523809524,1,15,1.0,0.5333333333333333,0.4666666666666667,1.0,1.0,0.0,0.4666666666666667,1.0,0.5333333333333333,1,15
rel:28,relation_dossiers,rel:28|cond=rel:28:finance:anchor,rel:28:finance:anchor,oracle,160,15,rel:28|oracle|w160|-,150,0.9375,False,1,True,1.0,0.8666666666666667,0.1333333333333333,1.0,0.8666666666666667,0.0,0.0,1.0,1.0,1,13,1.0,0.9333333333333333,0.06666666666666665,1.0,0.9333333333333333,0.0,0.0,1.0,0.9333333333333333,1,15,1.0,1.0,0.0,1.0,1.0,0.0,0.0,1.0,1.0,1,15
rel:28,relation_dossiers,rel:28|cond=rel:28:finance:anchor,rel:28:finance:anchor,reusable,20,15,rel:28|reusable|w20|rel:28|cond=rel:28:finance:anchor,17,0.85,False,4,False,1.0,0.06666666666666667,0.9333333333333333,1.0,0.8666666666666667,0.0,0.8,1.0,0.07692307692307693,1,13,1.0,0.1246031746031746,0.8753968253968254,1.0,0.9333333333333333,0.0,0.8087301587301587,1.0,0.1246031746031746,1,15,1.0,0.06666666666666667,0.9333333333333333,1.0,1.0,0.0,0.9333333333333333,1.0,0.06666666666666667,1,15
rel:28,relation_dossiers,rel:28|cond=rel:28:finance:anchor,rel:28:finance:anchor,reusable,40,15,rel:28|reusable|w40|rel:28|cond=rel:28:finance:anchor,37,0.925,False,1,False,1.0,0.06666666666666667,0.9333333333333333,1.0,0.8666666666666667,0.0,0.8,1.0,0.07692307692307693,1,13,1.0,0.12693602693602693,0.8730639730639731,1.0,0.9333333333333333,0.0,0.8063973063973064,1.0,0.12693602693602693,1,15,1.0,0.13333333333333333,0.8666666666666667,1.0,1.0,0.0,0.8666666666666667,1.0,0.13333333333333333,1,15
rel:28,relation_dossiers,rel:28|cond=rel:28:finance:anchor,rel:28:finance:anchor,reusable,80,15,rel:28|reusable|w80|rel:28|cond=rel:28:finance:anchor,77,0.9625,False,3,False,1.0,0.13333333333333333,0.8666666666666667,1.0,0.8666666666666667,0.0,0.7333333333333334,1.0,0.15384615384615385,1,13,1.0,0.16666666666666666,0.8333333333333334,1.0,0.9333333333333333,0.0,0.7666666666666667,1.0,0.16666666666666666,1,15,1.0,0.13333333333333333,0.8666666666666667,1.0,1.0,0.0,0.8666666666666667,1.0,0.13333333333333333,1,15
rel:28,relation_dossiers,rel:28|cond=rel:28:finance:anchor,rel:28:finance:anchor,reusable,160,15,rel:28|reusable|w160|rel:28|cond=rel:28:finance:anchor,141,0.88125,False,2,False,1.0,0.26666666666666666,0.7333333333333334,1.0,0.8666666666666667,0.0,0.6000000000000001,1.0,0.3076923076923077,1,13,1.0,0.26666666666666666,0.7333333333333334,1.0,0.9333333333333333,0.0,0.6666666666666667,1.0,0.26666666666666666,1,15,1.0,0.26666666666666666,0.7333333333333334,1.0,1.0,0.0,0.7333333333333334,1.0,0.26666666666666666,1,15
rel:28,relation_dossiers,rel:28|cond=rel:28:founding:anchor,rel:28:founding:anchor,conditioned,20,15,rel:28|conditioned|w20|rel:28|cond=rel:28:founding:anchor,18,0.9,False,1,False,1.0,0.06666666666666667,0.9333333333333333,1.0,0.8666666666666667,0.0,0.8,1.0,0.07692307692307693,1,13,1.0,0.1,0.9,1.0,0.9333333333333333,0.0,0.8333333333333334,1.0,0.1,1,15,1.0,0.06666666666666667,0.9333333333333333,1.0,1.0,0.0,0.9333333333333333,1.0,0.06666666666666667,1,15
rel:28,relation_dossiers,rel:28|cond=rel:28:founding:anchor,rel:28:founding:anchor,conditioned,40,15,rel:28|conditioned|w40|rel:28|cond=rel:28:founding:anchor,34,0.85,False,1,False,1.0,0.06666666666666667,0.9333333333333333,1.0,0.8666666666666667,0.0,0.8,1.0,0.07692307692307693,1,13,1.0,0.1,0.9,1.0,0.9333333333333333,0.0,0.8333333333333334,1.0,0.1,1,15,1.0,0.06666666666666667,0.9333333333333333,1.0,1.0,0.0,0.9333333333333333,1.0,0.06666666666666667,1,15
rel:28,relation_dossiers,rel:28|cond=rel:28:founding:anchor,rel:28:founding:anchor,conditioned,80,15,rel:28|conditioned|w80|rel:28|cond=rel:28:founding:anchor,76,0.95,False,2,False,1.0,0.13333333333333333,0.8666666666666667,1.0,0.8666666666666667,0.0,0.7333333333333334,1.0,0.15384615384615385,1,13,1.0,0.15,0.85,1.0,0.9333333333333333,0.0,0.7833333333333333,1.0,0.15,1,15,1.0,0.13333333333333333,0.8666666666666667,1.0,1.0,0.0,0.8666666666666667,1.0,0.13333333333333333,1,15
rel:28,relation_dossiers,rel:28|cond=rel:28:founding:anchor,rel:28:founding:anchor,conditioned,160,15,rel:28|conditioned|w160|rel:28|cond=rel:28:founding:anchor,149,0.93125,False,2,False,1.0,0.26666666666666666,0.7333333333333334,1.0,0.8666666666666667,0.0,0.6000000000000001,1.0,0.3076923076923077,1,13,1.0,0.2833333333333333,0.7166666666666667,1.0,0.9333333333333333,0.0,0.65,1.0,0.2833333333333333,1,15,1.0,0.3333333333333333,0.6666666666666667,1.0,1.0,0.0,0.6666666666666667,1.0,0.3333333333333333,1,15
rel:28,relation_dossiers,rel:28|cond=rel:28:founding:anchor,rel:28:founding:anchor,generic,20,15,rel:28|generic|w20|-,19,0.95,False,2,True,0.0,0.13333333333333333,-0.13333333333333333,1.0,0.8666666666666667,1.0,0.7333333333333334,0.0,0.15384615384615385,1,13,0.0,0.19333333333333333,-0.19333333333333333,1.0,0.9333333333333333,1.0,0.74,0.0,0.19333333333333333,1,15,0.0,0.2,-0.2,1.0,1.0,1.0,0.8,0.0,0.2,1,15
rel:28,relation_dossiers,rel:28|cond=rel:28:founding:anchor,rel:28:founding:anchor,generic,40,15,rel:28|generic|w40|-,37,0.925,False,2,True,1.0,0.3333333333333333,0.6666666666666667,1.0,0.8666666666666667,0.0,0.5333333333333334,1.0,0.38461538461538464,1,13,1.0,0.4,0.6,1.0,0.9333333333333333,0.0,0.5333333333333333,1.0,0.4,1,15,1.0,0.3333333333333333,0.6666666666666667,1.0,1.0,0.0,0.6666666666666667,1.0,0.3333333333333333,1,15
rel:28,relation_dossiers,rel:28|cond=rel:28:founding:anchor,rel:28:founding:anchor,generic,80,15,rel:28|generic|w80|-,69,0.8625,False,1,True,1.0,0.26666666666666666,0.7333333333333334,1.0,0.8666666666666667,0.0,0.6000000000000001,1.0,0.3076923076923077,1,13,1.0,0.26666666666666666,0.7333333333333334,1.0,0.9333333333333333,0.0,0.6666666666666667,1.0,0.26666666666666666,1,15,1.0,0.26666666666666666,0.7333333333333334,1.0,1.0,0.0,0.7333333333333334,1.0,0.26666666666666666,1,15
rel:28,relation_dossiers,rel:28|cond=rel:28:founding:anchor,rel:28:founding:anchor,generic,160,15,rel:28|generic|w160|-,146,0.9125,False,1,True,1.0,0.4666666666666667,0.5333333333333333,1.0,0.8666666666666667,0.0,0.4,1.0,0.5384615384615384,1,13,1.0,0.5333333333333333,0.4666666666666667,1.0,0.9333333333333333,0.0,0.4,1.0,0.5333333333333333,1,15,1.0,0.5333333333333333,0.4666666666666667,1.0,1.0,0.0,0.4666666666666667,1.0,0.5333333333333333,1,15
rel:28,relation_dossiers,rel:28|cond=rel:28:founding:anchor,rel:28:founding:anchor,oracle,20,15,rel:28|oracle|w20|-,18,0.9,False,1,True,1.0,0.06666666666666667,0.9333333333333333,1.0,0.8666666666666667,0.0,0.8,1.0,0.07692307692307693,1,13,1.0,0.13333333333333333,0.8666666666666667,1.0,0.9333333333333333,0.0,0.8,1.0,0.13333333333333333,1,15,1.0,0.13333333333333333,0.8666666666666667,1.0,1.0,0.0,0.8666666666666667,1.0,0.13333333333333333,1,15
rel:28,relation_dossiers,rel:28|cond=rel:28:founding:anchor,rel:28:founding:anchor,oracle,40,15,rel:28|oracle|w40|-,34,0.85,False,3,True,1.0,0.26666666666666666,0.7333333333333334,1.0,0.8666666666666667,0.0,0.6000000000000001,1.0,0.3076923076923077,1,13,1.0,0.35238095238095235,0.6476190476190476,1.0,0.9333333333333333,0.0,0.580952380952381,1.0,0.35238095238095235,1,15,1.0,0.3333333333333333,0.6666666666666667,1.0,1.0,0.0,0.6666666666666667,1.0,0.3333333333333333,1,15
rel:28,relation_dossiers,rel:28|cond=rel:28:founding:anchor,rel:28:founding:anchor,oracle,80,15,rel:28|oracle|w80|-,75,0.9375,False,2,True,1.0,0.4666666666666667,0.5333333333333333,1.0,0.8666666666666667,0.0,0.4,1.0,0.5384615384615384,1,13,1.0,0.5523809523809524,0.4476190476190476,1.0,0.9333333333333333,0.0,0.38095238095238093,1.0,0.5523809523809524,1,15,1.0,0.5333333333333333,0.4666666666666667,1.0,1.0,0.0,0.4666666666666667,1.0,0.5333333333333333,1,15
rel:28,relation_dossiers,rel:28|cond=rel:28:founding:anchor,rel:28:founding:anchor,oracle,160,15,rel:28|oracle|w160|-,150,0.9375,False,1,True,1.0,0.8666666666666667,0.1333333333333333,1.0,0.8666666666666667,0.0,0.0,1.0,1.0,1,13,1.0,0.9333333333333333,0.06666666666666665,1.0,0.9333333333333333,0.0,0.0,1.0,0.9333333333333333,1,15,1.0,1.0,0.0,1.0,1.0,0.0,0.0,1.0,1.0,1,15
rel:28,relation_dossiers,rel:28|cond=rel:28:founding:anchor,rel:28:founding:anchor,reusable,20,15,rel:28|reusable|w20|rel:28|cond=rel:28:founding:anchor,19,0.95,False,1,False,1.0,0.06666666666666667,0.9333333333333333,1.0,0.8666666666666667,0.0,0.8,1.0,0.07692307692307693,1,13,1.0,0.16904761904761903,0.830952380952381,1.0,0.9333333333333333,0.0,0.7642857142857143,1.0,0.16904761904761903,1,15,1.0,0.13333333333333333,0.8666666666666667,1.0,1.0,0.0,0.8666666666666667,1.0,0.13333333333333333,1,15
rel:28,relation_dossiers,rel:28|cond=rel:28:founding:anchor,rel:28:founding:anchor,reusable,40,15,rel:28|reusable|w40|rel:28|cond=rel:28:founding:anchor,38,0.95,False,1,False,1.0,0.13333333333333333,0.8666666666666667,1.0,0.8666666666666667,0.0,0.7333333333333334,1.0,0.15384615384615385,1,13,1.0,0.15,0.85,1.0,0.9333333333333333,0.0,0.7833333333333333,1.0,0.15,1,15,1.0,0.13333333333333333,0.8666666666666667,1.0,1.0,0.0,0.8666666666666667,1.0,0.13333333333333333,1,15
rel:28,relation_dossiers,rel:28|cond=rel:28:founding:anchor,rel:28:founding:anchor,reusable,80,15,rel:28|reusable|w80|rel:28|cond=rel:28:founding:anchor,73,0.9125,False,2,False,1.0,0.26666666666666666,0.7333333333333334,1.0,0.8666666666666667,0.0,0.6000000000000001,1.0,0.3076923076923077,1,13,1.0,0.31666666666666665,0.6833333333333333,1.0,0.9333333333333333,0.0,0.6166666666666667,1.0,0.31666666666666665,1,15,1.0,0.4,0.6,1.0,1.0,0.0,0.6,1.0,0.4,1,15
rel:28,relation_dossiers,rel:28|cond=rel:28:founding:anchor,rel:28:founding:anchor,reusable,160,15,rel:28|reusable|w160|rel:28|cond=rel:28:founding:anchor,140,0.875,False,2,False,1.0,0.4,0.6,1.0,0.8666666666666667,0.0,0.4666666666666667,1.0,0.46153846153846156,1,13,1.0,0.48333333333333334,0.5166666666666666,1.0,0.9333333333333333,0.0,0.45,1.0,0.48333333333333334,1,15,1.0,0.4666666666666667,0.5333333333333333,1.0,1.0,0.0,0.5333333333333333,1.0,0.4666666666666667,1,15
rel:29,relation_dossiers,rel:29|cond=rel:29:custom:anchor,rel:29:custom:anchor,conditioned,20,15,rel:29|conditioned|w20|rel:29|cond=rel:29:custom:anchor,17,0.85,False,2,False,1.0,0.06666666666666667,0.9333333333333333,1.0,0.6,0.0,0.5333333333333333,1.0,0.1111111111111111,1,9,1.0,0.17777777777777776,0.8222222222222222,1.0,0.8666666666666666,0.0,0.6888888888888889,1.0,0.17777777777777776,1,15,1.0,0.13333333333333333,0.8666666666666667,1.0,1.0,0.0,0.8666666666666667,1.0,0.13333333333333333,1,15
rel:29,relation_dossiers,rel:29|cond=rel:29:custom:anchor,rel:29:custom:anchor,conditioned,40,15,rel:29|conditioned|w40|rel:29|cond=rel:29:custom:anchor,38,0.95,False,1,False,1.0,0.06666666666666667,0.9333333333333333,1.0,0.6,0.0,0.5333333333333333,1.0,0.1111111111111111,1,9,1.0,0.06666666666666667,0.9333333333333333,1.0,0.8666666666666666,0.0,0.7999999999999999,1.0,0.06666666666666667,1,15,1.0,0.06666666666666667,0.9333333333333333,1.0,1.0,0.0,0.9333333333333333,1.0,0.06666666666666667,1,15
rel:29,relation_dossiers,rel:29|cond=rel:29:custom:anchor,rel:29:custom:anchor,conditioned,80,15,rel:29|conditioned|w80|rel:29|cond=rel:29:custom:anchor,76,0.95,False,2,False,1.0,0.06666666666666667,0.9333333333333333,1.0,0.6,0.0,0.5333333333333333,1.0,0.1111111111111111,1,9,1.0,0.06666666666666667,0.9333333333333333,1.0,0.8666666666666666,0.0,0.7999999999999999,1.0,0.06666666666666667,1,15,1.0,0.06666666666666667,0.9333333333333333,1.0,1.0,0.0,0.9333333333333333,1.0,0.06666666666666667,1,15
rel:29,relation_dossiers,rel:29|cond=rel:29:custom:anchor,rel:29:custom:anchor,conditioned,160,15,rel:29|conditioned|w160|rel:29|cond=rel:29:custom:anchor,145,0.90625,False,2,False,1.0,0.13333333333333333,0.8666666666666667,1.0,0.6,0.0,0.4666666666666667,1.0,0.2222222222222222,1,9,1.0,0.13333333333333333,0.8666666666666667,1.0,0.8666666666666666,0.0,0.7333333333333333,1.0,0.13333333333333333,1,15,1.0,0.13333333333333333,0.8666666666666667,1.0,1.0,0.0,0.8666666666666667,1.0,0.13333333333333333,1,15
rel:29,relation_dossiers,rel:29|cond=rel:29:custom:anchor,rel:29:custom:anchor,generic,20,15,rel:29|generic|w20|-,17,0.85,False,2,True,0.0,0.0,0.0,1.0,0.6,1.0,0.6,0.0,0.0,1,9,0.4,0.11555555555555556,0.28444444444444444,1.0,0.8666666666666666,0.6,0.7511111111111111,0.4,0.11555555555555556,1,15,0.0,0.13333333333333333,-0.13333333333333333,1.0,1.0,1.0,0.8666666666666667,0.0,0.13333333333333333,1,15
rel:29,relation_dossiers,rel:29|cond=rel:29:custom:anchor,rel:29:custom:anchor,generic,40,15,rel:29|generic|w40|-,40,1.0,False,1,True,0.0,0.2,-0.2,1.0,0.6,1.0,0.39999999999999997,0.0,0.3333333333333333,1,9,0.28571428571428575,0.28888888888888886,-0.003174603174603108,1.0,0.8666666666666666,0.7142857142857142,0.5777777777777777,0.28571428571428575,0.28888888888888886,1,15,0.0,0.3333333333333333,-0.3333333333333333,1.0,1.0,1.0,0.6666666666666667,0.0,0.3333333333333333,1,15
rel:29,relation_dossiers,rel:29|cond=rel:29:custom:anchor,rel:29:custom:anchor,generic,80,15,rel:29|generic|w80|-,75,0.9375,False,2,True,0.0,0.13333333333333333,-0.13333333333333333,1.0,0.6,1.0,0.4666666666666667,0.0,0.2222222222222222,1,9,0.0,0.3555555555555555,-0.3555555555555555,1.0,0.8666666666666666,1.0,0.5111111111111111,0.0,0.3555555555555555,1,15,0.0,0.4666666666666667,-0.4666666666666667,1.0,1.0,1.0,0.5333333333333333,0.0,0.4666666666666667,1,15
rel:29,relation_dossiers,rel:29|cond=rel:29:custom:anchor,rel:29:custom:anchor,generic,160,15,rel:29|generic|w160|-,141,0.88125,False,2,True,0.0,0.26666666666666666,-0.26666666666666666,1.0,0.6,1.0,0.3333333333333333,0.0,0.4444444444444444,1,9,0.0,0.4888888888888889,-0.4888888888888889,1.0,0.8666666666666666,1.0,0.3777777777777777,0.0,0.4888888888888889,1,15,0.0,0.6,-0.6,1.0,1.0,1.0,0.4,0.0,0.6,1,15
rel:29,relation_dossiers,rel:29|cond=rel:29:custom:anchor,rel:29:custom:anchor,oracle,20,15,rel:29|oracle|w20|-,17,0.85,False,2,True,0.0,0.06666666666666667,-0.06666666666666667,1.0,0.6,1.0,0.5333333333333333,0.0,0.1111111111111111,1,9,0.4,0.21555555555555553,0.1844444444444445,1.0,0.8666666666666666,0.6,0.6511111111111111,0.4,0.21555555555555553,1,15,0.0,0.2,-0.2,1.0,1.0,1.0,0.8,0.0,0.2,1,15
rel:29,relation_dossiers,rel:29|cond=rel:29:custom:anchor,rel:29:custom:anchor,oracle,40,15,rel:29|oracle|w40|-,36,0.9,False,3,True,0.0,0.26666666666666666,-0.26666666666666666,1.0,0.6,1.0,0.3333333333333333,0.0,0.4444444444444444,1,9,0.15384615384615383,0.4711111111111111,-0.3172649572649573,1.0,0.8666666666666666,0.8461538461538461,0.3955555555555555,0.15384615384615383,0.4711111111111111,1,15,0.0,0.5333333333333333,-0.5333333333333333,1.0,1.0,1.0,0.4666666666666667,0.0,0.5333333333333333,1,15
rel:29,relation_dossiers,rel:29|cond=rel:29:custom:anchor,rel:29:custom:anchor,oracle,80,15,rel:29|oracle|w80|-,72,0.9,False,2,True,1.0,0.4,0.6,1.0,0.6,0.0,0.19999999999999996,1.0,0.6666666666666666,1,9,1.0,0.6666666666666666,0.33333333333333337,1.0,0.8666666666666666,0.0,0.19999999999999996,1.0,0.6666666666666666,1,15,1.0,0.8,0.19999999999999996,1.0,1.0,0.0,0.19999999999999996,1.0,0.8,1,15
rel:29,relation_dossiers,rel:29|cond=rel:29:custom:anchor,rel:29:custom:anchor,oracle,160,15,rel:29|oracle|w160|-,157,0.98125,False,1,True,0.0,0.26666666666666666,-0.26666666666666666,1.0,0.6,1.0,0.3333333333333333,0.0,0.4444444444444444,1,9,0.0,0.5333333333333333,-0.5333333333333333,1.0,0.8666666666666666,1.0,0.33333333333333326,0.0,0.5333333333333333,1,15,0.0,0.6666666666666666,-0.6666666666666666,1.0,1.0,1.0,0.33333333333333337,0.0,0.6666666666666666,1,15
rel:29,relation_dossiers,rel:29|cond=rel:29:custom:anchor,rel:29:custom:anchor,reusable,20,15,rel:29|reusable|w20|rel:29|cond=rel:29:custom:anchor,17,0.85,False,2,False,1.0,0.06666666666666667,0.9333333333333333,1.0,0.6,0.0,0.5333333333333333,1.0,0.1111111111111111,1,9,1.0,0.17777777777777776,0.8222222222222222,1.0,0.8666666666666666,0.0,0.6888888888888889,1.0,0.17777777777777776,1,15,1.0,0.13333333333333333,0.8666666666666667,1.0,1.0,0.0,0.8666666666666667,1.0,0.13333333333333333,1,15
rel:29,relation_dossiers,rel:29|cond=rel:29:custom:anchor,rel:29:custom:anchor,reusable,40,15,rel:29|reusable|w40|rel:29|cond=rel:29:custom:anchor,37,0.925,False,1,False,1.0,0.06666666666666667,0.9333333333333333,1.0,0.6,0.0,0.5333333333333333,1.0,0.1111111111111111,1,9,1.0,0.1,0.9,1.0,0.8666666666666666,0.0,0.7666666666666666,1.0,0.1,1,15,1.0,0.06666666666666667,0.9333333333333333,1.0,1.0,0.0,0.9333333333333333,1.0,0.06666666666666667,1,15
rel:29,relation_dossiers,rel:29|cond=rel:29:custom:anchor,rel:29:custom:anchor,reusable,80,15,rel:29|reusable|w80|rel:29|cond=rel:29:custom:anchor,77,0.9625,False,3,False,1.0,0.13333333333333333,0.8666666666666667,1.0,0.6,0.0,0.4666666666666667,1.0,0.2222222222222222,1,9,1.0,0.13333333333333333,0.8666666666666667,1.0,0.8666666666666666,0.0,0.7333333333333333,1.0,0.13333333333333333,1,15,1.0,0.13333333333333333,0.8666666666666667,1.0,1.0,0.0,0.8666666666666667,1.0,0.13333333333333333,1,15
rel:29,relation_dossiers,rel:29|cond=rel:29:custom:anchor,rel:29:custom:anchor,reusable,160,15,rel:29|reusable|w160|rel:29|cond=rel:29:custom:anchor,142,0.8875,False,1,False,1.0,0.13333333333333333,0.8666666666666667,1.0,0.6,0.0,0.4666666666666667,1.0,0.2222222222222222,1,9,1.0,0.13333333333333333,0.8666666666666667,1.0,0.8666666666666666,0.0,0.7333333333333333,1.0,0.13333333333333333,1,15,1.0,0.13333333333333333,0.8666666666666667,1.0,1.0,0.0,0.8666666666666667,1.0,0.13333333333333333,1,15
rel:29,relation_dossiers,rel:29|cond=rel:29:facilities:anchor,rel:29:facilities:anchor,conditioned,20,15,rel:29|conditioned|w20|rel:29|cond=rel:29:facilities:anchor,17,0.85,False,1,False,0.0,0.0,0.0,0.0,0.6666666666666666,0.0,0.6666666666666666,nan,0.0,0,10,0.6666666666666666,0.09333333333333332,0.5733333333333333,0.6666666666666666,0.8888888888888888,0.0,0.7955555555555556,0.6666666666666666,0.09333333333333332,1,15,1.0,0.06666666666666667,0.9333333333333333,1.0,1.0,0.0,0.9333333333333333,1.0,0.06666666666666667,1,15
rel:29,relation_dossiers,rel:29|cond=rel:29:facilities:anchor,rel:29:facilities:anchor,conditioned,40,15,rel:29|conditioned|w40|rel:29|cond=rel:29:facilities:anchor,39,0.975,False,2,False,0.0,0.0,0.0,0.0,0.6666666666666666,0.0,0.6666666666666666,nan,0.0,0,10,0.6666666666666666,0.07111111111111111,0.5955555555555555,0.6666666666666666,0.8888888888888888,0.0,0.8177777777777777,0.6666666666666666,0.07111111111111111,1,15,1.0,0.06666666666666667,0.9333333333333333,1.0,1.0,0.0,0.9333333333333333,1.0,0.06666666666666667,1,15
rel:29,relation_dossiers,rel:29|cond=rel:29:facilities:anchor,rel:29:facilities:anchor,conditioned,80,15,rel:29|conditioned|w80|rel:29|cond=rel:29:facilities:anchor,74,0.925,False,2,False,0.0,0.06666666666666667,-0.06666666666666667,0.0,0.6666666666666666,0.0,0.6,nan,0.1,0,10,0.6666666666666666,0.13015873015873017,0.5365079365079365,0.6666666666666666,0.8888888888888888,0.0,0.7587301587301587,0.6666666666666666,0.13015873015873017,1,15,1.0,0.13333333333333333,0.8666666666666667,1.0,1.0,0.0,0.8666666666666667,1.0,0.13333333333333333,1,15
rel:29,relation_dossiers,rel:29|cond=rel:29:facilities:anchor,rel:29:facilities:anchor,conditioned,160,15,rel:29|conditioned|w160|rel:29|cond=rel:29:facilities:anchor,142,0.8875,False,2,False,0.0,0.0,0.0,0.0,0.6666666666666666,0.0,0.6666666666666666,nan,0.0,0,10,0.6666666666666666,0.05777777777777778,0.6088888888888888,0.6666666666666666,0.8888888888888888,0.0,0.831111111111111,0.6666666666666666,0.05777777777777778,1,15,1.0,0.06666666666666667,0.9333333333333333,1.0,1.0,0.0,0.9333333333333333,1.0,0.06666666666666667,1,15
rel:29,relation_dossiers,rel:29|cond=rel:29:facilities:anchor,rel:29:facilities:anchor,generic,20,15,rel:29|generic|w20|-,17,0.85,False,2,True,0.0,0.0,0.0,0.0,0.6666666666666666,0.0,0.6666666666666666,nan,0.0,0,10,0.0,0.14222222222222222,-0.14222222222222222,0.6666666666666666,0.8888888888888888,0.6666666666666666,0.7466666666666666,0.0,0.14222222222222222,1,15,0.0,0.13333333333333333,-0.13333333333333333,1.0,1.0,1.0,0.8666666666666667,0.0,0.13333333333333333,1,15
rel:29,relation_dossiers,rel:29|cond=rel:29:facilities:anchor,rel:29:facilities:anchor,generic,40,15,rel:29|generic|w40|-,40,1.0,False,1,True,0.0,0.2,-0.2,0.0,0.6666666666666666,0.0,0.4666666666666666,nan,0.3,0,10,0.0,0.3079365079365079,-0.3079365079365079,0.6666666666666666,0.8888888888888888,0.6666666666666666,0.5809523809523809,0.0,0.3079365079365079,1,15,0.0,0.3333333333333333,-0.3333333333333333,1.0,1.0,1.0,0.6666666666666667,0.0,0.3333333333333333,1,15
rel:29,relation_dossiers,rel:29|cond=rel:29:facilities:anchor,rel:29:facilities:anchor,generic,80,15,rel:29|generic|w80|-,75,0.9375,False,2,True,0.0,0.13333333333333333,-0.13333333333333333,0.0,0.6666666666666666,0.0,0.5333333333333333,nan,0.2,0,10,0.6666666666666666,0.31111111111111106,0.35555555555555557,0.6666666666666666,0.8888888888888888,0.0,0.5777777777777777,0.6666666666666666,0.31111111111111106,1,15,1.0,0.4,0.6,1.0,1.0,0.0,0.6,1.0,0.4,1,15
rel:29,relation_dossiers,rel:29|cond=rel:29:facilities:anchor,rel:29:facilities:anchor,generic,160,15,rel:29|generic|w160|-,141,0.88125,False,2,True,0.0,0.26666666666666666,-0.26666666666666666,0.0,0.6666666666666666,0.0,0.39999999999999997,nan,0.4,0,10,0.6666666666666666,0.4444444444444444,0.2222222222222222,0.6666666666666666,0.8888888888888888,0.0,0.4444444444444444,0.6666666666666666,0.4444444444444444,1,15,1.0,0.5333333333333333,0.4666666666666667,1.0,1.0,0.0,0.4666666666666667,1.0,0.5333333333333333,1,15
rel:29,relation_dossiers,rel:29|cond=rel:29:facilities:anchor,rel:29:facilities:anchor,oracle,20,15,rel:29|oracle|w20|-,17,0.85,False,2,True,0.0,0.06666666666666667,-0.06666666666666667,0.0,0.6666666666666666,0.0,0.6,nan,0.1,0,10,0.0,0.2422222222222222,-0.2422222222222222,0.6666666666666666,0.8888888888888888,0.6666666666666666,0.6466666666666666,0.0,0.2422222222222222,1,15,0.0,0.2,-0.2,1.0,1.0,1.0,0.8,0.0,0.2,1,15
rel:29,relation_dossiers,rel:29|cond=rel:29:facilities:anchor,rel:29:facilities:anchor,oracle,40,15,rel:29|oracle|w40|-,36,0.9,False,3,True,0.0,0.26666666666666666,-0.26666666666666666,0.0,0.6666666666666666,0.0,0.39999999999999997,nan,0.4,0,10,0.6666666666666666,0.43692307692307697,0.22974358974358966,0.6666666666666666,0.8888888888888888,0.0,0.45196581196581187,0.6666666666666666,0.43692307692307697,1,15,1.0,0.4666666666666667,0.5333333333333333,1.0,1.0,0.0,0.5333333333333333,1.0,0.4666666666666667,1,15
rel:29,relation_dossiers,rel:29|cond=rel:29:facilities:anchor,rel:29:facilities:anchor,oracle,80,15,rel:29|oracle|w80|-,72,0.9,False,2,True,0.0,0.4666666666666667,-0.4666666666666667,0.0,0.6666666666666666,0.0,0.19999999999999996,nan,0.7,0,10,0.6666666666666666,0.6888888888888888,-0.022222222222222143,0.6666666666666666,0.8888888888888888,0.0,0.20000000000000007,0.6666666666666666,0.6888888888888888,1,15,1.0,0.8,0.19999999999999996,1.0,1.0,0.0,0.19999999999999996,1.0,0.8,1,15
rel:29,relation_dossiers,rel:29|cond=rel:29:facilities:anchor,rel:29:facilities:anchor,oracle,160,15,rel:29|oracle|w160|-,157,0.98125,False,1,True,0.0,0.26666666666666666,-0.26666666666666666,0.0,0.6666666666666666,0.0,0.39999999999999997,nan,0.4,0,10,0.6666666666666666,0.4888888888888889,0.17777777777777776,0.6666666666666666,0.8888888888888888,0.0,0.39999999999999997,0.6666666666666666,0.4888888888888889,1,15,1.0,0.6,0.4,1.0,1.0,0.0,0.4,1.0,0.6,1,15
rel:29,relation_dossiers,rel:29|cond=rel:29:facilities:anchor,rel:29:facilities:anchor,reusable,20,15,rel:29|reusable|w20|rel:29|cond=rel:29:facilities:anchor,18,0.9,False,2,False,0.0,0.0,0.0,0.0,0.6666666666666666,0.0,0.6666666666666666,nan,0.0,0,10,0.6666666666666666,0.10444444444444442,0.5622222222222222,0.6666666666666666,0.8888888888888888,0.0,0.7844444444444444,0.6666666666666666,0.10444444444444442,1,15,1.0,0.06666666666666667,0.9333333333333333,1.0,1.0,0.0,0.9333333333333333,1.0,0.06666666666666667,1,15
rel:29,relation_dossiers,rel:29|cond=rel:29:facilities:anchor,rel:29:facilities:anchor,reusable,40,15,rel:29|reusable|w40|rel:29|cond=rel:29:facilities:anchor,34,0.85,False,1,False,0.0,0.06666666666666667,-0.06666666666666667,0.0,0.6666666666666666,0.0,0.6,nan,0.1,0,10,0.6666666666666666,0.15555555555555553,0.5111111111111111,0.6666666666666666,0.8888888888888888,0.0,0.7333333333333333,0.6666666666666666,0.15555555555555553,1,15,1.0,0.2,0.8,1.0,1.0,0.0,0.8,1.0,0.2,1,15
rel:29,relation_dossiers,rel:29|cond=rel:29:facilities:anchor,rel:29:facilities:anchor,reusable,80,15,rel:29|reusable|w80|rel:29|cond=rel:29:facilities:anchor,75,0.9375,False,1,False,0.0,0.13333333333333333,-0.13333333333333333,0.0,0.6666666666666666,0.0,0.5333333333333333,nan,0.2,0,10,0.6666666666666666,0.20444444444444443,0.4622222222222222,0.6666666666666666,0.8888888888888888,0.0,0.6844444444444444,0.6666666666666666,0.20444444444444443,1,15,1.0,0.26666666666666666,0.7333333333333334,1.0,1.0,0.0,0.7333333333333334,1.0,0.26666666666666666,1,15
rel:29,relation_dossiers,rel:29|cond=rel:29:facilities:anchor,rel:29:facilities:anchor,reusable,160,15,rel:29|reusable|w160|rel:29|cond=rel:29:facilities:anchor,146,0.9125,False,2,False,0.0,0.0,0.0,0.0,0.6666666666666666,0.0,0.6666666666666666,nan,0.0,0,10,0.6666666666666666,0.17904761904761904,0.4876190476190476,0.6666666666666666,0.8888888888888888,0.0,0.7098412698412698,0.6666666666666666,0.17904761904761904,1,15,1.0,0.2,0.8,1.0,1.0,0.0,0.8,1.0,0.2,1,15
rel:29,relation_dossiers,rel:29|cond=rel:29:finance:anchor,rel:29:finance:anchor,conditioned,20,15,rel:29|conditioned|w20|rel:29|cond=rel:29:finance:anchor,17,0.85,False,2,False,1.0,0.0,1.0,1.0,0.6,0.0,0.6,1.0,0.0,1,9,1.0,0.04444444444444444,0.9555555555555556,1.0,0.8666666666666666,0.0,0.8222222222222222,1.0,0.04444444444444444,1,15,1.0,0.13333333333333333,0.8666666666666667,1.0,1.0,0.0,0.8666666666666667,1.0,0.13333333333333333,1,15
rel:29,relation_dossiers,rel:29|cond=rel:29:finance:anchor,rel:29:finance:anchor,conditioned,40,15,rel:29|conditioned|w40|rel:29|cond=rel:29:finance:anchor,35,0.875,False,2,False,1.0,0.06666666666666667,0.9333333333333333,1.0,0.6,0.0,0.5333333333333333,1.0,0.1111111111111111,1,9,1.0,0.11999999999999998,0.88,1.0,0.8666666666666666,0.0,0.7466666666666666,1.0,0.11999999999999998,1,15,1.0,0.06666666666666667,0.9333333333333333,1.0,1.0,0.0,0.9333333333333333,1.0,0.06666666666666667,1,15
rel:29,relation_dossiers,rel:29|cond=rel:29:finance:anchor,rel:29:finance:anchor,conditioned,80,15,rel:29|conditioned|w80|rel:29|cond=rel:29:finance:anchor,68,0.85,False,2,False,1.0,0.13333333333333333,0.8666666666666667,1.0,0.6,0.0,0.4666666666666667,1.0,0.2222222222222222,1,9,1.0,0.13333333333333333,0.8666666666666667,1.0,0.8666666666666666,0.0,0.7333333333333333,1.0,0.13333333333333333,1,15,1.0,0.13333333333333333,0.8666666666666667,1.0,1.0,0.0,0.8666666666666667,1.0,0.13333333333333333,1,15
rel:29,relation_dossiers,rel:29|cond=rel:29:finance:anchor,rel:29:finance:anchor,conditioned,160,15,rel:29|conditioned|w160|rel:29|cond=rel:29:finance:anchor,136,0.85,False,1,False,1.0,0.06666666666666667,0.9333333333333333,1.0,0.6,0.0,0.5333333333333333,1.0,0.1111111111111111,1,9,1.0,0.11904761904761905,0.8809523809523809,1.0,0.8666666666666666,0.0,0.7476190476190475,1.0,0.11904761904761905,1,15,1.0,0.06666666666666667,0.9333333333333333,1.0,1.0,0.0,0.9333333333333333,1.0,0.06666666666666667,1,15
rel:29,relation_dossiers,rel:29|cond=rel:29:finance:anchor,rel:29:finance:anchor,generic,20,15,rel:29|generic|w20|-,17,0.85,False,2,True,0.0,0.0,0.0,1.0,0.6,1.0,0.6,0.0,0.0,1,9,0.0,0.14222222222222222,-0.14222222222222222,1.0,0.8666666666666666,1.0,0.7244444444444443,0.0,0.14222222222222222,1,15,0.0,0.13333333333333333,-0.13333333333333333,1.0,1.0,1.0,0.8666666666666667,0.0,0.13333333333333333,1,15
rel:29,relation_dossiers,rel:29|cond=rel:29:finance:anchor,rel:29:finance:anchor,generic,40,15,rel:29|generic|w40|-,40,1.0,False,1,True,1.0,0.13333333333333333,0.8666666666666667,1.0,0.6,0.0,0.4666666666666667,1.0,0.2222222222222222,1,9,1.0,0.24126984126984125,0.7587301587301587,1.0,0.8666666666666666,0.0,0.6253968253968254,1.0,0.24126984126984125,1,15,1.0,0.26666666666666666,0.7333333333333334,1.0,1.0,0.0,0.7333333333333334,1.0,0.26666666666666666,1,15
rel:29,relation_dossiers,rel:29|cond=rel:29:finance:anchor,rel:29:finance:anchor,generic,80,15,rel:29|generic|w80|-,75,0.9375,False,2,True,0.0,0.13333333333333333,-0.13333333333333333,1.0,0.6,1.0,0.4666666666666667,0.0,0.2222222222222222,1,9,0.0,0.3555555555555555,-0.3555555555555555,1.0,0.8666666666666666,1.0,0.5111111111111111,0.0,0.3555555555555555,1,15,0.0,0.4666666666666667,-0.4666666666666667,1.0,1.0,1.0,0.5333333333333333,0.0,0.4666666666666667,1,15
rel:29,relation_dossiers,rel:29|cond=rel:29:finance:anchor,rel:29:finance:anchor,generic,160,15,rel:29|generic|w160|-,141,0.88125,False,2,True,1.0,0.2,0.8,1.0,0.6,0.0,0.39999999999999997,1.0,0.3333333333333333,1,9,1.0,0.4222222222222222,0.5777777777777777,1.0,0.8666666666666666,0.0,0.44444444444444436,1.0,0.4222222222222222,1,15,1.0,0.5333333333333333,0.4666666666666667,1.0,1.0,0.0,0.4666666666666667,1.0,0.5333333333333333,1,15
rel:29,relation_dossiers,rel:29|cond=rel:29:finance:anchor,rel:29:finance:anchor,oracle,20,15,rel:29|oracle|w20|-,17,0.85,False,2,True,0.0,0.06666666666666667,-0.06666666666666667,1.0,0.6,1.0,0.5333333333333333,0.0,0.1111111111111111,1,9,0.0,0.2422222222222222,-0.2422222222222222,1.0,0.8666666666666666,1.0,0.6244444444444444,0.0,0.2422222222222222,1,15,0.0,0.2,-0.2,1.0,1.0,1.0,0.8,0.0,0.2,1,15
rel:29,relation_dossiers,rel:29|cond=rel:29:finance:anchor,rel:29:finance:anchor,oracle,40,15,rel:29|oracle|w40|-,36,0.9,False,3,True,1.0,0.2,0.8,1.0,0.6,0.0,0.39999999999999997,1.0,0.3333333333333333,1,9,1.0,0.4147008547008547,0.5852991452991453,1.0,0.8666666666666666,0.0,0.45196581196581187,1.0,0.4147008547008547,1,15,1.0,0.4666666666666667,0.5333333333333333,1.0,1.0,0.0,0.5333333333333333,1.0,0.4666666666666667,1,15
rel:29,relation_dossiers,rel:29|cond=rel:29:finance:anchor,rel:29:finance:anchor,oracle,80,15,rel:29|oracle|w80|-,72,0.9,False,2,True,1.0,0.4,0.6,1.0,0.6,0.0,0.19999999999999996,1.0,0.6666666666666666,1,9,1.0,0.6666666666666666,0.33333333333333337,1.0,0.8666666666666666,0.0,0.19999999999999996,1.0,0.6666666666666666,1,15,1.0,0.8,0.19999999999999996,1.0,1.0,0.0,0.19999999999999996,1.0,0.8,1,15
rel:29,relation_dossiers,rel:29|cond=rel:29:finance:anchor,rel:29:finance:anchor,oracle,160,15,rel:29|oracle|w160|-,157,0.98125,False,1,True,1.0,0.2,0.8,1.0,0.6,0.0,0.39999999999999997,1.0,0.3333333333333333,1,9,1.0,0.4666666666666667,0.5333333333333333,1.0,0.8666666666666666,0.0,0.3999999999999999,1.0,0.4666666666666667,1,15,1.0,0.6,0.4,1.0,1.0,0.0,0.4,1.0,0.6,1,15
rel:29,relation_dossiers,rel:29|cond=rel:29:finance:anchor,rel:29:finance:anchor,reusable,20,15,rel:29|reusable|w20|rel:29|cond=rel:29:finance:anchor,19,0.95,False,1,False,1.0,0.0,1.0,1.0,0.6,0.0,0.6,1.0,0.0,1,9,1.0,0.08222222222222222,0.9177777777777778,1.0,0.8666666666666666,0.0,0.7844444444444444,1.0,0.08222222222222222,1,15,1.0,0.06666666666666667,0.9333333333333333,1.0,1.0,0.0,0.9333333333333333,1.0,0.06666666666666667,1,15
rel:29,relation_dossiers,rel:29|cond=rel:29:finance:anchor,rel:29:finance:anchor,reusable,40,15,rel:29|reusable|w40|rel:29|cond=rel:29:finance:anchor,38,0.95,False,2,False,1.0,0.0,1.0,1.0,0.6,0.0,0.6,1.0,0.0,1,9,1.0,0.07111111111111111,0.9288888888888889,1.0,0.8666666666666666,0.0,0.7955555555555555,1.0,0.07111111111111111,1,15,1.0,0.06666666666666667,0.9333333333333333,1.0,1.0,0.0,0.9333333333333333,1.0,0.06666666666666667,1,15
rel:29,relation_dossiers,rel:29|cond=rel:29:finance:anchor,rel:29:finance:anchor,reusable,80,15,rel:29|reusable|w80|rel:29|cond=rel:29:finance:anchor,70,0.875,False,1,False,1.0,0.2,0.8,1.0,0.6,0.0,0.39999999999999997,1.0,0.3333333333333333,1,9,1.0,0.22666666666666666,0.7733333333333333,1.0,0.8666666666666666,0.0,0.6399999999999999,1.0,0.22666666666666666,1,15,1.0,0.2,0.8,1.0,1.0,0.0,0.8,1.0,0.2,1,15
rel:29,relation_dossiers,rel:29|cond=rel:29:finance:anchor,rel:29:finance:anchor,reusable,160,15,rel:29|reusable|w160|rel:29|cond=rel:29:finance:anchor,139,0.86875,False,2,False,1.0,0.2,0.8,1.0,0.6,0.0,0.39999999999999997,1.0,0.3333333333333333,1,9,1.0,0.2,0.8,1.0,0.8666666666666666,0.0,0.6666666666666665,1.0,0.2,1,15,1.0,0.2,0.8,1.0,1.0,0.0,0.8,1.0,0.2,1,15
rel:29,relation_dossiers,rel:29|cond=rel:29:founding:anchor,rel:29:founding:anchor,conditioned,20,15,rel:29|conditioned|w20|rel:29|cond=rel:29:founding:anchor,19,0.95,False,2,False,0.0,0.0,0.0,0.0,0.6666666666666666,0.0,0.6666666666666666,nan,0.0,0,10,0.6666666666666666,0.1311111111111111,0.5355555555555556,0.6666666666666666,0.8888888888888888,0.0,0.7577777777777778,0.6666666666666666,0.1311111111111111,1,15,1.0,0.06666666666666667,0.9333333333333333,1.0,1.0,0.0,0.9333333333333333,1.0,0.06666666666666667,1,15
rel:29,relation_dossiers,rel:29|cond=rel:29:founding:anchor,rel:29:founding:anchor,conditioned,40,15,rel:29|conditioned|w40|rel:29|cond=rel:29:founding:anchor,36,0.9,False,1,False,0.0,0.0,0.0,0.0,0.6666666666666666,0.0,0.6666666666666666,nan,0.0,0,10,0.6666666666666666,0.07777777777777777,0.5888888888888889,0.6666666666666666,0.8888888888888888,0.0,0.8111111111111111,0.6666666666666666,0.07777777777777777,1,15,1.0,0.06666666666666667,0.9333333333333333,1.0,1.0,0.0,0.9333333333333333,1.0,0.06666666666666667,1,15
rel:29,relation_dossiers,rel:29|cond=rel:29:founding:anchor,rel:29:founding:anchor,conditioned,80,15,rel:29|conditioned|w80|rel:29|cond=rel:29:founding:anchor,78,0.975,False,2,False,0.0,0.06666666666666667,-0.06666666666666667,0.0,0.6666666666666666,0.0,0.6,nan,0.1,0,10,0.6666666666666666,0.15470085470085468,0.5119658119658119,0.6666666666666666,0.8888888888888888,0.0,0.7341880341880341,0.6666666666666666,0.15470085470085468,1,15,1.0,0.13333333333333333,0.8666666666666667,1.0,1.0,0.0,0.8666666666666667,1.0,0.13333333333333333,1,15
rel:29,relation_dossiers,rel:29|cond=rel:29:founding:anchor,rel:29:founding:anchor,conditioned,160,15,rel:29|conditioned|w160|rel:29|cond=rel:29:founding:anchor,141,0.88125,False,1,False,0.0,0.06666666666666667,-0.06666666666666667,0.0,0.6666666666666666,0.0,0.6,nan,0.1,0,10,0.6666666666666666,0.1111111111111111,0.5555555555555556,0.6666666666666666,0.8888888888888888,0.0,0.7777777777777777,0.6666666666666666,0.1111111111111111,1,15,1.0,0.13333333333333333,0.8666666666666667,1.0,1.0,0.0,0.8666666666666667,1.0,0.13333333333333333,1,15
rel:29,relation_dossiers,rel:29|cond=rel:29:founding:anchor,rel:29:founding:anchor,generic,20,15,rel:29|generic|w20|-,17,0.85,False,2,True,0.0,0.0,0.0,0.0,0.6666666666666666,0.0,0.6666666666666666,nan,0.0,0,10,0.6666666666666666,0.09777777777777778,0.5688888888888889,0.6666666666666666,0.8888888888888888,0.0,0.7911111111111111,0.6666666666666666,0.09777777777777778,1,15,1.0,0.06666666666666667,0.9333333333333333,1.0,1.0,0.0,0.9333333333333333,1.0,0.06666666666666667,1,15
rel:29,relation_dossiers,rel:29|cond=rel:29:founding:anchor,rel:29:founding:anchor,generic,40,15,rel:29|generic|w40|-,40,1.0,False,1,True,0.0,0.2,-0.2,0.0,0.6666666666666666,0.0,0.4666666666666666,nan,0.3,0,10,0.6666666666666666,0.2634920634920635,0.40317460317460313,0.6666666666666666,0.8888888888888888,0.0,0.6253968253968254,0.6666666666666666,0.2634920634920635,1,15,1.0,0.26666666666666666,0.7333333333333334,1.0,1.0,0.0,0.7333333333333334,1.0,0.26666666666666666,1,15
rel:29,relation_dossiers,rel:29|cond=rel:29:founding:anchor,rel:29:founding:anchor,generic,80,15,rel:29|generic|w80|-,75,0.9375,False,2,True,0.0,0.13333333333333333,-0.13333333333333333,0.0,0.6666666666666666,0.0,0.5333333333333333,nan,0.2,0,10,0.6666666666666666,0.31111111111111106,0.35555555555555557,0.6666666666666666,0.8888888888888888,0.0,0.5777777777777777,0.6666666666666666,0.31111111111111106,1,15,1.0,0.4,0.6,1.0,1.0,0.0,0.6,1.0,0.4,1,15
rel:29,relation_dossiers,rel:29|cond=rel:29:founding:anchor,rel:29:founding:anchor,generic,160,15,rel:29|generic|w160|-,141,0.88125,False,2,True,0.0,0.26666666666666666,-0.26666666666666666,0.0,0.6666666666666666,0.0,0.39999999999999997,nan,0.4,0,10,0.6666666666666666,0.4444444444444444,0.2222222222222222,0.6666666666666666,0.8888888888888888,0.0,0.4444444444444444,0.6666666666666666,0.4444444444444444,1,15,1.0,0.5333333333333333,0.4666666666666667,1.0,1.0,0.0,0.4666666666666667,1.0,0.5333333333333333,1,15
rel:29,relation_dossiers,rel:29|cond=rel:29:founding:anchor,rel:29:founding:anchor,oracle,20,15,rel:29|oracle|w20|-,17,0.85,False,2,True,0.0,0.06666666666666667,-0.06666666666666667,0.0,0.6666666666666666,0.0,0.6,nan,0.1,0,10,0.6666666666666666,0.19777777777777775,0.4688888888888889,0.6666666666666666,0.8888888888888888,0.0,0.6911111111111111,0.6666666666666666,0.19777777777777775,1,15,1.0,0.13333333333333333,0.8666666666666667,1.0,1.0,0.0,0.8666666666666667,1.0,0.13333333333333333,1,15
rel:29,relation_dossiers,rel:29|cond=rel:29:founding:anchor,rel:29:founding:anchor,oracle,40,15,rel:29|oracle|w40|-,36,0.9,False,3,True,0.0,0.26666666666666666,-0.26666666666666666,0.0,0.6666666666666666,0.0,0.39999999999999997,nan,0.4,0,10,0.6666666666666666,0.43692307692307697,0.22974358974358966,0.6666666666666666,0.8888888888888888,0.0,0.45196581196581187,0.6666666666666666,0.43692307692307697,1,15,1.0,0.4666666666666667,0.5333333333333333,1.0,1.0,0.0,0.5333333333333333,1.0,0.4666666666666667,1,15
rel:29,relation_dossiers,rel:29|cond=rel:29:founding:anchor,rel:29:founding:anchor,oracle,80,15,rel:29|oracle|w80|-,72,0.9,False,2,True,0.0,0.4666666666666667,-0.4666666666666667,0.0,0.6666666666666666,0.0,0.19999999999999996,nan,0.7,0,10,0.6666666666666666,0.6888888888888888,-0.022222222222222143,0.6666666666666666,0.8888888888888888,0.0,0.20000000000000007,0.6666666666666666,0.6888888888888888,1,15,1.0,0.8,0.19999999999999996,1.0,1.0,0.0,0.19999999999999996,1.0,0.8,1,15
rel:29,relation_dossiers,rel:29|cond=rel:29:founding:anchor,rel:29:founding:anchor,oracle,160,15,rel:29|oracle|w160|-,157,0.98125,False,1,True,0.0,0.26666666666666666,-0.26666666666666666,0.0,0.6666666666666666,0.0,0.39999999999999997,nan,0.4,0,10,0.6666666666666666,0.4888888888888889,0.17777777777777776,0.6666666666666666,0.8888888888888888,0.0,0.39999999999999997,0.6666666666666666,0.4888888888888889,1,15,1.0,0.6,0.4,1.0,1.0,0.0,0.4,1.0,0.6,1,15
rel:29,relation_dossiers,rel:29|cond=rel:29:founding:anchor,rel:29:founding:anchor,reusable,20,15,rel:29|reusable|w20|rel:29|cond=rel:29:founding:anchor,17,0.85,False,2,False,0.0,0.0,0.0,0.0,0.6666666666666666,0.0,0.6666666666666666,nan,0.0,0,10,0.6666666666666666,0.04444444444444444,0.6222222222222222,0.6666666666666666,0.8888888888888888,0.0,0.8444444444444444,0.6666666666666666,0.04444444444444444,1,15,1.0,0.06666666666666667,0.9333333333333333,1.0,1.0,0.0,0.9333333333333333,1.0,0.06666666666666667,1,15
rel:29,relation_dossiers,rel:29|cond=rel:29:founding:anchor,rel:29:founding:anchor,reusable,40,15,rel:29|reusable|w40|rel:29|cond=rel:29:founding:anchor,37,0.925,False,3,False,0.0,0.0,0.0,0.0,0.6666666666666666,0.0,0.6666666666666666,nan,0.0,0,10,0.6666666666666666,0.10444444444444442,0.5622222222222222,0.6666666666666666,0.8888888888888888,0.0,0.7844444444444444,0.6666666666666666,0.10444444444444442,1,15,1.0,0.06666666666666667,0.9333333333333333,1.0,1.0,0.0,0.9333333333333333,1.0,0.06666666666666667,1,15
rel:29,relation_dossiers,rel:29|cond=rel:29:founding:anchor,rel:29:founding:anchor,reusable,80,15,rel:29|reusable|w80|rel:29|cond=rel:29:founding:anchor,71,0.8875,False,1,False,0.0,0.13333333333333333,-0.13333333333333333,0.0,0.6666666666666666,0.0,0.5333333333333333,nan,0.2,0,10,0.6666666666666666,0.32,0.3466666666666666,0.6666666666666666,0.8888888888888888,0.0,0.5688888888888888,0.6666666666666666,0.32,1,15,1.0,0.3333333333333333,0.6666666666666667,1.0,1.0,0.0,0.6666666666666667,1.0,0.3333333333333333,1,15
rel:29,relation_dossiers,rel:29|cond=rel:29:founding:anchor,rel:29:founding:anchor,reusable,160,15,rel:29|reusable|w160|rel:29|cond=rel:29:founding:anchor,147,0.91875,False,2,False,0.0,0.06666666666666667,-0.06666666666666667,0.0,0.6666666666666666,0.0,0.6,nan,0.1,0,10,0.6666666666666666,0.1111111111111111,0.5555555555555556,0.6666666666666666,0.8888888888888888,0.0,0.7777777777777777,0.6666666666666666,0.1111111111111111,1,15,1.0,0.13333333333333333,0.8666666666666667,1.0,1.0,0.0,0.8666666666666667,1.0,0.13333333333333333,1,15
rel:3,relation_dossiers,rel:3|cond=rel:3:custom:anchor,rel:3:custom:anchor,conditioned,20,15,rel:3|conditioned|w20|rel:3|cond=rel:3:custom:anchor,20,1.0,False,1,False,1.0,0.06666666666666667,0.9333333333333333,1.0,0.9333333333333333,0.0,0.8666666666666667,1.0,0.07142857142857142,1,14,1.0,0.09333333333333332,0.9066666666666667,1.0,0.9866666666666667,0.0,0.8933333333333333,1.0,0.09333333333333332,1,15,1.0,0.06666666666666667,0.9333333333333333,1.0,1.0,0.0,0.9333333333333333,1.0,0.06666666666666667,1,15
rel:3,relation_dossiers,rel:3|cond=rel:3:custom:anchor,rel:3:custom:anchor,conditioned,40,15,rel:3|conditioned|w40|rel:3|cond=rel:3:custom:anchor,35,0.875,False,3,False,1.0,0.13333333333333333,0.8666666666666667,1.0,0.9333333333333333,0.0,0.8,1.0,0.14285714285714285,1,14,1.0,0.14074074074074075,0.8592592592592593,1.0,0.9866666666666667,0.0,0.845925925925926,1.0,0.14074074074074075,1,15,1.0,0.13333333333333333,0.8666666666666667,1.0,1.0,0.0,0.8666666666666667,1.0,0.13333333333333333,1,15
rel:3,relation_dossiers,rel:3|cond=rel:3:custom:anchor,rel:3:custom:anchor,conditioned,80,15,rel:3|conditioned|w80|rel:3|cond=rel:3:custom:anchor,69,0.8625,False,1,False,1.0,0.06666666666666667,0.9333333333333333,1.0,0.9333333333333333,0.0,0.8666666666666667,1.0,0.07142857142857142,1,14,1.0,0.14222222222222222,0.8577777777777778,1.0,0.9866666666666667,0.0,0.8444444444444444,1.0,0.14222222222222222,1,15,1.0,0.13333333333333333,0.8666666666666667,1.0,1.0,0.0,0.8666666666666667,1.0,0.13333333333333333,1,15
rel:3,relation_dossiers,rel:3|cond=rel:3:custom:anchor,rel:3:custom:anchor,conditioned,160,15,rel:3|conditioned|w160|rel:3|cond=rel:3:custom:anchor,147,0.91875,False,2,False,1.0,0.13333333333333333,0.8666666666666667,1.0,0.9333333333333333,0.0,0.8,1.0,0.14285714285714285,1,14,1.0,0.13333333333333333,0.8666666666666667,1.0,0.9866666666666667,0.0,0.8533333333333334,1.0,0.13333333333333333,1,15,1.0,0.13333333333333333,0.8666666666666667,1.0,1.0,0.0,0.8666666666666667,1.0,0.13333333333333333,1,15
rel:3,relation_dossiers,rel:3|cond=rel:3:custom:anchor,rel:3:custom:anchor,generic,20,15,rel:3|generic|w20|-,19,0.95,False,1,True,0.0,0.0,0.0,1.0,0.9333333333333333,1.0,0.9333333333333333,0.0,0.0,1,14,0.0,0.06666666666666667,-0.06666666666666667,1.0,0.9866666666666667,1.0,0.92,0.0,0.06666666666666667,1,15,0.0,0.0,0.0,1.0,1.0,1.0,1.0,0.0,0.0,1,15
rel:3,relation_dossiers,rel:3|cond=rel:3:custom:anchor,rel:3:custom:anchor,generic,40,15,rel:3|generic|w40|-,37,0.925,False,2,True,0.0,0.13333333333333333,-0.13333333333333333,1.0,0.9333333333333333,1.0,0.8,0.0,0.14285714285714285,1,14,0.0,0.15555555555555556,-0.15555555555555556,1.0,0.9866666666666667,1.0,0.8311111111111111,0.0,0.15555555555555556,1,15,0.0,0.13333333333333333,-0.13333333333333333,1.0,1.0,1.0,0.8666666666666667,0.0,0.13333333333333333,1,15
rel:3,relation_dossiers,rel:3|cond=rel:3:custom:anchor,rel:3:custom:anchor,generic,80,15,rel:3|generic|w80|-,78,0.975,False,2,True,0.0,0.13333333333333333,-0.13333333333333333,1.0,0.9333333333333333,1.0,0.8,0.0,0.14285714285714285,1,14,0.0,0.2533333333333333,-0.2533333333333333,1.0,0.9866666666666667,1.0,0.7333333333333334,0.0,0.2533333333333333,1,15,0.0,0.2,-0.2,1.0,1.0,1.0,0.8,0.0,0.2,1,15
rel:3,relation_dossiers,rel:3|cond=rel:3:custom:anchor,rel:3:custom:anchor,generic,160,15,rel:3|generic|w160|-,137,0.85625,False,1,True,1.0,0.4666666666666667,0.5333333333333333,1.0,0.9333333333333333,0.0,0.4666666666666667,1.0,0.42857142857142855,1,14,1.0,0.4666666666666667,0.5333333333333333,1.0,0.9866666666666667,0.0,0.52,1.0,0.4666666666666667,1,15,1.0,0.4666666666666667,0.5333333333333333,1.0,1.0,0.0,0.5333333333333333,1.0,0.4666666666666667,1,15
rel:3,relation_dossiers,rel:3|cond=rel:3:custom:anchor,rel:3:custom:anchor,oracle,20,15,rel:3|oracle|w20|-,19,0.95,False,2,True,0.0,0.2,-0.2,1.0,0.9333333333333333,1.0,0.7333333333333334,0.0,0.21428571428571427,1,14,0.0,0.22222222222222224,-0.22222222222222224,1.0,0.9866666666666667,1.0,0.7644444444444445,0.0,0.22222222222222224,1,15,0.0,0.2,-0.2,1.0,1.0,1.0,0.8,0.0,0.2,1,15
rel:3,relation_dossiers,rel:3|cond=rel:3:custom:anchor,rel:3:custom:anchor,oracle,40,15,rel:3|oracle|w40|-,37,0.925,False,3,True,0.0,0.4,-0.4,1.0,0.9333333333333333,1.0,0.5333333333333333,0.0,0.42857142857142855,1,14,0.0,0.4,-0.4,1.0,0.9866666666666667,1.0,0.5866666666666667,0.0,0.4,1,15,0.0,0.4,-0.4,1.0,1.0,1.0,0.6,0.0,0.4,1,15
rel:3,relation_dossiers,rel:3|cond=rel:3:custom:anchor,rel:3:custom:anchor,oracle,80,15,rel:3|oracle|w80|-,80,1.0,False,3,True,0.0,0.6,-0.6,1.0,0.9333333333333333,1.0,0.33333333333333337,0.0,0.5714285714285714,1,14,0.0,0.6533333333333334,-0.6533333333333334,1.0,0.9866666666666667,1.0,0.33333333333333326,0.0,0.6533333333333334,1,15,0.0,0.6666666666666666,-0.6666666666666666,1.0,1.0,1.0,0.33333333333333337,0.0,0.6666666666666666,1,15
rel:3,relation_dossiers,rel:3|cond=rel:3:custom:anchor,rel:3:custom:anchor,oracle,160,15,rel:3|oracle|w160|-,141,0.88125,False,2,True,1.0,0.8,0.19999999999999996,1.0,0.9333333333333333,0.0,0.1333333333333333,1.0,0.8571428571428571,1,14,1.0,0.8533333333333334,0.1466666666666666,1.0,0.9866666666666667,0.0,0.1333333333333333,1.0,0.8533333333333334,1,15,1.0,0.8666666666666667,0.1333333333333333,1.0,1.0,0.0,0.1333333333333333,1.0,0.8666666666666667,1,15
rel:3,relation_dossiers,rel:3|cond=rel:3:custom:anchor,rel:3:custom:anchor,reusable,20,15,rel:3|reusable|w20|rel:3|cond=rel:3:custom:anchor,18,0.9,False,2,False,1.0,0.06666666666666667,0.9333333333333333,1.0,0.9333333333333333,0.0,0.8666666666666667,1.0,0.07142857142857142,1,14,1.0,0.10117647058823528,0.8988235294117647,1.0,0.9866666666666667,0.0,0.8854901960784314,1.0,0.10117647058823528,1,15,1.0,0.06666666666666667,0.9333333333333333,1.0,1.0,0.0,0.9333333333333333,1.0,0.06666666666666667,1,15
rel:3,relation_dossiers,rel:3|cond=rel:3:custom:anchor,rel:3:custom:anchor,reusable,40,15,rel:3|reusable|w40|rel:3|cond=rel:3:custom:anchor,35,0.875,False,1,False,1.0,0.13333333333333333,0.8666666666666667,1.0,0.9333333333333333,0.0,0.8,1.0,0.14285714285714285,1,14,1.0,0.18888888888888886,0.8111111111111111,1.0,0.9866666666666667,0.0,0.7977777777777778,1.0,0.18888888888888886,1,15,1.0,0.13333333333333333,0.8666666666666667,1.0,1.0,0.0,0.8666666666666667,1.0,0.13333333333333333,1,15
rel:3,relation_dossiers,rel:3|cond=rel:3:custom:anchor,rel:3:custom:anchor,reusable,80,15,rel:3|reusable|w80|rel:3|cond=rel:3:custom:anchor,76,0.95,False,1,False,1.0,0.2,0.8,1.0,0.9333333333333333,0.0,0.7333333333333334,1.0,0.21428571428571427,1,14,1.0,0.22666666666666666,0.7733333333333333,1.0,0.9866666666666667,0.0,0.76,1.0,0.22666666666666666,1,15,1.0,0.2,0.8,1.0,1.0,0.0,0.8,1.0,0.2,1,15
rel:3,relation_dossiers,rel:3|cond=rel:3:custom:anchor,rel:3:custom:anchor,reusable,160,15,rel:3|reusable|w160|rel:3|cond=rel:3:custom:anchor,139,0.86875,False,1,False,1.0,0.26666666666666666,0.7333333333333334,1.0,0.9333333333333333,0.0,0.6666666666666667,1.0,0.2857142857142857,1,14,1.0,0.26666666666666666,0.7333333333333334,1.0,0.9866666666666667,0.0,0.72,1.0,0.26666666666666666,1,15,1.0,0.26666666666666666,0.7333333333333334,1.0,1.0,0.0,0.7333333333333334,1.0,0.26666666666666666,1,15
rel:3,relation_dossiers,rel:3|cond=rel:3:facilities:anchor,rel:3:facilities:anchor,conditioned,20,15,rel:3|conditioned|w20|rel:3|cond=rel:3:facilities:anchor,19,0.95,False,1,False,1.0,0.06666666666666667,0.9333333333333333,1.0,0.9333333333333333,0.0,0.8666666666666667,1.0,0.07142857142857142,1,14,1.0,0.1,0.9,1.0,0.9866666666666667,0.0,0.8866666666666667,1.0,0.1,1,15,1.0,0.13333333333333333,0.8666666666666667,1.0,1.0,0.0,0.8666666666666667,1.0,0.13333333333333333,1,15
rel:3,relation_dossiers,rel:3|cond=rel:3:facilities:anchor,rel:3:facilities:anchor,conditioned,40,15,rel:3|conditioned|w40|rel:3|cond=rel:3:facilities:anchor,35,0.875,False,1,False,1.0,0.06666666666666667,0.9333333333333333,1.0,0.9333333333333333,0.0,0.8666666666666667,1.0,0.07142857142857142,1,14,1.0,0.08888888888888888,0.9111111111111111,1.0,0.9866666666666667,0.0,0.8977777777777778,1.0,0.08888888888888888,1,15,1.0,0.06666666666666667,0.9333333333333333,1.0,1.0,0.0,0.9333333333333333,1.0,0.06666666666666667,1,15
rel:3,relation_dossiers,rel:3|cond=rel:3:facilities:anchor,rel:3:facilities:anchor,conditioned,80,15,rel:3|conditioned|w80|rel:3|cond=rel:3:facilities:anchor,71,0.8875,False,2,False,1.0,0.06666666666666667,0.9333333333333333,1.0,0.9333333333333333,0.0,0.8666666666666667,1.0,0.07142857142857142,1,14,1.0,0.1,0.9,1.0,0.9866666666666667,0.0,0.8866666666666667,1.0,0.1,1,15,1.0,0.13333333333333333,0.8666666666666667,1.0,1.0,0.0,0.8666666666666667,1.0,0.13333333333333333,1,15
rel:3,relation_dossiers,rel:3|cond=rel:3:facilities:anchor,rel:3:facilities:anchor,conditioned,160,15,rel:3|conditioned|w160|rel:3|cond=rel:3:facilities:anchor,141,0.88125,False,2,False,1.0,0.06666666666666667,0.9333333333333333,1.0,0.9333333333333333,0.0,0.8666666666666667,1.0,0.07142857142857142,1,14,1.0,0.06666666666666667,0.9333333333333333,1.0,0.9866666666666667,0.0,0.92,1.0,0.06666666666666667,1,15,1.0,0.06666666666666667,0.9333333333333333,1.0,1.0,0.0,0.9333333333333333,1.0,0.06666666666666667,1,15
rel:3,relation_dossiers,rel:3|cond=rel:3:facilities:anchor,rel:3:facilities:anchor,generic,20,15,rel:3|generic|w20|-,19,0.95,False,1,True,0.0,0.0,0.0,1.0,0.9333333333333333,1.0,0.9333333333333333,0.0,0.0,1,14,0.0,0.06666666666666667,-0.06666666666666667,1.0,0.9866666666666667,1.0,0.92,0.0,0.06666666666666667,1,15,0.0,0.0,0.0,1.0,1.0,1.0,1.0,0.0,0.0,1,15
rel:3,relation_dossiers,rel:3|cond=rel:3:facilities:anchor,rel:3:facilities:anchor,generic,40,15,rel:3|generic|w40|-,37,0.925,False,2,True,1.0,0.06666666666666667,0.9333333333333333,1.0,0.9333333333333333,0.0,0.8666666666666667,1.0,0.07142857142857142,1,14,1.0,0.08888888888888888,0.9111111111111111,1.0,0.9866666666666667,0.0,0.8977777777777778,1.0,0.08888888888888888,1,15,1.0,0.06666666666666667,0.9333333333333333,1.0,1.0,0.0,0.9333333333333333,1.0,0.06666666666666667,1,15
rel:3,relation_dossiers,rel:3|cond=rel:3:facilities:anchor,rel:3:facilities:anchor,generic,80,15,rel:3|generic|w80|-,78,0.975,False,2,True,1.0,0.06666666666666667,0.9333333333333333,1.0,0.9333333333333333,0.0,0.8666666666666667,1.0,0.07142857142857142,1,14,1.0,0.18666666666666665,0.8133333333333334,1.0,0.9866666666666667,0.0,0.8,1.0,0.18666666666666665,1,15,1.0,0.13333333333333333,0.8666666666666667,1.0,1.0,0.0,0.8666666666666667,1.0,0.13333333333333333,1,15
rel:3,relation_dossiers,rel:3|cond=rel:3:facilities:anchor,rel:3:facilities:anchor,generic,160,15,rel:3|generic|w160|-,137,0.85625,False,1,True,1.0,0.4666666666666667,0.5333333333333333,1.0,0.9333333333333333,0.0,0.4666666666666667,1.0,0.42857142857142855,1,14,1.0,0.4666666666666667,0.5333333333333333,1.0,0.9866666666666667,0.0,0.52,1.0,0.4666666666666667,1,15,1.0,0.4666666666666667,0.5333333333333333,1.0,1.0,0.0,0.5333333333333333,1.0,0.4666666666666667,1,15
rel:3,relation_dossiers,rel:3|cond=rel:3:facilities:anchor,rel:3:facilities:anchor,oracle,20,15,rel:3|oracle|w20|-,19,0.95,False,2,True,0.0,0.2,-0.2,1.0,0.9333333333333333,1.0,0.7333333333333334,0.0,0.21428571428571427,1,14,0.0,0.22222222222222224,-0.22222222222222224,1.0,0.9866666666666667,1.0,0.7644444444444445,0.0,0.22222222222222224,1,15,0.0,0.2,-0.2,1.0,1.0,1.0,0.8,0.0,0.2,1,15
rel:3,relation_dossiers,rel:3|cond=rel:3:facilities:anchor,rel:3:facilities:anchor,oracle,40,15,rel:3|oracle|w40|-,37,0.925,False,3,True,1.0,0.3333333333333333,0.6666666666666667,1.0,0.9333333333333333,0.0,0.6000000000000001,1.0,0.35714285714285715,1,14,1.0,0.3333333333333333,0.6666666666666667,1.0,0.9866666666666667,0.0,0.6533333333333333,1.0,0.3333333333333333,1,15,1.0,0.3333333333333333,0.6666666666666667,1.0,1.0,0.0,0.6666666666666667,1.0,0.3333333333333333,1,15
rel:3,relation_dossiers,rel:3|cond=rel:3:facilities:anchor,rel:3:facilities:anchor,oracle,80,15,rel:3|oracle|w80|-,80,1.0,False,3,True,1.0,0.5333333333333333,0.4666666666666667,1.0,0.9333333333333333,0.0,0.4,1.0,0.5,1,14,1.0,0.5866666666666667,0.41333333333333333,1.0,0.9866666666666667,0.0,0.4,1.0,0.5866666666666667,1,15,1.0,0.6,0.4,1.0,1.0,0.0,0.4,1.0,0.6,1,15
rel:3,relation_dossiers,rel:3|cond=rel:3:facilities:anchor,rel:3:facilities:anchor,oracle,160,15,rel:3|oracle|w160|-,141,0.88125,False,2,True,1.0,0.8,0.19999999999999996,1.0,0.9333333333333333,0.0,0.1333333333333333,1.0,0.8571428571428571,1,14,1.0,0.8533333333333334,0.1466666666666666,1.0,0.9866666666666667,0.0,0.1333333333333333,1.0,0.8533333333333334,1,15,1.0,0.8666666666666667,0.1333333333333333,1.0,1.0,0.0,0.1333333333333333,1.0,0.8666666666666667,1,15
rel:3,relation_dossiers,rel:3|cond=rel:3:facilities:anchor,rel:3:facilities:anchor,reusable,20,15,rel:3|reusable|w20|rel:3|cond=rel:3:facilities:anchor,20,1.0,False,2,False,1.0,0.06666666666666667,0.9333333333333333,1.0,0.9333333333333333,0.0,0.8666666666666667,1.0,0.07142857142857142,1,14,1.0,0.06666666666666667,0.9333333333333333,1.0,0.9866666666666667,0.0,0.92,1.0,0.06666666666666667,1,15,1.0,0.06666666666666667,0.9333333333333333,1.0,1.0,0.0,0.9333333333333333,1.0,0.06666666666666667,1,15
rel:3,relation_dossiers,rel:3|cond=rel:3:facilities:anchor,rel:3:facilities:anchor,reusable,40,15,rel:3|reusable|w40|rel:3|cond=rel:3:facilities:anchor,39,0.975,False,2,False,1.0,0.06666666666666667,0.9333333333333333,1.0,0.9333333333333333,0.0,0.8666666666666667,1.0,0.07142857142857142,1,14,1.0,0.11555555555555556,0.8844444444444445,1.0,0.9866666666666667,0.0,0.8711111111111112,1.0,0.11555555555555556,1,15,1.0,0.06666666666666667,0.9333333333333333,1.0,1.0,0.0,0.9333333333333333,1.0,0.06666666666666667,1,15
rel:3,relation_dossiers,rel:3|cond=rel:3:facilities:anchor,rel:3:facilities:anchor,reusable,80,15,rel:3|reusable|w80|rel:3|cond=rel:3:facilities:anchor,73,0.9125,False,2,False,1.0,0.06666666666666667,0.9333333333333333,1.0,0.9333333333333333,0.0,0.8666666666666667,1.0,0.07142857142857142,1,14,1.0,0.075,0.925,1.0,0.9866666666666667,0.0,0.9116666666666667,1.0,0.075,1,15,1.0,0.06666666666666667,0.9333333333333333,1.0,1.0,0.0,0.9333333333333333,1.0,0.06666666666666667,1,15
rel:3,relation_dossiers,rel:3|cond=rel:3:facilities:anchor,rel:3:facilities:anchor,reusable,160,15,rel:3|reusable|w160|rel:3|cond=rel:3:facilities:anchor,147,0.91875,False,2,False,1.0,0.13333333333333333,0.8666666666666667,1.0,0.9333333333333333,0.0,0.8,1.0,0.14285714285714285,1,14,1.0,0.13333333333333333,0.8666666666666667,1.0,0.9866666666666667,0.0,0.8533333333333334,1.0,0.13333333333333333,1,15,1.0,0.13333333333333333,0.8666666666666667,1.0,1.0,0.0,0.8666666666666667,1.0,0.13333333333333333,1,15
rel:3,relation_dossiers,rel:3|cond=rel:3:finance:anchor,rel:3:finance:anchor,conditioned,20,15,rel:3|conditioned|w20|rel:3|cond=rel:3:finance:anchor,19,0.95,False,3,False,1.0,0.06666666666666667,0.9333333333333333,1.0,0.9333333333333333,0.0,0.8666666666666667,1.0,0.07142857142857142,1,14,1.0,0.08888888888888888,0.9111111111111111,1.0,0.9866666666666667,0.0,0.8977777777777778,1.0,0.08888888888888888,1,15,1.0,0.06666666666666667,0.9333333333333333,1.0,1.0,0.0,0.9333333333333333,1.0,0.06666666666666667,1,15
rel:3,relation_dossiers,rel:3|cond=rel:3:finance:anchor,rel:3:finance:anchor,conditioned,40,15,rel:3|conditioned|w40|rel:3|cond=rel:3:finance:anchor,36,0.9,False,1,False,1.0,0.06666666666666667,0.9333333333333333,1.0,0.9333333333333333,0.0,0.8666666666666667,1.0,0.07142857142857142,1,14,1.0,0.12689075630252103,0.873109243697479,1.0,0.9866666666666667,0.0,0.8597759103641457,1.0,0.12689075630252103,1,15,1.0,0.13333333333333333,0.8666666666666667,1.0,1.0,0.0,0.8666666666666667,1.0,0.13333333333333333,1,15
rel:3,relation_dossiers,rel:3|cond=rel:3:finance:anchor,rel:3:finance:anchor,conditioned,80,15,rel:3|conditioned|w80|rel:3|cond=rel:3:finance:anchor,69,0.8625,False,1,False,1.0,0.13333333333333333,0.8666666666666667,1.0,0.9333333333333333,0.0,0.8,1.0,0.14285714285714285,1,14,1.0,0.16666666666666666,0.8333333333333334,1.0,0.9866666666666667,0.0,0.8200000000000001,1.0,0.16666666666666666,1,15,1.0,0.2,0.8,1.0,1.0,0.0,0.8,1.0,0.2,1,15
rel:3,relation_dossiers,rel:3|cond=rel:3:finance:anchor,rel:3:finance:anchor,conditioned,160,15,rel:3|conditioned|w160|rel:3|cond=rel:3:finance:anchor,147,0.91875,False,2,False,1.0,0.26666666666666666,0.7333333333333334,1.0,0.9333333333333333,0.0,0.6666666666666667,1.0,0.2857142857142857,1,14,1.0,0.26666666666666666,0.7333333333333334,1.0,0.9866666666666667,0.0,0.72,1.0,0.26666666666666666,1,15,1.0,0.26666666666666666,0.7333333333333334,1.0,1.0,0.0,0.7333333333333334,1.0,0.26666666666666666,1,15
rel:3,relation_dossiers,rel:3|cond=rel:3:finance:anchor,rel:3:finance:anchor,generic,20,15,rel:3|generic|w20|-,19,0.95,False,1,True,0.0,0.0,0.0,1.0,0.9333333333333333,1.0,0.9333333333333333,0.0,0.0,1,14,0.0,0.06666666666666667,-0.06666666666666667,1.0,0.9866666666666667,1.0,0.92,0.0,0.06666666666666667,1,15,0.0,0.0,0.0,1.0,1.0,1.0,1.0,0.0,0.0,1,15
rel:3,relation_dossiers,rel:3|cond=rel:3:finance:anchor,rel:3:finance:anchor,generic,40,15,rel:3|generic|w40|-,37,0.925,False,2,True,0.0,0.13333333333333333,-0.13333333333333333,1.0,0.9333333333333333,1.0,0.8,0.0,0.14285714285714285,1,14,0.0,0.15555555555555556,-0.15555555555555556,1.0,0.9866666666666667,1.0,0.8311111111111111,0.0,0.15555555555555556,1,15,0.0,0.13333333333333333,-0.13333333333333333,1.0,1.0,1.0,0.8666666666666667,0.0,0.13333333333333333,1,15
rel:3,relation_dossiers,rel:3|cond=rel:3:finance:anchor,rel:3:finance:anchor,generic,80,15,rel:3|generic|w80|-,78,0.975,False,2,True,0.0,0.13333333333333333,-0.13333333333333333,1.0,0.9333333333333333,1.0,0.8,0.0,0.14285714285714285,1,14,0.0,0.2533333333333333,-0.2533333333333333,1.0,0.9866666666666667,1.0,0.7333333333333334,0.0,0.2533333333333333,1,15,0.0,0.2,-0.2,1.0,1.0,1.0,0.8,0.0,0.2,1,15
rel:3,relation_dossiers,rel:3|cond=rel:3:finance:anchor,rel:3:finance:anchor,generic,160,15,rel:3|generic|w160|-,137,0.85625,False,1,True,1.0,0.4666666666666667,0.5333333333333333,1.0,0.9333333333333333,0.0,0.4666666666666667,1.0,0.42857142857142855,1,14,1.0,0.4666666666666667,0.5333333333333333,1.0,0.9866666666666667,0.0,0.52,1.0,0.4666666666666667,1,15,1.0,0.4666666666666667,0.5333333333333333,1.0,1.0,0.0,0.5333333333333333,1.0,0.4666666666666667,1,15
rel:3,relation_dossiers,rel:3|cond=rel:3:finance:anchor,rel:3:finance:anchor,oracle,20,15,rel:3|oracle|w20|-,19,0.95,False,2,True,0.0,0.2,-0.2,1.0,0.9333333333333333,1.0,0.7333333333333334,0.0,0.21428571428571427,1,14,0.0,0.22222222222222224,-0.22222222222222224,1.0,0.9866666666666667,1.0,0.7644444444444445,0.0,0.22222222222222224,1,15,0.0,0.2,-0.2,1.0,1.0,1.0,0.8,0.0,0.2,1,15
rel:3,relation_dossiers,rel:3|cond=rel:3:finance:anchor,rel:3:finance:anchor,oracle,40,15,rel:3|oracle|w40|-,37,0.925,False,3,True,0.0,0.4,-0.4,1.0,0.9333333333333333,1.0,0.5333333333333333,0.0,0.42857142857142855,1,14,0.0,0.4,-0.4,1.0,0.9866666666666667,1.0,0.5866666666666667,0.0,0.4,1,15,0.0,0.4,-0.4,1.0,1.0,1.0,0.6,0.0,0.4,1,15
rel:3,relation_dossiers,rel:3|cond=rel:3:finance:anchor,rel:3:finance:anchor,oracle,80,15,rel:3|oracle|w80|-,80,1.0,False,3,True,0.0,0.6,-0.6,1.0,0.9333333333333333,1.0,0.33333333333333337,0.0,0.5714285714285714,1,14,0.0,0.6533333333333334,-0.6533333333333334,1.0,0.9866666666666667,1.0,0.33333333333333326,0.0,0.6533333333333334,1,15,0.0,0.6666666666666666,-0.6666666666666666,1.0,1.0,1.0,0.33333333333333337,0.0,0.6666666666666666,1,15
rel:3,relation_dossiers,rel:3|cond=rel:3:finance:anchor,rel:3:finance:anchor,oracle,160,15,rel:3|oracle|w160|-,141,0.88125,False,2,True,1.0,0.8,0.19999999999999996,1.0,0.9333333333333333,0.0,0.1333333333333333,1.0,0.8571428571428571,1,14,1.0,0.8533333333333334,0.1466666666666666,1.0,0.9866666666666667,0.0,0.1333333333333333,1.0,0.8533333333333334,1,15,1.0,0.8666666666666667,0.1333333333333333,1.0,1.0,0.0,0.1333333333333333,1.0,0.8666666666666667,1,15
rel:3,relation_dossiers,rel:3|cond=rel:3:finance:anchor,rel:3:finance:anchor,reusable,20,15,rel:3|reusable|w20|rel:3|cond=rel:3:finance:anchor,19,0.95,False,3,False,1.0,0.06666666666666667,0.9333333333333333,1.0,0.9333333333333333,0.0,0.8666666666666667,1.0,0.07142857142857142,1,14,1.0,0.06666666666666667,0.9333333333333333,1.0,0.9866666666666667,0.0,0.92,1.0,0.06666666666666667,1,15,1.0,0.06666666666666667,0.9333333333333333,1.0,1.0,0.0,0.9333333333333333,1.0,0.06666666666666667,1,15
rel:3,relation_dossiers,rel:3|cond=rel:3:finance:anchor,rel:3:finance:anchor,reusable,40,15,rel:3|reusable|w40|rel:3|cond=rel:3:finance:anchor,37,0.925,False,2,False,1.0,0.06666666666666667,0.9333333333333333,1.0,0.9333333333333333,0.0,0.8666666666666667,1.0,0.07142857142857142,1,14,1.0,0.08888888888888888,0.9111111111111111,1.0,0.9866666666666667,0.0,0.8977777777777778,1.0,0.08888888888888888,1,15,1.0,0.06666666666666667,0.9333333333333333,1.0,1.0,0.0,0.9333333333333333,1.0,0.06666666666666667,1,15
rel:3,relation_dossiers,rel:3|cond=rel:3:finance:anchor,rel:3:finance:anchor,reusable,80,15,rel:3|reusable|w80|rel:3|cond=rel:3:finance:anchor,72,0.9,False,2,False,1.0,0.2,0.8,1.0,0.9333333333333333,0.0,0.7333333333333334,1.0,0.21428571428571427,1,14,1.0,0.2,0.8,1.0,0.9866666666666667,0.0,0.7866666666666666,1.0,0.2,1,15,1.0,0.2,0.8,1.0,1.0,0.0,0.8,1.0,0.2,1,15
rel:3,relation_dossiers,rel:3|cond=rel:3:finance:anchor,rel:3:finance:anchor,reusable,160,15,rel:3|reusable|w160|rel:3|cond=rel:3:finance:anchor,143,0.89375,False,2,False,1.0,0.3333333333333333,0.6666666666666667,1.0,0.9333333333333333,0.0,0.6000000000000001,1.0,0.35714285714285715,1,14,1.0,0.3333333333333333,0.6666666666666667,1.0,0.9866666666666667,0.0,0.6533333333333333,1.0,0.3333333333333333,1,15,1.0,0.3333333333333333,0.6666666666666667,1.0,1.0,0.0,0.6666666666666667,1.0,0.3333333333333333,1,15
rel:3,relation_dossiers,rel:3|cond=rel:3:founding:anchor,rel:3:founding:anchor,conditioned,20,15,rel:3|conditioned|w20|rel:3|cond=rel:3:founding:anchor,18,0.9,False,2,False,1.0,0.06666666666666667,0.9333333333333333,1.0,0.9333333333333333,0.0,0.8666666666666667,1.0,0.07142857142857142,1,14,1.0,0.1,0.9,1.0,0.9866666666666667,0.0,0.8866666666666667,1.0,0.1,1,15,1.0,0.13333333333333333,0.8666666666666667,1.0,1.0,0.0,0.8666666666666667,1.0,0.13333333333333333,1,15
rel:3,relation_dossiers,rel:3|cond=rel:3:founding:anchor,rel:3:founding:anchor,conditioned,40,15,rel:3|conditioned|w40|rel:3|cond=rel:3:founding:anchor,36,0.9,False,2,False,1.0,0.13333333333333333,0.8666666666666667,1.0,0.9333333333333333,0.0,0.8,1.0,0.14285714285714285,1,14,1.0,0.13333333333333333,0.8666666666666667,1.0,0.9866666666666667,0.0,0.8533333333333334,1.0,0.13333333333333333,1,15,1.0,0.13333333333333333,0.8666666666666667,1.0,1.0,0.0,0.8666666666666667,1.0,0.13333333333333333,1,15
rel:3,relation_dossiers,rel:3|cond=rel:3:founding:anchor,rel:3:founding:anchor,conditioned,80,15,rel:3|conditioned|w80|rel:3|cond=rel:3:founding:anchor,76,0.95,False,2,False,1.0,0.2,0.8,1.0,0.9333333333333333,0.0,0.7333333333333334,1.0,0.21428571428571427,1,14,1.0,0.2,0.8,1.0,0.9866666666666667,0.0,0.7866666666666666,1.0,0.2,1,15,1.0,0.2,0.8,1.0,1.0,0.0,0.8,1.0,0.2,1,15
rel:3,relation_dossiers,rel:3|cond=rel:3:founding:anchor,rel:3:founding:anchor,conditioned,160,15,rel:3|conditioned|w160|rel:3|cond=rel:3:founding:anchor,155,0.96875,False,2,False,0.0,0.06666666666666667,-0.06666666666666667,1.0,0.9333333333333333,1.0,0.8666666666666667,0.0,0.07142857142857142,1,14,0.0,0.06666666666666667,-0.06666666666666667,1.0,0.9866666666666667,1.0,0.92,0.0,0.06666666666666667,1,15,0.0,0.06666666666666667,-0.06666666666666667,1.0,1.0,1.0,0.9333333333333333,0.0,0.06666666666666667,1,15
rel:3,relation_dossiers,rel:3|cond=rel:3:founding:anchor,rel:3:founding:anchor,generic,20,15,rel:3|generic|w20|-,19,0.95,False,1,True,0.0,0.0,0.0,1.0,0.9333333333333333,1.0,0.9333333333333333,0.0,0.0,1,14,0.5,0.03333333333333333,0.4666666666666667,1.0,0.9866666666666667,0.5,0.9533333333333334,0.5,0.03333333333333333,1,15,0.0,0.0,0.0,1.0,1.0,1.0,1.0,0.0,0.0,1,15
rel:3,relation_dossiers,rel:3|cond=rel:3:founding:anchor,rel:3:founding:anchor,generic,40,15,rel:3|generic|w40|-,37,0.925,False,2,True,0.0,0.13333333333333333,-0.13333333333333333,1.0,0.9333333333333333,1.0,0.8,0.0,0.14285714285714285,1,14,0.0,0.15555555555555553,-0.15555555555555553,1.0,0.9866666666666667,1.0,0.8311111111111111,0.0,0.15555555555555553,1,15,0.0,0.13333333333333333,-0.13333333333333333,1.0,1.0,1.0,0.8666666666666667,0.0,0.13333333333333333,1,15
rel:3,relation_dossiers,rel:3|cond=rel:3:founding:anchor,rel:3:founding:anchor,generic,80,15,rel:3|generic|w80|-,78,0.975,False,2,True,0.0,0.13333333333333333,-0.13333333333333333,1.0,0.9333333333333333,1.0,0.8,0.0,0.14285714285714285,1,14,0.5,0.22,0.28,1.0,0.9866666666666667,0.5,0.7666666666666667,0.5,0.22,1,15,0.0,0.2,-0.2,1.0,1.0,1.0,0.8,0.0,0.2,1,15
rel:3,relation_dossiers,rel:3|cond=rel:3:founding:anchor,rel:3:founding:anchor,generic,160,15,rel:3|generic|w160|-,137,0.85625,False,1,True,0.0,0.5333333333333333,-0.5333333333333333,1.0,0.9333333333333333,1.0,0.4,0.0,0.5,1,14,0.0,0.5333333333333333,-0.5333333333333333,1.0,0.9866666666666667,1.0,0.45333333333333337,0.0,0.5333333333333333,1,15,0.0,0.5333333333333333,-0.5333333333333333,1.0,1.0,1.0,0.4666666666666667,0.0,0.5333333333333333,1,15
rel:3,relation_dossiers,rel:3|cond=rel:3:founding:anchor,rel:3:founding:anchor,oracle,20,15,rel:3|oracle|w20|-,19,0.95,False,2,True,1.0,0.13333333333333333,0.8666666666666667,1.0,0.9333333333333333,0.0,0.8,1.0,0.14285714285714285,1,14,1.0,0.15555555555555556,0.8444444444444444,1.0,0.9866666666666667,0.0,0.8311111111111111,1.0,0.15555555555555556,1,15,1.0,0.13333333333333333,0.8666666666666667,1.0,1.0,0.0,0.8666666666666667,1.0,0.13333333333333333,1,15
rel:3,relation_dossiers,rel:3|cond=rel:3:founding:anchor,rel:3:founding:anchor,oracle,40,15,rel:3|oracle|w40|-,37,0.925,False,3,True,1.0,0.3333333333333333,0.6666666666666667,1.0,0.9333333333333333,0.0,0.6000000000000001,1.0,0.35714285714285715,1,14,1.0,0.3333333333333333,0.6666666666666667,1.0,0.9866666666666667,0.0,0.6533333333333333,1.0,0.3333333333333333,1,15,1.0,0.3333333333333333,0.6666666666666667,1.0,1.0,0.0,0.6666666666666667,1.0,0.3333333333333333,1,15
rel:3,relation_dossiers,rel:3|cond=rel:3:founding:anchor,rel:3:founding:anchor,oracle,80,15,rel:3|oracle|w80|-,80,1.0,False,3,True,1.0,0.5333333333333333,0.4666666666666667,1.0,0.9333333333333333,0.0,0.4,1.0,0.5,1,14,1.0,0.5866666666666667,0.41333333333333333,1.0,0.9866666666666667,0.0,0.4,1.0,0.5866666666666667,1,15,1.0,0.6,0.4,1.0,1.0,0.0,0.4,1.0,0.6,1,15
rel:3,relation_dossiers,rel:3|cond=rel:3:founding:anchor,rel:3:founding:anchor,oracle,160,15,rel:3|oracle|w160|-,141,0.88125,False,2,True,1.0,0.8,0.19999999999999996,1.0,0.9333333333333333,0.0,0.1333333333333333,1.0,0.8571428571428571,1,14,1.0,0.8533333333333334,0.1466666666666666,1.0,0.9866666666666667,0.0,0.1333333333333333,1.0,0.8533333333333334,1,15,1.0,0.8666666666666667,0.1333333333333333,1.0,1.0,0.0,0.1333333333333333,1.0,0.8666666666666667,1,15
rel:3,relation_dossiers,rel:3|cond=rel:3:founding:anchor,rel:3:founding:anchor,reusable,20,15,rel:3|reusable|w20|rel:3|cond=rel:3:founding:anchor,18,0.9,False,1,False,1.0,0.06666666666666667,0.9333333333333333,1.0,0.9333333333333333,0.0,0.8666666666666667,1.0,0.07142857142857142,1,14,1.0,0.07368421052631578,0.9263157894736842,1.0,0.9866666666666667,0.0,0.9129824561403509,1.0,0.07368421052631578,1,15,1.0,0.06666666666666667,0.9333333333333333,1.0,1.0,0.0,0.9333333333333333,1.0,0.06666666666666667,1,15
rel:3,relation_dossiers,rel:3|cond=rel:3:founding:anchor,rel:3:founding:anchor,reusable,40,15,rel:3|reusable|w40|rel:3|cond=rel:3:founding:anchor,36,0.9,False,1,False,1.0,0.06666666666666667,0.9333333333333333,1.0,0.9333333333333333,0.0,0.8666666666666667,1.0,0.07142857142857142,1,14,1.0,0.08888888888888888,0.9111111111111111,1.0,0.9866666666666667,0.0,0.8977777777777778,1.0,0.08888888888888888,1,15,1.0,0.06666666666666667,0.9333333333333333,1.0,1.0,0.0,0.9333333333333333,1.0,0.06666666666666667,1,15
rel:3,relation_dossiers,rel:3|cond=rel:3:founding:anchor,rel:3:founding:anchor,reusable,80,15,rel:3|reusable|w80|rel:3|cond=rel:3:founding:anchor,75,0.9375,False,1,False,1.0,0.4,0.6,1.0,0.9333333333333333,0.0,0.5333333333333333,1.0,0.42857142857142855,1,14,1.0,0.4,0.6,1.0,0.9866666666666667,0.0,0.5866666666666667,1.0,0.4,1,15,1.0,0.4,0.6,1.0,1.0,0.0,0.6,1.0,0.4,1,15
rel:3,relation_dossiers,rel:3|cond=rel:3:founding:anchor,rel:3:founding:anchor,reusable,160,15,rel:3|reusable|w160|rel:3|cond=rel:3:founding:anchor,144,0.9,False,2,False,1.0,0.26666666666666666,0.7333333333333334,1.0,0.9333333333333333,0.0,0.6666666666666667,1.0,0.2857142857142857,1,14,1.0,0.32,0.6799999999999999,1.0,0.9866666666666667,0.0,0.6666666666666667,1.0,0.32,1,15,1.0,0.3333333333333333,0.6666666666666667,1.0,1.0,0.0,0.6666666666666667,1.0,0.3333333333333333,1,15
rel:4,relation_dossiers,rel:4|cond=rel:4:custom:anchor,rel:4:custom:anchor,conditioned,20,15,rel:4|conditioned|w20|rel:4|cond=rel:4:custom:anchor,18,0.9,False,2,False,1.0,0.06666666666666667,0.9333333333333333,1.0,0.7333333333333333,0.0,0.6666666666666666,1.0,0.09090909090909091,1,11,1.0,0.1,0.9,1.0,0.8888888888888888,0.0,0.7888888888888889,1.0,0.1,1,15,1.0,0.06666666666666667,0.9333333333333333,1.0,1.0,0.0,0.9333333333333333,1.0,0.06666666666666667,1,15
rel:4,relation_dossiers,rel:4|cond=rel:4:custom:anchor,rel:4:custom:anchor,conditioned,40,15,rel:4|conditioned|w40|rel:4|cond=rel:4:custom:anchor,34,0.85,False,1,False,1.0,0.06666666666666667,0.9333333333333333,1.0,0.7333333333333333,0.0,0.6666666666666666,1.0,0.09090909090909091,1,11,1.0,0.1,0.9,1.0,0.8888888888888888,0.0,0.7888888888888889,1.0,0.1,1,15,1.0,0.06666666666666667,0.9333333333333333,1.0,1.0,0.0,0.9333333333333333,1.0,0.06666666666666667,1,15
rel:4,relation_dossiers,rel:4|cond=rel:4:custom:anchor,rel:4:custom:anchor,conditioned,80,15,rel:4|conditioned|w80|rel:4|cond=rel:4:custom:anchor,76,0.95,False,2,False,0.0,0.06666666666666667,-0.06666666666666667,1.0,0.7333333333333333,1.0,0.6666666666666666,0.0,0.09090909090909091,1,11,0.0,0.06666666666666667,-0.06666666666666667,1.0,0.8888888888888888,1.0,0.8222222222222222,0.0,0.06666666666666667,1,15,0.0,0.06666666666666667,-0.06666666666666667,1.0,1.0,1.0,0.9333333333333333,0.0,0.06666666666666667,1,15
rel:4,relation_dossiers,rel:4|cond=rel:4:custom:anchor,rel:4:custom:anchor,conditioned,160,15,rel:4|conditioned|w160|rel:4|cond=rel:4:custom:anchor,145,0.90625,False,2,False,0.0,0.13333333333333333,-0.13333333333333333,1.0,0.7333333333333333,1.0,0.6,0.0,0.18181818181818182,1,11,0.0,0.13333333333333333,-0.13333333333333333,1.0,0.8888888888888888,1.0,0.7555555555555555,0.0,0.13333333333333333,1,15,0.0,0.13333333333333333,-0.13333333333333333,1.0,1.0,1.0,0.8666666666666667,0.0,0.13333333333333333,1,15
rel:4,relation_dossiers,rel:4|cond=rel:4:custom:anchor,rel:4:custom:anchor,generic,20,15,rel:4|generic|w20|-,17,0.85,False,2,True,0.0,0.06666666666666667,-0.06666666666666667,1.0,0.7333333333333333,1.0,0.6666666666666666,0.0,0.09090909090909091,1,11,0.3333333333333333,0.1,0.2333333333333333,1.0,0.8888888888888888,0.6666666666666667,0.7888888888888889,0.3333333333333333,0.1,1,15,0.0,0.06666666666666667,-0.06666666666666667,1.0,1.0,1.0,0.9333333333333333,0.0,0.06666666666666667,1,15
rel:4,relation_dossiers,rel:4|cond=rel:4:custom:anchor,rel:4:custom:anchor,generic,40,15,rel:4|generic|w40|-,34,0.85,False,3,True,0.0,0.26666666666666666,-0.26666666666666666,1.0,0.7333333333333333,1.0,0.4666666666666666,0.0,0.2727272727272727,1,11,0.0,0.36444444444444446,-0.36444444444444446,1.0,0.8888888888888888,1.0,0.5244444444444444,0.0,0.36444444444444446,1,15,0.0,0.4,-0.4,1.0,1.0,1.0,0.6,0.0,0.4,1,15
rel:4,relation_dossiers,rel:4|cond=rel:4:custom:anchor,rel:4:custom:anchor,generic,80,15,rel:4|generic|w80|-,70,0.875,False,1,True,0.0,0.2,-0.2,1.0,0.7333333333333333,1.0,0.5333333333333332,0.0,0.2727272727272727,1,11,0.0,0.3977777777777778,-0.3977777777777778,1.0,0.8888888888888888,1.0,0.49111111111111105,0.0,0.3977777777777778,1,15,0.0,0.4666666666666667,-0.4666666666666667,1.0,1.0,1.0,0.5333333333333333,0.0,0.4666666666666667,1,15
rel:4,relation_dossiers,rel:4|cond=rel:4:custom:anchor,rel:4:custom:anchor,generic,160,15,rel:4|generic|w160|-,145,0.90625,False,2,True,0.0,0.26666666666666666,-0.26666666666666666,1.0,0.7333333333333333,1.0,0.4666666666666666,0.0,0.36363636363636365,1,11,0.0,0.4111111111111111,-0.4111111111111111,1.0,0.8888888888888888,1.0,0.47777777777777775,0.0,0.4111111111111111,1,15,0.0,0.5333333333333333,-0.5333333333333333,1.0,1.0,1.0,0.4666666666666667,0.0,0.5333333333333333,1,15
rel:4,relation_dossiers,rel:4|cond=rel:4:custom:anchor,rel:4:custom:anchor,oracle,20,15,rel:4|oracle|w20|-,17,0.85,False,2,True,0.0,0.13333333333333333,-0.13333333333333333,1.0,0.7333333333333333,1.0,0.6,0.0,0.09090909090909091,1,11,0.14285714285714288,0.19499999999999998,-0.0521428571428571,1.0,0.8888888888888888,0.8571428571428571,0.6938888888888889,0.14285714285714288,0.19499999999999998,1,15,0.0,0.2,-0.2,1.0,1.0,1.0,0.8,0.0,0.2,1,15
rel:4,relation_dossiers,rel:4|cond=rel:4:custom:anchor,rel:4:custom:anchor,oracle,40,15,rel:4|oracle|w40|-,36,0.9,False,2,True,0.0,0.2,-0.2,1.0,0.7333333333333333,1.0,0.5333333333333332,0.0,0.18181818181818182,1,11,0.0,0.36444444444444446,-0.36444444444444446,1.0,0.8888888888888888,1.0,0.5244444444444444,0.0,0.36444444444444446,1,15,0.0,0.4,-0.4,1.0,1.0,1.0,0.6,0.0,0.4,1,15
rel:4,relation_dossiers,rel:4|cond=rel:4:custom:anchor,rel:4:custom:anchor,oracle,80,15,rel:4|oracle|w80|-,77,0.9625,False,2,True,1.0,0.5333333333333333,0.4666666666666667,1.0,0.7333333333333333,0.0,0.19999999999999996,1.0,0.7272727272727273,1,11,1.0,0.6755555555555556,0.3244444444444444,1.0,0.8888888888888888,0.0,0.21333333333333326,1.0,0.6755555555555556,1,15,1.0,0.8666666666666667,0.1333333333333333,1.0,1.0,0.0,0.1333333333333333,1.0,0.8666666666666667,1,15
rel:4,relation_dossiers,rel:4|cond=rel:4:custom:anchor,rel:4:custom:anchor,oracle,160,15,rel:4|oracle|w160|-,142,0.8875,False,1,True,0.0,0.4666666666666667,-0.4666666666666667,1.0,0.7333333333333333,1.0,0.2666666666666666,0.0,0.5454545454545454,1,11,0.0,0.6311111111111111,-0.6311111111111111,1.0,0.8888888888888888,1.0,0.2577777777777778,0.0,0.6311111111111111,1,15,0.0,0.7333333333333333,-0.7333333333333333,1.0,1.0,1.0,0.2666666666666667,0.0,0.7333333333333333,1,15
rel:4,relation_dossiers,rel:4|cond=rel:4:custom:anchor,rel:4:custom:anchor,reusable,20,15,rel:4|reusable|w20|rel:4|cond=rel:4:custom:anchor,19,0.95,False,2,False,1.0,0.13333333333333333,0.8666666666666667,1.0,0.7333333333333333,0.0,0.6,1.0,0.18181818181818182,1,11,1.0,0.1711111111111111,0.8288888888888889,1.0,0.8888888888888888,0.0,0.7177777777777777,1.0,0.1711111111111111,1,15,1.0,0.13333333333333333,0.8666666666666667,1.0,1.0,0.0,0.8666666666666667,1.0,0.13333333333333333,1,15
rel:4,relation_dossiers,rel:4|cond=rel:4:custom:anchor,rel:4:custom:anchor,reusable,40,15,rel:4|reusable|w40|rel:4|cond=rel:4:custom:anchor,39,0.975,False,1,False,1.0,0.13333333333333333,0.8666666666666667,1.0,0.7333333333333333,0.0,0.6,1.0,0.18181818181818182,1,11,1.0,0.13333333333333333,0.8666666666666667,1.0,0.8888888888888888,0.0,0.7555555555555555,1.0,0.13333333333333333,1,15,1.0,0.13333333333333333,0.8666666666666667,1.0,1.0,0.0,0.8666666666666667,1.0,0.13333333333333333,1,15
rel:4,relation_dossiers,rel:4|cond=rel:4:custom:anchor,rel:4:custom:anchor,reusable,80,15,rel:4|reusable|w80|rel:4|cond=rel:4:custom:anchor,74,0.925,False,1,False,1.0,0.13333333333333333,0.8666666666666667,1.0,0.7333333333333333,0.0,0.6,1.0,0.18181818181818182,1,11,1.0,0.13333333333333333,0.8666666666666667,1.0,0.8888888888888888,0.0,0.7555555555555555,1.0,0.13333333333333333,1,15,1.0,0.13333333333333333,0.8666666666666667,1.0,1.0,0.0,0.8666666666666667,1.0,0.13333333333333333,1,15
rel:4,relation_dossiers,rel:4|cond=rel:4:custom:anchor,rel:4:custom:anchor,reusable,160,15,rel:4|reusable|w160|rel:4|cond=rel:4:custom:anchor,144,0.9,False,2,False,0.0,0.26666666666666666,-0.26666666666666666,1.0,0.7333333333333333,1.0,0.4666666666666666,0.0,0.36363636363636365,1,11,0.0,0.27878787878787875,-0.27878787878787875,1.0,0.8888888888888888,1.0,0.61010101010101,0.0,0.27878787878787875,1,15,0.0,0.26666666666666666,-0.26666666666666666,1.0,1.0,1.0,0.7333333333333334,0.0,0.26666666666666666,1,15
rel:4,relation_dossiers,rel:4|cond=rel:4:facilities:anchor,rel:4:facilities:anchor,conditioned,20,15,rel:4|conditioned|w20|rel:4|cond=rel:4:facilities:anchor,18,0.9,False,2,False,0.0,0.0,0.0,0.0,0.8,0.0,0.8,nan,0.0,0,12,0.5,0.06666666666666667,0.43333333333333335,0.5,0.9222222222222222,0.0,0.8555555555555555,0.5,0.06666666666666667,1,15,1.0,0.06666666666666667,0.9333333333333333,1.0,1.0,0.0,0.9333333333333333,1.0,0.06666666666666667,1,15
rel:4,relation_dossiers,rel:4|cond=rel:4:facilities:anchor,rel:4:facilities:anchor,conditioned,40,15,rel:4|conditioned|w40|rel:4|cond=rel:4:facilities:anchor,40,1.0,False,2,False,0.0,0.0,0.0,0.0,0.8,0.0,0.8,nan,0.0,0,12,0.5,0.0898989898989899,0.4101010101010101,0.5,0.9222222222222222,0.0,0.8323232323232322,0.5,0.0898989898989899,1,15,1.0,0.13333333333333333,0.8666666666666667,1.0,1.0,0.0,0.8666666666666667,1.0,0.13333333333333333,1,15
rel:4,relation_dossiers,rel:4|cond=rel:4:facilities:anchor,rel:4:facilities:anchor,conditioned,80,15,rel:4|conditioned|w80|rel:4|cond=rel:4:facilities:anchor,73,0.9125,False,2,False,0.0,0.0,0.0,0.0,0.8,0.0,0.8,nan,0.0,0,12,0.5,0.03333333333333333,0.4666666666666667,0.5,0.9222222222222222,0.0,0.8888888888888888,0.5,0.03333333333333333,1,15,1.0,0.06666666666666667,0.9333333333333333,1.0,1.0,0.0,0.9333333333333333,1.0,0.06666666666666667,1,15
rel:4,relation_dossiers,rel:4|cond=rel:4:facilities:anchor,rel:4:facilities:anchor,conditioned,160,15,rel:4|conditioned|w160|rel:4|cond=rel:4:facilities:anchor,139,0.86875,False,2,False,0.0,0.06666666666666667,-0.06666666666666667,0.0,0.8,0.0,0.7333333333333334,nan,0.08333333333333333,0,12,0.5,0.14444444444444443,0.35555555555555557,0.5,0.9222222222222222,0.0,0.7777777777777777,0.5,0.14444444444444443,1,15,1.0,0.2,0.8,1.0,1.0,0.0,0.8,1.0,0.2,1,15
rel:4,relation_dossiers,rel:4|cond=rel:4:facilities:anchor,rel:4:facilities:anchor,generic,20,15,rel:4|generic|w20|-,17,0.85,False,2,True,0.0,0.06666666666666667,-0.06666666666666667,0.0,0.8,0.0,0.7333333333333334,nan,0.08333333333333333,0,12,0.0,0.12222222222222222,-0.12222222222222222,0.5,0.9222222222222222,0.5,0.7999999999999999,0.0,0.12222222222222222,1,15,0.0,0.06666666666666667,-0.06666666666666667,1.0,1.0,1.0,0.9333333333333333,0.0,0.06666666666666667,1,15
rel:4,relation_dossiers,rel:4|cond=rel:4:facilities:anchor,rel:4:facilities:anchor,generic,40,15,rel:4|generic|w40|-,34,0.85,False,3,True,0.0,0.26666666666666666,-0.26666666666666666,0.0,0.8,0.0,0.5333333333333334,nan,0.25,0,12,0.0,0.36444444444444446,-0.36444444444444446,0.5,0.9222222222222222,0.5,0.5577777777777777,0.0,0.36444444444444446,1,15,0.0,0.4,-0.4,1.0,1.0,1.0,0.6,0.0,0.4,1,15
rel:4,relation_dossiers,rel:4|cond=rel:4:facilities:anchor,rel:4:facilities:anchor,generic,80,15,rel:4|generic|w80|-,70,0.875,False,1,True,0.0,0.2,-0.2,0.0,0.8,0.0,0.6000000000000001,nan,0.25,0,12,0.5,0.36444444444444446,0.13555555555555554,0.5,0.9222222222222222,0.0,0.5577777777777777,0.5,0.36444444444444446,1,15,1.0,0.4,0.6,1.0,1.0,0.0,0.6,1.0,0.4,1,15
rel:4,relation_dossiers,rel:4|cond=rel:4:facilities:anchor,rel:4:facilities:anchor,generic,160,15,rel:4|generic|w160|-,145,0.90625,False,2,True,0.0,0.26666666666666666,-0.26666666666666666,0.0,0.8,0.0,0.5333333333333334,nan,0.3333333333333333,0,12,0.5,0.3777777777777777,0.12222222222222229,0.5,0.9222222222222222,0.0,0.5444444444444445,0.5,0.3777777777777777,1,15,1.0,0.4666666666666667,0.5333333333333333,1.0,1.0,0.0,0.5333333333333333,1.0,0.4666666666666667,1,15
rel:4,relation_dossiers,rel:4|cond=rel:4:facilities:anchor,rel:4:facilities:anchor,oracle,20,15,rel:4|oracle|w20|-,17,0.85,False,2,True,0.0,0.13333333333333333,-0.13333333333333333,0.0,0.8,0.0,0.6666666666666667,nan,0.08333333333333333,0,12,0.0,0.2045238095238095,-0.2045238095238095,0.5,0.9222222222222222,0.5,0.7176984126984127,0.0,0.2045238095238095,1,15,0.0,0.2,-0.2,1.0,1.0,1.0,0.8,0.0,0.2,1,15
rel:4,relation_dossiers,rel:4|cond=rel:4:facilities:anchor,rel:4:facilities:anchor,oracle,40,15,rel:4|oracle|w40|-,36,0.9,False,2,True,0.0,0.2,-0.2,0.0,0.8,0.0,0.6000000000000001,nan,0.16666666666666666,0,12,0.5,0.33111111111111113,0.16888888888888887,0.5,0.9222222222222222,0.0,0.591111111111111,0.5,0.33111111111111113,1,15,1.0,0.3333333333333333,0.6666666666666667,1.0,1.0,0.0,0.6666666666666667,1.0,0.3333333333333333,1,15
rel:4,relation_dossiers,rel:4|cond=rel:4:facilities:anchor,rel:4:facilities:anchor,oracle,80,15,rel:4|oracle|w80|-,77,0.9625,False,2,True,0.0,0.6,-0.6,0.0,0.8,0.0,0.20000000000000007,nan,0.75,0,12,0.0,0.7422222222222222,-0.7422222222222222,0.5,0.9222222222222222,0.5,0.17999999999999994,0.0,0.7422222222222222,1,15,1.0,0.8666666666666667,0.1333333333333333,1.0,1.0,0.0,0.1333333333333333,1.0,0.8666666666666667,1,15
rel:4,relation_dossiers,rel:4|cond=rel:4:facilities:anchor,rel:4:facilities:anchor,oracle,160,15,rel:4|oracle|w160|-,142,0.8875,False,1,True,0.0,0.4666666666666667,-0.4666666666666667,0.0,0.8,0.0,0.33333333333333337,nan,0.5,0,12,0.5,0.5977777777777777,-0.09777777777777774,0.5,0.9222222222222222,0.0,0.3244444444444444,0.5,0.5977777777777777,1,15,1.0,0.6666666666666666,0.33333333333333337,1.0,1.0,0.0,0.33333333333333337,1.0,0.6666666666666666,1,15
rel:4,relation_dossiers,rel:4|cond=rel:4:facilities:anchor,rel:4:facilities:anchor,reusable,20,15,rel:4|reusable|w20|rel:4|cond=rel:4:facilities:anchor,19,0.95,False,3,False,0.0,0.0,0.0,0.0,0.8,0.0,0.8,nan,0.0,0,12,0.5,0.03333333333333333,0.4666666666666667,0.5,0.9222222222222222,0.0,0.8888888888888888,0.5,0.03333333333333333,1,15,1.0,0.06666666666666667,0.9333333333333333,1.0,1.0,0.0,0.9333333333333333,1.0,0.06666666666666667,1,15
rel:4,relation_dossiers,rel:4|cond=rel:4:facilities:anchor,rel:4:facilities:anchor,reusable,40,15,rel:4|reusable|w40|rel:4|cond=rel:4:facilities:anchor,35,0.875,False,1,False,0.0,0.0,0.0,0.0,0.8,0.0,0.8,nan,0.0,0,12,0.5,0.03333333333333333,0.4666666666666667,0.5,0.9222222222222222,0.0,0.8888888888888888,0.5,0.03333333333333333,1,15,1.0,0.06666666666666667,0.9333333333333333,1.0,1.0,0.0,0.9333333333333333,1.0,0.06666666666666667,1,15
rel:4,relation_dossiers,rel:4|cond=rel:4:facilities:anchor,rel:4:facilities:anchor,reusable,80,15,rel:4|reusable|w80|rel:4|cond=rel:4:facilities:anchor,69,0.8625,False,2,False,0.0,0.06666666666666667,-0.06666666666666667,0.0,0.8,0.0,0.7333333333333334,nan,0.08333333333333333,0,12,0.5,0.14444444444444443,0.35555555555555557,0.5,0.9222222222222222,0.0,0.7777777777777777,0.5,0.14444444444444443,1,15,1.0,0.2,0.8,1.0,1.0,0.0,0.8,1.0,0.2,1,15
rel:4,relation_dossiers,rel:4|cond=rel:4:facilities:anchor,rel:4:facilities:anchor,reusable,160,15,rel:4|reusable|w160|rel:4|cond=rel:4:facilities:anchor,150,0.9375,False,2,False,0.0,0.26666666666666666,-0.26666666666666666,0.0,0.8,0.0,0.5333333333333334,nan,0.3333333333333333,0,12,0.5,0.3444444444444444,0.1555555555555556,0.5,0.9222222222222222,0.0,0.5777777777777777,0.5,0.3444444444444444,1,15,1.0,0.4,0.6,1.0,1.0,0.0,0.6,1.0,0.4,1,15
rel:4,relation_dossiers,rel:4|cond=rel:4:finance:anchor,rel:4:finance:anchor,conditioned,20,15,rel:4|conditioned|w20|rel:4|cond=rel:4:finance:anchor,20,1.0,False,1,False,1.0,0.06666666666666667,0.9333333333333333,1.0,0.7333333333333333,0.0,0.6666666666666666,1.0,0.09090909090909091,1,11,1.0,0.07619047619047618,0.9238095238095239,1.0,0.8888888888888888,0.0,0.8126984126984127,1.0,0.07619047619047618,1,15,1.0,0.06666666666666667,0.9333333333333333,1.0,1.0,0.0,0.9333333333333333,1.0,0.06666666666666667,1,15
rel:4,relation_dossiers,rel:4|cond=rel:4:finance:anchor,rel:4:finance:anchor,conditioned,40,15,rel:4|conditioned|w40|rel:4|cond=rel:4:finance:anchor,34,0.85,False,1,False,1.0,0.13333333333333333,0.8666666666666667,1.0,0.7333333333333333,0.0,0.6,1.0,0.18181818181818182,1,11,1.0,0.16,0.84,1.0,0.8888888888888888,0.0,0.7288888888888888,1.0,0.16,1,15,1.0,0.13333333333333333,0.8666666666666667,1.0,1.0,0.0,0.8666666666666667,1.0,0.13333333333333333,1,15
rel:4,relation_dossiers,rel:4|cond=rel:4:finance:anchor,rel:4:finance:anchor,conditioned,80,15,rel:4|conditioned|w80|rel:4|cond=rel:4:finance:anchor,70,0.875,False,3,False,1.0,0.06666666666666667,0.9333333333333333,1.0,0.7333333333333333,0.0,0.6666666666666666,1.0,0.09090909090909091,1,11,1.0,0.12136752136752137,0.8786324786324786,1.0,0.8888888888888888,0.0,0.7675213675213675,1.0,0.12136752136752137,1,15,1.0,0.13333333333333333,0.8666666666666667,1.0,1.0,0.0,0.8666666666666667,1.0,0.13333333333333333,1,15
rel:4,relation_dossiers,rel:4|cond=rel:4:finance:anchor,rel:4:finance:anchor,conditioned,160,15,rel:4|conditioned|w160|rel:4|cond=rel:4:finance:anchor,140,0.875,False,3,False,1.0,0.13333333333333333,0.8666666666666667,1.0,0.7333333333333333,0.0,0.6,1.0,0.18181818181818182,1,11,1.0,0.13333333333333333,0.8666666666666667,1.0,0.8888888888888888,0.0,0.7555555555555555,1.0,0.13333333333333333,1,15,1.0,0.13333333333333333,0.8666666666666667,1.0,1.0,0.0,0.8666666666666667,1.0,0.13333333333333333,1,15
rel:4,relation_dossiers,rel:4|cond=rel:4:finance:anchor,rel:4:finance:anchor,generic,20,15,rel:4|generic|w20|-,17,0.85,False,2,True,0.0,0.06666666666666667,-0.06666666666666667,1.0,0.7333333333333333,1.0,0.6666666666666666,0.0,0.09090909090909091,1,11,0.0,0.12222222222222222,-0.12222222222222222,1.0,0.8888888888888888,1.0,0.7666666666666666,0.0,0.12222222222222222,1,15,0.0,0.06666666666666667,-0.06666666666666667,1.0,1.0,1.0,0.9333333333333333,0.0,0.06666666666666667,1,15
rel:4,relation_dossiers,rel:4|cond=rel:4:finance:anchor,rel:4:finance:anchor,generic,40,15,rel:4|generic|w40|-,34,0.85,False,3,True,1.0,0.2,0.8,1.0,0.7333333333333333,0.0,0.5333333333333332,1.0,0.18181818181818182,1,11,1.0,0.2977777777777778,0.7022222222222222,1.0,0.8888888888888888,0.0,0.591111111111111,1.0,0.2977777777777778,1,15,1.0,0.3333333333333333,0.6666666666666667,1.0,1.0,0.0,0.6666666666666667,1.0,0.3333333333333333,1,15
rel:4,relation_dossiers,rel:4|cond=rel:4:finance:anchor,rel:4:finance:anchor,generic,80,15,rel:4|generic|w80|-,70,0.875,False,1,True,1.0,0.13333333333333333,0.8666666666666667,1.0,0.7333333333333333,0.0,0.6,1.0,0.18181818181818182,1,11,1.0,0.33111111111111113,0.6688888888888889,1.0,0.8888888888888888,0.0,0.5577777777777777,1.0,0.33111111111111113,1,15,1.0,0.4,0.6,1.0,1.0,0.0,0.6,1.0,0.4,1,15
rel:4,relation_dossiers,rel:4|cond=rel:4:finance:anchor,rel:4:finance:anchor,generic,160,15,rel:4|generic|w160|-,145,0.90625,False,2,True,0.0,0.26666666666666666,-0.26666666666666666,1.0,0.7333333333333333,1.0,0.4666666666666666,0.0,0.36363636363636365,1,11,0.0,0.4111111111111111,-0.4111111111111111,1.0,0.8888888888888888,1.0,0.47777777777777775,0.0,0.4111111111111111,1,15,0.0,0.5333333333333333,-0.5333333333333333,1.0,1.0,1.0,0.4666666666666667,0.0,0.5333333333333333,1,15
rel:4,relation_dossiers,rel:4|cond=rel:4:finance:anchor,rel:4:finance:anchor,oracle,20,15,rel:4|oracle|w20|-,17,0.85,False,2,True,0.0,0.13333333333333333,-0.13333333333333333,1.0,0.7333333333333333,1.0,0.6,0.0,0.09090909090909091,1,11,0.0,0.2045238095238095,-0.2045238095238095,1.0,0.8888888888888888,1.0,0.6843650793650793,0.0,0.2045238095238095,1,15,0.0,0.2,-0.2,1.0,1.0,1.0,0.8,0.0,0.2,1,15
rel:4,relation_dossiers,rel:4|cond=rel:4:finance:anchor,rel:4:finance:anchor,oracle,40,15,rel:4|oracle|w40|-,36,0.9,False,2,True,0.0,0.2,-0.2,1.0,0.7333333333333333,1.0,0.5333333333333332,0.0,0.18181818181818182,1,11,0.0,0.36444444444444446,-0.36444444444444446,1.0,0.8888888888888888,1.0,0.5244444444444444,0.0,0.36444444444444446,1,15,0.0,0.4,-0.4,1.0,1.0,1.0,0.6,0.0,0.4,1,15
rel:4,relation_dossiers,rel:4|cond=rel:4:finance:anchor,rel:4:finance:anchor,oracle,80,15,rel:4|oracle|w80|-,77,0.9625,False,2,True,1.0,0.5333333333333333,0.4666666666666667,1.0,0.7333333333333333,0.0,0.19999999999999996,1.0,0.7272727272727273,1,11,1.0,0.6755555555555556,0.3244444444444444,1.0,0.8888888888888888,0.0,0.21333333333333326,1.0,0.6755555555555556,1,15,1.0,0.8666666666666667,0.1333333333333333,1.0,1.0,0.0,0.1333333333333333,1.0,0.8666666666666667,1,15
rel:4,relation_dossiers,rel:4|cond=rel:4:finance:anchor,rel:4:finance:anchor,oracle,160,15,rel:4|oracle|w160|-,142,0.8875,False,1,True,1.0,0.4,0.6,1.0,0.7333333333333333,0.0,0.33333333333333326,1.0,0.45454545454545453,1,11,1.0,0.5644444444444444,0.4355555555555556,1.0,0.8888888888888888,0.0,0.3244444444444444,1.0,0.5644444444444444,1,15,1.0,0.6666666666666666,0.33333333333333337,1.0,1.0,0.0,0.33333333333333337,1.0,0.6666666666666666,1,15
rel:4,relation_dossiers,rel:4|cond=rel:4:finance:anchor,rel:4:finance:anchor,reusable,20,15,rel:4|reusable|w20|rel:4|cond=rel:4:finance:anchor,19,0.95,False,2,False,1.0,0.06666666666666667,0.9333333333333333,1.0,0.7333333333333333,0.0,0.6666666666666666,1.0,0.09090909090909091,1,11,1.0,0.08333333333333333,0.9166666666666666,1.0,0.8888888888888888,0.0,0.8055555555555555,1.0,0.08333333333333333,1,15,1.0,0.06666666666666667,0.9333333333333333,1.0,1.0,0.0,0.9333333333333333,1.0,0.06666666666666667,1,15
rel:4,relation_dossiers,rel:4|cond=rel:4:finance:anchor,rel:4:finance:anchor,reusable,40,15,rel:4|reusable|w40|rel:4|cond=rel:4:finance:anchor,36,0.9,False,2,False,1.0,0.06666666666666667,0.9333333333333333,1.0,0.7333333333333333,0.0,0.6666666666666666,1.0,0.09090909090909091,1,11,1.0,0.07619047619047618,0.9238095238095239,1.0,0.8888888888888888,0.0,0.8126984126984127,1.0,0.07619047619047618,1,15,1.0,0.06666666666666667,0.9333333333333333,1.0,1.0,0.0,0.9333333333333333,1.0,0.06666666666666667,1,15
rel:4,relation_dossiers,rel:4|cond=rel:4:finance:anchor,rel:4:finance:anchor,reusable,80,15,rel:4|reusable|w80|rel:4|cond=rel:4:finance:anchor,78,0.975,False,2,False,1.0,0.2,0.8,1.0,0.7333333333333333,0.0,0.5333333333333332,1.0,0.2727272727272727,1,11,1.0,0.2,0.8,1.0,0.8888888888888888,0.0,0.6888888888888889,1.0,0.2,1,15,1.0,0.2,0.8,1.0,1.0,0.0,0.8,1.0,0.2,1,15
rel:4,relation_dossiers,rel:4|cond=rel:4:finance:anchor,rel:4:finance:anchor,reusable,160,15,rel:4|reusable|w160|rel:4|cond=rel:4:finance:anchor,145,0.90625,False,2,False,1.0,0.26666666666666666,0.7333333333333334,1.0,0.7333333333333333,0.0,0.4666666666666666,1.0,0.36363636363636365,1,11,1.0,0.3444444444444444,0.6555555555555557,1.0,0.8888888888888888,0.0,0.5444444444444445,1.0,0.3444444444444444,1,15,1.0,0.4666666666666667,0.5333333333333333,1.0,1.0,0.0,0.5333333333333333,1.0,0.4666666666666667,1,15
rel:4,relation_dossiers,rel:4|cond=rel:4:founding:anchor,rel:4:founding:anchor,conditioned,20,15,rel:4|conditioned|w20|rel:4|cond=rel:4:founding:anchor,20,1.0,False,2,False,1.0,0.0,1.0,1.0,0.7333333333333333,0.0,0.7333333333333333,1.0,0.0,1,11,1.0,0.05333333333333334,0.9466666666666667,1.0,0.8888888888888888,0.0,0.8355555555555555,1.0,0.05333333333333334,1,15,1.0,0.06666666666666667,0.9333333333333333,1.0,1.0,0.0,0.9333333333333333,1.0,0.06666666666666667,1,15
rel:4,relation_dossiers,rel:4|cond=rel:4:founding:anchor,rel:4:founding:anchor,conditioned,40,15,rel:4|conditioned|w40|rel:4|cond=rel:4:founding:anchor,34,0.85,False,1,False,1.0,0.06666666666666667,0.9333333333333333,1.0,0.7333333333333333,0.0,0.6666666666666666,1.0,0.09090909090909091,1,11,1.0,0.15333333333333332,0.8466666666666667,1.0,0.8888888888888888,0.0,0.7355555555555555,1.0,0.15333333333333332,1,15,1.0,0.13333333333333333,0.8666666666666667,1.0,1.0,0.0,0.8666666666666667,1.0,0.13333333333333333,1,15
rel:4,relation_dossiers,rel:4|cond=rel:4:founding:anchor,rel:4:founding:anchor,conditioned,80,15,rel:4|conditioned|w80|rel:4|cond=rel:4:founding:anchor,70,0.875,False,1,False,1.0,0.13333333333333333,0.8666666666666667,1.0,0.7333333333333333,0.0,0.6,1.0,0.18181818181818182,1,11,1.0,0.13333333333333333,0.8666666666666667,1.0,0.8888888888888888,0.0,0.7555555555555555,1.0,0.13333333333333333,1,15,1.0,0.13333333333333333,0.8666666666666667,1.0,1.0,0.0,0.8666666666666667,1.0,0.13333333333333333,1,15
rel:4,relation_dossiers,rel:4|cond=rel:4:founding:anchor,rel:4:founding:anchor,conditioned,160,15,rel:4|conditioned|w160|rel:4|cond=rel:4:founding:anchor,153,0.95625,False,2,False,1.0,0.13333333333333333,0.8666666666666667,1.0,0.7333333333333333,0.0,0.6,1.0,0.09090909090909091,1,11,1.0,0.2533333333333333,0.7466666666666667,1.0,0.8888888888888888,0.0,0.6355555555555555,1.0,0.2533333333333333,1,15,1.0,0.3333333333333333,0.6666666666666667,1.0,1.0,0.0,0.6666666666666667,1.0,0.3333333333333333,1,15
rel:4,relation_dossiers,rel:4|cond=rel:4:founding:anchor,rel:4:founding:anchor,generic,20,15,rel:4|generic|w20|-,17,0.85,False,2,True,0.0,0.06666666666666667,-0.06666666666666667,1.0,0.7333333333333333,1.0,0.6666666666666666,0.0,0.09090909090909091,1,11,0.0,0.12222222222222222,-0.12222222222222222,1.0,0.8888888888888888,1.0,0.7666666666666666,0.0,0.12222222222222222,1,15,0.0,0.06666666666666667,-0.06666666666666667,1.0,1.0,1.0,0.9333333333333333,0.0,0.06666666666666667,1,15
rel:4,relation_dossiers,rel:4|cond=rel:4:founding:anchor,rel:4:founding:anchor,generic,40,15,rel:4|generic|w40|-,34,0.85,False,3,True,1.0,0.2,0.8,1.0,0.7333333333333333,0.0,0.5333333333333332,1.0,0.18181818181818182,1,11,1.0,0.2977777777777778,0.7022222222222222,1.0,0.8888888888888888,0.0,0.591111111111111,1.0,0.2977777777777778,1,15,1.0,0.3333333333333333,0.6666666666666667,1.0,1.0,0.0,0.6666666666666667,1.0,0.3333333333333333,1,15
rel:4,relation_dossiers,rel:4|cond=rel:4:founding:anchor,rel:4:founding:anchor,generic,80,15,rel:4|generic|w80|-,70,0.875,False,1,True,1.0,0.13333333333333333,0.8666666666666667,1.0,0.7333333333333333,0.0,0.6,1.0,0.18181818181818182,1,11,1.0,0.33111111111111113,0.6688888888888889,1.0,0.8888888888888888,0.0,0.5577777777777777,1.0,0.33111111111111113,1,15,1.0,0.4,0.6,1.0,1.0,0.0,0.6,1.0,0.4,1,15
rel:4,relation_dossiers,rel:4|cond=rel:4:founding:anchor,rel:4:founding:anchor,generic,160,15,rel:4|generic|w160|-,145,0.90625,False,2,True,1.0,0.2,0.8,1.0,0.7333333333333333,0.0,0.5333333333333332,1.0,0.2727272727272727,1,11,1.0,0.3444444444444444,0.6555555555555557,1.0,0.8888888888888888,0.0,0.5444444444444445,1.0,0.3444444444444444,1,15,1.0,0.4666666666666667,0.5333333333333333,1.0,1.0,0.0,0.5333333333333333,1.0,0.4666666666666667,1,15
rel:4,relation_dossiers,rel:4|cond=rel:4:founding:anchor,rel:4:founding:anchor,oracle,20,15,rel:4|oracle|w20|-,17,0.85,False,2,True,1.0,0.06666666666666667,0.9333333333333333,1.0,0.7333333333333333,0.0,0.6666666666666666,1.0,0.0,1,11,1.0,0.13785714285714287,0.8621428571428571,1.0,0.8888888888888888,0.0,0.7510317460317459,1.0,0.13785714285714287,1,15,1.0,0.13333333333333333,0.8666666666666667,1.0,1.0,0.0,0.8666666666666667,1.0,0.13333333333333333,1,15
rel:4,relation_dossiers,rel:4|cond=rel:4:founding:anchor,rel:4:founding:anchor,oracle,40,15,rel:4|oracle|w40|-,36,0.9,False,2,True,1.0,0.13333333333333333,0.8666666666666667,1.0,0.7333333333333333,0.0,0.6,1.0,0.09090909090909091,1,11,1.0,0.2977777777777778,0.7022222222222222,1.0,0.8888888888888888,0.0,0.591111111111111,1.0,0.2977777777777778,1,15,1.0,0.3333333333333333,0.6666666666666667,1.0,1.0,0.0,0.6666666666666667,1.0,0.3333333333333333,1,15
rel:4,relation_dossiers,rel:4|cond=rel:4:founding:anchor,rel:4:founding:anchor,oracle,80,15,rel:4|oracle|w80|-,77,0.9625,False,2,True,1.0,0.5333333333333333,0.4666666666666667,1.0,0.7333333333333333,0.0,0.19999999999999996,1.0,0.7272727272727273,1,11,1.0,0.6755555555555556,0.3244444444444444,1.0,0.8888888888888888,0.0,0.21333333333333326,1.0,0.6755555555555556,1,15,1.0,0.8666666666666667,0.1333333333333333,1.0,1.0,0.0,0.1333333333333333,1.0,0.8666666666666667,1,15
rel:4,relation_dossiers,rel:4|cond=rel:4:founding:anchor,rel:4:founding:anchor,oracle,160,15,rel:4|oracle|w160|-,142,0.8875,False,1,True,1.0,0.4,0.6,1.0,0.7333333333333333,0.0,0.33333333333333326,1.0,0.45454545454545453,1,11,1.0,0.5644444444444444,0.4355555555555556,1.0,0.8888888888888888,0.0,0.3244444444444444,1.0,0.5644444444444444,1,15,1.0,0.6666666666666666,0.33333333333333337,1.0,1.0,0.0,0.33333333333333337,1.0,0.6666666666666666,1,15
rel:4,relation_dossiers,rel:4|cond=rel:4:founding:anchor,rel:4:founding:anchor,reusable,20,15,rel:4|reusable|w20|rel:4|cond=rel:4:founding:anchor,19,0.95,False,1,False,1.0,0.0,1.0,1.0,0.7333333333333333,0.0,0.7333333333333333,1.0,0.0,1,11,1.0,0.09333333333333332,0.9066666666666667,1.0,0.8888888888888888,0.0,0.7955555555555556,1.0,0.09333333333333332,1,15,1.0,0.06666666666666667,0.9333333333333333,1.0,1.0,0.0,0.9333333333333333,1.0,0.06666666666666667,1,15
rel:4,relation_dossiers,rel:4|cond=rel:4:founding:anchor,rel:4:founding:anchor,reusable,40,15,rel:4|reusable|w40|rel:4|cond=rel:4:founding:anchor,37,0.925,False,1,False,1.0,0.0,1.0,1.0,0.7333333333333333,0.0,0.7333333333333333,1.0,0.0,1,11,1.0,0.15777777777777777,0.8422222222222222,1.0,0.8888888888888888,0.0,0.731111111111111,1.0,0.15777777777777777,1,15,1.0,0.13333333333333333,0.8666666666666667,1.0,1.0,0.0,0.8666666666666667,1.0,0.13333333333333333,1,15
rel:4,relation_dossiers,rel:4|cond=rel:4:founding:anchor,rel:4:founding:anchor,reusable,80,15,rel:4|reusable|w80|rel:4|cond=rel:4:founding:anchor,77,0.9625,False,2,False,1.0,0.13333333333333333,0.8666666666666667,1.0,0.7333333333333333,0.0,0.6,1.0,0.09090909090909091,1,11,1.0,0.18666666666666665,0.8133333333333334,1.0,0.8888888888888888,0.0,0.7022222222222222,1.0,0.18666666666666665,1,15,1.0,0.2,0.8,1.0,1.0,0.0,0.8,1.0,0.2,1,15
rel:4,relation_dossiers,rel:4|cond=rel:4:founding:anchor,rel:4:founding:anchor,reusable,160,15,rel:4|reusable|w160|rel:4|cond=rel:4:founding:anchor,138,0.8625,False,2,False,1.0,0.2,0.8,1.0,0.7333333333333333,0.0,0.5333333333333332,1.0,0.2727272727272727,1,11,1.0,0.27777777777777773,0.7222222222222223,1.0,0.8888888888888888,0.0,0.6111111111111112,1.0,0.27777777777777773,1,15,1.0,0.26666666666666666,0.7333333333333334,1.0,1.0,0.0,0.7333333333333334,1.0,0.26666666666666666,1,15
rel:5,relation_dossiers,rel:5|cond=rel:5:custom:anchor,rel:5:custom:anchor,conditioned,20,15,rel:5|conditioned|w20|rel:5|cond=rel:5:custom:anchor,17,0.85,False,3,False,1.0,0.0,1.0,1.0,0.6666666666666666,0.0,0.6666666666666666,1.0,0.0,1,10,1.0,0.07777777777777777,0.9222222222222223,1.0,0.8333333333333334,0.0,0.7555555555555556,1.0,0.07777777777777777,1,15,1.0,0.06666666666666667,0.9333333333333333,1.0,1.0,0.0,0.9333333333333333,1.0,0.06666666666666667,1,15
rel:5,relation_dossiers,rel:5|cond=rel:5:custom:anchor,rel:5:custom:anchor,conditioned,40,15,rel:5|conditioned|w40|rel:5|cond=rel:5:custom:anchor,35,0.875,False,2,False,1.0,0.06666666666666667,0.9333333333333333,1.0,0.6666666666666666,0.0,0.6,1.0,0.1,1,10,1.0,0.1111111111111111,0.8888888888888888,1.0,0.8333333333333334,0.0,0.7222222222222223,1.0,0.1111111111111111,1,15,1.0,0.13333333333333333,0.8666666666666667,1.0,1.0,0.0,0.8666666666666667,1.0,0.13333333333333333,1,15
rel:5,relation_dossiers,rel:5|cond=rel:5:custom:anchor,rel:5:custom:anchor,conditioned,80,15,rel:5|conditioned|w80|rel:5|cond=rel:5:custom:anchor,79,0.9875,False,2,False,1.0,0.06666666666666667,0.9333333333333333,1.0,0.6666666666666666,0.0,0.6,1.0,0.1,1,10,1.0,0.1111111111111111,0.8888888888888888,1.0,0.8333333333333334,0.0,0.7222222222222223,1.0,0.1111111111111111,1,15,1.0,0.13333333333333333,0.8666666666666667,1.0,1.0,0.0,0.8666666666666667,1.0,0.13333333333333333,1,15
rel:5,relation_dossiers,rel:5|cond=rel:5:custom:anchor,rel:5:custom:anchor,conditioned,160,15,rel:5|conditioned|w160|rel:5|cond=rel:5:custom:anchor,142,0.8875,False,1,False,1.0,0.06666666666666667,0.9333333333333333,1.0,0.6666666666666666,0.0,0.6,1.0,0.1,1,10,1.0,0.1111111111111111,0.8888888888888888,1.0,0.8333333333333334,0.0,0.7222222222222223,1.0,0.1111111111111111,1,15,1.0,0.13333333333333333,0.8666666666666667,1.0,1.0,0.0,0.8666666666666667,1.0,0.13333333333333333,1,15
rel:5,relation_dossiers,rel:5|cond=rel:5:custom:anchor,rel:5:custom:anchor,generic,20,15,rel:5|generic|w20|-,20,1.0,False,2,True,0.0,0.0,0.0,1.0,0.6666666666666666,1.0,0.6666666666666666,0.0,0.0,1,10,0.0,0.14444444444444443,-0.14444444444444443,1.0,0.8333333333333334,1.0,0.6888888888888889,0.0,0.14444444444444443,1,15,0.0,0.13333333333333333,-0.13333333333333333,1.0,1.0,1.0,0.8666666666666667,0.0,0.13333333333333333,1,15
rel:5,relation_dossiers,rel:5|cond=rel:5:custom:anchor,rel:5:custom:anchor,generic,40,15,rel:5|generic|w40|-,34,0.85,False,2,True,0.0,0.0,0.0,1.0,0.6666666666666666,1.0,0.6666666666666666,0.0,0.0,1,10,0.0,0.15238095238095237,-0.15238095238095237,1.0,0.8333333333333334,1.0,0.680952380952381,0.0,0.15238095238095237,1,15,0.0,0.26666666666666666,-0.26666666666666666,1.0,1.0,1.0,0.7333333333333334,0.0,0.26666666666666666,1,15
rel:5,relation_dossiers,rel:5|cond=rel:5:custom:anchor,rel:5:custom:anchor,generic,80,15,rel:5|generic|w80|-,69,0.8625,False,1,True,0.0,0.0,0.0,1.0,0.6666666666666666,1.0,0.6666666666666666,0.0,0.0,1,10,0.0,0.13333333333333333,-0.13333333333333333,1.0,0.8333333333333334,1.0,0.7000000000000001,0.0,0.13333333333333333,1,15,0.0,0.26666666666666666,-0.26666666666666666,1.0,1.0,1.0,0.7333333333333334,0.0,0.26666666666666666,1,15
rel:5,relation_dossiers,rel:5|cond=rel:5:custom:anchor,rel:5:custom:anchor,generic,160,15,rel:5|generic|w160|-,143,0.89375,False,1,True,1.0,0.06666666666666667,0.9333333333333333,1.0,0.6666666666666666,0.0,0.6,1.0,0.1,1,10,1.0,0.24444444444444444,0.7555555555555555,1.0,0.8333333333333334,0.0,0.5888888888888889,1.0,0.24444444444444444,1,15,1.0,0.4,0.6,1.0,1.0,0.0,0.6,1.0,0.4,1,15
rel:5,relation_dossiers,rel:5|cond=rel:5:custom:anchor,rel:5:custom:anchor,oracle,20,15,rel:5|oracle|w20|-,18,0.9,False,2,True,0.0,0.0,0.0,1.0,0.6666666666666666,1.0,0.6666666666666666,0.0,0.0,1,10,0.0,0.1111111111111111,-0.1111111111111111,1.0,0.8333333333333334,1.0,0.7222222222222223,0.0,0.1111111111111111,1,15,0.0,0.2,-0.2,1.0,1.0,1.0,0.8,0.0,0.2,1,15
rel:5,relation_dossiers,rel:5|cond=rel:5:custom:anchor,rel:5:custom:anchor,oracle,40,15,rel:5|oracle|w40|-,35,0.875,False,2,True,0.0,0.06666666666666667,-0.06666666666666667,1.0,0.6666666666666666,1.0,0.6,0.0,0.1,1,10,0.0,0.2,-0.2,1.0,0.8333333333333334,1.0,0.6333333333333333,0.0,0.2,1,15,0.0,0.26666666666666666,-0.26666666666666666,1.0,1.0,1.0,0.7333333333333334,0.0,0.26666666666666666,1,15
rel:5,relation_dossiers,rel:5|cond=rel:5:custom:anchor,rel:5:custom:anchor,oracle,80,15,rel:5|oracle|w80|-,74,0.925,False,2,True,0.0,0.4,-0.4,1.0,0.6666666666666666,1.0,0.2666666666666666,0.0,0.6,1,10,0.0,0.5666666666666667,-0.5666666666666667,1.0,0.8333333333333334,1.0,0.2666666666666667,0.0,0.5666666666666667,1,15,0.0,0.7333333333333333,-0.7333333333333333,1.0,1.0,1.0,0.2666666666666667,0.0,0.7333333333333333,1,15
rel:5,relation_dossiers,rel:5|cond=rel:5:custom:anchor,rel:5:custom:anchor,oracle,160,15,rel:5|oracle|w160|-,157,0.98125,False,1,True,1.0,0.6,0.4,1.0,0.6666666666666666,0.0,0.06666666666666665,1.0,0.9,1,10,1.0,0.8111111111111111,0.18888888888888888,1.0,0.8333333333333334,0.0,0.022222222222222254,1.0,0.8111111111111111,1,15,1.0,1.0,0.0,1.0,1.0,0.0,0.0,1.0,1.0,1,15
rel:5,relation_dossiers,rel:5|cond=rel:5:custom:anchor,rel:5:custom:anchor,reusable,20,15,rel:5|reusable|w20|rel:5|cond=rel:5:custom:anchor,20,1.0,False,1,False,1.0,0.0,1.0,1.0,0.6666666666666666,0.0,0.6666666666666666,1.0,0.0,1,10,1.0,0.07777777777777777,0.9222222222222223,1.0,0.8333333333333334,0.0,0.7555555555555556,1.0,0.07777777777777777,1,15,1.0,0.06666666666666667,0.9333333333333333,1.0,1.0,0.0,0.9333333333333333,1.0,0.06666666666666667,1,15
rel:5,relation_dossiers,rel:5|cond=rel:5:custom:anchor,rel:5:custom:anchor,reusable,40,15,rel:5|reusable|w40|rel:5|cond=rel:5:custom:anchor,35,0.875,False,2,False,1.0,0.06666666666666667,0.9333333333333333,1.0,0.6666666666666666,0.0,0.6,1.0,0.1,1,10,1.0,0.14444444444444443,0.8555555555555556,1.0,0.8333333333333334,0.0,0.6888888888888889,1.0,0.14444444444444443,1,15,1.0,0.13333333333333333,0.8666666666666667,1.0,1.0,0.0,0.8666666666666667,1.0,0.13333333333333333,1,15
rel:5,relation_dossiers,rel:5|cond=rel:5:custom:anchor,rel:5:custom:anchor,reusable,80,15,rel:5|reusable|w80|rel:5|cond=rel:5:custom:anchor,75,0.9375,False,1,False,1.0,0.13333333333333333,0.8666666666666667,1.0,0.6666666666666666,0.0,0.5333333333333333,1.0,0.2,1,10,1.0,0.17777777777777776,0.8222222222222222,1.0,0.8333333333333334,0.0,0.6555555555555557,1.0,0.17777777777777776,1,15,1.0,0.2,0.8,1.0,1.0,0.0,0.8,1.0,0.2,1,15
rel:5,relation_dossiers,rel:5|cond=rel:5:custom:anchor,rel:5:custom:anchor,reusable,160,15,rel:5|reusable|w160|rel:5|cond=rel:5:custom:anchor,141,0.88125,False,1,False,1.0,0.13333333333333333,0.8666666666666667,1.0,0.6666666666666666,0.0,0.5333333333333333,1.0,0.2,1,10,1.0,0.17777777777777776,0.8222222222222222,1.0,0.8333333333333334,0.0,0.6555555555555557,1.0,0.17777777777777776,1,15,1.0,0.2,0.8,1.0,1.0,0.0,0.8,1.0,0.2,1,15
rel:5,relation_dossiers,rel:5|cond=rel:5:facilities:anchor,rel:5:facilities:anchor,conditioned,20,15,rel:5|conditioned|w20|rel:5|cond=rel:5:facilities:anchor,17,0.85,False,1,False,0.0,0.0,0.0,0.0,0.7333333333333333,0.0,0.7333333333333333,nan,0.0,0,11,0.5,0.10793650793650794,0.39206349206349206,0.5,0.8666666666666667,0.0,0.7587301587301587,0.5,0.10793650793650794,1,15,1.0,0.13333333333333333,0.8666666666666667,1.0,1.0,0.0,0.8666666666666667,1.0,0.13333333333333333,1,15
rel:5,relation_dossiers,rel:5|cond=rel:5:facilities:anchor,rel:5:facilities:anchor,conditioned,40,15,rel:5|conditioned|w40|rel:5|cond=rel:5:facilities:anchor,34,0.85,False,2,False,0.0,0.0,0.0,0.0,0.7333333333333333,0.0,0.7333333333333333,nan,0.0,0,11,0.5,0.10052910052910054,0.3994708994708995,0.5,0.8666666666666667,0.0,0.7661375661375661,0.5,0.10052910052910054,1,15,1.0,0.06666666666666667,0.9333333333333333,1.0,1.0,0.0,0.9333333333333333,1.0,0.06666666666666667,1,15
rel:5,relation_dossiers,rel:5|cond=rel:5:facilities:anchor,rel:5:facilities:anchor,conditioned,80,15,rel:5|conditioned|w80|rel:5|cond=rel:5:facilities:anchor,71,0.8875,False,2,False,0.0,0.0,0.0,0.0,0.7333333333333333,0.0,0.7333333333333333,nan,0.0,0,11,0.5,0.05238095238095239,0.4476190476190476,0.5,0.8666666666666667,0.0,0.8142857142857143,0.5,0.05238095238095239,1,15,1.0,0.06666666666666667,0.9333333333333333,1.0,1.0,0.0,0.9333333333333333,1.0,0.06666666666666667,1,15
rel:5,relation_dossiers,rel:5|cond=rel:5:facilities:anchor,rel:5:facilities:anchor,conditioned,160,15,rel:5|conditioned|w160|rel:5|cond=rel:5:facilities:anchor,140,0.875,False,2,False,0.0,0.06666666666666667,-0.06666666666666667,0.0,0.7333333333333333,0.0,0.6666666666666666,nan,0.09090909090909091,0,11,0.5,0.1,0.4,0.5,0.8666666666666667,0.0,0.7666666666666667,0.5,0.1,1,15,1.0,0.13333333333333333,0.8666666666666667,1.0,1.0,0.0,0.8666666666666667,1.0,0.13333333333333333,1,15
rel:5,relation_dossiers,rel:5|cond=rel:5:facilities:anchor,rel:5:facilities:anchor,generic,20,15,rel:5|generic|w20|-,20,1.0,False,2,True,0.0,0.0,0.0,0.0,0.7333333333333333,0.0,0.7333333333333333,nan,0.0,0,11,0.0,0.14444444444444443,-0.14444444444444443,0.5,0.8666666666666667,0.5,0.7222222222222223,0.0,0.14444444444444443,1,15,0.0,0.13333333333333333,-0.13333333333333333,1.0,1.0,1.0,0.8666666666666667,0.0,0.13333333333333333,1,15
rel:5,relation_dossiers,rel:5|cond=rel:5:facilities:anchor,rel:5:facilities:anchor,generic,40,15,rel:5|generic|w40|-,34,0.85,False,2,True,0.0,0.0,0.0,0.0,0.7333333333333333,0.0,0.7333333333333333,nan,0.0,0,11,0.5,0.11904761904761905,0.38095238095238093,0.5,0.8666666666666667,0.0,0.7476190476190476,0.5,0.11904761904761905,1,15,1.0,0.2,0.8,1.0,1.0,0.0,0.8,1.0,0.2,1,15
rel:5,relation_dossiers,rel:5|cond=rel:5:facilities:anchor,rel:5:facilities:anchor,generic,80,15,rel:5|generic|w80|-,69,0.8625,False,1,True,0.0,0.0,0.0,0.0,0.7333333333333333,0.0,0.7333333333333333,nan,0.0,0,11,0.5,0.1,0.4,0.5,0.8666666666666667,0.0,0.7666666666666667,0.5,0.1,1,15,1.0,0.2,0.8,1.0,1.0,0.0,0.8,1.0,0.2,1,15
rel:5,relation_dossiers,rel:5|cond=rel:5:facilities:anchor,rel:5:facilities:anchor,generic,160,15,rel:5|generic|w160|-,143,0.89375,False,1,True,0.0,0.13333333333333333,-0.13333333333333333,0.0,0.7333333333333333,0.0,0.6,nan,0.18181818181818182,0,11,0.5,0.2777777777777778,0.2222222222222222,0.5,0.8666666666666667,0.0,0.5888888888888889,0.5,0.2777777777777778,1,15,1.0,0.4,0.6,1.0,1.0,0.0,0.6,1.0,0.4,1,15
rel:5,relation_dossiers,rel:5|cond=rel:5:facilities:anchor,rel:5:facilities:anchor,oracle,20,15,rel:5|oracle|w20|-,18,0.9,False,2,True,0.0,0.0,0.0,0.0,0.7333333333333333,0.0,0.7333333333333333,nan,0.0,0,11,0.0,0.1111111111111111,-0.1111111111111111,0.5,0.8666666666666667,0.5,0.7555555555555555,0.0,0.1111111111111111,1,15,0.0,0.2,-0.2,1.0,1.0,1.0,0.8,0.0,0.2,1,15
rel:5,relation_dossiers,rel:5|cond=rel:5:facilities:anchor,rel:5:facilities:anchor,oracle,40,15,rel:5|oracle|w40|-,35,0.875,False,2,True,0.0,0.06666666666666667,-0.06666666666666667,0.0,0.7333333333333333,0.0,0.6666666666666666,nan,0.09090909090909091,0,11,0.0,0.2,-0.2,0.5,0.8666666666666667,0.5,0.6666666666666667,0.0,0.2,1,15,0.0,0.26666666666666666,-0.26666666666666666,1.0,1.0,1.0,0.7333333333333334,0.0,0.26666666666666666,1,15
rel:5,relation_dossiers,rel:5|cond=rel:5:facilities:anchor,rel:5:facilities:anchor,oracle,80,15,rel:5|oracle|w80|-,74,0.925,False,2,True,0.0,0.4,-0.4,0.0,0.7333333333333333,0.0,0.33333333333333326,nan,0.5454545454545454,0,11,0.5,0.5333333333333333,-0.033333333333333326,0.5,0.8666666666666667,0.0,0.33333333333333337,0.5,0.5333333333333333,1,15,1.0,0.6666666666666666,0.33333333333333337,1.0,1.0,0.0,0.33333333333333337,1.0,0.6666666666666666,1,15
rel:5,relation_dossiers,rel:5|cond=rel:5:facilities:anchor,rel:5:facilities:anchor,oracle,160,15,rel:5|oracle|w160|-,157,0.98125,False,1,True,0.0,0.6666666666666666,-0.6666666666666666,0.0,0.7333333333333333,0.0,0.06666666666666665,nan,0.9090909090909091,0,11,0.5,0.8444444444444444,-0.34444444444444444,0.5,0.8666666666666667,0.0,0.022222222222222254,0.5,0.8444444444444444,1,15,1.0,1.0,0.0,1.0,1.0,0.0,0.0,1.0,1.0,1,15
rel:5,relation_dossiers,rel:5|cond=rel:5:facilities:anchor,rel:5:facilities:anchor,reusable,20,15,rel:5|reusable|w20|rel:5|cond=rel:5:facilities:anchor,18,0.9,False,2,False,0.0,0.0,0.0,0.0,0.7333333333333333,0.0,0.7333333333333333,nan,0.0,0,11,0.5,0.05238095238095239,0.4476190476190476,0.5,0.8666666666666667,0.0,0.8142857142857143,0.5,0.05238095238095239,1,15,1.0,0.06666666666666667,0.9333333333333333,1.0,1.0,0.0,0.9333333333333333,1.0,0.06666666666666667,1,15
rel:5,relation_dossiers,rel:5|cond=rel:5:facilities:anchor,rel:5:facilities:anchor,reusable,40,15,rel:5|reusable|w40|rel:5|cond=rel:5:facilities:anchor,37,0.925,False,1,False,0.0,0.0,0.0,0.0,0.7333333333333333,0.0,0.7333333333333333,nan,0.0,0,11,0.5,0.05238095238095239,0.4476190476190476,0.5,0.8666666666666667,0.0,0.8142857142857143,0.5,0.05238095238095239,1,15,1.0,0.06666666666666667,0.9333333333333333,1.0,1.0,0.0,0.9333333333333333,1.0,0.06666666666666667,1,15
rel:5,relation_dossiers,rel:5|cond=rel:5:facilities:anchor,rel:5:facilities:anchor,reusable,80,15,rel:5|reusable|w80|rel:5|cond=rel:5:facilities:anchor,71,0.8875,False,1,False,0.0,0.06666666666666667,-0.06666666666666667,0.0,0.7333333333333333,0.0,0.6666666666666666,nan,0.09090909090909091,0,11,0.0,0.06666666666666667,-0.06666666666666667,0.5,0.8666666666666667,0.5,0.8,0.0,0.06666666666666667,1,15,1.0,0.13333333333333333,0.8666666666666667,1.0,1.0,0.0,0.8666666666666667,1.0,0.13333333333333333,1,15
rel:5,relation_dossiers,rel:5|cond=rel:5:facilities:anchor,rel:5:facilities:anchor,reusable,160,15,rel:5|reusable|w160|rel:5|cond=rel:5:facilities:anchor,139,0.86875,False,2,False,0.0,0.2,-0.2,0.0,0.7333333333333333,0.0,0.5333333333333332,nan,0.2727272727272727,0,11,0.5,0.23333333333333334,0.26666666666666666,0.5,0.8666666666666667,0.0,0.6333333333333333,0.5,0.23333333333333334,1,15,1.0,0.26666666666666666,0.7333333333333334,1.0,1.0,0.0,0.7333333333333334,1.0,0.26666666666666666,1,15
rel:5,relation_dossiers,rel:5|cond=rel:5:finance:anchor,rel:5:finance:anchor,conditioned,20,15,rel:5|conditioned|w20|rel:5|cond=rel:5:finance:anchor,19,0.95,False,2,False,0.0,0.0,0.0,1.0,0.6666666666666666,1.0,0.6666666666666666,0.0,0.0,1,10,0.6666666666666666,0.03333333333333333,0.6333333333333333,1.0,0.8333333333333334,0.33333333333333337,0.8,0.6666666666666666,0.03333333333333333,1,15,1.0,0.06666666666666667,0.9333333333333333,1.0,1.0,0.0,0.9333333333333333,1.0,0.06666666666666667,1,15
rel:5,relation_dossiers,rel:5|cond=rel:5:finance:anchor,rel:5:finance:anchor,conditioned,40,15,rel:5|conditioned|w40|rel:5|cond=rel:5:finance:anchor,35,0.875,False,2,False,1.0,0.06666666666666667,0.9333333333333333,1.0,0.6666666666666666,0.0,0.6,1.0,0.1,1,10,1.0,0.1,0.9,1.0,0.8333333333333334,0.0,0.7333333333333334,1.0,0.1,1,15,1.0,0.06666666666666667,0.9333333333333333,1.0,1.0,0.0,0.9333333333333333,1.0,0.06666666666666667,1,15
rel:5,relation_dossiers,rel:5|cond=rel:5:finance:anchor,rel:5:finance:anchor,conditioned,80,15,rel:5|conditioned|w80|rel:5|cond=rel:5:finance:anchor,75,0.9375,False,1,False,1.0,0.13333333333333333,0.8666666666666667,1.0,0.6666666666666666,0.0,0.5333333333333333,1.0,0.2,1,10,1.0,0.16666666666666666,0.8333333333333334,1.0,0.8333333333333334,0.0,0.6666666666666667,1.0,0.16666666666666666,1,15,1.0,0.13333333333333333,0.8666666666666667,1.0,1.0,0.0,0.8666666666666667,1.0,0.13333333333333333,1,15
rel:5,relation_dossiers,rel:5|cond=rel:5:finance:anchor,rel:5:finance:anchor,conditioned,160,15,rel:5|conditioned|w160|rel:5|cond=rel:5:finance:anchor,137,0.85625,False,2,False,1.0,0.06666666666666667,0.9333333333333333,1.0,0.6666666666666666,0.0,0.6,1.0,0.1,1,10,1.0,0.18,0.8200000000000001,1.0,0.8333333333333334,0.0,0.6533333333333333,1.0,0.18,1,15,1.0,0.06666666666666667,0.9333333333333333,1.0,1.0,0.0,0.9333333333333333,1.0,0.06666666666666667,1,15
rel:5,relation_dossiers,rel:5|cond=rel:5:finance:anchor,rel:5:finance:anchor,generic,20,15,rel:5|generic|w20|-,20,1.0,False,2,True,0.0,0.0,0.0,1.0,0.6666666666666666,1.0,0.6666666666666666,0.0,0.0,1,10,0.0,0.14444444444444443,-0.14444444444444443,1.0,0.8333333333333334,1.0,0.6888888888888889,0.0,0.14444444444444443,1,15,0.0,0.13333333333333333,-0.13333333333333333,1.0,1.0,1.0,0.8666666666666667,0.0,0.13333333333333333,1,15
rel:5,relation_dossiers,rel:5|cond=rel:5:finance:anchor,rel:5:finance:anchor,generic,40,15,rel:5|generic|w40|-,34,0.85,False,2,True,0.0,0.0,0.0,1.0,0.6666666666666666,1.0,0.6666666666666666,0.0,0.0,1,10,0.0,0.15238095238095237,-0.15238095238095237,1.0,0.8333333333333334,1.0,0.680952380952381,0.0,0.15238095238095237,1,15,0.0,0.26666666666666666,-0.26666666666666666,1.0,1.0,1.0,0.7333333333333334,0.0,0.26666666666666666,1,15
rel:5,relation_dossiers,rel:5|cond=rel:5:finance:anchor,rel:5:finance:anchor,generic,80,15,rel:5|generic|w80|-,69,0.8625,False,1,True,0.0,0.0,0.0,1.0,0.6666666666666666,1.0,0.6666666666666666,0.0,0.0,1,10,0.0,0.13333333333333333,-0.13333333333333333,1.0,0.8333333333333334,1.0,0.7000000000000001,0.0,0.13333333333333333,1,15,0.0,0.26666666666666666,-0.26666666666666666,1.0,1.0,1.0,0.7333333333333334,0.0,0.26666666666666666,1,15
rel:5,relation_dossiers,rel:5|cond=rel:5:finance:anchor,rel:5:finance:anchor,generic,160,15,rel:5|generic|w160|-,143,0.89375,False,1,True,0.0,0.13333333333333333,-0.13333333333333333,1.0,0.6666666666666666,1.0,0.5333333333333333,0.0,0.2,1,10,0.0,0.3111111111111111,-0.3111111111111111,1.0,0.8333333333333334,1.0,0.5222222222222223,0.0,0.3111111111111111,1,15,0.0,0.4666666666666667,-0.4666666666666667,1.0,1.0,1.0,0.5333333333333333,0.0,0.4666666666666667,1,15
rel:5,relation_dossiers,rel:5|cond=rel:5:finance:anchor,rel:5:finance:anchor,oracle,20,15,rel:5|oracle|w20|-,18,0.9,False,2,True,0.0,0.0,0.0,1.0,0.6666666666666666,1.0,0.6666666666666666,0.0,0.0,1,10,0.0,0.1111111111111111,-0.1111111111111111,1.0,0.8333333333333334,1.0,0.7222222222222223,0.0,0.1111111111111111,1,15,0.0,0.2,-0.2,1.0,1.0,1.0,0.8,0.0,0.2,1,15
rel:5,relation_dossiers,rel:5|cond=rel:5:finance:anchor,rel:5:finance:anchor,oracle,40,15,rel:5|oracle|w40|-,35,0.875,False,2,True,0.0,0.06666666666666667,-0.06666666666666667,1.0,0.6666666666666666,1.0,0.6,0.0,0.1,1,10,0.0,0.2,-0.2,1.0,0.8333333333333334,1.0,0.6333333333333333,0.0,0.2,1,15,0.0,0.26666666666666666,-0.26666666666666666,1.0,1.0,1.0,0.7333333333333334,0.0,0.26666666666666666,1,15
rel:5,relation_dossiers,rel:5|cond=rel:5:finance:anchor,rel:5:finance:anchor,oracle,80,15,rel:5|oracle|w80|-,74,0.925,False,2,True,1.0,0.3333333333333333,0.6666666666666667,1.0,0.6666666666666666,0.0,0.3333333333333333,1.0,0.5,1,10,1.0,0.5,0.5,1.0,0.8333333333333334,0.0,0.33333333333333337,1.0,0.5,1,15,1.0,0.6666666666666666,0.33333333333333337,1.0,1.0,0.0,0.33333333333333337,1.0,0.6666666666666666,1,15
rel:5,relation_dossiers,rel:5|cond=rel:5:finance:anchor,rel:5:finance:anchor,oracle,160,15,rel:5|oracle|w160|-,157,0.98125,False,1,True,1.0,0.6,0.4,1.0,0.6666666666666666,0.0,0.06666666666666665,1.0,0.9,1,10,1.0,0.8111111111111111,0.18888888888888888,1.0,0.8333333333333334,0.0,0.022222222222222254,1.0,0.8111111111111111,1,15,1.0,1.0,0.0,1.0,1.0,0.0,0.0,1.0,1.0,1,15
rel:5,relation_dossiers,rel:5|cond=rel:5:finance:anchor,rel:5:finance:anchor,reusable,20,15,rel:5|reusable|w20|rel:5|cond=rel:5:finance:anchor,19,0.95,False,2,False,0.0,0.0,0.0,1.0,0.6666666666666666,1.0,0.6666666666666666,0.0,0.0,1,10,0.6666666666666666,0.03333333333333333,0.6333333333333333,1.0,0.8333333333333334,0.33333333333333337,0.8,0.6666666666666666,0.03333333333333333,1,15,1.0,0.06666666666666667,0.9333333333333333,1.0,1.0,0.0,0.9333333333333333,1.0,0.06666666666666667,1,15
rel:5,relation_dossiers,rel:5|cond=rel:5:finance:anchor,rel:5:finance:anchor,reusable,40,15,rel:5|reusable|w40|rel:5|cond=rel:5:finance:anchor,35,0.875,False,1,False,1.0,0.06666666666666667,0.9333333333333333,1.0,0.6666666666666666,0.0,0.6,1.0,0.1,1,10,1.0,0.1,0.9,1.0,0.8333333333333334,0.0,0.7333333333333334,1.0,0.1,1,15,1.0,0.06666666666666667,0.9333333333333333,1.0,1.0,0.0,0.9333333333333333,1.0,0.06666666666666667,1,15
rel:5,relation_dossiers,rel:5|cond=rel:5:finance:anchor,rel:5:finance:anchor,reusable,80,15,rel:5|reusable|w80|rel:5|cond=rel:5:finance:anchor,75,0.9375,False,1,False,1.0,0.13333333333333333,0.8666666666666667,1.0,0.6666666666666666,0.0,0.5333333333333333,1.0,0.2,1,10,1.0,0.13333333333333333,0.8666666666666667,1.0,0.8333333333333334,0.0,0.7000000000000001,1.0,0.13333333333333333,1,15,1.0,0.13333333333333333,0.8666666666666667,1.0,1.0,0.0,0.8666666666666667,1.0,0.13333333333333333,1,15
rel:5,relation_dossiers,rel:5|cond=rel:5:finance:anchor,rel:5:finance:anchor,reusable,160,15,rel:5|reusable|w160|rel:5|cond=rel:5:finance:anchor,149,0.93125,False,1,False,1.0,0.26666666666666666,0.7333333333333334,1.0,0.6666666666666666,0.0,0.39999999999999997,1.0,0.4,1,10,1.0,0.43333333333333335,0.5666666666666667,1.0,0.8333333333333334,0.0,0.4,1.0,0.43333333333333335,1,15,1.0,0.5333333333333333,0.4666666666666667,1.0,1.0,0.0,0.4666666666666667,1.0,0.5333333333333333,1,15
rel:5,relation_dossiers,rel:5|cond=rel:5:founding:anchor,rel:5:founding:anchor,conditioned,20,15,rel:5|conditioned|w20|rel:5|cond=rel:5:founding:anchor,17,0.85,False,1,False,0.0,0.0,0.0,0.0,0.7333333333333333,0.0,0.7333333333333333,nan,0.0,0,11,0.5,0.08571428571428572,0.41428571428571426,0.5,0.8666666666666667,0.0,0.780952380952381,0.5,0.08571428571428572,1,15,1.0,0.06666666666666667,0.9333333333333333,1.0,1.0,0.0,0.9333333333333333,1.0,0.06666666666666667,1,15
rel:5,relation_dossiers,rel:5|cond=rel:5:founding:anchor,rel:5:founding:anchor,conditioned,40,15,rel:5|conditioned|w40|rel:5|cond=rel:5:founding:anchor,40,1.0,False,2,False,0.0,0.0,0.0,0.0,0.7333333333333333,0.0,0.7333333333333333,nan,0.0,0,11,0.5,0.09333333333333332,0.4066666666666667,0.5,0.8666666666666667,0.0,0.7733333333333334,0.5,0.09333333333333332,1,15,1.0,0.06666666666666667,0.9333333333333333,1.0,1.0,0.0,0.9333333333333333,1.0,0.06666666666666667,1,15
rel:5,relation_dossiers,rel:5|cond=rel:5:founding:anchor,rel:5:founding:anchor,conditioned,80,15,rel:5|conditioned|w80|rel:5|cond=rel:5:founding:anchor,71,0.8875,False,1,False,0.0,0.0,0.0,0.0,0.7333333333333333,0.0,0.7333333333333333,nan,0.0,0,11,0.5,0.06666666666666667,0.43333333333333335,0.5,0.8666666666666667,0.0,0.8,0.5,0.06666666666666667,1,15,1.0,0.06666666666666667,0.9333333333333333,1.0,1.0,0.0,0.9333333333333333,1.0,0.06666666666666667,1,15
rel:5,relation_dossiers,rel:5|cond=rel:5:founding:anchor,rel:5:founding:anchor,conditioned,160,15,rel:5|conditioned|w160|rel:5|cond=rel:5:founding:anchor,151,0.94375,False,2,False,0.0,0.06666666666666667,-0.06666666666666667,0.0,0.7333333333333333,0.0,0.6666666666666666,nan,0.09090909090909091,0,11,0.5,0.13333333333333333,0.3666666666666667,0.5,0.8666666666666667,0.0,0.7333333333333334,0.5,0.13333333333333333,1,15,1.0,0.3333333333333333,0.6666666666666667,1.0,1.0,0.0,0.6666666666666667,1.0,0.3333333333333333,1,15
rel:5,relation_dossiers,rel:5|cond=rel:5:founding:anchor,rel:5:founding:anchor,generic,20,15,rel:5|generic|w20|-,20,1.0,False,2,True,0.0,0.0,0.0,0.0,0.7333333333333333,0.0,0.7333333333333333,nan,0.0,0,11,0.5,0.1111111111111111,0.3888888888888889,0.5,0.8666666666666667,0.0,0.7555555555555555,0.5,0.1111111111111111,1,15,1.0,0.06666666666666667,0.9333333333333333,1.0,1.0,0.0,0.9333333333333333,1.0,0.06666666666666667,1,15
rel:5,relation_dossiers,rel:5|cond=rel:5:founding:anchor,rel:5:founding:anchor,generic,40,15,rel:5|generic|w40|-,34,0.85,False,2,True,0.0,0.0,0.0,0.0,0.7333333333333333,0.0,0.7333333333333333,nan,0.0,0,11,0.5,0.11904761904761905,0.38095238095238093,0.5,0.8666666666666667,0.0,0.7476190476190476,0.5,0.11904761904761905,1,15,1.0,0.2,0.8,1.0,1.0,0.0,0.8,1.0,0.2,1,15
rel:5,relation_dossiers,rel:5|cond=rel:5:founding:anchor,rel:5:founding:anchor,generic,80,15,rel:5|generic|w80|-,69,0.8625,False,1,True,0.0,0.0,0.0,0.0,0.7333333333333333,0.0,0.7333333333333333,nan,0.0,0,11,0.5,0.1,0.4,0.5,0.8666666666666667,0.0,0.7666666666666667,0.5,0.1,1,15,1.0,0.2,0.8,1.0,1.0,0.0,0.8,1.0,0.2,1,15
rel:5,relation_dossiers,rel:5|cond=rel:5:founding:anchor,rel:5:founding:anchor,generic,160,15,rel:5|generic|w160|-,143,0.89375,False,1,True,0.0,0.13333333333333333,-0.13333333333333333,0.0,0.7333333333333333,0.0,0.6,nan,0.18181818181818182,0,11,0.5,0.2777777777777778,0.2222222222222222,0.5,0.8666666666666667,0.0,0.5888888888888889,0.5,0.2777777777777778,1,15,1.0,0.4,0.6,1.0,1.0,0.0,0.6,1.0,0.4,1,15
rel:5,relation_dossiers,rel:5|cond=rel:5:founding:anchor,rel:5:founding:anchor,oracle,20,15,rel:5|oracle|w20|-,18,0.9,False,2,True,0.0,0.0,0.0,0.0,0.7333333333333333,0.0,0.7333333333333333,nan,0.0,0,11,0.5,0.07777777777777777,0.4222222222222222,0.5,0.8666666666666667,0.0,0.788888888888889,0.5,0.07777777777777777,1,15,1.0,0.13333333333333333,0.8666666666666667,1.0,1.0,0.0,0.8666666666666667,1.0,0.13333333333333333,1,15
rel:5,relation_dossiers,rel:5|cond=rel:5:founding:anchor,rel:5:founding:anchor,oracle,40,15,rel:5|oracle|w40|-,35,0.875,False,2,True,0.0,0.06666666666666667,-0.06666666666666667,0.0,0.7333333333333333,0.0,0.6666666666666666,nan,0.09090909090909091,0,11,0.5,0.16666666666666666,0.33333333333333337,0.5,0.8666666666666667,0.0,0.7000000000000001,0.5,0.16666666666666666,1,15,1.0,0.2,0.8,1.0,1.0,0.0,0.8,1.0,0.2,1,15
rel:5,relation_dossiers,rel:5|cond=rel:5:founding:anchor,rel:5:founding:anchor,oracle,80,15,rel:5|oracle|w80|-,74,0.925,False,2,True,0.0,0.4,-0.4,0.0,0.7333333333333333,0.0,0.33333333333333326,nan,0.5454545454545454,0,11,0.5,0.5333333333333333,-0.033333333333333326,0.5,0.8666666666666667,0.0,0.33333333333333337,0.5,0.5333333333333333,1,15,1.0,0.6666666666666666,0.33333333333333337,1.0,1.0,0.0,0.33333333333333337,1.0,0.6666666666666666,1,15
rel:5,relation_dossiers,rel:5|cond=rel:5:founding:anchor,rel:5:founding:anchor,oracle,160,15,rel:5|oracle|w160|-,157,0.98125,False,1,True,0.0,0.6666666666666666,-0.6666666666666666,0.0,0.7333333333333333,0.0,0.06666666666666665,nan,0.9090909090909091,0,11,0.5,0.8444444444444444,-0.34444444444444444,0.5,0.8666666666666667,0.0,0.022222222222222254,0.5,0.8444444444444444,1,15,1.0,1.0,0.0,1.0,1.0,0.0,0.0,1.0,1.0,1,15
rel:5,relation_dossiers,rel:5|cond=rel:5:founding:anchor,rel:5:founding:anchor,reusable,20,15,rel:5|reusable|w20|rel:5|cond=rel:5:founding:anchor,18,0.9,False,1,False,0.0,0.0,0.0,0.0,0.7333333333333333,0.0,0.7333333333333333,nan,0.0,0,11,0.5,0.07777777777777777,0.4222222222222222,0.5,0.8666666666666667,0.0,0.788888888888889,0.5,0.07777777777777777,1,15,1.0,0.13333333333333333,0.8666666666666667,1.0,1.0,0.0,0.8666666666666667,1.0,0.13333333333333333,1,15
rel:5,relation_dossiers,rel:5|cond=rel:5:founding:anchor,rel:5:founding:anchor,reusable,40,15,rel:5|reusable|w40|rel:5|cond=rel:5:founding:anchor,34,0.85,False,1,False,0.0,0.0,0.0,0.0,0.7333333333333333,0.0,0.7333333333333333,nan,0.0,0,11,0.5,0.08571428571428572,0.41428571428571426,0.5,0.8666666666666667,0.0,0.780952380952381,0.5,0.08571428571428572,1,15,1.0,0.06666666666666667,0.9333333333333333,1.0,1.0,0.0,0.9333333333333333,1.0,0.06666666666666667,1,15
rel:5,relation_dossiers,rel:5|cond=rel:5:founding:anchor,rel:5:founding:anchor,reusable,80,15,rel:5|reusable|w80|rel:5|cond=rel:5:founding:anchor,69,0.8625,False,1,False,0.0,0.06666666666666667,-0.06666666666666667,0.0,0.7333333333333333,0.0,0.6666666666666666,nan,0.09090909090909091,0,11,0.5,0.13333333333333333,0.3666666666666667,0.5,0.8666666666666667,0.0,0.7333333333333334,0.5,0.13333333333333333,1,15,1.0,0.13333333333333333,0.8666666666666667,1.0,1.0,0.0,0.8666666666666667,1.0,0.13333333333333333,1,15
rel:5,relation_dossiers,rel:5|cond=rel:5:founding:anchor,rel:5:founding:anchor,reusable,160,15,rel:5|reusable|w160|rel:5|cond=rel:5:founding:anchor,137,0.85625,False,3,False,0.0,0.2,-0.2,0.0,0.7333333333333333,0.0,0.5333333333333332,nan,0.2727272727272727,0,11,0.5,0.3333333333333333,0.16666666666666669,0.5,0.8666666666666667,0.0,0.5333333333333334,0.5,0.3333333333333333,1,15,1.0,0.4666666666666667,0.5333333333333333,1.0,1.0,0.0,0.5333333333333333,1.0,0.4666666666666667,1,15
rel:6,relation_dossiers,rel:6|cond=rel:6:custom:anchor,rel:6:custom:anchor,conditioned,20,15,rel:6|conditioned|w20|rel:6|cond=rel:6:custom:anchor,19,0.95,False,1,False,1.0,0.06666666666666667,0.9333333333333333,1.0,0.8666666666666667,0.0,0.8,1.0,0.07692307692307693,1,13,1.0,0.15238095238095237,0.8476190476190476,1.0,0.9333333333333333,0.0,0.780952380952381,1.0,0.15238095238095237,1,15,1.0,0.2,0.8,1.0,1.0,0.0,0.8,1.0,0.2,1,15
rel:6,relation_dossiers,rel:6|cond=rel:6:custom:anchor,rel:6:custom:anchor,conditioned,40,15,rel:6|conditioned|w40|rel:6|cond=rel:6:custom:anchor,37,0.925,False,1,False,1.0,0.13333333333333333,0.8666666666666667,1.0,0.8666666666666667,0.0,0.7333333333333334,1.0,0.15384615384615385,1,13,1.0,0.22349206349206346,0.7765079365079366,1.0,0.9333333333333333,0.0,0.7098412698412699,1.0,0.22349206349206346,1,15,1.0,0.2,0.8,1.0,1.0,0.0,0.8,1.0,0.2,1,15
rel:6,relation_dossiers,rel:6|cond=rel:6:custom:anchor,rel:6:custom:anchor,conditioned,80,15,rel:6|conditioned|w80|rel:6|cond=rel:6:custom:anchor,70,0.875,False,2,False,1.0,0.13333333333333333,0.8666666666666667,1.0,0.8666666666666667,0.0,0.7333333333333334,1.0,0.15384615384615385,1,13,1.0,0.16,0.84,1.0,0.9333333333333333,0.0,0.7733333333333333,1.0,0.16,1,15,1.0,0.13333333333333333,0.8666666666666667,1.0,1.0,0.0,0.8666666666666667,1.0,0.13333333333333333,1,15
rel:6,relation_dossiers,rel:6|cond=rel:6:custom:anchor,rel:6:custom:anchor,conditioned,160,15,rel:6|conditioned|w160|rel:6|cond=rel:6:custom:anchor,151,0.94375,False,2,False,1.0,0.2,0.8,1.0,0.8666666666666667,0.0,0.6666666666666667,1.0,0.23076923076923078,1,13,1.0,0.2,0.8,1.0,0.9333333333333333,0.0,0.7333333333333334,1.0,0.2,1,15,1.0,0.2,0.8,1.0,1.0,0.0,0.8,1.0,0.2,1,15
rel:6,relation_dossiers,rel:6|cond=rel:6:custom:anchor,rel:6:custom:anchor,generic,20,15,rel:6|generic|w20|-,19,0.95,False,1,True,0.0,0.0,0.0,1.0,0.8666666666666667,1.0,0.8666666666666667,0.0,0.0,1,13,0.0,0.08888888888888888,-0.08888888888888888,1.0,0.9333333333333333,1.0,0.8444444444444444,0.0,0.08888888888888888,1,15,0.0,0.13333333333333333,-0.13333333333333333,1.0,1.0,1.0,0.8666666666666667,0.0,0.13333333333333333,1,15
rel:6,relation_dossiers,rel:6|cond=rel:6:custom:anchor,rel:6:custom:anchor,generic,40,15,rel:6|generic|w40|-,38,0.95,False,1,True,0.0,0.13333333333333333,-0.13333333333333333,1.0,0.8666666666666667,1.0,0.7333333333333334,0.0,0.15384615384615385,1,13,0.0,0.19682539682539685,-0.19682539682539685,1.0,0.9333333333333333,1.0,0.7365079365079366,0.0,0.19682539682539685,1,15,0.0,0.2,-0.2,1.0,1.0,1.0,0.8,0.0,0.2,1,15
rel:6,relation_dossiers,rel:6|cond=rel:6:custom:anchor,rel:6:custom:anchor,generic,80,15,rel:6|generic|w80|-,75,0.9375,False,1,True,0.0,0.06666666666666667,-0.06666666666666667,1.0,0.8666666666666667,1.0,0.8,0.0,0.07692307692307693,1,13,0.0,0.18666666666666665,-0.18666666666666665,1.0,0.9333333333333333,1.0,0.7466666666666667,0.0,0.18666666666666665,1,15,0.0,0.2,-0.2,1.0,1.0,1.0,0.8,0.0,0.2,1,15
rel:6,relation_dossiers,rel:6|cond=rel:6:custom:anchor,rel:6:custom:anchor,generic,160,15,rel:6|generic|w160|-,139,0.86875,False,2,True,0.0,0.3333333333333333,-0.3333333333333333,1.0,0.8666666666666667,1.0,0.5333333333333334,0.0,0.38461538461538464,1,13,0.0,0.4,-0.4,1.0,0.9333333333333333,1.0,0.5333333333333333,0.0,0.4,1,15,0.0,0.4666666666666667,-0.4666666666666667,1.0,1.0,1.0,0.5333333333333333,0.0,0.4666666666666667,1,15
rel:6,relation_dossiers,rel:6|cond=rel:6:custom:anchor,rel:6:custom:anchor,oracle,20,15,rel:6|oracle|w20|-,20,1.0,False,2,True,0.0,0.2,-0.2,1.0,0.8666666666666667,1.0,0.6666666666666667,0.0,0.23076923076923078,1,13,0.0,0.22666666666666666,-0.22666666666666666,1.0,0.9333333333333333,1.0,0.7066666666666667,0.0,0.22666666666666666,1,15,0.0,0.2,-0.2,1.0,1.0,1.0,0.8,0.0,0.2,1,15
rel:6,relation_dossiers,rel:6|cond=rel:6:custom:anchor,rel:6:custom:anchor,oracle,40,15,rel:6|oracle|w40|-,37,0.925,False,2,True,0.0,0.3333333333333333,-0.3333333333333333,1.0,0.8666666666666667,1.0,0.5333333333333334,0.0,0.38461538461538464,1,13,0.0,0.4,-0.4,1.0,0.9333333333333333,1.0,0.5333333333333333,0.0,0.4,1,15,0.0,0.4666666666666667,-0.4666666666666667,1.0,1.0,1.0,0.5333333333333333,0.0,0.4666666666666667,1,15
rel:6,relation_dossiers,rel:6|cond=rel:6:custom:anchor,rel:6:custom:anchor,oracle,80,15,rel:6|oracle|w80|-,73,0.9125,False,1,True,0.0,0.4,-0.4,1.0,0.8666666666666667,1.0,0.4666666666666667,0.0,0.46153846153846156,1,13,0.0,0.5155555555555555,-0.5155555555555555,1.0,0.9333333333333333,1.0,0.4177777777777778,0.0,0.5155555555555555,1,15,0.0,0.5333333333333333,-0.5333333333333333,1.0,1.0,1.0,0.4666666666666667,0.0,0.5333333333333333,1,15
rel:6,relation_dossiers,rel:6|cond=rel:6:custom:anchor,rel:6:custom:anchor,oracle,160,15,rel:6|oracle|w160|-,143,0.89375,False,1,True,0.0,0.5333333333333333,-0.5333333333333333,1.0,0.8666666666666667,1.0,0.33333333333333337,0.0,0.6153846153846154,1,13,0.0,0.6,-0.6,1.0,0.9333333333333333,1.0,0.33333333333333337,0.0,0.6,1,15,0.0,0.8,-0.8,1.0,1.0,1.0,0.19999999999999996,0.0,0.8,1,15
rel:6,relation_dossiers,rel:6|cond=rel:6:custom:anchor,rel:6:custom:anchor,reusable,20,15,rel:6|reusable|w20|rel:6|cond=rel:6:custom:anchor,17,0.85,False,1,False,1.0,0.06666666666666667,0.9333333333333333,1.0,0.8666666666666667,0.0,0.8,1.0,0.07692307692307693,1,13,1.0,0.13015873015873017,0.8698412698412699,1.0,0.9333333333333333,0.0,0.8031746031746032,1.0,0.13015873015873017,1,15,1.0,0.13333333333333333,0.8666666666666667,1.0,1.0,0.0,0.8666666666666667,1.0,0.13333333333333333,1,15
rel:6,relation_dossiers,rel:6|cond=rel:6:custom:anchor,rel:6:custom:anchor,reusable,40,15,rel:6|reusable|w40|rel:6|cond=rel:6:custom:anchor,37,0.925,False,1,False,1.0,0.13333333333333333,0.8666666666666667,1.0,0.8666666666666667,0.0,0.7333333333333334,1.0,0.15384615384615385,1,13,1.0,0.17904761904761907,0.8209523809523809,1.0,0.9333333333333333,0.0,0.7542857142857142,1.0,0.17904761904761907,1,15,1.0,0.13333333333333333,0.8666666666666667,1.0,1.0,0.0,0.8666666666666667,1.0,0.13333333333333333,1,15
rel:6,relation_dossiers,rel:6|cond=rel:6:custom:anchor,rel:6:custom:anchor,reusable,80,15,rel:6|reusable|w80|rel:6|cond=rel:6:custom:anchor,70,0.875,False,1,False,1.0,0.13333333333333333,0.8666666666666667,1.0,0.8666666666666667,0.0,0.7333333333333334,1.0,0.15384615384615385,1,13,1.0,0.16,0.84,1.0,0.9333333333333333,0.0,0.7733333333333333,1.0,0.16,1,15,1.0,0.13333333333333333,0.8666666666666667,1.0,1.0,0.0,0.8666666666666667,1.0,0.13333333333333333,1,15
rel:6,relation_dossiers,rel:6|cond=rel:6:custom:anchor,rel:6:custom:anchor,reusable,160,15,rel:6|reusable|w160|rel:6|cond=rel:6:custom:anchor,140,0.875,False,1,False,1.0,0.2,0.8,1.0,0.8666666666666667,0.0,0.6666666666666667,1.0,0.23076923076923078,1,13,1.0,0.2,0.8,1.0,0.9333333333333333,0.0,0.7333333333333334,1.0,0.2,1,15,1.0,0.2,0.8,1.0,1.0,0.0,0.8,1.0,0.2,1,15
rel:6,relation_dossiers,rel:6|cond=rel:6:facilities:anchor,rel:6:facilities:anchor,conditioned,20,15,rel:6|conditioned|w20|rel:6|cond=rel:6:facilities:anchor,18,0.9,False,1,False,0.0,0.0,0.0,0.0,0.9333333333333333,0.0,0.9333333333333333,nan,0.0,0,14,0.5,0.08666666666666667,0.41333333333333333,0.5,0.9666666666666667,0.0,0.88,0.5,0.08666666666666667,1,15,1.0,0.06666666666666667,0.9333333333333333,1.0,1.0,0.0,0.9333333333333333,1.0,0.06666666666666667,1,15
rel:6,relation_dossiers,rel:6|cond=rel:6:facilities:anchor,rel:6:facilities:anchor,conditioned,40,15,rel:6|conditioned|w40|rel:6|cond=rel:6:facilities:anchor,37,0.925,False,2,False,0.0,0.0,0.0,0.0,0.9333333333333333,0.0,0.9333333333333333,nan,0.0,0,14,0.5,0.060000000000000005,0.44,0.5,0.9666666666666667,0.0,0.9066666666666666,0.5,0.060000000000000005,1,15,1.0,0.06666666666666667,0.9333333333333333,1.0,1.0,0.0,0.9333333333333333,1.0,0.06666666666666667,1,15
rel:6,relation_dossiers,rel:6|cond=rel:6:facilities:anchor,rel:6:facilities:anchor,conditioned,80,15,rel:6|conditioned|w80|rel:6|cond=rel:6:facilities:anchor,75,0.9375,False,2,False,0.0,0.0,0.0,0.0,0.9333333333333333,0.0,0.9333333333333333,nan,0.0,0,14,0.5,0.03333333333333333,0.4666666666666667,0.5,0.9666666666666667,0.0,0.9333333333333333,0.5,0.03333333333333333,1,15,1.0,0.06666666666666667,0.9333333333333333,1.0,1.0,0.0,0.9333333333333333,1.0,0.06666666666666667,1,15
rel:6,relation_dossiers,rel:6|cond=rel:6:facilities:anchor,rel:6:facilities:anchor,conditioned,160,15,rel:6|conditioned|w160|rel:6|cond=rel:6:facilities:anchor,138,0.8625,False,2,False,0.0,0.06666666666666667,-0.06666666666666667,0.0,0.9333333333333333,0.0,0.8666666666666667,nan,0.07142857142857142,0,14,0.5,0.1,0.4,0.5,0.9666666666666667,0.0,0.8666666666666667,0.5,0.1,1,15,1.0,0.13333333333333333,0.8666666666666667,1.0,1.0,0.0,0.8666666666666667,1.0,0.13333333333333333,1,15
rel:6,relation_dossiers,rel:6|cond=rel:6:facilities:anchor,rel:6:facilities:anchor,generic,20,15,rel:6|generic|w20|-,19,0.95,False,1,True,0.0,0.0,0.0,0.0,0.9333333333333333,0.0,0.9333333333333333,nan,0.0,0,14,0.5,0.05555555555555555,0.4444444444444444,0.5,0.9666666666666667,0.0,0.9111111111111111,0.5,0.05555555555555555,1,15,1.0,0.06666666666666667,0.9333333333333333,1.0,1.0,0.0,0.9333333333333333,1.0,0.06666666666666667,1,15
rel:6,relation_dossiers,rel:6|cond=rel:6:facilities:anchor,rel:6:facilities:anchor,generic,40,15,rel:6|generic|w40|-,38,0.95,False,1,True,0.0,0.13333333333333333,-0.13333333333333333,0.0,0.9333333333333333,0.0,0.8,nan,0.14285714285714285,0,14,0.0,0.19682539682539685,-0.19682539682539685,0.5,0.9666666666666667,0.5,0.7698412698412698,0.0,0.19682539682539685,1,15,0.0,0.2,-0.2,1.0,1.0,1.0,0.8,0.0,0.2,1,15
rel:6,relation_dossiers,rel:6|cond=rel:6:facilities:anchor,rel:6:facilities:anchor,generic,80,15,rel:6|generic|w80|-,75,0.9375,False,1,True,0.0,0.06666666666666667,-0.06666666666666667,0.0,0.9333333333333333,0.0,0.8666666666666667,nan,0.07142857142857142,0,14,0.5,0.15333333333333332,0.3466666666666667,0.5,0.9666666666666667,0.0,0.8133333333333334,0.5,0.15333333333333332,1,15,1.0,0.13333333333333333,0.8666666666666667,1.0,1.0,0.0,0.8666666666666667,1.0,0.13333333333333333,1,15
rel:6,relation_dossiers,rel:6|cond=rel:6:facilities:anchor,rel:6:facilities:anchor,generic,160,15,rel:6|generic|w160|-,139,0.86875,False,2,True,0.0,0.3333333333333333,-0.3333333333333333,0.0,0.9333333333333333,0.0,0.6000000000000001,nan,0.35714285714285715,0,14,0.5,0.36666666666666664,0.13333333333333336,0.5,0.9666666666666667,0.0,0.6000000000000001,0.5,0.36666666666666664,1,15,1.0,0.4,0.6,1.0,1.0,0.0,0.6,1.0,0.4,1,15
rel:6,relation_dossiers,rel:6|cond=rel:6:facilities:anchor,rel:6:facilities:anchor,oracle,20,15,rel:6|oracle|w20|-,20,1.0,False,2,True,0.0,0.2,-0.2,0.0,0.9333333333333333,0.0,0.7333333333333334,nan,0.21428571428571427,0,14,0.0,0.22666666666666666,-0.22666666666666666,0.5,0.9666666666666667,0.5,0.74,0.0,0.22666666666666666,1,15,0.0,0.2,-0.2,1.0,1.0,1.0,0.8,0.0,0.2,1,15
rel:6,relation_dossiers,rel:6|cond=rel:6:facilities:anchor,rel:6:facilities:anchor,oracle,40,15,rel:6|oracle|w40|-,37,0.925,False,2,True,0.0,0.3333333333333333,-0.3333333333333333,0.0,0.9333333333333333,0.0,0.6000000000000001,nan,0.35714285714285715,0,14,0.5,0.36666666666666664,0.13333333333333336,0.5,0.9666666666666667,0.0,0.6000000000000001,0.5,0.36666666666666664,1,15,1.0,0.4,0.6,1.0,1.0,0.0,0.6,1.0,0.4,1,15
rel:6,relation_dossiers,rel:6|cond=rel:6:facilities:anchor,rel:6:facilities:anchor,oracle,80,15,rel:6|oracle|w80|-,73,0.9125,False,1,True,0.0,0.4,-0.4,0.0,0.9333333333333333,0.0,0.5333333333333333,nan,0.42857142857142855,0,14,0.5,0.4822222222222222,0.01777777777777778,0.5,0.9666666666666667,0.0,0.48444444444444446,0.5,0.4822222222222222,1,15,1.0,0.4666666666666667,0.5333333333333333,1.0,1.0,0.0,0.5333333333333333,1.0,0.4666666666666667,1,15
rel:6,relation_dossiers,rel:6|cond=rel:6:facilities:anchor,rel:6:facilities:anchor,oracle,160,15,rel:6|oracle|w160|-,143,0.89375,False,1,True,0.0,0.5333333333333333,-0.5333333333333333,0.0,0.9333333333333333,0.0,0.4,nan,0.5714285714285714,0,14,0.5,0.5666666666666667,-0.06666666666666665,0.5,0.9666666666666667,0.0,0.4,0.5,0.5666666666666667,1,15,1.0,0.7333333333333333,0.2666666666666667,1.0,1.0,0.0,0.2666666666666667,1.0,0.7333333333333333,1,15
rel:6,relation_dossiers,rel:6|cond=rel:6:facilities:anchor,rel:6:facilities:anchor,reusable,20,15,rel:6|reusable|w20|rel:6|cond=rel:6:facilities:anchor,18,0.9,False,2,False,0.0,0.0,0.0,0.0,0.9333333333333333,0.0,0.9333333333333333,nan,0.0,0,14,0.5,0.08666666666666667,0.41333333333333333,0.5,0.9666666666666667,0.0,0.88,0.5,0.08666666666666667,1,15,1.0,0.06666666666666667,0.9333333333333333,1.0,1.0,0.0,0.9333333333333333,1.0,0.06666666666666667,1,15
rel:6,relation_dossiers,rel:6|cond=rel:6:facilities:anchor,rel:6:facilities:anchor,reusable,40,15,rel:6|reusable|w40|rel:6|cond=rel:6:facilities:anchor,39,0.975,False,3,False,0.0,0.0,0.0,0.0,0.9333333333333333,0.0,0.9333333333333333,nan,0.0,0,14,0.5,0.060000000000000005,0.44,0.5,0.9666666666666667,0.0,0.9066666666666666,0.5,0.060000000000000005,1,15,1.0,0.06666666666666667,0.9333333333333333,1.0,1.0,0.0,0.9333333333333333,1.0,0.06666666666666667,1,15
rel:6,relation_dossiers,rel:6|cond=rel:6:facilities:anchor,rel:6:facilities:anchor,reusable,80,15,rel:6|reusable|w80|rel:6|cond=rel:6:facilities:anchor,74,0.925,False,2,False,0.0,0.0,0.0,0.0,0.9333333333333333,0.0,0.9333333333333333,nan,0.0,0,14,0.5,0.03333333333333333,0.4666666666666667,0.5,0.9666666666666667,0.0,0.9333333333333333,0.5,0.03333333333333333,1,15,1.0,0.06666666666666667,0.9333333333333333,1.0,1.0,0.0,0.9333333333333333,1.0,0.06666666666666667,1,15
rel:6,relation_dossiers,rel:6|cond=rel:6:facilities:anchor,rel:6:facilities:anchor,reusable,160,15,rel:6|reusable|w160|rel:6|cond=rel:6:facilities:anchor,138,0.8625,False,2,False,0.0,0.26666666666666666,-0.26666666666666666,0.0,0.9333333333333333,0.0,0.6666666666666667,nan,0.2857142857142857,0,14,0.5,0.3,0.2,0.5,0.9666666666666667,0.0,0.6666666666666667,0.5,0.3,1,15,1.0,0.3333333333333333,0.6666666666666667,1.0,1.0,0.0,0.6666666666666667,1.0,0.3333333333333333,1,15
rel:6,relation_dossiers,rel:6|cond=rel:6:finance:anchor,rel:6:finance:anchor,conditioned,20,15,rel:6|conditioned|w20|rel:6|cond=rel:6:finance:anchor,20,1.0,False,1,False,1.0,0.06666666666666667,0.9333333333333333,1.0,0.8666666666666667,0.0,0.8,1.0,0.07692307692307693,1,13,1.0,0.17142857142857143,0.8285714285714285,1.0,0.9333333333333333,0.0,0.7619047619047619,1.0,0.17142857142857143,1,15,1.0,0.06666666666666667,0.9333333333333333,1.0,1.0,0.0,0.9333333333333333,1.0,0.06666666666666667,1,15
rel:6,relation_dossiers,rel:6|cond=rel:6:finance:anchor,rel:6:finance:anchor,conditioned,40,15,rel:6|conditioned|w40|rel:6|cond=rel:6:finance:anchor,36,0.9,False,2,False,1.0,0.06666666666666667,0.9333333333333333,1.0,0.8666666666666667,0.0,0.8,1.0,0.07692307692307693,1,13,1.0,0.08888888888888888,0.9111111111111111,1.0,0.9333333333333333,0.0,0.8444444444444444,1.0,0.08888888888888888,1,15,1.0,0.06666666666666667,0.9333333333333333,1.0,1.0,0.0,0.9333333333333333,1.0,0.06666666666666667,1,15
rel:6,relation_dossiers,rel:6|cond=rel:6:finance:anchor,rel:6:finance:anchor,conditioned,80,15,rel:6|conditioned|w80|rel:6|cond=rel:6:finance:anchor,68,0.85,False,1,False,1.0,0.06666666666666667,0.9333333333333333,1.0,0.8666666666666667,0.0,0.8,1.0,0.07692307692307693,1,13,1.0,0.13333333333333333,0.8666666666666667,1.0,0.9333333333333333,0.0,0.8,1.0,0.13333333333333333,1,15,1.0,0.13333333333333333,0.8666666666666667,1.0,1.0,0.0,0.8666666666666667,1.0,0.13333333333333333,1,15
rel:6,relation_dossiers,rel:6|cond=rel:6:finance:anchor,rel:6:finance:anchor,conditioned,160,15,rel:6|conditioned|w160|rel:6|cond=rel:6:finance:anchor,136,0.85,False,2,False,1.0,0.06666666666666667,0.9333333333333333,1.0,0.8666666666666667,0.0,0.8,1.0,0.07692307692307693,1,13,1.0,0.06666666666666667,0.9333333333333333,1.0,0.9333333333333333,0.0,0.8666666666666667,1.0,0.06666666666666667,1,15,1.0,0.06666666666666667,0.9333333333333333,1.0,1.0,0.0,0.9333333333333333,1.0,0.06666666666666667,1,15
rel:6,relation_dossiers,rel:6|cond=rel:6:finance:anchor,rel:6:finance:anchor,generic,20,15,rel:6|generic|w20|-,19,0.95,False,1,True,0.0,0.0,0.0,1.0,0.8666666666666667,1.0,0.8666666666666667,0.0,0.0,1,13,0.0,0.08888888888888888,-0.08888888888888888,1.0,0.9333333333333333,1.0,0.8444444444444444,0.0,0.08888888888888888,1,15,0.0,0.13333333333333333,-0.13333333333333333,1.0,1.0,1.0,0.8666666666666667,0.0,0.13333333333333333,1,15
rel:6,relation_dossiers,rel:6|cond=rel:6:finance:anchor,rel:6:finance:anchor,generic,40,15,rel:6|generic|w40|-,38,0.95,False,1,True,0.0,0.13333333333333333,-0.13333333333333333,1.0,0.8666666666666667,1.0,0.7333333333333334,0.0,0.15384615384615385,1,13,0.0,0.19682539682539685,-0.19682539682539685,1.0,0.9333333333333333,1.0,0.7365079365079366,0.0,0.19682539682539685,1,15,0.0,0.2,-0.2,1.0,1.0,1.0,0.8,0.0,0.2,1,15
rel:6,relation_dossiers,rel:6|cond=rel:6:finance:anchor,rel:6:finance:anchor,generic,80,15,rel:6|generic|w80|-,75,0.9375,False,1,True,0.0,0.06666666666666667,-0.06666666666666667,1.0,0.8666666666666667,1.0,0.8,0.0,0.07692307692307693,1,13,0.0,0.18666666666666665,-0.18666666666666665,1.0,0.9333333333333333,1.0,0.7466666666666667,0.0,0.18666666666666665,1,15,0.0,0.2,-0.2,1.0,1.0,1.0,0.8,0.0,0.2,1,15
rel:6,relation_dossiers,rel:6|cond=rel:6:finance:anchor,rel:6:finance:anchor,generic,160,15,rel:6|generic|w160|-,139,0.86875,False,2,True,0.0,0.3333333333333333,-0.3333333333333333,1.0,0.8666666666666667,1.0,0.5333333333333334,0.0,0.38461538461538464,1,13,0.0,0.4,-0.4,1.0,0.9333333333333333,1.0,0.5333333333333333,0.0,0.4,1,15,0.0,0.4666666666666667,-0.4666666666666667,1.0,1.0,1.0,0.5333333333333333,0.0,0.4666666666666667,1,15
rel:6,relation_dossiers,rel:6|cond=rel:6:finance:anchor,rel:6:finance:anchor,oracle,20,15,rel:6|oracle|w20|-,20,1.0,False,2,True,0.0,0.2,-0.2,1.0,0.8666666666666667,1.0,0.6666666666666667,0.0,0.23076923076923078,1,13,0.0,0.22666666666666666,-0.22666666666666666,1.0,0.9333333333333333,1.0,0.7066666666666667,0.0,0.22666666666666666,1,15,0.0,0.2,-0.2,1.0,1.0,1.0,0.8,0.0,0.2,1,15
rel:6,relation_dossiers,rel:6|cond=rel:6:finance:anchor,rel:6:finance:anchor,oracle,40,15,rel:6|oracle|w40|-,37,0.925,False,2,True,0.0,0.3333333333333333,-0.3333333333333333,1.0,0.8666666666666667,1.0,0.5333333333333334,0.0,0.38461538461538464,1,13,0.0,0.4,-0.4,1.0,0.9333333333333333,1.0,0.5333333333333333,0.0,0.4,1,15,0.0,0.4666666666666667,-0.4666666666666667,1.0,1.0,1.0,0.5333333333333333,0.0,0.4666666666666667,1,15
rel:6,relation_dossiers,rel:6|cond=rel:6:finance:anchor,rel:6:finance:anchor,oracle,80,15,rel:6|oracle|w80|-,73,0.9125,False,1,True,0.0,0.4,-0.4,1.0,0.8666666666666667,1.0,0.4666666666666667,0.0,0.46153846153846156,1,13,0.0,0.5155555555555555,-0.5155555555555555,1.0,0.9333333333333333,1.0,0.4177777777777778,0.0,0.5155555555555555,1,15,0.0,0.5333333333333333,-0.5333333333333333,1.0,1.0,1.0,0.4666666666666667,0.0,0.5333333333333333,1,15
rel:6,relation_dossiers,rel:6|cond=rel:6:finance:anchor,rel:6:finance:anchor,oracle,160,15,rel:6|oracle|w160|-,143,0.89375,False,1,True,0.0,0.5333333333333333,-0.5333333333333333,1.0,0.8666666666666667,1.0,0.33333333333333337,0.0,0.6153846153846154,1,13,0.0,0.6,-0.6,1.0,0.9333333333333333,1.0,0.33333333333333337,0.0,0.6,1,15,1.0,0.7333333333333333,0.2666666666666667,1.0,1.0,0.0,0.2666666666666667,1.0,0.7333333333333333,1,15
rel:6,relation_dossiers,rel:6|cond=rel:6:finance:anchor,rel:6:finance:anchor,reusable,20,15,rel:6|reusable|w20|rel:6|cond=rel:6:finance:anchor,19,0.95,False,1,False,1.0,0.06666666666666667,0.9333333333333333,1.0,0.8666666666666667,0.0,0.8,1.0,0.07692307692307693,1,13,1.0,0.10476190476190478,0.8952380952380952,1.0,0.9333333333333333,0.0,0.8285714285714285,1.0,0.10476190476190478,1,15,1.0,0.06666666666666667,0.9333333333333333,1.0,1.0,0.0,0.9333333333333333,1.0,0.06666666666666667,1,15
rel:6,relation_dossiers,rel:6|cond=rel:6:finance:anchor,rel:6:finance:anchor,reusable,40,15,rel:6|reusable|w40|rel:6|cond=rel:6:finance:anchor,40,1.0,False,2,False,1.0,0.06666666666666667,0.9333333333333333,1.0,0.8666666666666667,0.0,0.8,1.0,0.07692307692307693,1,13,1.0,0.08888888888888888,0.9111111111111111,1.0,0.9333333333333333,0.0,0.8444444444444444,1.0,0.08888888888888888,1,15,1.0,0.06666666666666667,0.9333333333333333,1.0,1.0,0.0,0.9333333333333333,1.0,0.06666666666666667,1,15
rel:6,relation_dossiers,rel:6|cond=rel:6:finance:anchor,rel:6:finance:anchor,reusable,80,15,rel:6|reusable|w80|rel:6|cond=rel:6:finance:anchor,78,0.975,False,1,False,1.0,0.13333333333333333,0.8666666666666667,1.0,0.8666666666666667,0.0,0.7333333333333334,1.0,0.15384615384615385,1,13,1.0,0.21666666666666667,0.7833333333333333,1.0,0.9333333333333333,0.0,0.7166666666666667,1.0,0.21666666666666667,1,15,1.0,0.26666666666666666,0.7333333333333334,1.0,1.0,0.0,0.7333333333333334,1.0,0.26666666666666666,1,15
rel:6,relation_dossiers,rel:6|cond=rel:6:finance:anchor,rel:6:finance:anchor,reusable,160,15,rel:6|reusable|w160|rel:6|cond=rel:6:finance:anchor,149,0.93125,False,2,False,1.0,0.2,0.8,1.0,0.8666666666666667,0.0,0.6666666666666667,1.0,0.23076923076923078,1,13,1.0,0.31111111111111106,0.6888888888888889,1.0,0.9333333333333333,0.0,0.6222222222222222,1.0,0.31111111111111106,1,15,1.0,0.4,0.6,1.0,1.0,0.0,0.6,1.0,0.4,1,15
rel:6,relation_dossiers,rel:6|cond=rel:6:founding:anchor,rel:6:founding:anchor,conditioned,20,15,rel:6|conditioned|w20|rel:6|cond=rel:6:founding:anchor,18,0.9,False,2,False,1.0,0.06666666666666667,0.9333333333333333,1.0,0.8666666666666667,0.0,0.8,1.0,0.07692307692307693,1,13,1.0,0.15238095238095237,0.8476190476190476,1.0,0.9333333333333333,0.0,0.780952380952381,1.0,0.15238095238095237,1,15,1.0,0.13333333333333333,0.8666666666666667,1.0,1.0,0.0,0.8666666666666667,1.0,0.13333333333333333,1,15
rel:6,relation_dossiers,rel:6|cond=rel:6:founding:anchor,rel:6:founding:anchor,conditioned,40,15,rel:6|conditioned|w40|rel:6|cond=rel:6:founding:anchor,38,0.95,False,3,False,1.0,0.13333333333333333,0.8666666666666667,1.0,0.8666666666666667,0.0,0.7333333333333334,1.0,0.15384615384615385,1,13,1.0,0.21555555555555556,0.7844444444444445,1.0,0.9333333333333333,0.0,0.7177777777777778,1.0,0.21555555555555556,1,15,1.0,0.2,0.8,1.0,1.0,0.0,0.8,1.0,0.2,1,15
rel:6,relation_dossiers,rel:6|cond=rel:6:founding:anchor,rel:6:founding:anchor,conditioned,80,15,rel:6|conditioned|w80|rel:6|cond=rel:6:founding:anchor,70,0.875,False,1,False,1.0,0.13333333333333333,0.8666666666666667,1.0,0.8666666666666667,0.0,0.7333333333333334,1.0,0.15384615384615385,1,13,1.0,0.15555555555555556,0.8444444444444444,1.0,0.9333333333333333,0.0,0.7777777777777778,1.0,0.15555555555555556,1,15,1.0,0.13333333333333333,0.8666666666666667,1.0,1.0,0.0,0.8666666666666667,1.0,0.13333333333333333,1,15
rel:6,relation_dossiers,rel:6|cond=rel:6:founding:anchor,rel:6:founding:anchor,conditioned,160,15,rel:6|conditioned|w160|rel:6|cond=rel:6:founding:anchor,137,0.85625,False,2,False,1.0,0.13333333333333333,0.8666666666666667,1.0,0.8666666666666667,0.0,0.7333333333333334,1.0,0.15384615384615385,1,13,1.0,0.13333333333333333,0.8666666666666667,1.0,0.9333333333333333,0.0,0.8,1.0,0.13333333333333333,1,15,1.0,0.13333333333333333,0.8666666666666667,1.0,1.0,0.0,0.8666666666666667,1.0,0.13333333333333333,1,15
rel:6,relation_dossiers,rel:6|cond=rel:6:founding:anchor,rel:6:founding:anchor,generic,20,15,rel:6|generic|w20|-,19,0.95,False,1,True,0.0,0.0,0.0,1.0,0.8666666666666667,1.0,0.8666666666666667,0.0,0.0,1,13,0.0,0.08888888888888888,-0.08888888888888888,1.0,0.9333333333333333,1.0,0.8444444444444444,0.0,0.08888888888888888,1,15,0.0,0.13333333333333333,-0.13333333333333333,1.0,1.0,1.0,0.8666666666666667,0.0,0.13333333333333333,1,15
rel:6,relation_dossiers,rel:6|cond=rel:6:founding:anchor,rel:6:founding:anchor,generic,40,15,rel:6|generic|w40|-,38,0.95,False,1,True,1.0,0.06666666666666667,0.9333333333333333,1.0,0.8666666666666667,0.0,0.8,1.0,0.07692307692307693,1,13,1.0,0.13015873015873017,0.8698412698412699,1.0,0.9333333333333333,0.0,0.8031746031746032,1.0,0.13015873015873017,1,15,1.0,0.13333333333333333,0.8666666666666667,1.0,1.0,0.0,0.8666666666666667,1.0,0.13333333333333333,1,15
rel:6,relation_dossiers,rel:6|cond=rel:6:founding:anchor,rel:6:founding:anchor,generic,80,15,rel:6|generic|w80|-,75,0.9375,False,1,True,0.0,0.06666666666666667,-0.06666666666666667,1.0,0.8666666666666667,1.0,0.8,0.0,0.07692307692307693,1,13,0.0,0.18666666666666665,-0.18666666666666665,1.0,0.9333333333333333,1.0,0.7466666666666667,0.0,0.18666666666666665,1,15,0.0,0.2,-0.2,1.0,1.0,1.0,0.8,0.0,0.2,1,15
rel:6,relation_dossiers,rel:6|cond=rel:6:founding:anchor,rel:6:founding:anchor,generic,160,15,rel:6|generic|w160|-,139,0.86875,False,2,True,1.0,0.26666666666666666,0.7333333333333334,1.0,0.8666666666666667,0.0,0.6000000000000001,1.0,0.3076923076923077,1,13,1.0,0.3333333333333333,0.6666666666666667,1.0,0.9333333333333333,0.0,0.6000000000000001,1.0,0.3333333333333333,1,15,1.0,0.4,0.6,1.0,1.0,0.0,0.6,1.0,0.4,1,15
rel:6,relation_dossiers,rel:6|cond=rel:6:founding:anchor,rel:6:founding:anchor,oracle,20,15,rel:6|oracle|w20|-,20,1.0,False,2,True,1.0,0.13333333333333333,0.8666666666666667,1.0,0.8666666666666667,0.0,0.7333333333333334,1.0,0.15384615384615385,1,13,1.0,0.16,0.84,1.0,0.9333333333333333,0.0,0.7733333333333333,1.0,0.16,1,15,1.0,0.13333333333333333,0.8666666666666667,1.0,1.0,0.0,0.8666666666666667,1.0,0.13333333333333333,1,15
rel:6,relation_dossiers,rel:6|cond=rel:6:founding:anchor,rel:6:founding:anchor,oracle,40,15,rel:6|oracle|w40|-,37,0.925,False,2,True,1.0,0.26666666666666666,0.7333333333333334,1.0,0.8666666666666667,0.0,0.6000000000000001,1.0,0.3076923076923077,1,13,1.0,0.3333333333333333,0.6666666666666667,1.0,0.9333333333333333,0.0,0.6000000000000001,1.0,0.3333333333333333,1,15,1.0,0.4,0.6,1.0,1.0,0.0,0.6,1.0,0.4,1,15
rel:6,relation_dossiers,rel:6|cond=rel:6:founding:anchor,rel:6:founding:anchor,oracle,80,15,rel:6|oracle|w80|-,73,0.9125,False,1,True,1.0,0.3333333333333333,0.6666666666666667,1.0,0.8666666666666667,0.0,0.5333333333333334,1.0,0.38461538461538464,1,13,1.0,0.4488888888888889,0.5511111111111111,1.0,0.9333333333333333,0.0,0.48444444444444446,1.0,0.4488888888888889,1,15,1.0,0.4666666666666667,0.5333333333333333,1.0,1.0,0.0,0.5333333333333333,1.0,0.4666666666666667,1,15
rel:6,relation_dossiers,rel:6|cond=rel:6:founding:anchor,rel:6:founding:anchor,oracle,160,15,rel:6|oracle|w160|-,143,0.89375,False,1,True,1.0,0.4666666666666667,0.5333333333333333,1.0,0.8666666666666667,0.0,0.4,1.0,0.5384615384615384,1,13,1.0,0.5333333333333333,0.4666666666666667,1.0,0.9333333333333333,0.0,0.4,1.0,0.5333333333333333,1,15,1.0,0.7333333333333333,0.2666666666666667,1.0,1.0,0.0,0.2666666666666667,1.0,0.7333333333333333,1,15
rel:6,relation_dossiers,rel:6|cond=rel:6:founding:anchor,rel:6:founding:anchor,reusable,20,15,rel:6|reusable|w20|rel:6|cond=rel:6:founding:anchor,18,0.9,False,2,False,1.0,0.06666666666666667,0.9333333333333333,1.0,0.8666666666666667,0.0,0.8,1.0,0.07692307692307693,1,13,1.0,0.15238095238095237,0.8476190476190476,1.0,0.9333333333333333,0.0,0.780952380952381,1.0,0.15238095238095237,1,15,1.0,0.13333333333333333,0.8666666666666667,1.0,1.0,0.0,0.8666666666666667,1.0,0.13333333333333333,1,15
rel:6,relation_dossiers,rel:6|cond=rel:6:founding:anchor,rel:6:founding:anchor,reusable,40,15,rel:6|reusable|w40|rel:6|cond=rel:6:founding:anchor,36,0.9,False,1,False,1.0,0.13333333333333333,0.8666666666666667,1.0,0.8666666666666667,0.0,0.7333333333333334,1.0,0.15384615384615385,1,13,1.0,0.15238095238095237,0.8476190476190476,1.0,0.9333333333333333,0.0,0.780952380952381,1.0,0.15238095238095237,1,15,1.0,0.13333333333333333,0.8666666666666667,1.0,1.0,0.0,0.8666666666666667,1.0,0.13333333333333333,1,15
rel:6,relation_dossiers,rel:6|cond=rel:6:founding:anchor,rel:6:founding:anchor,reusable,80,15,rel:6|reusable|w80|rel:6|cond=rel:6:founding:anchor,72,0.9,False,2,False,1.0,0.2,0.8,1.0,0.8666666666666667,0.0,0.6666666666666667,1.0,0.23076923076923078,1,13,1.0,0.22222222222222224,0.7777777777777778,1.0,0.9333333333333333,0.0,0.7111111111111111,1.0,0.22222222222222224,1,15,1.0,0.2,0.8,1.0,1.0,0.0,0.8,1.0,0.2,1,15
rel:6,relation_dossiers,rel:6|cond=rel:6:founding:anchor,rel:6:founding:anchor,reusable,160,15,rel:6|reusable|w160|rel:6|cond=rel:6:founding:anchor,143,0.89375,False,3,False,1.0,0.3333333333333333,0.6666666666666667,1.0,0.8666666666666667,0.0,0.5333333333333334,1.0,0.38461538461538464,1,13,1.0,0.4,0.6,1.0,0.9333333333333333,0.0,0.5333333333333333,1.0,0.4,1,15,1.0,0.4666666666666667,0.5333333333333333,1.0,1.0,0.0,0.5333333333333333,1.0,0.4666666666666667,1,15
rel:9,relation_dossiers,rel:9|cond=rel:9:custom:anchor,rel:9:custom:anchor,conditioned,20,15,rel:9|conditioned|w20|rel:9|cond=rel:9:custom:anchor,18,0.9,False,1,False,1.0,0.06666666666666667,0.9333333333333333,1.0,0.9333333333333333,0.0,0.8666666666666667,1.0,0.07142857142857142,1,14,1.0,0.06666666666666667,0.9333333333333333,1.0,0.9666666666666667,0.0,0.9,1.0,0.06666666666666667,1,15,1.0,0.06666666666666667,0.9333333333333333,1.0,1.0,0.0,0.9333333333333333,1.0,0.06666666666666667,1,15
rel:9,relation_dossiers,rel:9|cond=rel:9:custom:anchor,rel:9:custom:anchor,conditioned,40,15,rel:9|conditioned|w40|rel:9|cond=rel:9:custom:anchor,38,0.95,False,1,False,1.0,0.06666666666666667,0.9333333333333333,1.0,0.9333333333333333,0.0,0.8666666666666667,1.0,0.07142857142857142,1,14,1.0,0.06666666666666667,0.9333333333333333,1.0,0.9666666666666667,0.0,0.9,1.0,0.06666666666666667,1,15,1.0,0.06666666666666667,0.9333333333333333,1.0,1.0,0.0,0.9333333333333333,1.0,0.06666666666666667,1,15
rel:9,relation_dossiers,rel:9|cond=rel:9:custom:anchor,rel:9:custom:anchor,conditioned,80,15,rel:9|conditioned|w80|rel:9|cond=rel:9:custom:anchor,69,0.8625,False,1,False,1.0,0.13333333333333333,0.8666666666666667,1.0,0.9333333333333333,0.0,0.8,1.0,0.14285714285714285,1,14,1.0,0.16666666666666666,0.8333333333333334,1.0,0.9666666666666667,0.0,0.8,1.0,0.16666666666666666,1,15,1.0,0.13333333333333333,0.8666666666666667,1.0,1.0,0.0,0.8666666666666667,1.0,0.13333333333333333,1,15
rel:9,relation_dossiers,rel:9|cond=rel:9:custom:anchor,rel:9:custom:anchor,conditioned,160,15,rel:9|conditioned|w160|rel:9|cond=rel:9:custom:anchor,156,0.975,False,2,False,1.0,0.13333333333333333,0.8666666666666667,1.0,0.9333333333333333,0.0,0.8,1.0,0.14285714285714285,1,14,1.0,0.13333333333333333,0.8666666666666667,1.0,0.9666666666666667,0.0,0.8333333333333334,1.0,0.13333333333333333,1,15,1.0,0.13333333333333333,0.8666666666666667,1.0,1.0,0.0,0.8666666666666667,1.0,0.13333333333333333,1,15
rel:9,relation_dossiers,rel:9|cond=rel:9:custom:anchor,rel:9:custom:anchor,generic,20,15,rel:9|generic|w20|-,18,0.9,False,1,True,0.0,0.13333333333333333,-0.13333333333333333,1.0,0.9333333333333333,1.0,0.8,0.0,0.14285714285714285,1,14,0.5,0.18333333333333332,0.31666666666666665,1.0,0.9666666666666667,0.5,0.7833333333333333,0.5,0.18333333333333332,1,15,0.0,0.13333333333333333,-0.13333333333333333,1.0,1.0,1.0,0.8666666666666667,0.0,0.13333333333333333,1,15
rel:9,relation_dossiers,rel:9|cond=rel:9:custom:anchor,rel:9:custom:anchor,generic,40,15,rel:9|generic|w40|-,35,0.875,False,2,True,0.0,0.13333333333333333,-0.13333333333333333,1.0,0.9333333333333333,1.0,0.8,0.0,0.14285714285714285,1,14,0.0,0.2057142857142857,-0.2057142857142857,1.0,0.9666666666666667,1.0,0.7609523809523809,0.0,0.2057142857142857,1,15,0.0,0.2,-0.2,1.0,1.0,1.0,0.8,0.0,0.2,1,15
rel:9,relation_dossiers,rel:9|cond=rel:9:custom:anchor,rel:9:custom:anchor,generic,80,15,rel:9|generic|w80|-,71,0.8875,False,2,True,0.0,0.3333333333333333,-0.3333333333333333,1.0,0.9333333333333333,1.0,0.6000000000000001,0.0,0.35714285714285715,1,14,0.0,0.42,-0.42,1.0,0.9666666666666667,1.0,0.5466666666666666,0.0,0.42,1,15,0.0,0.4666666666666667,-0.4666666666666667,1.0,1.0,1.0,0.5333333333333333,0.0,0.4666666666666667,1,15
rel:9,relation_dossiers,rel:9|cond=rel:9:custom:anchor,rel:9:custom:anchor,generic,160,15,rel:9|generic|w160|-,142,0.8875,False,2,True,0.0,0.6,-0.6,1.0,0.9333333333333333,1.0,0.33333333333333337,0.0,0.6428571428571429,1,14,0.0,0.6333333333333333,-0.6333333333333333,1.0,0.9666666666666667,1.0,0.33333333333333337,0.0,0.6333333333333333,1,15,0.0,0.6666666666666666,-0.6666666666666666,1.0,1.0,1.0,0.33333333333333337,0.0,0.6666666666666666,1,15
rel:9,relation_dossiers,rel:9|cond=rel:9:custom:anchor,rel:9:custom:anchor,oracle,20,15,rel:9|oracle|w20|-,18,0.9,False,2,True,0.0,0.06666666666666667,-0.06666666666666667,1.0,0.9333333333333333,1.0,0.8666666666666667,0.0,0.07142857142857142,1,14,0.0,0.15333333333333332,-0.15333333333333332,1.0,0.9666666666666667,1.0,0.8133333333333334,0.0,0.15333333333333332,1,15,0.0,0.13333333333333333,-0.13333333333333333,1.0,1.0,1.0,0.8666666666666667,0.0,0.13333333333333333,1,15
rel:9,relation_dossiers,rel:9|cond=rel:9:custom:anchor,rel:9:custom:anchor,oracle,40,15,rel:9|oracle|w40|-,38,0.95,False,2,True,0.0,0.3333333333333333,-0.3333333333333333,1.0,0.9333333333333333,1.0,0.6000000000000001,0.0,0.35714285714285715,1,14,0.0,0.3333333333333333,-0.3333333333333333,1.0,0.9666666666666667,1.0,0.6333333333333333,0.0,0.3333333333333333,1,15,0.0,0.3333333333333333,-0.3333333333333333,1.0,1.0,1.0,0.6666666666666667,0.0,0.3333333333333333,1,15
rel:9,relation_dossiers,rel:9|cond=rel:9:custom:anchor,rel:9:custom:anchor,oracle,80,15,rel:9|oracle|w80|-,73,0.9125,False,1,True,0.0,0.26666666666666666,-0.26666666666666666,1.0,0.9333333333333333,1.0,0.6666666666666667,0.0,0.2857142857142857,1,14,0.0,0.38666666666666666,-0.38666666666666666,1.0,0.9666666666666667,1.0,0.5800000000000001,0.0,0.38666666666666666,1,15,0.0,0.4,-0.4,1.0,1.0,1.0,0.6,0.0,0.4,1,15
rel:9,relation_dossiers,rel:9|cond=rel:9:custom:anchor,rel:9:custom:anchor,oracle,160,15,rel:9|oracle|w160|-,140,0.875,False,1,True,0.0,0.6,-0.6,1.0,0.9333333333333333,1.0,0.33333333333333337,0.0,0.6428571428571429,1,14,0.0,0.6666666666666666,-0.6666666666666666,1.0,0.9666666666666667,1.0,0.30000000000000004,0.0,0.6666666666666666,1,15,0.0,0.6666666666666666,-0.6666666666666666,1.0,1.0,1.0,0.33333333333333337,0.0,0.6666666666666666,1,15
rel:9,relation_dossiers,rel:9|cond=rel:9:custom:anchor,rel:9:custom:anchor,reusable,20,15,rel:9|reusable|w20|rel:9|cond=rel:9:custom:anchor,19,0.95,False,2,False,1.0,0.13333333333333333,0.8666666666666667,1.0,0.9333333333333333,0.0,0.8,1.0,0.14285714285714285,1,14,1.0,0.13333333333333333,0.8666666666666667,1.0,0.9666666666666667,0.0,0.8333333333333334,1.0,0.13333333333333333,1,15,1.0,0.13333333333333333,0.8666666666666667,1.0,1.0,0.0,0.8666666666666667,1.0,0.13333333333333333,1,15
rel:9,relation_dossiers,rel:9|cond=rel:9:custom:anchor,rel:9:custom:anchor,reusable,40,15,rel:9|reusable|w40|rel:9|cond=rel:9:custom:anchor,40,1.0,False,1,False,1.0,0.13333333333333333,0.8666666666666667,1.0,0.9333333333333333,0.0,0.8,1.0,0.14285714285714285,1,14,1.0,0.15238095238095237,0.8476190476190476,1.0,0.9666666666666667,0.0,0.8142857142857143,1.0,0.15238095238095237,1,15,1.0,0.13333333333333333,0.8666666666666667,1.0,1.0,0.0,0.8666666666666667,1.0,0.13333333333333333,1,15
rel:9,relation_dossiers,rel:9|cond=rel:9:custom:anchor,rel:9:custom:anchor,reusable,80,15,rel:9|reusable|w80|rel:9|cond=rel:9:custom:anchor,72,0.9,False,2,False,1.0,0.13333333333333333,0.8666666666666667,1.0,0.9333333333333333,0.0,0.8,1.0,0.14285714285714285,1,14,1.0,0.13333333333333333,0.8666666666666667,1.0,0.9666666666666667,0.0,0.8333333333333334,1.0,0.13333333333333333,1,15,1.0,0.13333333333333333,0.8666666666666667,1.0,1.0,0.0,0.8666666666666667,1.0,0.13333333333333333,1,15
rel:9,relation_dossiers,rel:9|cond=rel:9:custom:anchor,rel:9:custom:anchor,reusable,160,15,rel:9|reusable|w160|rel:9|cond=rel:9:custom:anchor,137,0.85625,False,1,False,0.0,0.26666666666666666,-0.26666666666666666,1.0,0.9333333333333333,1.0,0.6666666666666667,0.0,0.2857142857142857,1,14,0.0,0.26666666666666666,-0.26666666666666666,1.0,0.9666666666666667,1.0,0.7,0.0,0.26666666666666666,1,15,0.0,0.26666666666666666,-0.26666666666666666,1.0,1.0,1.0,0.7333333333333334,0.0,0.26666666666666666,1,15
rel:9,relation_dossiers,rel:9|cond=rel:9:facilities:anchor,rel:9:facilities:anchor,conditioned,20,15,rel:9|conditioned|w20|rel:9|cond=rel:9:facilities:anchor,18,0.9,False,1,False,1.0,0.0,1.0,1.0,0.9333333333333333,0.0,0.9333333333333333,1.0,0.0,1,14,1.0,0.06666666666666667,0.9333333333333333,1.0,0.9666666666666667,0.0,0.9,1.0,0.06666666666666667,1,15,1.0,0.06666666666666667,0.9333333333333333,1.0,1.0,0.0,0.9333333333333333,1.0,0.06666666666666667,1,15
rel:9,relation_dossiers,rel:9|cond=rel:9:facilities:anchor,rel:9:facilities:anchor,conditioned,40,15,rel:9|conditioned|w40|rel:9|cond=rel:9:facilities:anchor,34,0.85,False,2,False,1.0,0.0,1.0,1.0,0.9333333333333333,0.0,0.9333333333333333,1.0,0.0,1,14,1.0,0.03333333333333333,0.9666666666666667,1.0,0.9666666666666667,0.0,0.9333333333333333,1.0,0.03333333333333333,1,15,1.0,0.06666666666666667,0.9333333333333333,1.0,1.0,0.0,0.9333333333333333,1.0,0.06666666666666667,1,15
rel:9,relation_dossiers,rel:9|cond=rel:9:facilities:anchor,rel:9:facilities:anchor,conditioned,80,15,rel:9|conditioned|w80|rel:9|cond=rel:9:facilities:anchor,75,0.9375,False,2,False,1.0,0.0,1.0,1.0,0.9333333333333333,0.0,0.9333333333333333,1.0,0.0,1,14,1.0,0.03333333333333333,0.9666666666666667,1.0,0.9666666666666667,0.0,0.9333333333333333,1.0,0.03333333333333333,1,15,1.0,0.06666666666666667,0.9333333333333333,1.0,1.0,0.0,0.9333333333333333,1.0,0.06666666666666667,1,15
rel:9,relation_dossiers,rel:9|cond=rel:9:facilities:anchor,rel:9:facilities:anchor,conditioned,160,15,rel:9|conditioned|w160|rel:9|cond=rel:9:facilities:anchor,142,0.8875,False,3,False,1.0,0.13333333333333333,0.8666666666666667,1.0,0.9333333333333333,0.0,0.8,1.0,0.14285714285714285,1,14,1.0,0.16666666666666666,0.8333333333333334,1.0,0.9666666666666667,0.0,0.8,1.0,0.16666666666666666,1,15,1.0,0.2,0.8,1.0,1.0,0.0,0.8,1.0,0.2,1,15
rel:9,relation_dossiers,rel:9|cond=rel:9:facilities:anchor,rel:9:facilities:anchor,generic,20,15,rel:9|generic|w20|-,18,0.9,False,1,True,0.0,0.13333333333333333,-0.13333333333333333,1.0,0.9333333333333333,1.0,0.8,0.0,0.14285714285714285,1,14,0.25,0.2,0.04999999999999999,1.0,0.9666666666666667,0.75,0.7666666666666666,0.25,0.2,1,15,0.0,0.13333333333333333,-0.13333333333333333,1.0,1.0,1.0,0.8666666666666667,0.0,0.13333333333333333,1,15
rel:9,relation_dossiers,rel:9|cond=rel:9:facilities:anchor,rel:9:facilities:anchor,generic,40,15,rel:9|generic|w40|-,35,0.875,False,2,True,0.0,0.13333333333333333,-0.13333333333333333,1.0,0.9333333333333333,1.0,0.8,0.0,0.14285714285714285,1,14,0.0,0.2057142857142857,-0.2057142857142857,1.0,0.9666666666666667,1.0,0.7609523809523809,0.0,0.2057142857142857,1,15,0.0,0.2,-0.2,1.0,1.0,1.0,0.8,0.0,0.2,1,15
rel:9,relation_dossiers,rel:9|cond=rel:9:facilities:anchor,rel:9:facilities:anchor,generic,80,15,rel:9|generic|w80|-,71,0.8875,False,2,True,1.0,0.26666666666666666,0.7333333333333334,1.0,0.9333333333333333,0.0,0.6666666666666667,1.0,0.2857142857142857,1,14,1.0,0.35333333333333333,0.6466666666666667,1.0,0.9666666666666667,0.0,0.6133333333333333,1.0,0.35333333333333333,1,15,1.0,0.4,0.6,1.0,1.0,0.0,0.6,1.0,0.4,1,15
rel:9,relation_dossiers,rel:9|cond=rel:9:facilities:anchor,rel:9:facilities:anchor,generic,160,15,rel:9|generic|w160|-,142,0.8875,False,2,True,1.0,0.5333333333333333,0.4666666666666667,1.0,0.9333333333333333,0.0,0.4,1.0,0.5714285714285714,1,14,1.0,0.5666666666666667,0.43333333333333335,1.0,0.9666666666666667,0.0,0.4,1.0,0.5666666666666667,1,15,1.0,0.6,0.4,1.0,1.0,0.0,0.4,1.0,0.6,1,15
rel:9,relation_dossiers,rel:9|cond=rel:9:facilities:anchor,rel:9:facilities:anchor,oracle,20,15,rel:9|oracle|w20|-,18,0.9,False,2,True,0.0,0.06666666666666667,-0.06666666666666667,1.0,0.9333333333333333,1.0,0.8666666666666667,0.0,0.07142857142857142,1,14,0.0,0.15333333333333332,-0.15333333333333332,1.0,0.9666666666666667,1.0,0.8133333333333334,0.0,0.15333333333333332,1,15,0.0,0.13333333333333333,-0.13333333333333333,1.0,1.0,1.0,0.8666666666666667,0.0,0.13333333333333333,1,15
rel:9,relation_dossiers,rel:9|cond=rel:9:facilities:anchor,rel:9:facilities:anchor,oracle,40,15,rel:9|oracle|w40|-,38,0.95,False,2,True,0.0,0.3333333333333333,-0.3333333333333333,1.0,0.9333333333333333,1.0,0.6000000000000001,0.0,0.35714285714285715,1,14,0.0,0.3333333333333333,-0.3333333333333333,1.0,0.9666666666666667,1.0,0.6333333333333333,0.0,0.3333333333333333,1,15,0.0,0.3333333333333333,-0.3333333333333333,1.0,1.0,1.0,0.6666666666666667,0.0,0.3333333333333333,1,15
rel:9,relation_dossiers,rel:9|cond=rel:9:facilities:anchor,rel:9:facilities:anchor,oracle,80,15,rel:9|oracle|w80|-,73,0.9125,False,1,True,1.0,0.2,0.8,1.0,0.9333333333333333,0.0,0.7333333333333334,1.0,0.21428571428571427,1,14,1.0,0.32,0.6799999999999999,1.0,0.9666666666666667,0.0,0.6466666666666667,1.0,0.32,1,15,1.0,0.3333333333333333,0.6666666666666667,1.0,1.0,0.0,0.6666666666666667,1.0,0.3333333333333333,1,15
rel:9,relation_dossiers,rel:9|cond=rel:9:facilities:anchor,rel:9:facilities:anchor,oracle,160,15,rel:9|oracle|w160|-,140,0.875,False,1,True,1.0,0.5333333333333333,0.4666666666666667,1.0,0.9333333333333333,0.0,0.4,1.0,0.5714285714285714,1,14,1.0,0.6,0.4,1.0,0.9666666666666667,0.0,0.3666666666666667,1.0,0.6,1,15,1.0,0.6,0.4,1.0,1.0,0.0,0.4,1.0,0.6,1,15
rel:9,relation_dossiers,rel:9|cond=rel:9:facilities:anchor,rel:9:facilities:anchor,reusable,20,15,rel:9|reusable|w20|rel:9|cond=rel:9:facilities:anchor,18,0.9,False,1,False,1.0,0.0,1.0,1.0,0.9333333333333333,0.0,0.9333333333333333,1.0,0.0,1,14,1.0,0.06666666666666667,0.9333333333333333,1.0,0.9666666666666667,0.0,0.9,1.0,0.06666666666666667,1,15,1.0,0.06666666666666667,0.9333333333333333,1.0,1.0,0.0,0.9333333333333333,1.0,0.06666666666666667,1,15
rel:9,relation_dossiers,rel:9|cond=rel:9:facilities:anchor,rel:9:facilities:anchor,reusable,40,15,rel:9|reusable|w40|rel:9|cond=rel:9:facilities:anchor,36,0.9,False,1,False,1.0,0.06666666666666667,0.9333333333333333,1.0,0.9333333333333333,0.0,0.8666666666666667,1.0,0.07142857142857142,1,14,1.0,0.1,0.9,1.0,0.9666666666666667,0.0,0.8666666666666667,1.0,0.1,1,15,1.0,0.13333333333333333,0.8666666666666667,1.0,1.0,0.0,0.8666666666666667,1.0,0.13333333333333333,1,15
rel:9,relation_dossiers,rel:9|cond=rel:9:facilities:anchor,rel:9:facilities:anchor,reusable,80,15,rel:9|reusable|w80|rel:9|cond=rel:9:facilities:anchor,78,0.975,False,1,False,1.0,0.13333333333333333,0.8666666666666667,1.0,0.9333333333333333,0.0,0.8,1.0,0.14285714285714285,1,14,1.0,0.2,0.8,1.0,0.9666666666666667,0.0,0.7666666666666666,1.0,0.2,1,15,1.0,0.2,0.8,1.0,1.0,0.0,0.8,1.0,0.2,1,15
rel:9,relation_dossiers,rel:9|cond=rel:9:facilities:anchor,rel:9:facilities:anchor,reusable,160,15,rel:9|reusable|w160|rel:9|cond=rel:9:facilities:anchor,143,0.89375,False,2,False,1.0,0.26666666666666666,0.7333333333333334,1.0,0.9333333333333333,0.0,0.6666666666666667,1.0,0.2857142857142857,1,14,1.0,0.3333333333333333,0.6666666666666667,1.0,0.9666666666666667,0.0,0.6333333333333333,1.0,0.3333333333333333,1,15,1.0,0.3333333333333333,0.6666666666666667,1.0,1.0,0.0,0.6666666666666667,1.0,0.3333333333333333,1,15
rel:9,relation_dossiers,rel:9|cond=rel:9:finance:anchor,rel:9:finance:anchor,conditioned,20,15,rel:9|conditioned|w20|rel:9|cond=rel:9:finance:anchor,19,0.95,False,1,False,1.0,0.06666666666666667,0.9333333333333333,1.0,0.9333333333333333,0.0,0.8666666666666667,1.0,0.07142857142857142,1,14,1.0,0.06666666666666667,0.9333333333333333,1.0,0.9666666666666667,0.0,0.9,1.0,0.06666666666666667,1,15,1.0,0.06666666666666667,0.9333333333333333,1.0,1.0,0.0,0.9333333333333333,1.0,0.06666666666666667,1,15
rel:9,relation_dossiers,rel:9|cond=rel:9:finance:anchor,rel:9:finance:anchor,conditioned,40,15,rel:9|conditioned|w40|rel:9|cond=rel:9:finance:anchor,36,0.9,False,2,False,1.0,0.06666666666666667,0.9333333333333333,1.0,0.9333333333333333,0.0,0.8666666666666667,1.0,0.07142857142857142,1,14,1.0,0.06666666666666667,0.9333333333333333,1.0,0.9666666666666667,0.0,0.9,1.0,0.06666666666666667,1,15,1.0,0.06666666666666667,0.9333333333333333,1.0,1.0,0.0,0.9333333333333333,1.0,0.06666666666666667,1,15
rel:9,relation_dossiers,rel:9|cond=rel:9:finance:anchor,rel:9:finance:anchor,conditioned,80,15,rel:9|conditioned|w80|rel:9|cond=rel:9:finance:anchor,74,0.925,False,2,False,1.0,0.13333333333333333,0.8666666666666667,1.0,0.9333333333333333,0.0,0.8,1.0,0.14285714285714285,1,14,1.0,0.13333333333333333,0.8666666666666667,1.0,0.9666666666666667,0.0,0.8333333333333334,1.0,0.13333333333333333,1,15,1.0,0.13333333333333333,0.8666666666666667,1.0,1.0,0.0,0.8666666666666667,1.0,0.13333333333333333,1,15
rel:9,relation_dossiers,rel:9|cond=rel:9:finance:anchor,rel:9:finance:anchor,conditioned,160,15,rel:9|conditioned|w160|rel:9|cond=rel:9:finance:anchor,144,0.9,False,2,False,1.0,0.26666666666666666,0.7333333333333334,1.0,0.9333333333333333,0.0,0.6666666666666667,1.0,0.2857142857142857,1,14,1.0,0.26666666666666666,0.7333333333333334,1.0,0.9666666666666667,0.0,0.7,1.0,0.26666666666666666,1,15,1.0,0.26666666666666666,0.7333333333333334,1.0,1.0,0.0,0.7333333333333334,1.0,0.26666666666666666,1,15
rel:9,relation_dossiers,rel:9|cond=rel:9:finance:anchor,rel:9:finance:anchor,generic,20,15,rel:9|generic|w20|-,18,0.9,False,1,True,0.0,0.13333333333333333,-0.13333333333333333,1.0,0.9333333333333333,1.0,0.8,0.0,0.14285714285714285,1,14,0.0,0.21666666666666667,-0.21666666666666667,1.0,0.9666666666666667,1.0,0.75,0.0,0.21666666666666667,1,15,0.0,0.13333333333333333,-0.13333333333333333,1.0,1.0,1.0,0.8666666666666667,0.0,0.13333333333333333,1,15
rel:9,relation_dossiers,rel:9|cond=rel:9:finance:anchor,rel:9:finance:anchor,generic,40,15,rel:9|generic|w40|-,35,0.875,False,2,True,0.0,0.13333333333333333,-0.13333333333333333,1.0,0.9333333333333333,1.0,0.8,0.0,0.14285714285714285,1,14,0.0,0.2057142857142857,-0.2057142857142857,1.0,0.9666666666666667,1.0,0.7609523809523809,0.0,0.2057142857142857,1,15,0.0,0.2,-0.2,1.0,1.0,1.0,0.8,0.0,0.2,1,15
rel:9,relation_dossiers,rel:9|cond=rel:9:finance:anchor,rel:9:finance:anchor,generic,80,15,rel:9|generic|w80|-,71,0.8875,False,2,True,1.0,0.26666666666666666,0.7333333333333334,1.0,0.9333333333333333,0.0,0.6666666666666667,1.0,0.2857142857142857,1,14,1.0,0.35333333333333333,0.6466666666666667,1.0,0.9666666666666667,0.0,0.6133333333333333,1.0,0.35333333333333333,1,15,1.0,0.4,0.6,1.0,1.0,0.0,0.6,1.0,0.4,1,15
rel:9,relation_dossiers,rel:9|cond=rel:9:finance:anchor,rel:9:finance:anchor,generic,160,15,rel:9|generic|w160|-,142,0.8875,False,2,True,1.0,0.5333333333333333,0.4666666666666667,1.0,0.9333333333333333,0.0,0.4,1.0,0.5714285714285714,1,14,1.0,0.5666666666666667,0.43333333333333335,1.0,0.9666666666666667,0.0,0.4,1.0,0.5666666666666667,1,15,1.0,0.6,0.4,1.0,1.0,0.0,0.4,1.0,0.6,1,15
rel:9,relation_dossiers,rel:9|cond=rel:9:finance:anchor,rel:9:finance:anchor,oracle,20,15,rel:9|oracle|w20|-,18,0.9,False,2,True,0.0,0.06666666666666667,-0.06666666666666667,1.0,0.9333333333333333,1.0,0.8666666666666667,0.0,0.07142857142857142,1,14,0.0,0.15333333333333332,-0.15333333333333332,1.0,0.9666666666666667,1.0,0.8133333333333334,0.0,0.15333333333333332,1,15,0.0,0.13333333333333333,-0.13333333333333333,1.0,1.0,1.0,0.8666666666666667,0.0,0.13333333333333333,1,15
rel:9,relation_dossiers,rel:9|cond=rel:9:finance:anchor,rel:9:finance:anchor,oracle,40,15,rel:9|oracle|w40|-,38,0.95,False,2,True,0.0,0.3333333333333333,-0.3333333333333333,1.0,0.9333333333333333,1.0,0.6000000000000001,0.0,0.35714285714285715,1,14,0.0,0.3333333333333333,-0.3333333333333333,1.0,0.9666666666666667,1.0,0.6333333333333333,0.0,0.3333333333333333,1,15,0.0,0.3333333333333333,-0.3333333333333333,1.0,1.0,1.0,0.6666666666666667,0.0,0.3333333333333333,1,15
rel:9,relation_dossiers,rel:9|cond=rel:9:finance:anchor,rel:9:finance:anchor,oracle,80,15,rel:9|oracle|w80|-,73,0.9125,False,1,True,0.0,0.26666666666666666,-0.26666666666666666,1.0,0.9333333333333333,1.0,0.6666666666666667,0.0,0.2857142857142857,1,14,0.0,0.38666666666666666,-0.38666666666666666,1.0,0.9666666666666667,1.0,0.5800000000000001,0.0,0.38666666666666666,1,15,0.0,0.4,-0.4,1.0,1.0,1.0,0.6,0.0,0.4,1,15
rel:9,relation_dossiers,rel:9|cond=rel:9:finance:anchor,rel:9:finance:anchor,oracle,160,15,rel:9|oracle|w160|-,140,0.875,False,1,True,1.0,0.5333333333333333,0.4666666666666667,1.0,0.9333333333333333,0.0,0.4,1.0,0.5714285714285714,1,14,1.0,0.6,0.4,1.0,0.9666666666666667,0.0,0.3666666666666667,1.0,0.6,1,15,1.0,0.6,0.4,1.0,1.0,0.0,0.4,1.0,0.6,1,15
rel:9,relation_dossiers,rel:9|cond=rel:9:finance:anchor,rel:9:finance:anchor,reusable,20,15,rel:9|reusable|w20|rel:9|cond=rel:9:finance:anchor,19,0.95,False,2,False,1.0,0.06666666666666667,0.9333333333333333,1.0,0.9333333333333333,0.0,0.8666666666666667,1.0,0.07142857142857142,1,14,1.0,0.1,0.9,1.0,0.9666666666666667,0.0,0.8666666666666667,1.0,0.1,1,15,1.0,0.06666666666666667,0.9333333333333333,1.0,1.0,0.0,0.9333333333333333,1.0,0.06666666666666667,1,15
rel:9,relation_dossiers,rel:9|cond=rel:9:finance:anchor,rel:9:finance:anchor,reusable,40,15,rel:9|reusable|w40|rel:9|cond=rel:9:finance:anchor,39,0.975,False,1,False,1.0,0.06666666666666667,0.9333333333333333,1.0,0.9333333333333333,0.0,0.8666666666666667,1.0,0.07142857142857142,1,14,1.0,0.06666666666666667,0.9333333333333333,1.0,0.9666666666666667,0.0,0.9,1.0,0.06666666666666667,1,15,1.0,0.06666666666666667,0.9333333333333333,1.0,1.0,0.0,0.9333333333333333,1.0,0.06666666666666667,1,15
rel:9,relation_dossiers,rel:9|cond=rel:9:finance:anchor,rel:9:finance:anchor,reusable,80,15,rel:9|reusable|w80|rel:9|cond=rel:9:finance:anchor,74,0.925,False,1,False,1.0,0.2,0.8,1.0,0.9333333333333333,0.0,0.7333333333333334,1.0,0.21428571428571427,1,14,1.0,0.2,0.8,1.0,0.9666666666666667,0.0,0.7666666666666666,1.0,0.2,1,15,1.0,0.2,0.8,1.0,1.0,0.0,0.8,1.0,0.2,1,15
rel:9,relation_dossiers,rel:9|cond=rel:9:finance:anchor,rel:9:finance:anchor,reusable,160,15,rel:9|reusable|w160|rel:9|cond=rel:9:finance:anchor,138,0.8625,False,1,False,1.0,0.26666666666666666,0.7333333333333334,1.0,0.9333333333333333,0.0,0.6666666666666667,1.0,0.2857142857142857,1,14,1.0,0.3,0.7,1.0,0.9666666666666667,0.0,0.6666666666666667,1.0,0.3,1,15,1.0,0.3333333333333333,0.6666666666666667,1.0,1.0,0.0,0.6666666666666667,1.0,0.3333333333333333,1,15
rel:9,relation_dossiers,rel:9|cond=rel:9:founding:anchor,rel:9:founding:anchor,conditioned,20,15,rel:9|conditioned|w20|rel:9|cond=rel:9:founding:anchor,18,0.9,False,2,False,1.0,0.0,1.0,1.0,0.9333333333333333,0.0,0.9333333333333333,1.0,0.0,1,14,1.0,0.05333333333333334,0.9466666666666667,1.0,0.9666666666666667,0.0,0.9133333333333333,1.0,0.05333333333333334,1,15,1.0,0.06666666666666667,0.9333333333333333,1.0,1.0,0.0,0.9333333333333333,1.0,0.06666666666666667,1,15
rel:9,relation_dossiers,rel:9|cond=rel:9:founding:anchor,rel:9:founding:anchor,conditioned,40,15,rel:9|conditioned|w40|rel:9|cond=rel:9:founding:anchor,40,1.0,False,1,False,1.0,0.06666666666666667,0.9333333333333333,1.0,0.9333333333333333,0.0,0.8666666666666667,1.0,0.07142857142857142,1,14,1.0,0.12000000000000001,0.88,1.0,0.9666666666666667,0.0,0.8466666666666667,1.0,0.12000000000000001,1,15,1.0,0.13333333333333333,0.8666666666666667,1.0,1.0,0.0,0.8666666666666667,1.0,0.13333333333333333,1,15
rel:9,relation_dossiers,rel:9|cond=rel:9:founding:anchor,rel:9:founding:anchor,conditioned,80,15,rel:9|conditioned|w80|rel:9|cond=rel:9:founding:anchor,73,0.9125,False,2,False,1.0,0.06666666666666667,0.9333333333333333,1.0,0.9333333333333333,0.0,0.8666666666666667,1.0,0.07142857142857142,1,14,1.0,0.12000000000000001,0.88,1.0,0.9666666666666667,0.0,0.8466666666666667,1.0,0.12000000000000001,1,15,1.0,0.13333333333333333,0.8666666666666667,1.0,1.0,0.0,0.8666666666666667,1.0,0.13333333333333333,1,15
rel:9,relation_dossiers,rel:9|cond=rel:9:founding:anchor,rel:9:founding:anchor,conditioned,160,15,rel:9|conditioned|w160|rel:9|cond=rel:9:founding:anchor,136,0.85,False,2,False,1.0,0.13333333333333333,0.8666666666666667,1.0,0.9333333333333333,0.0,0.8,1.0,0.14285714285714285,1,14,1.0,0.18666666666666665,0.8133333333333334,1.0,0.9666666666666667,0.0,0.78,1.0,0.18666666666666665,1,15,1.0,0.2,0.8,1.0,1.0,0.0,0.8,1.0,0.2,1,15
rel:9,relation_dossiers,rel:9|cond=rel:9:founding:anchor,rel:9:founding:anchor,generic,20,15,rel:9|generic|w20|-,18,0.9,False,1,True,0.0,0.13333333333333333,-0.13333333333333333,1.0,0.9333333333333333,1.0,0.8,0.0,0.14285714285714285,1,14,0.0,0.21666666666666667,-0.21666666666666667,1.0,0.9666666666666667,1.0,0.75,0.0,0.21666666666666667,1,15,0.0,0.13333333333333333,-0.13333333333333333,1.0,1.0,1.0,0.8666666666666667,0.0,0.13333333333333333,1,15
rel:9,relation_dossiers,rel:9|cond=rel:9:founding:anchor,rel:9:founding:anchor,generic,40,15,rel:9|generic|w40|-,35,0.875,False,2,True,1.0,0.06666666666666667,0.9333333333333333,1.0,0.9333333333333333,0.0,0.8666666666666667,1.0,0.07142857142857142,1,14,1.0,0.13904761904761906,0.8609523809523809,1.0,0.9666666666666667,0.0,0.8276190476190476,1.0,0.13904761904761906,1,15,1.0,0.13333333333333333,0.8666666666666667,1.0,1.0,0.0,0.8666666666666667,1.0,0.13333333333333333,1,15
rel:9,relation_dossiers,rel:9|cond=rel:9:founding:anchor,rel:9:founding:anchor,generic,80,15,rel:9|generic|w80|-,71,0.8875,False,2,True,1.0,0.26666666666666666,0.7333333333333334,1.0,0.9333333333333333,0.0,0.6666666666666667,1.0,0.2857142857142857,1,14,1.0,0.35333333333333333,0.6466666666666667,1.0,0.9666666666666667,0.0,0.6133333333333333,1.0,0.35333333333333333,1,15,1.0,0.4,0.6,1.0,1.0,0.0,0.6,1.0,0.4,1,15
rel:9,relation_dossiers,rel:9|cond=rel:9:founding:anchor,rel:9:founding:anchor,generic,160,15,rel:9|generic|w160|-,142,0.8875,False,2,True,1.0,0.5333333333333333,0.4666666666666667,1.0,0.9333333333333333,0.0,0.4,1.0,0.5714285714285714,1,14,1.0,0.5666666666666667,0.43333333333333335,1.0,0.9666666666666667,0.0,0.4,1.0,0.5666666666666667,1,15,1.0,0.6,0.4,1.0,1.0,0.0,0.4,1.0,0.6,1,15
rel:9,relation_dossiers,rel:9|cond=rel:9:founding:anchor,rel:9:founding:anchor,oracle,20,15,rel:9|oracle|w20|-,18,0.9,False,2,True,1.0,0.0,1.0,1.0,0.9333333333333333,0.0,0.9333333333333333,1.0,0.0,1,14,1.0,0.08666666666666667,0.9133333333333333,1.0,0.9666666666666667,0.0,0.88,1.0,0.08666666666666667,1,15,1.0,0.06666666666666667,0.9333333333333333,1.0,1.0,0.0,0.9333333333333333,1.0,0.06666666666666667,1,15
rel:9,relation_dossiers,rel:9|cond=rel:9:founding:anchor,rel:9:founding:anchor,oracle,40,15,rel:9|oracle|w40|-,38,0.95,False,2,True,1.0,0.26666666666666666,0.7333333333333334,1.0,0.9333333333333333,0.0,0.6666666666666667,1.0,0.2857142857142857,1,14,1.0,0.26666666666666666,0.7333333333333334,1.0,0.9666666666666667,0.0,0.7,1.0,0.26666666666666666,1,15,1.0,0.26666666666666666,0.7333333333333334,1.0,1.0,0.0,0.7333333333333334,1.0,0.26666666666666666,1,15
rel:9,relation_dossiers,rel:9|cond=rel:9:founding:anchor,rel:9:founding:anchor,oracle,80,15,rel:9|oracle|w80|-,73,0.9125,False,1,True,1.0,0.2,0.8,1.0,0.9333333333333333,0.0,0.7333333333333334,1.0,0.21428571428571427,1,14,1.0,0.32,0.6799999999999999,1.0,0.9666666666666667,0.0,0.6466666666666667,1.0,0.32,1,15,1.0,0.3333333333333333,0.6666666666666667,1.0,1.0,0.0,0.6666666666666667,1.0,0.3333333333333333,1,15
rel:9,relation_dossiers,rel:9|cond=rel:9:founding:anchor,rel:9:founding:anchor,oracle,160,15,rel:9|oracle|w160|-,140,0.875,False,1,True,1.0,0.5333333333333333,0.4666666666666667,1.0,0.9333333333333333,0.0,0.4,1.0,0.5714285714285714,1,14,1.0,0.6,0.4,1.0,0.9666666666666667,0.0,0.3666666666666667,1.0,0.6,1,15,1.0,0.6,0.4,1.0,1.0,0.0,0.4,1.0,0.6,1,15
rel:9,relation_dossiers,rel:9|cond=rel:9:founding:anchor,rel:9:founding:anchor,reusable,20,15,rel:9|reusable|w20|rel:9|cond=rel:9:founding:anchor,20,1.0,True,4,False,1.0,0.0,1.0,1.0,0.9333333333333333,0.0,0.9333333333333333,1.0,0.0,1,14,1.0,0.08666666666666667,0.9133333333333333,1.0,0.9666666666666667,0.0,0.88,1.0,0.08666666666666667,1,15,1.0,0.06666666666666667,0.9333333333333333,1.0,1.0,0.0,0.9333333333333333,1.0,0.06666666666666667,1,15
rel:9,relation_dossiers,rel:9|cond=rel:9:founding:anchor,rel:9:founding:anchor,reusable,40,15,rel:9|reusable|w40|rel:9|cond=rel:9:founding:anchor,37,0.925,False,1,False,1.0,0.06666666666666667,0.9333333333333333,1.0,0.9333333333333333,0.0,0.8666666666666667,1.0,0.07142857142857142,1,14,1.0,0.12000000000000001,0.88,1.0,0.9666666666666667,0.0,0.8466666666666667,1.0,0.12000000000000001,1,15,1.0,0.13333333333333333,0.8666666666666667,1.0,1.0,0.0,0.8666666666666667,1.0,0.13333333333333333,1,15
rel:9,relation_dossiers,rel:9|cond=rel:9:founding:anchor,rel:9:founding:anchor,reusable,80,15,rel:9|reusable|w80|rel:9|cond=rel:9:founding:anchor,73,0.9125,False,2,False,1.0,0.26666666666666666,0.7333333333333334,1.0,0.9333333333333333,0.0,0.6666666666666667,1.0,0.2857142857142857,1,14,1.0,0.3,0.7,1.0,0.9666666666666667,0.0,0.6666666666666667,1.0,0.3,1,15,1.0,0.3333333333333333,0.6666666666666667,1.0,1.0,0.0,0.6666666666666667,1.0,0.3333333333333333,1,15
rel:9,relation_dossiers,rel:9|cond=rel:9:founding:anchor,rel:9:founding:anchor,reusable,160,15,rel:9|reusable|w160|rel:9|cond=rel:9:founding:anchor,138,0.8625,False,1,False,1.0,0.3333333333333333,0.6666666666666667,1.0,0.9333333333333333,0.0,0.6000000000000001,1.0,0.35714285714285715,1,14,1.0,0.38666666666666666,0.6133333333333333,1.0,0.9666666666666667,0.0,0.5800000000000001,1.0,0.38666666666666666,1,15,1.0,0.4,0.6,1.0,1.0,0.0,0.6,1.0,0.4,1,15
