context_id,rotation_id,policy,family,budget_words,tv_mismatch,js_mismatch,p_hat_entropy,retrieval_k,c_context,n_keep,n_compress,n_pointer,n_externalize,n_discard,retrieval_calls,retrieval_rate,c_retrieval,n_eval,now_em,future_em,gap_em,now_f1,future_f1,gap_f1,now_judge_correct,future_judge_correct,gap_judge_correct
rel:11,rel:11|cond=rel:11:custom:anchor,blind,blind,40,,,,0,17,0,1,0,0,16,0,0.0,0.0,16,1.0,0.0,1.0,1.0,0.022222222222222227,0.9777777777777777,1.0,0.03333333333333334,0.9666666666666667
rel:11,rel:11|cond=rel:11:custom:anchor,blind,blind,80,,,,0,72,0,5,0,0,12,0,0.0,0.0,16,1.0,0.6416666666666666,0.3583333333333334,1.0,0.6666666666666666,0.33333333333333337,1.0,0.6916666666666667,0.30833333333333335
rel:11,rel:11|cond=rel:11:custom:anchor,oracle_exact,oracle_exact,40,,,,0,31,0,2,0,0,15,0,0.0,0.0,16,1.0,0.5583333333333332,0.44166666666666676,1.0,0.5708333333333333,0.4291666666666667,1.0,0.5583333333333332,0.44166666666666676
rel:11,rel:11|cond=rel:11:custom:anchor,oracle_exact,oracle_exact,80,,,,0,44,1,1,0,0,15,0,0.0,0.0,16,1.0,0.5583333333333332,0.44166666666666676,1.0,0.5708333333333333,0.4291666666666667,1.0,0.5583333333333332,0.44166666666666676
rel:11,rel:11|cond=rel:11:custom:anchor,pointer__sigma0p5,pointer,40,0.45,0.1788510987426215,0.7183332409583436,2,37,0,1,4,12,0,16,1.0,54.625,16,1.0,0.7749999999999999,0.2250000000000001,1.0,0.7999999999999999,0.20000000000000007,1.0,0.825,0.17500000000000004
rel:11,rel:11|cond=rel:11:custom:anchor,pointer__sigma0p5,pointer,80,0.45,0.1788510987426215,0.7183332409583436,2,67,0,1,10,6,0,16,1.0,54.625,16,1.0,0.7749999999999999,0.2250000000000001,1.0,0.7999999999999999,0.20000000000000007,1.0,0.825,0.17500000000000004
rel:11,rel:11|cond=rel:11:custom:anchor,pointer__sigma1,pointer,40,0.9,0.7582766571931676,0.0,2,32,0,1,3,13,0,16,1.0,54.625,16,1.0,0.7749999999999999,0.2250000000000001,1.0,0.7999999999999999,0.20000000000000007,1.0,0.825,0.17500000000000004
rel:11,rel:11|cond=rel:11:custom:anchor,pointer__sigma1,pointer,80,0.9,0.7582766571931676,0.0,2,32,0,1,3,13,0,16,1.0,54.625,16,1.0,0.7749999999999999,0.2250000000000001,1.0,0.7999999999999999,0.20000000000000007,1.0,0.825,0.17500000000000004
rel:11,rel:11|cond=rel:11:custom:anchor,pointer__tau0p5,pointer,40,0.22499999999999998,0.03805118115463712,0.9151505959607085,2,37,0,1,4,12,0,16,1.0,54.625,16,1.0,0.7749999999999999,0.2250000000000001,1.0,0.7999999999999999,0.20000000000000007,1.0,0.825,0.17500000000000004
rel:11,rel:11|cond=rel:11:custom:anchor,pointer__tau0p5,pointer,80,0.22499999999999998,0.03805118115463712,0.9151505959607085,2,67,0,1,10,6,0,16,1.0,54.625,16,1.0,0.7749999999999999,0.2250000000000001,1.0,0.7999999999999999,0.20000000000000007,1.0,0.825,0.17500000000000004
rel:11,rel:11|cond=rel:11:custom:anchor,pointer__tau0,pointer,40,0.0,0.0,0.6783898247235198,2,37,0,1,4,12,0,16,1.0,54.625,16,1.0,0.7749999999999999,0.2250000000000001,1.0,0.7999999999999999,0.20000000000000007,1.0,0.825,0.17500000000000004
rel:11,rel:11|cond=rel:11:custom:anchor,pointer__tau0,pointer,80,0.0,0.0,0.6783898247235198,2,67,0,1,10,6,0,16,1.0,54.625,16,1.0,0.7749999999999999,0.2250000000000001,1.0,0.7999999999999999,0.20000000000000007,1.0,0.825,0.17500000000000004
rel:11,rel:11|cond=rel:11:custom:anchor,pointer__tau1,pointer,40,0.44999999999999996,0.15191136719789716,1.0,2,37,0,1,4,12,0,16,1.0,54.625,16,1.0,0.7749999999999999,0.2250000000000001,1.0,0.7999999999999999,0.20000000000000007,1.0,0.825,0.17500000000000004
rel:11,rel:11|cond=rel:11:custom:anchor,pointer__tau1,pointer,80,0.44999999999999996,0.15191136719789716,1.0,2,67,0,1,10,6,0,16,1.0,54.625,16,1.0,0.7749999999999999,0.2250000000000001,1.0,0.7999999999999999,0.20000000000000007,1.0,0.825,0.17500000000000004
rel:11,rel:11|cond=rel:11:custom:anchor,preserve__sigma0p5,preserve,40,0.45,0.1788510987426215,0.7183332409583436,0,30,0,2,0,0,15,0,0.0,0.0,16,0.0,0.025000000000000005,-0.025000000000000005,0.0,0.05034722222222223,-0.05034722222222223,0.0,0.05833333333333335,-0.05833333333333335
rel:11,rel:11|cond=rel:11:custom:anchor,preserve__sigma0p5,preserve,80,0.45,0.1788510987426215,0.7183332409583436,0,60,1,2,0,0,14,0,0.0,0.0,16,1.0,0.5583333333333332,0.44166666666666676,1.0,0.5833333333333333,0.41666666666666674,1.0,0.6083333333333333,0.3916666666666667
rel:11,rel:11|cond=rel:11:custom:anchor,preserve__sigma1,preserve,40,0.9,0.7582766571931676,0.0,0,31,0,2,0,0,15,0,0.0,0.0,16,0.0,0.03333333333333334,-0.03333333333333334,0.8,0.05833333333333335,0.7416666666666667,1.0,0.08333333333333334,0.9166666666666666
rel:11,rel:11|cond=rel:11:custom:anchor,preserve__sigma1,preserve,80,0.9,0.7582766571931676,0.0,0,72,2,1,0,0,14,0,0.0,0.0,16,1.0,0.05833333333333335,0.9416666666666667,1.0,0.08333333333333334,0.9166666666666666,1.0,0.10833333333333335,0.8916666666666666
rel:11,rel:11|cond=rel:11:custom:anchor,preserve__tau0p5,preserve,40,0.22499999999999998,0.03805118115463712,0.9151505959607085,0,17,0,1,0,0,16,0,0.0,0.0,16,1.0,0.0,1.0,1.0,0.022222222222222227,0.9777777777777777,1.0,0.03333333333333334,0.9666666666666667
rel:11,rel:11|cond=rel:11:custom:anchor,preserve__tau0p5,preserve,80,0.22499999999999998,0.03805118115463712,0.9151505959607085,0,54,1,2,0,0,14,0,0.0,0.0,16,1.0,0.5833333333333333,0.41666666666666674,1.0,0.5833333333333333,0.41666666666666674,1.0,0.5833333333333333,0.41666666666666674
rel:11,rel:11|cond=rel:11:custom:anchor,preserve__tau0,preserve,40,0.0,0.0,0.6783898247235198,0,31,0,2,0,0,15,0,0.0,0.0,16,1.0,0.5583333333333332,0.44166666666666676,1.0,0.5708333333333333,0.4291666666666667,1.0,0.5583333333333332,0.44166666666666676
rel:11,rel:11|cond=rel:11:custom:anchor,preserve__tau0,preserve,80,0.0,0.0,0.6783898247235198,0,59,1,2,0,0,14,0,0.0,0.0,16,1.0,0.7333333333333333,0.2666666666666667,1.0,0.7433333333333333,0.2566666666666667,1.0,0.7333333333333333,0.2666666666666667
rel:11,rel:11|cond=rel:11:custom:anchor,preserve__tau1,preserve,40,0.44999999999999996,0.15191136719789716,1.0,0,17,0,1,0,0,16,0,0.0,0.0,16,1.0,0.0,1.0,1.0,0.022222222222222227,0.9777777777777777,1.0,0.03333333333333334,0.9666666666666667
rel:11,rel:11|cond=rel:11:custom:anchor,preserve__tau1,preserve,80,0.44999999999999996,0.15191136719789716,1.0,0,72,0,5,0,0,12,0,0.0,0.0,16,1.0,0.6416666666666666,0.3583333333333334,1.0,0.6666666666666666,0.33333333333333337,1.0,0.6916666666666667,0.30833333333333335
rel:11,rel:11|cond=rel:11:custom:anchor,retrieval_only,retrieval_only,40,,,,2,17,0,1,0,16,0,16,1.0,54.625,16,1.0,0.7416666666666666,0.2583333333333334,1.0,0.7888888888888889,0.21111111111111114,1.0,0.825,0.17500000000000004
rel:11,rel:11|cond=rel:11:custom:anchor,retrieval_only,retrieval_only,80,,,,2,17,0,1,0,16,0,16,1.0,54.625,16,1.0,0.7416666666666666,0.2583333333333334,1.0,0.7888888888888889,0.21111111111111114,1.0,0.825,0.17500000000000004
rel:11,rel:11|cond=rel:11:custom:anchor,static_conditioned,static_conditioned,40,,,,0,17,0,1,0,0,16,0,0.0,0.0,16,1.0,0.0,1.0,1.0,0.022222222222222227,0.9777777777777777,1.0,0.03333333333333334,0.9666666666666667
rel:11,rel:11|cond=rel:11:custom:anchor,static_conditioned,static_conditioned,80,,,,0,17,0,1,0,0,16,0,0.0,0.0,16,1.0,0.0,1.0,1.0,0.022222222222222227,0.9777777777777777,1.0,0.03333333333333334,0.9666666666666667
rel:11,rel:11|cond=rel:11:custom:anchor,uncertainty_aware__tau0,uncertainty_aware,40,0.0,0.0,0.6783898247235198,0,31,0,2,0,0,15,0,0.0,0.0,16,1.0,0.5583333333333332,0.44166666666666676,1.0,0.5708333333333333,0.4291666666666667,1.0,0.5583333333333332,0.44166666666666676
rel:11,rel:11|cond=rel:11:custom:anchor,uncertainty_aware__tau0,uncertainty_aware,80,0.0,0.0,0.6783898247235198,0,59,1,2,0,0,14,0,0.0,0.0,16,1.0,0.7333333333333333,0.2666666666666667,1.0,0.7433333333333333,0.2566666666666667,1.0,0.7333333333333333,0.2666666666666667
rel:11,rel:11|cond=rel:11:custom:anchor,uncertainty_aware__tau1,uncertainty_aware,40,0.44999999999999996,0.15191136719789716,1.0,2,17,0,1,0,16,0,16,1.0,54.625,16,1.0,0.7416666666666666,0.2583333333333334,1.0,0.7888888888888889,0.21111111111111114,1.0,0.825,0.17500000000000004
rel:11,rel:11|cond=rel:11:custom:anchor,uncertainty_aware__tau1,uncertainty_aware,80,0.44999999999999996,0.15191136719789716,1.0,2,17,0,1,0,16,0,16,1.0,54.625,16,1.0,0.7416666666666666,0.2583333333333334,1.0,0.7888888888888889,0.21111111111111114,1.0,0.825,0.17500000000000004
rel:11,rel:11|cond=rel:11:facilities:anchor,blind,blind,40,,,,0,14,0,1,0,0,16,0,0.0,0.0,16,0.0,0.0,0.0,0.5,0.10416666666666666,0.39583333333333337,1.0,0.03333333333333334,0.9666666666666667
rel:11,rel:11|cond=rel:11:facilities:anchor,blind,blind,80,,,,0,66,1,3,0,0,13,0,0.0,0.0,16,0.0,0.4083333333333333,-0.4083333333333333,0.5,0.425,0.07500000000000001,1.0,0.44166666666666665,0.5583333333333333
rel:11,rel:11|cond=rel:11:facilities:anchor,oracle_exact,oracle_exact,40,,,,0,26,0,2,0,0,15,0,0.0,0.0,16,0.0,0.35,-0.35,0.5,0.425,0.07500000000000001,1.0,0.3833333333333333,0.6166666666666667
rel:11,rel:11|cond=rel:11:facilities:anchor,oracle_exact,oracle_exact,80,,,,0,56,2,0,0,0,15,0,0.0,0.0,16,0.0,0.35,-0.35,0.5,0.425,0.07500000000000001,1.0,0.3833333333333333,0.6166666666666667
rel:11,rel:11|cond=rel:11:facilities:anchor,pointer__sigma0p5,pointer,40,0.45,0.1788510987426215,0.7183332409583436,2,39,0,1,5,11,0,16,1.0,57.125,16,0.0,0.9416666666666667,-0.9416666666666667,0.5,0.9583333333333334,-0.45833333333333337,1.0,0.975,0.025000000000000022
rel:11,rel:11|cond=rel:11:facilities:anchor,pointer__sigma0p5,pointer,80,0.45,0.1788510987426215,0.7183332409583436,2,79,1,0,10,6,0,16,1.0,57.125,16,0.0,0.9416666666666667,-0.9416666666666667,0.5,0.9583333333333334,-0.45833333333333337,1.0,0.975,0.025000000000000022
rel:11,rel:11|cond=rel:11:facilities:anchor,pointer__sigma1,pointer,40,0.9,0.7582766571931676,0.0,2,24,0,1,2,14,0,16,1.0,57.125,16,0.0,0.9416666666666667,-0.9416666666666667,0.5,0.9583333333333334,-0.45833333333333337,1.0,0.975,0.025000000000000022
rel:11,rel:11|cond=rel:11:facilities:anchor,pointer__sigma1,pointer,80,0.9,0.7582766571931676,0.0,2,39,1,0,2,14,0,16,1.0,57.125,16,0.0,0.9416666666666667,-0.9416666666666667,0.5,0.9583333333333334,-0.45833333333333337,1.0,0.975,0.025000000000000022
rel:11,rel:11|cond=rel:11:facilities:anchor,pointer__tau0p5,pointer,40,0.22499999999999998,0.038051181154637126,0.9151505959607085,2,39,0,1,5,11,0,16,1.0,57.125,16,0.0,0.9416666666666667,-0.9416666666666667,0.5,0.9583333333333334,-0.45833333333333337,1.0,0.975,0.025000000000000022
rel:11,rel:11|cond=rel:11:facilities:anchor,pointer__tau0p5,pointer,80,0.22499999999999998,0.038051181154637126,0.9151505959607085,2,79,1,0,10,6,0,16,1.0,57.125,16,0.0,0.9416666666666667,-0.9416666666666667,0.5,0.9583333333333334,-0.45833333333333337,1.0,0.975,0.025000000000000022
rel:11,rel:11|cond=rel:11:facilities:anchor,pointer__tau0,pointer,40,0.0,0.0,0.6783898247235198,2,39,0,1,5,11,0,16,1.0,57.125,16,0.0,0.9416666666666667,-0.9416666666666667,0.5,0.9583333333333334,-0.45833333333333337,1.0,0.975,0.025000000000000022
rel:11,rel:11|cond=rel:11:facilities:anchor,pointer__tau0,pointer,80,0.0,0.0,0.6783898247235198,2,79,1,0,10,6,0,16,1.0,57.125,16,0.0,0.9416666666666667,-0.9416666666666667,0.5,0.9583333333333334,-0.45833333333333337,1.0,0.975,0.025000000000000022
rel:11,rel:11|cond=rel:11:facilities:anchor,pointer__tau1,pointer,40,0.44999999999999996,0.1519113671978972,1.0,2,39,0,1,5,11,0,16,1.0,57.125,16,0.0,0.9416666666666667,-0.9416666666666667,0.5,0.9583333333333334,-0.45833333333333337,1.0,0.975,0.025000000000000022
rel:11,rel:11|cond=rel:11:facilities:anchor,pointer__tau1,pointer,80,0.44999999999999996,0.1519113671978972,1.0,2,79,1,0,10,6,0,16,1.0,57.125,16,0.0,0.9416666666666667,-0.9416666666666667,0.5,0.9583333333333334,-0.45833333333333337,1.0,0.975,0.025000000000000022
rel:11,rel:11|cond=rel:11:facilities:anchor,preserve__sigma0p5,preserve,40,0.45,0.1788510987426215,0.7183332409583436,0,28,0,2,0,0,15,0,0.0,0.0,16,0.0,0.07500000000000001,-0.07500000000000001,0.5,0.09166666666666667,0.4083333333333333,1.0,0.10833333333333335,0.8916666666666666
rel:11,rel:11|cond=rel:11:facilities:anchor,preserve__sigma0p5,preserve,80,0.45,0.1788510987426215,0.7183332409583436,0,68,2,1,0,0,14,0,0.0,0.0,16,0.0,0.425,-0.425,0.5,0.5,0.0,1.0,0.4583333333333333,0.5416666666666667
rel:11,rel:11|cond=rel:11:facilities:anchor,preserve__sigma1,preserve,40,0.9,0.7582766571931676,0.0,0,28,0,2,0,0,15,0,0.0,0.0,16,0.0,0.07500000000000001,-0.07500000000000001,0.5,0.09166666666666667,0.4083333333333333,1.0,0.10833333333333335,0.8916666666666666
rel:11,rel:11|cond=rel:11:facilities:anchor,preserve__sigma1,preserve,80,0.9,0.7582766571931676,0.0,0,71,2,1,0,0,14,0,0.0,0.0,16,0.0,0.10000000000000002,-0.10000000000000002,0.5,0.1166666666666667,0.3833333333333333,1.0,0.13333333333333336,0.8666666666666667
rel:11,rel:11|cond=rel:11:facilities:anchor,preserve__tau0p5,preserve,40,0.22499999999999998,0.038051181154637126,0.9151505959607085,0,26,0,2,0,0,15,0,0.0,0.0,16,0.0,0.35,-0.35,0.5,0.425,0.07500000000000001,1.0,0.3833333333333333,0.6166666666666667
rel:11,rel:11|cond=rel:11:facilities:anchor,preserve__tau0p5,preserve,80,0.22499999999999998,0.038051181154637126,0.9151505959607085,0,51,1,2,0,0,14,0,0.0,0.0,16,0.0,0.5249999999999999,-0.5249999999999999,0.5,0.6000000000000001,-0.10000000000000009,1.0,0.5583333333333332,0.44166666666666676
rel:11,rel:11|cond=rel:11:facilities:anchor,preserve__tau0,preserve,40,0.0,0.0,0.6783898247235198,0,26,0,2,0,0,15,0,0.0,0.0,16,0.0,0.35,-0.35,0.5,0.425,0.07500000000000001,1.0,0.3833333333333333,0.6166666666666667
rel:11,rel:11|cond=rel:11:facilities:anchor,preserve__tau0,preserve,80,0.0,0.0,0.6783898247235198,0,56,2,0,0,0,15,0,0.0,0.0,16,0.0,0.35,-0.35,0.5,0.425,0.07500000000000001,1.0,0.3833333333333333,0.6166666666666667
rel:11,rel:11|cond=rel:11:facilities:anchor,preserve__tau1,preserve,40,0.44999999999999996,0.1519113671978972,1.0,0,14,0,1,0,0,16,0,0.0,0.0,16,0.0,0.0,0.0,0.5,0.10416666666666666,0.39583333333333337,1.0,0.03333333333333334,0.9666666666666667
rel:11,rel:11|cond=rel:11:facilities:anchor,preserve__tau1,preserve,80,0.44999999999999996,0.1519113671978972,1.0,0,66,1,3,0,0,13,0,0.0,0.0,16,0.0,0.4083333333333333,-0.4083333333333333,0.5,0.425,0.07500000000000001,1.0,0.44166666666666665,0.5583333333333333
rel:11,rel:11|cond=rel:11:facilities:anchor,retrieval_only,retrieval_only,40,,,,2,14,0,1,0,16,0,16,1.0,57.125,16,0.0,0.9416666666666667,-0.9416666666666667,0.5,0.9583333333333334,-0.45833333333333337,1.0,0.975,0.025000000000000022
rel:11,rel:11|cond=rel:11:facilities:anchor,retrieval_only,retrieval_only,80,,,,2,29,1,0,0,16,0,16,1.0,57.125,16,0.0,0.9416666666666667,-0.9416666666666667,0.5,0.9583333333333334,-0.45833333333333337,1.0,0.975,0.025000000000000022
rel:11,rel:11|cond=rel:11:facilities:anchor,static_conditioned,static_conditioned,40,,,,0,14,0,1,0,0,16,0,0.0,0.0,16,0.0,0.0,0.0,0.5,0.10416666666666666,0.39583333333333337,1.0,0.03333333333333334,0.9666666666666667
rel:11,rel:11|cond=rel:11:facilities:anchor,static_conditioned,static_conditioned,80,,,,0,29,1,0,0,0,16,0,0.0,0.0,16,0.0,0.0,0.0,0.5,0.10416666666666666,0.39583333333333337,1.0,0.03333333333333334,0.9666666666666667
rel:11,rel:11|cond=rel:11:facilities:anchor,uncertainty_aware__tau0,uncertainty_aware,40,0.0,0.0,0.6783898247235198,0,26,0,2,0,0,15,0,0.0,0.0,16,0.0,0.35,-0.35,0.5,0.425,0.07500000000000001,1.0,0.3833333333333333,0.6166666666666667
rel:11,rel:11|cond=rel:11:facilities:anchor,uncertainty_aware__tau0,uncertainty_aware,80,0.0,0.0,0.6783898247235198,0,56,2,0,0,0,15,0,0.0,0.0,16,0.0,0.35,-0.35,0.5,0.425,0.07500000000000001,1.0,0.3833333333333333,0.6166666666666667
rel:11,rel:11|cond=rel:11:facilities:anchor,uncertainty_aware__tau1,uncertainty_aware,40,0.44999999999999996,0.1519113671978972,1.0,2,14,0,1,0,16,0,16,1.0,57.125,16,0.0,0.9416666666666667,-0.9416666666666667,0.5,0.9583333333333334,-0.45833333333333337,1.0,0.975,0.025000000000000022
rel:11,rel:11|cond=rel:11:facilities:anchor,uncertainty_aware__tau1,uncertainty_aware,80,0.44999999999999996,0.1519113671978972,1.0,2,29,1,0,0,16,0,16,1.0,57.125,16,0.0,0.9416666666666667,-0.9416666666666667,0.5,0.9583333333333334,-0.45833333333333337,1.0,0.975,0.025000000000000022
rel:11,rel:11|cond=rel:11:finance:anchor,blind,blind,40,,,,0,12,0,1,0,0,16,0,0.0,0.0,16,1.0,0.03333333333333334,0.9666666666666667,1.0,0.04444444444444445,0.9555555555555555,1.0,0.03333333333333334,0.9666666666666667
rel:11,rel:11|cond=rel:11:finance:anchor,blind,blind,80,,,,0,62,1,3,0,0,13,0,0.0,0.0,16,1.0,0.26666666666666666,0.7333333333333334,1.0,0.26666666666666666,0.7333333333333334,1.0,0.26666666666666666,0.7333333333333334
rel:11,rel:11|cond=rel:11:finance:anchor,oracle_exact,oracle_exact,40,,,,0,29,0,2,0,0,15,0,0.0,0.0,16,1.0,0.3833333333333333,0.6166666666666667,1.0,0.39999999999999997,0.6000000000000001,1.0,0.3833333333333333,0.6166666666666667
rel:11,rel:11|cond=rel:11:finance:anchor,oracle_exact,oracle_exact,80,,,,0,68,2,0,0,0,15,0,0.0,0.0,16,1.0,0.3833333333333333,0.6166666666666667,1.0,0.3833333333333333,0.6166666666666667,1.0,0.3833333333333333,0.6166666666666667
rel:11,rel:11|cond=rel:11:finance:anchor,pointer__sigma0p5,pointer,40,0.45,0.1788510987426215,0.7183332409583437,2,37,0,1,5,11,0,16,1.0,57.125,16,1.0,0.925,0.07499999999999996,1.0,0.95,0.050000000000000044,1.0,0.975,0.025000000000000022
rel:11,rel:11|cond=rel:11:finance:anchor,pointer__sigma0p5,pointer,80,0.45,0.1788510987426215,0.7183332409583437,2,77,1,0,10,6,0,16,1.0,57.125,16,1.0,0.925,0.07499999999999996,1.0,0.95,0.050000000000000044,1.0,0.975,0.025000000000000022
rel:11,rel:11|cond=rel:11:finance:anchor,pointer__sigma1,pointer,40,0.9,0.7582766571931676,0.0,2,22,0,1,2,14,0,16,1.0,57.125,16,1.0,0.925,0.07499999999999996,1.0,0.95,0.050000000000000044,1.0,0.975,0.025000000000000022
rel:11,rel:11|cond=rel:11:finance:anchor,pointer__sigma1,pointer,80,0.9,0.7582766571931676,0.0,2,37,1,0,2,14,0,16,1.0,57.125,16,1.0,0.925,0.07499999999999996,1.0,0.95,0.050000000000000044,1.0,0.975,0.025000000000000022
rel:11,rel:11|cond=rel:11:finance:anchor,pointer__tau0p5,pointer,40,0.22499999999999998,0.038051181154637126,0.9151505959607087,2,37,0,1,5,11,0,16,1.0,57.125,16,1.0,0.925,0.07499999999999996,1.0,0.95,0.050000000000000044,1.0,0.975,0.025000000000000022
rel:11,rel:11|cond=rel:11:finance:anchor,pointer__tau0p5,pointer,80,0.22499999999999998,0.038051181154637126,0.9151505959607087,2,77,1,0,10,6,0,16,1.0,57.125,16,1.0,0.925,0.07499999999999996,1.0,0.95,0.050000000000000044,1.0,0.975,0.025000000000000022
rel:11,rel:11|cond=rel:11:finance:anchor,pointer__tau0,pointer,40,0.0,0.0,0.6783898247235198,2,37,0,1,5,11,0,16,1.0,57.125,16,1.0,0.925,0.07499999999999996,1.0,0.95,0.050000000000000044,1.0,0.975,0.025000000000000022
rel:11,rel:11|cond=rel:11:finance:anchor,pointer__tau0,pointer,80,0.0,0.0,0.6783898247235198,2,77,1,0,10,6,0,16,1.0,57.125,16,1.0,0.925,0.07499999999999996,1.0,0.95,0.050000000000000044,1.0,0.975,0.025000000000000022
rel:11,rel:11|cond=rel:11:finance:anchor,pointer__tau1,pointer,40,0.44999999999999996,0.1519113671978972,1.0,2,37,0,1,5,11,0,16,1.0,57.125,16,1.0,0.925,0.07499999999999996,1.0,0.95,0.050000000000000044,1.0,0.975,0.025000000000000022
rel:11,rel:11|cond=rel:11:finance:anchor,pointer__tau1,pointer,80,0.44999999999999996,0.1519113671978972,1.0,2,77,1,0,10,6,0,16,1.0,57.125,16,1.0,0.925,0.07499999999999996,1.0,0.95,0.050000000000000044,1.0,0.975,0.025000000000000022
rel:11,rel:11|cond=rel:11:finance:anchor,preserve__sigma0p5,preserve,40,0.45,0.1788510987426215,0.7183332409583437,0,26,0,2,0,0,15,0,0.0,0.0,16,1.0,0.10833333333333335,0.8916666666666666,1.0,0.1327777777777778,0.8672222222222222,1.0,0.10833333333333335,0.8916666666666666
rel:11,rel:11|cond=rel:11:finance:anchor,preserve__sigma0p5,preserve,80,0.45,0.1788510987426215,0.7183332409583437,0,71,2,1,0,0,14,0,0.0,0.0,16,1.0,0.4583333333333333,0.5416666666666667,1.0,0.4583333333333333,0.5416666666666667,1.0,0.4583333333333333,0.5416666666666667
rel:11,rel:11|cond=rel:11:finance:anchor,preserve__sigma1,preserve,40,0.9,0.7582766571931676,0.0,0,39,1,1,0,0,15,0,0.0,0.0,16,1.0,0.10833333333333335,0.8916666666666666,1.0,0.11944444444444446,0.8805555555555555,1.0,0.10833333333333335,0.8916666666666666
rel:11,rel:11|cond=rel:11:finance:anchor,preserve__sigma1,preserve,80,0.9,0.7582766571931676,0.0,0,69,2,1,0,0,14,0,0.0,0.0,16,1.0,0.13333333333333336,0.8666666666666667,1.0,0.13333333333333336,0.8666666666666667,1.0,0.13333333333333336,0.8666666666666667
rel:11,rel:11|cond=rel:11:finance:anchor,preserve__tau0p5,preserve,40,0.22499999999999998,0.038051181154637126,0.9151505959607087,0,24,0,2,0,0,15,0,0.0,0.0,16,1.0,0.20833333333333331,0.7916666666666667,1.0,0.2125,0.7875,1.0,0.20833333333333331,0.7916666666666667
rel:11,rel:11|cond=rel:11:finance:anchor,preserve__tau0p5,preserve,80,0.22499999999999998,0.038051181154637126,0.9151505959607087,0,44,1,1,0,0,15,0,0.0,0.0,16,1.0,0.3833333333333333,0.6166666666666667,1.0,0.39444444444444443,0.6055555555555556,1.0,0.3833333333333333,0.6166666666666667
rel:11,rel:11|cond=rel:11:finance:anchor,preserve__tau0,preserve,40,0.0,0.0,0.6783898247235198,0,29,0,2,0,0,15,0,0.0,0.0,16,1.0,0.3833333333333333,0.6166666666666667,1.0,0.39999999999999997,0.6000000000000001,1.0,0.3833333333333333,0.6166666666666667
rel:11,rel:11|cond=rel:11:finance:anchor,preserve__tau0,preserve,80,0.0,0.0,0.6783898247235198,0,59,1,2,0,0,14,0,0.0,0.0,16,1.0,0.5583333333333332,0.44166666666666676,1.0,0.5583333333333332,0.44166666666666676,1.0,0.5583333333333332,0.44166666666666676
rel:11,rel:11|cond=rel:11:finance:anchor,preserve__tau1,preserve,40,0.44999999999999996,0.1519113671978972,1.0,0,12,0,1,0,0,16,0,0.0,0.0,16,1.0,0.03333333333333334,0.9666666666666667,1.0,0.04444444444444445,0.9555555555555555,1.0,0.03333333333333334,0.9666666666666667
rel:11,rel:11|cond=rel:11:finance:anchor,preserve__tau1,preserve,80,0.44999999999999996,0.1519113671978972,1.0,0,62,1,3,0,0,13,0,0.0,0.0,16,1.0,0.26666666666666666,0.7333333333333334,1.0,0.26666666666666666,0.7333333333333334,1.0,0.26666666666666666,0.7333333333333334
rel:11,rel:11|cond=rel:11:finance:anchor,retrieval_only,retrieval_only,40,,,,2,12,0,1,0,16,0,16,1.0,57.125,16,1.0,0.8916666666666666,0.10833333333333339,1.0,0.9166666666666666,0.08333333333333337,1.0,0.9416666666666667,0.05833333333333335
rel:11,rel:11|cond=rel:11:finance:anchor,retrieval_only,retrieval_only,80,,,,2,27,1,0,0,16,0,16,1.0,57.125,16,1.0,0.925,0.07499999999999996,1.0,0.95,0.050000000000000044,1.0,0.975,0.025000000000000022
rel:11,rel:11|cond=rel:11:finance:anchor,static_conditioned,static_conditioned,40,,,,0,12,0,1,0,0,16,0,0.0,0.0,16,1.0,0.03333333333333334,0.9666666666666667,1.0,0.04444444444444445,0.9555555555555555,1.0,0.03333333333333334,0.9666666666666667
rel:11,rel:11|cond=rel:11:finance:anchor,static_conditioned,static_conditioned,80,,,,0,27,1,0,0,0,16,0,0.0,0.0,16,1.0,0.03333333333333334,0.9666666666666667,1.0,0.04444444444444445,0.9555555555555555,1.0,0.03333333333333334,0.9666666666666667
rel:11,rel:11|cond=rel:11:finance:anchor,uncertainty_aware__tau0,uncertainty_aware,40,0.0,0.0,0.6783898247235198,0,29,0,2,0,0,15,0,0.0,0.0,16,1.0,0.3833333333333333,0.6166666666666667,1.0,0.39999999999999997,0.6000000000000001,1.0,0.3833333333333333,0.6166666666666667
rel:11,rel:11|cond=rel:11:finance:anchor,uncertainty_aware__tau0,uncertainty_aware,80,0.0,0.0,0.6783898247235198,0,59,1,2,0,0,14,0,0.0,0.0,16,1.0,0.5583333333333332,0.44166666666666676,1.0,0.5583333333333332,0.44166666666666676,1.0,0.5583333333333332,0.44166666666666676
rel:11,rel:11|cond=rel:11:finance:anchor,uncertainty_aware__tau1,uncertainty_aware,40,0.44999999999999996,0.1519113671978972,1.0,2,12,0,1,0,16,0,16,1.0,57.125,16,1.0,0.925,0.07499999999999996,1.0,0.95,0.050000000000000044,1.0,0.975,0.025000000000000022
rel:11,rel:11|cond=rel:11:finance:anchor,uncertainty_aware__tau1,uncertainty_aware,80,0.44999999999999996,0.1519113671978972,1.0,2,27,1,0,0,16,0,16,1.0,57.125,16,1.0,0.925,0.07499999999999996,1.0,0.95,0.050000000000000044,1.0,0.975,0.025000000000000022
rel:11,rel:11|cond=rel:11:founding:anchor,blind,blind,40,,,,0,14,0,1,0,0,16,0,0.0,0.0,16,1.0,0.06666666666666668,0.9333333333333333,1.0,0.07500000000000001,0.925,1.0,0.06666666666666668,0.9333333333333333
rel:11,rel:11|cond=rel:11:founding:anchor,blind,blind,80,,,,0,64,1,3,0,0,13,0,0.0,0.0,16,1.0,0.3166666666666667,0.6833333333333333,1.0,0.3166666666666667,0.6833333333333333,1.0,0.3166666666666667,0.6833333333333333
rel:11,rel:11|cond=rel:11:founding:anchor,oracle_exact,oracle_exact,40,,,,0,28,0,2,0,0,15,0,0.0,0.0,16,1.0,0.06666666666666668,0.9333333333333333,1.0,0.24166666666666667,0.7583333333333333,1.0,0.41666666666666663,0.5833333333333334
rel:11,rel:11|cond=rel:11:founding:anchor,oracle_exact,oracle_exact,80,,,,0,56,2,0,0,0,15,0,0.0,0.0,16,1.0,0.06666666666666668,0.9333333333333333,1.0,0.24166666666666667,0.7583333333333333,1.0,0.41666666666666663,0.5833333333333334
rel:11,rel:11|cond=rel:11:founding:anchor,pointer__sigma0p5,pointer,40,0.45,0.1788510987426215,0.7183332409583436,2,39,0,1,5,11,0,16,1.0,57.375,16,1.0,0.65,0.35,1.0,0.825,0.17500000000000004,1.0,1.0,0.0
rel:11,rel:11|cond=rel:11:founding:anchor,pointer__sigma0p5,pointer,80,0.45,0.1788510987426215,0.7183332409583436,2,77,1,0,10,6,0,16,1.0,57.375,16,1.0,0.65,0.35,1.0,0.825,0.17500000000000004,1.0,1.0,0.0
rel:11,rel:11|cond=rel:11:founding:anchor,pointer__sigma1,pointer,40,0.9,0.7582766571931676,0.0,2,19,0,1,1,15,0,16,1.0,57.375,16,1.0,0.65,0.35,1.0,0.825,0.17500000000000004,1.0,1.0,0.0
rel:11,rel:11|cond=rel:11:founding:anchor,pointer__sigma1,pointer,80,0.9,0.7582766571931676,0.0,2,32,1,0,1,15,0,16,1.0,57.375,16,1.0,0.65,0.35,1.0,0.825,0.17500000000000004,1.0,1.0,0.0
rel:11,rel:11|cond=rel:11:founding:anchor,pointer__tau0p5,pointer,40,0.22499999999999998,0.03805118115463712,0.9151505959607085,2,39,0,1,5,11,0,16,1.0,57.375,16,1.0,0.65,0.35,1.0,0.825,0.17500000000000004,1.0,1.0,0.0
rel:11,rel:11|cond=rel:11:founding:anchor,pointer__tau0p5,pointer,80,0.22499999999999998,0.03805118115463712,0.9151505959607085,2,77,1,0,10,6,0,16,1.0,57.375,16,1.0,0.65,0.35,1.0,0.825,0.17500000000000004,1.0,1.0,0.0
rel:11,rel:11|cond=rel:11:founding:anchor,pointer__tau0,pointer,40,0.0,0.0,0.6783898247235198,2,39,0,1,5,11,0,16,1.0,57.375,16,1.0,0.65,0.35,1.0,0.825,0.17500000000000004,1.0,1.0,0.0
rel:11,rel:11|cond=rel:11:founding:anchor,pointer__tau0,pointer,80,0.0,0.0,0.6783898247235198,2,77,1,0,10,6,0,16,1.0,57.375,16,1.0,0.65,0.35,1.0,0.825,0.17500000000000004,1.0,1.0,0.0
rel:11,rel:11|cond=rel:11:founding:anchor,pointer__tau1,pointer,40,0.44999999999999996,0.15191136719789716,1.0,2,39,0,1,5,11,0,16,1.0,57.375,16,1.0,0.65,0.35,1.0,0.825,0.17500000000000004,1.0,1.0,0.0
rel:11,rel:11|cond=rel:11:founding:anchor,pointer__tau1,pointer,80,0.44999999999999996,0.15191136719789716,1.0,2,77,1,0,10,6,0,16,1.0,57.375,16,1.0,0.65,0.35,1.0,0.825,0.17500000000000004,1.0,1.0,0.0
rel:11,rel:11|cond=rel:11:founding:anchor,preserve__sigma0p5,preserve,40,0.45,0.1788510987426215,0.7183332409583436,0,14,0,1,0,0,16,0,0.0,0.0,16,1.0,0.06666666666666668,0.9333333333333333,1.0,0.07500000000000001,0.925,1.0,0.06666666666666668,0.9333333333333333
rel:11,rel:11|cond=rel:11:founding:anchor,preserve__sigma0p5,preserve,80,0.45,0.1788510987426215,0.7183332409583436,0,56,1,2,0,0,14,0,0.0,0.0,16,1.0,0.10000000000000002,0.9,1.0,0.275,0.725,1.0,0.45,0.55
rel:11,rel:11|cond=rel:11:founding:anchor,preserve__sigma1,preserve,40,0.9,0.7582766571931676,0.0,0,29,0,2,0,0,15,0,0.0,0.0,16,1.0,0.10000000000000002,0.9,1.0,0.17,0.83,1.0,0.10000000000000002,0.9
rel:11,rel:11|cond=rel:11:founding:anchor,preserve__sigma1,preserve,80,0.9,0.7582766571931676,0.0,0,60,2,0,0,0,15,0,0.0,0.0,16,1.0,0.10000000000000002,0.9,1.0,0.10000000000000002,0.9,1.0,0.10000000000000002,0.9
rel:11,rel:11|cond=rel:11:founding:anchor,preserve__tau0p5,preserve,40,0.22499999999999998,0.03805118115463712,0.9151505959607085,0,26,0,2,0,0,15,0,0.0,0.0,16,1.0,0.24166666666666667,0.7583333333333333,1.0,0.24166666666666667,0.7583333333333333,1.0,0.24166666666666667,0.7583333333333333
rel:11,rel:11|cond=rel:11:founding:anchor,preserve__tau0p5,preserve,80,0.22499999999999998,0.03805118115463712,0.9151505959607085,0,41,1,1,0,0,15,0,0.0,0.0,16,1.0,0.06666666666666668,0.9333333333333333,1.0,0.24166666666666667,0.7583333333333333,1.0,0.41666666666666663,0.5833333333333334
rel:11,rel:11|cond=rel:11:founding:anchor,preserve__tau0,preserve,40,0.0,0.0,0.6783898247235198,0,28,0,2,0,0,15,0,0.0,0.0,16,1.0,0.06666666666666668,0.9333333333333333,1.0,0.24166666666666667,0.7583333333333333,1.0,0.41666666666666663,0.5833333333333334
rel:11,rel:11|cond=rel:11:founding:anchor,preserve__tau0,preserve,80,0.0,0.0,0.6783898247235198,0,56,2,0,0,0,15,0,0.0,0.0,16,1.0,0.06666666666666668,0.9333333333333333,1.0,0.24166666666666667,0.7583333333333333,1.0,0.41666666666666663,0.5833333333333334
rel:11,rel:11|cond=rel:11:founding:anchor,preserve__tau1,preserve,40,0.44999999999999996,0.15191136719789716,1.0,0,14,0,1,0,0,16,0,0.0,0.0,16,1.0,0.06666666666666668,0.9333333333333333,1.0,0.07500000000000001,0.925,1.0,0.06666666666666668,0.9333333333333333
rel:11,rel:11|cond=rel:11:founding:anchor,preserve__tau1,preserve,80,0.44999999999999996,0.15191136719789716,1.0,0,64,1,3,0,0,13,0,0.0,0.0,16,1.0,0.3166666666666667,0.6833333333333333,1.0,0.3166666666666667,0.6833333333333333,1.0,0.3166666666666667,0.6833333333333333
rel:11,rel:11|cond=rel:11:founding:anchor,retrieval_only,retrieval_only,40,,,,2,14,0,1,0,16,0,16,1.0,57.375,16,1.0,0.65,0.35,1.0,0.825,0.17500000000000004,1.0,1.0,0.0
rel:11,rel:11|cond=rel:11:founding:anchor,retrieval_only,retrieval_only,80,,,,2,27,1,0,0,16,0,16,1.0,57.375,16,1.0,0.65,0.35,1.0,0.825,0.17500000000000004,1.0,1.0,0.0
rel:11,rel:11|cond=rel:11:founding:anchor,static_conditioned,static_conditioned,40,,,,0,14,0,1,0,0,16,0,0.0,0.0,16,1.0,0.06666666666666668,0.9333333333333333,1.0,0.07500000000000001,0.925,1.0,0.06666666666666668,0.9333333333333333
rel:11,rel:11|cond=rel:11:founding:anchor,static_conditioned,static_conditioned,80,,,,0,27,1,0,0,0,16,0,0.0,0.0,16,1.0,0.06666666666666668,0.9333333333333333,1.0,0.07500000000000001,0.925,1.0,0.06666666666666668,0.9333333333333333
rel:11,rel:11|cond=rel:11:founding:anchor,uncertainty_aware__tau0,uncertainty_aware,40,0.0,0.0,0.6783898247235198,0,28,0,2,0,0,15,0,0.0,0.0,16,1.0,0.06666666666666668,0.9333333333333333,1.0,0.24166666666666667,0.7583333333333333,1.0,0.41666666666666663,0.5833333333333334
rel:11,rel:11|cond=rel:11:founding:anchor,uncertainty_aware__tau0,uncertainty_aware,80,0.0,0.0,0.6783898247235198,0,56,2,0,0,0,15,0,0.0,0.0,16,1.0,0.06666666666666668,0.9333333333333333,1.0,0.24166666666666667,0.7583333333333333,1.0,0.41666666666666663,0.5833333333333334
rel:11,rel:11|cond=rel:11:founding:anchor,uncertainty_aware__tau1,uncertainty_aware,40,0.44999999999999996,0.15191136719789716,1.0,2,14,0,1,0,16,0,16,1.0,57.375,16,1.0,0.65,0.35,1.0,0.825,0.17500000000000004,1.0,1.0,0.0
rel:11,rel:11|cond=rel:11:founding:anchor,uncertainty_aware__tau1,uncertainty_aware,80,0.44999999999999996,0.15191136719789716,1.0,2,27,1,0,0,16,0,16,1.0,57.375,16,1.0,0.65,0.35,1.0,0.825,0.17500000000000004,1.0,1.0,0.0
rel:13,rel:13|cond=rel:13:custom:anchor,blind,blind,40,,,,0,16,0,1,0,0,15,0,0.0,0.0,16,1.0,0.03333333333333334,0.9666666666666667,1.0,0.05000000000000001,0.95,1.0,0.03333333333333334,0.9666666666666667
rel:13,rel:13|cond=rel:13:custom:anchor,blind,blind,80,,,,0,65,1,3,0,0,12,0,0.0,0.0,16,1.0,0.4666666666666667,0.5333333333333333,1.0,0.4666666666666667,0.5333333333333333,1.0,0.4666666666666667,0.5333333333333333
rel:13,rel:13|cond=rel:13:custom:anchor,oracle_exact,oracle_exact,40,,,,0,36,1,1,0,0,14,0,0.0,0.0,16,1.0,0.3833333333333333,0.6166666666666667,1.0,0.39999999999999997,0.6000000000000001,1.0,0.3833333333333333,0.6166666666666667
rel:13,rel:13|cond=rel:13:custom:anchor,oracle_exact,oracle_exact,80,,,,0,56,2,0,0,0,14,0,0.0,0.0,16,1.0,0.3833333333333333,0.6166666666666667,1.0,0.3833333333333333,0.6166666666666667,1.0,0.3833333333333333,0.6166666666666667
rel:13,rel:13|cond=rel:13:custom:anchor,pointer__sigma0p5,pointer,40,0.45,0.1788510987426215,0.7183332409583436,2,36,0,1,4,11,0,16,1.0,48.0,16,0.0,0.95,-0.95,0.5,0.975,-0.475,0.0,1.0,-1.0
rel:13,rel:13|cond=rel:13:custom:anchor,pointer__sigma0p5,pointer,80,0.45,0.1788510987426215,0.7183332409583436,2,76,1,0,8,7,0,16,1.0,48.0,16,1.0,0.9166666666666666,0.08333333333333337,1.0,0.9683333333333333,0.03166666666666673,1.0,1.0,0.0
rel:13,rel:13|cond=rel:13:custom:anchor,pointer__sigma1,pointer,40,0.9,0.7582766571931676,0.0,2,31,0,1,3,12,0,16,1.0,48.0,16,1.0,0.6,0.4,1.0,0.625,0.375,1.0,0.65,0.35
rel:13,rel:13|cond=rel:13:custom:anchor,pointer__sigma1,pointer,80,0.9,0.7582766571931676,0.0,2,51,1,0,3,12,0,16,1.0,48.0,16,1.0,0.6,0.4,1.0,0.625,0.375,1.0,0.65,0.35
rel:13,rel:13|cond=rel:13:custom:anchor,pointer__tau0p5,pointer,40,0.22499999999999998,0.03805118115463712,0.9151505959607085,2,36,0,1,4,11,0,16,1.0,48.0,16,1.0,0.95,0.050000000000000044,1.0,0.975,0.025000000000000022,1.0,1.0,0.0
rel:13,rel:13|cond=rel:13:custom:anchor,pointer__tau0p5,pointer,80,0.22499999999999998,0.03805118115463712,0.9151505959607085,2,76,1,0,8,7,0,16,1.0,48.0,16,1.0,0.9166666666666666,0.08333333333333337,1.0,0.9683333333333333,0.03166666666666673,1.0,1.0,0.0
rel:13,rel:13|cond=rel:13:custom:anchor,pointer__tau0,pointer,40,0.0,0.0,0.6783898247235198,2,36,0,1,4,11,0,16,1.0,48.0,16,1.0,0.95,0.050000000000000044,1.0,0.975,0.025000000000000022,1.0,1.0,0.0
rel:13,rel:13|cond=rel:13:custom:anchor,pointer__tau0,pointer,80,0.0,0.0,0.6783898247235198,2,76,1,0,8,7,0,16,1.0,48.0,16,1.0,0.9166666666666666,0.08333333333333337,1.0,0.9683333333333333,0.03166666666666673,1.0,1.0,0.0
rel:13,rel:13|cond=rel:13:custom:anchor,pointer__tau1,pointer,40,0.44999999999999996,0.15191136719789716,1.0,2,36,0,1,4,11,0,16,1.0,48.0,16,1.0,0.95,0.050000000000000044,1.0,0.975,0.025000000000000022,1.0,1.0,0.0
rel:13,rel:13|cond=rel:13:custom:anchor,pointer__tau1,pointer,80,0.44999999999999996,0.15191136719789716,1.0,2,76,1,0,8,7,0,16,1.0,48.0,16,1.0,0.9166666666666666,0.08333333333333337,1.0,0.9683333333333333,0.03166666666666673,1.0,1.0,0.0
rel:13,rel:13|cond=rel:13:custom:anchor,preserve__sigma0p5,preserve,40,0.45,0.1788510987426215,0.7183332409583436,0,36,0,3,0,0,13,0,0.0,0.0,16,1.0,0.3833333333333333,0.6166666666666667,1.0,0.4083333333333333,0.5916666666666667,1.0,0.43333333333333335,0.5666666666666667
rel:13,rel:13|cond=rel:13:custom:anchor,preserve__sigma0p5,preserve,80,0.45,0.1788510987426215,0.7183332409583436,0,68,2,1,0,0,13,0,0.0,0.0,16,1.0,0.3833333333333333,0.6166666666666667,1.0,0.4083333333333333,0.5916666666666667,1.0,0.43333333333333335,0.5666666666666667
rel:13,rel:13|cond=rel:13:custom:anchor,preserve__sigma1,preserve,40,0.9,0.7582766571931676,0.0,0,40,1,1,0,0,14,0,0.0,0.0,16,1.0,0.03333333333333334,0.9666666666666667,1.0,0.05833333333333335,0.9416666666666667,1.0,0.08333333333333334,0.9166666666666666
rel:13,rel:13|cond=rel:13:custom:anchor,preserve__sigma1,preserve,80,0.9,0.7582766571931676,0.0,0,74,2,1,0,0,13,0,0.0,0.0,16,1.0,0.05833333333333335,0.9416666666666667,1.0,0.08333333333333334,0.9166666666666666,1.0,0.10833333333333335,0.8916666666666666
rel:13,rel:13|cond=rel:13:custom:anchor,preserve__tau0p5,preserve,40,0.22499999999999998,0.03805118115463712,0.9151505959607085,0,24,0,2,0,0,14,0,0.0,0.0,16,1.0,0.3833333333333333,0.6166666666666667,1.0,0.4270833333333333,0.5729166666666667,1.0,0.3833333333333333,0.6166666666666667
rel:13,rel:13|cond=rel:13:custom:anchor,preserve__tau0p5,preserve,80,0.22499999999999998,0.03805118115463712,0.9151505959607085,0,56,2,0,0,0,14,0,0.0,0.0,16,1.0,0.3833333333333333,0.6166666666666667,1.0,0.3833333333333333,0.6166666666666667,1.0,0.3833333333333333,0.6166666666666667
rel:13,rel:13|cond=rel:13:custom:anchor,preserve__tau0,preserve,40,0.0,0.0,0.6783898247235198,0,24,0,2,0,0,14,0,0.0,0.0,16,1.0,0.3833333333333333,0.6166666666666667,1.0,0.3833333333333333,0.6166666666666667,1.0,0.4083333333333333,0.5916666666666667
rel:13,rel:13|cond=rel:13:custom:anchor,preserve__tau0,preserve,80,0.0,0.0,0.6783898247235198,0,56,2,0,0,0,14,0,0.0,0.0,16,1.0,0.3833333333333333,0.6166666666666667,1.0,0.3833333333333333,0.6166666666666667,1.0,0.3833333333333333,0.6166666666666667
rel:13,rel:13|cond=rel:13:custom:anchor,preserve__tau1,preserve,40,0.44999999999999996,0.15191136719789716,1.0,0,16,0,1,0,0,15,0,0.0,0.0,16,1.0,0.03333333333333334,0.9666666666666667,1.0,0.05000000000000001,0.95,1.0,0.03333333333333334,0.9666666666666667
rel:13,rel:13|cond=rel:13:custom:anchor,preserve__tau1,preserve,80,0.44999999999999996,0.15191136719789716,1.0,0,65,1,3,0,0,12,0,0.0,0.0,16,1.0,0.4666666666666667,0.5333333333333333,1.0,0.4666666666666667,0.5333333333333333,1.0,0.4666666666666667,0.5333333333333333
rel:13,rel:13|cond=rel:13:custom:anchor,retrieval_only,retrieval_only,40,,,,2,16,0,1,0,15,0,16,1.0,48.0,16,1.0,0.6,0.4,1.0,0.625,0.375,1.0,0.65,0.35
rel:13,rel:13|cond=rel:13:custom:anchor,retrieval_only,retrieval_only,80,,,,2,36,1,0,0,15,0,16,1.0,48.0,16,1.0,0.6,0.4,1.0,0.625,0.375,1.0,0.65,0.35
rel:13,rel:13|cond=rel:13:custom:anchor,static_conditioned,static_conditioned,40,,,,0,16,0,1,0,0,15,0,0.0,0.0,16,1.0,0.03333333333333334,0.9666666666666667,1.0,0.05000000000000001,0.95,1.0,0.03333333333333334,0.9666666666666667
rel:13,rel:13|cond=rel:13:custom:anchor,static_conditioned,static_conditioned,80,,,,0,36,1,0,0,0,15,0,0.0,0.0,16,1.0,0.03333333333333334,0.9666666666666667,1.0,0.03333333333333334,0.9666666666666667,1.0,0.03333333333333334,0.9666666666666667
rel:13,rel:13|cond=rel:13:custom:anchor,uncertainty_aware__tau0,uncertainty_aware,40,0.0,0.0,0.6783898247235198,0,24,0,2,0,0,14,0,0.0,0.0,16,1.0,0.3833333333333333,0.6166666666666667,1.0,0.4270833333333333,0.5729166666666667,1.0,0.4083333333333333,0.5916666666666667
rel:13,rel:13|cond=rel:13:custom:anchor,uncertainty_aware__tau0,uncertainty_aware,80,0.0,0.0,0.6783898247235198,0,56,2,0,0,0,14,0,0.0,0.0,16,1.0,0.3833333333333333,0.6166666666666667,1.0,0.3833333333333333,0.6166666666666667,1.0,0.3833333333333333,0.6166666666666667
rel:13,rel:13|cond=rel:13:custom:anchor,uncertainty_aware__tau1,uncertainty_aware,40,0.44999999999999996,0.15191136719789716,1.0,2,16,0,1,0,15,0,16,1.0,48.0,16,1.0,0.6,0.4,1.0,0.625,0.375,1.0,0.65,0.35
rel:13,rel:13|cond=rel:13:custom:anchor,uncertainty_aware__tau1,uncertainty_aware,80,0.44999999999999996,0.15191136719789716,1.0,2,36,1,0,0,15,0,16,1.0,48.0,16,1.0,0.6,0.4,1.0,0.625,0.375,1.0,0.65,0.35
rel:13,rel:13|cond=rel:13:facilities:anchor,blind,blind,40,,,,0,12,0,1,0,0,15,0,0.0,0.0,16,0.0,0.0,0.0,0.5,0.03888888888888889,0.46111111111111114,1.0,0.03333333333333334,0.9666666666666667
rel:13,rel:13|cond=rel:13:facilities:anchor,blind,blind,80,,,,0,67,1,4,0,0,11,0,0.0,0.0,16,0.0,0.4583333333333333,-0.4583333333333333,0.5,0.475,0.025000000000000022,1.0,0.4916666666666667,0.5083333333333333
rel:13,rel:13|cond=rel:13:facilities:anchor,oracle_exact,oracle_exact,40,,,,0,33,1,1,0,0,14,0,0.0,0.0,16,0.0,0.35,-0.35,0.5,0.36666666666666664,0.13333333333333336,1.0,0.3833333333333333,0.6166666666666667
rel:13,rel:13|cond=rel:13:facilities:anchor,oracle_exact,oracle_exact,80,,,,0,45,2,0,0,0,14,0,0.0,0.0,16,0.0,0.35,-0.35,0.5,0.36666666666666664,0.13333333333333336,1.0,0.3833333333333333,0.6166666666666667
rel:13,rel:13|cond=rel:13:facilities:anchor,pointer__sigma0p5,pointer,40,0.45,0.1788510987426215,0.7183332409583436,2,37,0,1,5,10,0,16,1.0,48.0625,16,0.0,0.9166666666666666,-0.9166666666666666,0.5,0.9333333333333333,-0.43333333333333335,1.0,0.95,0.050000000000000044
rel:13,rel:13|cond=rel:13:facilities:anchor,pointer__sigma0p5,pointer,80,0.45,0.1788510987426215,0.7183332409583436,2,79,1,0,11,4,0,16,1.0,48.0625,16,0.0,0.9666666666666667,-0.9666666666666667,0.5,0.9833333333333334,-0.4833333333333334,1.0,1.0,0.0
rel:13,rel:13|cond=rel:13:facilities:anchor,pointer__sigma1,pointer,40,0.9,0.7582766571931676,0.0,2,27,0,1,3,12,0,16,1.0,48.0625,16,0.0,0.9166666666666666,-0.9166666666666666,0.5,0.9333333333333333,-0.43333333333333335,1.0,0.95,0.050000000000000044
rel:13,rel:13|cond=rel:13:facilities:anchor,pointer__sigma1,pointer,80,0.9,0.7582766571931676,0.0,2,39,1,0,3,12,0,16,1.0,48.0625,16,0.0,0.9166666666666666,-0.9166666666666666,0.5,0.9333333333333333,-0.43333333333333335,1.0,0.95,0.050000000000000044
rel:13,rel:13|cond=rel:13:facilities:anchor,pointer__tau0p5,pointer,40,0.22499999999999998,0.038051181154637126,0.9151505959607085,2,37,0,1,5,10,0,16,1.0,48.0625,16,0.0,0.9166666666666666,-0.9166666666666666,0.5,0.9333333333333333,-0.43333333333333335,1.0,0.95,0.050000000000000044
rel:13,rel:13|cond=rel:13:facilities:anchor,pointer__tau0p5,pointer,80,0.22499999999999998,0.038051181154637126,0.9151505959607085,2,79,1,0,11,4,0,16,1.0,48.0625,16,0.0,0.9666666666666667,-0.9666666666666667,0.5,0.9833333333333334,-0.4833333333333334,1.0,1.0,0.0
rel:13,rel:13|cond=rel:13:facilities:anchor,pointer__tau0,pointer,40,0.0,0.0,0.6783898247235198,2,37,0,1,5,10,0,16,1.0,48.0625,16,0.0,0.9166666666666666,-0.9166666666666666,0.5,0.9333333333333333,-0.43333333333333335,1.0,0.95,0.050000000000000044
rel:13,rel:13|cond=rel:13:facilities:anchor,pointer__tau0,pointer,80,0.0,0.0,0.6783898247235198,2,79,1,0,11,4,0,16,1.0,48.0625,16,0.0,0.9666666666666667,-0.9666666666666667,0.5,0.9833333333333334,-0.4833333333333334,1.0,1.0,0.0
rel:13,rel:13|cond=rel:13:facilities:anchor,pointer__tau1,pointer,40,0.44999999999999996,0.1519113671978972,1.0,2,37,0,1,5,10,0,16,1.0,48.0625,16,0.0,0.7416666666666666,-0.7416666666666666,0.5,0.875,-0.375,1.0,0.95,0.050000000000000044
rel:13,rel:13|cond=rel:13:facilities:anchor,pointer__tau1,pointer,80,0.44999999999999996,0.1519113671978972,1.0,2,79,1,0,11,4,0,16,1.0,48.0625,16,0.0,0.9666666666666667,-0.9666666666666667,0.5,0.9833333333333334,-0.4833333333333334,1.0,1.0,0.0
rel:13,rel:13|cond=rel:13:facilities:anchor,preserve__sigma0p5,preserve,40,0.45,0.1788510987426215,0.7183332409583436,0,30,0,3,0,0,13,0,0.0,0.0,16,0.0,0.39999999999999997,-0.39999999999999997,0.5,0.41666666666666663,0.08333333333333337,1.0,0.43333333333333335,0.5666666666666667
rel:13,rel:13|cond=rel:13:facilities:anchor,preserve__sigma0p5,preserve,80,0.45,0.1788510987426215,0.7183332409583436,0,54,2,1,0,0,13,0,0.0,0.0,16,0.0,0.39999999999999997,-0.39999999999999997,0.5,0.4388888888888889,0.061111111111111116,1.0,0.43333333333333335,0.5666666666666667
rel:13,rel:13|cond=rel:13:facilities:anchor,preserve__sigma1,preserve,40,0.9,0.7582766571931676,0.0,0,32,1,1,0,0,14,0,0.0,0.0,16,0.0,0.05000000000000001,-0.05000000000000001,0.5,0.06666666666666668,0.43333333333333335,1.0,0.08333333333333334,0.9166666666666666
rel:13,rel:13|cond=rel:13:facilities:anchor,preserve__sigma1,preserve,80,0.9,0.7582766571931676,0.0,0,78,3,0,0,0,13,0,0.0,0.0,16,0.0,0.07500000000000001,-0.07500000000000001,0.5,0.09166666666666667,0.4083333333333333,1.0,0.10833333333333335,0.8916666666666666
rel:13,rel:13|cond=rel:13:facilities:anchor,preserve__tau0p5,preserve,40,0.22499999999999998,0.038051181154637126,0.9151505959607085,0,22,0,2,0,0,14,0,0.0,0.0,16,0.0,0.175,-0.175,0.5,0.3083333333333333,0.1916666666666667,1.0,0.3833333333333333,0.6166666666666667
rel:13,rel:13|cond=rel:13:facilities:anchor,preserve__tau0p5,preserve,80,0.22499999999999998,0.038051181154637126,0.9151505959607085,0,53,2,1,0,0,13,0,0.0,0.0,16,0.0,0.39999999999999997,-0.39999999999999997,0.5,0.41666666666666663,0.08333333333333337,1.0,0.43333333333333335,0.5666666666666667
rel:13,rel:13|cond=rel:13:facilities:anchor,preserve__tau0,preserve,40,0.0,0.0,0.6783898247235198,0,22,0,2,0,0,14,0,0.0,0.0,16,0.0,0.175,-0.175,0.5,0.3083333333333333,0.1916666666666667,1.0,0.3833333333333333,0.6166666666666667
rel:13,rel:13|cond=rel:13:facilities:anchor,preserve__tau0,preserve,80,0.0,0.0,0.6783898247235198,0,60,2,1,0,0,13,0,0.0,0.0,16,0.0,0.5249999999999999,-0.5249999999999999,0.5,0.5416666666666666,-0.04166666666666663,1.0,0.5583333333333332,0.44166666666666676
rel:13,rel:13|cond=rel:13:facilities:anchor,preserve__tau1,preserve,40,0.44999999999999996,0.1519113671978972,1.0,0,12,0,1,0,0,15,0,0.0,0.0,16,0.0,0.0,0.0,0.5,0.03888888888888889,0.46111111111111114,1.0,0.03333333333333334,0.9666666666666667
rel:13,rel:13|cond=rel:13:facilities:anchor,preserve__tau1,preserve,80,0.44999999999999996,0.1519113671978972,1.0,0,67,1,4,0,0,11,0,0.0,0.0,16,0.0,0.4583333333333333,-0.4583333333333333,0.5,0.475,0.025000000000000022,1.0,0.4916666666666667,0.5083333333333333
rel:13,rel:13|cond=rel:13:facilities:anchor,retrieval_only,retrieval_only,40,,,,2,12,0,1,0,15,0,16,1.0,48.0625,16,0.0,0.8666666666666667,-0.8666666666666667,0.5,0.8833333333333333,-0.3833333333333333,1.0,0.9,0.09999999999999998
rel:13,rel:13|cond=rel:13:facilities:anchor,retrieval_only,retrieval_only,80,,,,2,24,1,0,0,15,0,16,1.0,48.0625,16,0.0,0.8666666666666667,-0.8666666666666667,0.5,0.8833333333333333,-0.3833333333333333,1.0,0.9,0.09999999999999998
rel:13,rel:13|cond=rel:13:facilities:anchor,static_conditioned,static_conditioned,40,,,,0,12,0,1,0,0,15,0,0.0,0.0,16,0.0,0.0,0.0,0.5,0.03888888888888889,0.46111111111111114,1.0,0.03333333333333334,0.9666666666666667
rel:13,rel:13|cond=rel:13:facilities:anchor,static_conditioned,static_conditioned,80,,,,0,24,1,0,0,0,15,0,0.0,0.0,16,0.0,0.0,0.0,0.5,0.01666666666666667,0.48333333333333334,1.0,0.03333333333333334,0.9666666666666667
rel:13,rel:13|cond=rel:13:facilities:anchor,uncertainty_aware__tau0,uncertainty_aware,40,0.0,0.0,0.6783898247235198,0,22,0,2,0,0,14,0,0.0,0.0,16,0.0,0.175,-0.175,0.5,0.3083333333333333,0.1916666666666667,1.0,0.3833333333333333,0.6166666666666667
rel:13,rel:13|cond=rel:13:facilities:anchor,uncertainty_aware__tau0,uncertainty_aware,80,0.0,0.0,0.6783898247235198,0,60,2,1,0,0,13,0,0.0,0.0,16,0.0,0.5249999999999999,-0.5249999999999999,0.5,0.5416666666666666,-0.04166666666666663,1.0,0.5583333333333332,0.44166666666666676
rel:13,rel:13|cond=rel:13:facilities:anchor,uncertainty_aware__tau1,uncertainty_aware,40,0.44999999999999996,0.1519113671978972,1.0,2,12,0,1,0,15,0,16,1.0,48.0625,16,0.0,0.8666666666666667,-0.8666666666666667,0.5,0.8833333333333333,-0.3833333333333333,1.0,0.9,0.09999999999999998
rel:13,rel:13|cond=rel:13:facilities:anchor,uncertainty_aware__tau1,uncertainty_aware,80,0.44999999999999996,0.1519113671978972,1.0,2,24,1,0,0,15,0,16,1.0,48.0625,16,0.0,0.8666666666666667,-0.8666666666666667,0.5,0.8833333333333333,-0.3833333333333333,1.0,0.9,0.09999999999999998
rel:13,rel:13|cond=rel:13:finance:anchor,blind,blind,40,,,,0,18,0,2,0,0,14,0,0.0,0.0,16,1.0,0.08333333333333334,0.9166666666666666,1.0,0.08333333333333334,0.9166666666666666,1.0,0.08333333333333334,0.9166666666666666
rel:13,rel:13|cond=rel:13:finance:anchor,blind,blind,80,,,,0,67,1,4,0,0,11,0,0.0,0.0,16,1.0,0.2916666666666667,0.7083333333333333,1.0,0.3166666666666667,0.6833333333333333,1.0,0.3416666666666667,0.6583333333333333
rel:13,rel:13|cond=rel:13:finance:anchor,oracle_exact,oracle_exact,40,,,,0,26,0,2,0,0,14,0,0.0,0.0,16,1.0,0.3833333333333333,0.6166666666666667,1.0,0.40625,0.59375,1.0,0.3833333333333333,0.6166666666666667
rel:13,rel:13|cond=rel:13:finance:anchor,oracle_exact,oracle_exact,80,,,,0,57,2,0,0,0,14,0,0.0,0.0,16,1.0,0.3833333333333333,0.6166666666666667,1.0,0.39999999999999997,0.6000000000000001,1.0,0.3833333333333333,0.6166666666666667
rel:13,rel:13|cond=rel:13:finance:anchor,pointer__sigma0p5,pointer,40,0.45,0.1788510987426215,0.7183332409583437,2,40,0,1,6,9,0,16,1.0,49.75,16,1.0,0.95,0.050000000000000044,1.0,0.975,0.025000000000000022,1.0,1.0,0.0
rel:13,rel:13|cond=rel:13:finance:anchor,pointer__sigma0p5,pointer,80,0.45,0.1788510987426215,0.7183332409583437,2,76,1,0,11,4,0,16,1.0,49.75,16,1.0,0.95,0.050000000000000044,1.0,0.975,0.025000000000000022,1.0,1.0,0.0
rel:13,rel:13|cond=rel:13:finance:anchor,pointer__sigma1,pointer,40,0.9,0.7582766571931676,0.0,2,25,0,1,3,12,0,16,1.0,49.75,16,1.0,0.6,0.4,1.0,0.625,0.375,1.0,0.65,0.35
rel:13,rel:13|cond=rel:13:finance:anchor,pointer__sigma1,pointer,80,0.9,0.7582766571931676,0.0,2,36,1,0,3,12,0,16,1.0,49.75,16,1.0,0.6,0.4,1.0,0.625,0.375,1.0,0.65,0.35
rel:13,rel:13|cond=rel:13:finance:anchor,pointer__tau0p5,pointer,40,0.22499999999999998,0.038051181154637126,0.9151505959607087,2,40,0,1,6,9,0,16,1.0,49.75,16,1.0,0.95,0.050000000000000044,1.0,0.975,0.025000000000000022,1.0,1.0,0.0
rel:13,rel:13|cond=rel:13:finance:anchor,pointer__tau0p5,pointer,80,0.22499999999999998,0.038051181154637126,0.9151505959607087,2,76,1,0,11,4,0,16,1.0,49.75,16,1.0,0.95,0.050000000000000044,1.0,0.975,0.025000000000000022,1.0,1.0,0.0
rel:13,rel:13|cond=rel:13:finance:anchor,pointer__tau0,pointer,40,0.0,0.0,0.6783898247235198,2,40,0,1,6,9,0,16,1.0,49.75,16,1.0,0.95,0.050000000000000044,1.0,0.975,0.025000000000000022,1.0,1.0,0.0
rel:13,rel:13|cond=rel:13:finance:anchor,pointer__tau0,pointer,80,0.0,0.0,0.6783898247235198,2,76,1,0,11,4,0,16,1.0,49.75,16,1.0,0.95,0.050000000000000044,1.0,0.975,0.025000000000000022,1.0,1.0,0.0
rel:13,rel:13|cond=rel:13:finance:anchor,pointer__tau1,pointer,40,0.44999999999999996,0.1519113671978972,1.0,2,40,0,1,6,9,0,16,1.0,49.75,16,1.0,0.6,0.4,1.0,0.625,0.375,1.0,0.65,0.35
rel:13,rel:13|cond=rel:13:finance:anchor,pointer__tau1,pointer,80,0.44999999999999996,0.1519113671978972,1.0,2,76,1,0,11,4,0,16,1.0,49.75,16,1.0,0.95,0.050000000000000044,1.0,0.975,0.025000000000000022,1.0,1.0,0.0
rel:13,rel:13|cond=rel:13:finance:anchor,preserve__sigma0p5,preserve,40,0.45,0.1788510987426215,0.7183332409583437,0,18,0,2,0,0,14,0,0.0,0.0,16,1.0,0.08333333333333334,0.9166666666666666,1.0,0.08333333333333334,0.9166666666666666,1.0,0.08333333333333334,0.9166666666666666
rel:13,rel:13|cond=rel:13:finance:anchor,preserve__sigma0p5,preserve,80,0.45,0.1788510987426215,0.7183332409583437,0,57,2,1,0,0,13,0,0.0,0.0,16,1.0,0.43333333333333335,0.5666666666666667,1.0,0.45625,0.54375,1.0,0.43333333333333335,0.5666666666666667
rel:13,rel:13|cond=rel:13:finance:anchor,preserve__sigma1,preserve,40,0.9,0.7582766571931676,0.0,0,30,1,1,0,0,14,0,0.0,0.0,16,1.0,0.08333333333333334,0.9166666666666666,1.0,0.10000000000000002,0.9,1.0,0.08333333333333334,0.9166666666666666
rel:13,rel:13|cond=rel:13:finance:anchor,preserve__sigma1,preserve,80,0.9,0.7582766571931676,0.0,0,75,3,0,0,0,13,0,0.0,0.0,16,1.0,0.10833333333333335,0.8916666666666666,1.0,0.12500000000000003,0.875,1.0,0.10833333333333335,0.8916666666666666
rel:13,rel:13|cond=rel:13:finance:anchor,preserve__tau0p5,preserve,40,0.22499999999999998,0.038051181154637126,0.9151505959607087,0,21,0,2,0,0,14,0,0.0,0.0,16,1.0,0.20833333333333331,0.7916666666666667,1.0,0.20833333333333331,0.7916666666666667,1.0,0.20833333333333331,0.7916666666666667
rel:13,rel:13|cond=rel:13:finance:anchor,preserve__tau0p5,preserve,80,0.22499999999999998,0.038051181154637126,0.9151505959607087,0,56,1,3,0,0,12,0,0.0,0.0,16,1.0,0.6083333333333333,0.3916666666666667,1.0,0.6083333333333333,0.3916666666666667,1.0,0.6083333333333333,0.3916666666666667
rel:13,rel:13|cond=rel:13:finance:anchor,preserve__tau0,preserve,40,0.0,0.0,0.6783898247235198,0,26,0,2,0,0,14,0,0.0,0.0,16,1.0,0.3833333333333333,0.6166666666666667,1.0,0.3833333333333333,0.6166666666666667,1.0,0.3833333333333333,0.6166666666666667
rel:13,rel:13|cond=rel:13:finance:anchor,preserve__tau0,preserve,80,0.0,0.0,0.6783898247235198,0,57,2,0,0,0,14,0,0.0,0.0,16,1.0,0.3833333333333333,0.6166666666666667,1.0,0.39999999999999997,0.6000000000000001,1.0,0.3833333333333333,0.6166666666666667
rel:13,rel:13|cond=rel:13:finance:anchor,preserve__tau1,preserve,40,0.44999999999999996,0.1519113671978972,1.0,0,18,0,2,0,0,14,0,0.0,0.0,16,1.0,0.08333333333333334,0.9166666666666666,1.0,0.08333333333333334,0.9166666666666666,1.0,0.08333333333333334,0.9166666666666666
rel:13,rel:13|cond=rel:13:finance:anchor,preserve__tau1,preserve,80,0.44999999999999996,0.1519113671978972,1.0,0,67,1,4,0,0,11,0,0.0,0.0,16,1.0,0.2916666666666667,0.7083333333333333,1.0,0.3166666666666667,0.6833333333333333,1.0,0.3416666666666667,0.6583333333333333
rel:13,rel:13|cond=rel:13:finance:anchor,retrieval_only,retrieval_only,40,,,,2,10,0,1,0,15,0,16,1.0,49.75,16,1.0,0.55,0.44999999999999996,1.0,0.5750000000000001,0.42499999999999993,1.0,0.6,0.4
rel:13,rel:13|cond=rel:13:finance:anchor,retrieval_only,retrieval_only,80,,,,2,21,1,0,0,15,0,16,1.0,49.75,16,1.0,0.55,0.44999999999999996,1.0,0.5750000000000001,0.42499999999999993,1.0,0.6,0.4
rel:13,rel:13|cond=rel:13:finance:anchor,static_conditioned,static_conditioned,40,,,,0,10,0,1,0,0,15,0,0.0,0.0,16,1.0,0.0,1.0,1.0,0.02847222222222223,0.9715277777777778,1.0,0.03333333333333334,0.9666666666666667
rel:13,rel:13|cond=rel:13:finance:anchor,static_conditioned,static_conditioned,80,,,,0,21,1,0,0,0,15,0,0.0,0.0,16,1.0,0.03333333333333334,0.9666666666666667,1.0,0.05000000000000001,0.95,1.0,0.03333333333333334,0.9666666666666667
rel:13,rel:13|cond=rel:13:finance:anchor,uncertainty_aware__tau0,uncertainty_aware,40,0.0,0.0,0.6783898247235198,0,26,0,2,0,0,14,0,0.0,0.0,16,1.0,0.3833333333333333,0.6166666666666667,1.0,0.40625,0.59375,1.0,0.3833333333333333,0.6166666666666667
rel:13,rel:13|cond=rel:13:finance:anchor,uncertainty_aware__tau0,uncertainty_aware,80,0.0,0.0,0.6783898247235198,0,57,2,0,0,0,14,0,0.0,0.0,16,1.0,0.3833333333333333,0.6166666666666667,1.0,0.39999999999999997,0.6000000000000001,1.0,0.3833333333333333,0.6166666666666667
rel:13,rel:13|cond=rel:13:finance:anchor,uncertainty_aware__tau1,uncertainty_aware,40,0.44999999999999996,0.1519113671978972,1.0,2,10,0,1,0,15,0,16,1.0,49.75,16,1.0,0.55,0.44999999999999996,1.0,0.5750000000000001,0.42499999999999993,1.0,0.6,0.4
rel:13,rel:13|cond=rel:13:finance:anchor,uncertainty_aware__tau1,uncertainty_aware,80,0.44999999999999996,0.1519113671978972,1.0,2,21,1,0,0,15,0,16,1.0,49.75,16,1.0,0.55,0.44999999999999996,1.0,0.5750000000000001,0.42499999999999993,1.0,0.6,0.4
rel:13,rel:13|cond=rel:13:founding:anchor,blind,blind,40,,,,0,20,1,0,0,0,15,0,0.0,0.0,16,1.0,0.03333333333333334,0.9666666666666667,1.0,0.15,0.85,1.0,0.03333333333333334,0.9666666666666667
rel:13,rel:13|cond=rel:13:founding:anchor,blind,blind,80,,,,0,68,1,4,0,0,11,0,0.0,0.0,16,1.0,0.1416666666666667,0.8583333333333333,1.0,0.3166666666666667,0.6833333333333333,1.0,0.4916666666666667,0.5083333333333333
rel:13,rel:13|cond=rel:13:founding:anchor,oracle_exact,oracle_exact,40,,,,0,32,1,1,0,0,14,0,0.0,0.0,16,1.0,0.03333333333333334,0.9666666666666667,1.0,0.20833333333333331,0.7916666666666667,1.0,0.3833333333333333,0.6166666666666667
rel:13,rel:13|cond=rel:13:founding:anchor,oracle_exact,oracle_exact,80,,,,0,44,2,0,0,0,14,0,0.0,0.0,16,1.0,0.03333333333333334,0.9666666666666667,1.0,0.32499999999999996,0.675,1.0,0.3833333333333333,0.6166666666666667
rel:13,rel:13|cond=rel:13:founding:anchor,pointer__sigma0p5,pointer,40,0.45,0.1788510987426215,0.7183332409583436,2,40,1,0,4,11,0,16,1.0,48.25,16,1.0,0.6,0.4,1.0,0.7749999999999999,0.2250000000000001,1.0,0.95,0.050000000000000044
rel:13,rel:13|cond=rel:13:founding:anchor,pointer__sigma0p5,pointer,80,0.45,0.1788510987426215,0.7183332409583436,2,75,1,0,11,4,0,16,1.0,48.25,16,1.0,0.65,0.35,1.0,0.825,0.17500000000000004,1.0,1.0,0.0
rel:13,rel:13|cond=rel:13:founding:anchor,pointer__sigma1,pointer,40,0.9,0.7582766571931676,0.0,2,30,1,0,2,13,0,16,1.0,48.25,16,1.0,0.6,0.4,1.0,0.7749999999999999,0.2250000000000001,1.0,0.95,0.050000000000000044
rel:13,rel:13|cond=rel:13:founding:anchor,pointer__sigma1,pointer,80,0.9,0.7582766571931676,0.0,2,30,1,0,2,13,0,16,1.0,48.25,16,1.0,0.6,0.4,1.0,0.7749999999999999,0.2250000000000001,1.0,0.95,0.050000000000000044
rel:13,rel:13|cond=rel:13:founding:anchor,pointer__tau0p5,pointer,40,0.22499999999999998,0.03805118115463712,0.9151505959607085,2,40,1,0,4,11,0,16,1.0,48.25,16,1.0,0.6,0.4,1.0,0.7749999999999999,0.2250000000000001,1.0,0.95,0.050000000000000044
rel:13,rel:13|cond=rel:13:founding:anchor,pointer__tau0p5,pointer,80,0.22499999999999998,0.03805118115463712,0.9151505959607085,2,75,1,0,11,4,0,16,1.0,48.25,16,1.0,0.65,0.35,1.0,0.825,0.17500000000000004,1.0,1.0,0.0
rel:13,rel:13|cond=rel:13:founding:anchor,pointer__tau0,pointer,40,0.0,0.0,0.6783898247235198,2,40,1,0,4,11,0,16,1.0,48.25,16,1.0,0.6,0.4,1.0,0.7749999999999999,0.2250000000000001,1.0,0.95,0.050000000000000044
rel:13,rel:13|cond=rel:13:founding:anchor,pointer__tau0,pointer,80,0.0,0.0,0.6783898247235198,2,75,1,0,11,4,0,16,1.0,48.25,16,1.0,0.65,0.35,1.0,0.825,0.17500000000000004,1.0,1.0,0.0
rel:13,rel:13|cond=rel:13:founding:anchor,pointer__tau1,pointer,40,0.44999999999999996,0.15191136719789716,1.0,2,40,1,0,4,11,0,16,1.0,48.25,16,1.0,0.6,0.4,1.0,0.7749999999999999,0.2250000000000001,1.0,0.95,0.050000000000000044
rel:13,rel:13|cond=rel:13:founding:anchor,pointer__tau1,pointer,80,0.44999999999999996,0.15191136719789716,1.0,2,75,1,0,11,4,0,16,1.0,48.25,16,1.0,0.65,0.35,1.0,0.825,0.17500000000000004,1.0,1.0,0.0
rel:13,rel:13|cond=rel:13:founding:anchor,preserve__sigma0p5,preserve,40,0.45,0.1788510987426215,0.7183332409583436,0,20,1,0,0,0,15,0,0.0,0.0,16,1.0,0.03333333333333334,0.9666666666666667,1.0,0.15,0.85,1.0,0.03333333333333334,0.9666666666666667
rel:13,rel:13|cond=rel:13:founding:anchor,preserve__sigma0p5,preserve,80,0.45,0.1788510987426215,0.7183332409583436,0,64,1,3,0,0,12,0,0.0,0.0,16,1.0,0.10000000000000002,0.9,1.0,0.275,0.725,1.0,0.45,0.55
rel:13,rel:13|cond=rel:13:founding:anchor,preserve__sigma1,preserve,40,0.9,0.7582766571931676,0.0,0,37,1,1,0,0,14,0,0.0,0.0,16,1.0,0.06666666666666668,0.9333333333333333,1.0,0.18333333333333335,0.8166666666666667,1.0,0.06666666666666668,0.9333333333333333
rel:13,rel:13|cond=rel:13:founding:anchor,preserve__sigma1,preserve,80,0.9,0.7582766571931676,0.0,0,69,2,1,0,0,13,0,0.0,0.0,16,1.0,0.10000000000000002,0.9,1.0,0.10000000000000002,0.9,1.0,0.10000000000000002,0.9
rel:13,rel:13|cond=rel:13:founding:anchor,preserve__tau0p5,preserve,40,0.22499999999999998,0.03805118115463712,0.9151505959607085,0,20,1,0,0,0,15,0,0.0,0.0,16,1.0,0.03333333333333334,0.9666666666666667,1.0,0.15,0.85,1.0,0.03333333333333334,0.9666666666666667
rel:13,rel:13|cond=rel:13:founding:anchor,preserve__tau0p5,preserve,80,0.22499999999999998,0.03805118115463712,0.9151505959607085,0,65,2,2,0,0,12,0,0.0,0.0,16,1.0,0.10833333333333335,0.8916666666666666,1.0,0.2833333333333333,0.7166666666666667,1.0,0.4583333333333333,0.5416666666666667
rel:13,rel:13|cond=rel:13:founding:anchor,preserve__tau0,preserve,40,0.0,0.0,0.6783898247235198,0,32,1,1,0,0,14,0,0.0,0.0,16,1.0,0.03333333333333334,0.9666666666666667,1.0,0.20833333333333331,0.7916666666666667,1.0,0.3833333333333333,0.6166666666666667
rel:13,rel:13|cond=rel:13:founding:anchor,preserve__tau0,preserve,80,0.0,0.0,0.6783898247235198,0,58,2,1,0,0,13,0,0.0,0.0,16,1.0,0.20833333333333331,0.7916666666666667,1.0,0.3833333333333333,0.6166666666666667,1.0,0.5583333333333332,0.44166666666666676
rel:13,rel:13|cond=rel:13:founding:anchor,preserve__tau1,preserve,40,0.44999999999999996,0.15191136719789716,1.0,0,20,1,0,0,0,15,0,0.0,0.0,16,1.0,0.03333333333333334,0.9666666666666667,1.0,0.15,0.85,1.0,0.03333333333333334,0.9666666666666667
rel:13,rel:13|cond=rel:13:founding:anchor,preserve__tau1,preserve,80,0.44999999999999996,0.15191136719789716,1.0,0,68,1,4,0,0,11,0,0.0,0.0,16,1.0,0.1416666666666667,0.8583333333333333,1.0,0.3166666666666667,0.6833333333333333,1.0,0.4916666666666667,0.5083333333333333
rel:13,rel:13|cond=rel:13:founding:anchor,retrieval_only,retrieval_only,40,,,,2,20,1,0,0,15,0,16,1.0,48.25,16,1.0,0.6,0.4,1.0,0.7749999999999999,0.2250000000000001,1.0,0.95,0.050000000000000044
rel:13,rel:13|cond=rel:13:founding:anchor,retrieval_only,retrieval_only,80,,,,2,20,1,0,0,15,0,16,1.0,48.25,16,1.0,0.6,0.4,1.0,0.7749999999999999,0.2250000000000001,1.0,0.95,0.050000000000000044
rel:13,rel:13|cond=rel:13:founding:anchor,static_conditioned,static_conditioned,40,,,,0,20,1,0,0,0,15,0,0.0,0.0,16,1.0,0.03333333333333334,0.9666666666666667,1.0,0.15,0.85,1.0,0.03333333333333334,0.9666666666666667
rel:13,rel:13|cond=rel:13:founding:anchor,static_conditioned,static_conditioned,80,,,,0,20,1,0,0,0,15,0,0.0,0.0,16,1.0,0.03333333333333334,0.9666666666666667,1.0,0.15,0.85,1.0,0.03333333333333334,0.9666666666666667
rel:13,rel:13|cond=rel:13:founding:anchor,uncertainty_aware__tau0,uncertainty_aware,40,0.0,0.0,0.6783898247235198,0,32,1,1,0,0,14,0,0.0,0.0,16,1.0,0.03333333333333334,0.9666666666666667,1.0,0.20833333333333331,0.7916666666666667,1.0,0.3833333333333333,0.6166666666666667
rel:13,rel:13|cond=rel:13:founding:anchor,uncertainty_aware__tau0,uncertainty_aware,80,0.0,0.0,0.6783898247235198,0,58,2,1,0,0,13,0,0.0,0.0,16,1.0,0.20833333333333331,0.7916666666666667,1.0,0.3833333333333333,0.6166666666666667,1.0,0.5583333333333332,0.44166666666666676
rel:13,rel:13|cond=rel:13:founding:anchor,uncertainty_aware__tau1,uncertainty_aware,40,0.44999999999999996,0.15191136719789716,1.0,2,20,1,0,0,15,0,16,1.0,48.25,16,1.0,0.6,0.4,1.0,0.7749999999999999,0.2250000000000001,1.0,0.95,0.050000000000000044
rel:13,rel:13|cond=rel:13:founding:anchor,uncertainty_aware__tau1,uncertainty_aware,80,0.44999999999999996,0.15191136719789716,1.0,2,20,1,0,0,15,0,16,1.0,48.25,16,1.0,0.6,0.4,1.0,0.7749999999999999,0.2250000000000001,1.0,0.95,0.050000000000000044
rel:14,rel:14|cond=rel:14:custom:anchor,blind,blind,40,,,,0,14,0,1,0,0,13,0,0.0,0.0,16,1.0,0.03333333333333334,0.9666666666666667,1.0,0.03333333333333334,0.9666666666666667,1.0,0.03333333333333334,0.9666666666666667
rel:14,rel:14|cond=rel:14:custom:anchor,blind,blind,80,,,,0,59,1,3,0,0,10,0,0.0,0.0,16,1.0,0.4083333333333333,0.5916666666666667,1.0,0.4083333333333333,0.5916666666666667,1.0,0.4583333333333333,0.5416666666666667
rel:14,rel:14|cond=rel:14:custom:anchor,oracle_exact,oracle_exact,40,,,,0,39,1,1,0,0,12,0,0.0,0.0,16,1.0,0.3833333333333333,0.6166666666666667,1.0,0.3833333333333333,0.6166666666666667,1.0,0.3833333333333333,0.6166666666666667
rel:14,rel:14|cond=rel:14:custom:anchor,oracle_exact,oracle_exact,80,,,,0,52,2,0,0,0,12,0,0.0,0.0,16,1.0,0.3833333333333333,0.6166666666666667,1.0,0.3833333333333333,0.6166666666666667,1.0,0.3833333333333333,0.6166666666666667
rel:14,rel:14|cond=rel:14:custom:anchor,pointer__sigma0p5,pointer,40,0.45,0.1788510987426215,0.7183332409583436,2,39,0,1,5,8,0,16,1.0,56.0,16,1.0,0.75,0.25,1.0,0.77,0.22999999999999998,1.0,0.825,0.17500000000000004
rel:14,rel:14|cond=rel:14:custom:anchor,pointer__sigma0p5,pointer,80,0.45,0.1788510987426215,0.7183332409583436,2,77,1,0,10,3,0,16,1.0,56.0,16,1.0,0.75,0.25,1.0,0.77,0.22999999999999998,1.0,0.825,0.17500000000000004
rel:14,rel:14|cond=rel:14:custom:anchor,pointer__sigma1,pointer,40,0.9,0.7582766571931676,0.0,2,29,0,1,3,10,0,16,1.0,56.0,16,1.0,0.6666666666666666,0.33333333333333337,1.0,0.7422222222222221,0.2577777777777779,1.0,0.825,0.17500000000000004
rel:14,rel:14|cond=rel:14:custom:anchor,pointer__sigma1,pointer,80,0.9,0.7582766571931676,0.0,2,42,1,0,3,10,0,16,1.0,56.0,16,1.0,0.75,0.25,1.0,0.77,0.22999999999999998,1.0,0.825,0.17500000000000004
rel:14,rel:14|cond=rel:14:custom:anchor,pointer__tau0p5,pointer,40,0.22499999999999998,0.03805118115463712,0.9151505959607085,2,39,0,1,5,8,0,16,1.0,56.0,16,1.0,0.75,0.25,1.0,0.77,0.22999999999999998,1.0,0.825,0.17500000000000004
rel:14,rel:14|cond=rel:14:custom:anchor,pointer__tau0p5,pointer,80,0.22499999999999998,0.03805118115463712,0.9151505959607085,2,77,1,0,10,3,0,16,1.0,56.0,16,1.0,0.75,0.25,1.0,0.77,0.22999999999999998,1.0,0.825,0.17500000000000004
rel:14,rel:14|cond=rel:14:custom:anchor,pointer__tau0,pointer,40,0.0,0.0,0.6783898247235198,2,39,0,1,5,8,0,16,1.0,56.0,16,1.0,0.75,0.25,1.0,0.77,0.22999999999999998,1.0,0.825,0.17500000000000004
rel:14,rel:14|cond=rel:14:custom:anchor,pointer__tau0,pointer,80,0.0,0.0,0.6783898247235198,2,77,1,0,10,3,0,16,1.0,56.0,16,1.0,0.75,0.25,1.0,0.77,0.22999999999999998,1.0,0.825,0.17500000000000004
rel:14,rel:14|cond=rel:14:custom:anchor,pointer__tau1,pointer,40,0.44999999999999996,0.15191136719789716,1.0,2,39,0,1,5,8,0,16,1.0,56.0,16,1.0,0.75,0.25,1.0,0.77,0.22999999999999998,1.0,0.825,0.17500000000000004
rel:14,rel:14|cond=rel:14:custom:anchor,pointer__tau1,pointer,80,0.44999999999999996,0.15191136719789716,1.0,2,77,1,0,10,3,0,16,1.0,56.0,16,1.0,0.75,0.25,1.0,0.77,0.22999999999999998,1.0,0.825,0.17500000000000004
rel:14,rel:14|cond=rel:14:custom:anchor,preserve__sigma0p5,preserve,40,0.45,0.1788510987426215,0.7183332409583436,0,23,0,2,0,0,12,0,0.0,0.0,16,1.0,0.03333333333333334,0.9666666666666667,1.0,0.03333333333333334,0.9666666666666667,1.0,0.08333333333333334,0.9166666666666666
rel:14,rel:14|cond=rel:14:custom:anchor,preserve__sigma0p5,preserve,80,0.45,0.1788510987426215,0.7183332409583436,0,60,2,1,0,0,11,0,0.0,0.0,16,1.0,0.3833333333333333,0.6166666666666667,1.0,0.3833333333333333,0.6166666666666667,1.0,0.43333333333333335,0.5666666666666667
rel:14,rel:14|cond=rel:14:custom:anchor,preserve__sigma1,preserve,40,0.9,0.7582766571931676,0.0,0,35,1,1,0,0,12,0,0.0,0.0,16,1.0,0.03333333333333334,0.9666666666666667,1.0,0.03333333333333334,0.9666666666666667,1.0,0.08333333333333334,0.9166666666666666
rel:14,rel:14|cond=rel:14:custom:anchor,preserve__sigma1,preserve,80,0.9,0.7582766571931676,0.0,0,74,3,0,0,0,11,0,0.0,0.0,16,1.0,0.03333333333333334,0.9666666666666667,1.0,0.053333333333333344,0.9466666666666667,1.0,0.10833333333333335,0.8916666666666666
rel:14,rel:14|cond=rel:14:custom:anchor,preserve__tau0p5,preserve,40,0.22499999999999998,0.03805118115463712,0.9151505959607085,0,26,0,2,0,0,12,0,0.0,0.0,16,1.0,0.3833333333333333,0.6166666666666667,1.0,0.3833333333333333,0.6166666666666667,1.0,0.3833333333333333,0.6166666666666667
rel:14,rel:14|cond=rel:14:custom:anchor,preserve__tau0p5,preserve,80,0.22499999999999998,0.03805118115463712,0.9151505959607085,0,61,2,1,0,0,11,0,0.0,0.0,16,1.0,0.3833333333333333,0.6166666666666667,1.0,0.39999999999999997,0.6000000000000001,1.0,0.43333333333333335,0.5666666666666667
rel:14,rel:14|cond=rel:14:custom:anchor,preserve__tau0,preserve,40,0.0,0.0,0.6783898247235198,0,26,0,2,0,0,12,0,0.0,0.0,16,1.0,0.3833333333333333,0.6166666666666667,1.0,0.38690476190476186,0.6130952380952381,1.0,0.3833333333333333,0.6166666666666667
rel:14,rel:14|cond=rel:14:custom:anchor,preserve__tau0,preserve,80,0.0,0.0,0.6783898247235198,0,64,2,1,0,0,11,0,0.0,0.0,16,1.0,0.5583333333333332,0.44166666666666676,1.0,0.5624999999999999,0.4375000000000001,1.0,0.5583333333333332,0.44166666666666676
rel:14,rel:14|cond=rel:14:custom:anchor,preserve__tau1,preserve,40,0.44999999999999996,0.15191136719789716,1.0,0,14,0,1,0,0,13,0,0.0,0.0,16,1.0,0.03333333333333334,0.9666666666666667,1.0,0.03333333333333334,0.9666666666666667,1.0,0.03333333333333334,0.9666666666666667
rel:14,rel:14|cond=rel:14:custom:anchor,preserve__tau1,preserve,80,0.44999999999999996,0.15191136719789716,1.0,0,59,1,3,0,0,10,0,0.0,0.0,16,1.0,0.4083333333333333,0.5916666666666667,1.0,0.4083333333333333,0.5916666666666667,1.0,0.4583333333333333,0.5416666666666667
rel:14,rel:14|cond=rel:14:custom:anchor,retrieval_only,retrieval_only,40,,,,2,14,0,1,0,13,0,16,1.0,56.0,16,1.0,0.6749999999999999,0.32500000000000007,1.0,0.7470833333333333,0.2529166666666667,1.0,0.825,0.17500000000000004
rel:14,rel:14|cond=rel:14:custom:anchor,retrieval_only,retrieval_only,80,,,,2,27,1,0,0,13,0,16,1.0,56.0,16,1.0,0.7,0.30000000000000004,1.0,0.7533333333333333,0.2466666666666667,1.0,0.825,0.17500000000000004
rel:14,rel:14|cond=rel:14:custom:anchor,static_conditioned,static_conditioned,40,,,,0,14,0,1,0,0,13,0,0.0,0.0,16,1.0,0.03333333333333334,0.9666666666666667,1.0,0.03333333333333334,0.9666666666666667,1.0,0.03333333333333334,0.9666666666666667
rel:14,rel:14|cond=rel:14:custom:anchor,static_conditioned,static_conditioned,80,,,,0,27,1,0,0,0,13,0,0.0,0.0,16,1.0,0.03333333333333334,0.9666666666666667,1.0,0.03333333333333334,0.9666666666666667,1.0,0.03333333333333334,0.9666666666666667
rel:14,rel:14|cond=rel:14:custom:anchor,uncertainty_aware__tau0,uncertainty_aware,40,0.0,0.0,0.6783898247235198,0,26,0,2,0,0,12,0,0.0,0.0,16,1.0,0.3833333333333333,0.6166666666666667,1.0,0.38690476190476186,0.6130952380952381,1.0,0.3833333333333333,0.6166666666666667
rel:14,rel:14|cond=rel:14:custom:anchor,uncertainty_aware__tau0,uncertainty_aware,80,0.0,0.0,0.6783898247235198,0,64,2,1,0,0,11,0,0.0,0.0,16,1.0,0.5583333333333332,0.44166666666666676,1.0,0.5624999999999999,0.4375000000000001,1.0,0.5583333333333332,0.44166666666666676
rel:14,rel:14|cond=rel:14:custom:anchor,uncertainty_aware__tau1,uncertainty_aware,40,0.44999999999999996,0.15191136719789716,1.0,2,14,0,1,0,13,0,16,1.0,56.0,16,1.0,0.6666666666666666,0.33333333333333337,1.0,0.7422222222222221,0.2577777777777779,1.0,0.825,0.17500000000000004
rel:14,rel:14|cond=rel:14:custom:anchor,uncertainty_aware__tau1,uncertainty_aware,80,0.44999999999999996,0.15191136719789716,1.0,2,27,1,0,0,13,0,16,1.0,56.0,16,1.0,0.725,0.275,1.0,0.7616666666666666,0.2383333333333334,1.0,0.825,0.17500000000000004
rel:14,rel:14|cond=rel:14:facilities:anchor,blind,blind,40,,,,0,9,0,1,0,0,13,0,0.0,0.0,16,0.0,0.0,0.0,0.0,0.0,0.0,1.0,0.03333333333333334,0.9666666666666667
rel:14,rel:14|cond=rel:14:facilities:anchor,blind,blind,80,,,,0,73,1,4,0,0,9,0,0.0,0.0,16,0.0,0.10000000000000002,-0.10000000000000002,0.0,0.3308333333333333,-0.3308333333333333,1.0,0.5166666666666667,0.4833333333333333
rel:14,rel:14|cond=rel:14:facilities:anchor,oracle_exact,oracle_exact,40,,,,0,36,1,1,0,0,12,0,0.0,0.0,16,0.0,0.0,0.0,0.0,0.24333333333333332,-0.24333333333333332,1.0,0.3833333333333333,0.6166666666666667
rel:14,rel:14|cond=rel:14:facilities:anchor,oracle_exact,oracle_exact,80,,,,0,48,2,0,0,0,12,0,0.0,0.0,16,0.0,0.0,0.0,0.0,0.2333333333333333,-0.2333333333333333,1.0,0.3833333333333333,0.6166666666666667
rel:14,rel:14|cond=rel:14:facilities:anchor,pointer__sigma0p5,pointer,40,0.45,0.1788510987426215,0.7183332409583436,2,39,0,1,6,7,0,16,1.0,57.4375,16,0.0,0.5333333333333333,-0.5333333333333333,0.0,0.8099999999999999,-0.8099999999999999,1.0,0.975,0.025000000000000022
rel:14,rel:14|cond=rel:14:facilities:anchor,pointer__sigma0p5,pointer,80,0.45,0.1788510987426215,0.7183332409583436,2,76,1,0,11,2,0,16,1.0,57.4375,16,0.0,0.9083333333333333,-0.9083333333333333,0.0,0.935,-0.935,1.0,0.975,0.025000000000000022
rel:14,rel:14|cond=rel:14:facilities:anchor,pointer__sigma1,pointer,40,0.9,0.7582766571931676,0.0,2,24,0,1,3,10,0,16,1.0,57.4375,16,0.0,0.5583333333333333,-0.5583333333333333,0.0,0.8183333333333334,-0.8183333333333334,1.0,0.975,0.025000000000000022
rel:14,rel:14|cond=rel:14:facilities:anchor,pointer__sigma1,pointer,80,0.9,0.7582766571931676,0.0,2,36,1,0,3,10,0,16,1.0,57.4375,16,0.0,0.7333333333333333,-0.7333333333333333,0.0,0.8766666666666667,-0.8766666666666667,1.0,0.975,0.025000000000000022
rel:14,rel:14|cond=rel:14:facilities:anchor,pointer__tau0p5,pointer,40,0.22499999999999998,0.038051181154637126,0.9151505959607085,2,39,0,1,6,7,0,16,1.0,57.4375,16,0.0,0.5333333333333333,-0.5333333333333333,0.0,0.8099999999999999,-0.8099999999999999,1.0,0.975,0.025000000000000022
rel:14,rel:14|cond=rel:14:facilities:anchor,pointer__tau0p5,pointer,80,0.22499999999999998,0.038051181154637126,0.9151505959607085,2,76,1,0,11,2,0,16,1.0,57.4375,16,0.0,0.9083333333333333,-0.9083333333333333,0.0,0.935,-0.935,1.0,0.975,0.025000000000000022
rel:14,rel:14|cond=rel:14:facilities:anchor,pointer__tau0,pointer,40,0.0,0.0,0.6783898247235198,2,39,0,1,6,7,0,16,1.0,57.4375,16,0.0,0.7083333333333333,-0.7083333333333333,0.0,0.8683333333333333,-0.8683333333333333,1.0,0.975,0.025000000000000022
rel:14,rel:14|cond=rel:14:facilities:anchor,pointer__tau0,pointer,80,0.0,0.0,0.6783898247235198,2,76,1,0,11,2,0,16,1.0,57.4375,16,0.0,0.9083333333333333,-0.9083333333333333,0.0,0.935,-0.935,1.0,0.975,0.025000000000000022
rel:14,rel:14|cond=rel:14:facilities:anchor,pointer__tau1,pointer,40,0.44999999999999996,0.1519113671978972,1.0,2,39,0,1,6,7,0,16,1.0,57.4375,16,0.0,0.7666666666666666,-0.7666666666666666,0.0,0.8833333333333333,-0.8833333333333333,1.0,0.975,0.025000000000000022
rel:14,rel:14|cond=rel:14:facilities:anchor,pointer__tau1,pointer,80,0.44999999999999996,0.1519113671978972,1.0,2,76,1,0,11,2,0,16,1.0,57.4375,16,0.0,0.9083333333333333,-0.9083333333333333,0.0,0.935,-0.935,1.0,0.975,0.025000000000000022
rel:14,rel:14|cond=rel:14:facilities:anchor,preserve__sigma0p5,preserve,40,0.45,0.1788510987426215,0.7183332409583436,0,32,0,3,0,0,11,0,0.0,0.0,16,0.0,0.225,-0.225,0.0,0.225,-0.225,1.0,0.25833333333333336,0.7416666666666667
rel:14,rel:14|cond=rel:14:facilities:anchor,preserve__sigma0p5,preserve,80,0.45,0.1788510987426215,0.7183332409583436,0,60,2,1,0,0,11,0,0.0,0.0,16,0.0,0.05000000000000001,-0.05000000000000001,0.0,0.2833333333333333,-0.2833333333333333,1.0,0.43333333333333335,0.5666666666666667
rel:14,rel:14|cond=rel:14:facilities:anchor,preserve__sigma1,preserve,40,0.9,0.7582766571931676,0.0,0,34,1,1,0,0,12,0,0.0,0.0,16,0.0,0.05000000000000001,-0.05000000000000001,0.0,0.1,-0.1,1.0,0.08333333333333334,0.9166666666666666
rel:14,rel:14|cond=rel:14:facilities:anchor,preserve__sigma1,preserve,80,0.9,0.7582766571931676,0.0,0,71,3,0,0,0,11,0,0.0,0.0,16,0.0,0.07500000000000001,-0.07500000000000001,0.0,0.07500000000000001,-0.07500000000000001,1.0,0.10833333333333335,0.8916666666666666
rel:14,rel:14|cond=rel:14:facilities:anchor,preserve__tau0p5,preserve,40,0.22499999999999998,0.038051181154637126,0.9151505959607085,0,23,0,2,0,0,12,0,0.0,0.0,16,0.0,0.0,0.0,0.0,0.24333333333333332,-0.24333333333333332,1.0,0.3833333333333333,0.6166666666666667
rel:14,rel:14|cond=rel:14:facilities:anchor,preserve__tau0p5,preserve,80,0.22499999999999998,0.038051181154637126,0.9151505959607085,0,48,2,0,0,0,12,0,0.0,0.0,16,0.0,0.0,0.0,0.0,0.2333333333333333,-0.2333333333333333,1.0,0.3833333333333333,0.6166666666666667
rel:14,rel:14|cond=rel:14:facilities:anchor,preserve__tau0,preserve,40,0.0,0.0,0.6783898247235198,0,23,0,2,0,0,12,0,0.0,0.0,16,0.0,0.0,0.0,0.0,0.24583333333333332,-0.24583333333333332,1.0,0.3833333333333333,0.6166666666666667
rel:14,rel:14|cond=rel:14:facilities:anchor,preserve__tau0,preserve,80,0.0,0.0,0.6783898247235198,0,59,2,1,0,0,11,0,0.0,0.0,16,0.0,0.0,0.0,0.0,0.3208333333333333,-0.3208333333333333,1.0,0.5583333333333332,0.44166666666666676
rel:14,rel:14|cond=rel:14:facilities:anchor,preserve__tau1,preserve,40,0.44999999999999996,0.1519113671978972,1.0,0,9,0,1,0,0,13,0,0.0,0.0,16,0.0,0.0,0.0,0.0,0.0,0.0,1.0,0.03333333333333334,0.9666666666666667
rel:14,rel:14|cond=rel:14:facilities:anchor,preserve__tau1,preserve,80,0.44999999999999996,0.1519113671978972,1.0,0,73,1,4,0,0,9,0,0.0,0.0,16,0.0,0.10000000000000002,-0.10000000000000002,0.0,0.3016666666666667,-0.3016666666666667,1.0,0.3416666666666667,0.6583333333333333
rel:14,rel:14|cond=rel:14:facilities:anchor,retrieval_only,retrieval_only,40,,,,2,9,0,1,0,13,0,16,1.0,57.4375,16,0.0,0.5583333333333333,-0.5583333333333333,0.0,0.8183333333333334,-0.8183333333333334,1.0,0.975,0.025000000000000022
rel:14,rel:14|cond=rel:14:facilities:anchor,retrieval_only,retrieval_only,80,,,,2,21,1,0,0,13,0,16,1.0,57.4375,16,0.0,0.5583333333333333,-0.5583333333333333,0.0,0.8183333333333334,-0.8183333333333334,1.0,0.975,0.025000000000000022
rel:14,rel:14|cond=rel:14:facilities:anchor,static_conditioned,static_conditioned,40,,,,0,9,0,1,0,0,13,0,0.0,0.0,16,0.0,0.0,0.0,0.0,0.0,0.0,1.0,0.03333333333333334,0.9666666666666667
rel:14,rel:14|cond=rel:14:facilities:anchor,static_conditioned,static_conditioned,80,,,,0,21,1,0,0,0,13,0,0.0,0.0,16,0.0,0.0,0.0,0.0,0.0,0.0,1.0,0.03333333333333334,0.9666666666666667
rel:14,rel:14|cond=rel:14:facilities:anchor,uncertainty_aware__tau0,uncertainty_aware,40,0.0,0.0,0.6783898247235198,0,23,0,2,0,0,12,0,0.0,0.0,16,0.0,0.0,0.0,0.0,0.24333333333333332,-0.24333333333333332,1.0,0.3833333333333333,0.6166666666666667
rel:14,rel:14|cond=rel:14:facilities:anchor,uncertainty_aware__tau0,uncertainty_aware,80,0.0,0.0,0.6783898247235198,0,59,2,1,0,0,11,0,0.0,0.0,16,0.0,0.0,0.0,0.0,0.3208333333333333,-0.3208333333333333,1.0,0.5583333333333332,0.44166666666666676
rel:14,rel:14|cond=rel:14:facilities:anchor,uncertainty_aware__tau1,uncertainty_aware,40,0.44999999999999996,0.1519113671978972,1.0,2,9,0,1,0,13,0,16,1.0,57.4375,16,0.0,0.5583333333333333,-0.5583333333333333,0.0,0.8183333333333334,-0.8183333333333334,1.0,0.975,0.025000000000000022
rel:14,rel:14|cond=rel:14:facilities:anchor,uncertainty_aware__tau1,uncertainty_aware,80,0.44999999999999996,0.1519113671978972,1.0,2,21,1,0,0,13,0,16,1.0,57.4375,16,0.0,0.5583333333333333,-0.5583333333333333,0.0,0.8183333333333334,-0.8183333333333334,1.0,0.975,0.025000000000000022
rel:14,rel:14|cond=rel:14:finance:anchor,blind,blind,40,,,,0,14,0,1,0,0,13,0,0.0,0.0,16,0.0,0.0,0.0,0.6666666666666666,0.022222222222222227,0.6444444444444444,1.0,0.03333333333333334,0.9666666666666667
rel:14,rel:14|cond=rel:14:finance:anchor,blind,blind,80,,,,0,59,1,3,0,0,10,0,0.0,0.0,16,0.0,0.08333333333333334,-0.08333333333333334,0.6666666666666666,0.10555555555555557,0.5611111111111111,1.0,0.16666666666666669,0.8333333333333333
rel:14,rel:14|cond=rel:14:finance:anchor,oracle_exact,oracle_exact,40,,,,0,28,0,2,0,0,12,0,0.0,0.0,16,0.0,0.35,-0.35,0.6666666666666666,0.37222222222222223,0.2944444444444444,1.0,0.3833333333333333,0.6166666666666667
rel:14,rel:14|cond=rel:14:finance:anchor,oracle_exact,oracle_exact,80,,,,0,54,2,0,0,0,12,0,0.0,0.0,16,1.0,0.35,0.65,1.0,0.37222222222222223,0.6277777777777778,1.0,0.3833333333333333,0.6166666666666667
rel:14,rel:14|cond=rel:14:finance:anchor,pointer__sigma0p5,pointer,40,0.45,0.1788510987426215,0.7183332409583437,2,39,0,1,5,8,0,16,1.0,55.6875,16,0.0,0.8666666666666667,-0.8666666666666667,0.6666666666666666,0.9088888888888889,-0.24222222222222223,1.0,0.975,0.025000000000000022
rel:14,rel:14|cond=rel:14:finance:anchor,pointer__sigma0p5,pointer,80,0.45,0.1788510987426215,0.7183332409583437,2,77,1,0,10,3,0,16,1.0,55.6875,16,1.0,0.725,0.275,1.0,0.8616666666666667,0.1383333333333333,1.0,0.975,0.025000000000000022
rel:14,rel:14|cond=rel:14:finance:anchor,pointer__sigma1,pointer,40,0.9,0.7582766571931676,0.0,2,29,0,1,3,10,0,16,1.0,55.6875,16,0.0,0.8666666666666667,-0.8666666666666667,0.6666666666666666,0.9088888888888889,-0.24222222222222223,1.0,0.975,0.025000000000000022
rel:14,rel:14|cond=rel:14:finance:anchor,pointer__sigma1,pointer,80,0.9,0.7582766571931676,0.0,2,42,1,0,3,10,0,16,1.0,55.6875,16,1.0,0.6916666666666667,0.30833333333333335,1.0,0.8505555555555555,0.1494444444444445,1.0,0.975,0.025000000000000022
rel:14,rel:14|cond=rel:14:finance:anchor,pointer__tau0p5,pointer,40,0.22499999999999998,0.038051181154637126,0.9151505959607087,2,39,0,1,5,8,0,16,1.0,55.6875,16,0.0,0.8666666666666667,-0.8666666666666667,0.6666666666666666,0.9088888888888889,-0.24222222222222223,1.0,0.975,0.025000000000000022
rel:14,rel:14|cond=rel:14:finance:anchor,pointer__tau0p5,pointer,80,0.22499999999999998,0.038051181154637126,0.9151505959607087,2,77,1,0,10,3,0,16,1.0,55.6875,16,1.0,0.725,0.275,1.0,0.8616666666666667,0.1383333333333333,1.0,0.975,0.025000000000000022
rel:14,rel:14|cond=rel:14:finance:anchor,pointer__tau0,pointer,40,0.0,0.0,0.6783898247235198,2,39,0,1,5,8,0,16,1.0,55.6875,16,0.0,0.8666666666666667,-0.8666666666666667,0.6666666666666666,0.9088888888888889,-0.24222222222222223,1.0,0.975,0.025000000000000022
rel:14,rel:14|cond=rel:14:finance:anchor,pointer__tau0,pointer,80,0.0,0.0,0.6783898247235198,2,77,1,0,10,3,0,16,1.0,55.6875,16,1.0,0.725,0.275,1.0,0.8616666666666667,0.1383333333333333,1.0,0.975,0.025000000000000022
rel:14,rel:14|cond=rel:14:finance:anchor,pointer__tau1,pointer,40,0.44999999999999996,0.1519113671978972,1.0,2,39,0,1,5,8,0,16,1.0,55.6875,16,0.0,0.8666666666666667,-0.8666666666666667,0.6666666666666666,0.9088888888888889,-0.24222222222222223,1.0,0.975,0.025000000000000022
rel:14,rel:14|cond=rel:14:finance:anchor,pointer__tau1,pointer,80,0.44999999999999996,0.1519113671978972,1.0,2,77,1,0,10,3,0,16,1.0,55.6875,16,1.0,0.725,0.275,1.0,0.8616666666666667,0.1383333333333333,1.0,0.975,0.025000000000000022
rel:14,rel:14|cond=rel:14:finance:anchor,preserve__sigma0p5,preserve,40,0.45,0.1788510987426215,0.7183332409583437,0,26,0,2,0,0,12,0,0.0,0.0,16,0.0,0.05000000000000001,-0.05000000000000001,0.6666666666666666,0.07222222222222224,0.5944444444444443,1.0,0.08333333333333334,0.9166666666666666
rel:14,rel:14|cond=rel:14:finance:anchor,preserve__sigma0p5,preserve,80,0.45,0.1788510987426215,0.7183332409583437,0,66,2,1,0,0,11,0,0.0,0.0,16,1.0,0.39999999999999997,0.6000000000000001,1.0,0.42676767676767674,0.5732323232323233,1.0,0.43333333333333335,0.5666666666666667
rel:14,rel:14|cond=rel:14:finance:anchor,preserve__sigma1,preserve,40,0.9,0.7582766571931676,0.0,0,39,1,1,0,0,12,0,0.0,0.0,16,0.0,0.05000000000000001,-0.05000000000000001,0.6666666666666666,0.07222222222222224,0.5944444444444443,1.0,0.08333333333333334,0.9166666666666666
rel:14,rel:14|cond=rel:14:finance:anchor,preserve__sigma1,preserve,80,0.9,0.7582766571931676,0.0,0,77,3,0,0,0,11,0,0.0,0.0,16,0.0,0.10833333333333335,-0.10833333333333335,0.6666666666666666,0.11785714285714288,0.5488095238095237,1.0,0.10833333333333335,0.8916666666666666
rel:14,rel:14|cond=rel:14:finance:anchor,preserve__tau0p5,preserve,40,0.22499999999999998,0.038051181154637126,0.9151505959607087,0,14,0,1,0,0,13,0,0.0,0.0,16,0.0,0.0,0.0,0.6666666666666666,0.022222222222222227,0.6444444444444444,1.0,0.03333333333333334,0.9666666666666667
rel:14,rel:14|cond=rel:14:finance:anchor,preserve__tau0p5,preserve,80,0.22499999999999998,0.038051181154637126,0.9151505959607087,0,50,1,2,0,0,11,0,0.0,0.0,16,0.0,0.35,-0.35,0.6666666666666666,0.37222222222222223,0.2944444444444444,1.0,0.43333333333333335,0.5666666666666667
rel:14,rel:14|cond=rel:14:finance:anchor,preserve__tau0,preserve,40,0.0,0.0,0.6783898247235198,0,28,0,2,0,0,12,0,0.0,0.0,16,0.0,0.35,-0.35,0.6666666666666666,0.37222222222222223,0.2944444444444444,1.0,0.3833333333333333,0.6166666666666667
rel:14,rel:14|cond=rel:14:finance:anchor,preserve__tau0,preserve,80,0.0,0.0,0.6783898247235198,0,54,2,0,0,0,12,0,0.0,0.0,16,0.0,0.35,-0.35,0.6666666666666666,0.37222222222222223,0.2944444444444444,1.0,0.3833333333333333,0.6166666666666667
rel:14,rel:14|cond=rel:14:finance:anchor,preserve__tau1,preserve,40,0.44999999999999996,0.1519113671978972,1.0,0,14,0,1,0,0,13,0,0.0,0.0,16,0.0,0.0,0.0,0.6666666666666666,0.022222222222222227,0.6444444444444444,1.0,0.03333333333333334,0.9666666666666667
rel:14,rel:14|cond=rel:14:finance:anchor,preserve__tau1,preserve,80,0.44999999999999996,0.1519113671978972,1.0,0,59,1,3,0,0,10,0,0.0,0.0,16,0.0,0.08333333333333334,-0.08333333333333334,0.6666666666666666,0.10555555555555557,0.5611111111111111,1.0,0.16666666666666669,0.8333333333333333
rel:14,rel:14|cond=rel:14:finance:anchor,retrieval_only,retrieval_only,40,,,,2,14,0,1,0,13,0,16,1.0,55.6875,16,0.0,0.6916666666666667,-0.6916666666666667,0.6666666666666666,0.8505555555555555,-0.18388888888888888,1.0,0.975,0.025000000000000022
rel:14,rel:14|cond=rel:14:finance:anchor,retrieval_only,retrieval_only,80,,,,2,27,1,0,0,13,0,16,1.0,55.6875,16,0.0,0.8666666666666667,-0.8666666666666667,0.6666666666666666,0.9088888888888889,-0.24222222222222223,1.0,0.975,0.025000000000000022
rel:14,rel:14|cond=rel:14:finance:anchor,static_conditioned,static_conditioned,40,,,,0,14,0,1,0,0,13,0,0.0,0.0,16,0.0,0.0,0.0,0.6666666666666666,0.022222222222222227,0.6444444444444444,1.0,0.03333333333333334,0.9666666666666667
rel:14,rel:14|cond=rel:14:finance:anchor,static_conditioned,static_conditioned,80,,,,0,27,1,0,0,0,13,0,0.0,0.0,16,0.0,0.0,0.0,0.6666666666666666,0.026388888888888896,0.6402777777777777,1.0,0.03333333333333334,0.9666666666666667
rel:14,rel:14|cond=rel:14:finance:anchor,uncertainty_aware__tau0,uncertainty_aware,40,0.0,0.0,0.6783898247235198,0,28,0,2,0,0,12,0,0.0,0.0,16,0.0,0.35,-0.35,0.6666666666666666,0.37222222222222223,0.2944444444444444,1.0,0.3833333333333333,0.6166666666666667
rel:14,rel:14|cond=rel:14:finance:anchor,uncertainty_aware__tau0,uncertainty_aware,80,0.0,0.0,0.6783898247235198,0,54,2,0,0,0,12,0,0.0,0.0,16,1.0,0.35,0.65,1.0,0.37222222222222223,0.6277777777777778,1.0,0.3833333333333333,0.6166666666666667
rel:14,rel:14|cond=rel:14:finance:anchor,uncertainty_aware__tau1,uncertainty_aware,40,0.44999999999999996,0.1519113671978972,1.0,2,14,0,1,0,13,0,16,1.0,55.6875,16,0.0,0.6916666666666667,-0.6916666666666667,0.6666666666666666,0.8505555555555555,-0.18388888888888888,1.0,0.975,0.025000000000000022
rel:14,rel:14|cond=rel:14:finance:anchor,uncertainty_aware__tau1,uncertainty_aware,80,0.44999999999999996,0.1519113671978972,1.0,2,27,1,0,0,13,0,16,1.0,55.6875,16,0.0,0.6916666666666667,-0.6916666666666667,0.6666666666666666,0.8505555555555555,-0.18388888888888888,1.0,0.975,0.025000000000000022
rel:14,rel:14|cond=rel:14:founding:anchor,blind,blind,40,,,,0,12,0,1,0,0,13,0,0.0,0.0,16,1.0,0.03333333333333334,0.9666666666666667,1.0,0.03333333333333334,0.9666666666666667,1.0,0.03333333333333334,0.9666666666666667
rel:14,rel:14|cond=rel:14:founding:anchor,blind,blind,80,,,,0,74,1,4,0,0,9,0,0.0,0.0,16,1.0,0.1166666666666667,0.8833333333333333,1.0,0.15000000000000002,0.85,1.0,0.5166666666666667,0.4833333333333333
rel:14,rel:14|cond=rel:14:founding:anchor,oracle_exact,oracle_exact,40,,,,0,33,1,1,0,0,12,0,0.0,0.0,16,1.0,0.03333333333333334,0.9666666666666667,1.0,0.03333333333333334,0.9666666666666667,1.0,0.3833333333333333,0.6166666666666667
rel:14,rel:14|cond=rel:14:founding:anchor,oracle_exact,oracle_exact,80,,,,0,46,2,0,0,0,12,0,0.0,0.0,16,1.0,0.03333333333333334,0.9666666666666667,1.0,0.03333333333333334,0.9666666666666667,1.0,0.3833333333333333,0.6166666666666667
rel:14,rel:14|cond=rel:14:founding:anchor,pointer__sigma0p5,pointer,40,0.45,0.1788510987426215,0.7183332409583436,2,37,0,1,5,8,0,16,1.0,55.6875,16,1.0,0.45000000000000007,0.5499999999999999,1.0,0.6066666666666667,0.3933333333333333,1.0,1.0,0.0
rel:14,rel:14|cond=rel:14:founding:anchor,pointer__sigma0p5,pointer,80,0.45,0.1788510987426215,0.7183332409583436,2,80,1,0,11,2,0,16,1.0,55.6875,16,1.0,0.47500000000000003,0.5249999999999999,1.0,0.6150000000000001,0.3849999999999999,1.0,1.0,0.0
rel:14,rel:14|cond=rel:14:founding:anchor,pointer__sigma1,pointer,40,0.9,0.7582766571931676,0.0,2,22,0,1,2,11,0,16,1.0,55.6875,16,1.0,0.47500000000000003,0.5249999999999999,1.0,0.6150000000000001,0.3849999999999999,1.0,1.0,0.0
rel:14,rel:14|cond=rel:14:founding:anchor,pointer__sigma1,pointer,80,0.9,0.7582766571931676,0.0,2,35,1,0,2,11,0,16,1.0,55.6875,16,1.0,0.42500000000000004,0.575,1.0,0.5983333333333334,0.4016666666666666,1.0,1.0,0.0
rel:14,rel:14|cond=rel:14:founding:anchor,pointer__tau0p5,pointer,40,0.22499999999999998,0.03805118115463712,0.9151505959607085,2,37,0,1,5,8,0,16,1.0,55.6875,16,1.0,0.47500000000000003,0.5249999999999999,1.0,0.6150000000000001,0.3849999999999999,1.0,1.0,0.0
rel:14,rel:14|cond=rel:14:founding:anchor,pointer__tau0p5,pointer,80,0.22499999999999998,0.03805118115463712,0.9151505959607085,2,80,1,0,11,2,0,16,1.0,55.6875,16,1.0,0.47500000000000003,0.5249999999999999,1.0,0.6150000000000001,0.3849999999999999,1.0,1.0,0.0
rel:14,rel:14|cond=rel:14:founding:anchor,pointer__tau0,pointer,40,0.0,0.0,0.6783898247235198,2,37,0,1,5,8,0,16,1.0,55.6875,16,1.0,0.47500000000000003,0.5249999999999999,1.0,0.6150000000000001,0.3849999999999999,1.0,1.0,0.0
rel:14,rel:14|cond=rel:14:founding:anchor,pointer__tau0,pointer,80,0.0,0.0,0.6783898247235198,2,80,1,0,11,2,0,16,1.0,55.6875,16,1.0,0.47500000000000003,0.5249999999999999,1.0,0.6150000000000001,0.3849999999999999,1.0,1.0,0.0
rel:14,rel:14|cond=rel:14:founding:anchor,pointer__tau1,pointer,40,0.44999999999999996,0.15191136719789716,1.0,2,37,0,1,5,8,0,16,1.0,55.6875,16,1.0,0.45000000000000007,0.5499999999999999,1.0,0.6066666666666667,0.3933333333333333,1.0,1.0,0.0
rel:14,rel:14|cond=rel:14:founding:anchor,pointer__tau1,pointer,80,0.44999999999999996,0.15191136719789716,1.0,2,80,1,0,11,2,0,16,1.0,55.6875,16,1.0,0.47500000000000003,0.5249999999999999,1.0,0.6150000000000001,0.3849999999999999,1.0,1.0,0.0
rel:14,rel:14|cond=rel:14:founding:anchor,preserve__sigma0p5,preserve,40,0.45,0.1788510987426215,0.7183332409583436,0,33,0,3,0,0,11,0,0.0,0.0,16,1.0,0.06666666666666668,0.9333333333333333,1.0,0.06666666666666668,0.9333333333333333,1.0,0.41666666666666663,0.5833333333333334
rel:14,rel:14|cond=rel:14:founding:anchor,preserve__sigma0p5,preserve,80,0.45,0.1788510987426215,0.7183332409583436,0,59,2,1,0,0,11,0,0.0,0.0,16,1.0,0.06666666666666668,0.9333333333333333,1.0,0.06666666666666668,0.9333333333333333,1.0,0.41666666666666663,0.5833333333333334
rel:14,rel:14|cond=rel:14:founding:anchor,preserve__sigma1,preserve,40,0.9,0.7582766571931676,0.0,0,37,1,1,0,0,12,0,0.0,0.0,16,1.0,0.06666666666666668,0.9333333333333333,1.0,0.06666666666666668,0.9333333333333333,1.0,0.06666666666666668,0.9333333333333333
rel:14,rel:14|cond=rel:14:founding:anchor,preserve__sigma1,preserve,80,0.9,0.7582766571931676,0.0,0,78,3,0,0,0,11,0,0.0,0.0,16,1.0,0.10000000000000002,0.9,1.0,0.10000000000000002,0.9,1.0,0.10000000000000002,0.9
rel:14,rel:14|cond=rel:14:founding:anchor,preserve__tau0p5,preserve,40,0.22499999999999998,0.03805118115463712,0.9151505959607085,0,21,0,2,0,0,12,0,0.0,0.0,16,1.0,0.03333333333333334,0.9666666666666667,1.0,0.03333333333333334,0.9666666666666667,1.0,0.3833333333333333,0.6166666666666667
rel:14,rel:14|cond=rel:14:founding:anchor,preserve__tau0p5,preserve,80,0.22499999999999998,0.03805118115463712,0.9151505959607085,0,46,2,0,0,0,12,0,0.0,0.0,16,1.0,0.03333333333333334,0.9666666666666667,1.0,0.03333333333333334,0.9666666666666667,1.0,0.3833333333333333,0.6166666666666667
rel:14,rel:14|cond=rel:14:founding:anchor,preserve__tau0,preserve,40,0.0,0.0,0.6783898247235198,0,21,0,2,0,0,12,0,0.0,0.0,16,1.0,0.03333333333333334,0.9666666666666667,1.0,0.03333333333333334,0.9666666666666667,1.0,0.3833333333333333,0.6166666666666667
rel:14,rel:14|cond=rel:14:founding:anchor,preserve__tau0,preserve,80,0.0,0.0,0.6783898247235198,0,58,2,1,0,0,11,0,0.0,0.0,16,1.0,0.03333333333333334,0.9666666666666667,1.0,0.17333333333333334,0.8266666666666667,1.0,0.5583333333333332,0.44166666666666676
rel:14,rel:14|cond=rel:14:founding:anchor,preserve__tau1,preserve,40,0.44999999999999996,0.15191136719789716,1.0,0,12,0,1,0,0,13,0,0.0,0.0,16,1.0,0.03333333333333334,0.9666666666666667,1.0,0.03333333333333334,0.9666666666666667,1.0,0.03333333333333334,0.9666666666666667
rel:14,rel:14|cond=rel:14:founding:anchor,preserve__tau1,preserve,80,0.44999999999999996,0.15191136719789716,1.0,0,74,1,4,0,0,9,0,0.0,0.0,16,1.0,0.1166666666666667,0.8833333333333333,1.0,0.15000000000000002,0.85,1.0,0.5166666666666667,0.4833333333333333
rel:14,rel:14|cond=rel:14:founding:anchor,retrieval_only,retrieval_only,40,,,,2,12,0,1,0,13,0,16,1.0,55.6875,16,1.0,0.42500000000000004,0.575,1.0,0.5983333333333334,0.4016666666666666,1.0,1.0,0.0
rel:14,rel:14|cond=rel:14:founding:anchor,retrieval_only,retrieval_only,80,,,,2,25,1,0,0,13,0,16,1.0,55.6875,16,1.0,0.42500000000000004,0.575,1.0,0.5983333333333334,0.4016666666666666,1.0,1.0,0.0
rel:14,rel:14|cond=rel:14:founding:anchor,static_conditioned,static_conditioned,40,,,,0,12,0,1,0,0,13,0,0.0,0.0,16,1.0,0.03333333333333334,0.9666666666666667,1.0,0.03333333333333334,0.9666666666666667,1.0,0.03333333333333334,0.9666666666666667
rel:14,rel:14|cond=rel:14:founding:anchor,static_conditioned,static_conditioned,80,,,,0,25,1,0,0,0,13,0,0.0,0.0,16,1.0,0.03333333333333334,0.9666666666666667,1.0,0.040476190476190485,0.9595238095238096,1.0,0.03333333333333334,0.9666666666666667
rel:14,rel:14|cond=rel:14:founding:anchor,uncertainty_aware__tau0,uncertainty_aware,40,0.0,0.0,0.6783898247235198,0,21,0,2,0,0,12,0,0.0,0.0,16,1.0,0.03333333333333334,0.9666666666666667,1.0,0.03333333333333334,0.9666666666666667,1.0,0.3833333333333333,0.6166666666666667
rel:14,rel:14|cond=rel:14:founding:anchor,uncertainty_aware__tau0,uncertainty_aware,80,0.0,0.0,0.6783898247235198,0,58,2,1,0,0,11,0,0.0,0.0,16,1.0,0.03333333333333334,0.9666666666666667,1.0,0.17333333333333334,0.8266666666666667,1.0,0.5583333333333332,0.44166666666666676
rel:14,rel:14|cond=rel:14:founding:anchor,uncertainty_aware__tau1,uncertainty_aware,40,0.44999999999999996,0.15191136719789716,1.0,2,12,0,1,0,13,0,16,1.0,55.6875,16,1.0,0.4,0.6,1.0,0.5900000000000001,0.4099999999999999,1.0,1.0,0.0
rel:14,rel:14|cond=rel:14:founding:anchor,uncertainty_aware__tau1,uncertainty_aware,80,0.44999999999999996,0.15191136719789716,1.0,2,25,1,0,0,13,0,16,1.0,55.6875,16,1.0,0.4,0.6,1.0,0.5900000000000001,0.4099999999999999,1.0,1.0,0.0
rel:15,rel:15|cond=rel:15:custom:anchor,blind,blind,40,,,,0,14,0,1,0,0,14,0,0.0,0.0,16,1.0,0.03333333333333334,0.9666666666666667,1.0,0.03333333333333334,0.9666666666666667,1.0,0.03333333333333334,0.9666666666666667
rel:15,rel:15|cond=rel:15:custom:anchor,blind,blind,80,,,,0,56,1,2,0,0,12,0,0.0,0.0,16,1.0,0.05833333333333335,0.9416666666666667,1.0,0.28583333333333333,0.7141666666666666,1.0,0.23333333333333334,0.7666666666666666
rel:15,rel:15|cond=rel:15:custom:anchor,oracle_exact,oracle_exact,40,,,,0,39,1,1,0,0,13,0,0.0,0.0,16,1.0,0.3833333333333333,0.6166666666666667,1.0,0.3833333333333333,0.6166666666666667,1.0,0.3833333333333333,0.6166666666666667
rel:15,rel:15|cond=rel:15:custom:anchor,oracle_exact,oracle_exact,80,,,,0,57,2,0,0,0,13,0,0.0,0.0,16,1.0,0.3833333333333333,0.6166666666666667,1.0,0.3833333333333333,0.6166666666666667,1.0,0.3833333333333333,0.6166666666666667
rel:15,rel:15|cond=rel:15:custom:anchor,pointer__sigma0p5,pointer,40,0.45,0.1788510987426215,0.7183332409583436,2,39,0,1,5,9,0,16,1.0,58.0625,16,1.0,0.5750000000000001,0.42499999999999993,1.0,0.7166666666666667,0.2833333333333333,1.0,0.7999999999999999,0.20000000000000007
rel:15,rel:15|cond=rel:15:custom:anchor,pointer__sigma0p5,pointer,80,0.45,0.1788510987426215,0.7183332409583436,2,77,1,0,9,5,0,16,1.0,58.0625,16,1.0,0.5750000000000001,0.42499999999999993,1.0,0.7166666666666667,0.2833333333333333,1.0,0.7999999999999999,0.20000000000000007
rel:15,rel:15|cond=rel:15:custom:anchor,pointer__sigma1,pointer,40,0.9,0.7582766571931676,0.0,2,29,0,1,3,11,0,16,1.0,58.0625,16,1.0,0.5750000000000001,0.42499999999999993,1.0,0.7166666666666667,0.2833333333333333,1.0,0.7999999999999999,0.20000000000000007
rel:15,rel:15|cond=rel:15:custom:anchor,pointer__sigma1,pointer,80,0.9,0.7582766571931676,0.0,2,47,1,0,3,11,0,16,1.0,58.0625,16,1.0,0.5750000000000001,0.42499999999999993,1.0,0.7166666666666667,0.2833333333333333,1.0,0.7999999999999999,0.20000000000000007
rel:15,rel:15|cond=rel:15:custom:anchor,pointer__tau0p5,pointer,40,0.22499999999999998,0.03805118115463712,0.9151505959607085,2,39,0,1,5,9,0,16,1.0,58.0625,16,1.0,0.5750000000000001,0.42499999999999993,1.0,0.7166666666666667,0.2833333333333333,1.0,0.7999999999999999,0.20000000000000007
rel:15,rel:15|cond=rel:15:custom:anchor,pointer__tau0p5,pointer,80,0.22499999999999998,0.03805118115463712,0.9151505959607085,2,77,1,0,9,5,0,16,1.0,58.0625,16,1.0,0.5750000000000001,0.42499999999999993,1.0,0.7166666666666667,0.2833333333333333,1.0,0.7999999999999999,0.20000000000000007
rel:15,rel:15|cond=rel:15:custom:anchor,pointer__tau0,pointer,40,0.0,0.0,0.6783898247235198,2,39,0,1,5,9,0,16,1.0,58.0625,16,1.0,0.5750000000000001,0.42499999999999993,1.0,0.7166666666666667,0.2833333333333333,1.0,0.7999999999999999,0.20000000000000007
rel:15,rel:15|cond=rel:15:custom:anchor,pointer__tau0,pointer,80,0.0,0.0,0.6783898247235198,2,77,1,0,9,5,0,16,1.0,58.0625,16,1.0,0.5750000000000001,0.42499999999999993,1.0,0.7166666666666667,0.2833333333333333,1.0,0.7999999999999999,0.20000000000000007
rel:15,rel:15|cond=rel:15:custom:anchor,pointer__tau1,pointer,40,0.44999999999999996,0.15191136719789716,1.0,2,39,0,1,5,9,0,16,1.0,58.0625,16,1.0,0.5750000000000001,0.42499999999999993,1.0,0.7166666666666667,0.2833333333333333,1.0,0.7999999999999999,0.20000000000000007
rel:15,rel:15|cond=rel:15:custom:anchor,pointer__tau1,pointer,80,0.44999999999999996,0.15191136719789716,1.0,2,77,1,0,9,5,0,16,1.0,58.0625,16,1.0,0.5750000000000001,0.42499999999999993,1.0,0.7166666666666667,0.2833333333333333,1.0,0.7999999999999999,0.20000000000000007
rel:15,rel:15|cond=rel:15:custom:anchor,preserve__sigma0p5,preserve,40,0.45,0.1788510987426215,0.7183332409583436,0,28,0,2,0,0,13,0,0.0,0.0,16,1.0,0.05833333333333335,0.9416666666666667,1.0,0.05833333333333335,0.9416666666666667,1.0,0.05833333333333335,0.9416666666666667
rel:15,rel:15|cond=rel:15:custom:anchor,preserve__sigma0p5,preserve,80,0.45,0.1788510987426215,0.7183332409583436,0,62,1,2,0,0,12,0,0.0,0.0,16,1.0,0.03333333333333334,0.9666666666666667,1.0,0.045833333333333344,0.9541666666666666,1.0,0.08333333333333334,0.9166666666666666
rel:15,rel:15|cond=rel:15:custom:anchor,preserve__sigma1,preserve,40,0.9,0.7582766571931676,0.0,0,32,0,2,0,0,13,0,0.0,0.0,16,1.0,0.03333333333333334,0.9666666666666667,1.0,0.045833333333333344,0.9541666666666666,1.0,0.08333333333333334,0.9166666666666666
rel:15,rel:15|cond=rel:15:custom:anchor,preserve__sigma1,preserve,80,0.9,0.7582766571931676,0.0,0,67,2,0,0,0,13,0,0.0,0.0,16,1.0,0.03333333333333334,0.9666666666666667,1.0,0.05833333333333335,0.9416666666666667,1.0,0.08333333333333334,0.9166666666666666
rel:15,rel:15|cond=rel:15:custom:anchor,preserve__tau0p5,preserve,40,0.22499999999999998,0.03805118115463712,0.9151505959607085,0,26,0,2,0,0,13,0,0.0,0.0,16,1.0,0.03333333333333334,0.9666666666666667,1.0,0.3133333333333333,0.6866666666666668,1.0,0.3833333333333333,0.6166666666666667
rel:15,rel:15|cond=rel:15:custom:anchor,preserve__tau0p5,preserve,80,0.22499999999999998,0.03805118115463712,0.9151505959607085,0,44,1,1,0,0,13,0,0.0,0.0,16,1.0,0.03333333333333334,0.9666666666666667,1.0,0.12083333333333333,0.8791666666666667,1.0,0.03333333333333334,0.9666666666666667
rel:15,rel:15|cond=rel:15:custom:anchor,preserve__tau0,preserve,40,0.0,0.0,0.6783898247235198,0,26,0,2,0,0,13,0,0.0,0.0,16,1.0,0.03333333333333334,0.9666666666666667,1.0,0.3133333333333333,0.6866666666666668,1.0,0.3833333333333333,0.6166666666666667
rel:15,rel:15|cond=rel:15:custom:anchor,preserve__tau0,preserve,80,0.0,0.0,0.6783898247235198,0,57,2,0,0,0,13,0,0.0,0.0,16,1.0,0.3833333333333333,0.6166666666666667,1.0,0.3833333333333333,0.6166666666666667,1.0,0.3833333333333333,0.6166666666666667
rel:15,rel:15|cond=rel:15:custom:anchor,preserve__tau1,preserve,40,0.44999999999999996,0.15191136719789716,1.0,0,14,0,1,0,0,14,0,0.0,0.0,16,1.0,0.03333333333333334,0.9666666666666667,1.0,0.03333333333333334,0.9666666666666667,1.0,0.03333333333333334,0.9666666666666667
rel:15,rel:15|cond=rel:15:custom:anchor,preserve__tau1,preserve,80,0.44999999999999996,0.15191136719789716,1.0,0,56,1,2,0,0,12,0,0.0,0.0,16,1.0,0.05833333333333335,0.9416666666666667,1.0,0.28583333333333333,0.7141666666666666,1.0,0.23333333333333334,0.7666666666666666
rel:15,rel:15|cond=rel:15:custom:anchor,retrieval_only,retrieval_only,40,,,,2,14,0,1,0,14,0,16,1.0,58.0625,16,1.0,0.5416666666666666,0.45833333333333337,1.0,0.6708333333333333,0.3291666666666667,1.0,0.7666666666666666,0.2333333333333334
rel:15,rel:15|cond=rel:15:custom:anchor,retrieval_only,retrieval_only,80,,,,2,32,1,0,0,14,0,16,1.0,58.0625,16,1.0,0.5416666666666666,0.45833333333333337,1.0,0.6583333333333333,0.3416666666666667,1.0,0.7666666666666666,0.2333333333333334
rel:15,rel:15|cond=rel:15:custom:anchor,static_conditioned,static_conditioned,40,,,,0,14,0,1,0,0,14,0,0.0,0.0,16,1.0,0.03333333333333334,0.9666666666666667,1.0,0.03333333333333334,0.9666666666666667,1.0,0.03333333333333334,0.9666666666666667
rel:15,rel:15|cond=rel:15:custom:anchor,static_conditioned,static_conditioned,80,,,,0,32,1,0,0,0,14,0,0.0,0.0,16,1.0,0.03333333333333334,0.9666666666666667,1.0,0.03333333333333334,0.9666666666666667,1.0,0.03333333333333334,0.9666666666666667
rel:15,rel:15|cond=rel:15:custom:anchor,uncertainty_aware__tau0,uncertainty_aware,40,0.0,0.0,0.6783898247235198,0,26,0,2,0,0,13,0,0.0,0.0,16,1.0,0.03333333333333334,0.9666666666666667,1.0,0.3133333333333333,0.6866666666666668,1.0,0.3833333333333333,0.6166666666666667
rel:15,rel:15|cond=rel:15:custom:anchor,uncertainty_aware__tau0,uncertainty_aware,80,0.0,0.0,0.6783898247235198,0,57,2,0,0,0,13,0,0.0,0.0,16,1.0,0.3833333333333333,0.6166666666666667,1.0,0.3833333333333333,0.6166666666666667,1.0,0.3833333333333333,0.6166666666666667
rel:15,rel:15|cond=rel:15:custom:anchor,uncertainty_aware__tau1,uncertainty_aware,40,0.44999999999999996,0.15191136719789716,1.0,2,14,0,1,0,14,0,16,1.0,58.0625,16,1.0,0.5416666666666666,0.45833333333333337,1.0,0.6708333333333333,0.3291666666666667,1.0,0.7666666666666666,0.2333333333333334
rel:15,rel:15|cond=rel:15:custom:anchor,uncertainty_aware__tau1,uncertainty_aware,80,0.44999999999999996,0.15191136719789716,1.0,2,32,1,0,0,14,0,16,1.0,58.0625,16,1.0,0.5416666666666666,0.45833333333333337,1.0,0.6708333333333333,0.3291666666666667,1.0,0.7666666666666666,0.2333333333333334
rel:15,rel:15|cond=rel:15:facilities:anchor,blind,blind,40,,,,0,18,0,1,0,0,14,0,0.0,0.0,16,0.0,0.0,0.0,0.0,0.007142857142857145,-0.007142857142857145,1.0,0.03333333333333334,0.9666666666666667
rel:15,rel:15|cond=rel:15:facilities:anchor,blind,blind,80,,,,0,46,1,1,0,0,13,0,0.0,0.0,16,0.0,0.175,-0.175,0.5,0.19166666666666665,0.30833333333333335,1.0,0.20833333333333331,0.7916666666666667
rel:15,rel:15|cond=rel:15:facilities:anchor,oracle_exact,oracle_exact,40,,,,0,31,0,2,0,0,13,0,0.0,0.0,16,0.0,0.35,-0.35,0.0,0.35,-0.35,1.0,0.3833333333333333,0.6166666666666667
rel:15,rel:15|cond=rel:15:facilities:anchor,oracle_exact,oracle_exact,80,,,,0,64,2,0,0,0,13,0,0.0,0.0,16,0.0,0.35,-0.35,0.5,0.36666666666666664,0.13333333333333336,1.0,0.3833333333333333,0.6166666666666667
rel:15,rel:15|cond=rel:15:facilities:anchor,pointer__sigma0p5,pointer,40,0.45,0.1788510987426215,0.7183332409583436,2,38,0,1,4,10,0,16,1.0,55.8125,16,0.0,0.7166666666666666,-0.7166666666666666,0.5,0.7333333333333333,-0.23333333333333328,1.0,0.7749999999999999,0.2250000000000001
rel:15,rel:15|cond=rel:15:facilities:anchor,pointer__sigma0p5,pointer,80,0.45,0.1788510987426215,0.7183332409583436,2,80,1,0,9,5,0,16,1.0,55.8125,16,0.0,0.7166666666666666,-0.7166666666666666,0.5,0.7555555555555555,-0.25555555555555554,1.0,0.7749999999999999,0.2250000000000001
rel:15,rel:15|cond=rel:15:facilities:anchor,pointer__sigma1,pointer,40,0.9,0.7582766571931676,0.0,2,33,0,1,3,11,0,16,1.0,55.8125,16,0.0,0.7166666666666666,-0.7166666666666666,0.5,0.75,-0.25,1.0,0.7749999999999999,0.2250000000000001
rel:15,rel:15|cond=rel:15:facilities:anchor,pointer__sigma1,pointer,80,0.9,0.7582766571931676,0.0,2,50,1,0,3,11,0,16,1.0,55.8125,16,0.0,0.7166666666666666,-0.7166666666666666,0.5,0.75,-0.25,1.0,0.7749999999999999,0.2250000000000001
rel:15,rel:15|cond=rel:15:facilities:anchor,pointer__tau0p5,pointer,40,0.22499999999999998,0.038051181154637126,0.9151505959607085,2,38,0,1,4,10,0,16,1.0,55.8125,16,0.0,0.7166666666666666,-0.7166666666666666,0.5,0.75,-0.25,1.0,0.7749999999999999,0.2250000000000001
rel:15,rel:15|cond=rel:15:facilities:anchor,pointer__tau0p5,pointer,80,0.22499999999999998,0.038051181154637126,0.9151505959607085,2,80,1,0,9,5,0,16,1.0,55.8125,16,0.0,0.7166666666666666,-0.7166666666666666,0.5,0.7555555555555555,-0.25555555555555554,1.0,0.7749999999999999,0.2250000000000001
rel:15,rel:15|cond=rel:15:facilities:anchor,pointer__tau0,pointer,40,0.0,0.0,0.6783898247235198,2,38,0,1,4,10,0,16,1.0,55.8125,16,0.0,0.7166666666666666,-0.7166666666666666,0.5,0.75,-0.25,1.0,0.7749999999999999,0.2250000000000001
rel:15,rel:15|cond=rel:15:facilities:anchor,pointer__tau0,pointer,80,0.0,0.0,0.6783898247235198,2,80,1,0,9,5,0,16,1.0,55.8125,16,0.0,0.7166666666666666,-0.7166666666666666,0.5,0.7555555555555555,-0.25555555555555554,1.0,0.7749999999999999,0.2250000000000001
rel:15,rel:15|cond=rel:15:facilities:anchor,pointer__tau1,pointer,40,0.44999999999999996,0.1519113671978972,1.0,2,38,0,1,4,10,0,16,1.0,55.8125,16,0.0,0.7166666666666666,-0.7166666666666666,0.5,0.75,-0.25,1.0,0.7749999999999999,0.2250000000000001
rel:15,rel:15|cond=rel:15:facilities:anchor,pointer__tau1,pointer,80,0.44999999999999996,0.1519113671978972,1.0,2,80,1,0,9,5,0,16,1.0,55.8125,16,0.0,0.7166666666666666,-0.7166666666666666,0.5,0.7555555555555555,-0.25555555555555554,1.0,0.7749999999999999,0.2250000000000001
rel:15,rel:15|cond=rel:15:facilities:anchor,preserve__sigma0p5,preserve,40,0.45,0.1788510987426215,0.7183332409583436,0,30,0,2,0,0,13,0,0.0,0.0,16,0.0,0.0,0.0,0.0,0.0,0.0,1.0,0.03333333333333334,0.9666666666666667
rel:15,rel:15|cond=rel:15:facilities:anchor,preserve__sigma0p5,preserve,80,0.45,0.1788510987426215,0.7183332409583436,0,73,2,1,0,0,12,0,0.0,0.0,16,0.0,0.39999999999999997,-0.39999999999999997,0.5,0.41666666666666663,0.08333333333333337,1.0,0.43333333333333335,0.5666666666666667
rel:15,rel:15|cond=rel:15:facilities:anchor,preserve__sigma1,preserve,40,0.9,0.7582766571931676,0.0,0,30,0,2,0,0,13,0,0.0,0.0,16,0.0,0.0,0.0,0.0,0.0,0.0,1.0,0.03333333333333334,0.9666666666666667
rel:15,rel:15|cond=rel:15:facilities:anchor,preserve__sigma1,preserve,80,0.9,0.7582766571931676,0.0,0,74,2,1,0,0,12,0,0.0,0.0,16,0.0,0.05000000000000001,-0.05000000000000001,0.5,0.08333333333333334,0.41666666666666663,1.0,0.10833333333333335,0.8916666666666666
rel:15,rel:15|cond=rel:15:facilities:anchor,preserve__tau0p5,preserve,40,0.22499999999999998,0.038051181154637126,0.9151505959607085,0,18,0,1,0,0,14,0,0.0,0.0,16,0.0,0.0,0.0,0.0,0.007142857142857145,-0.007142857142857145,1.0,0.03333333333333334,0.9666666666666667
rel:15,rel:15|cond=rel:15:facilities:anchor,preserve__tau0p5,preserve,80,0.22499999999999998,0.038051181154637126,0.9151505959607085,0,48,1,1,0,0,13,0,0.0,0.0,16,0.0,0.35,-0.35,0.5,0.36666666666666664,0.13333333333333336,1.0,0.3833333333333333,0.6166666666666667
rel:15,rel:15|cond=rel:15:facilities:anchor,preserve__tau0,preserve,40,0.0,0.0,0.6783898247235198,0,31,0,2,0,0,13,0,0.0,0.0,16,0.0,0.35,-0.35,0.0,0.35,-0.35,1.0,0.3833333333333333,0.6166666666666667
rel:15,rel:15|cond=rel:15:facilities:anchor,preserve__tau0,preserve,80,0.0,0.0,0.6783898247235198,0,64,2,0,0,0,13,0,0.0,0.0,16,0.0,0.35,-0.35,0.5,0.36666666666666664,0.13333333333333336,1.0,0.3833333333333333,0.6166666666666667
rel:15,rel:15|cond=rel:15:facilities:anchor,preserve__tau1,preserve,40,0.44999999999999996,0.1519113671978972,1.0,0,18,0,1,0,0,14,0,0.0,0.0,16,0.0,0.0,0.0,0.0,0.007142857142857145,-0.007142857142857145,1.0,0.03333333333333334,0.9666666666666667
rel:15,rel:15|cond=rel:15:facilities:anchor,preserve__tau1,preserve,80,0.44999999999999996,0.1519113671978972,1.0,0,46,1,1,0,0,13,0,0.0,0.0,16,0.0,0.175,-0.175,0.5,0.19166666666666665,0.30833333333333335,1.0,0.20833333333333331,0.7916666666666667
rel:15,rel:15|cond=rel:15:facilities:anchor,retrieval_only,retrieval_only,40,,,,2,18,0,1,0,14,0,16,1.0,55.8125,16,0.0,0.7166666666666666,-0.7166666666666666,0.5,0.75,-0.25,1.0,0.7749999999999999,0.2250000000000001
rel:15,rel:15|cond=rel:15:facilities:anchor,retrieval_only,retrieval_only,80,,,,2,35,1,0,0,14,0,16,1.0,55.8125,16,0.0,0.7166666666666666,-0.7166666666666666,0.5,0.75,-0.25,1.0,0.7749999999999999,0.2250000000000001
rel:15,rel:15|cond=rel:15:facilities:anchor,static_conditioned,static_conditioned,40,,,,0,18,0,1,0,0,14,0,0.0,0.0,16,0.0,0.0,0.0,0.0,0.007142857142857145,-0.007142857142857145,1.0,0.03333333333333334,0.9666666666666667
rel:15,rel:15|cond=rel:15:facilities:anchor,static_conditioned,static_conditioned,80,,,,0,35,1,0,0,0,14,0,0.0,0.0,16,0.0,0.0,0.0,0.5,0.01666666666666667,0.48333333333333334,1.0,0.03333333333333334,0.9666666666666667
rel:15,rel:15|cond=rel:15:facilities:anchor,uncertainty_aware__tau0,uncertainty_aware,40,0.0,0.0,0.6783898247235198,0,31,0,2,0,0,13,0,0.0,0.0,16,0.0,0.35,-0.35,0.0,0.35,-0.35,1.0,0.3833333333333333,0.6166666666666667
rel:15,rel:15|cond=rel:15:facilities:anchor,uncertainty_aware__tau0,uncertainty_aware,80,0.0,0.0,0.6783898247235198,0,64,2,0,0,0,13,0,0.0,0.0,16,0.0,0.35,-0.35,0.5,0.36666666666666664,0.13333333333333336,1.0,0.3833333333333333,0.6166666666666667
rel:15,rel:15|cond=rel:15:facilities:anchor,uncertainty_aware__tau1,uncertainty_aware,40,0.44999999999999996,0.1519113671978972,1.0,2,18,0,1,0,14,0,16,1.0,55.8125,16,0.0,0.7166666666666666,-0.7166666666666666,0.5,0.75,-0.25,1.0,0.7749999999999999,0.2250000000000001
rel:15,rel:15|cond=rel:15:facilities:anchor,uncertainty_aware__tau1,uncertainty_aware,80,0.44999999999999996,0.1519113671978972,1.0,2,35,1,0,0,14,0,16,1.0,55.8125,16,0.0,0.7166666666666666,-0.7166666666666666,0.5,0.75,-0.25,1.0,0.7749999999999999,0.2250000000000001
rel:15,rel:15|cond=rel:15:finance:anchor,blind,blind,40,,,,0,13,0,1,0,0,14,0,0.0,0.0,16,1.0,0.03333333333333334,0.9666666666666667,1.0,0.03333333333333334,0.9666666666666667,1.0,0.03333333333333334,0.9666666666666667
rel:15,rel:15|cond=rel:15:finance:anchor,blind,blind,80,,,,0,66,1,3,0,0,11,0,0.0,0.0,16,1.0,0.24166666666666667,0.7583333333333333,1.0,0.24791666666666667,0.7520833333333333,1.0,0.24166666666666667,0.7583333333333333
rel:15,rel:15|cond=rel:15:finance:anchor,oracle_exact,oracle_exact,40,,,,0,27,0,2,0,0,13,0,0.0,0.0,16,1.0,0.3833333333333333,0.6166666666666667,1.0,0.391025641025641,0.608974358974359,1.0,0.3833333333333333,0.6166666666666667
rel:15,rel:15|cond=rel:15:finance:anchor,oracle_exact,oracle_exact,80,,,,0,61,2,0,0,0,13,0,0.0,0.0,16,1.0,0.3833333333333333,0.6166666666666667,1.0,0.3833333333333333,0.6166666666666667,1.0,0.3833333333333333,0.6166666666666667
rel:15,rel:15|cond=rel:15:finance:anchor,pointer__sigma0p5,pointer,40,0.45,0.1788510987426215,0.7183332409583437,2,38,0,1,5,9,0,16,1.0,57.6875,16,1.0,0.725,0.275,1.0,0.7666666666666666,0.2333333333333334,1.0,0.7999999999999999,0.20000000000000007
rel:15,rel:15|cond=rel:15:finance:anchor,pointer__sigma0p5,pointer,80,0.45,0.1788510987426215,0.7183332409583437,2,79,1,0,10,4,0,16,1.0,57.6875,16,1.0,0.9,0.09999999999999998,1.0,0.9416666666666667,0.05833333333333335,1.0,0.975,0.025000000000000022
rel:15,rel:15|cond=rel:15:finance:anchor,pointer__sigma1,pointer,40,0.9,0.7582766571931676,0.0,2,28,0,1,3,11,0,16,1.0,57.6875,16,1.0,0.9,0.09999999999999998,1.0,0.9291666666666667,0.0708333333333333,1.0,0.975,0.025000000000000022
rel:15,rel:15|cond=rel:15:finance:anchor,pointer__sigma1,pointer,80,0.9,0.7582766571931676,0.0,2,44,1,0,3,11,0,16,1.0,57.6875,16,1.0,0.9,0.09999999999999998,1.0,0.9416666666666667,0.05833333333333335,1.0,0.975,0.025000000000000022
rel:15,rel:15|cond=rel:15:finance:anchor,pointer__tau0p5,pointer,40,0.22499999999999998,0.038051181154637126,0.9151505959607087,2,38,0,1,5,9,0,16,1.0,57.6875,16,1.0,0.9,0.09999999999999998,1.0,0.9416666666666667,0.05833333333333335,1.0,0.975,0.025000000000000022
rel:15,rel:15|cond=rel:15:finance:anchor,pointer__tau0p5,pointer,80,0.22499999999999998,0.038051181154637126,0.9151505959607087,2,79,1,0,10,4,0,16,1.0,57.6875,16,1.0,0.9,0.09999999999999998,1.0,0.9416666666666667,0.05833333333333335,1.0,0.975,0.025000000000000022
rel:15,rel:15|cond=rel:15:finance:anchor,pointer__tau0,pointer,40,0.0,0.0,0.6783898247235198,2,38,0,1,5,9,0,16,1.0,57.6875,16,1.0,0.9,0.09999999999999998,1.0,0.9416666666666667,0.05833333333333335,1.0,0.975,0.025000000000000022
rel:15,rel:15|cond=rel:15:finance:anchor,pointer__tau0,pointer,80,0.0,0.0,0.6783898247235198,2,79,1,0,10,4,0,16,1.0,57.6875,16,1.0,0.9,0.09999999999999998,1.0,0.9416666666666667,0.05833333333333335,1.0,0.975,0.025000000000000022
rel:15,rel:15|cond=rel:15:finance:anchor,pointer__tau1,pointer,40,0.44999999999999996,0.1519113671978972,1.0,2,38,0,1,5,9,0,16,1.0,57.6875,16,1.0,0.9,0.09999999999999998,1.0,0.9416666666666667,0.05833333333333335,1.0,0.975,0.025000000000000022
rel:15,rel:15|cond=rel:15:finance:anchor,pointer__tau1,pointer,80,0.44999999999999996,0.1519113671978972,1.0,2,79,1,0,10,4,0,16,1.0,57.6875,16,1.0,0.9,0.09999999999999998,1.0,0.9416666666666667,0.05833333333333335,1.0,0.975,0.025000000000000022
rel:15,rel:15|cond=rel:15:finance:anchor,preserve__sigma0p5,preserve,40,0.45,0.1788510987426215,0.7183332409583437,0,25,0,2,0,0,13,0,0.0,0.0,16,0.0,0.0,0.0,0.6666666666666666,0.022222222222222227,0.6444444444444444,1.0,0.03333333333333334,0.9666666666666667
rel:15,rel:15|cond=rel:15:finance:anchor,preserve__sigma0p5,preserve,80,0.45,0.1788510987426215,0.7183332409583437,0,68,2,1,0,0,12,0,0.0,0.0,16,1.0,0.43333333333333335,0.5666666666666667,1.0,0.4395833333333333,0.5604166666666667,1.0,0.43333333333333335,0.5666666666666667
rel:15,rel:15|cond=rel:15:finance:anchor,preserve__sigma1,preserve,40,0.9,0.7582766571931676,0.0,0,38,1,1,0,0,13,0,0.0,0.0,16,1.0,0.08333333333333334,0.9166666666666666,1.0,0.09102564102564104,0.908974358974359,1.0,0.08333333333333334,0.9166666666666666
rel:15,rel:15|cond=rel:15:finance:anchor,preserve__sigma1,preserve,80,0.9,0.7582766571931676,0.0,0,80,2,2,0,0,11,0,0.0,0.0,16,1.0,0.08333333333333334,0.9166666666666666,1.0,0.12000000000000002,0.88,1.0,0.10833333333333335,0.8916666666666666
rel:15,rel:15|cond=rel:15:finance:anchor,preserve__tau0p5,preserve,40,0.22499999999999998,0.038051181154637126,0.9151505959607087,0,26,0,2,0,0,13,0,0.0,0.0,16,1.0,0.20833333333333331,0.7916666666666667,1.0,0.215,0.785,1.0,0.20833333333333331,0.7916666666666667
rel:15,rel:15|cond=rel:15:finance:anchor,preserve__tau0p5,preserve,80,0.22499999999999998,0.038051181154637126,0.9151505959607087,0,43,1,1,0,0,13,0,0.0,0.0,16,1.0,0.3833333333333333,0.6166666666666667,1.0,0.3833333333333333,0.6166666666666667,1.0,0.3833333333333333,0.6166666666666667
rel:15,rel:15|cond=rel:15:finance:anchor,preserve__tau0,preserve,40,0.0,0.0,0.6783898247235198,0,27,0,2,0,0,13,0,0.0,0.0,16,1.0,0.3833333333333333,0.6166666666666667,1.0,0.3833333333333333,0.6166666666666667,1.0,0.3833333333333333,0.6166666666666667
rel:15,rel:15|cond=rel:15:finance:anchor,preserve__tau0,preserve,80,0.0,0.0,0.6783898247235198,0,61,2,0,0,0,13,0,0.0,0.0,16,1.0,0.3833333333333333,0.6166666666666667,1.0,0.3833333333333333,0.6166666666666667,1.0,0.3833333333333333,0.6166666666666667
rel:15,rel:15|cond=rel:15:finance:anchor,preserve__tau1,preserve,40,0.44999999999999996,0.1519113671978972,1.0,0,13,0,1,0,0,14,0,0.0,0.0,16,1.0,0.03333333333333334,0.9666666666666667,1.0,0.03333333333333334,0.9666666666666667,1.0,0.03333333333333334,0.9666666666666667
rel:15,rel:15|cond=rel:15:finance:anchor,preserve__tau1,preserve,80,0.44999999999999996,0.1519113671978972,1.0,0,66,1,3,0,0,11,0,0.0,0.0,16,1.0,0.24166666666666667,0.7583333333333333,1.0,0.24166666666666667,0.7583333333333333,1.0,0.24166666666666667,0.7583333333333333
rel:15,rel:15|cond=rel:15:finance:anchor,retrieval_only,retrieval_only,40,,,,2,13,0,1,0,14,0,16,1.0,57.6875,16,1.0,0.7,0.30000000000000004,1.0,0.7291666666666666,0.27083333333333337,1.0,0.7749999999999999,0.2250000000000001
rel:15,rel:15|cond=rel:15:finance:anchor,retrieval_only,retrieval_only,80,,,,2,29,1,0,0,14,0,16,1.0,57.6875,16,1.0,0.725,0.275,1.0,0.7666666666666666,0.2333333333333334,1.0,0.7999999999999999,0.20000000000000007
rel:15,rel:15|cond=rel:15:finance:anchor,static_conditioned,static_conditioned,40,,,,0,13,0,1,0,0,14,0,0.0,0.0,16,1.0,0.03333333333333334,0.9666666666666667,1.0,0.03333333333333334,0.9666666666666667,1.0,0.03333333333333334,0.9666666666666667
rel:15,rel:15|cond=rel:15:finance:anchor,static_conditioned,static_conditioned,80,,,,0,29,1,0,0,0,14,0,0.0,0.0,16,1.0,0.03333333333333334,0.9666666666666667,1.0,0.08333333333333334,0.9166666666666666,1.0,0.03333333333333334,0.9666666666666667
rel:15,rel:15|cond=rel:15:finance:anchor,uncertainty_aware__tau0,uncertainty_aware,40,0.0,0.0,0.6783898247235198,0,27,0,2,0,0,13,0,0.0,0.0,16,1.0,0.3833333333333333,0.6166666666666667,1.0,0.391025641025641,0.608974358974359,1.0,0.3833333333333333,0.6166666666666667
rel:15,rel:15|cond=rel:15:finance:anchor,uncertainty_aware__tau0,uncertainty_aware,80,0.0,0.0,0.6783898247235198,0,61,2,0,0,0,13,0,0.0,0.0,16,1.0,0.3833333333333333,0.6166666666666667,1.0,0.3833333333333333,0.6166666666666667,1.0,0.3833333333333333,0.6166666666666667
rel:15,rel:15|cond=rel:15:finance:anchor,uncertainty_aware__tau1,uncertainty_aware,40,0.44999999999999996,0.1519113671978972,1.0,2,13,0,1,0,14,0,16,1.0,57.6875,16,1.0,0.7,0.30000000000000004,1.0,0.7291666666666666,0.27083333333333337,1.0,0.7749999999999999,0.2250000000000001
rel:15,rel:15|cond=rel:15:finance:anchor,uncertainty_aware__tau1,uncertainty_aware,80,0.44999999999999996,0.1519113671978972,1.0,2,29,1,0,0,14,0,16,1.0,57.6875,16,1.0,0.725,0.275,1.0,0.7666666666666666,0.2333333333333334,1.0,0.7999999999999999,0.20000000000000007
rel:15,rel:15|cond=rel:15:founding:anchor,blind,blind,40,,,,0,12,0,1,0,0,14,0,0.0,0.0,16,0.0,0.0,0.0,0.0,0.01666666666666667,-0.01666666666666667,0.0,0.0,0.0
rel:15,rel:15|cond=rel:15:founding:anchor,blind,blind,80,,,,0,80,1,4,0,0,10,0,0.0,0.0,16,1.0,0.30833333333333335,0.6916666666666667,1.0,0.33055555555555555,0.6694444444444445,1.0,0.3416666666666667,0.6583333333333333
rel:15,rel:15|cond=rel:15:founding:anchor,oracle_exact,oracle_exact,40,,,,0,30,0,2,0,0,13,0,0.0,0.0,16,0.0,0.0,0.0,0.0,0.0,0.0,0.0,0.35,-0.35
rel:15,rel:15|cond=rel:15:founding:anchor,oracle_exact,oracle_exact,80,,,,0,60,2,0,0,0,13,0,0.0,0.0,16,1.0,0.03333333333333334,0.9666666666666667,1.0,0.12083333333333333,0.8791666666666667,1.0,0.3833333333333333,0.6166666666666667
rel:15,rel:15|cond=rel:15:founding:anchor,pointer__sigma0p5,pointer,40,0.45,0.1788510987426215,0.7183332409583436,2,37,0,1,5,9,0,16,1.0,57.875,16,0.0,0.5333333333333333,-0.5333333333333333,0.8,0.7572222222222222,0.0427777777777778,1.0,0.95,0.050000000000000044
rel:15,rel:15|cond=rel:15:founding:anchor,pointer__sigma0p5,pointer,80,0.45,0.1788510987426215,0.7183332409583436,2,80,1,0,11,3,0,16,1.0,57.875,16,1.0,0.5666666666666667,0.43333333333333335,1.0,0.7638888888888888,0.23611111111111116,1.0,0.95,0.050000000000000044
rel:15,rel:15|cond=rel:15:founding:anchor,pointer__sigma1,pointer,40,0.9,0.7582766571931676,0.0,2,22,0,1,2,12,0,16,1.0,57.875,16,0.0,0.5083333333333333,-0.5083333333333333,0.8,0.7055555555555555,0.09444444444444455,1.0,0.8916666666666666,0.10833333333333339
rel:15,rel:15|cond=rel:15:founding:anchor,pointer__sigma1,pointer,80,0.9,0.7582766571931676,0.0,2,35,1,0,2,12,0,16,1.0,57.875,16,1.0,0.5666666666666667,0.43333333333333335,1.0,0.7638888888888888,0.23611111111111116,1.0,0.95,0.050000000000000044
rel:15,rel:15|cond=rel:15:founding:anchor,pointer__tau0p5,pointer,40,0.22499999999999998,0.03805118115463712,0.9151505959607085,2,37,0,1,5,9,0,16,1.0,57.875,16,0.0,0.5333333333333333,-0.5333333333333333,0.8,0.7572222222222222,0.0427777777777778,1.0,0.95,0.050000000000000044
rel:15,rel:15|cond=rel:15:founding:anchor,pointer__tau0p5,pointer,80,0.22499999999999998,0.03805118115463712,0.9151505959607085,2,80,1,0,11,3,0,16,1.0,57.875,16,1.0,0.5666666666666667,0.43333333333333335,1.0,0.7638888888888888,0.23611111111111116,1.0,0.95,0.050000000000000044
rel:15,rel:15|cond=rel:15:founding:anchor,pointer__tau0,pointer,40,0.0,0.0,0.6783898247235198,2,37,0,1,5,9,0,16,1.0,57.875,16,0.0,0.5333333333333333,-0.5333333333333333,0.8,0.7572222222222222,0.0427777777777778,1.0,0.95,0.050000000000000044
rel:15,rel:15|cond=rel:15:founding:anchor,pointer__tau0,pointer,80,0.0,0.0,0.6783898247235198,2,80,1,0,11,3,0,16,1.0,57.875,16,1.0,0.5666666666666667,0.43333333333333335,1.0,0.7638888888888888,0.23611111111111116,1.0,0.95,0.050000000000000044
rel:15,rel:15|cond=rel:15:founding:anchor,pointer__tau1,pointer,40,0.44999999999999996,0.15191136719789716,1.0,2,37,0,1,5,9,0,16,1.0,57.875,16,0.0,0.5333333333333333,-0.5333333333333333,0.8,0.7572222222222222,0.0427777777777778,1.0,0.95,0.050000000000000044
rel:15,rel:15|cond=rel:15:founding:anchor,pointer__tau1,pointer,80,0.44999999999999996,0.15191136719789716,1.0,2,80,1,0,11,3,0,16,1.0,57.875,16,1.0,0.5666666666666667,0.43333333333333335,1.0,0.7638888888888888,0.23611111111111116,1.0,0.95,0.050000000000000044
rel:15,rel:15|cond=rel:15:founding:anchor,preserve__sigma0p5,preserve,40,0.45,0.1788510987426215,0.7183332409583436,0,26,0,2,0,0,13,0,0.0,0.0,16,0.0,0.0,0.0,0.0,0.022222222222222227,-0.022222222222222227,0.0,0.03333333333333334,-0.03333333333333334
rel:15,rel:15|cond=rel:15:founding:anchor,preserve__sigma0p5,preserve,80,0.45,0.1788510987426215,0.7183332409583436,0,70,2,1,0,0,12,0,0.0,0.0,16,1.0,0.03333333333333334,0.9666666666666667,1.0,0.0626984126984127,0.9373015873015873,1.0,0.41666666666666663,0.5833333333333334
rel:15,rel:15|cond=rel:15:founding:anchor,preserve__sigma1,preserve,40,0.9,0.7582766571931676,0.0,0,39,1,1,0,0,13,0,0.0,0.0,16,0.0,0.0,0.0,0.0,0.022222222222222227,-0.022222222222222227,0.0,0.03333333333333334,-0.03333333333333334
rel:15,rel:15|cond=rel:15:founding:anchor,preserve__sigma1,preserve,80,0.9,0.7582766571931676,0.0,0,75,3,0,0,0,12,0,0.0,0.0,16,1.0,0.06666666666666668,0.9333333333333333,1.0,0.1013888888888889,0.8986111111111111,1.0,0.10000000000000002,0.9
rel:15,rel:15|cond=rel:15:founding:anchor,preserve__tau0p5,preserve,40,0.22499999999999998,0.03805118115463712,0.9151505959607085,0,12,0,1,0,0,14,0,0.0,0.0,16,0.0,0.0,0.0,0.0,0.01666666666666667,-0.01666666666666667,0.0,0.0,0.0
rel:15,rel:15|cond=rel:15:founding:anchor,preserve__tau0p5,preserve,80,0.22499999999999998,0.03805118115463712,0.9151505959607085,0,43,1,1,0,0,13,0,0.0,0.0,16,1.0,0.03333333333333334,0.9666666666666667,1.0,0.03333333333333334,0.9666666666666667,1.0,0.3833333333333333,0.6166666666666667
rel:15,rel:15|cond=rel:15:founding:anchor,preserve__tau0,preserve,40,0.0,0.0,0.6783898247235198,0,30,0,2,0,0,13,0,0.0,0.0,16,0.0,0.0,0.0,0.0,0.0,0.0,0.0,0.35,-0.35
rel:15,rel:15|cond=rel:15:founding:anchor,preserve__tau0,preserve,80,0.0,0.0,0.6783898247235198,0,60,2,0,0,0,13,0,0.0,0.0,16,1.0,0.03333333333333334,0.9666666666666667,1.0,0.20833333333333331,0.7916666666666667,1.0,0.3833333333333333,0.6166666666666667
rel:15,rel:15|cond=rel:15:founding:anchor,preserve__tau1,preserve,40,0.44999999999999996,0.15191136719789716,1.0,0,12,0,1,0,0,14,0,0.0,0.0,16,0.0,0.0,0.0,0.0,0.01666666666666667,-0.01666666666666667,0.0,0.0,0.0
rel:15,rel:15|cond=rel:15:founding:anchor,preserve__tau1,preserve,80,0.44999999999999996,0.15191136719789716,1.0,0,80,1,4,0,0,10,0,0.0,0.0,16,1.0,0.30833333333333335,0.6916666666666667,1.0,0.33055555555555555,0.6694444444444445,1.0,0.3416666666666667,0.6583333333333333
rel:15,rel:15|cond=rel:15:founding:anchor,retrieval_only,retrieval_only,40,,,,2,12,0,1,0,14,0,16,1.0,57.875,16,0.0,0.5333333333333333,-0.5333333333333333,0.0,0.6430555555555556,-0.6430555555555556,0.0,0.9166666666666666,-0.9166666666666666
rel:15,rel:15|cond=rel:15:founding:anchor,retrieval_only,retrieval_only,80,,,,2,25,1,0,0,14,0,16,1.0,57.875,16,1.0,0.5666666666666667,0.43333333333333335,1.0,0.6819444444444445,0.31805555555555554,1.0,0.95,0.050000000000000044
rel:15,rel:15|cond=rel:15:founding:anchor,static_conditioned,static_conditioned,40,,,,0,12,0,1,0,0,14,0,0.0,0.0,16,0.0,0.0,0.0,0.0,0.01666666666666667,-0.01666666666666667,0.0,0.0,0.0
rel:15,rel:15|cond=rel:15:founding:anchor,static_conditioned,static_conditioned,80,,,,0,25,1,0,0,0,14,0,0.0,0.0,16,1.0,0.03333333333333334,0.9666666666666667,1.0,0.03333333333333334,0.9666666666666667,1.0,0.03333333333333334,0.9666666666666667
rel:15,rel:15|cond=rel:15:founding:anchor,uncertainty_aware__tau0,uncertainty_aware,40,0.0,0.0,0.6783898247235198,0,30,0,2,0,0,13,0,0.0,0.0,16,0.0,0.0,0.0,0.0,0.0,0.0,0.0,0.35,-0.35
rel:15,rel:15|cond=rel:15:founding:anchor,uncertainty_aware__tau0,uncertainty_aware,80,0.0,0.0,0.6783898247235198,0,60,2,0,0,0,13,0,0.0,0.0,16,1.0,0.03333333333333334,0.9666666666666667,1.0,0.12083333333333333,0.8791666666666667,1.0,0.3833333333333333,0.6166666666666667
rel:15,rel:15|cond=rel:15:founding:anchor,uncertainty_aware__tau1,uncertainty_aware,40,0.44999999999999996,0.15191136719789716,1.0,2,12,0,1,0,14,0,16,1.0,57.875,16,0.0,0.5333333333333333,-0.5333333333333333,0.0,0.6430555555555556,-0.6430555555555556,0.0,0.9166666666666666,-0.9166666666666666
rel:15,rel:15|cond=rel:15:founding:anchor,uncertainty_aware__tau1,uncertainty_aware,80,0.44999999999999996,0.15191136719789716,1.0,2,25,1,0,0,14,0,16,1.0,57.875,16,1.0,0.5666666666666667,0.43333333333333335,1.0,0.6819444444444445,0.31805555555555554,1.0,0.95,0.050000000000000044
rel:18,rel:18|cond=rel:18:custom:anchor,blind,blind,40,,,,0,16,0,1,0,0,15,0,0.0,0.0,16,1.0,0.03333333333333334,0.9666666666666667,1.0,0.03333333333333334,0.9666666666666667,1.0,0.03333333333333334,0.9666666666666667
rel:18,rel:18|cond=rel:18:custom:anchor,blind,blind,80,,,,0,75,1,4,0,0,11,0,0.0,0.0,16,1.0,0.24166666666666667,0.7583333333333333,1.0,0.2941666666666667,0.7058333333333333,1.0,0.3416666666666667,0.6583333333333333
rel:18,rel:18|cond=rel:18:custom:anchor,oracle_exact,oracle_exact,40,,,,0,27,0,2,0,0,14,0,0.0,0.0,16,1.0,0.3833333333333333,0.6166666666666667,1.0,0.39166666666666666,0.6083333333333334,1.0,0.3833333333333333,0.6166666666666667
rel:18,rel:18|cond=rel:18:custom:anchor,oracle_exact,oracle_exact,80,,,,0,57,2,0,0,0,14,0,0.0,0.0,16,1.0,0.3833333333333333,0.6166666666666667,1.0,0.3958333333333333,0.6041666666666667,1.0,0.4083333333333333,0.5916666666666667
rel:18,rel:18|cond=rel:18:custom:anchor,pointer__sigma0p5,pointer,40,0.45,0.1788510987426215,0.7183332409583436,2,36,0,1,4,11,0,16,1.0,48.4375,16,1.0,0.95,0.050000000000000044,1.0,0.9625,0.03749999999999998,1.0,0.95,0.050000000000000044
rel:18,rel:18|cond=rel:18:custom:anchor,pointer__sigma0p5,pointer,80,0.45,0.1788510987426215,0.7183332409583436,2,77,1,0,9,6,0,16,1.0,48.4375,16,1.0,0.95,0.050000000000000044,1.0,0.99,0.010000000000000009,1.0,1.0,0.0
rel:18,rel:18|cond=rel:18:custom:anchor,pointer__sigma1,pointer,40,0.9,0.7582766571931676,0.0,2,31,0,1,3,12,0,16,1.0,48.4375,16,1.0,0.95,0.050000000000000044,1.0,0.9625,0.03749999999999998,1.0,0.95,0.050000000000000044
rel:18,rel:18|cond=rel:18:custom:anchor,pointer__sigma1,pointer,80,0.9,0.7582766571931676,0.0,2,47,1,0,3,12,0,16,1.0,48.4375,16,1.0,0.95,0.050000000000000044,1.0,0.99,0.010000000000000009,1.0,1.0,0.0
rel:18,rel:18|cond=rel:18:custom:anchor,pointer__tau0p5,pointer,40,0.22499999999999998,0.03805118115463712,0.9151505959607085,2,36,0,1,4,11,0,16,1.0,48.4375,16,1.0,0.95,0.050000000000000044,1.0,0.9625,0.03749999999999998,1.0,0.95,0.050000000000000044
rel:18,rel:18|cond=rel:18:custom:anchor,pointer__tau0p5,pointer,80,0.22499999999999998,0.03805118115463712,0.9151505959607085,2,77,1,0,9,6,0,16,1.0,48.4375,16,1.0,0.95,0.050000000000000044,1.0,0.99,0.010000000000000009,1.0,1.0,0.0
rel:18,rel:18|cond=rel:18:custom:anchor,pointer__tau0,pointer,40,0.0,0.0,0.6783898247235198,2,36,0,1,4,11,0,16,1.0,48.4375,16,1.0,0.95,0.050000000000000044,1.0,0.9825,0.01749999999999996,1.0,0.975,0.025000000000000022
rel:18,rel:18|cond=rel:18:custom:anchor,pointer__tau0,pointer,80,0.0,0.0,0.6783898247235198,2,77,1,0,9,6,0,16,1.0,48.4375,16,1.0,0.95,0.050000000000000044,1.0,0.99,0.010000000000000009,1.0,1.0,0.0
rel:18,rel:18|cond=rel:18:custom:anchor,pointer__tau1,pointer,40,0.44999999999999996,0.15191136719789716,1.0,2,36,0,1,4,11,0,16,1.0,48.4375,16,1.0,0.95,0.050000000000000044,1.0,0.9625,0.03749999999999998,1.0,0.95,0.050000000000000044
rel:18,rel:18|cond=rel:18:custom:anchor,pointer__tau1,pointer,80,0.44999999999999996,0.15191136719789716,1.0,2,77,1,0,9,6,0,16,1.0,48.4375,16,1.0,0.95,0.050000000000000044,1.0,0.99,0.010000000000000009,1.0,1.0,0.0
rel:18,rel:18|cond=rel:18:custom:anchor,preserve__sigma0p5,preserve,40,0.45,0.1788510987426215,0.7183332409583436,0,26,0,2,0,0,14,0,0.0,0.0,16,1.0,0.03333333333333334,0.9666666666666667,1.0,0.08666666666666667,0.9133333333333333,1.0,0.08333333333333334,0.9166666666666666
rel:18,rel:18|cond=rel:18:custom:anchor,preserve__sigma0p5,preserve,80,0.45,0.1788510987426215,0.7183332409583436,0,62,2,1,0,0,13,0,0.0,0.0,16,1.0,0.20833333333333331,0.7916666666666667,1.0,0.24916666666666668,0.7508333333333334,1.0,0.23333333333333334,0.7666666666666666
rel:18,rel:18|cond=rel:18:custom:anchor,preserve__sigma1,preserve,40,0.9,0.7582766571931676,0.0,0,37,1,1,0,0,14,0,0.0,0.0,16,1.0,0.03333333333333334,0.9666666666666667,1.0,0.07416666666666669,0.9258333333333333,1.0,0.05833333333333335,0.9416666666666667
rel:18,rel:18|cond=rel:18:custom:anchor,preserve__sigma1,preserve,80,0.9,0.7582766571931676,0.0,0,79,2,2,0,0,12,0,0.0,0.0,16,1.0,0.10833333333333335,0.8916666666666666,1.0,0.12083333333333336,0.8791666666666667,1.0,0.10833333333333335,0.8916666666666666
rel:18,rel:18|cond=rel:18:custom:anchor,preserve__tau0p5,preserve,40,0.22499999999999998,0.03805118115463712,0.9151505959607085,0,25,0,2,0,0,14,0,0.0,0.0,16,1.0,0.20833333333333331,0.7916666666666667,1.0,0.20833333333333331,0.7916666666666667,1.0,0.20833333333333331,0.7916666666666667
rel:18,rel:18|cond=rel:18:custom:anchor,preserve__tau0p5,preserve,80,0.22499999999999998,0.03805118115463712,0.9151505959607085,0,52,2,0,0,0,14,0,0.0,0.0,16,1.0,0.20833333333333331,0.7916666666666667,1.0,0.22083333333333333,0.7791666666666667,1.0,0.23333333333333334,0.7666666666666666
rel:18,rel:18|cond=rel:18:custom:anchor,preserve__tau0,preserve,40,0.0,0.0,0.6783898247235198,0,25,0,2,0,0,14,0,0.0,0.0,16,1.0,0.20833333333333331,0.7916666666666667,1.0,0.21833333333333332,0.7816666666666667,1.0,0.20833333333333331,0.7916666666666667
rel:18,rel:18|cond=rel:18:custom:anchor,preserve__tau0,preserve,80,0.0,0.0,0.6783898247235198,0,63,2,1,0,0,13,0,0.0,0.0,16,1.0,0.5583333333333332,0.44166666666666676,1.0,0.5708333333333333,0.4291666666666667,1.0,0.5833333333333333,0.41666666666666674
rel:18,rel:18|cond=rel:18:custom:anchor,preserve__tau1,preserve,40,0.44999999999999996,0.15191136719789716,1.0,0,16,0,1,0,0,15,0,0.0,0.0,16,1.0,0.03333333333333334,0.9666666666666667,1.0,0.03333333333333334,0.9666666666666667,1.0,0.03333333333333334,0.9666666666666667
rel:18,rel:18|cond=rel:18:custom:anchor,preserve__tau1,preserve,80,0.44999999999999996,0.15191136719789716,1.0,0,75,1,4,0,0,11,0,0.0,0.0,16,1.0,0.24166666666666667,0.7583333333333333,1.0,0.2941666666666667,0.7058333333333333,1.0,0.3416666666666667,0.6583333333333333
rel:18,rel:18|cond=rel:18:custom:anchor,retrieval_only,retrieval_only,40,,,,2,16,0,1,0,15,0,16,1.0,48.4375,16,1.0,0.95,0.050000000000000044,1.0,0.9625,0.03749999999999998,1.0,0.95,0.050000000000000044
rel:18,rel:18|cond=rel:18:custom:anchor,retrieval_only,retrieval_only,80,,,,2,32,1,0,0,15,0,16,1.0,48.4375,16,1.0,0.95,0.050000000000000044,1.0,0.9825,0.01749999999999996,1.0,0.975,0.025000000000000022
rel:18,rel:18|cond=rel:18:custom:anchor,static_conditioned,static_conditioned,40,,,,0,16,0,1,0,0,15,0,0.0,0.0,16,1.0,0.03333333333333334,0.9666666666666667,1.0,0.03333333333333334,0.9666666666666667,1.0,0.03333333333333334,0.9666666666666667
rel:18,rel:18|cond=rel:18:custom:anchor,static_conditioned,static_conditioned,80,,,,0,32,1,0,0,0,15,0,0.0,0.0,16,1.0,0.03333333333333334,0.9666666666666667,1.0,0.06250000000000001,0.9375,1.0,0.05833333333333335,0.9416666666666667
rel:18,rel:18|cond=rel:18:custom:anchor,uncertainty_aware__tau0,uncertainty_aware,40,0.0,0.0,0.6783898247235198,0,25,0,2,0,0,14,0,0.0,0.0,16,1.0,0.20833333333333331,0.7916666666666667,1.0,0.21833333333333332,0.7816666666666667,1.0,0.20833333333333331,0.7916666666666667
rel:18,rel:18|cond=rel:18:custom:anchor,uncertainty_aware__tau0,uncertainty_aware,80,0.0,0.0,0.6783898247235198,0,63,2,1,0,0,13,0,0.0,0.0,16,1.0,0.5583333333333332,0.44166666666666676,1.0,0.5708333333333333,0.4291666666666667,1.0,0.5833333333333333,0.41666666666666674
rel:18,rel:18|cond=rel:18:custom:anchor,uncertainty_aware__tau1,uncertainty_aware,40,0.44999999999999996,0.15191136719789716,1.0,2,16,0,1,0,15,0,16,1.0,48.4375,16,1.0,0.95,0.050000000000000044,1.0,0.9625,0.03749999999999998,1.0,0.95,0.050000000000000044
rel:18,rel:18|cond=rel:18:custom:anchor,uncertainty_aware__tau1,uncertainty_aware,80,0.44999999999999996,0.15191136719789716,1.0,2,32,1,0,0,15,0,16,1.0,48.4375,16,1.0,0.95,0.050000000000000044,1.0,0.9825,0.01749999999999996,1.0,0.975,0.025000000000000022
rel:18,rel:18|cond=rel:18:facilities:anchor,blind,blind,40,,,,0,10,0,1,0,0,15,0,0.0,0.0,16,0.0,0.0,0.0,0.8,0.026666666666666672,0.7733333333333334,1.0,0.03333333333333334,0.9666666666666667
rel:18,rel:18|cond=rel:18:facilities:anchor,blind,blind,80,,,,0,70,1,4,0,0,11,0,0.0,0.0,16,0.0,0.08333333333333334,-0.08333333333333334,0.8,0.08333333333333334,0.7166666666666667,1.0,0.43333333333333335,0.5666666666666667
rel:18,rel:18|cond=rel:18:facilities:anchor,oracle_exact,oracle_exact,40,,,,0,36,1,1,0,0,14,0,0.0,0.0,16,0.0,0.35,-0.35,0.8,0.37666666666666665,0.4233333333333334,1.0,0.3833333333333333,0.6166666666666667
rel:18,rel:18|cond=rel:18:facilities:anchor,oracle_exact,oracle_exact,80,,,,0,47,2,0,0,0,14,0,0.0,0.0,16,0.0,0.3833333333333333,-0.3833333333333333,0.5,0.3833333333333333,0.1166666666666667,0.0,0.3833333333333333,-0.3833333333333333
rel:18,rel:18|cond=rel:18:facilities:anchor,pointer__sigma0p5,pointer,40,0.45,0.1788510987426215,0.7183332409583436,2,40,0,1,6,9,0,16,1.0,50.125,16,0.0,0.9666666666666667,-0.9666666666666667,0.8,0.9933333333333333,-0.19333333333333325,1.0,1.0,0.0
rel:18,rel:18|cond=rel:18:facilities:anchor,pointer__sigma0p5,pointer,80,0.45,0.1788510987426215,0.7183332409583436,2,76,1,0,11,4,0,16,1.0,50.125,16,0.0,0.9666666666666667,-0.9666666666666667,0.8,0.9666666666666667,-0.16666666666666663,1.0,0.9666666666666667,0.033333333333333326
rel:18,rel:18|cond=rel:18:facilities:anchor,pointer__sigma1,pointer,40,0.9,0.7582766571931676,0.0,2,25,0,1,3,12,0,16,1.0,50.125,16,0.0,0.9666666666666667,-0.9666666666666667,0.8,0.9933333333333333,-0.19333333333333325,1.0,1.0,0.0
rel:18,rel:18|cond=rel:18:facilities:anchor,pointer__sigma1,pointer,80,0.9,0.7582766571931676,0.0,2,36,1,0,3,12,0,16,1.0,50.125,16,0.0,0.9666666666666667,-0.9666666666666667,0.5,0.9666666666666667,-0.4666666666666667,0.0,0.9666666666666667,-0.9666666666666667
rel:18,rel:18|cond=rel:18:facilities:anchor,pointer__tau0p5,pointer,40,0.22499999999999998,0.038051181154637126,0.9151505959607085,2,40,0,1,6,9,0,16,1.0,50.125,16,0.0,0.9666666666666667,-0.9666666666666667,0.8,0.9933333333333333,-0.19333333333333325,1.0,1.0,0.0
rel:18,rel:18|cond=rel:18:facilities:anchor,pointer__tau0p5,pointer,80,0.22499999999999998,0.038051181154637126,0.9151505959607085,2,76,1,0,11,4,0,16,1.0,50.125,16,0.0,0.9666666666666667,-0.9666666666666667,0.8,0.9666666666666667,-0.16666666666666663,1.0,0.9666666666666667,0.033333333333333326
rel:18,rel:18|cond=rel:18:facilities:anchor,pointer__tau0,pointer,40,0.0,0.0,0.6783898247235198,2,40,0,1,6,9,0,16,1.0,50.125,16,0.0,0.9666666666666667,-0.9666666666666667,0.8,0.9933333333333333,-0.19333333333333325,1.0,1.0,0.0
rel:18,rel:18|cond=rel:18:facilities:anchor,pointer__tau0,pointer,80,0.0,0.0,0.6783898247235198,2,76,1,0,11,4,0,16,1.0,50.125,16,0.0,0.9666666666666667,-0.9666666666666667,0.8,0.9666666666666667,-0.16666666666666663,1.0,0.9666666666666667,0.033333333333333326
rel:18,rel:18|cond=rel:18:facilities:anchor,pointer__tau1,pointer,40,0.44999999999999996,0.1519113671978972,1.0,2,40,0,1,6,9,0,16,1.0,50.125,16,0.0,0.9666666666666667,-0.9666666666666667,0.5,0.9933333333333333,-0.4933333333333333,0.0,1.0,-1.0
rel:18,rel:18|cond=rel:18:facilities:anchor,pointer__tau1,pointer,80,0.44999999999999996,0.1519113671978972,1.0,2,76,1,0,11,4,0,16,1.0,50.125,16,0.0,0.9666666666666667,-0.9666666666666667,0.8,0.9666666666666667,-0.16666666666666663,1.0,0.9666666666666667,0.033333333333333326
rel:18,rel:18|cond=rel:18:facilities:anchor,preserve__sigma0p5,preserve,40,0.45,0.1788510987426215,0.7183332409583436,0,19,0,2,0,0,14,0,0.0,0.0,16,0.0,0.025000000000000005,-0.025000000000000005,0.5,0.13416666666666668,0.36583333333333334,0.0,0.05833333333333335,-0.05833333333333335
rel:18,rel:18|cond=rel:18:facilities:anchor,preserve__sigma0p5,preserve,80,0.45,0.1788510987426215,0.7183332409583436,0,64,2,2,0,0,12,0,0.0,0.0,16,0.0,0.07500000000000001,-0.07500000000000001,0.8,0.25916666666666666,0.5408333333333334,1.0,0.4583333333333333,0.5416666666666667
rel:18,rel:18|cond=rel:18:facilities:anchor,preserve__sigma1,preserve,40,0.9,0.7582766571931676,0.0,0,30,1,1,0,0,14,0,0.0,0.0,16,0.0,0.025000000000000005,-0.025000000000000005,0.8,0.05166666666666668,0.7483333333333334,1.0,0.05833333333333335,0.9416666666666667
rel:18,rel:18|cond=rel:18:facilities:anchor,preserve__sigma1,preserve,80,0.9,0.7582766571931676,0.0,0,66,3,0,0,0,13,0,0.0,0.0,16,0.0,0.07500000000000001,-0.07500000000000001,0.5,0.18416666666666667,0.3158333333333333,0.0,0.10833333333333335,-0.10833333333333335
rel:18,rel:18|cond=rel:18:facilities:anchor,preserve__tau0p5,preserve,40,0.22499999999999998,0.038051181154637126,0.9151505959607085,0,22,0,2,0,0,14,0,0.0,0.0,16,0.0,0.0,0.0,0.8,0.026666666666666672,0.7733333333333334,1.0,0.3833333333333333,0.6166666666666667
rel:18,rel:18|cond=rel:18:facilities:anchor,preserve__tau0p5,preserve,80,0.22499999999999998,0.038051181154637126,0.9151505959607085,0,56,2,1,0,0,13,0,0.0,0.0,16,0.0,0.375,-0.375,0.5,0.40166666666666667,0.09833333333333333,0.0,0.4083333333333333,-0.4083333333333333
rel:18,rel:18|cond=rel:18:facilities:anchor,preserve__tau0,preserve,40,0.0,0.0,0.6783898247235198,0,22,0,2,0,0,14,0,0.0,0.0,16,0.0,0.0,0.0,0.8,0.026666666666666672,0.7733333333333334,1.0,0.3833333333333333,0.6166666666666667
rel:18,rel:18|cond=rel:18:facilities:anchor,preserve__tau0,preserve,80,0.0,0.0,0.6783898247235198,0,59,2,1,0,0,13,0,0.0,0.0,16,0.0,0.5249999999999999,-0.5249999999999999,0.5,0.6216666666666666,-0.12166666666666659,0.0,0.5583333333333332,-0.5583333333333332
rel:18,rel:18|cond=rel:18:facilities:anchor,preserve__tau1,preserve,40,0.44999999999999996,0.1519113671978972,1.0,0,10,0,1,0,0,15,0,0.0,0.0,16,0.0,0.0,0.0,0.8,0.026666666666666672,0.7733333333333334,1.0,0.03333333333333334,0.9666666666666667
rel:18,rel:18|cond=rel:18:facilities:anchor,preserve__tau1,preserve,80,0.44999999999999996,0.1519113671978972,1.0,0,70,1,4,0,0,11,0,0.0,0.0,16,0.0,0.08333333333333334,-0.08333333333333334,0.8,0.08333333333333334,0.7166666666666667,1.0,0.43333333333333335,0.5666666666666667
rel:18,rel:18|cond=rel:18:facilities:anchor,retrieval_only,retrieval_only,40,,,,2,10,0,1,0,15,0,16,1.0,50.125,16,0.0,0.9666666666666667,-0.9666666666666667,0.8,0.9933333333333333,-0.19333333333333325,1.0,1.0,0.0
rel:18,rel:18|cond=rel:18:facilities:anchor,retrieval_only,retrieval_only,80,,,,2,21,1,0,0,15,0,16,1.0,50.125,16,0.0,0.9666666666666667,-0.9666666666666667,0.5,0.9933333333333333,-0.4933333333333333,0.0,1.0,-1.0
rel:18,rel:18|cond=rel:18:facilities:anchor,static_conditioned,static_conditioned,40,,,,0,10,0,1,0,0,15,0,0.0,0.0,16,0.0,0.0,0.0,0.8,0.026666666666666672,0.7733333333333334,1.0,0.03333333333333334,0.9666666666666667
rel:18,rel:18|cond=rel:18:facilities:anchor,static_conditioned,static_conditioned,80,,,,0,21,1,0,0,0,15,0,0.0,0.0,16,0.0,0.0,0.0,0.5,0.026666666666666672,0.47333333333333333,0.0,0.03333333333333334,-0.03333333333333334
rel:18,rel:18|cond=rel:18:facilities:anchor,uncertainty_aware__tau0,uncertainty_aware,40,0.0,0.0,0.6783898247235198,0,22,0,2,0,0,14,0,0.0,0.0,16,0.0,0.0,0.0,0.8,0.026666666666666672,0.7733333333333334,1.0,0.3833333333333333,0.6166666666666667
rel:18,rel:18|cond=rel:18:facilities:anchor,uncertainty_aware__tau0,uncertainty_aware,80,0.0,0.0,0.6783898247235198,0,59,2,1,0,0,13,0,0.0,0.0,16,0.0,0.5249999999999999,-0.5249999999999999,0.5,0.6216666666666666,-0.12166666666666659,0.0,0.5583333333333332,-0.5583333333333332
rel:18,rel:18|cond=rel:18:facilities:anchor,uncertainty_aware__tau1,uncertainty_aware,40,0.44999999999999996,0.1519113671978972,1.0,2,10,0,1,0,15,0,16,1.0,50.125,16,0.0,0.9666666666666667,-0.9666666666666667,0.8,0.9933333333333333,-0.19333333333333325,1.0,1.0,0.0
rel:18,rel:18|cond=rel:18:facilities:anchor,uncertainty_aware__tau1,uncertainty_aware,80,0.44999999999999996,0.1519113671978972,1.0,2,21,1,0,0,15,0,16,1.0,50.125,16,0.0,0.9666666666666667,-0.9666666666666667,0.5,0.9666666666666667,-0.4666666666666667,0.0,0.9666666666666667,-0.9666666666666667
rel:18,rel:18|cond=rel:18:finance:anchor,blind,blind,40,,,,0,12,0,1,0,0,15,0,0.0,0.0,16,0.0,0.0,0.0,0.0,0.0,0.0,1.0,0.03333333333333334,0.9666666666666667
rel:18,rel:18|cond=rel:18:finance:anchor,blind,blind,80,,,,0,71,1,4,0,0,11,0,0.0,0.0,16,1.0,0.26666666666666666,0.7333333333333334,1.0,0.3066666666666667,0.6933333333333334,1.0,0.3166666666666667,0.6833333333333333
rel:18,rel:18|cond=rel:18:finance:anchor,oracle_exact,oracle_exact,40,,,,0,28,0,2,0,0,14,0,0.0,0.0,16,0.0,0.35,-0.35,0.0,0.36,-0.36,1.0,0.3833333333333333,0.6166666666666667
rel:18,rel:18|cond=rel:18:finance:anchor,oracle_exact,oracle_exact,80,,,,0,58,2,0,0,0,14,0,0.0,0.0,16,1.0,0.3833333333333333,0.6166666666666667,1.0,0.4083333333333333,0.5916666666666667,1.0,0.4083333333333333,0.5916666666666667
rel:18,rel:18|cond=rel:18:finance:anchor,pointer__sigma0p5,pointer,40,0.45,0.1788510987426215,0.7183332409583437,2,37,0,1,5,10,0,16,1.0,49.1875,16,0.0,0.9166666666666666,-0.9166666666666666,0.0,0.9366666666666666,-0.9366666666666666,1.0,0.975,0.025000000000000022
rel:18,rel:18|cond=rel:18:finance:anchor,pointer__sigma0p5,pointer,80,0.45,0.1788510987426215,0.7183332409583437,2,76,1,0,10,5,0,16,1.0,49.1875,16,1.0,0.95,0.050000000000000044,1.0,0.97,0.030000000000000027,1.0,0.975,0.025000000000000022
rel:18,rel:18|cond=rel:18:finance:anchor,pointer__sigma1,pointer,40,0.9,0.7582766571931676,0.0,2,27,0,1,3,12,0,16,1.0,49.1875,16,0.0,0.9166666666666666,-0.9166666666666666,0.0,0.9291666666666667,-0.9291666666666667,1.0,0.95,0.050000000000000044
rel:18,rel:18|cond=rel:18:finance:anchor,pointer__sigma1,pointer,80,0.9,0.7582766571931676,0.0,2,41,1,0,3,12,0,16,1.0,49.1875,16,1.0,0.95,0.050000000000000044,1.0,0.97,0.030000000000000027,1.0,0.975,0.025000000000000022
rel:18,rel:18|cond=rel:18:finance:anchor,pointer__tau0p5,pointer,40,0.22499999999999998,0.038051181154637126,0.9151505959607087,2,37,0,1,5,10,0,16,1.0,49.1875,16,0.0,0.9166666666666666,-0.9166666666666666,0.0,0.9291666666666667,-0.9291666666666667,1.0,0.95,0.050000000000000044
rel:18,rel:18|cond=rel:18:finance:anchor,pointer__tau0p5,pointer,80,0.22499999999999998,0.038051181154637126,0.9151505959607087,2,76,1,0,10,5,0,16,1.0,49.1875,16,1.0,0.95,0.050000000000000044,1.0,0.97,0.030000000000000027,1.0,0.975,0.025000000000000022
rel:18,rel:18|cond=rel:18:finance:anchor,pointer__tau0,pointer,40,0.0,0.0,0.6783898247235198,2,37,0,1,5,10,0,16,1.0,49.1875,16,0.0,0.9166666666666666,-0.9166666666666666,0.0,0.9291666666666667,-0.9291666666666667,1.0,0.95,0.050000000000000044
rel:18,rel:18|cond=rel:18:finance:anchor,pointer__tau0,pointer,80,0.0,0.0,0.6783898247235198,2,76,1,0,10,5,0,16,1.0,49.1875,16,1.0,0.95,0.050000000000000044,1.0,0.97,0.030000000000000027,1.0,0.975,0.025000000000000022
rel:18,rel:18|cond=rel:18:finance:anchor,pointer__tau1,pointer,40,0.44999999999999996,0.1519113671978972,1.0,2,37,0,1,5,10,0,16,1.0,49.1875,16,0.0,0.9166666666666666,-0.9166666666666666,0.0,0.9291666666666667,-0.9291666666666667,1.0,0.95,0.050000000000000044
rel:18,rel:18|cond=rel:18:finance:anchor,pointer__tau1,pointer,80,0.44999999999999996,0.1519113671978972,1.0,2,76,1,0,10,5,0,16,1.0,49.1875,16,1.0,0.95,0.050000000000000044,1.0,0.97,0.030000000000000027,1.0,0.975,0.025000000000000022
rel:18,rel:18|cond=rel:18:finance:anchor,preserve__sigma0p5,preserve,40,0.45,0.1788510987426215,0.7183332409583437,0,21,0,2,0,0,14,0,0.0,0.0,16,0.0,0.025000000000000005,-0.025000000000000005,0.0,0.12361111111111112,-0.12361111111111112,1.0,0.05833333333333335,0.9416666666666667
rel:18,rel:18|cond=rel:18:finance:anchor,preserve__sigma0p5,preserve,80,0.45,0.1788510987426215,0.7183332409583437,0,62,2,1,0,0,13,0,0.0,0.0,16,1.0,0.4083333333333333,0.5916666666666667,1.0,0.4083333333333333,0.5916666666666667,1.0,0.4083333333333333,0.5916666666666667
rel:18,rel:18|cond=rel:18:finance:anchor,preserve__sigma1,preserve,40,0.9,0.7582766571931676,0.0,0,32,1,1,0,0,14,0,0.0,0.0,16,0.0,0.025000000000000005,-0.025000000000000005,0.0,0.12361111111111112,-0.12361111111111112,1.0,0.05833333333333335,0.9416666666666667
rel:18,rel:18|cond=rel:18:finance:anchor,preserve__sigma1,preserve,80,0.9,0.7582766571931676,0.0,0,71,3,0,0,0,13,0,0.0,0.0,16,1.0,0.10833333333333335,0.8916666666666666,1.0,0.19583333333333336,0.8041666666666667,1.0,0.10833333333333335,0.8916666666666666
rel:18,rel:18|cond=rel:18:finance:anchor,preserve__tau0p5,preserve,40,0.22499999999999998,0.038051181154637126,0.9151505959607087,0,24,0,2,0,0,14,0,0.0,0.0,16,0.0,0.0,0.0,0.0,0.12666666666666665,-0.12666666666666665,1.0,0.20833333333333331,0.7916666666666667
rel:18,rel:18|cond=rel:18:finance:anchor,preserve__tau0p5,preserve,80,0.22499999999999998,0.038051181154637126,0.9151505959607087,0,51,1,2,0,0,13,0,0.0,0.0,16,1.0,0.4083333333333333,0.5916666666666667,1.0,0.4083333333333333,0.5916666666666667,1.0,0.4083333333333333,0.5916666666666667
rel:18,rel:18|cond=rel:18:finance:anchor,preserve__tau0,preserve,40,0.0,0.0,0.6783898247235198,0,28,0,2,0,0,14,0,0.0,0.0,16,0.0,0.35,-0.35,0.0,0.36,-0.36,1.0,0.3833333333333333,0.6166666666666667
rel:18,rel:18|cond=rel:18:finance:anchor,preserve__tau0,preserve,80,0.0,0.0,0.6783898247235198,0,58,2,0,0,0,14,0,0.0,0.0,16,1.0,0.3833333333333333,0.6166666666666667,1.0,0.4083333333333333,0.5916666666666667,1.0,0.4083333333333333,0.5916666666666667
rel:18,rel:18|cond=rel:18:finance:anchor,preserve__tau1,preserve,40,0.44999999999999996,0.1519113671978972,1.0,0,12,0,1,0,0,15,0,0.0,0.0,16,0.0,0.0,0.0,0.0,0.0,0.0,1.0,0.03333333333333334,0.9666666666666667
rel:18,rel:18|cond=rel:18:finance:anchor,preserve__tau1,preserve,80,0.44999999999999996,0.1519113671978972,1.0,0,71,1,4,0,0,11,0,0.0,0.0,16,1.0,0.26666666666666666,0.7333333333333334,1.0,0.3066666666666667,0.6933333333333334,1.0,0.3166666666666667,0.6833333333333333
rel:18,rel:18|cond=rel:18:finance:anchor,retrieval_only,retrieval_only,40,,,,2,12,0,1,0,15,0,16,1.0,49.1875,16,0.0,0.9166666666666666,-0.9166666666666666,0.0,0.9366666666666666,-0.9366666666666666,1.0,0.975,0.025000000000000022
rel:18,rel:18|cond=rel:18:finance:anchor,retrieval_only,retrieval_only,80,,,,2,26,1,0,0,15,0,16,1.0,49.1875,16,1.0,0.95,0.050000000000000044,1.0,0.9625,0.03749999999999998,1.0,0.95,0.050000000000000044
rel:18,rel:18|cond=rel:18:finance:anchor,static_conditioned,static_conditioned,40,,,,0,12,0,1,0,0,15,0,0.0,0.0,16,0.0,0.0,0.0,0.0,0.0,0.0,1.0,0.03333333333333334,0.9666666666666667
rel:18,rel:18|cond=rel:18:finance:anchor,static_conditioned,static_conditioned,80,,,,0,26,1,0,0,0,15,0,0.0,0.0,16,1.0,0.03333333333333334,0.9666666666666667,1.0,0.08333333333333334,0.9166666666666666,1.0,0.03333333333333334,0.9666666666666667
rel:18,rel:18|cond=rel:18:finance:anchor,uncertainty_aware__tau0,uncertainty_aware,40,0.0,0.0,0.6783898247235198,0,28,0,2,0,0,14,0,0.0,0.0,16,0.0,0.35,-0.35,0.0,0.36,-0.36,1.0,0.3833333333333333,0.6166666666666667
rel:18,rel:18|cond=rel:18:finance:anchor,uncertainty_aware__tau0,uncertainty_aware,80,0.0,0.0,0.6783898247235198,0,58,2,0,0,0,14,0,0.0,0.0,16,1.0,0.3833333333333333,0.6166666666666667,1.0,0.4083333333333333,0.5916666666666667,1.0,0.4083333333333333,0.5916666666666667
rel:18,rel:18|cond=rel:18:finance:anchor,uncertainty_aware__tau1,uncertainty_aware,40,0.44999999999999996,0.1519113671978972,1.0,2,12,0,1,0,15,0,16,1.0,49.1875,16,0.0,0.9166666666666666,-0.9166666666666666,0.0,0.9366666666666666,-0.9366666666666666,1.0,0.975,0.025000000000000022
rel:18,rel:18|cond=rel:18:finance:anchor,uncertainty_aware__tau1,uncertainty_aware,80,0.44999999999999996,0.1519113671978972,1.0,2,26,1,0,0,15,0,16,1.0,49.1875,16,1.0,0.95,0.050000000000000044,1.0,0.9625,0.03749999999999998,1.0,0.95,0.050000000000000044
rel:18,rel:18|cond=rel:18:founding:anchor,blind,blind,40,,,,0,11,0,1,0,0,15,0,0.0,0.0,16,1.0,0.03333333333333334,0.9666666666666667,1.0,0.04166666666666667,0.9583333333333334,1.0,0.03333333333333334,0.9666666666666667
rel:18,rel:18|cond=rel:18:founding:anchor,blind,blind,80,,,,0,70,1,4,0,0,11,0,0.0,0.0,16,1.0,0.09166666666666669,0.9083333333333333,1.0,0.3925,0.6074999999999999,1.0,0.4916666666666667,0.5083333333333333
rel:18,rel:18|cond=rel:18:founding:anchor,oracle_exact,oracle_exact,40,,,,0,32,1,1,0,0,14,0,0.0,0.0,16,1.0,0.03333333333333334,0.9666666666666667,1.0,0.2608333333333333,0.7391666666666667,1.0,0.20833333333333331,0.7916666666666667
rel:18,rel:18|cond=rel:18:founding:anchor,oracle_exact,oracle_exact,80,,,,0,46,2,0,0,0,14,0,0.0,0.0,16,1.0,0.03333333333333334,0.9666666666666667,1.0,0.26916666666666667,0.7308333333333333,1.0,0.20833333333333331,0.7916666666666667
rel:18,rel:18|cond=rel:18:founding:anchor,pointer__sigma0p5,pointer,40,0.45,0.1788510987426215,0.7183332409583436,2,36,0,1,5,10,0,16,1.0,49.9375,16,1.0,0.65,0.35,1.0,0.7375,0.26249999999999996,1.0,0.65,0.35
rel:18,rel:18|cond=rel:18:founding:anchor,pointer__sigma0p5,pointer,80,0.45,0.1788510987426215,0.7183332409583436,2,80,1,0,11,4,0,16,1.0,49.9375,16,1.0,0.65,0.35,1.0,0.79,0.20999999999999996,1.0,0.825,0.17500000000000004
rel:18,rel:18|cond=rel:18:founding:anchor,pointer__sigma1,pointer,40,0.9,0.7582766571931676,0.0,2,21,0,1,2,13,0,16,1.0,49.9375,16,1.0,0.65,0.35,1.0,0.7375,0.26249999999999996,1.0,0.65,0.35
rel:18,rel:18|cond=rel:18:founding:anchor,pointer__sigma1,pointer,80,0.9,0.7582766571931676,0.0,2,35,1,0,2,13,0,16,1.0,49.9375,16,1.0,0.65,0.35,1.0,0.7375,0.26249999999999996,1.0,0.65,0.35
rel:18,rel:18|cond=rel:18:founding:anchor,pointer__tau0p5,pointer,40,0.22499999999999998,0.03805118115463712,0.9151505959607085,2,36,0,1,5,10,0,16,1.0,49.9375,16,1.0,0.65,0.35,1.0,0.7375,0.26249999999999996,1.0,0.65,0.35
rel:18,rel:18|cond=rel:18:founding:anchor,pointer__tau0p5,pointer,80,0.22499999999999998,0.03805118115463712,0.9151505959607085,2,80,1,0,11,4,0,16,1.0,49.9375,16,1.0,0.65,0.35,1.0,0.79,0.20999999999999996,1.0,0.825,0.17500000000000004
rel:18,rel:18|cond=rel:18:founding:anchor,pointer__tau0,pointer,40,0.0,0.0,0.6783898247235198,2,36,0,1,5,10,0,16,1.0,49.9375,16,1.0,0.65,0.35,1.0,0.7375,0.26249999999999996,1.0,0.65,0.35
rel:18,rel:18|cond=rel:18:founding:anchor,pointer__tau0,pointer,80,0.0,0.0,0.6783898247235198,2,80,1,0,11,4,0,16,1.0,49.9375,16,1.0,0.65,0.35,1.0,0.7375,0.26249999999999996,1.0,0.65,0.35
rel:18,rel:18|cond=rel:18:founding:anchor,pointer__tau1,pointer,40,0.44999999999999996,0.15191136719789716,1.0,2,36,0,1,5,10,0,16,1.0,49.9375,16,1.0,0.65,0.35,1.0,0.7375,0.26249999999999996,1.0,0.65,0.35
rel:18,rel:18|cond=rel:18:founding:anchor,pointer__tau1,pointer,80,0.44999999999999996,0.15191136719789716,1.0,2,80,1,0,11,4,0,16,1.0,49.9375,16,1.0,0.65,0.35,1.0,0.79,0.20999999999999996,1.0,0.825,0.17500000000000004
rel:18,rel:18|cond=rel:18:founding:anchor,preserve__sigma0p5,preserve,40,0.45,0.1788510987426215,0.7183332409583436,0,30,0,3,0,0,13,0,0.0,0.0,16,1.0,0.06666666666666668,0.9333333333333333,1.0,0.36916666666666664,0.6308333333333334,1.0,0.41666666666666663,0.5833333333333334
rel:18,rel:18|cond=rel:18:founding:anchor,preserve__sigma0p5,preserve,80,0.45,0.1788510987426215,0.7183332409583436,0,55,2,1,0,0,13,0,0.0,0.0,16,1.0,0.06666666666666668,0.9333333333333333,1.0,0.2941666666666667,0.7058333333333333,1.0,0.24166666666666667,0.7583333333333333
rel:18,rel:18|cond=rel:18:founding:anchor,preserve__sigma1,preserve,40,0.9,0.7582766571931676,0.0,0,31,1,1,0,0,14,0,0.0,0.0,16,1.0,0.06666666666666668,0.9333333333333333,1.0,0.17500000000000002,0.825,1.0,0.06666666666666668,0.9333333333333333
rel:18,rel:18|cond=rel:18:founding:anchor,preserve__sigma1,preserve,80,0.9,0.7582766571931676,0.0,0,76,3,0,0,0,13,0,0.0,0.0,16,1.0,0.10000000000000002,0.9,1.0,0.11250000000000002,0.8875,1.0,0.10000000000000002,0.9
rel:18,rel:18|cond=rel:18:founding:anchor,preserve__tau0p5,preserve,40,0.22499999999999998,0.03805118115463712,0.9151505959607085,0,21,0,2,0,0,14,0,0.0,0.0,16,1.0,0.03333333333333334,0.9666666666666667,1.0,0.3258333333333333,0.6741666666666667,1.0,0.3833333333333333,0.6166666666666667
rel:18,rel:18|cond=rel:18:founding:anchor,preserve__tau0p5,preserve,80,0.22499999999999998,0.03805118115463712,0.9151505959607085,0,55,2,1,0,0,13,0,0.0,0.0,16,1.0,0.06666666666666668,0.9333333333333333,1.0,0.2941666666666667,0.7058333333333333,1.0,0.24166666666666667,0.7583333333333333
rel:18,rel:18|cond=rel:18:founding:anchor,preserve__tau0,preserve,40,0.0,0.0,0.6783898247235198,0,21,0,2,0,0,14,0,0.0,0.0,16,1.0,0.03333333333333334,0.9666666666666667,1.0,0.3133333333333333,0.6866666666666668,1.0,0.3833333333333333,0.6166666666666667
rel:18,rel:18|cond=rel:18:founding:anchor,preserve__tau0,preserve,80,0.0,0.0,0.6783898247235198,0,60,2,1,0,0,13,0,0.0,0.0,16,1.0,0.20833333333333331,0.7916666666666667,1.0,0.2958333333333333,0.7041666666666667,1.0,0.20833333333333331,0.7916666666666667
rel:18,rel:18|cond=rel:18:founding:anchor,preserve__tau1,preserve,40,0.44999999999999996,0.15191136719789716,1.0,0,11,0,1,0,0,15,0,0.0,0.0,16,1.0,0.03333333333333334,0.9666666666666667,1.0,0.054166666666666675,0.9458333333333333,1.0,0.03333333333333334,0.9666666666666667
rel:18,rel:18|cond=rel:18:founding:anchor,preserve__tau1,preserve,80,0.44999999999999996,0.15191136719789716,1.0,0,70,1,4,0,0,11,0,0.0,0.0,16,1.0,0.09166666666666669,0.9083333333333333,1.0,0.3925,0.6074999999999999,1.0,0.4916666666666667,0.5083333333333333
rel:18,rel:18|cond=rel:18:founding:anchor,retrieval_only,retrieval_only,40,,,,2,11,0,1,0,15,0,16,1.0,49.9375,16,1.0,0.65,0.35,1.0,0.7375,0.26249999999999996,1.0,0.65,0.35
rel:18,rel:18|cond=rel:18:founding:anchor,retrieval_only,retrieval_only,80,,,,2,25,1,0,0,15,0,16,1.0,49.9375,16,1.0,0.65,0.35,1.0,0.7375,0.26249999999999996,1.0,0.65,0.35
rel:18,rel:18|cond=rel:18:founding:anchor,static_conditioned,static_conditioned,40,,,,0,11,0,1,0,0,15,0,0.0,0.0,16,1.0,0.03333333333333334,0.9666666666666667,1.0,0.14166666666666666,0.8583333333333334,1.0,0.03333333333333334,0.9666666666666667
rel:18,rel:18|cond=rel:18:founding:anchor,static_conditioned,static_conditioned,80,,,,0,25,1,0,0,0,15,0,0.0,0.0,16,1.0,0.03333333333333334,0.9666666666666667,1.0,0.03333333333333334,0.9666666666666667,1.0,0.03333333333333334,0.9666666666666667
rel:18,rel:18|cond=rel:18:founding:anchor,uncertainty_aware__tau0,uncertainty_aware,40,0.0,0.0,0.6783898247235198,0,21,0,2,0,0,14,0,0.0,0.0,16,1.0,0.03333333333333334,0.9666666666666667,1.0,0.3133333333333333,0.6866666666666668,1.0,0.3833333333333333,0.6166666666666667
rel:18,rel:18|cond=rel:18:founding:anchor,uncertainty_aware__tau0,uncertainty_aware,80,0.0,0.0,0.6783898247235198,0,60,2,1,0,0,13,0,0.0,0.0,16,1.0,0.20833333333333331,0.7916666666666667,1.0,0.2958333333333333,0.7041666666666667,1.0,0.20833333333333331,0.7916666666666667
rel:18,rel:18|cond=rel:18:founding:anchor,uncertainty_aware__tau1,uncertainty_aware,40,0.44999999999999996,0.15191136719789716,1.0,2,11,0,1,0,15,0,16,1.0,49.9375,16,1.0,0.65,0.35,1.0,0.7375,0.26249999999999996,1.0,0.65,0.35
rel:18,rel:18|cond=rel:18:founding:anchor,uncertainty_aware__tau1,uncertainty_aware,80,0.44999999999999996,0.15191136719789716,1.0,2,25,1,0,0,15,0,16,1.0,49.9375,16,1.0,0.65,0.35,1.0,0.7375,0.26249999999999996,1.0,0.65,0.35
rel:21,rel:21|cond=rel:21:custom:anchor,blind,blind,40,,,,0,0,0,0,0,0,16,0,0.0,0.0,16,0.0,0.0,0.0,0.0,0.0,0.0,0.0,0.0,0.0
rel:21,rel:21|cond=rel:21:custom:anchor,blind,blind,80,,,,0,75,0,5,0,0,11,0,0.0,0.0,16,1.0,0.4666666666666667,0.5333333333333333,1.0,0.4916666666666667,0.5083333333333333,1.0,0.5166666666666667,0.4833333333333333
rel:21,rel:21|cond=rel:21:custom:anchor,oracle_exact,oracle_exact,40,,,,0,27,1,0,0,0,15,0,0.0,0.0,16,0.0,0.35,-0.35,0.0,0.36,-0.36,0.0,0.35,-0.35
rel:21,rel:21|cond=rel:21:custom:anchor,oracle_exact,oracle_exact,80,,,,0,48,1,1,0,0,14,0,0.0,0.0,16,1.0,0.3833333333333333,0.6166666666666667,1.0,0.40166666666666667,0.5983333333333334,1.0,0.3833333333333333,0.6166666666666667
rel:21,rel:21|cond=rel:21:custom:anchor,pointer__sigma0p5,pointer,40,0.45,0.1788510987426215,0.7183332409583436,2,40,0,0,8,8,0,16,1.0,58.0625,16,0.0,0.95,-0.95,0.0,0.975,-0.975,0.0,1.0,-1.0
rel:21,rel:21|cond=rel:21:custom:anchor,pointer__sigma0p5,pointer,80,0.45,0.1788510987426215,0.7183332409583436,2,76,0,1,11,4,0,16,1.0,57.8125,16,1.0,0.95,0.050000000000000044,1.0,0.975,0.025000000000000022,1.0,1.0,0.0
rel:21,rel:21|cond=rel:21:custom:anchor,pointer__sigma1,pointer,40,0.9,0.7582766571931676,0.0,2,15,0,0,3,13,0,16,1.0,58.0625,16,0.0,0.95,-0.95,0.0,0.975,-0.975,0.0,1.0,-1.0
rel:21,rel:21|cond=rel:21:custom:anchor,pointer__sigma1,pointer,80,0.9,0.7582766571931676,0.0,2,36,0,1,3,12,0,16,1.0,57.8125,16,1.0,0.95,0.050000000000000044,1.0,0.975,0.025000000000000022,1.0,1.0,0.0
rel:21,rel:21|cond=rel:21:custom:anchor,pointer__tau0p5,pointer,40,0.22499999999999998,0.03805118115463712,0.9151505959607085,2,40,0,0,8,8,0,16,1.0,58.0625,16,0.0,0.95,-0.95,0.0,0.975,-0.975,0.0,1.0,-1.0
rel:21,rel:21|cond=rel:21:custom:anchor,pointer__tau0p5,pointer,80,0.22499999999999998,0.03805118115463712,0.9151505959607085,2,76,0,1,11,4,0,16,1.0,57.8125,16,1.0,0.95,0.050000000000000044,1.0,0.975,0.025000000000000022,1.0,1.0,0.0
rel:21,rel:21|cond=rel:21:custom:anchor,pointer__tau0,pointer,40,0.0,0.0,0.6783898247235198,2,40,0,0,8,8,0,16,1.0,58.0625,16,0.0,0.95,-0.95,0.0,0.975,-0.975,0.0,1.0,-1.0
rel:21,rel:21|cond=rel:21:custom:anchor,pointer__tau0,pointer,80,0.0,0.0,0.6783898247235198,2,76,0,1,11,4,0,16,1.0,57.8125,16,1.0,0.95,0.050000000000000044,1.0,0.975,0.025000000000000022,1.0,1.0,0.0
rel:21,rel:21|cond=rel:21:custom:anchor,pointer__tau1,pointer,40,0.44999999999999996,0.15191136719789716,1.0,2,40,0,0,8,8,0,16,1.0,58.0625,16,0.0,0.95,-0.95,0.0,0.975,-0.975,0.0,1.0,-1.0
rel:21,rel:21|cond=rel:21:custom:anchor,pointer__tau1,pointer,80,0.44999999999999996,0.15191136719789716,1.0,2,76,0,1,11,4,0,16,1.0,57.8125,16,1.0,0.95,0.050000000000000044,1.0,0.975,0.025000000000000022,1.0,1.0,0.0
rel:21,rel:21|cond=rel:21:custom:anchor,preserve__sigma0p5,preserve,40,0.45,0.1788510987426215,0.7183332409583436,0,27,0,2,0,0,14,0,0.0,0.0,16,0.0,0.35,-0.35,0.0,0.39749999999999996,-0.39749999999999996,0.0,0.425,-0.425
rel:21,rel:21|cond=rel:21:custom:anchor,preserve__sigma0p5,preserve,80,0.45,0.1788510987426215,0.7183332409583436,0,64,1,2,0,0,13,0,0.0,0.0,16,1.0,0.3833333333333333,0.6166666666666667,1.0,0.42666666666666664,0.5733333333333334,1.0,0.43333333333333335,0.5666666666666667
rel:21,rel:21|cond=rel:21:custom:anchor,preserve__sigma1,preserve,40,0.9,0.7582766571931676,0.0,0,29,1,0,0,0,15,0,0.0,0.0,16,0.0,0.0,0.0,0.0,0.025000000000000005,-0.025000000000000005,0.0,0.05000000000000001,-0.05000000000000001
rel:21,rel:21|cond=rel:21:custom:anchor,preserve__sigma1,preserve,80,0.9,0.7582766571931676,0.0,0,80,1,3,0,0,12,0,0.0,0.0,16,1.0,0.08333333333333334,0.9166666666666666,1.0,0.12166666666666667,0.8783333333333333,1.0,0.13333333333333336,0.8666666666666667
rel:21,rel:21|cond=rel:21:custom:anchor,preserve__tau0p5,preserve,40,0.22499999999999998,0.03805118115463712,0.9151505959607085,0,14,0,1,0,0,15,0,0.0,0.0,16,0.0,0.35,-0.35,0.0,0.3820238095238095,-0.3820238095238095,0.0,0.375,-0.375
rel:21,rel:21|cond=rel:21:custom:anchor,preserve__tau0p5,preserve,80,0.22499999999999998,0.03805118115463712,0.9151505959607085,0,48,1,1,0,0,14,0,0.0,0.0,16,1.0,0.3833333333333333,0.6166666666666667,1.0,0.40166666666666667,0.5983333333333334,1.0,0.3833333333333333,0.6166666666666667
rel:21,rel:21|cond=rel:21:custom:anchor,preserve__tau0,preserve,40,0.0,0.0,0.6783898247235198,0,27,1,0,0,0,15,0,0.0,0.0,16,0.0,0.35,-0.35,0.0,0.36,-0.36,0.0,0.35,-0.35
rel:21,rel:21|cond=rel:21:custom:anchor,preserve__tau0,preserve,80,0.0,0.0,0.6783898247235198,0,61,1,2,0,0,13,0,0.0,0.0,16,1.0,0.5583333333333332,0.44166666666666676,1.0,0.5683333333333332,0.43166666666666675,1.0,0.5583333333333332,0.44166666666666676
rel:21,rel:21|cond=rel:21:custom:anchor,preserve__tau1,preserve,40,0.44999999999999996,0.15191136719789716,1.0,0,0,0,0,0,0,16,0,0.0,0.0,16,0.0,0.0,0.0,0.0,0.0,0.0,0.0,0.0,0.0
rel:21,rel:21|cond=rel:21:custom:anchor,preserve__tau1,preserve,80,0.44999999999999996,0.15191136719789716,1.0,0,75,0,5,0,0,11,0,0.0,0.0,16,1.0,0.4666666666666667,0.5333333333333333,1.0,0.4916666666666667,0.5083333333333333,1.0,0.5166666666666667,0.4833333333333333
rel:21,rel:21|cond=rel:21:custom:anchor,retrieval_only,retrieval_only,40,,,,2,0,0,0,0,16,0,16,1.0,58.0625,16,0.0,0.95,-0.95,0.0,0.975,-0.975,0.0,1.0,-1.0
rel:21,rel:21|cond=rel:21:custom:anchor,retrieval_only,retrieval_only,80,,,,2,21,0,1,0,15,0,16,1.0,57.8125,16,1.0,0.95,0.050000000000000044,1.0,0.975,0.025000000000000022,1.0,1.0,0.0
rel:21,rel:21|cond=rel:21:custom:anchor,static_conditioned,static_conditioned,40,,,,0,21,0,1,0,0,15,0,0.0,0.0,16,0.0,0.03333333333333334,-0.03333333333333334,0.6666666666666666,0.053809523809523814,0.6128571428571428,1.0,0.05833333333333335,0.9416666666666667
rel:21,rel:21|cond=rel:21:custom:anchor,static_conditioned,static_conditioned,80,,,,0,21,0,1,0,0,15,0,0.0,0.0,16,0.0,0.03333333333333334,-0.03333333333333334,0.6666666666666666,0.053809523809523814,0.6128571428571428,1.0,0.05833333333333335,0.9416666666666667
rel:21,rel:21|cond=rel:21:custom:anchor,uncertainty_aware__tau0,uncertainty_aware,40,0.0,0.0,0.6783898247235198,0,27,1,0,0,0,15,0,0.0,0.0,16,0.0,0.35,-0.35,0.0,0.36,-0.36,0.0,0.35,-0.35
rel:21,rel:21|cond=rel:21:custom:anchor,uncertainty_aware__tau0,uncertainty_aware,80,0.0,0.0,0.6783898247235198,0,61,1,2,0,0,13,0,0.0,0.0,16,1.0,0.5583333333333332,0.44166666666666676,1.0,0.5683333333333332,0.43166666666666675,1.0,0.5583333333333332,0.44166666666666676
rel:21,rel:21|cond=rel:21:custom:anchor,uncertainty_aware__tau1,uncertainty_aware,40,0.44999999999999996,0.15191136719789716,1.0,2,0,0,0,0,16,0,16,1.0,58.0625,16,0.0,0.95,-0.95,0.0,0.975,-0.975,0.0,1.0,-1.0
rel:21,rel:21|cond=rel:21:custom:anchor,uncertainty_aware__tau1,uncertainty_aware,80,0.44999999999999996,0.15191136719789716,1.0,2,21,0,1,0,15,0,16,1.0,57.8125,16,1.0,0.95,0.050000000000000044,1.0,0.975,0.025000000000000022,1.0,1.0,0.0
rel:21,rel:21|cond=rel:21:facilities:anchor,blind,blind,40,,,,0,13,0,1,0,0,15,0,0.0,0.0,16,0.0,0.0,0.0,0.5,0.030000000000000006,0.47,1.0,0.03333333333333334,0.9666666666666667
rel:21,rel:21|cond=rel:21:facilities:anchor,blind,blind,80,,,,0,68,1,3,0,0,12,0,0.0,0.0,16,0.0,0.225,-0.225,0.5,0.24166666666666667,0.2583333333333333,1.0,0.25833333333333336,0.7416666666666667
rel:21,rel:21|cond=rel:21:facilities:anchor,oracle_exact,oracle_exact,40,,,,0,27,0,2,0,0,14,0,0.0,0.0,16,0.0,0.35,-0.35,0.5,0.4675,0.03249999999999997,1.0,0.5583333333333332,0.44166666666666676
rel:21,rel:21|cond=rel:21:facilities:anchor,oracle_exact,oracle_exact,80,,,,0,60,2,0,0,0,14,0,0.0,0.0,16,0.0,0.35,-0.35,0.5,0.36666666666666664,0.13333333333333336,1.0,0.3833333333333333,0.6166666666666667
rel:21,rel:21|cond=rel:21:facilities:anchor,pointer__sigma0p5,pointer,40,0.45,0.1788510987426215,0.7183332409583436,2,38,0,1,5,10,0,16,1.0,58.0,16,0.0,0.9416666666666667,-0.9416666666666667,0.5,0.9583333333333334,-0.45833333333333337,1.0,0.975,0.025000000000000022
rel:21,rel:21|cond=rel:21:facilities:anchor,pointer__sigma0p5,pointer,80,0.45,0.1788510987426215,0.7183332409583436,2,79,1,0,10,5,0,16,1.0,58.0,16,0.0,0.9416666666666667,-0.9416666666666667,0.5,0.9583333333333334,-0.45833333333333337,1.0,0.975,0.025000000000000022
rel:21,rel:21|cond=rel:21:facilities:anchor,pointer__sigma1,pointer,40,0.9,0.7582766571931676,0.0,2,28,0,1,3,12,0,16,1.0,58.0,16,0.0,0.9416666666666667,-0.9416666666666667,0.5,0.9583333333333334,-0.45833333333333337,1.0,0.975,0.025000000000000022
rel:21,rel:21|cond=rel:21:facilities:anchor,pointer__sigma1,pointer,80,0.9,0.7582766571931676,0.0,2,44,1,0,3,12,0,16,1.0,58.0,16,0.0,0.9416666666666667,-0.9416666666666667,0.5,0.9583333333333334,-0.45833333333333337,1.0,0.975,0.025000000000000022
rel:21,rel:21|cond=rel:21:facilities:anchor,pointer__tau0p5,pointer,40,0.22499999999999998,0.038051181154637126,0.9151505959607085,2,38,0,1,5,10,0,16,1.0,58.0,16,0.0,0.9416666666666667,-0.9416666666666667,0.5,0.9583333333333334,-0.45833333333333337,1.0,0.975,0.025000000000000022
rel:21,rel:21|cond=rel:21:facilities:anchor,pointer__tau0p5,pointer,80,0.22499999999999998,0.038051181154637126,0.9151505959607085,2,79,1,0,10,5,0,16,1.0,58.0,16,0.0,0.9416666666666667,-0.9416666666666667,0.5,0.9583333333333334,-0.45833333333333337,1.0,0.975,0.025000000000000022
rel:21,rel:21|cond=rel:21:facilities:anchor,pointer__tau0,pointer,40,0.0,0.0,0.6783898247235198,2,38,0,1,5,10,0,16,1.0,58.0,16,0.0,0.9416666666666667,-0.9416666666666667,0.5,0.9583333333333334,-0.45833333333333337,1.0,0.975,0.025000000000000022
rel:21,rel:21|cond=rel:21:facilities:anchor,pointer__tau0,pointer,80,0.0,0.0,0.6783898247235198,2,79,1,0,10,5,0,16,1.0,58.0,16,0.0,0.9416666666666667,-0.9416666666666667,0.5,0.9583333333333334,-0.45833333333333337,1.0,0.975,0.025000000000000022
rel:21,rel:21|cond=rel:21:facilities:anchor,pointer__tau1,pointer,40,0.44999999999999996,0.1519113671978972,1.0,2,38,0,1,5,10,0,16,1.0,58.0,16,0.0,0.9416666666666667,-0.9416666666666667,0.5,0.9583333333333334,-0.45833333333333337,1.0,0.975,0.025000000000000022
rel:21,rel:21|cond=rel:21:facilities:anchor,pointer__tau1,pointer,80,0.44999999999999996,0.1519113671978972,1.0,2,79,1,0,10,5,0,16,1.0,58.0,16,0.0,0.9416666666666667,-0.9416666666666667,0.5,0.9583333333333334,-0.45833333333333337,1.0,0.975,0.025000000000000022
rel:21,rel:21|cond=rel:21:facilities:anchor,preserve__sigma0p5,preserve,40,0.45,0.1788510987426215,0.7183332409583436,0,27,0,2,0,0,14,0,0.0,0.0,16,0.0,0.05000000000000001,-0.05000000000000001,0.5,0.1675,0.3325,1.0,0.25833333333333336,0.7416666666666667
rel:21,rel:21|cond=rel:21:facilities:anchor,preserve__sigma0p5,preserve,80,0.45,0.1788510987426215,0.7183332409583436,0,70,2,1,0,0,13,0,0.0,0.0,16,0.0,0.39999999999999997,-0.39999999999999997,0.5,0.43,0.07,1.0,0.43333333333333335,0.5666666666666667
rel:21,rel:21|cond=rel:21:facilities:anchor,preserve__sigma1,preserve,40,0.9,0.7582766571931676,0.0,0,40,1,1,0,0,14,0,0.0,0.0,16,0.0,0.05000000000000001,-0.05000000000000001,0.5,0.08000000000000002,0.42,1.0,0.08333333333333334,0.9166666666666666
rel:21,rel:21|cond=rel:21:facilities:anchor,preserve__sigma1,preserve,80,0.9,0.7582766571931676,0.0,0,71,2,1,0,0,13,0,0.0,0.0,16,0.0,0.07500000000000001,-0.07500000000000001,0.5,0.18583333333333335,0.31416666666666665,1.0,0.2833333333333333,0.7166666666666667
rel:21,rel:21|cond=rel:21:facilities:anchor,preserve__tau0p5,preserve,40,0.22499999999999998,0.038051181154637126,0.9151505959607085,0,26,0,2,0,0,14,0,0.0,0.0,16,0.0,0.175,-0.175,0.5,0.2875,0.21250000000000002,1.0,0.3833333333333333,0.6166666666666667
rel:21,rel:21|cond=rel:21:facilities:anchor,preserve__tau0p5,preserve,80,0.22499999999999998,0.038051181154637126,0.9151505959607085,0,43,1,1,0,0,14,0,0.0,0.0,16,0.0,0.35,-0.35,0.5,0.38,0.12,1.0,0.3833333333333333,0.6166666666666667
rel:21,rel:21|cond=rel:21:facilities:anchor,preserve__tau0,preserve,40,0.0,0.0,0.6783898247235198,0,27,0,2,0,0,14,0,0.0,0.0,16,0.0,0.35,-0.35,0.5,0.4675,0.03249999999999997,1.0,0.5583333333333332,0.44166666666666676
rel:21,rel:21|cond=rel:21:facilities:anchor,preserve__tau0,preserve,80,0.0,0.0,0.6783898247235198,0,60,2,0,0,0,14,0,0.0,0.0,16,0.0,0.35,-0.35,0.5,0.36666666666666664,0.13333333333333336,1.0,0.3833333333333333,0.6166666666666667
rel:21,rel:21|cond=rel:21:facilities:anchor,preserve__tau1,preserve,40,0.44999999999999996,0.1519113671978972,1.0,0,13,0,1,0,0,15,0,0.0,0.0,16,0.0,0.0,0.0,0.5,0.030000000000000006,0.47,1.0,0.03333333333333334,0.9666666666666667
rel:21,rel:21|cond=rel:21:facilities:anchor,preserve__tau1,preserve,80,0.44999999999999996,0.1519113671978972,1.0,0,68,1,3,0,0,12,0,0.0,0.0,16,0.0,0.225,-0.225,0.5,0.24166666666666667,0.2583333333333333,1.0,0.25833333333333336,0.7416666666666667
rel:21,rel:21|cond=rel:21:facilities:anchor,retrieval_only,retrieval_only,40,,,,2,13,0,1,0,15,0,16,1.0,58.0,16,0.0,0.9416666666666667,-0.9416666666666667,0.5,0.9583333333333334,-0.45833333333333337,1.0,0.975,0.025000000000000022
rel:21,rel:21|cond=rel:21:facilities:anchor,retrieval_only,retrieval_only,80,,,,2,29,1,0,0,15,0,16,1.0,58.0,16,0.0,0.9416666666666667,-0.9416666666666667,0.5,0.9583333333333334,-0.45833333333333337,1.0,0.975,0.025000000000000022
rel:21,rel:21|cond=rel:21:facilities:anchor,static_conditioned,static_conditioned,40,,,,0,13,0,1,0,0,15,0,0.0,0.0,16,0.0,0.0,0.0,0.5,0.030000000000000006,0.47,1.0,0.03333333333333334,0.9666666666666667
rel:21,rel:21|cond=rel:21:facilities:anchor,static_conditioned,static_conditioned,80,,,,0,29,1,0,0,0,15,0,0.0,0.0,16,0.0,0.0,0.0,0.5,0.01666666666666667,0.48333333333333334,1.0,0.03333333333333334,0.9666666666666667
rel:21,rel:21|cond=rel:21:facilities:anchor,uncertainty_aware__tau0,uncertainty_aware,40,0.0,0.0,0.6783898247235198,0,27,0,2,0,0,14,0,0.0,0.0,16,0.0,0.35,-0.35,0.5,0.4675,0.03249999999999997,1.0,0.5583333333333332,0.44166666666666676
rel:21,rel:21|cond=rel:21:facilities:anchor,uncertainty_aware__tau0,uncertainty_aware,80,0.0,0.0,0.6783898247235198,0,60,2,0,0,0,14,0,0.0,0.0,16,0.0,0.35,-0.35,0.5,0.36666666666666664,0.13333333333333336,1.0,0.3833333333333333,0.6166666666666667
rel:21,rel:21|cond=rel:21:facilities:anchor,uncertainty_aware__tau1,uncertainty_aware,40,0.44999999999999996,0.1519113671978972,1.0,2,13,0,1,0,15,0,16,1.0,58.0,16,0.0,0.9416666666666667,-0.9416666666666667,0.5,0.9583333333333334,-0.45833333333333337,1.0,0.975,0.025000000000000022
rel:21,rel:21|cond=rel:21:facilities:anchor,uncertainty_aware__tau1,uncertainty_aware,80,0.44999999999999996,0.1519113671978972,1.0,2,29,1,0,0,15,0,16,1.0,58.0,16,0.0,0.9416666666666667,-0.9416666666666667,0.5,0.9583333333333334,-0.45833333333333337,1.0,0.975,0.025000000000000022
rel:21,rel:21|cond=rel:21:finance:anchor,blind,blind,40,,,,0,14,0,1,0,0,15,0,0.0,0.0,16,1.0,0.03333333333333334,0.9666666666666667,1.0,0.03333333333333334,0.9666666666666667,1.0,0.03333333333333334,0.9666666666666667
rel:21,rel:21|cond=rel:21:finance:anchor,blind,blind,80,,,,0,31,1,0,0,0,15,0,0.0,0.0,16,1.0,0.03333333333333334,0.9666666666666667,1.0,0.11333333333333334,0.8866666666666667,1.0,0.03333333333333334,0.9666666666666667
rel:21,rel:21|cond=rel:21:finance:anchor,oracle_exact,oracle_exact,40,,,,0,35,0,2,0,0,14,0,0.0,0.0,16,1.0,0.3833333333333333,0.6166666666666667,1.0,0.4666666666666667,0.5333333333333333,1.0,0.3833333333333333,0.6166666666666667
rel:21,rel:21|cond=rel:21:finance:anchor,oracle_exact,oracle_exact,80,,,,0,74,2,0,0,0,14,0,0.0,0.0,16,1.0,0.3833333333333333,0.6166666666666667,1.0,0.39444444444444443,0.6055555555555556,1.0,0.3833333333333333,0.6166666666666667
rel:21,rel:21|cond=rel:21:finance:anchor,pointer__sigma0p5,pointer,40,0.45,0.1788510987426215,0.7183332409583437,2,39,0,1,5,10,0,16,1.0,57.1875,16,1.0,0.7749999999999999,0.2250000000000001,1.0,0.7999999999999999,0.20000000000000007,1.0,0.825,0.17500000000000004
rel:21,rel:21|cond=rel:21:finance:anchor,pointer__sigma0p5,pointer,80,0.45,0.1788510987426215,0.7183332409583437,2,76,1,0,9,6,0,16,1.0,57.1875,16,1.0,0.7749999999999999,0.2250000000000001,1.0,0.7999999999999999,0.20000000000000007,1.0,0.825,0.17500000000000004
rel:21,rel:21|cond=rel:21:finance:anchor,pointer__sigma1,pointer,40,0.9,0.7582766571931676,0.0,2,29,0,1,3,12,0,16,1.0,57.1875,16,1.0,0.7749999999999999,0.2250000000000001,1.0,0.7999999999999999,0.20000000000000007,1.0,0.825,0.17500000000000004
rel:21,rel:21|cond=rel:21:finance:anchor,pointer__sigma1,pointer,80,0.9,0.7582766571931676,0.0,2,46,1,0,3,12,0,16,1.0,57.1875,16,1.0,0.7749999999999999,0.2250000000000001,1.0,0.7999999999999999,0.20000000000000007,1.0,0.825,0.17500000000000004
rel:21,rel:21|cond=rel:21:finance:anchor,pointer__tau0p5,pointer,40,0.22499999999999998,0.038051181154637126,0.9151505959607087,2,39,0,1,5,10,0,16,1.0,57.1875,16,1.0,0.7749999999999999,0.2250000000000001,1.0,0.7999999999999999,0.20000000000000007,1.0,0.825,0.17500000000000004
rel:21,rel:21|cond=rel:21:finance:anchor,pointer__tau0p5,pointer,80,0.22499999999999998,0.038051181154637126,0.9151505959607087,2,76,1,0,9,6,0,16,1.0,57.1875,16,1.0,0.7749999999999999,0.2250000000000001,1.0,0.7999999999999999,0.20000000000000007,1.0,0.825,0.17500000000000004
rel:21,rel:21|cond=rel:21:finance:anchor,pointer__tau0,pointer,40,0.0,0.0,0.6783898247235198,2,39,0,1,5,10,0,16,1.0,57.1875,16,1.0,0.7749999999999999,0.2250000000000001,1.0,0.7999999999999999,0.20000000000000007,1.0,0.825,0.17500000000000004
rel:21,rel:21|cond=rel:21:finance:anchor,pointer__tau0,pointer,80,0.0,0.0,0.6783898247235198,2,76,1,0,9,6,0,16,1.0,57.1875,16,1.0,0.7749999999999999,0.2250000000000001,1.0,0.7999999999999999,0.20000000000000007,1.0,0.825,0.17500000000000004
rel:21,rel:21|cond=rel:21:finance:anchor,pointer__tau1,pointer,40,0.44999999999999996,0.1519113671978972,1.0,2,39,0,1,5,10,0,16,1.0,57.1875,16,1.0,0.7749999999999999,0.2250000000000001,1.0,0.7999999999999999,0.20000000000000007,1.0,0.825,0.17500000000000004
rel:21,rel:21|cond=rel:21:finance:anchor,pointer__tau1,pointer,80,0.44999999999999996,0.1519113671978972,1.0,2,76,1,0,9,6,0,16,1.0,57.1875,16,1.0,0.7749999999999999,0.2250000000000001,1.0,0.7999999999999999,0.20000000000000007,1.0,0.825,0.17500000000000004
rel:21,rel:21|cond=rel:21:finance:anchor,preserve__sigma0p5,preserve,40,0.45,0.1788510987426215,0.7183332409583437,0,28,0,2,0,0,14,0,0.0,0.0,16,1.0,0.08333333333333334,0.9166666666666666,1.0,0.11000000000000001,0.89,1.0,0.1166666666666667,0.8833333333333333
rel:21,rel:21|cond=rel:21:finance:anchor,preserve__sigma0p5,preserve,80,0.45,0.1788510987426215,0.7183332409583437,0,71,2,1,0,0,13,0,0.0,0.0,16,1.0,0.25833333333333336,0.7416666666666667,1.0,0.2683333333333333,0.7316666666666667,1.0,0.25833333333333336,0.7416666666666667
rel:21,rel:21|cond=rel:21:finance:anchor,preserve__sigma1,preserve,40,0.9,0.7582766571931676,0.0,0,28,0,2,0,0,14,0,0.0,0.0,16,1.0,0.08333333333333334,0.9166666666666666,1.0,0.11000000000000001,0.89,1.0,0.1166666666666667,0.8833333333333333
rel:21,rel:21|cond=rel:21:finance:anchor,preserve__sigma1,preserve,80,0.9,0.7582766571931676,0.0,0,73,2,1,0,0,13,0,0.0,0.0,16,1.0,0.10833333333333335,0.8916666666666666,1.0,0.20500000000000002,0.7949999999999999,1.0,0.1416666666666667,0.8583333333333333
rel:21,rel:21|cond=rel:21:finance:anchor,preserve__tau0p5,preserve,40,0.22499999999999998,0.038051181154637126,0.9151505959607087,0,14,0,1,0,0,15,0,0.0,0.0,16,1.0,0.03333333333333334,0.9666666666666667,1.0,0.03333333333333334,0.9666666666666667,1.0,0.03333333333333334,0.9666666666666667
rel:21,rel:21|cond=rel:21:finance:anchor,preserve__tau0p5,preserve,80,0.22499999999999998,0.038051181154637126,0.9151505959607087,0,52,1,1,0,0,14,0,0.0,0.0,16,1.0,0.3833333333333333,0.6166666666666667,1.0,0.39666666666666667,0.6033333333333333,1.0,0.3833333333333333,0.6166666666666667
rel:21,rel:21|cond=rel:21:finance:anchor,preserve__tau0,preserve,40,0.0,0.0,0.6783898247235198,0,32,0,2,0,0,14,0,0.0,0.0,16,1.0,0.20833333333333331,0.7916666666666667,1.0,0.20833333333333331,0.7916666666666667,1.0,0.20833333333333331,0.7916666666666667
rel:21,rel:21|cond=rel:21:finance:anchor,preserve__tau0,preserve,80,0.0,0.0,0.6783898247235198,0,65,1,2,0,0,13,0,0.0,0.0,16,1.0,0.5583333333333332,0.44166666666666676,1.0,0.5583333333333332,0.44166666666666676,1.0,0.5583333333333332,0.44166666666666676
rel:21,rel:21|cond=rel:21:finance:anchor,preserve__tau1,preserve,40,0.44999999999999996,0.1519113671978972,1.0,0,14,0,1,0,0,15,0,0.0,0.0,16,1.0,0.03333333333333334,0.9666666666666667,1.0,0.03333333333333334,0.9666666666666667,1.0,0.03333333333333334,0.9666666666666667
rel:21,rel:21|cond=rel:21:finance:anchor,preserve__tau1,preserve,80,0.44999999999999996,0.1519113671978972,1.0,0,31,1,0,0,0,15,0,0.0,0.0,16,1.0,0.03333333333333334,0.9666666666666667,1.0,0.04333333333333334,0.9566666666666667,1.0,0.03333333333333334,0.9666666666666667
rel:21,rel:21|cond=rel:21:finance:anchor,retrieval_only,retrieval_only,40,,,,2,14,0,1,0,15,0,16,1.0,57.1875,16,1.0,0.7749999999999999,0.2250000000000001,1.0,0.7999999999999999,0.20000000000000007,1.0,0.825,0.17500000000000004
rel:21,rel:21|cond=rel:21:finance:anchor,retrieval_only,retrieval_only,80,,,,2,31,1,0,0,15,0,16,1.0,57.1875,16,1.0,0.7749999999999999,0.2250000000000001,1.0,0.7999999999999999,0.20000000000000007,1.0,0.825,0.17500000000000004
rel:21,rel:21|cond=rel:21:finance:anchor,static_conditioned,static_conditioned,40,,,,0,14,0,1,0,0,15,0,0.0,0.0,16,1.0,0.03333333333333334,0.9666666666666667,1.0,0.03333333333333334,0.9666666666666667,1.0,0.03333333333333334,0.9666666666666667
rel:21,rel:21|cond=rel:21:finance:anchor,static_conditioned,static_conditioned,80,,,,0,31,1,0,0,0,15,0,0.0,0.0,16,1.0,0.03333333333333334,0.9666666666666667,1.0,0.04333333333333334,0.9566666666666667,1.0,0.03333333333333334,0.9666666666666667
rel:21,rel:21|cond=rel:21:finance:anchor,uncertainty_aware__tau0,uncertainty_aware,40,0.0,0.0,0.6783898247235198,0,32,0,2,0,0,14,0,0.0,0.0,16,1.0,0.20833333333333331,0.7916666666666667,1.0,0.20833333333333331,0.7916666666666667,1.0,0.20833333333333331,0.7916666666666667
rel:21,rel:21|cond=rel:21:finance:anchor,uncertainty_aware__tau0,uncertainty_aware,80,0.0,0.0,0.6783898247235198,0,65,1,2,0,0,13,0,0.0,0.0,16,1.0,0.5583333333333332,0.44166666666666676,1.0,0.5583333333333332,0.44166666666666676,1.0,0.5583333333333332,0.44166666666666676
rel:21,rel:21|cond=rel:21:finance:anchor,uncertainty_aware__tau1,uncertainty_aware,40,0.44999999999999996,0.1519113671978972,1.0,2,14,0,1,0,15,0,16,1.0,57.1875,16,1.0,0.7749999999999999,0.2250000000000001,1.0,0.7999999999999999,0.20000000000000007,1.0,0.825,0.17500000000000004
rel:21,rel:21|cond=rel:21:finance:anchor,uncertainty_aware__tau1,uncertainty_aware,80,0.44999999999999996,0.1519113671978972,1.0,2,31,1,0,0,15,0,16,1.0,57.1875,16,1.0,0.7749999999999999,0.2250000000000001,1.0,0.7999999999999999,0.20000000000000007,1.0,0.825,0.17500000000000004
rel:21,rel:21|cond=rel:21:founding:anchor,blind,blind,40,,,,0,14,0,1,0,0,15,0,0.0,0.0,16,1.0,0.03333333333333334,0.9666666666666667,1.0,0.12297619047619048,0.8770238095238095,1.0,0.05833333333333335,0.9416666666666667
rel:21,rel:21|cond=rel:21:founding:anchor,blind,blind,80,,,,0,79,1,4,0,0,11,0,0.0,0.0,16,1.0,0.1166666666666667,0.8833333333333333,1.0,0.2916666666666667,0.7083333333333333,1.0,0.4666666666666667,0.5333333333333333
rel:21,rel:21|cond=rel:21:founding:anchor,oracle_exact,oracle_exact,40,,,,0,27,0,2,0,0,14,0,0.0,0.0,16,1.0,0.03333333333333334,0.9666666666666667,1.0,0.29083333333333333,0.7091666666666667,1.0,0.4083333333333333,0.5916666666666667
rel:21,rel:21|cond=rel:21:founding:anchor,oracle_exact,oracle_exact,80,,,,0,56,2,0,0,0,14,0,0.0,0.0,16,1.0,0.03333333333333334,0.9666666666666667,1.0,0.28833333333333333,0.7116666666666667,1.0,0.3833333333333333,0.6166666666666667
rel:21,rel:21|cond=rel:21:founding:anchor,pointer__sigma0p5,pointer,40,0.45,0.1788510987426215,0.7183332409583436,2,39,0,1,5,10,0,16,1.0,59.4375,16,1.0,0.625,0.375,1.0,0.7999999999999999,0.20000000000000007,1.0,0.975,0.025000000000000022
rel:21,rel:21|cond=rel:21:founding:anchor,pointer__sigma0p5,pointer,80,0.45,0.1788510987426215,0.7183332409583436,2,77,1,0,10,5,0,16,1.0,59.4375,16,1.0,0.625,0.375,1.0,0.7999999999999999,0.20000000000000007,1.0,0.975,0.025000000000000022
rel:21,rel:21|cond=rel:21:founding:anchor,pointer__sigma1,pointer,40,0.9,0.7582766571931676,0.0,2,24,0,1,2,13,0,16,1.0,59.4375,16,1.0,0.625,0.375,1.0,0.7999999999999999,0.20000000000000007,1.0,0.975,0.025000000000000022
rel:21,rel:21|cond=rel:21:founding:anchor,pointer__sigma1,pointer,80,0.9,0.7582766571931676,0.0,2,37,1,0,2,13,0,16,1.0,59.4375,16,1.0,0.625,0.375,1.0,0.7999999999999999,0.20000000000000007,1.0,0.975,0.025000000000000022
rel:21,rel:21|cond=rel:21:founding:anchor,pointer__tau0p5,pointer,40,0.22499999999999998,0.03805118115463712,0.9151505959607085,2,39,0,1,5,10,0,16,1.0,59.4375,16,1.0,0.625,0.375,1.0,0.7999999999999999,0.20000000000000007,1.0,0.975,0.025000000000000022
rel:21,rel:21|cond=rel:21:founding:anchor,pointer__tau0p5,pointer,80,0.22499999999999998,0.03805118115463712,0.9151505959607085,2,77,1,0,10,5,0,16,1.0,59.4375,16,1.0,0.625,0.375,1.0,0.7999999999999999,0.20000000000000007,1.0,0.975,0.025000000000000022
rel:21,rel:21|cond=rel:21:founding:anchor,pointer__tau0,pointer,40,0.0,0.0,0.6783898247235198,2,39,0,1,5,10,0,16,1.0,59.4375,16,1.0,0.625,0.375,1.0,0.7999999999999999,0.20000000000000007,1.0,0.975,0.025000000000000022
rel:21,rel:21|cond=rel:21:founding:anchor,pointer__tau0,pointer,80,0.0,0.0,0.6783898247235198,2,77,1,0,10,5,0,16,1.0,59.4375,16,1.0,0.625,0.375,1.0,0.7999999999999999,0.20000000000000007,1.0,0.975,0.025000000000000022
rel:21,rel:21|cond=rel:21:founding:anchor,pointer__tau1,pointer,40,0.44999999999999996,0.15191136719789716,1.0,2,39,0,1,5,10,0,16,1.0,59.4375,16,1.0,0.625,0.375,1.0,0.7999999999999999,0.20000000000000007,1.0,0.975,0.025000000000000022
rel:21,rel:21|cond=rel:21:founding:anchor,pointer__tau1,pointer,80,0.44999999999999996,0.15191136719789716,1.0,2,77,1,0,10,5,0,16,1.0,59.4375,16,1.0,0.625,0.375,1.0,0.7999999999999999,0.20000000000000007,1.0,0.975,0.025000000000000022
rel:21,rel:21|cond=rel:21:founding:anchor,preserve__sigma0p5,preserve,40,0.45,0.1788510987426215,0.7183332409583436,0,27,0,2,0,0,14,0,0.0,0.0,16,1.0,0.06666666666666668,0.9333333333333333,1.0,0.14666666666666667,0.8533333333333333,1.0,0.09166666666666669,0.9083333333333333
rel:21,rel:21|cond=rel:21:founding:anchor,preserve__sigma0p5,preserve,80,0.45,0.1788510987426215,0.7183332409583436,0,68,1,3,0,0,12,0,0.0,0.0,16,1.0,0.10000000000000002,0.9,1.0,0.2575,0.7424999999999999,1.0,0.45,0.55
rel:21,rel:21|cond=rel:21:founding:anchor,preserve__sigma1,preserve,40,0.9,0.7582766571931676,0.0,0,29,0,2,0,0,14,0,0.0,0.0,16,1.0,0.06666666666666668,0.9333333333333333,1.0,0.13666666666666666,0.8633333333333333,1.0,0.06666666666666668,0.9333333333333333
rel:21,rel:21|cond=rel:21:founding:anchor,preserve__sigma1,preserve,80,0.9,0.7582766571931676,0.0,0,74,2,1,0,0,13,0,0.0,0.0,16,1.0,0.10000000000000002,0.9,1.0,0.17,0.83,1.0,0.10000000000000002,0.9
rel:21,rel:21|cond=rel:21:founding:anchor,preserve__tau0p5,preserve,40,0.22499999999999998,0.03805118115463712,0.9151505959607085,0,14,0,1,0,0,15,0,0.0,0.0,16,1.0,0.03333333333333334,0.9666666666666667,1.0,0.12297619047619048,0.8770238095238095,1.0,0.05833333333333335,0.9416666666666667
rel:21,rel:21|cond=rel:21:founding:anchor,preserve__tau0p5,preserve,80,0.22499999999999998,0.03805118115463712,0.9151505959607085,0,40,1,1,0,0,14,0,0.0,0.0,16,1.0,0.03333333333333334,0.9666666666666667,1.0,0.2783333333333333,0.7216666666666667,1.0,0.3833333333333333,0.6166666666666667
rel:21,rel:21|cond=rel:21:founding:anchor,preserve__tau0,preserve,40,0.0,0.0,0.6783898247235198,0,27,0,2,0,0,14,0,0.0,0.0,16,1.0,0.03333333333333334,0.9666666666666667,1.0,0.29083333333333333,0.7091666666666667,1.0,0.4083333333333333,0.5916666666666667
rel:21,rel:21|cond=rel:21:founding:anchor,preserve__tau0,preserve,80,0.0,0.0,0.6783898247235198,0,56,2,0,0,0,14,0,0.0,0.0,16,1.0,0.03333333333333334,0.9666666666666667,1.0,0.28833333333333333,0.7116666666666667,1.0,0.3833333333333333,0.6166666666666667
rel:21,rel:21|cond=rel:21:founding:anchor,preserve__tau1,preserve,40,0.44999999999999996,0.15191136719789716,1.0,0,14,0,1,0,0,15,0,0.0,0.0,16,1.0,0.03333333333333334,0.9666666666666667,1.0,0.12297619047619048,0.8770238095238095,1.0,0.05833333333333335,0.9416666666666667
rel:21,rel:21|cond=rel:21:founding:anchor,preserve__tau1,preserve,80,0.44999999999999996,0.15191136719789716,1.0,0,79,1,4,0,0,11,0,0.0,0.0,16,1.0,0.1166666666666667,0.8833333333333333,1.0,0.2916666666666667,0.7083333333333333,1.0,0.4666666666666667,0.5333333333333333
rel:21,rel:21|cond=rel:21:founding:anchor,retrieval_only,retrieval_only,40,,,,2,14,0,1,0,15,0,16,1.0,59.4375,16,1.0,0.625,0.375,1.0,0.7999999999999999,0.20000000000000007,1.0,0.975,0.025000000000000022
rel:21,rel:21|cond=rel:21:founding:anchor,retrieval_only,retrieval_only,80,,,,2,27,1,0,0,15,0,16,1.0,59.4375,16,1.0,0.625,0.375,1.0,0.7999999999999999,0.20000000000000007,1.0,0.975,0.025000000000000022
rel:21,rel:21|cond=rel:21:founding:anchor,static_conditioned,static_conditioned,40,,,,0,14,0,1,0,0,15,0,0.0,0.0,16,1.0,0.03333333333333334,0.9666666666666667,1.0,0.12297619047619048,0.8770238095238095,1.0,0.05833333333333335,0.9416666666666667
rel:21,rel:21|cond=rel:21:founding:anchor,static_conditioned,static_conditioned,80,,,,0,27,1,0,0,0,15,0,0.0,0.0,16,1.0,0.03333333333333334,0.9666666666666667,1.0,0.10333333333333333,0.8966666666666667,1.0,0.03333333333333334,0.9666666666666667
rel:21,rel:21|cond=rel:21:founding:anchor,uncertainty_aware__tau0,uncertainty_aware,40,0.0,0.0,0.6783898247235198,0,27,0,2,0,0,14,0,0.0,0.0,16,1.0,0.03333333333333334,0.9666666666666667,1.0,0.29083333333333333,0.7091666666666667,1.0,0.4083333333333333,0.5916666666666667
rel:21,rel:21|cond=rel:21:founding:anchor,uncertainty_aware__tau0,uncertainty_aware,80,0.0,0.0,0.6783898247235198,0,56,2,0,0,0,14,0,0.0,0.0,16,1.0,0.03333333333333334,0.9666666666666667,1.0,0.28833333333333333,0.7116666666666667,1.0,0.3833333333333333,0.6166666666666667
rel:21,rel:21|cond=rel:21:founding:anchor,uncertainty_aware__tau1,uncertainty_aware,40,0.44999999999999996,0.15191136719789716,1.0,2,14,0,1,0,15,0,16,1.0,59.4375,16,1.0,0.625,0.375,1.0,0.7999999999999999,0.20000000000000007,1.0,0.975,0.025000000000000022
rel:21,rel:21|cond=rel:21:founding:anchor,uncertainty_aware__tau1,uncertainty_aware,80,0.44999999999999996,0.15191136719789716,1.0,2,27,1,0,0,15,0,16,1.0,59.4375,16,1.0,0.625,0.375,1.0,0.7999999999999999,0.20000000000000007,1.0,0.975,0.025000000000000022
rel:22,rel:22|cond=rel:22:custom:anchor,blind,blind,40,,,,0,18,0,1,0,0,15,0,0.0,0.0,16,0.0,0.0,0.0,0.5,0.0,0.5,0.0,0.0,0.0
rel:22,rel:22|cond=rel:22:custom:anchor,blind,blind,80,,,,0,67,1,3,0,0,12,0,0.0,0.0,16,1.0,0.25833333333333336,0.7416666666666667,1.0,0.275,0.725,1.0,0.2833333333333333,0.7166666666666667
rel:22,rel:22|cond=rel:22:custom:anchor,oracle_exact,oracle_exact,40,,,,0,33,0,2,0,0,14,0,0.0,0.0,16,0.0,0.35,-0.35,0.0,0.3625,-0.3625,0.0,0.35,-0.35
rel:22,rel:22|cond=rel:22:custom:anchor,oracle_exact,oracle_exact,80,,,,0,66,2,0,0,0,14,0,0.0,0.0,16,1.0,0.3833333333333333,0.6166666666666667,1.0,0.3833333333333333,0.6166666666666667,1.0,0.3833333333333333,0.6166666666666667
rel:22,rel:22|cond=rel:22:custom:anchor,pointer__sigma0p5,pointer,40,0.45,0.1788510987426215,0.7183332409583436,2,38,0,1,4,11,0,16,1.0,58.4375,16,0.0,0.6916666666666667,-0.6916666666666667,0.0,0.7083333333333333,-0.7083333333333333,0.0,0.7166666666666666,-0.7166666666666666
rel:22,rel:22|cond=rel:22:custom:anchor,pointer__sigma0p5,pointer,80,0.45,0.1788510987426215,0.7183332409583436,2,76,1,0,8,7,0,16,1.0,58.4375,16,1.0,0.725,0.275,1.0,0.7416666666666666,0.2583333333333334,1.0,0.75,0.25
rel:22,rel:22|cond=rel:22:custom:anchor,pointer__sigma1,pointer,40,0.9,0.7582766571931676,0.0,2,33,0,1,3,12,0,16,1.0,58.4375,16,0.0,0.6916666666666667,-0.6916666666666667,0.0,0.7083333333333333,-0.7083333333333333,0.0,0.7166666666666666,-0.7166666666666666
rel:22,rel:22|cond=rel:22:custom:anchor,pointer__sigma1,pointer,80,0.9,0.7582766571931676,0.0,2,51,1,0,3,12,0,16,1.0,58.4375,16,1.0,0.725,0.275,1.0,0.7416666666666666,0.2583333333333334,1.0,0.75,0.25
rel:22,rel:22|cond=rel:22:custom:anchor,pointer__tau0p5,pointer,40,0.22499999999999998,0.03805118115463712,0.9151505959607085,2,38,0,1,4,11,0,16,1.0,58.4375,16,0.0,0.6916666666666667,-0.6916666666666667,0.0,0.7083333333333333,-0.7083333333333333,0.0,0.7166666666666666,-0.7166666666666666
rel:22,rel:22|cond=rel:22:custom:anchor,pointer__tau0p5,pointer,80,0.22499999999999998,0.03805118115463712,0.9151505959607085,2,76,1,0,8,7,0,16,1.0,58.4375,16,1.0,0.725,0.275,1.0,0.7416666666666666,0.2583333333333334,1.0,0.75,0.25
rel:22,rel:22|cond=rel:22:custom:anchor,pointer__tau0,pointer,40,0.0,0.0,0.6783898247235198,2,38,0,1,4,11,0,16,1.0,58.4375,16,0.0,0.6916666666666667,-0.6916666666666667,0.0,0.7083333333333333,-0.7083333333333333,0.0,0.7166666666666666,-0.7166666666666666
rel:22,rel:22|cond=rel:22:custom:anchor,pointer__tau0,pointer,80,0.0,0.0,0.6783898247235198,2,76,1,0,8,7,0,16,1.0,58.4375,16,1.0,0.725,0.275,1.0,0.7416666666666666,0.2583333333333334,1.0,0.75,0.25
rel:22,rel:22|cond=rel:22:custom:anchor,pointer__tau1,pointer,40,0.44999999999999996,0.15191136719789716,1.0,2,38,0,1,4,11,0,16,1.0,58.4375,16,0.0,0.6916666666666667,-0.6916666666666667,0.0,0.7083333333333333,-0.7083333333333333,0.0,0.7166666666666666,-0.7166666666666666
rel:22,rel:22|cond=rel:22:custom:anchor,pointer__tau1,pointer,80,0.44999999999999996,0.15191136719789716,1.0,2,76,1,0,8,7,0,16,1.0,58.4375,16,1.0,0.725,0.275,1.0,0.7416666666666666,0.2583333333333334,1.0,0.75,0.25
rel:22,rel:22|cond=rel:22:custom:anchor,preserve__sigma0p5,preserve,40,0.45,0.1788510987426215,0.7183332409583436,0,28,0,2,0,0,14,0,0.0,0.0,16,0.0,0.0,0.0,0.0,0.01666666666666667,-0.01666666666666667,0.0,0.025000000000000005,-0.025000000000000005
rel:22,rel:22|cond=rel:22:custom:anchor,preserve__sigma0p5,preserve,80,0.45,0.1788510987426215,0.7183332409583436,0,71,1,2,0,0,13,0,0.0,0.0,16,1.0,0.43333333333333335,0.5666666666666667,1.0,0.4458333333333333,0.5541666666666667,1.0,0.43333333333333335,0.5666666666666667
rel:22,rel:22|cond=rel:22:custom:anchor,preserve__sigma1,preserve,40,0.9,0.7582766571931676,0.0,0,38,0,2,0,0,14,0,0.0,0.0,16,0.0,0.05000000000000001,-0.05000000000000001,0.0,0.06250000000000001,-0.06250000000000001,0.0,0.05000000000000001,-0.05000000000000001
rel:22,rel:22|cond=rel:22:custom:anchor,preserve__sigma1,preserve,80,0.9,0.7582766571931676,0.0,0,75,2,0,0,0,14,0,0.0,0.0,16,1.0,0.08333333333333334,0.9166666666666666,1.0,0.09583333333333335,0.9041666666666667,1.0,0.08333333333333334,0.9166666666666666
rel:22,rel:22|cond=rel:22:custom:anchor,preserve__tau0p5,preserve,40,0.22499999999999998,0.03805118115463712,0.9151505959607085,0,28,0,2,0,0,14,0,0.0,0.0,16,0.0,0.175,-0.175,0.0,0.175,-0.175,0.0,0.175,-0.175
rel:22,rel:22|cond=rel:22:custom:anchor,preserve__tau0p5,preserve,80,0.22499999999999998,0.03805118115463712,0.9151505959607085,0,51,1,1,0,0,14,0,0.0,0.0,16,1.0,0.3833333333333333,0.6166666666666667,1.0,0.3833333333333333,0.6166666666666667,1.0,0.3833333333333333,0.6166666666666667
rel:22,rel:22|cond=rel:22:custom:anchor,preserve__tau0,preserve,40,0.0,0.0,0.6783898247235198,0,33,0,2,0,0,14,0,0.0,0.0,16,0.0,0.35,-0.35,0.0,0.3625,-0.3625,0.0,0.35,-0.35
rel:22,rel:22|cond=rel:22:custom:anchor,preserve__tau0,preserve,80,0.0,0.0,0.6783898247235198,0,66,2,0,0,0,14,0,0.0,0.0,16,1.0,0.3833333333333333,0.6166666666666667,1.0,0.3833333333333333,0.6166666666666667,1.0,0.3833333333333333,0.6166666666666667
rel:22,rel:22|cond=rel:22:custom:anchor,preserve__tau1,preserve,40,0.44999999999999996,0.15191136719789716,1.0,0,18,0,1,0,0,15,0,0.0,0.0,16,0.0,0.0,0.0,0.5,0.0,0.5,0.0,0.0,0.0
rel:22,rel:22|cond=rel:22:custom:anchor,preserve__tau1,preserve,80,0.44999999999999996,0.15191136719789716,1.0,0,67,1,3,0,0,12,0,0.0,0.0,16,1.0,0.25833333333333336,0.7416666666666667,1.0,0.275,0.725,1.0,0.2833333333333333,0.7166666666666667
rel:22,rel:22|cond=rel:22:custom:anchor,retrieval_only,retrieval_only,40,,,,2,18,0,1,0,15,0,16,1.0,58.4375,16,0.0,0.6916666666666667,-0.6916666666666667,0.0,0.7083333333333333,-0.7083333333333333,0.0,0.7166666666666666,-0.7166666666666666
rel:22,rel:22|cond=rel:22:custom:anchor,retrieval_only,retrieval_only,80,,,,2,36,1,0,0,15,0,16,1.0,58.4375,16,1.0,0.725,0.275,1.0,0.7416666666666666,0.2583333333333334,1.0,0.75,0.25
rel:22,rel:22|cond=rel:22:custom:anchor,static_conditioned,static_conditioned,40,,,,0,18,0,1,0,0,15,0,0.0,0.0,16,0.0,0.0,0.0,0.5,0.0,0.5,0.0,0.0,0.0
rel:22,rel:22|cond=rel:22:custom:anchor,static_conditioned,static_conditioned,80,,,,0,36,1,0,0,0,15,0,0.0,0.0,16,1.0,0.03333333333333334,0.9666666666666667,1.0,0.03333333333333334,0.9666666666666667,1.0,0.03333333333333334,0.9666666666666667
rel:22,rel:22|cond=rel:22:custom:anchor,uncertainty_aware__tau0,uncertainty_aware,40,0.0,0.0,0.6783898247235198,0,33,0,2,0,0,14,0,0.0,0.0,16,0.0,0.35,-0.35,0.0,0.3625,-0.3625,0.0,0.35,-0.35
rel:22,rel:22|cond=rel:22:custom:anchor,uncertainty_aware__tau0,uncertainty_aware,80,0.0,0.0,0.6783898247235198,0,66,2,0,0,0,14,0,0.0,0.0,16,1.0,0.3833333333333333,0.6166666666666667,1.0,0.3833333333333333,0.6166666666666667,1.0,0.3833333333333333,0.6166666666666667
rel:22,rel:22|cond=rel:22:custom:anchor,uncertainty_aware__tau1,uncertainty_aware,40,0.44999999999999996,0.15191136719789716,1.0,2,18,0,1,0,15,0,16,1.0,58.4375,16,0.0,0.6916666666666667,-0.6916666666666667,0.0,0.7083333333333333,-0.7083333333333333,0.0,0.7166666666666666,-0.7166666666666666
rel:22,rel:22|cond=rel:22:custom:anchor,uncertainty_aware__tau1,uncertainty_aware,80,0.44999999999999996,0.15191136719789716,1.0,2,36,1,0,0,15,0,16,1.0,58.4375,16,1.0,0.725,0.275,1.0,0.7416666666666666,0.2583333333333334,1.0,0.75,0.25
rel:22,rel:22|cond=rel:22:facilities:anchor,blind,blind,40,,,,0,20,0,1,0,0,15,0,0.0,0.0,16,1.0,0.03333333333333334,0.9666666666666667,1.0,0.05000000000000001,0.95,1.0,0.03333333333333334,0.9666666666666667
rel:22,rel:22|cond=rel:22:facilities:anchor,blind,blind,80,,,,0,59,1,2,0,0,13,0,0.0,0.0,16,1.0,0.05833333333333335,0.9416666666666667,1.0,0.09722222222222224,0.9027777777777778,1.0,0.09166666666666669,0.9083333333333333
rel:22,rel:22|cond=rel:22:facilities:anchor,oracle_exact,oracle_exact,40,,,,0,31,0,2,0,0,14,0,0.0,0.0,16,1.0,0.3833333333333333,0.6166666666666667,1.0,0.3833333333333333,0.6166666666666667,1.0,0.3833333333333333,0.6166666666666667
rel:22,rel:22|cond=rel:22:facilities:anchor,oracle_exact,oracle_exact,80,,,,0,68,2,0,0,0,14,0,0.0,0.0,16,1.0,0.3833333333333333,0.6166666666666667,1.0,0.3833333333333333,0.6166666666666667,1.0,0.3833333333333333,0.6166666666666667
rel:22,rel:22|cond=rel:22:facilities:anchor,pointer__sigma0p5,pointer,40,0.45,0.1788510987426215,0.7183332409583436,2,40,0,1,4,11,0,16,1.0,58.8125,16,1.0,0.5916666666666667,0.4083333333333333,1.0,0.6138888888888889,0.38611111111111107,1.0,0.625,0.375
rel:22,rel:22|cond=rel:22:facilities:anchor,pointer__sigma0p5,pointer,80,0.45,0.1788510987426215,0.7183332409583436,2,79,1,0,8,7,0,16,1.0,58.8125,16,1.0,0.5916666666666667,0.4083333333333333,1.0,0.6138888888888889,0.38611111111111107,1.0,0.625,0.375
rel:22,rel:22|cond=rel:22:facilities:anchor,pointer__sigma1,pointer,40,0.9,0.7582766571931676,0.0,2,35,0,1,3,12,0,16,1.0,58.8125,16,1.0,0.5916666666666667,0.4083333333333333,1.0,0.6138888888888889,0.38611111111111107,1.0,0.625,0.375
rel:22,rel:22|cond=rel:22:facilities:anchor,pointer__sigma1,pointer,80,0.9,0.7582766571931676,0.0,2,54,1,0,3,12,0,16,1.0,58.8125,16,1.0,0.5916666666666667,0.4083333333333333,1.0,0.6138888888888889,0.38611111111111107,1.0,0.625,0.375
rel:22,rel:22|cond=rel:22:facilities:anchor,pointer__tau0p5,pointer,40,0.22499999999999998,0.038051181154637126,0.9151505959607085,2,40,0,1,4,11,0,16,1.0,58.8125,16,1.0,0.5916666666666667,0.4083333333333333,1.0,0.6138888888888889,0.38611111111111107,1.0,0.625,0.375
rel:22,rel:22|cond=rel:22:facilities:anchor,pointer__tau0p5,pointer,80,0.22499999999999998,0.038051181154637126,0.9151505959607085,2,79,1,0,8,7,0,16,1.0,58.8125,16,1.0,0.5916666666666667,0.4083333333333333,1.0,0.6138888888888889,0.38611111111111107,1.0,0.625,0.375
rel:22,rel:22|cond=rel:22:facilities:anchor,pointer__tau0,pointer,40,0.0,0.0,0.6783898247235198,2,40,0,1,4,11,0,16,1.0,58.8125,16,1.0,0.5916666666666667,0.4083333333333333,1.0,0.6138888888888889,0.38611111111111107,1.0,0.625,0.375
rel:22,rel:22|cond=rel:22:facilities:anchor,pointer__tau0,pointer,80,0.0,0.0,0.6783898247235198,2,79,1,0,8,7,0,16,1.0,58.8125,16,1.0,0.5916666666666667,0.4083333333333333,1.0,0.6138888888888889,0.38611111111111107,1.0,0.625,0.375
rel:22,rel:22|cond=rel:22:facilities:anchor,pointer__tau1,pointer,40,0.44999999999999996,0.1519113671978972,1.0,2,40,0,1,4,11,0,16,1.0,58.8125,16,1.0,0.5916666666666667,0.4083333333333333,1.0,0.6138888888888889,0.38611111111111107,1.0,0.625,0.375
rel:22,rel:22|cond=rel:22:facilities:anchor,pointer__tau1,pointer,80,0.44999999999999996,0.1519113671978972,1.0,2,79,1,0,8,7,0,16,1.0,58.8125,16,1.0,0.5916666666666667,0.4083333333333333,1.0,0.6138888888888889,0.38611111111111107,1.0,0.625,0.375
rel:22,rel:22|cond=rel:22:facilities:anchor,preserve__sigma0p5,preserve,40,0.45,0.1788510987426215,0.7183332409583436,0,30,0,2,0,0,14,0,0.0,0.0,16,1.0,0.05833333333333335,0.9416666666666667,1.0,0.07500000000000001,0.925,1.0,0.05833333333333335,0.9416666666666667
rel:22,rel:22|cond=rel:22:facilities:anchor,preserve__sigma0p5,preserve,80,0.45,0.1788510987426215,0.7183332409583436,0,65,1,2,0,0,13,0,0.0,0.0,16,1.0,0.43333333333333335,0.5666666666666667,1.0,0.43333333333333335,0.5666666666666667,1.0,0.43333333333333335,0.5666666666666667
rel:22,rel:22|cond=rel:22:facilities:anchor,preserve__sigma1,preserve,40,0.9,0.7582766571931676,0.0,0,35,0,2,0,0,14,0,0.0,0.0,16,1.0,0.08333333333333334,0.9166666666666666,1.0,0.10000000000000002,0.9,1.0,0.08333333333333334,0.9166666666666666
rel:22,rel:22|cond=rel:22:facilities:anchor,preserve__sigma1,preserve,80,0.9,0.7582766571931676,0.0,0,79,2,1,0,0,13,0,0.0,0.0,16,1.0,0.10833333333333335,0.8916666666666666,1.0,0.12500000000000003,0.875,1.0,0.10833333333333335,0.8916666666666666
rel:22,rel:22|cond=rel:22:facilities:anchor,preserve__tau0p5,preserve,40,0.22499999999999998,0.038051181154637126,0.9151505959607085,0,20,0,1,0,0,15,0,0.0,0.0,16,1.0,0.03333333333333334,0.9666666666666667,1.0,0.05000000000000001,0.95,1.0,0.03333333333333334,0.9666666666666667
rel:22,rel:22|cond=rel:22:facilities:anchor,preserve__tau0p5,preserve,80,0.22499999999999998,0.038051181154637126,0.9151505959607085,0,50,1,1,0,0,14,0,0.0,0.0,16,1.0,0.3833333333333333,0.6166666666666667,1.0,0.3833333333333333,0.6166666666666667,1.0,0.3833333333333333,0.6166666666666667
rel:22,rel:22|cond=rel:22:facilities:anchor,preserve__tau0,preserve,40,0.0,0.0,0.6783898247235198,0,31,0,2,0,0,14,0,0.0,0.0,16,1.0,0.3833333333333333,0.6166666666666667,1.0,0.3833333333333333,0.6166666666666667,1.0,0.3833333333333333,0.6166666666666667
rel:22,rel:22|cond=rel:22:facilities:anchor,preserve__tau0,preserve,80,0.0,0.0,0.6783898247235198,0,68,2,0,0,0,14,0,0.0,0.0,16,1.0,0.3833333333333333,0.6166666666666667,1.0,0.3833333333333333,0.6166666666666667,1.0,0.3833333333333333,0.6166666666666667
rel:22,rel:22|cond=rel:22:facilities:anchor,preserve__tau1,preserve,40,0.44999999999999996,0.1519113671978972,1.0,0,20,0,1,0,0,15,0,0.0,0.0,16,1.0,0.03333333333333334,0.9666666666666667,1.0,0.05000000000000001,0.95,1.0,0.03333333333333334,0.9666666666666667
rel:22,rel:22|cond=rel:22:facilities:anchor,preserve__tau1,preserve,80,0.44999999999999996,0.1519113671978972,1.0,0,59,1,2,0,0,13,0,0.0,0.0,16,1.0,0.05833333333333335,0.9416666666666667,1.0,0.09722222222222224,0.9027777777777778,1.0,0.09166666666666669,0.9083333333333333
rel:22,rel:22|cond=rel:22:facilities:anchor,retrieval_only,retrieval_only,40,,,,2,20,0,1,0,15,0,16,1.0,58.8125,16,1.0,0.5916666666666667,0.4083333333333333,1.0,0.6138888888888889,0.38611111111111107,1.0,0.625,0.375
rel:22,rel:22|cond=rel:22:facilities:anchor,retrieval_only,retrieval_only,80,,,,2,39,1,0,0,15,0,16,1.0,58.8125,16,1.0,0.5916666666666667,0.4083333333333333,1.0,0.6138888888888889,0.38611111111111107,1.0,0.625,0.375
rel:22,rel:22|cond=rel:22:facilities:anchor,static_conditioned,static_conditioned,40,,,,0,20,0,1,0,0,15,0,0.0,0.0,16,1.0,0.03333333333333334,0.9666666666666667,1.0,0.05000000000000001,0.95,1.0,0.03333333333333334,0.9666666666666667
rel:22,rel:22|cond=rel:22:facilities:anchor,static_conditioned,static_conditioned,80,,,,0,39,1,0,0,0,15,0,0.0,0.0,16,1.0,0.03333333333333334,0.9666666666666667,1.0,0.05000000000000001,0.95,1.0,0.03333333333333334,0.9666666666666667
rel:22,rel:22|cond=rel:22:facilities:anchor,uncertainty_aware__tau0,uncertainty_aware,40,0.0,0.0,0.6783898247235198,0,31,0,2,0,0,14,0,0.0,0.0,16,1.0,0.3833333333333333,0.6166666666666667,1.0,0.3833333333333333,0.6166666666666667,1.0,0.3833333333333333,0.6166666666666667
rel:22,rel:22|cond=rel:22:facilities:anchor,uncertainty_aware__tau0,uncertainty_aware,80,0.0,0.0,0.6783898247235198,0,68,2,0,0,0,14,0,0.0,0.0,16,1.0,0.3833333333333333,0.6166666666666667,1.0,0.3833333333333333,0.6166666666666667,1.0,0.3833333333333333,0.6166666666666667
rel:22,rel:22|cond=rel:22:facilities:anchor,uncertainty_aware__tau1,uncertainty_aware,40,0.44999999999999996,0.1519113671978972,1.0,2,20,0,1,0,15,0,16,1.0,58.8125,16,1.0,0.5916666666666667,0.4083333333333333,1.0,0.6138888888888889,0.38611111111111107,1.0,0.625,0.375
rel:22,rel:22|cond=rel:22:facilities:anchor,uncertainty_aware__tau1,uncertainty_aware,80,0.44999999999999996,0.1519113671978972,1.0,2,39,1,0,0,15,0,16,1.0,58.8125,16,1.0,0.5916666666666667,0.4083333333333333,1.0,0.6138888888888889,0.38611111111111107,1.0,0.625,0.375
rel:22,rel:22|cond=rel:22:finance:anchor,blind,blind,40,,,,0,11,0,1,0,0,15,0,0.0,0.0,16,1.0,0.03333333333333334,0.9666666666666667,1.0,0.03333333333333334,0.9666666666666667,1.0,0.03333333333333334,0.9666666666666667
rel:22,rel:22|cond=rel:22:finance:anchor,blind,blind,80,,,,0,61,1,3,0,0,12,0,0.0,0.0,16,1.0,0.09166666666666669,0.9083333333333333,1.0,0.10833333333333335,0.8916666666666666,1.0,0.1166666666666667,0.8833333333333333
rel:22,rel:22|cond=rel:22:finance:anchor,oracle_exact,oracle_exact,40,,,,0,29,0,2,0,0,14,0,0.0,0.0,16,1.0,0.03333333333333334,0.9666666666666667,1.0,0.03333333333333334,0.9666666666666667,1.0,0.03333333333333334,0.9666666666666667
rel:22,rel:22|cond=rel:22:finance:anchor,oracle_exact,oracle_exact,80,,,,0,65,2,0,0,0,14,0,0.0,0.0,16,1.0,0.3833333333333333,0.6166666666666667,1.0,0.3958333333333333,0.6041666666666667,1.0,0.3833333333333333,0.6166666666666667
rel:22,rel:22|cond=rel:22:finance:anchor,pointer__sigma0p5,pointer,40,0.45,0.1788510987426215,0.7183332409583437,2,36,0,1,5,10,0,16,1.0,59.5,16,1.0,0.8916666666666666,0.10833333333333339,1.0,0.9083333333333333,0.09166666666666667,1.0,0.9166666666666666,0.08333333333333337
rel:22,rel:22|cond=rel:22:finance:anchor,pointer__sigma0p5,pointer,80,0.45,0.1788510987426215,0.7183332409583437,2,79,1,0,10,5,0,16,1.0,59.5,16,1.0,0.8916666666666666,0.10833333333333339,1.0,0.9083333333333333,0.09166666666666667,1.0,0.9166666666666666,0.08333333333333337
rel:22,rel:22|cond=rel:22:finance:anchor,pointer__sigma1,pointer,40,0.9,0.7582766571931676,0.0,2,26,0,1,3,12,0,16,1.0,59.5,16,1.0,0.8916666666666666,0.10833333333333339,1.0,0.9083333333333333,0.09166666666666667,1.0,0.9166666666666666,0.08333333333333337
rel:22,rel:22|cond=rel:22:finance:anchor,pointer__sigma1,pointer,80,0.9,0.7582766571931676,0.0,2,44,1,0,3,12,0,16,1.0,59.5,16,1.0,0.8916666666666666,0.10833333333333339,1.0,0.9083333333333333,0.09166666666666667,1.0,0.9166666666666666,0.08333333333333337
rel:22,rel:22|cond=rel:22:finance:anchor,pointer__tau0p5,pointer,40,0.22499999999999998,0.038051181154637126,0.9151505959607087,2,36,0,1,5,10,0,16,1.0,59.5,16,1.0,0.8916666666666666,0.10833333333333339,1.0,0.9083333333333333,0.09166666666666667,1.0,0.9166666666666666,0.08333333333333337
rel:22,rel:22|cond=rel:22:finance:anchor,pointer__tau0p5,pointer,80,0.22499999999999998,0.038051181154637126,0.9151505959607087,2,79,1,0,10,5,0,16,1.0,59.5,16,1.0,0.8916666666666666,0.10833333333333339,1.0,0.9083333333333333,0.09166666666666667,1.0,0.9166666666666666,0.08333333333333337
rel:22,rel:22|cond=rel:22:finance:anchor,pointer__tau0,pointer,40,0.0,0.0,0.6783898247235198,2,36,0,1,5,10,0,16,1.0,59.5,16,1.0,0.8916666666666666,0.10833333333333339,1.0,0.9083333333333333,0.09166666666666667,1.0,0.9166666666666666,0.08333333333333337
rel:22,rel:22|cond=rel:22:finance:anchor,pointer__tau0,pointer,80,0.0,0.0,0.6783898247235198,2,79,1,0,10,5,0,16,1.0,59.5,16,1.0,0.8916666666666666,0.10833333333333339,1.0,0.9083333333333333,0.09166666666666667,1.0,0.9166666666666666,0.08333333333333337
rel:22,rel:22|cond=rel:22:finance:anchor,pointer__tau1,pointer,40,0.44999999999999996,0.1519113671978972,1.0,2,36,0,1,5,10,0,16,1.0,59.5,16,1.0,0.8916666666666666,0.10833333333333339,1.0,0.9083333333333333,0.09166666666666667,1.0,0.9166666666666666,0.08333333333333337
rel:22,rel:22|cond=rel:22:finance:anchor,pointer__tau1,pointer,80,0.44999999999999996,0.1519113671978972,1.0,2,79,1,0,10,5,0,16,1.0,59.5,16,1.0,0.8916666666666666,0.10833333333333339,1.0,0.9083333333333333,0.09166666666666667,1.0,0.9166666666666666,0.08333333333333337
rel:22,rel:22|cond=rel:22:finance:anchor,preserve__sigma0p5,preserve,40,0.45,0.1788510987426215,0.7183332409583437,0,26,0,2,0,0,14,0,0.0,0.0,16,1.0,0.08333333333333334,0.9166666666666666,1.0,0.08333333333333334,0.9166666666666666,1.0,0.08333333333333334,0.9166666666666666
rel:22,rel:22|cond=rel:22:finance:anchor,preserve__sigma0p5,preserve,80,0.45,0.1788510987426215,0.7183332409583437,0,72,1,3,0,0,12,0,0.0,0.0,16,1.0,0.10833333333333335,0.8916666666666666,1.0,0.12083333333333335,0.8791666666666667,1.0,0.10833333333333335,0.8916666666666666
rel:22,rel:22|cond=rel:22:finance:anchor,preserve__sigma1,preserve,40,0.9,0.7582766571931676,0.0,0,36,0,3,0,0,13,0,0.0,0.0,16,1.0,0.10833333333333335,0.8916666666666666,1.0,0.10833333333333335,0.8916666666666666,1.0,0.10833333333333335,0.8916666666666666
rel:22,rel:22|cond=rel:22:finance:anchor,preserve__sigma1,preserve,80,0.9,0.7582766571931676,0.0,0,79,3,0,0,0,13,0,0.0,0.0,16,1.0,0.10833333333333335,0.8916666666666666,1.0,0.12083333333333335,0.8791666666666667,1.0,0.10833333333333335,0.8916666666666666
rel:22,rel:22|cond=rel:22:finance:anchor,preserve__tau0p5,preserve,40,0.22499999999999998,0.038051181154637126,0.9151505959607087,0,25,0,2,0,0,14,0,0.0,0.0,16,1.0,0.20833333333333331,0.7916666666666667,1.0,0.20833333333333331,0.7916666666666667,1.0,0.20833333333333331,0.7916666666666667
rel:22,rel:22|cond=rel:22:finance:anchor,preserve__tau0p5,preserve,80,0.22499999999999998,0.038051181154637126,0.9151505959607087,0,47,1,1,0,0,14,0,0.0,0.0,16,1.0,0.03333333333333334,0.9666666666666667,1.0,0.03333333333333334,0.9666666666666667,1.0,0.03333333333333334,0.9666666666666667
rel:22,rel:22|cond=rel:22:finance:anchor,preserve__tau0,preserve,40,0.0,0.0,0.6783898247235198,0,29,0,2,0,0,14,0,0.0,0.0,16,1.0,0.03333333333333334,0.9666666666666667,1.0,0.03333333333333334,0.9666666666666667,1.0,0.03333333333333334,0.9666666666666667
rel:22,rel:22|cond=rel:22:finance:anchor,preserve__tau0,preserve,80,0.0,0.0,0.6783898247235198,0,65,2,0,0,0,14,0,0.0,0.0,16,1.0,0.3833333333333333,0.6166666666666667,1.0,0.3833333333333333,0.6166666666666667,1.0,0.3833333333333333,0.6166666666666667
rel:22,rel:22|cond=rel:22:finance:anchor,preserve__tau1,preserve,40,0.44999999999999996,0.1519113671978972,1.0,0,11,0,1,0,0,15,0,0.0,0.0,16,1.0,0.03333333333333334,0.9666666666666667,1.0,0.03333333333333334,0.9666666666666667,1.0,0.03333333333333334,0.9666666666666667
rel:22,rel:22|cond=rel:22:finance:anchor,preserve__tau1,preserve,80,0.44999999999999996,0.1519113671978972,1.0,0,61,1,3,0,0,12,0,0.0,0.0,16,1.0,0.09166666666666669,0.9083333333333333,1.0,0.10833333333333335,0.8916666666666666,1.0,0.1166666666666667,0.8833333333333333
rel:22,rel:22|cond=rel:22:finance:anchor,retrieval_only,retrieval_only,40,,,,2,11,0,1,0,15,0,16,1.0,59.5,16,1.0,0.8916666666666666,0.10833333333333339,1.0,0.9083333333333333,0.09166666666666667,1.0,0.9166666666666666,0.08333333333333337
rel:22,rel:22|cond=rel:22:finance:anchor,retrieval_only,retrieval_only,80,,,,2,29,1,0,0,15,0,16,1.0,59.5,16,1.0,0.8916666666666666,0.10833333333333339,1.0,0.9083333333333333,0.09166666666666667,1.0,0.9166666666666666,0.08333333333333337
rel:22,rel:22|cond=rel:22:finance:anchor,static_conditioned,static_conditioned,40,,,,0,11,0,1,0,0,15,0,0.0,0.0,16,1.0,0.03333333333333334,0.9666666666666667,1.0,0.03333333333333334,0.9666666666666667,1.0,0.03333333333333334,0.9666666666666667
rel:22,rel:22|cond=rel:22:finance:anchor,static_conditioned,static_conditioned,80,,,,0,29,1,0,0,0,15,0,0.0,0.0,16,1.0,0.03333333333333334,0.9666666666666667,1.0,0.03333333333333334,0.9666666666666667,1.0,0.03333333333333334,0.9666666666666667
rel:22,rel:22|cond=rel:22:finance:anchor,uncertainty_aware__tau0,uncertainty_aware,40,0.0,0.0,0.6783898247235198,0,29,0,2,0,0,14,0,0.0,0.0,16,1.0,0.03333333333333334,0.9666666666666667,1.0,0.03333333333333334,0.9666666666666667,1.0,0.03333333333333334,0.9666666666666667
rel:22,rel:22|cond=rel:22:finance:anchor,uncertainty_aware__tau0,uncertainty_aware,80,0.0,0.0,0.6783898247235198,0,65,2,0,0,0,14,0,0.0,0.0,16,1.0,0.3833333333333333,0.6166666666666667,1.0,0.3958333333333333,0.6041666666666667,1.0,0.3833333333333333,0.6166666666666667
rel:22,rel:22|cond=rel:22:finance:anchor,uncertainty_aware__tau1,uncertainty_aware,40,0.44999999999999996,0.1519113671978972,1.0,2,11,0,1,0,15,0,16,1.0,59.5,16,1.0,0.8916666666666666,0.10833333333333339,1.0,0.9083333333333333,0.09166666666666667,1.0,0.9166666666666666,0.08333333333333337
rel:22,rel:22|cond=rel:22:finance:anchor,uncertainty_aware__tau1,uncertainty_aware,80,0.44999999999999996,0.1519113671978972,1.0,2,29,1,0,0,15,0,16,1.0,59.5,16,1.0,0.8916666666666666,0.10833333333333339,1.0,0.9083333333333333,0.09166666666666667,1.0,0.9166666666666666,0.08333333333333337
rel:22,rel:22|cond=rel:22:founding:anchor,blind,blind,40,,,,0,15,0,1,0,0,15,0,0.0,0.0,16,1.0,0.03333333333333334,0.9666666666666667,1.0,0.03333333333333334,0.9666666666666667,1.0,0.03333333333333334,0.9666666666666667
rel:22,rel:22|cond=rel:22:founding:anchor,blind,blind,80,,,,0,61,1,3,0,0,12,0,0.0,0.0,16,1.0,0.1166666666666667,0.8833333333333333,1.0,0.3208333333333333,0.6791666666666667,1.0,0.2916666666666667,0.7083333333333333
rel:22,rel:22|cond=rel:22:founding:anchor,oracle_exact,oracle_exact,40,,,,0,35,0,2,0,0,14,0,0.0,0.0,16,1.0,0.3833333333333333,0.6166666666666667,1.0,0.4708333333333333,0.5291666666666667,1.0,0.3833333333333333,0.6166666666666667
rel:22,rel:22|cond=rel:22:founding:anchor,oracle_exact,oracle_exact,80,,,,0,69,2,0,0,0,14,0,0.0,0.0,16,1.0,0.3833333333333333,0.6166666666666667,1.0,0.3833333333333333,0.6166666666666667,1.0,0.3833333333333333,0.6166666666666667
rel:22,rel:22|cond=rel:22:founding:anchor,pointer__sigma0p5,pointer,40,0.45,0.1788510987426215,0.7183332409583436,2,40,0,1,5,10,0,16,1.0,59.875,16,1.0,0.5666666666666667,0.43333333333333335,1.0,0.6833333333333333,0.31666666666666665,1.0,0.7416666666666666,0.2583333333333334
rel:22,rel:22|cond=rel:22:founding:anchor,pointer__sigma0p5,pointer,80,0.45,0.1788510987426215,0.7183332409583436,2,80,1,0,10,5,0,16,1.0,59.875,16,1.0,0.5666666666666667,0.43333333333333335,1.0,0.6833333333333333,0.31666666666666665,1.0,0.7416666666666666,0.2583333333333334
rel:22,rel:22|cond=rel:22:founding:anchor,pointer__sigma1,pointer,40,0.9,0.7582766571931676,0.0,2,25,0,1,2,13,0,16,1.0,59.875,16,1.0,0.5666666666666667,0.43333333333333335,1.0,0.6833333333333333,0.31666666666666665,1.0,0.7416666666666666,0.2583333333333334
rel:22,rel:22|cond=rel:22:founding:anchor,pointer__sigma1,pointer,80,0.9,0.7582766571931676,0.0,2,40,1,0,2,13,0,16,1.0,59.875,16,1.0,0.5666666666666667,0.43333333333333335,1.0,0.6833333333333333,0.31666666666666665,1.0,0.7416666666666666,0.2583333333333334
rel:22,rel:22|cond=rel:22:founding:anchor,pointer__tau0p5,pointer,40,0.22499999999999998,0.03805118115463712,0.9151505959607085,2,40,0,1,5,10,0,16,1.0,59.875,16,1.0,0.5666666666666667,0.43333333333333335,1.0,0.6833333333333333,0.31666666666666665,1.0,0.7416666666666666,0.2583333333333334
rel:22,rel:22|cond=rel:22:founding:anchor,pointer__tau0p5,pointer,80,0.22499999999999998,0.03805118115463712,0.9151505959607085,2,80,1,0,10,5,0,16,1.0,59.875,16,1.0,0.5666666666666667,0.43333333333333335,1.0,0.6833333333333333,0.31666666666666665,1.0,0.7416666666666666,0.2583333333333334
rel:22,rel:22|cond=rel:22:founding:anchor,pointer__tau0,pointer,40,0.0,0.0,0.6783898247235198,2,40,0,1,5,10,0,16,1.0,59.875,16,1.0,0.5666666666666667,0.43333333333333335,1.0,0.6833333333333333,0.31666666666666665,1.0,0.7416666666666666,0.2583333333333334
rel:22,rel:22|cond=rel:22:founding:anchor,pointer__tau0,pointer,80,0.0,0.0,0.6783898247235198,2,80,1,0,10,5,0,16,1.0,59.875,16,1.0,0.5666666666666667,0.43333333333333335,1.0,0.6833333333333333,0.31666666666666665,1.0,0.7416666666666666,0.2583333333333334
rel:22,rel:22|cond=rel:22:founding:anchor,pointer__tau1,pointer,40,0.44999999999999996,0.15191136719789716,1.0,2,40,0,1,5,10,0,16,1.0,59.875,16,1.0,0.5666666666666667,0.43333333333333335,1.0,0.6833333333333333,0.31666666666666665,1.0,0.7416666666666666,0.2583333333333334
rel:22,rel:22|cond=rel:22:founding:anchor,pointer__tau1,pointer,80,0.44999999999999996,0.15191136719789716,1.0,2,80,1,0,10,5,0,16,1.0,59.875,16,1.0,0.5666666666666667,0.43333333333333335,1.0,0.6833333333333333,0.31666666666666665,1.0,0.7416666666666666,0.2583333333333334
rel:22,rel:22|cond=rel:22:founding:anchor,preserve__sigma0p5,preserve,40,0.45,0.1788510987426215,0.7183332409583436,0,25,0,2,0,0,14,0,0.0,0.0,16,1.0,0.06666666666666668,0.9333333333333333,1.0,0.06666666666666668,0.9333333333333333,1.0,0.06666666666666668,0.9333333333333333
rel:22,rel:22|cond=rel:22:founding:anchor,preserve__sigma0p5,preserve,80,0.45,0.1788510987426215,0.7183332409583436,0,60,2,1,0,0,13,0,0.0,0.0,16,1.0,0.06666666666666668,0.9333333333333333,1.0,0.18333333333333335,0.8166666666666667,1.0,0.24166666666666667,0.7583333333333333
rel:22,rel:22|cond=rel:22:founding:anchor,preserve__sigma1,preserve,40,0.9,0.7582766571931676,0.0,0,35,1,1,0,0,14,0,0.0,0.0,16,1.0,0.06666666666666668,0.9333333333333333,1.0,0.06666666666666668,0.9333333333333333,1.0,0.06666666666666668,0.9333333333333333
rel:22,rel:22|cond=rel:22:founding:anchor,preserve__sigma1,preserve,80,0.9,0.7582766571931676,0.0,0,78,3,0,0,0,13,0,0.0,0.0,16,1.0,0.10000000000000002,0.9,1.0,0.10000000000000002,0.9,1.0,0.10000000000000002,0.9
rel:22,rel:22|cond=rel:22:founding:anchor,preserve__tau0p5,preserve,40,0.22499999999999998,0.03805118115463712,0.9151505959607085,0,25,0,2,0,0,14,0,0.0,0.0,16,1.0,0.03333333333333334,0.9666666666666667,1.0,0.15,0.85,1.0,0.20833333333333331,0.7916666666666667
rel:22,rel:22|cond=rel:22:founding:anchor,preserve__tau0p5,preserve,80,0.22499999999999998,0.03805118115463712,0.9151505959607085,0,50,1,1,0,0,14,0,0.0,0.0,16,1.0,0.3833333333333333,0.6166666666666667,1.0,0.4708333333333333,0.5291666666666667,1.0,0.3833333333333333,0.6166666666666667
rel:22,rel:22|cond=rel:22:founding:anchor,preserve__tau0,preserve,40,0.0,0.0,0.6783898247235198,0,25,0,2,0,0,14,0,0.0,0.0,16,1.0,0.03333333333333334,0.9666666666666667,1.0,0.15,0.85,1.0,0.20833333333333331,0.7916666666666667
rel:22,rel:22|cond=rel:22:founding:anchor,preserve__tau0,preserve,80,0.0,0.0,0.6783898247235198,0,60,1,2,0,0,13,0,0.0,0.0,16,1.0,0.3833333333333333,0.6166666666666667,1.0,0.5874999999999999,0.4125000000000001,1.0,0.5583333333333332,0.44166666666666676
rel:22,rel:22|cond=rel:22:founding:anchor,preserve__tau1,preserve,40,0.44999999999999996,0.15191136719789716,1.0,0,15,0,1,0,0,15,0,0.0,0.0,16,1.0,0.03333333333333334,0.9666666666666667,1.0,0.03333333333333334,0.9666666666666667,1.0,0.03333333333333334,0.9666666666666667
rel:22,rel:22|cond=rel:22:founding:anchor,preserve__tau1,preserve,80,0.44999999999999996,0.15191136719789716,1.0,0,61,1,3,0,0,12,0,0.0,0.0,16,1.0,0.1166666666666667,0.8833333333333333,1.0,0.3208333333333333,0.6791666666666667,1.0,0.2916666666666667,0.7083333333333333
rel:22,rel:22|cond=rel:22:founding:anchor,retrieval_only,retrieval_only,40,,,,2,15,0,1,0,15,0,16,1.0,59.875,16,1.0,0.5666666666666667,0.43333333333333335,1.0,0.6833333333333333,0.31666666666666665,1.0,0.7416666666666666,0.2583333333333334
rel:22,rel:22|cond=rel:22:founding:anchor,retrieval_only,retrieval_only,80,,,,2,30,1,0,0,15,0,16,1.0,59.875,16,1.0,0.5666666666666667,0.43333333333333335,1.0,0.6833333333333333,0.31666666666666665,1.0,0.7416666666666666,0.2583333333333334
rel:22,rel:22|cond=rel:22:founding:anchor,static_conditioned,static_conditioned,40,,,,0,15,0,1,0,0,15,0,0.0,0.0,16,1.0,0.03333333333333334,0.9666666666666667,1.0,0.03333333333333334,0.9666666666666667,1.0,0.03333333333333334,0.9666666666666667
rel:22,rel:22|cond=rel:22:founding:anchor,static_conditioned,static_conditioned,80,,,,0,30,1,0,0,0,15,0,0.0,0.0,16,1.0,0.03333333333333334,0.9666666666666667,1.0,0.12083333333333333,0.8791666666666667,1.0,0.03333333333333334,0.9666666666666667
rel:22,rel:22|cond=rel:22:founding:anchor,uncertainty_aware__tau0,uncertainty_aware,40,0.0,0.0,0.6783898247235198,0,25,0,2,0,0,14,0,0.0,0.0,16,1.0,0.03333333333333334,0.9666666666666667,1.0,0.15,0.85,1.0,0.20833333333333331,0.7916666666666667
rel:22,rel:22|cond=rel:22:founding:anchor,uncertainty_aware__tau0,uncertainty_aware,80,0.0,0.0,0.6783898247235198,0,60,1,2,0,0,13,0,0.0,0.0,16,1.0,0.3833333333333333,0.6166666666666667,1.0,0.5874999999999999,0.4125000000000001,1.0,0.5583333333333332,0.44166666666666676
rel:22,rel:22|cond=rel:22:founding:anchor,uncertainty_aware__tau1,uncertainty_aware,40,0.44999999999999996,0.15191136719789716,1.0,2,15,0,1,0,15,0,16,1.0,59.875,16,1.0,0.5666666666666667,0.43333333333333335,1.0,0.6833333333333333,0.31666666666666665,1.0,0.7416666666666666,0.2583333333333334
rel:22,rel:22|cond=rel:22:founding:anchor,uncertainty_aware__tau1,uncertainty_aware,80,0.44999999999999996,0.15191136719789716,1.0,2,30,1,0,0,15,0,16,1.0,59.875,16,1.0,0.5666666666666667,0.43333333333333335,1.0,0.6833333333333333,0.31666666666666665,1.0,0.7416666666666666,0.2583333333333334
rel:23,rel:23|cond=rel:23:custom:anchor,blind,blind,40,,,,0,15,0,1,0,0,19,0,0.0,0.0,16,1.0,0.03333333333333334,0.9666666666666667,1.0,0.03333333333333334,0.9666666666666667,1.0,0.03333333333333334,0.9666666666666667
rel:23,rel:23|cond=rel:23:custom:anchor,blind,blind,80,,,,0,74,1,4,0,0,15,0,0.0,0.0,16,1.0,0.09166666666666669,0.9083333333333333,1.0,0.24761904761904763,0.7523809523809524,1.0,0.16666666666666669,0.8333333333333333
rel:23,rel:23|cond=rel:23:custom:anchor,oracle_exact,oracle_exact,40,,,,0,39,1,1,0,0,18,0,0.0,0.0,16,1.0,0.3833333333333333,0.6166666666666667,1.0,0.3833333333333333,0.6166666666666667,1.0,0.3833333333333333,0.6166666666666667
rel:23,rel:23|cond=rel:23:custom:anchor,oracle_exact,oracle_exact,80,,,,0,56,2,0,0,0,18,0,0.0,0.0,16,1.0,0.20833333333333331,0.7916666666666667,1.0,0.32499999999999996,0.675,1.0,0.20833333333333331,0.7916666666666667
rel:23,rel:23|cond=rel:23:custom:anchor,pointer__sigma0p5,pointer,40,0.45,0.1788510987426215,0.7183332409583436,2,40,0,1,5,14,0,16,1.0,46.8125,16,1.0,0.625,0.375,1.0,0.7583333333333333,0.2416666666666667,1.0,0.825,0.17500000000000004
rel:23,rel:23|cond=rel:23:custom:anchor,pointer__sigma0p5,pointer,80,0.45,0.1788510987426215,0.7183332409583436,2,77,1,0,9,10,0,16,1.0,46.8125,16,1.0,0.65,0.35,1.0,0.7666666666666667,0.23333333333333328,1.0,0.825,0.17500000000000004
rel:23,rel:23|cond=rel:23:custom:anchor,pointer__sigma1,pointer,40,0.9,0.7582766571931676,0.0,2,30,0,1,3,16,0,16,1.0,46.8125,16,1.0,0.625,0.375,1.0,0.7616666666666667,0.23833333333333329,1.0,0.825,0.17500000000000004
rel:23,rel:23|cond=rel:23:custom:anchor,pointer__sigma1,pointer,80,0.9,0.7582766571931676,0.0,2,47,1,0,3,16,0,16,1.0,46.8125,16,1.0,0.65,0.35,1.0,0.7666666666666667,0.23333333333333328,1.0,0.825,0.17500000000000004
rel:23,rel:23|cond=rel:23:custom:anchor,pointer__tau0p5,pointer,40,0.22499999999999998,0.03805118115463712,0.9151505959607085,2,40,0,1,5,14,0,16,1.0,46.8125,16,1.0,0.625,0.375,1.0,0.7616666666666667,0.23833333333333329,1.0,0.825,0.17500000000000004
rel:23,rel:23|cond=rel:23:custom:anchor,pointer__tau0p5,pointer,80,0.22499999999999998,0.03805118115463712,0.9151505959607085,2,77,1,0,9,10,0,16,1.0,46.8125,16,1.0,0.65,0.35,1.0,0.7666666666666667,0.23333333333333328,1.0,0.825,0.17500000000000004
rel:23,rel:23|cond=rel:23:custom:anchor,pointer__tau0,pointer,40,0.0,0.0,0.6783898247235198,2,40,0,1,5,14,0,16,1.0,46.8125,16,1.0,0.625,0.375,1.0,0.7616666666666667,0.23833333333333329,1.0,0.825,0.17500000000000004
rel:23,rel:23|cond=rel:23:custom:anchor,pointer__tau0,pointer,80,0.0,0.0,0.6783898247235198,2,77,1,0,9,10,0,16,1.0,46.8125,16,1.0,0.65,0.35,1.0,0.7666666666666667,0.23333333333333328,1.0,0.825,0.17500000000000004
rel:23,rel:23|cond=rel:23:custom:anchor,pointer__tau1,pointer,40,0.44999999999999996,0.15191136719789716,1.0,2,40,0,1,5,14,0,16,1.0,46.8125,16,1.0,0.625,0.375,1.0,0.7616666666666667,0.23833333333333329,1.0,0.825,0.17500000000000004
rel:23,rel:23|cond=rel:23:custom:anchor,pointer__tau1,pointer,80,0.44999999999999996,0.15191136719789716,1.0,2,77,1,0,9,10,0,16,1.0,46.8125,16,1.0,0.65,0.35,1.0,0.7666666666666667,0.23333333333333328,1.0,0.825,0.17500000000000004
rel:23,rel:23|cond=rel:23:custom:anchor,preserve__sigma0p5,preserve,40,0.45,0.1788510987426215,0.7183332409583436,0,33,0,3,0,0,17,0,0.0,0.0,16,1.0,0.05833333333333335,0.9416666666666667,1.0,0.2003968253968254,0.7996031746031746,1.0,0.25833333333333336,0.7416666666666667
rel:23,rel:23|cond=rel:23:custom:anchor,preserve__sigma0p5,preserve,80,0.45,0.1788510987426215,0.7183332409583436,0,63,2,1,0,0,17,0,0.0,0.0,16,1.0,0.08333333333333334,0.9166666666666666,1.0,0.2,0.8,1.0,0.08333333333333334,0.9166666666666666
rel:23,rel:23|cond=rel:23:custom:anchor,preserve__sigma1,preserve,40,0.9,0.7582766571931676,0.0,0,34,1,1,0,0,18,0,0.0,0.0,16,1.0,0.08333333333333334,0.9166666666666666,1.0,0.08333333333333334,0.9166666666666666,1.0,0.08333333333333334,0.9166666666666666
rel:23,rel:23|cond=rel:23:custom:anchor,preserve__sigma1,preserve,80,0.9,0.7582766571931676,0.0,0,71,3,0,0,0,17,0,0.0,0.0,16,1.0,0.08333333333333334,0.9166666666666666,1.0,0.10333333333333335,0.8966666666666666,1.0,0.10833333333333335,0.8916666666666666
rel:23,rel:23|cond=rel:23:custom:anchor,preserve__tau0p5,preserve,40,0.22499999999999998,0.03805118115463712,0.9151505959607085,0,27,0,2,0,0,18,0,0.0,0.0,16,1.0,0.03333333333333334,0.9666666666666667,1.0,0.15,0.85,1.0,0.03333333333333334,0.9666666666666667
rel:23,rel:23|cond=rel:23:custom:anchor,preserve__tau0p5,preserve,80,0.22499999999999998,0.03805118115463712,0.9151505959607085,0,53,1,2,0,0,17,0,0.0,0.0,16,1.0,0.03333333333333334,0.9666666666666667,1.0,0.2783333333333333,0.7216666666666667,1.0,0.20833333333333331,0.7916666666666667
rel:23,rel:23|cond=rel:23:custom:anchor,preserve__tau0,preserve,40,0.0,0.0,0.6783898247235198,0,27,0,2,0,0,18,0,0.0,0.0,16,1.0,0.03333333333333334,0.9666666666666667,1.0,0.15,0.85,1.0,0.03333333333333334,0.9666666666666667
rel:23,rel:23|cond=rel:23:custom:anchor,preserve__tau0,preserve,80,0.0,0.0,0.6783898247235198,0,65,2,1,0,0,17,0,0.0,0.0,16,1.0,0.3833333333333333,0.6166666666666667,1.0,0.49999999999999994,0.5,1.0,0.5583333333333332,0.44166666666666676
rel:23,rel:23|cond=rel:23:custom:anchor,preserve__tau1,preserve,40,0.44999999999999996,0.15191136719789716,1.0,0,15,0,1,0,0,19,0,0.0,0.0,16,1.0,0.03333333333333334,0.9666666666666667,1.0,0.03333333333333334,0.9666666666666667,1.0,0.03333333333333334,0.9666666666666667
rel:23,rel:23|cond=rel:23:custom:anchor,preserve__tau1,preserve,80,0.44999999999999996,0.15191136719789716,1.0,0,74,1,4,0,0,15,0,0.0,0.0,16,1.0,0.09166666666666669,0.9083333333333333,1.0,0.24761904761904763,0.7523809523809524,1.0,0.16666666666666669,0.8333333333333333
rel:23,rel:23|cond=rel:23:custom:anchor,retrieval_only,retrieval_only,40,,,,2,15,0,1,0,19,0,16,1.0,46.8125,16,1.0,0.6,0.4,1.0,0.7533333333333333,0.2466666666666667,1.0,0.825,0.17500000000000004
rel:23,rel:23|cond=rel:23:custom:anchor,retrieval_only,retrieval_only,80,,,,2,32,1,0,0,19,0,16,1.0,46.8125,16,1.0,0.625,0.375,1.0,0.7616666666666667,0.23833333333333329,1.0,0.825,0.17500000000000004
rel:23,rel:23|cond=rel:23:custom:anchor,static_conditioned,static_conditioned,40,,,,0,15,0,1,0,0,19,0,0.0,0.0,16,1.0,0.03333333333333334,0.9666666666666667,1.0,0.04333333333333334,0.9566666666666667,1.0,0.03333333333333334,0.9666666666666667
rel:23,rel:23|cond=rel:23:custom:anchor,static_conditioned,static_conditioned,80,,,,0,32,1,0,0,0,19,0,0.0,0.0,16,1.0,0.03333333333333334,0.9666666666666667,1.0,0.04166666666666667,0.9583333333333334,1.0,0.03333333333333334,0.9666666666666667
rel:23,rel:23|cond=rel:23:custom:anchor,uncertainty_aware__tau0,uncertainty_aware,40,0.0,0.0,0.6783898247235198,0,27,0,2,0,0,18,0,0.0,0.0,16,1.0,0.03333333333333334,0.9666666666666667,1.0,0.15,0.85,1.0,0.03333333333333334,0.9666666666666667
rel:23,rel:23|cond=rel:23:custom:anchor,uncertainty_aware__tau0,uncertainty_aware,80,0.0,0.0,0.6783898247235198,0,65,2,1,0,0,17,0,0.0,0.0,16,1.0,0.3833333333333333,0.6166666666666667,1.0,0.49999999999999994,0.5,1.0,0.5583333333333332,0.44166666666666676
rel:23,rel:23|cond=rel:23:custom:anchor,uncertainty_aware__tau1,uncertainty_aware,40,0.44999999999999996,0.15191136719789716,1.0,2,15,0,1,0,19,0,16,1.0,46.8125,16,1.0,0.6,0.4,1.0,0.7533333333333333,0.2466666666666667,1.0,0.825,0.17500000000000004
rel:23,rel:23|cond=rel:23:custom:anchor,uncertainty_aware__tau1,uncertainty_aware,80,0.44999999999999996,0.15191136719789716,1.0,2,32,1,0,0,19,0,16,1.0,46.8125,16,1.0,0.625,0.375,1.0,0.7616666666666667,0.23833333333333329,1.0,0.825,0.17500000000000004
rel:23,rel:23|cond=rel:23:facilities:anchor,blind,blind,40,,,,0,19,1,0,0,0,19,0,0.0,0.0,16,1.0,0.03333333333333334,0.9666666666666667,1.0,0.05666666666666667,0.9433333333333334,1.0,0.03333333333333334,0.9666666666666667
rel:23,rel:23|cond=rel:23:facilities:anchor,blind,blind,80,,,,0,65,1,4,0,0,15,0,0.0,0.0,16,1.0,0.08333333333333334,0.9166666666666666,1.0,0.3016666666666667,0.6983333333333333,1.0,0.4666666666666667,0.5333333333333333
rel:23,rel:23|cond=rel:23:facilities:anchor,oracle_exact,oracle_exact,40,,,,0,37,2,0,0,0,18,0,0.0,0.0,16,1.0,0.3833333333333333,0.6166666666666667,1.0,0.3833333333333333,0.6166666666666667,1.0,0.3833333333333333,0.6166666666666667
rel:23,rel:23|cond=rel:23:facilities:anchor,oracle_exact,oracle_exact,80,,,,0,37,2,0,0,0,18,0,0.0,0.0,16,1.0,0.3833333333333333,0.6166666666666667,1.0,0.3833333333333333,0.6166666666666667,1.0,0.3833333333333333,0.6166666666666667
rel:23,rel:23|cond=rel:23:facilities:anchor,pointer__sigma0p5,pointer,40,0.45,0.1788510987426215,0.7183332409583436,2,39,1,0,4,15,0,16,1.0,49.5625,16,1.0,0.95,0.050000000000000044,1.0,0.9666666666666667,0.033333333333333326,1.0,0.975,0.025000000000000022
rel:23,rel:23|cond=rel:23:facilities:anchor,pointer__sigma0p5,pointer,80,0.45,0.1788510987426215,0.7183332409583436,2,74,1,0,11,8,0,16,1.0,49.5625,16,1.0,0.95,0.050000000000000044,1.0,0.9666666666666667,0.033333333333333326,1.0,0.975,0.025000000000000022
rel:23,rel:23|cond=rel:23:facilities:anchor,pointer__sigma1,pointer,40,0.9,0.7582766571931676,0.0,2,34,1,0,3,16,0,16,1.0,49.5625,16,1.0,0.9166666666666666,0.08333333333333337,1.0,0.96,0.040000000000000036,1.0,0.975,0.025000000000000022
rel:23,rel:23|cond=rel:23:facilities:anchor,pointer__sigma1,pointer,80,0.9,0.7582766571931676,0.0,2,34,1,0,3,16,0,16,1.0,49.5625,16,1.0,0.9166666666666666,0.08333333333333337,1.0,0.96,0.040000000000000036,1.0,0.975,0.025000000000000022
rel:23,rel:23|cond=rel:23:facilities:anchor,pointer__tau0p5,pointer,40,0.22499999999999998,0.038051181154637126,0.9151505959607085,2,39,1,0,4,15,0,16,1.0,49.5625,16,1.0,0.95,0.050000000000000044,1.0,0.9666666666666667,0.033333333333333326,1.0,0.975,0.025000000000000022
rel:23,rel:23|cond=rel:23:facilities:anchor,pointer__tau0p5,pointer,80,0.22499999999999998,0.038051181154637126,0.9151505959607085,2,74,1,0,11,8,0,16,1.0,49.5625,16,1.0,0.95,0.050000000000000044,1.0,0.9666666666666667,0.033333333333333326,1.0,0.975,0.025000000000000022
rel:23,rel:23|cond=rel:23:facilities:anchor,pointer__tau0,pointer,40,0.0,0.0,0.6783898247235198,2,39,1,0,4,15,0,16,1.0,49.5625,16,1.0,0.95,0.050000000000000044,1.0,0.9666666666666667,0.033333333333333326,1.0,0.975,0.025000000000000022
rel:23,rel:23|cond=rel:23:facilities:anchor,pointer__tau0,pointer,80,0.0,0.0,0.6783898247235198,2,74,1,0,11,8,0,16,1.0,49.5625,16,1.0,0.95,0.050000000000000044,1.0,0.9666666666666667,0.033333333333333326,1.0,0.975,0.025000000000000022
rel:23,rel:23|cond=rel:23:facilities:anchor,pointer__tau1,pointer,40,0.44999999999999996,0.1519113671978972,1.0,2,39,1,0,4,15,0,16,1.0,49.5625,16,1.0,0.95,0.050000000000000044,1.0,0.9666666666666667,0.033333333333333326,1.0,0.975,0.025000000000000022
rel:23,rel:23|cond=rel:23:facilities:anchor,pointer__tau1,pointer,80,0.44999999999999996,0.1519113671978972,1.0,2,74,1,0,11,8,0,16,1.0,49.5625,16,1.0,0.95,0.050000000000000044,1.0,0.9666666666666667,0.033333333333333326,1.0,0.975,0.025000000000000022
rel:23,rel:23|cond=rel:23:facilities:anchor,preserve__sigma0p5,preserve,40,0.45,0.1788510987426215,0.7183332409583436,0,31,1,1,0,0,18,0,0.0,0.0,16,1.0,0.03333333333333334,0.9666666666666667,1.0,0.05000000000000001,0.95,1.0,0.03333333333333334,0.9666666666666667
rel:23,rel:23|cond=rel:23:facilities:anchor,preserve__sigma0p5,preserve,80,0.45,0.1788510987426215,0.7183332409583436,0,70,3,1,0,0,16,0,0.0,0.0,16,1.0,0.43333333333333335,0.5666666666666667,1.0,0.45,0.55,1.0,0.4583333333333333,0.5416666666666667
rel:23,rel:23|cond=rel:23:facilities:anchor,preserve__sigma1,preserve,40,0.9,0.7582766571931676,0.0,0,40,1,2,0,0,17,0,0.0,0.0,16,1.0,0.03333333333333334,0.9666666666666667,1.0,0.06666666666666668,0.9333333333333333,1.0,0.05833333333333335,0.9416666666666667
rel:23,rel:23|cond=rel:23:facilities:anchor,preserve__sigma1,preserve,80,0.9,0.7582766571931676,0.0,0,73,3,1,0,0,16,0,0.0,0.0,16,1.0,0.08333333333333334,0.9166666666666666,1.0,0.10000000000000002,0.9,1.0,0.10833333333333335,0.8916666666666666
rel:23,rel:23|cond=rel:23:facilities:anchor,preserve__tau0p5,preserve,40,0.22499999999999998,0.038051181154637126,0.9151505959607085,0,28,1,1,0,0,18,0,0.0,0.0,16,1.0,0.03333333333333334,0.9666666666666667,1.0,0.2958333333333333,0.7041666666666667,1.0,0.3833333333333333,0.6166666666666667
rel:23,rel:23|cond=rel:23:facilities:anchor,preserve__tau0p5,preserve,80,0.22499999999999998,0.038051181154637126,0.9151505959607085,0,56,2,2,0,0,16,0,0.0,0.0,16,1.0,0.3833333333333333,0.6166666666666667,1.0,0.4222222222222222,0.5777777777777777,1.0,0.44166666666666665,0.5583333333333333
rel:23,rel:23|cond=rel:23:facilities:anchor,preserve__tau0,preserve,40,0.0,0.0,0.6783898247235198,0,28,1,1,0,0,18,0,0.0,0.0,16,1.0,0.03333333333333334,0.9666666666666667,1.0,0.2958333333333333,0.7041666666666667,1.0,0.3833333333333333,0.6166666666666667
rel:23,rel:23|cond=rel:23:facilities:anchor,preserve__tau0,preserve,80,0.0,0.0,0.6783898247235198,0,61,2,2,0,0,16,0,0.0,0.0,16,1.0,0.7333333333333333,0.2666666666666667,1.0,0.7433333333333333,0.2566666666666667,1.0,0.7333333333333333,0.2666666666666667
rel:23,rel:23|cond=rel:23:facilities:anchor,preserve__tau1,preserve,40,0.44999999999999996,0.1519113671978972,1.0,0,19,1,0,0,0,19,0,0.0,0.0,16,1.0,0.03333333333333334,0.9666666666666667,1.0,0.05666666666666667,0.9433333333333334,1.0,0.03333333333333334,0.9666666666666667
rel:23,rel:23|cond=rel:23:facilities:anchor,preserve__tau1,preserve,80,0.44999999999999996,0.1519113671978972,1.0,0,65,1,4,0,0,15,0,0.0,0.0,16,1.0,0.08333333333333334,0.9166666666666666,1.0,0.3016666666666667,0.6983333333333333,1.0,0.4666666666666667,0.5333333333333333
rel:23,rel:23|cond=rel:23:facilities:anchor,retrieval_only,retrieval_only,40,,,,2,19,1,0,0,19,0,16,1.0,49.5625,16,1.0,0.9166666666666666,0.08333333333333337,1.0,0.96,0.040000000000000036,1.0,0.975,0.025000000000000022
rel:23,rel:23|cond=rel:23:facilities:anchor,retrieval_only,retrieval_only,80,,,,2,19,1,0,0,19,0,16,1.0,49.5625,16,1.0,0.9166666666666666,0.08333333333333337,1.0,0.96,0.040000000000000036,1.0,0.975,0.025000000000000022
rel:23,rel:23|cond=rel:23:facilities:anchor,static_conditioned,static_conditioned,40,,,,0,19,1,0,0,0,19,0,0.0,0.0,16,1.0,0.03333333333333334,0.9666666666666667,1.0,0.05666666666666667,0.9433333333333334,1.0,0.03333333333333334,0.9666666666666667
rel:23,rel:23|cond=rel:23:facilities:anchor,static_conditioned,static_conditioned,80,,,,0,19,1,0,0,0,19,0,0.0,0.0,16,1.0,0.03333333333333334,0.9666666666666667,1.0,0.05666666666666667,0.9433333333333334,1.0,0.03333333333333334,0.9666666666666667
rel:23,rel:23|cond=rel:23:facilities:anchor,uncertainty_aware__tau0,uncertainty_aware,40,0.0,0.0,0.6783898247235198,0,28,1,1,0,0,18,0,0.0,0.0,16,1.0,0.03333333333333334,0.9666666666666667,1.0,0.2958333333333333,0.7041666666666667,1.0,0.3833333333333333,0.6166666666666667
rel:23,rel:23|cond=rel:23:facilities:anchor,uncertainty_aware__tau0,uncertainty_aware,80,0.0,0.0,0.6783898247235198,0,61,2,2,0,0,16,0,0.0,0.0,16,1.0,0.7333333333333333,0.2666666666666667,1.0,0.7433333333333333,0.2566666666666667,1.0,0.7333333333333333,0.2666666666666667
rel:23,rel:23|cond=rel:23:facilities:anchor,uncertainty_aware__tau1,uncertainty_aware,40,0.44999999999999996,0.1519113671978972,1.0,2,19,1,0,0,19,0,16,1.0,49.5625,16,1.0,0.9166666666666666,0.08333333333333337,1.0,0.96,0.040000000000000036,1.0,0.975,0.025000000000000022
rel:23,rel:23|cond=rel:23:facilities:anchor,uncertainty_aware__tau1,uncertainty_aware,80,0.44999999999999996,0.1519113671978972,1.0,2,19,1,0,0,19,0,16,1.0,49.5625,16,1.0,0.9166666666666666,0.08333333333333337,1.0,0.96,0.040000000000000036,1.0,0.975,0.025000000000000022
rel:23,rel:23|cond=rel:23:finance:anchor,blind,blind,40,,,,0,18,1,0,0,0,19,0,0.0,0.0,16,1.0,0.03333333333333334,0.9666666666666667,1.0,0.03333333333333334,0.9666666666666667,1.0,0.03333333333333334,0.9666666666666667
rel:23,rel:23|cond=rel:23:finance:anchor,blind,blind,80,,,,0,66,1,4,0,0,15,0,0.0,0.0,16,1.0,0.44166666666666665,0.5583333333333333,1.0,0.4726190476190476,0.5273809523809524,1.0,0.4666666666666667,0.5333333333333333
rel:23,rel:23|cond=rel:23:finance:anchor,oracle_exact,oracle_exact,40,,,,0,33,1,1,0,0,18,0,0.0,0.0,16,1.0,0.3833333333333333,0.6166666666666667,1.0,0.38690476190476186,0.6130952380952381,1.0,0.3833333333333333,0.6166666666666667
rel:23,rel:23|cond=rel:23:finance:anchor,oracle_exact,oracle_exact,80,,,,0,50,2,0,0,0,18,0,0.0,0.0,16,1.0,0.3833333333333333,0.6166666666666667,1.0,0.3833333333333333,0.6166666666666667,1.0,0.3833333333333333,0.6166666666666667
rel:23,rel:23|cond=rel:23:finance:anchor,pointer__sigma0p5,pointer,40,0.45,0.1788510987426215,0.7183332409583437,2,38,1,0,4,15,0,16,1.0,48.375,16,1.0,0.925,0.07499999999999996,1.0,0.9583333333333334,0.04166666666666663,1.0,0.975,0.025000000000000022
rel:23,rel:23|cond=rel:23:finance:anchor,pointer__sigma0p5,pointer,80,0.45,0.1788510987426215,0.7183332409583437,2,73,1,0,11,8,0,16,1.0,48.375,16,1.0,0.95,0.050000000000000044,1.0,0.9666666666666667,0.033333333333333326,1.0,0.975,0.025000000000000022
rel:23,rel:23|cond=rel:23:finance:anchor,pointer__sigma1,pointer,40,0.9,0.7582766571931676,0.0,2,33,1,0,3,16,0,16,1.0,48.375,16,1.0,0.9,0.09999999999999998,1.0,0.9533333333333334,0.046666666666666634,1.0,0.975,0.025000000000000022
rel:23,rel:23|cond=rel:23:finance:anchor,pointer__sigma1,pointer,80,0.9,0.7582766571931676,0.0,2,33,1,0,3,16,0,16,1.0,48.375,16,1.0,0.9,0.09999999999999998,1.0,0.9533333333333334,0.046666666666666634,1.0,0.975,0.025000000000000022
rel:23,rel:23|cond=rel:23:finance:anchor,pointer__tau0p5,pointer,40,0.22499999999999998,0.038051181154637126,0.9151505959607087,2,38,1,0,4,15,0,16,1.0,48.375,16,1.0,0.925,0.07499999999999996,1.0,0.9583333333333334,0.04166666666666663,1.0,0.975,0.025000000000000022
rel:23,rel:23|cond=rel:23:finance:anchor,pointer__tau0p5,pointer,80,0.22499999999999998,0.038051181154637126,0.9151505959607087,2,73,1,0,11,8,0,16,1.0,48.375,16,1.0,0.95,0.050000000000000044,1.0,0.9666666666666667,0.033333333333333326,1.0,0.975,0.025000000000000022
rel:23,rel:23|cond=rel:23:finance:anchor,pointer__tau0,pointer,40,0.0,0.0,0.6783898247235198,2,38,1,0,4,15,0,16,1.0,48.375,16,1.0,0.9,0.09999999999999998,1.0,0.9533333333333334,0.046666666666666634,1.0,0.975,0.025000000000000022
rel:23,rel:23|cond=rel:23:finance:anchor,pointer__tau0,pointer,80,0.0,0.0,0.6783898247235198,2,73,1,0,11,8,0,16,1.0,48.375,16,1.0,0.95,0.050000000000000044,1.0,0.9666666666666667,0.033333333333333326,1.0,0.975,0.025000000000000022
rel:23,rel:23|cond=rel:23:finance:anchor,pointer__tau1,pointer,40,0.44999999999999996,0.1519113671978972,1.0,2,38,1,0,4,15,0,16,1.0,48.375,16,1.0,0.9,0.09999999999999998,1.0,0.9533333333333334,0.046666666666666634,1.0,0.975,0.025000000000000022
rel:23,rel:23|cond=rel:23:finance:anchor,pointer__tau1,pointer,80,0.44999999999999996,0.1519113671978972,1.0,2,73,1,0,11,8,0,16,1.0,48.375,16,1.0,0.95,0.050000000000000044,1.0,0.9666666666666667,0.033333333333333326,1.0,0.975,0.025000000000000022
rel:23,rel:23|cond=rel:23:finance:anchor,preserve__sigma0p5,preserve,40,0.45,0.1788510987426215,0.7183332409583437,0,30,1,1,0,0,18,0,0.0,0.0,16,1.0,0.03333333333333334,0.9666666666666667,1.0,0.05000000000000001,0.95,1.0,0.03333333333333334,0.9666666666666667
rel:23,rel:23|cond=rel:23:finance:anchor,preserve__sigma0p5,preserve,80,0.45,0.1788510987426215,0.7183332409583437,0,66,2,2,0,0,16,0,0.0,0.0,16,1.0,0.43333333333333335,0.5666666666666667,1.0,0.45,0.55,1.0,0.4583333333333333,0.5416666666666667
rel:23,rel:23|cond=rel:23:finance:anchor,preserve__sigma1,preserve,40,0.9,0.7582766571931676,0.0,0,39,1,2,0,0,17,0,0.0,0.0,16,1.0,0.03333333333333334,0.9666666666666667,1.0,0.06666666666666668,0.9333333333333333,1.0,0.05833333333333335,0.9416666666666667
rel:23,rel:23|cond=rel:23:finance:anchor,preserve__sigma1,preserve,80,0.9,0.7582766571931676,0.0,0,72,3,1,0,0,16,0,0.0,0.0,16,1.0,0.08333333333333334,0.9166666666666666,1.0,0.17,0.83,1.0,0.10833333333333335,0.8916666666666666
rel:23,rel:23|cond=rel:23:finance:anchor,preserve__tau0p5,preserve,40,0.22499999999999998,0.038051181154637126,0.9151505959607087,0,18,1,0,0,0,19,0,0.0,0.0,16,1.0,0.03333333333333334,0.9666666666666667,1.0,0.03333333333333334,0.9666666666666667,1.0,0.03333333333333334,0.9666666666666667
rel:23,rel:23|cond=rel:23:finance:anchor,preserve__tau0p5,preserve,80,0.22499999999999998,0.038051181154637126,0.9151505959607087,0,63,1,4,0,0,15,0,0.0,0.0,16,1.0,0.5833333333333333,0.41666666666666674,1.0,0.6142857142857142,0.3857142857142858,1.0,0.6333333333333333,0.3666666666666667
rel:23,rel:23|cond=rel:23:finance:anchor,preserve__tau0,preserve,40,0.0,0.0,0.6783898247235198,0,33,1,1,0,0,18,0,0.0,0.0,16,1.0,0.3833333333333333,0.6166666666666667,1.0,0.3833333333333333,0.6166666666666667,1.0,0.3833333333333333,0.6166666666666667
rel:23,rel:23|cond=rel:23:finance:anchor,preserve__tau0,preserve,80,0.0,0.0,0.6783898247235198,0,50,2,0,0,0,18,0,0.0,0.0,16,1.0,0.3833333333333333,0.6166666666666667,1.0,0.3833333333333333,0.6166666666666667,1.0,0.3833333333333333,0.6166666666666667
rel:23,rel:23|cond=rel:23:finance:anchor,preserve__tau1,preserve,40,0.44999999999999996,0.1519113671978972,1.0,0,18,1,0,0,0,19,0,0.0,0.0,16,1.0,0.03333333333333334,0.9666666666666667,1.0,0.03333333333333334,0.9666666666666667,1.0,0.03333333333333334,0.9666666666666667
rel:23,rel:23|cond=rel:23:finance:anchor,preserve__tau1,preserve,80,0.44999999999999996,0.1519113671978972,1.0,0,66,1,4,0,0,15,0,0.0,0.0,16,1.0,0.44166666666666665,0.5583333333333333,1.0,0.4726190476190476,0.5273809523809524,1.0,0.4666666666666667,0.5333333333333333
rel:23,rel:23|cond=rel:23:finance:anchor,retrieval_only,retrieval_only,40,,,,2,18,1,0,0,19,0,16,1.0,48.375,16,1.0,0.8916666666666666,0.10833333333333339,1.0,0.9505555555555556,0.0494444444444444,1.0,0.975,0.025000000000000022
rel:23,rel:23|cond=rel:23:finance:anchor,retrieval_only,retrieval_only,80,,,,2,18,1,0,0,19,0,16,1.0,48.375,16,1.0,0.8916666666666666,0.10833333333333339,1.0,0.9505555555555556,0.0494444444444444,1.0,0.975,0.025000000000000022
rel:23,rel:23|cond=rel:23:finance:anchor,static_conditioned,static_conditioned,40,,,,0,18,1,0,0,0,19,0,0.0,0.0,16,1.0,0.03333333333333334,0.9666666666666667,1.0,0.03333333333333334,0.9666666666666667,1.0,0.03333333333333334,0.9666666666666667
rel:23,rel:23|cond=rel:23:finance:anchor,static_conditioned,static_conditioned,80,,,,0,18,1,0,0,0,19,0,0.0,0.0,16,1.0,0.03333333333333334,0.9666666666666667,1.0,0.03333333333333334,0.9666666666666667,1.0,0.03333333333333334,0.9666666666666667
rel:23,rel:23|cond=rel:23:finance:anchor,uncertainty_aware__tau0,uncertainty_aware,40,0.0,0.0,0.6783898247235198,0,33,1,1,0,0,18,0,0.0,0.0,16,1.0,0.3833333333333333,0.6166666666666667,1.0,0.38690476190476186,0.6130952380952381,1.0,0.3833333333333333,0.6166666666666667
rel:23,rel:23|cond=rel:23:finance:anchor,uncertainty_aware__tau0,uncertainty_aware,80,0.0,0.0,0.6783898247235198,0,50,2,0,0,0,18,0,0.0,0.0,16,1.0,0.3833333333333333,0.6166666666666667,1.0,0.3833333333333333,0.6166666666666667,1.0,0.3833333333333333,0.6166666666666667
rel:23,rel:23|cond=rel:23:finance:anchor,uncertainty_aware__tau1,uncertainty_aware,40,0.44999999999999996,0.1519113671978972,1.0,2,18,1,0,0,19,0,16,1.0,48.375,16,1.0,0.8916666666666666,0.10833333333333339,1.0,0.9505555555555556,0.0494444444444444,1.0,0.975,0.025000000000000022
rel:23,rel:23|cond=rel:23:finance:anchor,uncertainty_aware__tau1,uncertainty_aware,80,0.44999999999999996,0.1519113671978972,1.0,2,18,1,0,0,19,0,16,1.0,48.375,16,1.0,0.8916666666666666,0.10833333333333339,1.0,0.9505555555555556,0.0494444444444444,1.0,0.975,0.025000000000000022
rel:23,rel:23|cond=rel:23:founding:anchor,blind,blind,40,,,,0,12,0,1,0,0,19,0,0.0,0.0,16,0.0,0.0,0.0,0.3333333333333333,0.011111111111111113,0.3222222222222222,0.0,0.0,0.0
rel:23,rel:23|cond=rel:23:founding:anchor,blind,blind,80,,,,0,63,1,4,0,0,15,0,0.0,0.0,16,1.0,0.23333333333333334,0.7666666666666666,1.0,0.3680555555555556,0.6319444444444444,1.0,0.4916666666666667,0.5083333333333333
rel:23,rel:23|cond=rel:23:founding:anchor,oracle_exact,oracle_exact,40,,,,0,31,1,1,0,0,18,0,0.0,0.0,16,0.0,0.35,-0.35,0.3333333333333333,0.3611111111111111,-0.02777777777777779,0.0,0.35,-0.35
rel:23,rel:23|cond=rel:23:founding:anchor,oracle_exact,oracle_exact,80,,,,0,43,2,0,0,0,18,0,0.0,0.0,16,1.0,0.3833333333333333,0.6166666666666667,1.0,0.3833333333333333,0.6166666666666667,1.0,0.3833333333333333,0.6166666666666667
rel:23,rel:23|cond=rel:23:founding:anchor,pointer__sigma0p5,pointer,40,0.45,0.1788510987426215,0.7183332409583436,2,37,0,1,5,14,0,16,1.0,48.3125,16,0.0,0.9333333333333333,-0.9333333333333333,0.3333333333333333,0.9666666666666667,-0.6333333333333333,0.0,0.9666666666666667,-0.9666666666666667
rel:23,rel:23|cond=rel:23:founding:anchor,pointer__sigma0p5,pointer,80,0.45,0.1788510987426215,0.7183332409583436,2,79,1,0,11,8,0,16,1.0,48.3125,16,1.0,0.7916666666666666,0.20833333333333337,1.0,0.9538888888888889,0.0461111111111111,1.0,1.0,0.0
rel:23,rel:23|cond=rel:23:founding:anchor,pointer__sigma1,pointer,40,0.9,0.7582766571931676,0.0,2,22,0,1,2,17,0,16,1.0,48.3125,16,0.0,0.7583333333333333,-0.7583333333333333,0.3333333333333333,0.9316666666666666,-0.5983333333333334,0.0,0.9666666666666667,-0.9666666666666667
rel:23,rel:23|cond=rel:23:founding:anchor,pointer__sigma1,pointer,80,0.9,0.7582766571931676,0.0,2,34,1,0,2,17,0,16,1.0,48.3125,16,1.0,0.7916666666666666,0.20833333333333337,1.0,0.9538888888888889,0.0461111111111111,1.0,1.0,0.0
rel:23,rel:23|cond=rel:23:founding:anchor,pointer__tau0p5,pointer,40,0.22499999999999998,0.03805118115463712,0.9151505959607085,2,37,0,1,5,14,0,16,1.0,48.3125,16,0.0,0.9333333333333333,-0.9333333333333333,0.3333333333333333,0.9666666666666667,-0.6333333333333333,0.0,0.9666666666666667,-0.9666666666666667
rel:23,rel:23|cond=rel:23:founding:anchor,pointer__tau0p5,pointer,80,0.22499999999999998,0.03805118115463712,0.9151505959607085,2,79,1,0,11,8,0,16,1.0,48.3125,16,1.0,0.7916666666666666,0.20833333333333337,1.0,0.9538888888888889,0.0461111111111111,1.0,1.0,0.0
rel:23,rel:23|cond=rel:23:founding:anchor,pointer__tau0,pointer,40,0.0,0.0,0.6783898247235198,2,37,0,1,5,14,0,16,1.0,48.3125,16,0.0,0.9333333333333333,-0.9333333333333333,0.3333333333333333,0.9666666666666667,-0.6333333333333333,0.0,0.9666666666666667,-0.9666666666666667
rel:23,rel:23|cond=rel:23:founding:anchor,pointer__tau0,pointer,80,0.0,0.0,0.6783898247235198,2,79,1,0,11,8,0,16,1.0,48.3125,16,1.0,0.7916666666666666,0.20833333333333337,1.0,0.9538888888888889,0.0461111111111111,1.0,1.0,0.0
rel:23,rel:23|cond=rel:23:founding:anchor,pointer__tau1,pointer,40,0.44999999999999996,0.15191136719789716,1.0,2,37,0,1,5,14,0,16,1.0,48.3125,16,0.0,0.9333333333333333,-0.9333333333333333,0.3333333333333333,0.9666666666666667,-0.6333333333333333,0.0,0.9666666666666667,-0.9666666666666667
rel:23,rel:23|cond=rel:23:founding:anchor,pointer__tau1,pointer,80,0.44999999999999996,0.15191136719789716,1.0,2,79,1,0,11,8,0,16,1.0,48.3125,16,1.0,0.7916666666666666,0.20833333333333337,1.0,0.9538888888888889,0.0461111111111111,1.0,1.0,0.0
rel:23,rel:23|cond=rel:23:founding:anchor,preserve__sigma0p5,preserve,40,0.45,0.1788510987426215,0.7183332409583436,0,30,0,3,0,0,17,0,0.0,0.0,16,0.0,0.175,-0.175,0.3333333333333333,0.3166666666666667,0.016666666666666607,0.0,0.3833333333333333,-0.3833333333333333
rel:23,rel:23|cond=rel:23:founding:anchor,preserve__sigma0p5,preserve,80,0.45,0.1788510987426215,0.7183332409583436,0,73,3,1,0,0,16,0,0.0,0.0,16,1.0,0.3833333333333333,0.6166666666666667,1.0,0.40555555555555556,0.5944444444444444,1.0,0.41666666666666663,0.5833333333333334
rel:23,rel:23|cond=rel:23:founding:anchor,preserve__sigma1,preserve,40,0.9,0.7582766571931676,0.0,0,32,1,1,0,0,18,0,0.0,0.0,16,0.0,0.0,0.0,0.3333333333333333,0.04333333333333334,0.29,0.0,0.03333333333333334,-0.03333333333333334
rel:23,rel:23|cond=rel:23:founding:anchor,preserve__sigma1,preserve,80,0.9,0.7582766571931676,0.0,0,66,3,0,0,0,17,0,0.0,0.0,16,1.0,0.06666666666666668,0.9333333333333333,1.0,0.0888888888888889,0.9111111111111111,1.0,0.10000000000000002,0.9
rel:23,rel:23|cond=rel:23:founding:anchor,preserve__tau0p5,preserve,40,0.22499999999999998,0.03805118115463712,0.9151505959607085,0,21,0,2,0,0,18,0,0.0,0.0,16,0.0,0.175,-0.175,0.3333333333333333,0.29611111111111116,0.03722222222222216,0.0,0.35,-0.35
rel:23,rel:23|cond=rel:23:founding:anchor,preserve__tau0p5,preserve,80,0.22499999999999998,0.03805118115463712,0.9151505959607085,0,61,2,2,0,0,16,0,0.0,0.0,16,1.0,0.3833333333333333,0.6166666666666667,1.0,0.44305555555555554,0.5569444444444445,1.0,0.4666666666666667,0.5333333333333333
rel:23,rel:23|cond=rel:23:founding:anchor,preserve__tau0,preserve,40,0.0,0.0,0.6783898247235198,0,31,1,1,0,0,18,0,0.0,0.0,16,0.0,0.35,-0.35,0.3333333333333333,0.3611111111111111,-0.02777777777777779,0.0,0.35,-0.35
rel:23,rel:23|cond=rel:23:founding:anchor,preserve__tau0,preserve,80,0.0,0.0,0.6783898247235198,0,63,3,0,0,0,17,0,0.0,0.0,16,1.0,0.3833333333333333,0.6166666666666667,1.0,0.5233333333333333,0.4766666666666667,1.0,0.5583333333333332,0.44166666666666676
rel:23,rel:23|cond=rel:23:founding:anchor,preserve__tau1,preserve,40,0.44999999999999996,0.15191136719789716,1.0,0,12,0,1,0,0,19,0,0.0,0.0,16,0.0,0.0,0.0,0.3333333333333333,0.011111111111111113,0.3222222222222222,0.0,0.0,0.0
rel:23,rel:23|cond=rel:23:founding:anchor,preserve__tau1,preserve,80,0.44999999999999996,0.15191136719789716,1.0,0,63,1,4,0,0,15,0,0.0,0.0,16,1.0,0.23333333333333334,0.7666666666666666,1.0,0.3680555555555556,0.6319444444444444,1.0,0.4916666666666667,0.5083333333333333
rel:23,rel:23|cond=rel:23:founding:anchor,retrieval_only,retrieval_only,40,,,,2,12,0,1,0,19,0,16,1.0,48.3125,16,0.0,0.7583333333333333,-0.7583333333333333,0.3333333333333333,0.9316666666666666,-0.5983333333333334,0.0,0.9666666666666667,-0.9666666666666667
rel:23,rel:23|cond=rel:23:founding:anchor,retrieval_only,retrieval_only,80,,,,2,24,1,0,0,19,0,16,1.0,48.3125,16,1.0,0.7916666666666666,0.20833333333333337,1.0,0.9538888888888889,0.0461111111111111,1.0,1.0,0.0
rel:23,rel:23|cond=rel:23:founding:anchor,static_conditioned,static_conditioned,40,,,,0,12,0,1,0,0,19,0,0.0,0.0,16,0.0,0.0,0.0,0.3333333333333333,0.011111111111111113,0.3222222222222222,0.0,0.0,0.0
rel:23,rel:23|cond=rel:23:founding:anchor,static_conditioned,static_conditioned,80,,,,0,24,1,0,0,0,19,0,0.0,0.0,16,1.0,0.03333333333333334,0.9666666666666667,1.0,0.03333333333333334,0.9666666666666667,1.0,0.03333333333333334,0.9666666666666667
rel:23,rel:23|cond=rel:23:founding:anchor,uncertainty_aware__tau0,uncertainty_aware,40,0.0,0.0,0.6783898247235198,0,31,1,1,0,0,18,0,0.0,0.0,16,0.0,0.35,-0.35,0.3333333333333333,0.3611111111111111,-0.02777777777777779,0.0,0.35,-0.35
rel:23,rel:23|cond=rel:23:founding:anchor,uncertainty_aware__tau0,uncertainty_aware,80,0.0,0.0,0.6783898247235198,0,63,3,0,0,0,17,0,0.0,0.0,16,1.0,0.3833333333333333,0.6166666666666667,1.0,0.5233333333333333,0.4766666666666667,1.0,0.5583333333333332,0.44166666666666676
rel:23,rel:23|cond=rel:23:founding:anchor,uncertainty_aware__tau1,uncertainty_aware,40,0.44999999999999996,0.15191136719789716,1.0,2,12,0,1,0,19,0,16,1.0,48.3125,16,0.0,0.7583333333333333,-0.7583333333333333,0.3333333333333333,0.9316666666666666,-0.5983333333333334,0.0,0.9666666666666667,-0.9666666666666667
rel:23,rel:23|cond=rel:23:founding:anchor,uncertainty_aware__tau1,uncertainty_aware,80,0.44999999999999996,0.15191136719789716,1.0,2,24,1,0,0,19,0,16,1.0,48.3125,16,1.0,0.7916666666666666,0.20833333333333337,1.0,0.9538888888888889,0.0461111111111111,1.0,1.0,0.0
rel:25,rel:25|cond=rel:25:custom:anchor,blind,blind,40,,,,0,18,0,1,0,0,15,0,0.0,0.0,16,1.0,0.0,1.0,1.0,0.030000000000000006,0.97,1.0,0.0,1.0
rel:25,rel:25|cond=rel:25:custom:anchor,blind,blind,80,,,,0,39,1,0,0,0,15,0,0.0,0.0,16,1.0,0.03333333333333334,0.9666666666666667,1.0,0.04285714285714287,0.9571428571428571,1.0,0.03333333333333334,0.9666666666666667
rel:25,rel:25|cond=rel:25:custom:anchor,oracle_exact,oracle_exact,40,,,,0,30,0,2,0,0,14,0,0.0,0.0,16,1.0,0.3833333333333333,0.6166666666666667,1.0,0.39999999999999997,0.6000000000000001,1.0,0.3833333333333333,0.6166666666666667
rel:25,rel:25|cond=rel:25:custom:anchor,oracle_exact,oracle_exact,80,,,,0,68,2,0,0,0,14,0,0.0,0.0,16,1.0,0.3833333333333333,0.6166666666666667,1.0,0.3833333333333333,0.6166666666666667,1.0,0.3833333333333333,0.6166666666666667
rel:25,rel:25|cond=rel:25:custom:anchor,pointer__sigma0p5,pointer,40,0.45,0.1788510987426215,0.7183332409583436,2,38,0,1,4,11,0,16,1.0,63.875,16,1.0,0.8916666666666666,0.10833333333333339,1.0,0.9416666666666667,0.05833333333333335,1.0,0.9416666666666667,0.05833333333333335
rel:25,rel:25|cond=rel:25:custom:anchor,pointer__sigma0p5,pointer,80,0.45,0.1788510987426215,0.7183332409583436,2,79,1,0,8,7,0,16,1.0,63.875,16,1.0,0.925,0.07499999999999996,1.0,0.9583333333333334,0.04166666666666663,1.0,0.975,0.025000000000000022
rel:25,rel:25|cond=rel:25:custom:anchor,pointer__sigma1,pointer,40,0.9,0.7582766571931676,0.0,2,33,0,1,3,12,0,16,1.0,63.875,16,0.0,0.8666666666666667,-0.8666666666666667,0.0,0.9333333333333333,-0.9333333333333333,0.0,0.9416666666666667,-0.9416666666666667
rel:25,rel:25|cond=rel:25:custom:anchor,pointer__sigma1,pointer,80,0.9,0.7582766571931676,0.0,2,54,1,0,3,12,0,16,1.0,63.875,16,1.0,0.9,0.09999999999999998,1.0,0.95,0.050000000000000044,1.0,0.975,0.025000000000000022
rel:25,rel:25|cond=rel:25:custom:anchor,pointer__tau0p5,pointer,40,0.22499999999999998,0.03805118115463712,0.9151505959607085,2,38,0,1,4,11,0,16,1.0,63.875,16,0.0,0.8666666666666667,-0.8666666666666667,0.0,0.9333333333333333,-0.9333333333333333,0.0,0.9416666666666667,-0.9416666666666667
rel:25,rel:25|cond=rel:25:custom:anchor,pointer__tau0p5,pointer,80,0.22499999999999998,0.03805118115463712,0.9151505959607085,2,79,1,0,8,7,0,16,1.0,63.875,16,1.0,0.925,0.07499999999999996,1.0,0.9583333333333334,0.04166666666666663,1.0,0.975,0.025000000000000022
rel:25,rel:25|cond=rel:25:custom:anchor,pointer__tau0,pointer,40,0.0,0.0,0.6783898247235198,2,38,0,1,4,11,0,16,1.0,63.875,16,0.0,0.8916666666666666,-0.8916666666666666,0.0,0.9416666666666667,-0.9416666666666667,0.0,0.9416666666666667,-0.9416666666666667
rel:25,rel:25|cond=rel:25:custom:anchor,pointer__tau0,pointer,80,0.0,0.0,0.6783898247235198,2,79,1,0,8,7,0,16,1.0,63.875,16,1.0,0.925,0.07499999999999996,1.0,0.9583333333333334,0.04166666666666663,1.0,0.975,0.025000000000000022
rel:25,rel:25|cond=rel:25:custom:anchor,pointer__tau1,pointer,40,0.44999999999999996,0.15191136719789716,1.0,2,38,0,1,4,11,0,16,1.0,63.875,16,0.0,0.8666666666666667,-0.8666666666666667,0.0,0.9333333333333333,-0.9333333333333333,0.0,0.9416666666666667,-0.9416666666666667
rel:25,rel:25|cond=rel:25:custom:anchor,pointer__tau1,pointer,80,0.44999999999999996,0.15191136719789716,1.0,2,79,1,0,8,7,0,16,1.0,63.875,16,1.0,0.925,0.07499999999999996,1.0,0.9583333333333334,0.04166666666666663,1.0,0.975,0.025000000000000022
rel:25,rel:25|cond=rel:25:custom:anchor,preserve__sigma0p5,preserve,40,0.45,0.1788510987426215,0.7183332409583436,0,18,0,1,0,0,15,0,0.0,0.0,16,0.0,0.0,0.0,0.5,0.03333333333333334,0.4666666666666667,1.0,0.0,1.0
rel:25,rel:25|cond=rel:25:custom:anchor,preserve__sigma0p5,preserve,80,0.45,0.1788510987426215,0.7183332409583436,0,65,1,2,0,0,13,0,0.0,0.0,16,1.0,0.4083333333333333,0.5916666666666667,1.0,0.41785714285714287,0.5821428571428571,1.0,0.4083333333333333,0.5916666666666667
rel:25,rel:25|cond=rel:25:custom:anchor,preserve__sigma1,preserve,40,0.9,0.7582766571931676,0.0,0,32,0,2,0,0,14,0,0.0,0.0,16,1.0,0.025000000000000005,0.975,1.0,0.05833333333333335,0.9416666666666667,1.0,0.025000000000000005,0.975
rel:25,rel:25|cond=rel:25:custom:anchor,preserve__sigma1,preserve,80,0.9,0.7582766571931676,0.0,0,73,2,0,0,0,14,0,0.0,0.0,16,1.0,0.05833333333333335,0.9416666666666667,1.0,0.06785714285714288,0.9321428571428572,1.0,0.05833333333333335,0.9416666666666667
rel:25,rel:25|cond=rel:25:custom:anchor,preserve__tau0p5,preserve,40,0.22499999999999998,0.03805118115463712,0.9151505959607085,0,18,0,1,0,0,15,0,0.0,0.0,16,0.0,0.0,0.0,0.5,0.03333333333333334,0.4666666666666667,1.0,0.0,1.0
rel:25,rel:25|cond=rel:25:custom:anchor,preserve__tau0p5,preserve,80,0.22499999999999998,0.03805118115463712,0.9151505959607085,0,51,1,1,0,0,14,0,0.0,0.0,16,1.0,0.3833333333333333,0.6166666666666667,1.0,0.39285714285714285,0.6071428571428572,1.0,0.3833333333333333,0.6166666666666667
rel:25,rel:25|cond=rel:25:custom:anchor,preserve__tau0,preserve,40,0.0,0.0,0.6783898247235198,0,30,0,2,0,0,14,0,0.0,0.0,16,1.0,0.3833333333333333,0.6166666666666667,1.0,0.39285714285714285,0.6071428571428572,1.0,0.3833333333333333,0.6166666666666667
rel:25,rel:25|cond=rel:25:custom:anchor,preserve__tau0,preserve,80,0.0,0.0,0.6783898247235198,0,68,2,0,0,0,14,0,0.0,0.0,16,1.0,0.3833333333333333,0.6166666666666667,1.0,0.3833333333333333,0.6166666666666667,1.0,0.3833333333333333,0.6166666666666667
rel:25,rel:25|cond=rel:25:custom:anchor,preserve__tau1,preserve,40,0.44999999999999996,0.15191136719789716,1.0,0,18,0,1,0,0,15,0,0.0,0.0,16,0.0,0.0,0.0,0.5,0.03333333333333334,0.4666666666666667,1.0,0.0,1.0
rel:25,rel:25|cond=rel:25:custom:anchor,preserve__tau1,preserve,80,0.44999999999999996,0.15191136719789716,1.0,0,39,1,0,0,0,15,0,0.0,0.0,16,1.0,0.03333333333333334,0.9666666666666667,1.0,0.04285714285714287,0.9571428571428571,1.0,0.03333333333333334,0.9666666666666667
rel:25,rel:25|cond=rel:25:custom:anchor,retrieval_only,retrieval_only,40,,,,2,18,0,1,0,15,0,16,1.0,63.875,16,1.0,0.925,0.07499999999999996,1.0,0.9583333333333334,0.04166666666666663,1.0,0.975,0.025000000000000022
rel:25,rel:25|cond=rel:25:custom:anchor,retrieval_only,retrieval_only,80,,,,2,39,1,0,0,15,0,16,1.0,63.875,16,1.0,0.925,0.07499999999999996,1.0,0.9583333333333334,0.04166666666666663,1.0,0.975,0.025000000000000022
rel:25,rel:25|cond=rel:25:custom:anchor,static_conditioned,static_conditioned,40,,,,0,18,0,1,0,0,15,0,0.0,0.0,16,0.0,0.0,0.0,0.5,0.03333333333333334,0.4666666666666667,1.0,0.0,1.0
rel:25,rel:25|cond=rel:25:custom:anchor,static_conditioned,static_conditioned,80,,,,0,39,1,0,0,0,15,0,0.0,0.0,16,1.0,0.03333333333333334,0.9666666666666667,1.0,0.04285714285714287,0.9571428571428571,1.0,0.03333333333333334,0.9666666666666667
rel:25,rel:25|cond=rel:25:custom:anchor,uncertainty_aware__tau0,uncertainty_aware,40,0.0,0.0,0.6783898247235198,0,30,0,2,0,0,14,0,0.0,0.0,16,1.0,0.3833333333333333,0.6166666666666667,1.0,0.39999999999999997,0.6000000000000001,1.0,0.3833333333333333,0.6166666666666667
rel:25,rel:25|cond=rel:25:custom:anchor,uncertainty_aware__tau0,uncertainty_aware,80,0.0,0.0,0.6783898247235198,0,68,2,0,0,0,14,0,0.0,0.0,16,1.0,0.3833333333333333,0.6166666666666667,1.0,0.3833333333333333,0.6166666666666667,1.0,0.3833333333333333,0.6166666666666667
rel:25,rel:25|cond=rel:25:custom:anchor,uncertainty_aware__tau1,uncertainty_aware,40,0.44999999999999996,0.15191136719789716,1.0,2,18,0,1,0,15,0,16,1.0,63.875,16,1.0,0.925,0.07499999999999996,1.0,0.9583333333333334,0.04166666666666663,1.0,0.975,0.025000000000000022
rel:25,rel:25|cond=rel:25:custom:anchor,uncertainty_aware__tau1,uncertainty_aware,80,0.44999999999999996,0.15191136719789716,1.0,2,39,1,0,0,15,0,16,1.0,63.875,16,1.0,0.925,0.07499999999999996,1.0,0.9583333333333334,0.04166666666666663,1.0,0.975,0.025000000000000022
rel:25,rel:25|cond=rel:25:facilities:anchor,blind,blind,40,,,,0,16,0,1,0,0,15,0,0.0,0.0,16,0.0,0.0,0.0,0.6666666666666666,0.022222222222222227,0.6444444444444444,1.0,0.03333333333333334,0.9666666666666667
rel:25,rel:25|cond=rel:25:facilities:anchor,blind,blind,80,,,,0,45,1,1,0,0,14,0,0.0,0.0,16,0.0,0.05000000000000001,-0.05000000000000001,0.6666666666666666,0.07222222222222224,0.5944444444444443,1.0,0.08333333333333334,0.9166666666666666
rel:25,rel:25|cond=rel:25:facilities:anchor,oracle_exact,oracle_exact,40,,,,0,35,0,2,0,0,14,0,0.0,0.0,16,0.0,0.35,-0.35,0.6666666666666666,0.37222222222222223,0.2944444444444444,1.0,0.3833333333333333,0.6166666666666667
rel:25,rel:25|cond=rel:25:facilities:anchor,oracle_exact,oracle_exact,80,,,,0,76,2,0,0,0,14,0,0.0,0.0,16,0.0,0.35,-0.35,0.6666666666666666,0.37222222222222223,0.2944444444444444,1.0,0.3833333333333333,0.6166666666666667
rel:25,rel:25|cond=rel:25:facilities:anchor,pointer__sigma0p5,pointer,40,0.45,0.1788510987426215,0.7183332409583436,2,36,0,1,4,11,0,16,1.0,65.5,16,0.0,0.6166666666666667,-0.6166666666666667,0.6666666666666666,0.7555555555555555,-0.0888888888888889,1.0,0.825,0.17500000000000004
rel:25,rel:25|cond=rel:25:facilities:anchor,pointer__sigma0p5,pointer,80,0.45,0.1788510987426215,0.7183332409583436,2,78,1,0,9,6,0,16,1.0,65.5,16,0.0,0.7916666666666666,-0.7916666666666666,0.6666666666666666,0.8138888888888889,-0.14722222222222225,1.0,0.825,0.17500000000000004
rel:25,rel:25|cond=rel:25:facilities:anchor,pointer__sigma1,pointer,40,0.9,0.7582766571931676,0.0,2,31,0,1,3,12,0,16,1.0,65.5,16,0.0,0.7916666666666666,-0.7916666666666666,0.6666666666666666,0.8138888888888889,-0.14722222222222225,1.0,0.825,0.17500000000000004
rel:25,rel:25|cond=rel:25:facilities:anchor,pointer__sigma1,pointer,80,0.9,0.7582766571931676,0.0,2,48,1,0,3,12,0,16,1.0,65.5,16,0.0,0.6166666666666667,-0.6166666666666667,0.6666666666666666,0.7555555555555555,-0.0888888888888889,1.0,0.825,0.17500000000000004
rel:25,rel:25|cond=rel:25:facilities:anchor,pointer__tau0p5,pointer,40,0.22499999999999998,0.038051181154637126,0.9151505959607085,2,36,0,1,4,11,0,16,1.0,65.5,16,0.0,0.7916666666666666,-0.7916666666666666,0.6666666666666666,0.8138888888888889,-0.14722222222222225,1.0,0.825,0.17500000000000004
rel:25,rel:25|cond=rel:25:facilities:anchor,pointer__tau0p5,pointer,80,0.22499999999999998,0.038051181154637126,0.9151505959607085,2,78,1,0,9,6,0,16,1.0,65.5,16,0.0,0.7916666666666666,-0.7916666666666666,0.6666666666666666,0.8138888888888889,-0.14722222222222225,1.0,0.825,0.17500000000000004
rel:25,rel:25|cond=rel:25:facilities:anchor,pointer__tau0,pointer,40,0.0,0.0,0.6783898247235198,2,36,0,1,4,11,0,16,1.0,65.5,16,0.0,0.7916666666666666,-0.7916666666666666,0.6666666666666666,0.8138888888888889,-0.14722222222222225,1.0,0.825,0.17500000000000004
rel:25,rel:25|cond=rel:25:facilities:anchor,pointer__tau0,pointer,80,0.0,0.0,0.6783898247235198,2,78,1,0,9,6,0,16,1.0,65.5,16,0.0,0.7916666666666666,-0.7916666666666666,0.6666666666666666,0.8138888888888889,-0.14722222222222225,1.0,0.825,0.17500000000000004
rel:25,rel:25|cond=rel:25:facilities:anchor,pointer__tau1,pointer,40,0.44999999999999996,0.1519113671978972,1.0,2,36,0,1,4,11,0,16,1.0,65.5,16,0.0,0.6166666666666667,-0.6166666666666667,0.6666666666666666,0.7555555555555555,-0.0888888888888889,1.0,0.825,0.17500000000000004
rel:25,rel:25|cond=rel:25:facilities:anchor,pointer__tau1,pointer,80,0.44999999999999996,0.1519113671978972,1.0,2,78,1,0,9,6,0,16,1.0,65.5,16,0.0,0.7916666666666666,-0.7916666666666666,0.6666666666666666,0.8138888888888889,-0.14722222222222225,1.0,0.825,0.17500000000000004
rel:25,rel:25|cond=rel:25:facilities:anchor,preserve__sigma0p5,preserve,40,0.45,0.1788510987426215,0.7183332409583436,0,28,0,2,0,0,14,0,0.0,0.0,16,0.0,0.05000000000000001,-0.05000000000000001,0.6666666666666666,0.07936507936507939,0.5873015873015872,1.0,0.08333333333333334,0.9166666666666666
rel:25,rel:25|cond=rel:25:facilities:anchor,preserve__sigma0p5,preserve,80,0.45,0.1788510987426215,0.7183332409583436,0,70,1,3,0,0,12,0,0.0,0.0,16,0.0,0.07500000000000001,-0.07500000000000001,0.6666666666666666,0.21944444444444444,0.4472222222222222,1.0,0.2833333333333333,0.7166666666666667
rel:25,rel:25|cond=rel:25:facilities:anchor,preserve__sigma1,preserve,40,0.9,0.7582766571931676,0.0,0,40,0,3,0,0,13,0,0.0,0.0,16,0.0,0.07500000000000001,-0.07500000000000001,0.6666666666666666,0.09722222222222224,0.5694444444444444,1.0,0.10833333333333335,0.8916666666666666
rel:25,rel:25|cond=rel:25:facilities:anchor,preserve__sigma1,preserve,80,0.9,0.7582766571931676,0.0,0,74,2,1,0,0,13,0,0.0,0.0,16,0.0,0.07500000000000001,-0.07500000000000001,0.6666666666666666,0.1027777777777778,0.5638888888888889,1.0,0.10833333333333335,0.8916666666666666
rel:25,rel:25|cond=rel:25:facilities:anchor,preserve__tau0p5,preserve,40,0.22499999999999998,0.038051181154637126,0.9151505959607085,0,16,0,1,0,0,15,0,0.0,0.0,16,0.0,0.0,0.0,0.6666666666666666,0.022222222222222227,0.6444444444444444,1.0,0.03333333333333334,0.9666666666666667
rel:25,rel:25|cond=rel:25:facilities:anchor,preserve__tau0p5,preserve,80,0.22499999999999998,0.038051181154637126,0.9151505959607085,0,52,1,1,0,0,14,0,0.0,0.0,16,0.0,0.35,-0.35,0.6666666666666666,0.3784722222222222,0.2881944444444444,1.0,0.3833333333333333,0.6166666666666667
rel:25,rel:25|cond=rel:25:facilities:anchor,preserve__tau0,preserve,40,0.0,0.0,0.6783898247235198,0,29,0,2,0,0,14,0,0.0,0.0,16,0.0,0.0,0.0,0.6666666666666666,0.1388888888888889,0.5277777777777777,1.0,0.20833333333333331,0.7916666666666667
rel:25,rel:25|cond=rel:25:facilities:anchor,preserve__tau0,preserve,80,0.0,0.0,0.6783898247235198,0,65,1,2,0,0,13,0,0.0,0.0,16,0.0,0.5249999999999999,-0.5249999999999999,0.6666666666666666,0.5472222222222222,0.11944444444444446,1.0,0.5583333333333332,0.44166666666666676
rel:25,rel:25|cond=rel:25:facilities:anchor,preserve__tau1,preserve,40,0.44999999999999996,0.1519113671978972,1.0,0,16,0,1,0,0,15,0,0.0,0.0,16,0.0,0.0,0.0,0.6666666666666666,0.022222222222222227,0.6444444444444444,1.0,0.03333333333333334,0.9666666666666667
rel:25,rel:25|cond=rel:25:facilities:anchor,preserve__tau1,preserve,80,0.44999999999999996,0.1519113671978972,1.0,0,45,1,1,0,0,14,0,0.0,0.0,16,0.0,0.05000000000000001,-0.05000000000000001,0.6666666666666666,0.07222222222222224,0.5944444444444443,1.0,0.08333333333333334,0.9166666666666666
rel:25,rel:25|cond=rel:25:facilities:anchor,retrieval_only,retrieval_only,40,,,,2,16,0,1,0,15,0,16,1.0,65.5,16,0.0,0.6166666666666667,-0.6166666666666667,0.6666666666666666,0.7555555555555555,-0.0888888888888889,1.0,0.825,0.17500000000000004
rel:25,rel:25|cond=rel:25:facilities:anchor,retrieval_only,retrieval_only,80,,,,2,33,1,0,0,15,0,16,1.0,65.5,16,0.0,0.6166666666666667,-0.6166666666666667,0.6666666666666666,0.7555555555555555,-0.0888888888888889,1.0,0.825,0.17500000000000004
rel:25,rel:25|cond=rel:25:facilities:anchor,static_conditioned,static_conditioned,40,,,,0,16,0,1,0,0,15,0,0.0,0.0,16,0.0,0.0,0.0,0.6666666666666666,0.022222222222222227,0.6444444444444444,1.0,0.03333333333333334,0.9666666666666667
rel:25,rel:25|cond=rel:25:facilities:anchor,static_conditioned,static_conditioned,80,,,,0,33,1,0,0,0,15,0,0.0,0.0,16,0.0,0.0,0.0,0.6666666666666666,0.022222222222222227,0.6444444444444444,1.0,0.03333333333333334,0.9666666666666667
rel:25,rel:25|cond=rel:25:facilities:anchor,uncertainty_aware__tau0,uncertainty_aware,40,0.0,0.0,0.6783898247235198,0,29,0,2,0,0,14,0,0.0,0.0,16,0.0,0.0,0.0,0.6666666666666666,0.1388888888888889,0.5277777777777777,1.0,0.20833333333333331,0.7916666666666667
rel:25,rel:25|cond=rel:25:facilities:anchor,uncertainty_aware__tau0,uncertainty_aware,80,0.0,0.0,0.6783898247235198,0,65,1,2,0,0,13,0,0.0,0.0,16,0.0,0.5249999999999999,-0.5249999999999999,0.6666666666666666,0.5472222222222222,0.11944444444444446,1.0,0.5583333333333332,0.44166666666666676
rel:25,rel:25|cond=rel:25:facilities:anchor,uncertainty_aware__tau1,uncertainty_aware,40,0.44999999999999996,0.1519113671978972,1.0,2,16,0,1,0,15,0,16,1.0,65.5,16,0.0,0.7916666666666666,-0.7916666666666666,0.6666666666666666,0.8138888888888889,-0.14722222222222225,1.0,0.825,0.17500000000000004
rel:25,rel:25|cond=rel:25:facilities:anchor,uncertainty_aware__tau1,uncertainty_aware,80,0.44999999999999996,0.1519113671978972,1.0,2,33,1,0,0,15,0,16,1.0,65.5,16,0.0,0.6166666666666667,-0.6166666666666667,0.6666666666666666,0.7555555555555555,-0.0888888888888889,1.0,0.825,0.17500000000000004
rel:25,rel:25|cond=rel:25:finance:anchor,blind,blind,40,,,,0,19,0,1,0,0,15,0,0.0,0.0,16,1.0,0.03333333333333334,0.9666666666666667,1.0,0.03333333333333334,0.9666666666666667,1.0,0.03333333333333334,0.9666666666666667
rel:25,rel:25|cond=rel:25:finance:anchor,blind,blind,80,,,,0,73,0,5,0,0,11,0,0.0,0.0,16,1.0,0.3166666666666667,0.6833333333333333,1.0,0.4041666666666667,0.5958333333333333,1.0,0.3166666666666667,0.6833333333333333
rel:25,rel:25|cond=rel:25:finance:anchor,oracle_exact,oracle_exact,40,,,,0,37,0,2,0,0,14,0,0.0,0.0,16,1.0,0.3833333333333333,0.6166666666666667,1.0,0.4533333333333333,0.5466666666666666,1.0,0.3833333333333333,0.6166666666666667
rel:25,rel:25|cond=rel:25:finance:anchor,oracle_exact,oracle_exact,80,,,,0,58,1,1,0,0,14,0,0.0,0.0,16,1.0,0.3833333333333333,0.6166666666666667,1.0,0.4708333333333333,0.5291666666666667,1.0,0.3833333333333333,0.6166666666666667
rel:25,rel:25|cond=rel:25:finance:anchor,pointer__sigma0p5,pointer,40,0.45,0.1788510987426215,0.7183332409583437,2,39,0,1,4,11,0,16,1.0,65.625,16,1.0,0.95,0.050000000000000044,1.0,0.9833333333333334,0.016666666666666607,1.0,1.0,0.0
rel:25,rel:25|cond=rel:25:finance:anchor,pointer__sigma0p5,pointer,80,0.45,0.1788510987426215,0.7183332409583437,2,74,0,1,11,4,0,16,1.0,65.625,16,1.0,0.95,0.050000000000000044,1.0,0.9833333333333334,0.016666666666666607,1.0,1.0,0.0
rel:25,rel:25|cond=rel:25:finance:anchor,pointer__sigma1,pointer,40,0.9,0.7582766571931676,0.0,2,34,0,1,3,12,0,16,1.0,65.625,16,1.0,0.95,0.050000000000000044,1.0,0.9833333333333334,0.016666666666666607,1.0,1.0,0.0
rel:25,rel:25|cond=rel:25:finance:anchor,pointer__sigma1,pointer,80,0.9,0.7582766571931676,0.0,2,34,0,1,3,12,0,16,1.0,65.625,16,1.0,0.95,0.050000000000000044,1.0,0.9833333333333334,0.016666666666666607,1.0,1.0,0.0
rel:25,rel:25|cond=rel:25:finance:anchor,pointer__tau0p5,pointer,40,0.22499999999999998,0.038051181154637126,0.9151505959607087,2,39,0,1,4,11,0,16,1.0,65.625,16,1.0,0.95,0.050000000000000044,1.0,0.9833333333333334,0.016666666666666607,1.0,1.0,0.0
rel:25,rel:25|cond=rel:25:finance:anchor,pointer__tau0p5,pointer,80,0.22499999999999998,0.038051181154637126,0.9151505959607087,2,74,0,1,11,4,0,16,1.0,65.625,16,1.0,0.95,0.050000000000000044,1.0,0.9833333333333334,0.016666666666666607,1.0,1.0,0.0
rel:25,rel:25|cond=rel:25:finance:anchor,pointer__tau0,pointer,40,0.0,0.0,0.6783898247235198,2,39,0,1,4,11,0,16,1.0,65.625,16,1.0,0.95,0.050000000000000044,1.0,0.9833333333333334,0.016666666666666607,1.0,1.0,0.0
rel:25,rel:25|cond=rel:25:finance:anchor,pointer__tau0,pointer,80,0.0,0.0,0.6783898247235198,2,74,0,1,11,4,0,16,1.0,65.625,16,1.0,0.95,0.050000000000000044,1.0,0.9833333333333334,0.016666666666666607,1.0,1.0,0.0
rel:25,rel:25|cond=rel:25:finance:anchor,pointer__tau1,pointer,40,0.44999999999999996,0.1519113671978972,1.0,2,39,0,1,4,11,0,16,1.0,65.625,16,1.0,0.95,0.050000000000000044,1.0,0.9833333333333334,0.016666666666666607,1.0,1.0,0.0
rel:25,rel:25|cond=rel:25:finance:anchor,pointer__tau1,pointer,80,0.44999999999999996,0.1519113671978972,1.0,2,74,0,1,11,4,0,16,1.0,65.625,16,1.0,0.95,0.050000000000000044,1.0,0.9833333333333334,0.016666666666666607,1.0,1.0,0.0
rel:25,rel:25|cond=rel:25:finance:anchor,preserve__sigma0p5,preserve,40,0.45,0.1788510987426215,0.7183332409583437,0,31,0,2,0,0,14,0,0.0,0.0,16,1.0,0.08333333333333334,0.9166666666666666,1.0,0.13333333333333336,0.8666666666666667,1.0,0.08333333333333334,0.9166666666666666
rel:25,rel:25|cond=rel:25:finance:anchor,preserve__sigma0p5,preserve,80,0.45,0.1788510987426215,0.7183332409583437,0,66,1,2,0,0,13,0,0.0,0.0,16,1.0,0.43333333333333335,0.5666666666666667,1.0,0.5033333333333333,0.4966666666666667,1.0,0.43333333333333335,0.5666666666666667
rel:25,rel:25|cond=rel:25:finance:anchor,preserve__sigma1,preserve,40,0.9,0.7582766571931676,0.0,0,31,0,2,0,0,14,0,0.0,0.0,16,1.0,0.08333333333333334,0.9166666666666666,1.0,0.13333333333333336,0.8666666666666667,1.0,0.08333333333333334,0.9166666666666666
rel:25,rel:25|cond=rel:25:finance:anchor,preserve__sigma1,preserve,80,0.9,0.7582766571931676,0.0,0,75,2,1,0,0,13,0,0.0,0.0,16,1.0,0.10833333333333335,0.8916666666666666,1.0,0.17833333333333334,0.8216666666666667,1.0,0.10833333333333335,0.8916666666666666
rel:25,rel:25|cond=rel:25:finance:anchor,preserve__tau0p5,preserve,40,0.22499999999999998,0.038051181154637126,0.9151505959607087,0,19,0,1,0,0,15,0,0.0,0.0,16,1.0,0.03333333333333334,0.9666666666666667,1.0,0.03333333333333334,0.9666666666666667,1.0,0.03333333333333334,0.9666666666666667
rel:25,rel:25|cond=rel:25:finance:anchor,preserve__tau0p5,preserve,80,0.22499999999999998,0.038051181154637126,0.9151505959607087,0,37,0,2,0,0,14,0,0.0,0.0,16,1.0,0.3833333333333333,0.6166666666666667,1.0,0.4533333333333333,0.5466666666666666,1.0,0.3833333333333333,0.6166666666666667
rel:25,rel:25|cond=rel:25:finance:anchor,preserve__tau0,preserve,40,0.0,0.0,0.6783898247235198,0,34,0,2,0,0,14,0,0.0,0.0,16,1.0,0.20833333333333331,0.7916666666666667,1.0,0.2958333333333333,0.7041666666666667,1.0,0.20833333333333331,0.7916666666666667
rel:25,rel:25|cond=rel:25:finance:anchor,preserve__tau0,preserve,80,0.0,0.0,0.6783898247235198,0,58,1,1,0,0,14,0,0.0,0.0,16,1.0,0.3833333333333333,0.6166666666666667,1.0,0.4708333333333333,0.5291666666666667,1.0,0.3833333333333333,0.6166666666666667
rel:25,rel:25|cond=rel:25:finance:anchor,preserve__tau1,preserve,40,0.44999999999999996,0.1519113671978972,1.0,0,19,0,1,0,0,15,0,0.0,0.0,16,1.0,0.03333333333333334,0.9666666666666667,1.0,0.03333333333333334,0.9666666666666667,1.0,0.03333333333333334,0.9666666666666667
rel:25,rel:25|cond=rel:25:finance:anchor,preserve__tau1,preserve,80,0.44999999999999996,0.1519113671978972,1.0,0,73,0,5,0,0,11,0,0.0,0.0,16,1.0,0.2833333333333333,0.7166666666666667,1.0,0.39305555555555555,0.6069444444444445,1.0,0.3166666666666667,0.6833333333333333
rel:25,rel:25|cond=rel:25:finance:anchor,retrieval_only,retrieval_only,40,,,,2,19,0,1,0,15,0,16,1.0,65.625,16,1.0,0.95,0.050000000000000044,1.0,0.9833333333333334,0.016666666666666607,1.0,1.0,0.0
rel:25,rel:25|cond=rel:25:finance:anchor,retrieval_only,retrieval_only,80,,,,2,19,0,1,0,15,0,16,1.0,65.625,16,1.0,0.95,0.050000000000000044,1.0,0.9833333333333334,0.016666666666666607,1.0,1.0,0.0
rel:25,rel:25|cond=rel:25:finance:anchor,static_conditioned,static_conditioned,40,,,,0,19,0,1,0,0,15,0,0.0,0.0,16,1.0,0.03333333333333334,0.9666666666666667,1.0,0.03333333333333334,0.9666666666666667,1.0,0.03333333333333334,0.9666666666666667
rel:25,rel:25|cond=rel:25:finance:anchor,static_conditioned,static_conditioned,80,,,,0,19,0,1,0,0,15,0,0.0,0.0,16,1.0,0.03333333333333334,0.9666666666666667,1.0,0.03333333333333334,0.9666666666666667,1.0,0.03333333333333334,0.9666666666666667
rel:25,rel:25|cond=rel:25:finance:anchor,uncertainty_aware__tau0,uncertainty_aware,40,0.0,0.0,0.6783898247235198,0,34,0,2,0,0,14,0,0.0,0.0,16,1.0,0.20833333333333331,0.7916666666666667,1.0,0.2958333333333333,0.7041666666666667,1.0,0.20833333333333331,0.7916666666666667
rel:25,rel:25|cond=rel:25:finance:anchor,uncertainty_aware__tau0,uncertainty_aware,80,0.0,0.0,0.6783898247235198,0,58,1,1,0,0,14,0,0.0,0.0,16,1.0,0.3833333333333333,0.6166666666666667,1.0,0.4708333333333333,0.5291666666666667,1.0,0.3833333333333333,0.6166666666666667
rel:25,rel:25|cond=rel:25:finance:anchor,uncertainty_aware__tau1,uncertainty_aware,40,0.44999999999999996,0.1519113671978972,1.0,2,19,0,1,0,15,0,16,1.0,65.625,16,1.0,0.95,0.050000000000000044,1.0,0.9833333333333334,0.016666666666666607,1.0,1.0,0.0
rel:25,rel:25|cond=rel:25:finance:anchor,uncertainty_aware__tau1,uncertainty_aware,80,0.44999999999999996,0.1519113671978972,1.0,2,19,0,1,0,15,0,16,1.0,65.625,16,1.0,0.95,0.050000000000000044,1.0,0.9833333333333334,0.016666666666666607,1.0,1.0,0.0
rel:25,rel:25|cond=rel:25:founding:anchor,blind,blind,40,,,,0,12,0,1,0,0,15,0,0.0,0.0,16,1.0,0.03333333333333334,0.9666666666666667,1.0,0.045833333333333344,0.9541666666666666,1.0,0.03333333333333334,0.9666666666666667
rel:25,rel:25|cond=rel:25:founding:anchor,blind,blind,80,,,,0,54,1,2,0,0,13,0,0.0,0.0,16,1.0,0.06666666666666668,0.9333333333333333,1.0,0.09047619047619049,0.9095238095238095,1.0,0.09166666666666669,0.9083333333333333
rel:25,rel:25|cond=rel:25:founding:anchor,oracle_exact,oracle_exact,40,,,,0,28,0,2,0,0,14,0,0.0,0.0,16,1.0,0.03333333333333334,0.9666666666666667,1.0,0.2738095238095238,0.7261904761904763,1.0,0.3833333333333333,0.6166666666666667
rel:25,rel:25|cond=rel:25:founding:anchor,oracle_exact,oracle_exact,80,,,,0,62,2,0,0,0,14,0,0.0,0.0,16,1.0,0.03333333333333334,0.9666666666666667,1.0,0.26666666666666666,0.7333333333333334,1.0,0.3833333333333333,0.6166666666666667
rel:25,rel:25|cond=rel:25:founding:anchor,pointer__sigma0p5,pointer,40,0.45,0.1788510987426215,0.7183332409583436,2,37,0,1,5,10,0,16,1.0,66.5,16,1.0,0.625,0.375,1.0,0.8583333333333333,0.14166666666666672,1.0,0.975,0.025000000000000022
rel:25,rel:25|cond=rel:25:founding:anchor,pointer__sigma0p5,pointer,80,0.45,0.1788510987426215,0.7183332409583436,2,79,1,0,10,5,0,16,1.0,66.5,16,1.0,0.625,0.375,1.0,0.8583333333333333,0.14166666666666672,1.0,0.975,0.025000000000000022
rel:25,rel:25|cond=rel:25:founding:anchor,pointer__sigma1,pointer,40,0.9,0.7582766571931676,0.0,2,22,0,1,2,13,0,16,1.0,66.5,16,1.0,0.625,0.375,1.0,0.8583333333333333,0.14166666666666672,1.0,0.975,0.025000000000000022
rel:25,rel:25|cond=rel:25:founding:anchor,pointer__sigma1,pointer,80,0.9,0.7582766571931676,0.0,2,39,1,0,2,13,0,16,1.0,66.5,16,1.0,0.625,0.375,1.0,0.8583333333333333,0.14166666666666672,1.0,0.975,0.025000000000000022
rel:25,rel:25|cond=rel:25:founding:anchor,pointer__tau0p5,pointer,40,0.22499999999999998,0.03805118115463712,0.9151505959607085,2,37,0,1,5,10,0,16,1.0,66.5,16,1.0,0.625,0.375,1.0,0.8583333333333333,0.14166666666666672,1.0,0.975,0.025000000000000022
rel:25,rel:25|cond=rel:25:founding:anchor,pointer__tau0p5,pointer,80,0.22499999999999998,0.03805118115463712,0.9151505959607085,2,79,1,0,10,5,0,16,1.0,66.5,16,1.0,0.625,0.375,1.0,0.8583333333333333,0.14166666666666672,1.0,0.975,0.025000000000000022
rel:25,rel:25|cond=rel:25:founding:anchor,pointer__tau0,pointer,40,0.0,0.0,0.6783898247235198,2,37,0,1,5,10,0,16,1.0,66.5,16,1.0,0.625,0.375,1.0,0.8583333333333333,0.14166666666666672,1.0,0.975,0.025000000000000022
rel:25,rel:25|cond=rel:25:founding:anchor,pointer__tau0,pointer,80,0.0,0.0,0.6783898247235198,2,79,1,0,10,5,0,16,1.0,66.5,16,1.0,0.625,0.375,1.0,0.8583333333333333,0.14166666666666672,1.0,0.975,0.025000000000000022
rel:25,rel:25|cond=rel:25:founding:anchor,pointer__tau1,pointer,40,0.44999999999999996,0.15191136719789716,1.0,2,37,0,1,5,10,0,16,1.0,66.5,16,1.0,0.625,0.375,1.0,0.8583333333333333,0.14166666666666672,1.0,0.975,0.025000000000000022
rel:25,rel:25|cond=rel:25:founding:anchor,pointer__tau1,pointer,80,0.44999999999999996,0.15191136719789716,1.0,2,79,1,0,10,5,0,16,1.0,66.5,16,1.0,0.625,0.375,1.0,0.8583333333333333,0.14166666666666672,1.0,0.975,0.025000000000000022
rel:25,rel:25|cond=rel:25:founding:anchor,preserve__sigma0p5,preserve,40,0.45,0.1788510987426215,0.7183332409583436,0,24,0,2,0,0,14,0,0.0,0.0,16,1.0,0.06666666666666668,0.9333333333333333,1.0,0.06666666666666668,0.9333333333333333,1.0,0.06666666666666668,0.9333333333333333
rel:25,rel:25|cond=rel:25:founding:anchor,preserve__sigma0p5,preserve,80,0.45,0.1788510987426215,0.7183332409583436,0,70,2,1,0,0,13,0,0.0,0.0,16,1.0,0.24166666666666667,0.7583333333333333,1.0,0.24166666666666667,0.7583333333333333,1.0,0.24166666666666667,0.7583333333333333
rel:25,rel:25|cond=rel:25:founding:anchor,preserve__sigma1,preserve,40,0.9,0.7582766571931676,0.0,0,39,1,1,0,0,14,0,0.0,0.0,16,1.0,0.06666666666666668,0.9333333333333333,1.0,0.06666666666666668,0.9333333333333333,1.0,0.06666666666666668,0.9333333333333333
rel:25,rel:25|cond=rel:25:founding:anchor,preserve__sigma1,preserve,80,0.9,0.7582766571931676,0.0,0,75,2,1,0,0,13,0,0.0,0.0,16,1.0,0.10000000000000002,0.9,1.0,0.10000000000000002,0.9,1.0,0.10000000000000002,0.9
rel:25,rel:25|cond=rel:25:founding:anchor,preserve__tau0p5,preserve,40,0.22499999999999998,0.03805118115463712,0.9151505959607085,0,12,0,1,0,0,15,0,0.0,0.0,16,1.0,0.03333333333333334,0.9666666666666667,1.0,0.045833333333333344,0.9541666666666666,1.0,0.03333333333333334,0.9666666666666667
rel:25,rel:25|cond=rel:25:founding:anchor,preserve__tau0p5,preserve,80,0.22499999999999998,0.03805118115463712,0.9151505959607085,0,43,1,1,0,0,14,0,0.0,0.0,16,1.0,0.20833333333333331,0.7916666666666667,1.0,0.20833333333333331,0.7916666666666667,1.0,0.20833333333333331,0.7916666666666667
rel:25,rel:25|cond=rel:25:founding:anchor,preserve__tau0,preserve,40,0.0,0.0,0.6783898247235198,0,26,0,2,0,0,14,0,0.0,0.0,16,1.0,0.20833333333333331,0.7916666666666667,1.0,0.20833333333333331,0.7916666666666667,1.0,0.20833333333333331,0.7916666666666667
rel:25,rel:25|cond=rel:25:founding:anchor,preserve__tau0,preserve,80,0.0,0.0,0.6783898247235198,0,63,2,0,0,0,14,0,0.0,0.0,16,1.0,0.20833333333333331,0.7916666666666667,1.0,0.20833333333333331,0.7916666666666667,1.0,0.20833333333333331,0.7916666666666667
rel:25,rel:25|cond=rel:25:founding:anchor,preserve__tau1,preserve,40,0.44999999999999996,0.15191136719789716,1.0,0,12,0,1,0,0,15,0,0.0,0.0,16,1.0,0.03333333333333334,0.9666666666666667,1.0,0.045833333333333344,0.9541666666666666,1.0,0.03333333333333334,0.9666666666666667
rel:25,rel:25|cond=rel:25:founding:anchor,preserve__tau1,preserve,80,0.44999999999999996,0.15191136719789716,1.0,0,54,1,2,0,0,13,0,0.0,0.0,16,1.0,0.06666666666666668,0.9333333333333333,1.0,0.09047619047619049,0.9095238095238095,1.0,0.09166666666666669,0.9083333333333333
rel:25,rel:25|cond=rel:25:founding:anchor,retrieval_only,retrieval_only,40,,,,2,12,0,1,0,15,0,16,1.0,66.5,16,1.0,0.625,0.375,1.0,0.8583333333333333,0.14166666666666672,1.0,0.975,0.025000000000000022
rel:25,rel:25|cond=rel:25:founding:anchor,retrieval_only,retrieval_only,80,,,,2,29,1,0,0,15,0,16,1.0,66.5,16,1.0,0.625,0.375,1.0,0.8583333333333333,0.14166666666666672,1.0,0.975,0.025000000000000022
rel:25,rel:25|cond=rel:25:founding:anchor,static_conditioned,static_conditioned,40,,,,0,12,0,1,0,0,15,0,0.0,0.0,16,1.0,0.03333333333333334,0.9666666666666667,1.0,0.045833333333333344,0.9541666666666666,1.0,0.03333333333333334,0.9666666666666667
rel:25,rel:25|cond=rel:25:founding:anchor,static_conditioned,static_conditioned,80,,,,0,29,1,0,0,0,15,0,0.0,0.0,16,1.0,0.03333333333333334,0.9666666666666667,1.0,0.03333333333333334,0.9666666666666667,1.0,0.03333333333333334,0.9666666666666667
rel:25,rel:25|cond=rel:25:founding:anchor,uncertainty_aware__tau0,uncertainty_aware,40,0.0,0.0,0.6783898247235198,0,26,0,2,0,0,14,0,0.0,0.0,16,1.0,0.20833333333333331,0.7916666666666667,1.0,0.20833333333333331,0.7916666666666667,1.0,0.20833333333333331,0.7916666666666667
rel:25,rel:25|cond=rel:25:founding:anchor,uncertainty_aware__tau0,uncertainty_aware,80,0.0,0.0,0.6783898247235198,0,63,2,0,0,0,14,0,0.0,0.0,16,1.0,0.20833333333333331,0.7916666666666667,1.0,0.20833333333333331,0.7916666666666667,1.0,0.20833333333333331,0.7916666666666667
rel:25,rel:25|cond=rel:25:founding:anchor,uncertainty_aware__tau1,uncertainty_aware,40,0.44999999999999996,0.15191136719789716,1.0,2,12,0,1,0,15,0,16,1.0,66.5,16,1.0,0.625,0.375,1.0,0.8583333333333333,0.14166666666666672,1.0,0.975,0.025000000000000022
rel:25,rel:25|cond=rel:25:founding:anchor,uncertainty_aware__tau1,uncertainty_aware,80,0.44999999999999996,0.15191136719789716,1.0,2,29,1,0,0,15,0,16,1.0,66.5,16,1.0,0.625,0.375,1.0,0.8583333333333333,0.14166666666666672,1.0,0.975,0.025000000000000022
rel:28,rel:28|cond=rel:28:custom:anchor,blind,blind,40,,,,0,14,0,1,0,0,15,0,0.0,0.0,16,1.0,0.03333333333333334,0.9666666666666667,1.0,0.03333333333333334,0.9666666666666667,1.0,0.03333333333333334,0.9666666666666667
rel:28,rel:28|cond=rel:28:custom:anchor,blind,blind,80,,,,0,76,1,4,0,0,11,0,0.0,0.0,16,1.0,0.1166666666666667,0.8833333333333333,1.0,0.21666666666666667,0.7833333333333333,1.0,0.3166666666666667,0.6833333333333333
rel:28,rel:28|cond=rel:28:custom:anchor,oracle_exact,oracle_exact,40,,,,0,29,0,2,0,0,14,0,0.0,0.0,16,1.0,0.3833333333333333,0.6166666666666667,1.0,0.39285714285714285,0.6071428571428572,1.0,0.3833333333333333,0.6166666666666667
rel:28,rel:28|cond=rel:28:custom:anchor,oracle_exact,oracle_exact,80,,,,0,61,2,0,0,0,14,0,0.0,0.0,16,1.0,0.3833333333333333,0.6166666666666667,1.0,0.3958333333333333,0.6041666666666667,1.0,0.3833333333333333,0.6166666666666667
rel:28,rel:28|cond=rel:28:custom:anchor,pointer__sigma0p5,pointer,40,0.45,0.1788510987426215,0.7183332409583436,2,39,0,1,5,10,0,16,1.0,56.125,16,1.0,0.7999999999999999,0.20000000000000007,1.0,0.9,0.09999999999999998,1.0,1.0,0.0
rel:28,rel:28|cond=rel:28:custom:anchor,pointer__sigma0p5,pointer,80,0.45,0.1788510987426215,0.7183332409583436,2,78,1,0,10,5,0,16,1.0,56.125,16,1.0,0.7999999999999999,0.20000000000000007,1.0,0.9,0.09999999999999998,1.0,1.0,0.0
rel:28,rel:28|cond=rel:28:custom:anchor,pointer__sigma1,pointer,40,0.9,0.7582766571931676,0.0,2,29,0,1,3,12,0,16,1.0,56.125,16,1.0,0.7999999999999999,0.20000000000000007,1.0,0.9,0.09999999999999998,1.0,1.0,0.0
rel:28,rel:28|cond=rel:28:custom:anchor,pointer__sigma1,pointer,80,0.9,0.7582766571931676,0.0,2,43,1,0,3,12,0,16,1.0,56.125,16,1.0,0.7999999999999999,0.20000000000000007,1.0,0.9,0.09999999999999998,1.0,1.0,0.0
rel:28,rel:28|cond=rel:28:custom:anchor,pointer__tau0p5,pointer,40,0.22499999999999998,0.03805118115463712,0.9151505959607085,2,39,0,1,5,10,0,16,1.0,56.125,16,1.0,0.7999999999999999,0.20000000000000007,1.0,0.9,0.09999999999999998,1.0,1.0,0.0
rel:28,rel:28|cond=rel:28:custom:anchor,pointer__tau0p5,pointer,80,0.22499999999999998,0.03805118115463712,0.9151505959607085,2,78,1,0,10,5,0,16,1.0,56.125,16,1.0,0.7999999999999999,0.20000000000000007,1.0,0.9,0.09999999999999998,1.0,1.0,0.0
rel:28,rel:28|cond=rel:28:custom:anchor,pointer__tau0,pointer,40,0.0,0.0,0.6783898247235198,2,39,0,1,5,10,0,16,1.0,56.125,16,1.0,0.7999999999999999,0.20000000000000007,1.0,0.9,0.09999999999999998,1.0,1.0,0.0
rel:28,rel:28|cond=rel:28:custom:anchor,pointer__tau0,pointer,80,0.0,0.0,0.6783898247235198,2,78,1,0,10,5,0,16,1.0,56.125,16,1.0,0.7999999999999999,0.20000000000000007,1.0,0.9,0.09999999999999998,1.0,1.0,0.0
rel:28,rel:28|cond=rel:28:custom:anchor,pointer__tau1,pointer,40,0.44999999999999996,0.15191136719789716,1.0,2,39,0,1,5,10,0,16,1.0,56.125,16,1.0,0.7999999999999999,0.20000000000000007,1.0,0.9,0.09999999999999998,1.0,1.0,0.0
rel:28,rel:28|cond=rel:28:custom:anchor,pointer__tau1,pointer,80,0.44999999999999996,0.15191136719789716,1.0,2,78,1,0,10,5,0,16,1.0,56.125,16,1.0,0.7999999999999999,0.20000000000000007,1.0,0.9,0.09999999999999998,1.0,1.0,0.0
rel:28,rel:28|cond=rel:28:custom:anchor,preserve__sigma0p5,preserve,40,0.45,0.1788510987426215,0.7183332409583436,0,26,0,2,0,0,14,0,0.0,0.0,16,1.0,0.03333333333333334,0.9666666666666667,1.0,0.045833333333333344,0.9541666666666666,1.0,0.05833333333333335,0.9416666666666667
rel:28,rel:28|cond=rel:28:custom:anchor,preserve__sigma0p5,preserve,80,0.45,0.1788510987426215,0.7183332409583436,0,61,1,2,0,0,13,0,0.0,0.0,16,1.0,0.43333333333333335,0.5666666666666667,1.0,0.43333333333333335,0.5666666666666667,1.0,0.43333333333333335,0.5666666666666667
rel:28,rel:28|cond=rel:28:custom:anchor,preserve__sigma1,preserve,40,0.9,0.7582766571931676,0.0,0,32,0,2,0,0,14,0,0.0,0.0,16,1.0,0.08333333333333334,0.9166666666666666,1.0,0.08333333333333334,0.9166666666666666,1.0,0.08333333333333334,0.9166666666666666
rel:28,rel:28|cond=rel:28:custom:anchor,preserve__sigma1,preserve,80,0.9,0.7582766571931676,0.0,0,75,2,1,0,0,13,0,0.0,0.0,16,1.0,0.08333333333333334,0.9166666666666666,1.0,0.08333333333333334,0.9166666666666666,1.0,0.10833333333333335,0.8916666666666666
rel:28,rel:28|cond=rel:28:custom:anchor,preserve__tau0p5,preserve,40,0.22499999999999998,0.03805118115463712,0.9151505959607085,0,26,0,2,0,0,14,0,0.0,0.0,16,1.0,0.03333333333333334,0.9666666666666667,1.0,0.12083333333333333,0.8791666666666667,1.0,0.20833333333333331,0.7916666666666667
rel:28,rel:28|cond=rel:28:custom:anchor,preserve__tau0p5,preserve,80,0.22499999999999998,0.03805118115463712,0.9151505959607085,0,51,1,2,0,0,13,0,0.0,0.0,16,1.0,0.4083333333333333,0.5916666666666667,1.0,0.42083333333333334,0.5791666666666666,1.0,0.4083333333333333,0.5916666666666667
rel:28,rel:28|cond=rel:28:custom:anchor,preserve__tau0,preserve,40,0.0,0.0,0.6783898247235198,0,29,0,2,0,0,14,0,0.0,0.0,16,1.0,0.3833333333333333,0.6166666666666667,1.0,0.3833333333333333,0.6166666666666667,1.0,0.3833333333333333,0.6166666666666667
rel:28,rel:28|cond=rel:28:custom:anchor,preserve__tau0,preserve,80,0.0,0.0,0.6783898247235198,0,61,2,0,0,0,14,0,0.0,0.0,16,1.0,0.3833333333333333,0.6166666666666667,1.0,0.3958333333333333,0.6041666666666667,1.0,0.3833333333333333,0.6166666666666667
rel:28,rel:28|cond=rel:28:custom:anchor,preserve__tau1,preserve,40,0.44999999999999996,0.15191136719789716,1.0,0,14,0,1,0,0,15,0,0.0,0.0,16,1.0,0.03333333333333334,0.9666666666666667,1.0,0.03333333333333334,0.9666666666666667,1.0,0.03333333333333334,0.9666666666666667
rel:28,rel:28|cond=rel:28:custom:anchor,preserve__tau1,preserve,80,0.44999999999999996,0.15191136719789716,1.0,0,76,1,4,0,0,11,0,0.0,0.0,16,1.0,0.1166666666666667,0.8833333333333333,1.0,0.21666666666666667,0.7833333333333333,1.0,0.3166666666666667,0.6833333333333333
rel:28,rel:28|cond=rel:28:custom:anchor,retrieval_only,retrieval_only,40,,,,2,14,0,1,0,15,0,16,1.0,56.125,16,1.0,0.7999999999999999,0.20000000000000007,1.0,0.9,0.09999999999999998,1.0,1.0,0.0
rel:28,rel:28|cond=rel:28:custom:anchor,retrieval_only,retrieval_only,80,,,,2,28,1,0,0,15,0,16,1.0,56.125,16,1.0,0.7999999999999999,0.20000000000000007,1.0,0.9,0.09999999999999998,1.0,1.0,0.0
rel:28,rel:28|cond=rel:28:custom:anchor,static_conditioned,static_conditioned,40,,,,0,14,0,1,0,0,15,0,0.0,0.0,16,1.0,0.03333333333333334,0.9666666666666667,1.0,0.03333333333333334,0.9666666666666667,1.0,0.03333333333333334,0.9666666666666667
rel:28,rel:28|cond=rel:28:custom:anchor,static_conditioned,static_conditioned,80,,,,0,28,1,0,0,0,15,0,0.0,0.0,16,1.0,0.03333333333333334,0.9666666666666667,1.0,0.045833333333333344,0.9541666666666666,1.0,0.03333333333333334,0.9666666666666667
rel:28,rel:28|cond=rel:28:custom:anchor,uncertainty_aware__tau0,uncertainty_aware,40,0.0,0.0,0.6783898247235198,0,29,0,2,0,0,14,0,0.0,0.0,16,1.0,0.3833333333333333,0.6166666666666667,1.0,0.39285714285714285,0.6071428571428572,1.0,0.3833333333333333,0.6166666666666667
rel:28,rel:28|cond=rel:28:custom:anchor,uncertainty_aware__tau0,uncertainty_aware,80,0.0,0.0,0.6783898247235198,0,61,2,0,0,0,14,0,0.0,0.0,16,1.0,0.3833333333333333,0.6166666666666667,1.0,0.3958333333333333,0.6041666666666667,1.0,0.3833333333333333,0.6166666666666667
rel:28,rel:28|cond=rel:28:custom:anchor,uncertainty_aware__tau1,uncertainty_aware,40,0.44999999999999996,0.15191136719789716,1.0,2,14,0,1,0,15,0,16,1.0,56.125,16,1.0,0.7999999999999999,0.20000000000000007,1.0,0.9,0.09999999999999998,1.0,1.0,0.0
rel:28,rel:28|cond=rel:28:custom:anchor,uncertainty_aware__tau1,uncertainty_aware,80,0.44999999999999996,0.15191136719789716,1.0,2,28,1,0,0,15,0,16,1.0,56.125,16,1.0,0.7999999999999999,0.20000000000000007,1.0,0.9,0.09999999999999998,1.0,1.0,0.0
rel:28,rel:28|cond=rel:28:facilities:anchor,blind,blind,40,,,,0,18,0,1,0,0,15,0,0.0,0.0,16,1.0,0.03333333333333334,0.9666666666666667,1.0,0.03333333333333334,0.9666666666666667,1.0,0.03333333333333334,0.9666666666666667
rel:28,rel:28|cond=rel:28:facilities:anchor,blind,blind,80,,,,0,43,1,1,0,0,14,0,0.0,0.0,16,1.0,0.20833333333333331,0.7916666666666667,1.0,0.20833333333333331,0.7916666666666667,1.0,0.20833333333333331,0.7916666666666667
rel:28,rel:28|cond=rel:28:facilities:anchor,oracle_exact,oracle_exact,40,,,,0,30,0,2,0,0,14,0,0.0,0.0,16,1.0,0.3833333333333333,0.6166666666666667,1.0,0.3833333333333333,0.6166666666666667,1.0,0.3833333333333333,0.6166666666666667
rel:28,rel:28|cond=rel:28:facilities:anchor,oracle_exact,oracle_exact,80,,,,0,60,2,0,0,0,14,0,0.0,0.0,16,1.0,0.3833333333333333,0.6166666666666667,1.0,0.3893939393939394,0.6106060606060606,1.0,0.3833333333333333,0.6166666666666667
rel:28,rel:28|cond=rel:28:facilities:anchor,pointer__sigma0p5,pointer,40,0.45,0.1788510987426215,0.7183332409583436,2,38,0,1,4,11,0,16,1.0,55.625,16,1.0,0.9416666666666667,0.05833333333333335,1.0,0.9708333333333333,0.029166666666666674,1.0,1.0,0.0
rel:28,rel:28|cond=rel:28:facilities:anchor,pointer__sigma0p5,pointer,80,0.45,0.1788510987426215,0.7183332409583436,2,80,1,0,9,6,0,16,1.0,55.625,16,1.0,0.9416666666666667,0.05833333333333335,1.0,0.9708333333333333,0.029166666666666674,1.0,1.0,0.0
rel:28,rel:28|cond=rel:28:facilities:anchor,pointer__sigma1,pointer,40,0.9,0.7582766571931676,0.0,2,33,0,1,3,12,0,16,1.0,55.625,16,1.0,0.9416666666666667,0.05833333333333335,1.0,0.9708333333333333,0.029166666666666674,1.0,1.0,0.0
rel:28,rel:28|cond=rel:28:facilities:anchor,pointer__sigma1,pointer,80,0.9,0.7582766571931676,0.0,2,50,1,0,3,12,0,16,1.0,55.625,16,1.0,0.9416666666666667,0.05833333333333335,1.0,0.9708333333333333,0.029166666666666674,1.0,1.0,0.0
rel:28,rel:28|cond=rel:28:facilities:anchor,pointer__tau0p5,pointer,40,0.22499999999999998,0.038051181154637126,0.9151505959607085,2,38,0,1,4,11,0,16,1.0,55.625,16,1.0,0.9416666666666667,0.05833333333333335,1.0,0.9708333333333333,0.029166666666666674,1.0,1.0,0.0
rel:28,rel:28|cond=rel:28:facilities:anchor,pointer__tau0p5,pointer,80,0.22499999999999998,0.038051181154637126,0.9151505959607085,2,80,1,0,9,6,0,16,1.0,55.625,16,1.0,0.9416666666666667,0.05833333333333335,1.0,0.9708333333333333,0.029166666666666674,1.0,1.0,0.0
rel:28,rel:28|cond=rel:28:facilities:anchor,pointer__tau0,pointer,40,0.0,0.0,0.6783898247235198,2,38,0,1,4,11,0,16,1.0,55.625,16,1.0,0.9416666666666667,0.05833333333333335,1.0,0.9708333333333333,0.029166666666666674,1.0,1.0,0.0
rel:28,rel:28|cond=rel:28:facilities:anchor,pointer__tau0,pointer,80,0.0,0.0,0.6783898247235198,2,80,1,0,9,6,0,16,1.0,55.625,16,1.0,0.9416666666666667,0.05833333333333335,1.0,0.9708333333333333,0.029166666666666674,1.0,1.0,0.0
rel:28,rel:28|cond=rel:28:facilities:anchor,pointer__tau1,pointer,40,0.44999999999999996,0.1519113671978972,1.0,2,38,0,1,4,11,0,16,1.0,55.625,16,1.0,0.9416666666666667,0.05833333333333335,1.0,0.9708333333333333,0.029166666666666674,1.0,1.0,0.0
rel:28,rel:28|cond=rel:28:facilities:anchor,pointer__tau1,pointer,80,0.44999999999999996,0.1519113671978972,1.0,2,80,1,0,9,6,0,16,1.0,55.625,16,1.0,0.9416666666666667,0.05833333333333335,1.0,0.9708333333333333,0.029166666666666674,1.0,1.0,0.0
rel:28,rel:28|cond=rel:28:facilities:anchor,preserve__sigma0p5,preserve,40,0.45,0.1788510987426215,0.7183332409583436,0,38,0,3,0,0,13,0,0.0,0.0,16,1.0,0.20833333333333331,0.7916666666666667,1.0,0.22083333333333333,0.7791666666666667,1.0,0.23333333333333334,0.7666666666666666
rel:28,rel:28|cond=rel:28:facilities:anchor,preserve__sigma0p5,preserve,80,0.45,0.1788510987426215,0.7183332409583436,0,62,1,2,0,0,13,0,0.0,0.0,16,1.0,0.43333333333333335,0.5666666666666667,1.0,0.4529761904761905,0.5470238095238096,1.0,0.43333333333333335,0.5666666666666667
rel:28,rel:28|cond=rel:28:facilities:anchor,preserve__sigma1,preserve,40,0.9,0.7582766571931676,0.0,0,33,0,2,0,0,14,0,0.0,0.0,16,1.0,0.08333333333333334,0.9166666666666666,1.0,0.11130952380952383,0.8886904761904761,1.0,0.08333333333333334,0.9166666666666666
rel:28,rel:28|cond=rel:28:facilities:anchor,preserve__sigma1,preserve,80,0.9,0.7582766571931676,0.0,0,80,2,1,0,0,13,0,0.0,0.0,16,1.0,0.08333333333333334,0.9166666666666666,1.0,0.11130952380952383,0.8886904761904761,1.0,0.10833333333333335,0.8916666666666666
rel:28,rel:28|cond=rel:28:facilities:anchor,preserve__tau0p5,preserve,40,0.22499999999999998,0.038051181154637126,0.9151505959607085,0,26,0,2,0,0,14,0,0.0,0.0,16,1.0,0.20833333333333331,0.7916666666666667,1.0,0.2154761904761905,0.7845238095238095,1.0,0.20833333333333331,0.7916666666666667
rel:28,rel:28|cond=rel:28:facilities:anchor,preserve__tau0p5,preserve,80,0.22499999999999998,0.038051181154637126,0.9151505959607085,0,55,1,2,0,0,13,0,0.0,0.0,16,1.0,0.5583333333333332,0.44166666666666676,1.0,0.5583333333333332,0.44166666666666676,1.0,0.5583333333333332,0.44166666666666676
rel:28,rel:28|cond=rel:28:facilities:anchor,preserve__tau0,preserve,40,0.0,0.0,0.6783898247235198,0,30,0,2,0,0,14,0,0.0,0.0,16,1.0,0.3833333333333333,0.6166666666666667,1.0,0.3833333333333333,0.6166666666666667,1.0,0.3833333333333333,0.6166666666666667
rel:28,rel:28|cond=rel:28:facilities:anchor,preserve__tau0,preserve,80,0.0,0.0,0.6783898247235198,0,60,2,0,0,0,14,0,0.0,0.0,16,1.0,0.3833333333333333,0.6166666666666667,1.0,0.3833333333333333,0.6166666666666667,1.0,0.3833333333333333,0.6166666666666667
rel:28,rel:28|cond=rel:28:facilities:anchor,preserve__tau1,preserve,40,0.44999999999999996,0.1519113671978972,1.0,0,18,0,1,0,0,15,0,0.0,0.0,16,1.0,0.03333333333333334,0.9666666666666667,1.0,0.03333333333333334,0.9666666666666667,1.0,0.03333333333333334,0.9666666666666667
rel:28,rel:28|cond=rel:28:facilities:anchor,preserve__tau1,preserve,80,0.44999999999999996,0.1519113671978972,1.0,0,43,1,1,0,0,14,0,0.0,0.0,16,1.0,0.20833333333333331,0.7916666666666667,1.0,0.20833333333333331,0.7916666666666667,1.0,0.20833333333333331,0.7916666666666667
rel:28,rel:28|cond=rel:28:facilities:anchor,retrieval_only,retrieval_only,40,,,,2,18,0,1,0,15,0,16,1.0,55.625,16,1.0,0.9416666666666667,0.05833333333333335,1.0,0.9708333333333333,0.029166666666666674,1.0,1.0,0.0
rel:28,rel:28|cond=rel:28:facilities:anchor,retrieval_only,retrieval_only,80,,,,2,35,1,0,0,15,0,16,1.0,55.625,16,1.0,0.9416666666666667,0.05833333333333335,1.0,0.9708333333333333,0.029166666666666674,1.0,1.0,0.0
rel:28,rel:28|cond=rel:28:facilities:anchor,static_conditioned,static_conditioned,40,,,,0,18,0,1,0,0,15,0,0.0,0.0,16,1.0,0.03333333333333334,0.9666666666666667,1.0,0.040476190476190485,0.9595238095238096,1.0,0.03333333333333334,0.9666666666666667
rel:28,rel:28|cond=rel:28:facilities:anchor,static_conditioned,static_conditioned,80,,,,0,35,1,0,0,0,15,0,0.0,0.0,16,1.0,0.03333333333333334,0.9666666666666667,1.0,0.05000000000000001,0.95,1.0,0.03333333333333334,0.9666666666666667
rel:28,rel:28|cond=rel:28:facilities:anchor,uncertainty_aware__tau0,uncertainty_aware,40,0.0,0.0,0.6783898247235198,0,30,0,2,0,0,14,0,0.0,0.0,16,1.0,0.3833333333333333,0.6166666666666667,1.0,0.3833333333333333,0.6166666666666667,1.0,0.3833333333333333,0.6166666666666667
rel:28,rel:28|cond=rel:28:facilities:anchor,uncertainty_aware__tau0,uncertainty_aware,80,0.0,0.0,0.6783898247235198,0,60,2,0,0,0,14,0,0.0,0.0,16,1.0,0.3833333333333333,0.6166666666666667,1.0,0.3893939393939394,0.6106060606060606,1.0,0.3833333333333333,0.6166666666666667
rel:28,rel:28|cond=rel:28:facilities:anchor,uncertainty_aware__tau1,uncertainty_aware,40,0.44999999999999996,0.1519113671978972,1.0,2,18,0,1,0,15,0,16,1.0,55.625,16,1.0,0.9416666666666667,0.05833333333333335,1.0,0.9708333333333333,0.029166666666666674,1.0,1.0,0.0
rel:28,rel:28|cond=rel:28:facilities:anchor,uncertainty_aware__tau1,uncertainty_aware,80,0.44999999999999996,0.1519113671978972,1.0,2,35,1,0,0,15,0,16,1.0,55.625,16,1.0,0.9416666666666667,0.05833333333333335,1.0,0.9708333333333333,0.029166666666666674,1.0,1.0,0.0
rel:28,rel:28|cond=rel:28:finance:anchor,blind,blind,40,,,,0,12,0,1,0,0,15,0,0.0,0.0,16,1.0,0.03333333333333334,0.9666666666666667,1.0,0.12083333333333333,0.8791666666666667,1.0,0.03333333333333334,0.9666666666666667
rel:28,rel:28|cond=rel:28:finance:anchor,blind,blind,80,,,,0,71,1,4,0,0,11,0,0.0,0.0,16,1.0,0.41666666666666663,0.5833333333333334,1.0,0.44166666666666665,0.5583333333333333,1.0,0.4666666666666667,0.5333333333333333
rel:28,rel:28|cond=rel:28:finance:anchor,oracle_exact,oracle_exact,40,,,,0,40,1,1,0,0,14,0,0.0,0.0,16,1.0,0.3833333333333333,0.6166666666666667,1.0,0.3958333333333333,0.6041666666666667,1.0,0.3833333333333333,0.6166666666666667
rel:28,rel:28|cond=rel:28:finance:anchor,oracle_exact,oracle_exact,80,,,,0,53,2,0,0,0,14,0,0.0,0.0,16,1.0,0.3833333333333333,0.6166666666666667,1.0,0.3833333333333333,0.6166666666666667,1.0,0.4083333333333333,0.5916666666666667
rel:28,rel:28|cond=rel:28:finance:anchor,pointer__sigma0p5,pointer,40,0.45,0.1788510987426215,0.7183332409583437,2,37,0,1,5,10,0,16,1.0,57.3125,16,1.0,0.95,0.050000000000000044,1.0,0.975,0.025000000000000022,1.0,1.0,0.0
rel:28,rel:28|cond=rel:28:finance:anchor,pointer__sigma0p5,pointer,80,0.45,0.1788510987426215,0.7183332409583437,2,80,1,0,11,4,0,16,1.0,57.3125,16,1.0,0.95,0.050000000000000044,1.0,0.975,0.025000000000000022,1.0,1.0,0.0
rel:28,rel:28|cond=rel:28:finance:anchor,pointer__sigma1,pointer,40,0.9,0.7582766571931676,0.0,2,27,0,1,3,12,0,16,1.0,57.3125,16,1.0,0.95,0.050000000000000044,1.0,0.975,0.025000000000000022,1.0,1.0,0.0
rel:28,rel:28|cond=rel:28:finance:anchor,pointer__sigma1,pointer,80,0.9,0.7582766571931676,0.0,2,40,1,0,3,12,0,16,1.0,57.3125,16,1.0,0.95,0.050000000000000044,1.0,0.975,0.025000000000000022,1.0,1.0,0.0
rel:28,rel:28|cond=rel:28:finance:anchor,pointer__tau0p5,pointer,40,0.22499999999999998,0.038051181154637126,0.9151505959607087,2,37,0,1,5,10,0,16,1.0,57.3125,16,1.0,0.95,0.050000000000000044,1.0,0.975,0.025000000000000022,1.0,1.0,0.0
rel:28,rel:28|cond=rel:28:finance:anchor,pointer__tau0p5,pointer,80,0.22499999999999998,0.038051181154637126,0.9151505959607087,2,80,1,0,11,4,0,16,1.0,57.3125,16,1.0,0.95,0.050000000000000044,1.0,0.975,0.025000000000000022,1.0,1.0,0.0
rel:28,rel:28|cond=rel:28:finance:anchor,pointer__tau0,pointer,40,0.0,0.0,0.6783898247235198,2,37,0,1,5,10,0,16,1.0,57.3125,16,1.0,0.95,0.050000000000000044,1.0,0.975,0.025000000000000022,1.0,1.0,0.0
rel:28,rel:28|cond=rel:28:finance:anchor,pointer__tau0,pointer,80,0.0,0.0,0.6783898247235198,2,80,1,0,11,4,0,16,1.0,57.3125,16,1.0,0.95,0.050000000000000044,1.0,0.975,0.025000000000000022,1.0,1.0,0.0
rel:28,rel:28|cond=rel:28:finance:anchor,pointer__tau1,pointer,40,0.44999999999999996,0.1519113671978972,1.0,2,37,0,1,5,10,0,16,1.0,57.3125,16,1.0,0.95,0.050000000000000044,1.0,0.975,0.025000000000000022,1.0,1.0,0.0
rel:28,rel:28|cond=rel:28:finance:anchor,pointer__tau1,pointer,80,0.44999999999999996,0.1519113671978972,1.0,2,80,1,0,11,4,0,16,1.0,57.3125,16,1.0,0.95,0.050000000000000044,1.0,0.975,0.025000000000000022,1.0,1.0,0.0
rel:28,rel:28|cond=rel:28:finance:anchor,preserve__sigma0p5,preserve,40,0.45,0.1788510987426215,0.7183332409583437,0,27,0,2,0,0,14,0,0.0,0.0,16,1.0,0.08333333333333334,0.9166666666666666,1.0,0.14583333333333334,0.8541666666666666,1.0,0.08333333333333334,0.9166666666666666
rel:28,rel:28|cond=rel:28:finance:anchor,preserve__sigma0p5,preserve,80,0.45,0.1788510987426215,0.7183332409583437,0,66,1,3,0,0,12,0,0.0,0.0,16,1.0,0.43333333333333335,0.5666666666666667,1.0,0.4458333333333333,0.5541666666666667,1.0,0.4583333333333333,0.5416666666666667
rel:28,rel:28|cond=rel:28:finance:anchor,preserve__sigma1,preserve,40,0.9,0.7582766571931676,0.0,0,39,0,3,0,0,13,0,0.0,0.0,16,1.0,0.08333333333333334,0.9166666666666666,1.0,0.19583333333333336,0.8041666666666667,1.0,0.10833333333333335,0.8916666666666666
rel:28,rel:28|cond=rel:28:finance:anchor,preserve__sigma1,preserve,80,0.9,0.7582766571931676,0.0,0,70,2,1,0,0,13,0,0.0,0.0,16,1.0,0.08333333333333334,0.9166666666666666,1.0,0.17708333333333334,0.8229166666666666,1.0,0.10833333333333335,0.8916666666666666
rel:28,rel:28|cond=rel:28:finance:anchor,preserve__tau0p5,preserve,40,0.22499999999999998,0.038051181154637126,0.9151505959607087,0,24,0,2,0,0,14,0,0.0,0.0,16,1.0,0.20833333333333331,0.7916666666666667,1.0,0.20833333333333331,0.7916666666666667,1.0,0.20833333333333331,0.7916666666666667
rel:28,rel:28|cond=rel:28:finance:anchor,preserve__tau0p5,preserve,80,0.22499999999999998,0.038051181154637126,0.9151505959607087,0,59,1,3,0,0,12,0,0.0,0.0,16,1.0,0.5916666666666666,0.40833333333333344,1.0,0.5916666666666666,0.40833333333333344,1.0,0.5916666666666666,0.40833333333333344
rel:28,rel:28|cond=rel:28:finance:anchor,preserve__tau0,preserve,40,0.0,0.0,0.6783898247235198,0,26,0,2,0,0,14,0,0.0,0.0,16,1.0,0.3833333333333333,0.6166666666666667,1.0,0.3833333333333333,0.6166666666666667,1.0,0.3833333333333333,0.6166666666666667
rel:28,rel:28|cond=rel:28:finance:anchor,preserve__tau0,preserve,80,0.0,0.0,0.6783898247235198,0,53,2,0,0,0,14,0,0.0,0.0,16,1.0,0.3833333333333333,0.6166666666666667,1.0,0.3833333333333333,0.6166666666666667,1.0,0.4083333333333333,0.5916666666666667
rel:28,rel:28|cond=rel:28:finance:anchor,preserve__tau1,preserve,40,0.44999999999999996,0.1519113671978972,1.0,0,12,0,1,0,0,15,0,0.0,0.0,16,1.0,0.03333333333333334,0.9666666666666667,1.0,0.12083333333333333,0.8791666666666667,1.0,0.03333333333333334,0.9666666666666667
rel:28,rel:28|cond=rel:28:finance:anchor,preserve__tau1,preserve,80,0.44999999999999996,0.1519113671978972,1.0,0,71,1,4,0,0,11,0,0.0,0.0,16,1.0,0.41666666666666663,0.5833333333333334,1.0,0.44166666666666665,0.5583333333333333,1.0,0.4666666666666667,0.5333333333333333
rel:28,rel:28|cond=rel:28:finance:anchor,retrieval_only,retrieval_only,40,,,,2,12,0,1,0,15,0,16,1.0,57.3125,16,1.0,0.95,0.050000000000000044,1.0,0.975,0.025000000000000022,1.0,1.0,0.0
rel:28,rel:28|cond=rel:28:finance:anchor,retrieval_only,retrieval_only,80,,,,2,25,1,0,0,15,0,16,1.0,57.3125,16,1.0,0.95,0.050000000000000044,1.0,0.975,0.025000000000000022,1.0,1.0,0.0
rel:28,rel:28|cond=rel:28:finance:anchor,static_conditioned,static_conditioned,40,,,,0,12,0,1,0,0,15,0,0.0,0.0,16,1.0,0.03333333333333334,0.9666666666666667,1.0,0.12083333333333333,0.8791666666666667,1.0,0.03333333333333334,0.9666666666666667
rel:28,rel:28|cond=rel:28:finance:anchor,static_conditioned,static_conditioned,80,,,,0,25,1,0,0,0,15,0,0.0,0.0,16,1.0,0.03333333333333334,0.9666666666666667,1.0,0.08333333333333334,0.9166666666666666,1.0,0.03333333333333334,0.9666666666666667
rel:28,rel:28|cond=rel:28:finance:anchor,uncertainty_aware__tau0,uncertainty_aware,40,0.0,0.0,0.6783898247235198,0,26,0,2,0,0,14,0,0.0,0.0,16,1.0,0.3833333333333333,0.6166666666666667,1.0,0.3833333333333333,0.6166666666666667,1.0,0.3833333333333333,0.6166666666666667
rel:28,rel:28|cond=rel:28:finance:anchor,uncertainty_aware__tau0,uncertainty_aware,80,0.0,0.0,0.6783898247235198,0,53,2,0,0,0,14,0,0.0,0.0,16,1.0,0.3833333333333333,0.6166666666666667,1.0,0.3833333333333333,0.6166666666666667,1.0,0.4083333333333333,0.5916666666666667
rel:28,rel:28|cond=rel:28:finance:anchor,uncertainty_aware__tau1,uncertainty_aware,40,0.44999999999999996,0.1519113671978972,1.0,2,12,0,1,0,15,0,16,1.0,57.3125,16,1.0,0.95,0.050000000000000044,1.0,0.975,0.025000000000000022,1.0,1.0,0.0
rel:28,rel:28|cond=rel:28:finance:anchor,uncertainty_aware__tau1,uncertainty_aware,80,0.44999999999999996,0.1519113671978972,1.0,2,25,1,0,0,15,0,16,1.0,57.3125,16,1.0,0.95,0.050000000000000044,1.0,0.975,0.025000000000000022,1.0,1.0,0.0
rel:28,rel:28|cond=rel:28:founding:anchor,blind,blind,40,,,,0,15,0,1,0,0,15,0,0.0,0.0,16,1.0,0.03333333333333334,0.9666666666666667,1.0,0.1529761904761905,0.8470238095238095,1.0,0.03333333333333334,0.9666666666666667
rel:28,rel:28|cond=rel:28:founding:anchor,blind,blind,80,,,,0,57,1,4,0,0,11,0,0.0,0.0,16,1.0,0.03333333333333334,0.9666666666666667,1.0,0.18125,0.81875,1.0,0.24166666666666667,0.7583333333333333
rel:28,rel:28|cond=rel:28:founding:anchor,oracle_exact,oracle_exact,40,,,,0,33,0,2,0,0,14,0,0.0,0.0,16,1.0,0.3833333333333333,0.6166666666666667,1.0,0.4467261904761905,0.5532738095238094,1.0,0.3833333333333333,0.6166666666666667
rel:28,rel:28|cond=rel:28:founding:anchor,oracle_exact,oracle_exact,80,,,,0,68,2,0,0,0,14,0,0.0,0.0,16,1.0,0.3833333333333333,0.6166666666666667,1.0,0.3958333333333333,0.6041666666666667,1.0,0.3833333333333333,0.6166666666666667
rel:28,rel:28|cond=rel:28:founding:anchor,pointer__sigma0p5,pointer,40,0.45,0.1788510987426215,0.7183332409583436,2,40,0,1,5,10,0,16,1.0,55.625,16,1.0,0.7916666666666666,0.20833333333333337,1.0,0.8958333333333334,0.10416666666666663,1.0,1.0,0.0
rel:28,rel:28|cond=rel:28:founding:anchor,pointer__sigma0p5,pointer,80,0.45,0.1788510987426215,0.7183332409583436,2,78,1,0,9,6,0,16,1.0,55.625,16,1.0,0.7916666666666666,0.20833333333333337,1.0,0.8958333333333334,0.10416666666666663,1.0,1.0,0.0
rel:28,rel:28|cond=rel:28:founding:anchor,pointer__sigma1,pointer,40,0.9,0.7582766571931676,0.0,2,25,0,1,2,13,0,16,1.0,55.625,16,1.0,0.7916666666666666,0.20833333333333337,1.0,0.8958333333333334,0.10416666666666663,1.0,1.0,0.0
rel:28,rel:28|cond=rel:28:founding:anchor,pointer__sigma1,pointer,80,0.9,0.7582766571931676,0.0,2,43,1,0,2,13,0,16,1.0,55.625,16,1.0,0.7916666666666666,0.20833333333333337,1.0,0.8958333333333334,0.10416666666666663,1.0,1.0,0.0
rel:28,rel:28|cond=rel:28:founding:anchor,pointer__tau0p5,pointer,40,0.22499999999999998,0.03805118115463712,0.9151505959607085,2,40,0,1,5,10,0,16,1.0,55.625,16,1.0,0.7916666666666666,0.20833333333333337,1.0,0.8958333333333334,0.10416666666666663,1.0,1.0,0.0
rel:28,rel:28|cond=rel:28:founding:anchor,pointer__tau0p5,pointer,80,0.22499999999999998,0.03805118115463712,0.9151505959607085,2,78,1,0,9,6,0,16,1.0,55.625,16,1.0,0.7916666666666666,0.20833333333333337,1.0,0.8958333333333334,0.10416666666666663,1.0,1.0,0.0
rel:28,rel:28|cond=rel:28:founding:anchor,pointer__tau0,pointer,40,0.0,0.0,0.6783898247235198,2,40,0,1,5,10,0,16,1.0,55.625,16,1.0,0.7916666666666666,0.20833333333333337,1.0,0.8958333333333334,0.10416666666666663,1.0,1.0,0.0
rel:28,rel:28|cond=rel:28:founding:anchor,pointer__tau0,pointer,80,0.0,0.0,0.6783898247235198,2,78,1,0,9,6,0,16,1.0,55.625,16,1.0,0.7916666666666666,0.20833333333333337,1.0,0.8958333333333334,0.10416666666666663,1.0,1.0,0.0
rel:28,rel:28|cond=rel:28:founding:anchor,pointer__tau1,pointer,40,0.44999999999999996,0.15191136719789716,1.0,2,40,0,1,5,10,0,16,1.0,55.625,16,1.0,0.7916666666666666,0.20833333333333337,1.0,0.8958333333333334,0.10416666666666663,1.0,1.0,0.0
rel:28,rel:28|cond=rel:28:founding:anchor,pointer__tau1,pointer,80,0.44999999999999996,0.15191136719789716,1.0,2,78,1,0,9,6,0,16,1.0,55.625,16,1.0,0.7916666666666666,0.20833333333333337,1.0,0.8958333333333334,0.10416666666666663,1.0,1.0,0.0
rel:28,rel:28|cond=rel:28:founding:anchor,preserve__sigma0p5,preserve,40,0.45,0.1788510987426215,0.7183332409583436,0,27,0,2,0,0,14,0,0.0,0.0,16,1.0,0.03333333333333334,0.9666666666666667,1.0,0.12297619047619049,0.8770238095238095,1.0,0.06666666666666668,0.9333333333333333
rel:28,rel:28|cond=rel:28:founding:anchor,preserve__sigma0p5,preserve,80,0.45,0.1788510987426215,0.7183332409583436,0,57,1,2,0,0,13,0,0.0,0.0,16,1.0,0.03333333333333334,0.9666666666666667,1.0,0.18125,0.81875,1.0,0.24166666666666667,0.7583333333333333
rel:28,rel:28|cond=rel:28:founding:anchor,preserve__sigma1,preserve,40,0.9,0.7582766571931676,0.0,0,27,0,2,0,0,14,0,0.0,0.0,16,1.0,0.03333333333333334,0.9666666666666667,1.0,0.05297619047619049,0.9470238095238095,1.0,0.06666666666666668,0.9333333333333333
rel:28,rel:28|cond=rel:28:founding:anchor,preserve__sigma1,preserve,80,0.9,0.7582766571931676,0.0,0,76,2,1,0,0,13,0,0.0,0.0,16,1.0,0.06666666666666668,0.9333333333333333,1.0,0.10208333333333336,0.8979166666666667,1.0,0.10000000000000002,0.9
rel:28,rel:28|cond=rel:28:founding:anchor,preserve__tau0p5,preserve,40,0.22499999999999998,0.03805118115463712,0.9151505959607085,0,27,0,2,0,0,14,0,0.0,0.0,16,1.0,0.03333333333333334,0.9666666666666667,1.0,0.16964285714285715,0.8303571428571428,1.0,0.20833333333333331,0.7916666666666667
rel:28,rel:28|cond=rel:28:founding:anchor,preserve__tau0p5,preserve,80,0.22499999999999998,0.03805118115463712,0.9151505959607085,0,59,1,2,0,0,13,0,0.0,0.0,16,1.0,0.4083333333333333,0.5916666666666667,1.0,0.42083333333333334,0.5791666666666666,1.0,0.4083333333333333,0.5916666666666667
rel:28,rel:28|cond=rel:28:founding:anchor,preserve__tau0,preserve,40,0.0,0.0,0.6783898247235198,0,33,0,2,0,0,14,0,0.0,0.0,16,1.0,0.3833333333333333,0.6166666666666667,1.0,0.4029761904761905,0.5970238095238095,1.0,0.3833333333333333,0.6166666666666667
rel:28,rel:28|cond=rel:28:founding:anchor,preserve__tau0,preserve,80,0.0,0.0,0.6783898247235198,0,63,1,2,0,0,13,0,0.0,0.0,16,1.0,0.3833333333333333,0.6166666666666667,1.0,0.48333333333333334,0.5166666666666666,1.0,0.5583333333333332,0.44166666666666676
rel:28,rel:28|cond=rel:28:founding:anchor,preserve__tau1,preserve,40,0.44999999999999996,0.15191136719789716,1.0,0,15,0,1,0,0,15,0,0.0,0.0,16,1.0,0.03333333333333334,0.9666666666666667,1.0,0.1529761904761905,0.8470238095238095,1.0,0.03333333333333334,0.9666666666666667
rel:28,rel:28|cond=rel:28:founding:anchor,preserve__tau1,preserve,80,0.44999999999999996,0.15191136719789716,1.0,0,57,1,4,0,0,11,0,0.0,0.0,16,1.0,0.03333333333333334,0.9666666666666667,1.0,0.18125,0.81875,1.0,0.24166666666666667,0.7583333333333333
rel:28,rel:28|cond=rel:28:founding:anchor,retrieval_only,retrieval_only,40,,,,2,15,0,1,0,15,0,16,1.0,55.625,16,1.0,0.7916666666666666,0.20833333333333337,1.0,0.8958333333333334,0.10416666666666663,1.0,1.0,0.0
rel:28,rel:28|cond=rel:28:founding:anchor,retrieval_only,retrieval_only,80,,,,2,33,1,0,0,15,0,16,1.0,55.625,16,1.0,0.7916666666666666,0.20833333333333337,1.0,0.8958333333333334,0.10416666666666663,1.0,1.0,0.0
rel:28,rel:28|cond=rel:28:founding:anchor,static_conditioned,static_conditioned,40,,,,0,15,0,1,0,0,15,0,0.0,0.0,16,1.0,0.03333333333333334,0.9666666666666667,1.0,0.1529761904761905,0.8470238095238095,1.0,0.03333333333333334,0.9666666666666667
rel:28,rel:28|cond=rel:28:founding:anchor,static_conditioned,static_conditioned,80,,,,0,33,1,0,0,0,15,0,0.0,0.0,16,1.0,0.03333333333333334,0.9666666666666667,1.0,0.045833333333333344,0.9541666666666666,1.0,0.03333333333333334,0.9666666666666667
rel:28,rel:28|cond=rel:28:founding:anchor,uncertainty_aware__tau0,uncertainty_aware,40,0.0,0.0,0.6783898247235198,0,33,0,2,0,0,14,0,0.0,0.0,16,1.0,0.3833333333333333,0.6166666666666667,1.0,0.4467261904761905,0.5532738095238094,1.0,0.3833333333333333,0.6166666666666667
rel:28,rel:28|cond=rel:28:founding:anchor,uncertainty_aware__tau0,uncertainty_aware,80,0.0,0.0,0.6783898247235198,0,63,1,2,0,0,13,0,0.0,0.0,16,1.0,0.3833333333333333,0.6166666666666667,1.0,0.48333333333333334,0.5166666666666666,1.0,0.5583333333333332,0.44166666666666676
rel:28,rel:28|cond=rel:28:founding:anchor,uncertainty_aware__tau1,uncertainty_aware,40,0.44999999999999996,0.15191136719789716,1.0,2,15,0,1,0,15,0,16,1.0,55.625,16,1.0,0.7916666666666666,0.20833333333333337,1.0,0.8958333333333334,0.10416666666666663,1.0,1.0,0.0
rel:28,rel:28|cond=rel:28:founding:anchor,uncertainty_aware__tau1,uncertainty_aware,80,0.44999999999999996,0.15191136719789716,1.0,2,33,1,0,0,15,0,16,1.0,55.625,16,1.0,0.7916666666666666,0.20833333333333337,1.0,0.8958333333333334,0.10416666666666663,1.0,1.0,0.0
rel:29,rel:29|cond=rel:29:custom:anchor,blind,blind,40,,,,0,12,0,1,0,0,19,0,0.0,0.0,16,1.0,0.03333333333333334,0.9666666666666667,1.0,0.045833333333333344,0.9541666666666666,1.0,0.03333333333333334,0.9666666666666667
rel:29,rel:29|cond=rel:29:custom:anchor,blind,blind,80,,,,0,72,1,4,0,0,15,0,0.0,0.0,16,1.0,0.08333333333333334,0.9166666666666666,1.0,0.37222222222222223,0.6277777777777778,1.0,0.5166666666666667,0.4833333333333333
rel:29,rel:29|cond=rel:29:custom:anchor,oracle_exact,oracle_exact,40,,,,0,38,1,1,0,0,18,0,0.0,0.0,16,1.0,0.03333333333333334,0.9666666666666667,1.0,0.2791666666666667,0.7208333333333333,1.0,0.3833333333333333,0.6166666666666667
rel:29,rel:29|cond=rel:29:custom:anchor,oracle_exact,oracle_exact,80,,,,0,50,2,0,0,0,18,0,0.0,0.0,16,1.0,0.03333333333333334,0.9666666666666667,1.0,0.26666666666666666,0.7333333333333334,1.0,0.3833333333333333,0.6166666666666667
rel:29,rel:29|cond=rel:29:custom:anchor,pointer__sigma0p5,pointer,40,0.45,0.1788510987426215,0.7183332409583436,2,37,0,1,5,14,0,16,1.0,51.8125,16,1.0,0.4916666666666667,0.5083333333333333,1.0,0.8138888888888889,0.18611111111111112,1.0,0.975,0.025000000000000022
rel:29,rel:29|cond=rel:29:custom:anchor,pointer__sigma0p5,pointer,80,0.45,0.1788510987426215,0.7183332409583436,2,79,1,0,11,8,0,16,1.0,51.8125,16,1.0,0.4916666666666667,0.5083333333333333,1.0,0.8138888888888889,0.18611111111111112,1.0,0.975,0.025000000000000022
rel:29,rel:29|cond=rel:29:custom:anchor,pointer__sigma1,pointer,40,0.9,0.7582766571931676,0.0,2,27,0,1,3,16,0,16,1.0,51.8125,16,1.0,0.4916666666666667,0.5083333333333333,1.0,0.8138888888888889,0.18611111111111112,1.0,0.975,0.025000000000000022
rel:29,rel:29|cond=rel:29:custom:anchor,pointer__sigma1,pointer,80,0.9,0.7582766571931676,0.0,2,39,1,0,3,16,0,16,1.0,51.8125,16,1.0,0.4916666666666667,0.5083333333333333,1.0,0.8138888888888889,0.18611111111111112,1.0,0.975,0.025000000000000022
rel:29,rel:29|cond=rel:29:custom:anchor,pointer__tau0p5,pointer,40,0.22499999999999998,0.03805118115463712,0.9151505959607085,2,37,0,1,5,14,0,16,1.0,51.8125,16,1.0,0.4916666666666667,0.5083333333333333,1.0,0.8138888888888889,0.18611111111111112,1.0,0.975,0.025000000000000022
rel:29,rel:29|cond=rel:29:custom:anchor,pointer__tau0p5,pointer,80,0.22499999999999998,0.03805118115463712,0.9151505959607085,2,79,1,0,11,8,0,16,1.0,51.8125,16,1.0,0.4916666666666667,0.5083333333333333,1.0,0.8138888888888889,0.18611111111111112,1.0,0.975,0.025000000000000022
rel:29,rel:29|cond=rel:29:custom:anchor,pointer__tau0,pointer,40,0.0,0.0,0.6783898247235198,2,37,0,1,5,14,0,16,1.0,51.8125,16,1.0,0.4916666666666667,0.5083333333333333,1.0,0.8138888888888889,0.18611111111111112,1.0,0.975,0.025000000000000022
rel:29,rel:29|cond=rel:29:custom:anchor,pointer__tau0,pointer,80,0.0,0.0,0.6783898247235198,2,79,1,0,11,8,0,16,1.0,51.8125,16,1.0,0.4916666666666667,0.5083333333333333,1.0,0.8138888888888889,0.18611111111111112,1.0,0.975,0.025000000000000022
rel:29,rel:29|cond=rel:29:custom:anchor,pointer__tau1,pointer,40,0.44999999999999996,0.15191136719789716,1.0,2,37,0,1,5,14,0,16,1.0,51.8125,16,1.0,0.4916666666666667,0.5083333333333333,1.0,0.8138888888888889,0.18611111111111112,1.0,0.975,0.025000000000000022
rel:29,rel:29|cond=rel:29:custom:anchor,pointer__tau1,pointer,80,0.44999999999999996,0.15191136719789716,1.0,2,79,1,0,11,8,0,16,1.0,51.8125,16,1.0,0.4916666666666667,0.5083333333333333,1.0,0.8138888888888889,0.18611111111111112,1.0,0.975,0.025000000000000022
rel:29,rel:29|cond=rel:29:custom:anchor,preserve__sigma0p5,preserve,40,0.45,0.1788510987426215,0.7183332409583436,0,24,0,2,0,0,18,0,0.0,0.0,16,1.0,0.03333333333333334,0.9666666666666667,1.0,0.06666666666666668,0.9333333333333333,1.0,0.08333333333333334,0.9166666666666666
rel:29,rel:29|cond=rel:29:custom:anchor,preserve__sigma0p5,preserve,80,0.45,0.1788510987426215,0.7183332409583436,0,61,2,1,0,0,17,0,0.0,0.0,16,1.0,0.03333333333333334,0.9666666666666667,1.0,0.3,0.7,1.0,0.43333333333333335,0.5666666666666667
rel:29,rel:29|cond=rel:29:custom:anchor,preserve__sigma1,preserve,40,0.9,0.7582766571931676,0.0,0,36,1,1,0,0,18,0,0.0,0.0,16,1.0,0.03333333333333334,0.9666666666666667,1.0,0.06666666666666668,0.9333333333333333,1.0,0.08333333333333334,0.9166666666666666
rel:29,rel:29|cond=rel:29:custom:anchor,preserve__sigma1,preserve,80,0.9,0.7582766571931676,0.0,0,76,2,2,0,0,16,0,0.0,0.0,16,1.0,0.03333333333333334,0.9666666666666667,1.0,0.10000000000000002,0.9,1.0,0.13333333333333336,0.8666666666666667
rel:29,rel:29|cond=rel:29:custom:anchor,preserve__tau0p5,preserve,40,0.22499999999999998,0.03805118115463712,0.9151505959607085,0,25,0,2,0,0,18,0,0.0,0.0,16,1.0,0.03333333333333334,0.9666666666666667,1.0,0.26666666666666666,0.7333333333333334,1.0,0.3833333333333333,0.6166666666666667
rel:29,rel:29|cond=rel:29:custom:anchor,preserve__tau0p5,preserve,80,0.22499999999999998,0.03805118115463712,0.9151505959607085,0,50,2,0,0,0,18,0,0.0,0.0,16,1.0,0.03333333333333334,0.9666666666666667,1.0,0.26666666666666666,0.7333333333333334,1.0,0.3833333333333333,0.6166666666666667
rel:29,rel:29|cond=rel:29:custom:anchor,preserve__tau0,preserve,40,0.0,0.0,0.6783898247235198,0,25,0,2,0,0,18,0,0.0,0.0,16,1.0,0.03333333333333334,0.9666666666666667,1.0,0.26666666666666666,0.7333333333333334,1.0,0.3833333333333333,0.6166666666666667
rel:29,rel:29|cond=rel:29:custom:anchor,preserve__tau0,preserve,80,0.0,0.0,0.6783898247235198,0,62,2,1,0,0,17,0,0.0,0.0,16,1.0,0.20833333333333331,0.7916666666666667,1.0,0.4416666666666666,0.5583333333333333,1.0,0.5583333333333332,0.44166666666666676
rel:29,rel:29|cond=rel:29:custom:anchor,preserve__tau1,preserve,40,0.44999999999999996,0.15191136719789716,1.0,0,12,0,1,0,0,19,0,0.0,0.0,16,1.0,0.03333333333333334,0.9666666666666667,1.0,0.045833333333333344,0.9541666666666666,1.0,0.03333333333333334,0.9666666666666667
rel:29,rel:29|cond=rel:29:custom:anchor,preserve__tau1,preserve,80,0.44999999999999996,0.15191136719789716,1.0,0,72,1,4,0,0,15,0,0.0,0.0,16,1.0,0.08333333333333334,0.9166666666666666,1.0,0.37222222222222223,0.6277777777777778,1.0,0.5166666666666667,0.4833333333333333
rel:29,rel:29|cond=rel:29:custom:anchor,retrieval_only,retrieval_only,40,,,,2,12,0,1,0,19,0,16,1.0,51.8125,16,1.0,0.4916666666666667,0.5083333333333333,1.0,0.7972222222222222,0.20277777777777783,1.0,0.95,0.050000000000000044
rel:29,rel:29|cond=rel:29:custom:anchor,retrieval_only,retrieval_only,80,,,,2,24,1,0,0,19,0,16,1.0,51.8125,16,1.0,0.4916666666666667,0.5083333333333333,1.0,0.7972222222222222,0.20277777777777783,1.0,0.95,0.050000000000000044
rel:29,rel:29|cond=rel:29:custom:anchor,static_conditioned,static_conditioned,40,,,,0,12,0,1,0,0,19,0,0.0,0.0,16,1.0,0.03333333333333334,0.9666666666666667,1.0,0.045833333333333344,0.9541666666666666,1.0,0.03333333333333334,0.9666666666666667
rel:29,rel:29|cond=rel:29:custom:anchor,static_conditioned,static_conditioned,80,,,,0,24,1,0,0,0,19,0,0.0,0.0,16,1.0,0.03333333333333334,0.9666666666666667,1.0,0.03333333333333334,0.9666666666666667,1.0,0.03333333333333334,0.9666666666666667
rel:29,rel:29|cond=rel:29:custom:anchor,uncertainty_aware__tau0,uncertainty_aware,40,0.0,0.0,0.6783898247235198,0,25,0,2,0,0,18,0,0.0,0.0,16,1.0,0.03333333333333334,0.9666666666666667,1.0,0.26666666666666666,0.7333333333333334,1.0,0.3833333333333333,0.6166666666666667
rel:29,rel:29|cond=rel:29:custom:anchor,uncertainty_aware__tau0,uncertainty_aware,80,0.0,0.0,0.6783898247235198,0,62,2,1,0,0,17,0,0.0,0.0,16,1.0,0.20833333333333331,0.7916666666666667,1.0,0.4416666666666666,0.5583333333333333,1.0,0.5583333333333332,0.44166666666666676
rel:29,rel:29|cond=rel:29:custom:anchor,uncertainty_aware__tau1,uncertainty_aware,40,0.44999999999999996,0.15191136719789716,1.0,2,12,0,1,0,19,0,16,1.0,51.8125,16,1.0,0.4916666666666667,0.5083333333333333,1.0,0.7972222222222222,0.20277777777777783,1.0,0.95,0.050000000000000044
rel:29,rel:29|cond=rel:29:custom:anchor,uncertainty_aware__tau1,uncertainty_aware,80,0.44999999999999996,0.15191136719789716,1.0,2,24,1,0,0,19,0,16,1.0,51.8125,16,1.0,0.4916666666666667,0.5083333333333333,1.0,0.7972222222222222,0.20277777777777783,1.0,0.95,0.050000000000000044
rel:29,rel:29|cond=rel:29:facilities:anchor,blind,blind,40,,,,0,12,0,1,0,0,19,0,0.0,0.0,16,0.0,0.0,0.0,0.6666666666666666,0.029365079365079372,0.6373015873015873,1.0,0.03333333333333334,0.9666666666666667
rel:29,rel:29|cond=rel:29:facilities:anchor,blind,blind,80,,,,0,74,1,4,0,0,15,0,0.0,0.0,16,0.0,0.39999999999999997,-0.39999999999999997,0.6666666666666666,0.4777777777777778,0.18888888888888883,1.0,0.5166666666666667,0.4833333333333333
rel:29,rel:29|cond=rel:29:facilities:anchor,oracle_exact,oracle_exact,40,,,,0,37,1,1,0,0,18,0,0.0,0.0,16,0.0,0.175,-0.175,0.6666666666666666,0.3138888888888889,0.35277777777777775,1.0,0.3833333333333333,0.6166666666666667
rel:29,rel:29|cond=rel:29:facilities:anchor,oracle_exact,oracle_exact,80,,,,0,49,2,0,0,0,18,0,0.0,0.0,16,0.0,0.35,-0.35,0.6666666666666666,0.37222222222222223,0.2944444444444444,1.0,0.3833333333333333,0.6166666666666667
rel:29,rel:29|cond=rel:29:facilities:anchor,pointer__sigma0p5,pointer,40,0.45,0.1788510987426215,0.7183332409583436,2,37,0,1,5,14,0,16,1.0,50.25,16,0.0,0.45,-0.45,0.6666666666666666,0.6933333333333334,-0.026666666666666727,1.0,0.7999999999999999,0.20000000000000007
rel:29,rel:29|cond=rel:29:facilities:anchor,pointer__sigma0p5,pointer,80,0.45,0.1788510987426215,0.7183332409583436,2,79,1,0,11,8,0,16,1.0,50.25,16,0.0,0.45,-0.45,0.6666666666666666,0.6833333333333333,-0.01666666666666672,1.0,0.7999999999999999,0.20000000000000007
rel:29,rel:29|cond=rel:29:facilities:anchor,pointer__sigma1,pointer,40,0.9,0.7582766571931676,0.0,2,27,0,1,3,16,0,16,1.0,50.25,16,0.0,0.6249999999999999,-0.6249999999999999,0.6666666666666666,0.7516666666666666,-0.08499999999999996,1.0,0.7999999999999999,0.20000000000000007
rel:29,rel:29|cond=rel:29:facilities:anchor,pointer__sigma1,pointer,80,0.9,0.7582766571931676,0.0,2,39,1,0,3,16,0,16,1.0,50.25,16,0.0,0.6249999999999999,-0.6249999999999999,0.6666666666666666,0.7516666666666666,-0.08499999999999996,1.0,0.7999999999999999,0.20000000000000007
rel:29,rel:29|cond=rel:29:facilities:anchor,pointer__tau0p5,pointer,40,0.22499999999999998,0.038051181154637126,0.9151505959607085,2,37,0,1,5,14,0,16,1.0,50.25,16,0.0,0.45,-0.45,0.6666666666666666,0.6833333333333333,-0.01666666666666672,1.0,0.7999999999999999,0.20000000000000007
rel:29,rel:29|cond=rel:29:facilities:anchor,pointer__tau0p5,pointer,80,0.22499999999999998,0.038051181154637126,0.9151505959607085,2,79,1,0,11,8,0,16,1.0,50.25,16,0.0,0.45,-0.45,0.6666666666666666,0.6833333333333333,-0.01666666666666672,1.0,0.7999999999999999,0.20000000000000007
rel:29,rel:29|cond=rel:29:facilities:anchor,pointer__tau0,pointer,40,0.0,0.0,0.6783898247235198,2,37,0,1,5,14,0,16,1.0,50.25,16,0.0,0.6249999999999999,-0.6249999999999999,0.6666666666666666,0.7416666666666666,-0.07499999999999996,1.0,0.7999999999999999,0.20000000000000007
rel:29,rel:29|cond=rel:29:facilities:anchor,pointer__tau0,pointer,80,0.0,0.0,0.6783898247235198,2,79,1,0,11,8,0,16,1.0,50.25,16,0.0,0.45,-0.45,0.6666666666666666,0.6933333333333334,-0.026666666666666727,1.0,0.7999999999999999,0.20000000000000007
rel:29,rel:29|cond=rel:29:facilities:anchor,pointer__tau1,pointer,40,0.44999999999999996,0.1519113671978972,1.0,2,37,0,1,5,14,0,16,1.0,50.25,16,0.0,0.45,-0.45,0.6666666666666666,0.6933333333333334,-0.026666666666666727,1.0,0.7999999999999999,0.20000000000000007
rel:29,rel:29|cond=rel:29:facilities:anchor,pointer__tau1,pointer,80,0.44999999999999996,0.1519113671978972,1.0,2,79,1,0,11,8,0,16,1.0,50.25,16,0.0,0.45,-0.45,0.6666666666666666,0.6833333333333333,-0.01666666666666672,1.0,0.7999999999999999,0.20000000000000007
rel:29,rel:29|cond=rel:29:facilities:anchor,preserve__sigma0p5,preserve,40,0.45,0.1788510987426215,0.7183332409583436,0,25,0,2,0,0,18,0,0.0,0.0,16,0.0,0.0,0.0,0.6666666666666666,0.07222222222222223,0.5944444444444444,1.0,0.08333333333333334,0.9166666666666666
rel:29,rel:29|cond=rel:29:facilities:anchor,preserve__sigma0p5,preserve,80,0.45,0.1788510987426215,0.7183332409583436,0,61,2,1,0,0,17,0,0.0,0.0,16,0.0,0.35,-0.35,0.6666666666666666,0.4083333333333333,0.2583333333333333,1.0,0.43333333333333335,0.5666666666666667
rel:29,rel:29|cond=rel:29:facilities:anchor,preserve__sigma1,preserve,40,0.9,0.7582766571931676,0.0,0,38,1,1,0,0,18,0,0.0,0.0,16,0.0,0.0,0.0,0.6666666666666666,0.05972222222222223,0.6069444444444444,1.0,0.08333333333333334,0.9166666666666666
rel:29,rel:29|cond=rel:29:facilities:anchor,preserve__sigma1,preserve,80,0.9,0.7582766571931676,0.0,0,77,3,0,0,0,17,0,0.0,0.0,16,0.0,0.025000000000000005,-0.025000000000000005,0.6666666666666666,0.08510101010101011,0.5815656565656565,1.0,0.10833333333333335,0.8916666666666666
rel:29,rel:29|cond=rel:29:facilities:anchor,preserve__tau0p5,preserve,40,0.22499999999999998,0.038051181154637126,0.9151505959607085,0,23,0,2,0,0,18,0,0.0,0.0,16,0.0,0.35,-0.35,0.6666666666666666,0.37936507936507935,0.2873015873015873,1.0,0.3833333333333333,0.6166666666666667
rel:29,rel:29|cond=rel:29:facilities:anchor,preserve__tau0p5,preserve,80,0.22499999999999998,0.038051181154637126,0.9151505959607085,0,49,2,0,0,0,18,0,0.0,0.0,16,0.0,0.35,-0.35,0.6666666666666666,0.37222222222222223,0.2944444444444444,1.0,0.3833333333333333,0.6166666666666667
rel:29,rel:29|cond=rel:29:facilities:anchor,preserve__tau0,preserve,40,0.0,0.0,0.6783898247235198,0,23,0,2,0,0,18,0,0.0,0.0,16,0.0,0.35,-0.35,0.6666666666666666,0.37936507936507935,0.2873015873015873,1.0,0.3833333333333333,0.6166666666666667
rel:29,rel:29|cond=rel:29:facilities:anchor,preserve__tau0,preserve,80,0.0,0.0,0.6783898247235198,0,63,2,1,0,0,17,0,0.0,0.0,16,0.0,0.5249999999999999,-0.5249999999999999,0.6666666666666666,0.5472222222222222,0.11944444444444446,1.0,0.5583333333333332,0.44166666666666676
rel:29,rel:29|cond=rel:29:facilities:anchor,preserve__tau1,preserve,40,0.44999999999999996,0.1519113671978972,1.0,0,12,0,1,0,0,19,0,0.0,0.0,16,0.0,0.0,0.0,0.6666666666666666,0.0376984126984127,0.628968253968254,1.0,0.03333333333333334,0.9666666666666667
rel:29,rel:29|cond=rel:29:facilities:anchor,preserve__tau1,preserve,80,0.44999999999999996,0.1519113671978972,1.0,0,74,1,4,0,0,15,0,0.0,0.0,16,0.0,0.39999999999999997,-0.39999999999999997,0.6666666666666666,0.4777777777777778,0.18888888888888883,1.0,0.5166666666666667,0.4833333333333333
rel:29,rel:29|cond=rel:29:facilities:anchor,retrieval_only,retrieval_only,40,,,,2,12,0,1,0,19,0,16,1.0,50.25,16,0.0,0.45,-0.45,0.6666666666666666,0.6833333333333333,-0.01666666666666672,1.0,0.7999999999999999,0.20000000000000007
rel:29,rel:29|cond=rel:29:facilities:anchor,retrieval_only,retrieval_only,80,,,,2,24,1,0,0,19,0,16,1.0,50.25,16,0.0,0.45,-0.45,0.6666666666666666,0.6833333333333333,-0.01666666666666672,1.0,0.7999999999999999,0.20000000000000007
rel:29,rel:29|cond=rel:29:facilities:anchor,static_conditioned,static_conditioned,40,,,,0,12,0,1,0,0,19,0,0.0,0.0,16,0.0,0.0,0.0,0.6666666666666666,0.0376984126984127,0.628968253968254,1.0,0.03333333333333334,0.9666666666666667
rel:29,rel:29|cond=rel:29:facilities:anchor,static_conditioned,static_conditioned,80,,,,0,24,1,0,0,0,19,0,0.0,0.0,16,0.0,0.0,0.0,0.6666666666666666,0.0376984126984127,0.628968253968254,1.0,0.03333333333333334,0.9666666666666667
rel:29,rel:29|cond=rel:29:facilities:anchor,uncertainty_aware__tau0,uncertainty_aware,40,0.0,0.0,0.6783898247235198,0,23,0,2,0,0,18,0,0.0,0.0,16,0.0,0.35,-0.35,0.6666666666666666,0.37936507936507935,0.2873015873015873,1.0,0.3833333333333333,0.6166666666666667
rel:29,rel:29|cond=rel:29:facilities:anchor,uncertainty_aware__tau0,uncertainty_aware,80,0.0,0.0,0.6783898247235198,0,63,2,1,0,0,17,0,0.0,0.0,16,0.0,0.5249999999999999,-0.5249999999999999,0.6666666666666666,0.5472222222222222,0.11944444444444446,1.0,0.5583333333333332,0.44166666666666676
rel:29,rel:29|cond=rel:29:facilities:anchor,uncertainty_aware__tau1,uncertainty_aware,40,0.44999999999999996,0.1519113671978972,1.0,2,12,0,1,0,19,0,16,1.0,50.25,16,0.0,0.6249999999999999,-0.6249999999999999,0.6666666666666666,0.7416666666666666,-0.07499999999999996,1.0,0.7999999999999999,0.20000000000000007
rel:29,rel:29|cond=rel:29:facilities:anchor,uncertainty_aware__tau1,uncertainty_aware,80,0.44999999999999996,0.1519113671978972,1.0,2,24,1,0,0,19,0,16,1.0,50.25,16,0.0,0.45,-0.45,0.6666666666666666,0.6833333333333333,-0.01666666666666672,1.0,0.7999999999999999,0.20000000000000007
rel:29,rel:29|cond=rel:29:finance:anchor,blind,blind,40,,,,0,11,0,1,0,0,19,0,0.0,0.0,16,1.0,0.0,1.0,1.0,0.029365079365079372,0.9706349206349206,1.0,0.03333333333333334,0.9666666666666667
rel:29,rel:29|cond=rel:29:finance:anchor,blind,blind,80,,,,0,76,1,4,0,0,15,0,0.0,0.0,16,1.0,0.41666666666666663,0.5833333333333334,1.0,0.48333333333333334,0.5166666666666666,1.0,0.5166666666666667,0.4833333333333333
rel:29,rel:29|cond=rel:29:finance:anchor,oracle_exact,oracle_exact,40,,,,0,35,1,1,0,0,18,0,0.0,0.0,16,1.0,0.3833333333333333,0.6166666666666667,1.0,0.3933333333333333,0.6066666666666667,1.0,0.3833333333333333,0.6166666666666667
rel:29,rel:29|cond=rel:29:finance:anchor,oracle_exact,oracle_exact,80,,,,0,49,2,0,0,0,18,0,0.0,0.0,16,1.0,0.3833333333333333,0.6166666666666667,1.0,0.3833333333333333,0.6166666666666667,1.0,0.3833333333333333,0.6166666666666667
rel:29,rel:29|cond=rel:29:finance:anchor,pointer__sigma0p5,pointer,40,0.45,0.1788510987426215,0.7183332409583437,2,36,0,1,5,14,0,16,1.0,50.0,16,1.0,0.4666666666666667,0.5333333333333333,1.0,0.6666666666666666,0.33333333333333337,1.0,0.7666666666666666,0.2333333333333334
rel:29,rel:29|cond=rel:29:finance:anchor,pointer__sigma0p5,pointer,80,0.45,0.1788510987426215,0.7183332409583437,2,80,1,0,11,8,0,16,1.0,50.0,16,1.0,0.4666666666666667,0.5333333333333333,1.0,0.6666666666666666,0.33333333333333337,1.0,0.7916666666666666,0.20833333333333337
rel:29,rel:29|cond=rel:29:finance:anchor,pointer__sigma1,pointer,40,0.9,0.7582766571931676,0.0,2,26,0,1,3,16,0,16,1.0,50.0,16,1.0,0.43333333333333335,0.5666666666666667,1.0,0.6555555555555556,0.34444444444444444,1.0,0.7666666666666666,0.2333333333333334
rel:29,rel:29|cond=rel:29:finance:anchor,pointer__sigma1,pointer,80,0.9,0.7582766571931676,0.0,2,40,1,0,3,16,0,16,1.0,50.0,16,1.0,0.4666666666666667,0.5333333333333333,1.0,0.6666666666666666,0.33333333333333337,1.0,0.7666666666666666,0.2333333333333334
rel:29,rel:29|cond=rel:29:finance:anchor,pointer__tau0p5,pointer,40,0.22499999999999998,0.038051181154637126,0.9151505959607087,2,36,0,1,5,14,0,16,1.0,50.0,16,1.0,0.43333333333333335,0.5666666666666667,1.0,0.6555555555555556,0.34444444444444444,1.0,0.7666666666666666,0.2333333333333334
rel:29,rel:29|cond=rel:29:finance:anchor,pointer__tau0p5,pointer,80,0.22499999999999998,0.038051181154637126,0.9151505959607087,2,80,1,0,11,8,0,16,1.0,50.0,16,1.0,0.4666666666666667,0.5333333333333333,1.0,0.6666666666666666,0.33333333333333337,1.0,0.7916666666666666,0.20833333333333337
rel:29,rel:29|cond=rel:29:finance:anchor,pointer__tau0,pointer,40,0.0,0.0,0.6783898247235198,2,36,0,1,5,14,0,16,1.0,50.0,16,1.0,0.43333333333333335,0.5666666666666667,1.0,0.6555555555555556,0.34444444444444444,1.0,0.7666666666666666,0.2333333333333334
rel:29,rel:29|cond=rel:29:finance:anchor,pointer__tau0,pointer,80,0.0,0.0,0.6783898247235198,2,80,1,0,11,8,0,16,1.0,50.0,16,1.0,0.4666666666666667,0.5333333333333333,1.0,0.6666666666666666,0.33333333333333337,1.0,0.7916666666666666,0.20833333333333337
rel:29,rel:29|cond=rel:29:finance:anchor,pointer__tau1,pointer,40,0.44999999999999996,0.1519113671978972,1.0,2,36,0,1,5,14,0,16,1.0,50.0,16,1.0,0.43333333333333335,0.5666666666666667,1.0,0.6722222222222222,0.32777777777777783,1.0,0.7916666666666666,0.20833333333333337
rel:29,rel:29|cond=rel:29:finance:anchor,pointer__tau1,pointer,80,0.44999999999999996,0.1519113671978972,1.0,2,80,1,0,11,8,0,16,1.0,50.0,16,1.0,0.4666666666666667,0.5333333333333333,1.0,0.6666666666666666,0.33333333333333337,1.0,0.7916666666666666,0.20833333333333337
rel:29,rel:29|cond=rel:29:finance:anchor,preserve__sigma0p5,preserve,40,0.45,0.1788510987426215,0.7183332409583437,0,24,0,2,0,0,18,0,0.0,0.0,16,1.0,0.03333333333333334,0.9666666666666667,1.0,0.12,0.88,1.0,0.05833333333333335,0.9416666666666667
rel:29,rel:29|cond=rel:29:finance:anchor,preserve__sigma0p5,preserve,80,0.45,0.1788510987426215,0.7183332409583437,0,63,2,1,0,0,17,0,0.0,0.0,16,1.0,0.3833333333333333,0.6166666666666667,1.0,0.41666666666666663,0.5833333333333334,1.0,0.43333333333333335,0.5666666666666667
rel:29,rel:29|cond=rel:29:finance:anchor,preserve__sigma1,preserve,40,0.9,0.7582766571931676,0.0,0,37,1,1,0,0,18,0,0.0,0.0,16,1.0,0.03333333333333334,0.9666666666666667,1.0,0.07916666666666668,0.9208333333333333,1.0,0.08333333333333334,0.9166666666666666
rel:29,rel:29|cond=rel:29:finance:anchor,preserve__sigma1,preserve,80,0.9,0.7582766571931676,0.0,0,78,3,0,0,0,17,0,0.0,0.0,16,1.0,0.05833333333333335,0.9416666666666667,1.0,0.12348484848484849,0.8765151515151515,1.0,0.10833333333333335,0.8916666666666666
rel:29,rel:29|cond=rel:29:finance:anchor,preserve__tau0p5,preserve,40,0.22499999999999998,0.038051181154637126,0.9151505959607087,0,23,0,2,0,0,18,0,0.0,0.0,16,1.0,0.3833333333333333,0.6166666666666667,1.0,0.3958333333333333,0.6041666666666667,1.0,0.3833333333333333,0.6166666666666667
rel:29,rel:29|cond=rel:29:finance:anchor,preserve__tau0p5,preserve,80,0.22499999999999998,0.038051181154637126,0.9151505959607087,0,49,2,0,0,0,18,0,0.0,0.0,16,1.0,0.3833333333333333,0.6166666666666667,1.0,0.3833333333333333,0.6166666666666667,1.0,0.3833333333333333,0.6166666666666667
rel:29,rel:29|cond=rel:29:finance:anchor,preserve__tau0,preserve,40,0.0,0.0,0.6783898247235198,0,23,0,2,0,0,18,0,0.0,0.0,16,1.0,0.35,0.65,1.0,0.3847222222222222,0.6152777777777778,1.0,0.3833333333333333,0.6166666666666667
rel:29,rel:29|cond=rel:29:finance:anchor,preserve__tau0,preserve,80,0.0,0.0,0.6783898247235198,0,61,2,1,0,0,17,0,0.0,0.0,16,1.0,0.35,0.65,1.0,0.4888888888888888,0.5111111111111112,1.0,0.5833333333333333,0.41666666666666674
rel:29,rel:29|cond=rel:29:finance:anchor,preserve__tau1,preserve,40,0.44999999999999996,0.1519113671978972,1.0,0,11,0,1,0,0,19,0,0.0,0.0,16,1.0,0.0,1.0,1.0,0.09936507936507936,0.9006349206349207,1.0,0.03333333333333334,0.9666666666666667
rel:29,rel:29|cond=rel:29:finance:anchor,preserve__tau1,preserve,80,0.44999999999999996,0.1519113671978972,1.0,0,76,1,4,0,0,15,0,0.0,0.0,16,1.0,0.41666666666666663,0.5833333333333334,1.0,0.48333333333333334,0.5166666666666666,1.0,0.5166666666666667,0.4833333333333333
rel:29,rel:29|cond=rel:29:finance:anchor,retrieval_only,retrieval_only,40,,,,2,11,0,1,0,19,0,16,1.0,50.0,16,1.0,0.43333333333333335,0.5666666666666667,1.0,0.6555555555555556,0.34444444444444444,1.0,0.7666666666666666,0.2333333333333334
rel:29,rel:29|cond=rel:29:finance:anchor,retrieval_only,retrieval_only,80,,,,2,25,1,0,0,19,0,16,1.0,50.0,16,1.0,0.4666666666666667,0.5333333333333333,1.0,0.6666666666666666,0.33333333333333337,1.0,0.7666666666666666,0.2333333333333334
rel:29,rel:29|cond=rel:29:finance:anchor,static_conditioned,static_conditioned,40,,,,0,11,0,1,0,0,19,0,0.0,0.0,16,1.0,0.0,1.0,1.0,0.09936507936507936,0.9006349206349207,1.0,0.03333333333333334,0.9666666666666667
rel:29,rel:29|cond=rel:29:finance:anchor,static_conditioned,static_conditioned,80,,,,0,25,1,0,0,0,19,0,0.0,0.0,16,1.0,0.03333333333333334,0.9666666666666667,1.0,0.1075,0.8925,1.0,0.03333333333333334,0.9666666666666667
rel:29,rel:29|cond=rel:29:finance:anchor,uncertainty_aware__tau0,uncertainty_aware,40,0.0,0.0,0.6783898247235198,0,23,0,2,0,0,18,0,0.0,0.0,16,1.0,0.35,0.65,1.0,0.3847222222222222,0.6152777777777778,1.0,0.3833333333333333,0.6166666666666667
rel:29,rel:29|cond=rel:29:finance:anchor,uncertainty_aware__tau0,uncertainty_aware,80,0.0,0.0,0.6783898247235198,0,61,2,1,0,0,17,0,0.0,0.0,16,1.0,0.35,0.65,1.0,0.4888888888888888,0.5111111111111112,1.0,0.5833333333333333,0.41666666666666674
rel:29,rel:29|cond=rel:29:finance:anchor,uncertainty_aware__tau1,uncertainty_aware,40,0.44999999999999996,0.1519113671978972,1.0,2,11,0,1,0,19,0,16,1.0,50.0,16,1.0,0.43333333333333335,0.5666666666666667,1.0,0.6555555555555556,0.34444444444444444,1.0,0.7666666666666666,0.2333333333333334
rel:29,rel:29|cond=rel:29:finance:anchor,uncertainty_aware__tau1,uncertainty_aware,80,0.44999999999999996,0.1519113671978972,1.0,2,25,1,0,0,19,0,16,1.0,50.0,16,1.0,0.4666666666666667,0.5333333333333333,1.0,0.6666666666666666,0.33333333333333337,1.0,0.7666666666666666,0.2333333333333334
rel:29,rel:29|cond=rel:29:founding:anchor,blind,blind,40,,,,0,13,0,1,0,0,19,0,0.0,0.0,16,0.0,0.0,0.0,0.0,0.022222222222222227,-0.022222222222222227,0.0,0.03333333333333334,-0.03333333333333334
rel:29,rel:29|cond=rel:29:founding:anchor,blind,blind,80,,,,0,75,1,4,0,0,15,0,0.0,0.0,16,0.0,0.13333333333333336,-0.13333333333333336,0.6666666666666666,0.3888888888888889,0.27777777777777773,1.0,0.5166666666666667,0.4833333333333333
rel:29,rel:29|cond=rel:29:founding:anchor,oracle_exact,oracle_exact,40,,,,0,37,1,1,0,0,18,0,0.0,0.0,16,0.0,0.0,0.0,0.6666666666666666,0.25555555555555554,0.4111111111111111,1.0,0.3833333333333333,0.6166666666666667
rel:29,rel:29|cond=rel:29:founding:anchor,oracle_exact,oracle_exact,80,,,,0,50,2,0,0,0,18,0,0.0,0.0,16,0.0,0.0,0.0,0.6666666666666666,0.25555555555555554,0.4111111111111111,1.0,0.3833333333333333,0.6166666666666667
rel:29,rel:29|cond=rel:29:founding:anchor,pointer__sigma0p5,pointer,40,0.45,0.1788510987426215,0.7183332409583436,2,38,0,1,5,14,0,16,1.0,51.0,16,0.0,0.1916666666666667,-0.1916666666666667,0.6666666666666666,0.7072222222222222,-0.04055555555555557,1.0,0.95,0.050000000000000044
rel:29,rel:29|cond=rel:29:founding:anchor,pointer__sigma0p5,pointer,80,0.45,0.1788510987426215,0.7183332409583436,2,76,1,0,10,9,0,16,1.0,51.0,16,0.0,0.1916666666666667,-0.1916666666666667,0.6666666666666666,0.6972222222222222,-0.030555555555555558,1.0,0.95,0.050000000000000044
rel:29,rel:29|cond=rel:29:founding:anchor,pointer__sigma1,pointer,40,0.9,0.7582766571931676,0.0,2,23,0,1,2,17,0,16,1.0,51.0,16,0.0,0.1916666666666667,-0.1916666666666667,0.6666666666666666,0.5805555555555556,0.08611111111111103,1.0,0.7749999999999999,0.2250000000000001
rel:29,rel:29|cond=rel:29:founding:anchor,pointer__sigma1,pointer,80,0.9,0.7582766571931676,0.0,2,36,1,0,2,17,0,16,1.0,51.0,16,0.0,0.1916666666666667,-0.1916666666666667,0.6666666666666666,0.5805555555555556,0.08611111111111103,1.0,0.7749999999999999,0.2250000000000001
rel:29,rel:29|cond=rel:29:founding:anchor,pointer__tau0p5,pointer,40,0.22499999999999998,0.03805118115463712,0.9151505959607085,2,38,0,1,5,14,0,16,1.0,51.0,16,0.0,0.1916666666666667,-0.1916666666666667,0.6666666666666666,0.7072222222222222,-0.04055555555555557,1.0,0.95,0.050000000000000044
rel:29,rel:29|cond=rel:29:founding:anchor,pointer__tau0p5,pointer,80,0.22499999999999998,0.03805118115463712,0.9151505959607085,2,76,1,0,10,9,0,16,1.0,51.0,16,0.0,0.1916666666666667,-0.1916666666666667,0.6666666666666666,0.6972222222222222,-0.030555555555555558,1.0,0.95,0.050000000000000044
rel:29,rel:29|cond=rel:29:founding:anchor,pointer__tau0,pointer,40,0.0,0.0,0.6783898247235198,2,38,0,1,5,14,0,16,1.0,51.0,16,0.0,0.1916666666666667,-0.1916666666666667,0.6666666666666666,0.7072222222222222,-0.04055555555555557,1.0,0.95,0.050000000000000044
rel:29,rel:29|cond=rel:29:founding:anchor,pointer__tau0,pointer,80,0.0,0.0,0.6783898247235198,2,76,1,0,10,9,0,16,1.0,51.0,16,0.0,0.1916666666666667,-0.1916666666666667,0.6666666666666666,0.6972222222222222,-0.030555555555555558,1.0,0.95,0.050000000000000044
rel:29,rel:29|cond=rel:29:founding:anchor,pointer__tau1,pointer,40,0.44999999999999996,0.15191136719789716,1.0,2,38,0,1,5,14,0,16,1.0,51.0,16,0.0,0.1916666666666667,-0.1916666666666667,0.6666666666666666,0.6972222222222222,-0.030555555555555558,1.0,0.95,0.050000000000000044
rel:29,rel:29|cond=rel:29:founding:anchor,pointer__tau1,pointer,80,0.44999999999999996,0.15191136719789716,1.0,2,76,1,0,10,9,0,16,1.0,51.0,16,0.0,0.1916666666666667,-0.1916666666666667,0.6666666666666666,0.6972222222222222,-0.030555555555555558,1.0,0.95,0.050000000000000044
rel:29,rel:29|cond=rel:29:founding:anchor,preserve__sigma0p5,preserve,40,0.45,0.1788510987426215,0.7183332409583436,0,27,0,2,0,0,18,0,0.0,0.0,16,0.0,0.03333333333333334,-0.03333333333333334,0.6666666666666666,0.15305555555555556,0.513611111111111,1.0,0.06666666666666668,0.9333333333333333
rel:29,rel:29|cond=rel:29:founding:anchor,preserve__sigma0p5,preserve,80,0.45,0.1788510987426215,0.7183332409583436,0,65,2,1,0,0,17,0,0.0,0.0,16,0.0,0.03333333333333334,-0.03333333333333334,0.6666666666666666,0.28888888888888886,0.37777777777777777,1.0,0.41666666666666663,0.5833333333333334
rel:29,rel:29|cond=rel:29:founding:anchor,preserve__sigma1,preserve,40,0.9,0.7582766571931676,0.0,0,40,1,1,0,0,18,0,0.0,0.0,16,0.0,0.03333333333333334,-0.03333333333333334,0.6666666666666666,0.06555555555555556,0.601111111111111,1.0,0.06666666666666668,0.9333333333333333
rel:29,rel:29|cond=rel:29:founding:anchor,preserve__sigma1,preserve,80,0.9,0.7582766571931676,0.0,0,65,2,1,0,0,17,0,0.0,0.0,16,0.0,0.06666666666666668,-0.06666666666666668,0.6666666666666666,0.0888888888888889,0.5777777777777777,1.0,0.10000000000000002,0.9
rel:29,rel:29|cond=rel:29:founding:anchor,preserve__tau0p5,preserve,40,0.22499999999999998,0.03805118115463712,0.9151505959607085,0,25,0,2,0,0,18,0,0.0,0.0,16,0.0,0.0,0.0,0.6666666666666666,0.25555555555555554,0.4111111111111111,1.0,0.3833333333333333,0.6166666666666667
rel:29,rel:29|cond=rel:29:founding:anchor,preserve__tau0p5,preserve,80,0.22499999999999998,0.03805118115463712,0.9151505959607085,0,50,2,0,0,0,18,0,0.0,0.0,16,0.0,0.0,0.0,0.6666666666666666,0.25940170940170937,0.40726495726495726,1.0,0.3833333333333333,0.6166666666666667
rel:29,rel:29|cond=rel:29:founding:anchor,preserve__tau0,preserve,40,0.0,0.0,0.6783898247235198,0,25,0,2,0,0,18,0,0.0,0.0,16,0.0,0.0,0.0,0.6666666666666666,0.34305555555555556,0.32361111111111107,1.0,0.3833333333333333,0.6166666666666667
rel:29,rel:29|cond=rel:29:founding:anchor,preserve__tau0,preserve,80,0.0,0.0,0.6783898247235198,0,64,2,1,0,0,17,0,0.0,0.0,16,0.0,0.0,0.0,0.6666666666666666,0.37222222222222223,0.2944444444444444,1.0,0.5583333333333332,0.44166666666666676
rel:29,rel:29|cond=rel:29:founding:anchor,preserve__tau1,preserve,40,0.44999999999999996,0.15191136719789716,1.0,0,13,0,1,0,0,19,0,0.0,0.0,16,0.0,0.0,0.0,0.0,0.022222222222222227,-0.022222222222222227,0.0,0.03333333333333334,-0.03333333333333334
rel:29,rel:29|cond=rel:29:founding:anchor,preserve__tau1,preserve,80,0.44999999999999996,0.15191136719789716,1.0,0,75,1,4,0,0,15,0,0.0,0.0,16,0.0,0.13333333333333336,-0.13333333333333336,0.6666666666666666,0.3888888888888889,0.27777777777777773,1.0,0.5166666666666667,0.4833333333333333
rel:29,rel:29|cond=rel:29:founding:anchor,retrieval_only,retrieval_only,40,,,,2,13,0,1,0,19,0,16,1.0,51.0,16,0.0,0.1916666666666667,-0.1916666666666667,0.6666666666666666,0.5805555555555556,0.08611111111111103,1.0,0.7749999999999999,0.2250000000000001
rel:29,rel:29|cond=rel:29:founding:anchor,retrieval_only,retrieval_only,80,,,,2,26,1,0,0,19,0,16,1.0,51.0,16,0.0,0.1916666666666667,-0.1916666666666667,0.6666666666666666,0.5805555555555556,0.08611111111111103,1.0,0.7749999999999999,0.2250000000000001
rel:29,rel:29|cond=rel:29:founding:anchor,static_conditioned,static_conditioned,40,,,,0,13,0,1,0,0,19,0,0.0,0.0,16,0.0,0.0,0.0,0.0,0.022222222222222227,-0.022222222222222227,0.0,0.03333333333333334,-0.03333333333333334
rel:29,rel:29|cond=rel:29:founding:anchor,static_conditioned,static_conditioned,80,,,,0,26,1,0,0,0,19,0,0.0,0.0,16,0.0,0.0,0.0,0.6666666666666666,0.03222222222222223,0.6344444444444444,1.0,0.03333333333333334,0.9666666666666667
rel:29,rel:29|cond=rel:29:founding:anchor,uncertainty_aware__tau0,uncertainty_aware,40,0.0,0.0,0.6783898247235198,0,25,0,2,0,0,18,0,0.0,0.0,16,0.0,0.0,0.0,0.6666666666666666,0.34305555555555556,0.32361111111111107,1.0,0.3833333333333333,0.6166666666666667
rel:29,rel:29|cond=rel:29:founding:anchor,uncertainty_aware__tau0,uncertainty_aware,80,0.0,0.0,0.6783898247235198,0,64,2,1,0,0,17,0,0.0,0.0,16,0.0,0.0,0.0,0.6666666666666666,0.37222222222222223,0.2944444444444444,1.0,0.5583333333333332,0.44166666666666676
rel:29,rel:29|cond=rel:29:founding:anchor,uncertainty_aware__tau1,uncertainty_aware,40,0.44999999999999996,0.15191136719789716,1.0,2,13,0,1,0,19,0,16,1.0,51.0,16,0.0,0.1916666666666667,-0.1916666666666667,0.6666666666666666,0.5805555555555556,0.08611111111111103,1.0,0.7749999999999999,0.2250000000000001
rel:29,rel:29|cond=rel:29:founding:anchor,uncertainty_aware__tau1,uncertainty_aware,80,0.44999999999999996,0.15191136719789716,1.0,2,26,1,0,0,19,0,16,1.0,51.0,16,0.0,0.1916666666666667,-0.1916666666666667,0.6666666666666666,0.5805555555555556,0.08611111111111103,1.0,0.7749999999999999,0.2250000000000001
rel:3,rel:3|cond=rel:3:custom:anchor,blind,blind,40,,,,0,13,0,1,0,0,17,0,0.0,0.0,16,1.0,0.03333333333333334,0.9666666666666667,1.0,0.05722222222222223,0.9427777777777777,1.0,0.03333333333333334,0.9666666666666667
rel:3,rel:3|cond=rel:3:custom:anchor,blind,blind,80,,,,0,77,1,4,0,0,13,0,0.0,0.0,16,1.0,0.3416666666666667,0.6583333333333333,1.0,0.3416666666666667,0.6583333333333333,1.0,0.3416666666666667,0.6583333333333333
rel:3,rel:3|cond=rel:3:custom:anchor,oracle_exact,oracle_exact,40,,,,0,28,0,2,0,0,16,0,0.0,0.0,16,1.0,0.3833333333333333,0.6166666666666667,1.0,0.4033333333333333,0.5966666666666667,1.0,0.3833333333333333,0.6166666666666667
rel:3,rel:3|cond=rel:3:custom:anchor,oracle_exact,oracle_exact,80,,,,0,57,2,0,0,0,16,0,0.0,0.0,16,1.0,0.3833333333333333,0.6166666666666667,1.0,0.3833333333333333,0.6166666666666667,1.0,0.3833333333333333,0.6166666666666667
rel:3,rel:3|cond=rel:3:custom:anchor,pointer__sigma0p5,pointer,40,0.45,0.1788510987426215,0.7183332409583436,2,38,0,1,5,12,0,16,1.0,52.1875,16,1.0,0.7749999999999999,0.2250000000000001,1.0,0.7949999999999999,0.20500000000000007,1.0,0.7999999999999999,0.20000000000000007
rel:3,rel:3|cond=rel:3:custom:anchor,pointer__sigma0p5,pointer,80,0.45,0.1788510987426215,0.7183332409583436,2,77,1,0,10,7,0,16,1.0,52.1875,16,1.0,0.7749999999999999,0.2250000000000001,1.0,0.7949999999999999,0.20500000000000007,1.0,0.7999999999999999,0.20000000000000007
rel:3,rel:3|cond=rel:3:custom:anchor,pointer__sigma1,pointer,40,0.9,0.7582766571931676,0.0,2,28,0,1,3,14,0,16,1.0,52.1875,16,1.0,0.7749999999999999,0.2250000000000001,1.0,0.7949999999999999,0.20500000000000007,1.0,0.7999999999999999,0.20000000000000007
rel:3,rel:3|cond=rel:3:custom:anchor,pointer__sigma1,pointer,80,0.9,0.7582766571931676,0.0,2,42,1,0,3,14,0,16,1.0,52.1875,16,1.0,0.7999999999999999,0.20000000000000007,1.0,0.7999999999999999,0.20000000000000007,1.0,0.7999999999999999,0.20000000000000007
rel:3,rel:3|cond=rel:3:custom:anchor,pointer__tau0p5,pointer,40,0.22499999999999998,0.03805118115463712,0.9151505959607085,2,38,0,1,5,12,0,16,1.0,52.1875,16,1.0,0.7999999999999999,0.20000000000000007,1.0,0.7999999999999999,0.20000000000000007,1.0,0.7999999999999999,0.20000000000000007
rel:3,rel:3|cond=rel:3:custom:anchor,pointer__tau0p5,pointer,80,0.22499999999999998,0.03805118115463712,0.9151505959607085,2,77,1,0,10,7,0,16,1.0,52.1875,16,1.0,0.7749999999999999,0.2250000000000001,1.0,0.7949999999999999,0.20500000000000007,1.0,0.7999999999999999,0.20000000000000007
rel:3,rel:3|cond=rel:3:custom:anchor,pointer__tau0,pointer,40,0.0,0.0,0.6783898247235198,2,38,0,1,5,12,0,16,1.0,52.1875,16,1.0,0.7999999999999999,0.20000000000000007,1.0,0.7999999999999999,0.20000000000000007,1.0,0.7999999999999999,0.20000000000000007
rel:3,rel:3|cond=rel:3:custom:anchor,pointer__tau0,pointer,80,0.0,0.0,0.6783898247235198,2,77,1,0,10,7,0,16,1.0,52.1875,16,1.0,0.7749999999999999,0.2250000000000001,1.0,0.7949999999999999,0.20500000000000007,1.0,0.7999999999999999,0.20000000000000007
rel:3,rel:3|cond=rel:3:custom:anchor,pointer__tau1,pointer,40,0.44999999999999996,0.15191136719789716,1.0,2,38,0,1,5,12,0,16,1.0,52.1875,16,1.0,0.7999999999999999,0.20000000000000007,1.0,0.7999999999999999,0.20000000000000007,1.0,0.7999999999999999,0.20000000000000007
rel:3,rel:3|cond=rel:3:custom:anchor,pointer__tau1,pointer,80,0.44999999999999996,0.15191136719789716,1.0,2,77,1,0,10,7,0,16,1.0,52.1875,16,1.0,0.7749999999999999,0.2250000000000001,1.0,0.7949999999999999,0.20500000000000007,1.0,0.7999999999999999,0.20000000000000007
rel:3,rel:3|cond=rel:3:custom:anchor,preserve__sigma0p5,preserve,40,0.45,0.1788510987426215,0.7183332409583436,0,26,0,2,0,0,16,0,0.0,0.0,16,1.0,0.08333333333333334,0.9166666666666666,1.0,0.08333333333333334,0.9166666666666666,1.0,0.08333333333333334,0.9166666666666666
rel:3,rel:3|cond=rel:3:custom:anchor,preserve__sigma0p5,preserve,80,0.45,0.1788510987426215,0.7183332409583436,0,69,2,1,0,0,15,0,0.0,0.0,16,1.0,0.43333333333333335,0.5666666666666667,1.0,0.43333333333333335,0.5666666666666667,1.0,0.43333333333333335,0.5666666666666667
rel:3,rel:3|cond=rel:3:custom:anchor,preserve__sigma1,preserve,40,0.9,0.7582766571931676,0.0,0,40,1,1,0,0,16,0,0.0,0.0,16,1.0,0.08333333333333334,0.9166666666666666,1.0,0.10000000000000003,0.8999999999999999,1.0,0.08333333333333334,0.9166666666666666
rel:3,rel:3|cond=rel:3:custom:anchor,preserve__sigma1,preserve,80,0.9,0.7582766571931676,0.0,0,69,2,1,0,0,15,0,0.0,0.0,16,1.0,0.08333333333333334,0.9166666666666666,1.0,0.10333333333333335,0.8966666666666666,1.0,0.10833333333333335,0.8916666666666666
rel:3,rel:3|cond=rel:3:custom:anchor,preserve__tau0p5,preserve,40,0.22499999999999998,0.03805118115463712,0.9151505959607085,0,25,0,2,0,0,16,0,0.0,0.0,16,1.0,0.20833333333333331,0.7916666666666667,1.0,0.21127450980392157,0.7887254901960784,1.0,0.20833333333333331,0.7916666666666667
rel:3,rel:3|cond=rel:3:custom:anchor,preserve__tau0p5,preserve,80,0.22499999999999998,0.03805118115463712,0.9151505959607085,0,42,1,1,0,0,16,0,0.0,0.0,16,1.0,0.3833333333333333,0.6166666666666667,1.0,0.3933333333333333,0.6066666666666667,1.0,0.3833333333333333,0.6166666666666667
rel:3,rel:3|cond=rel:3:custom:anchor,preserve__tau0,preserve,40,0.0,0.0,0.6783898247235198,0,28,0,2,0,0,16,0,0.0,0.0,16,1.0,0.3833333333333333,0.6166666666666667,1.0,0.39627450980392154,0.6037254901960785,1.0,0.3833333333333333,0.6166666666666667
rel:3,rel:3|cond=rel:3:custom:anchor,preserve__tau0,preserve,80,0.0,0.0,0.6783898247235198,0,57,2,0,0,0,16,0,0.0,0.0,16,1.0,0.3833333333333333,0.6166666666666667,1.0,0.3833333333333333,0.6166666666666667,1.0,0.3833333333333333,0.6166666666666667
rel:3,rel:3|cond=rel:3:custom:anchor,preserve__tau1,preserve,40,0.44999999999999996,0.15191136719789716,1.0,0,13,0,1,0,0,17,0,0.0,0.0,16,1.0,0.03333333333333334,0.9666666666666667,1.0,0.05722222222222223,0.9427777777777777,1.0,0.03333333333333334,0.9666666666666667
rel:3,rel:3|cond=rel:3:custom:anchor,preserve__tau1,preserve,80,0.44999999999999996,0.15191136719789716,1.0,0,77,1,4,0,0,13,0,0.0,0.0,16,1.0,0.3416666666666667,0.6583333333333333,1.0,0.3416666666666667,0.6583333333333333,1.0,0.3416666666666667,0.6583333333333333
rel:3,rel:3|cond=rel:3:custom:anchor,retrieval_only,retrieval_only,40,,,,2,13,0,1,0,17,0,16,1.0,52.1875,16,1.0,0.75,0.25,1.0,0.7866666666666666,0.21333333333333337,1.0,0.7999999999999999,0.20000000000000007
rel:3,rel:3|cond=rel:3:custom:anchor,retrieval_only,retrieval_only,80,,,,2,27,1,0,0,17,0,16,1.0,52.1875,16,1.0,0.7749999999999999,0.2250000000000001,1.0,0.7949999999999999,0.20500000000000007,1.0,0.7999999999999999,0.20000000000000007
rel:3,rel:3|cond=rel:3:custom:anchor,static_conditioned,static_conditioned,40,,,,0,13,0,1,0,0,17,0,0.0,0.0,16,1.0,0.03333333333333334,0.9666666666666667,1.0,0.05722222222222223,0.9427777777777777,1.0,0.03333333333333334,0.9666666666666667
rel:3,rel:3|cond=rel:3:custom:anchor,static_conditioned,static_conditioned,80,,,,0,27,1,0,0,0,17,0,0.0,0.0,16,1.0,0.03333333333333334,0.9666666666666667,1.0,0.04166666666666667,0.9583333333333334,1.0,0.03333333333333334,0.9666666666666667
rel:3,rel:3|cond=rel:3:custom:anchor,uncertainty_aware__tau0,uncertainty_aware,40,0.0,0.0,0.6783898247235198,0,28,0,2,0,0,16,0,0.0,0.0,16,1.0,0.3833333333333333,0.6166666666666667,1.0,0.39627450980392154,0.6037254901960785,1.0,0.3833333333333333,0.6166666666666667
rel:3,rel:3|cond=rel:3:custom:anchor,uncertainty_aware__tau0,uncertainty_aware,80,0.0,0.0,0.6783898247235198,0,57,2,0,0,0,16,0,0.0,0.0,16,1.0,0.3833333333333333,0.6166666666666667,1.0,0.3833333333333333,0.6166666666666667,1.0,0.3833333333333333,0.6166666666666667
rel:3,rel:3|cond=rel:3:custom:anchor,uncertainty_aware__tau1,uncertainty_aware,40,0.44999999999999996,0.15191136719789716,1.0,2,13,0,1,0,17,0,16,1.0,52.1875,16,1.0,0.75,0.25,1.0,0.7866666666666666,0.21333333333333337,1.0,0.7999999999999999,0.20000000000000007
rel:3,rel:3|cond=rel:3:custom:anchor,uncertainty_aware__tau1,uncertainty_aware,80,0.44999999999999996,0.15191136719789716,1.0,2,27,1,0,0,17,0,16,1.0,52.1875,16,1.0,0.7749999999999999,0.2250000000000001,1.0,0.7949999999999999,0.20500000000000007,1.0,0.7999999999999999,0.20000000000000007
rel:3,rel:3|cond=rel:3:facilities:anchor,blind,blind,40,,,,0,13,0,1,0,0,17,0,0.0,0.0,16,1.0,0.03333333333333334,0.9666666666666667,1.0,0.03333333333333334,0.9666666666666667,1.0,0.03333333333333334,0.9666666666666667
rel:3,rel:3|cond=rel:3:facilities:anchor,blind,blind,80,,,,0,76,1,4,0,0,13,0,0.0,0.0,16,1.0,0.4916666666666667,0.5083333333333333,1.0,0.4916666666666667,0.5083333333333333,1.0,0.4916666666666667,0.5083333333333333
rel:3,rel:3|cond=rel:3:facilities:anchor,oracle_exact,oracle_exact,40,,,,0,25,0,2,0,0,16,0,0.0,0.0,16,1.0,0.3833333333333333,0.6166666666666667,1.0,0.39999999999999997,0.6000000000000001,1.0,0.41666666666666663,0.5833333333333334
rel:3,rel:3|cond=rel:3:facilities:anchor,oracle_exact,oracle_exact,80,,,,0,56,2,0,0,0,16,0,0.0,0.0,16,1.0,0.3833333333333333,0.6166666666666667,1.0,0.3833333333333333,0.6166666666666667,1.0,0.3833333333333333,0.6166666666666667
rel:3,rel:3|cond=rel:3:facilities:anchor,pointer__sigma0p5,pointer,40,0.45,0.1788510987426215,0.7183332409583436,2,38,0,1,5,12,0,16,1.0,53.5625,16,1.0,0.9166666666666666,0.08333333333333337,1.0,0.9433333333333334,0.05666666666666664,1.0,0.95,0.050000000000000044
rel:3,rel:3|cond=rel:3:facilities:anchor,pointer__sigma0p5,pointer,80,0.45,0.1788510987426215,0.7183332409583436,2,77,1,0,10,7,0,16,1.0,53.5625,16,1.0,0.9166666666666666,0.08333333333333337,1.0,0.9433333333333334,0.05666666666666664,1.0,0.95,0.050000000000000044
rel:3,rel:3|cond=rel:3:facilities:anchor,pointer__sigma1,pointer,40,0.9,0.7582766571931676,0.0,2,28,0,1,3,14,0,16,1.0,53.5625,16,1.0,0.9166666666666666,0.08333333333333337,1.0,0.9433333333333334,0.05666666666666664,1.0,0.95,0.050000000000000044
rel:3,rel:3|cond=rel:3:facilities:anchor,pointer__sigma1,pointer,80,0.9,0.7582766571931676,0.0,2,42,1,0,3,14,0,16,1.0,53.5625,16,1.0,0.9166666666666666,0.08333333333333337,1.0,0.9433333333333334,0.05666666666666664,1.0,0.95,0.050000000000000044
rel:3,rel:3|cond=rel:3:facilities:anchor,pointer__tau0p5,pointer,40,0.22499999999999998,0.038051181154637126,0.9151505959607085,2,38,0,1,5,12,0,16,1.0,53.5625,16,1.0,0.9166666666666666,0.08333333333333337,1.0,0.9433333333333334,0.05666666666666664,1.0,0.95,0.050000000000000044
rel:3,rel:3|cond=rel:3:facilities:anchor,pointer__tau0p5,pointer,80,0.22499999999999998,0.038051181154637126,0.9151505959607085,2,77,1,0,10,7,0,16,1.0,53.5625,16,1.0,0.9166666666666666,0.08333333333333337,1.0,0.9433333333333334,0.05666666666666664,1.0,0.95,0.050000000000000044
rel:3,rel:3|cond=rel:3:facilities:anchor,pointer__tau0,pointer,40,0.0,0.0,0.6783898247235198,2,38,0,1,5,12,0,16,1.0,53.5625,16,1.0,0.9166666666666666,0.08333333333333337,1.0,0.9433333333333334,0.05666666666666664,1.0,0.95,0.050000000000000044
rel:3,rel:3|cond=rel:3:facilities:anchor,pointer__tau0,pointer,80,0.0,0.0,0.6783898247235198,2,77,1,0,10,7,0,16,1.0,53.5625,16,1.0,0.9166666666666666,0.08333333333333337,1.0,0.9433333333333334,0.05666666666666664,1.0,0.95,0.050000000000000044
rel:3,rel:3|cond=rel:3:facilities:anchor,pointer__tau1,pointer,40,0.44999999999999996,0.1519113671978972,1.0,2,38,0,1,5,12,0,16,1.0,53.5625,16,1.0,0.9166666666666666,0.08333333333333337,1.0,0.9433333333333334,0.05666666666666664,1.0,0.95,0.050000000000000044
rel:3,rel:3|cond=rel:3:facilities:anchor,pointer__tau1,pointer,80,0.44999999999999996,0.1519113671978972,1.0,2,77,1,0,10,7,0,16,1.0,53.5625,16,1.0,0.9166666666666666,0.08333333333333337,1.0,0.9433333333333334,0.05666666666666664,1.0,0.95,0.050000000000000044
rel:3,rel:3|cond=rel:3:facilities:anchor,preserve__sigma0p5,preserve,40,0.45,0.1788510987426215,0.7183332409583436,0,28,0,2,0,0,16,0,0.0,0.0,16,1.0,0.05000000000000001,0.95,1.0,0.09333333333333335,0.9066666666666666,1.0,0.1166666666666667,0.8833333333333333
rel:3,rel:3|cond=rel:3:facilities:anchor,preserve__sigma0p5,preserve,80,0.45,0.1788510987426215,0.7183332409583436,0,66,1,3,0,0,14,0,0.0,0.0,16,1.0,0.4583333333333333,0.5416666666666667,1.0,0.4583333333333333,0.5416666666666667,1.0,0.4583333333333333,0.5416666666666667
rel:3,rel:3|cond=rel:3:facilities:anchor,preserve__sigma1,preserve,40,0.9,0.7582766571931676,0.0,0,40,0,3,0,0,15,0,0.0,0.0,16,1.0,0.10833333333333335,0.8916666666666666,1.0,0.12166666666666667,0.8783333333333333,1.0,0.10833333333333335,0.8916666666666666
rel:3,rel:3|cond=rel:3:facilities:anchor,preserve__sigma1,preserve,80,0.9,0.7582766571931676,0.0,0,73,2,1,0,0,15,0,0.0,0.0,16,1.0,0.10833333333333335,0.8916666666666666,1.0,0.10833333333333335,0.8916666666666666,1.0,0.10833333333333335,0.8916666666666666
rel:3,rel:3|cond=rel:3:facilities:anchor,preserve__tau0p5,preserve,40,0.22499999999999998,0.038051181154637126,0.9151505959607085,0,25,0,2,0,0,16,0,0.0,0.0,16,1.0,0.3833333333333333,0.6166666666666667,1.0,0.39999999999999997,0.6000000000000001,1.0,0.41666666666666663,0.5833333333333334
rel:3,rel:3|cond=rel:3:facilities:anchor,preserve__tau0p5,preserve,80,0.22499999999999998,0.038051181154637126,0.9151505959607085,0,50,1,2,0,0,15,0,0.0,0.0,16,1.0,0.5583333333333332,0.44166666666666676,1.0,0.5583333333333332,0.44166666666666676,1.0,0.5583333333333332,0.44166666666666676
rel:3,rel:3|cond=rel:3:facilities:anchor,preserve__tau0,preserve,40,0.0,0.0,0.6783898247235198,0,25,0,2,0,0,16,0,0.0,0.0,16,1.0,0.3833333333333333,0.6166666666666667,1.0,0.3833333333333333,0.6166666666666667,1.0,0.3833333333333333,0.6166666666666667
rel:3,rel:3|cond=rel:3:facilities:anchor,preserve__tau0,preserve,80,0.0,0.0,0.6783898247235198,0,56,2,0,0,0,16,0,0.0,0.0,16,1.0,0.3833333333333333,0.6166666666666667,1.0,0.3833333333333333,0.6166666666666667,1.0,0.3833333333333333,0.6166666666666667
rel:3,rel:3|cond=rel:3:facilities:anchor,preserve__tau1,preserve,40,0.44999999999999996,0.1519113671978972,1.0,0,13,0,1,0,0,17,0,0.0,0.0,16,1.0,0.03333333333333334,0.9666666666666667,1.0,0.03333333333333334,0.9666666666666667,1.0,0.03333333333333334,0.9666666666666667
rel:3,rel:3|cond=rel:3:facilities:anchor,preserve__tau1,preserve,80,0.44999999999999996,0.1519113671978972,1.0,0,76,1,4,0,0,13,0,0.0,0.0,16,1.0,0.4916666666666667,0.5083333333333333,1.0,0.4916666666666667,0.5083333333333333,1.0,0.4916666666666667,0.5083333333333333
rel:3,rel:3|cond=rel:3:facilities:anchor,retrieval_only,retrieval_only,40,,,,2,13,0,1,0,17,0,16,1.0,53.5625,16,1.0,0.9166666666666666,0.08333333333333337,1.0,0.9433333333333334,0.05666666666666664,1.0,0.95,0.050000000000000044
rel:3,rel:3|cond=rel:3:facilities:anchor,retrieval_only,retrieval_only,80,,,,2,27,1,0,0,17,0,16,1.0,53.5625,16,1.0,0.9166666666666666,0.08333333333333337,1.0,0.9433333333333334,0.05666666666666664,1.0,0.95,0.050000000000000044
rel:3,rel:3|cond=rel:3:facilities:anchor,static_conditioned,static_conditioned,40,,,,0,13,0,1,0,0,17,0,0.0,0.0,16,1.0,0.03333333333333334,0.9666666666666667,1.0,0.03333333333333334,0.9666666666666667,1.0,0.03333333333333334,0.9666666666666667
rel:3,rel:3|cond=rel:3:facilities:anchor,static_conditioned,static_conditioned,80,,,,0,27,1,0,0,0,17,0,0.0,0.0,16,1.0,0.03333333333333334,0.9666666666666667,1.0,0.040476190476190485,0.9595238095238096,1.0,0.03333333333333334,0.9666666666666667
rel:3,rel:3|cond=rel:3:facilities:anchor,uncertainty_aware__tau0,uncertainty_aware,40,0.0,0.0,0.6783898247235198,0,25,0,2,0,0,16,0,0.0,0.0,16,1.0,0.3833333333333333,0.6166666666666667,1.0,0.39999999999999997,0.6000000000000001,1.0,0.41666666666666663,0.5833333333333334
rel:3,rel:3|cond=rel:3:facilities:anchor,uncertainty_aware__tau0,uncertainty_aware,80,0.0,0.0,0.6783898247235198,0,56,2,0,0,0,16,0,0.0,0.0,16,1.0,0.3833333333333333,0.6166666666666667,1.0,0.3833333333333333,0.6166666666666667,1.0,0.3833333333333333,0.6166666666666667
rel:3,rel:3|cond=rel:3:facilities:anchor,uncertainty_aware__tau1,uncertainty_aware,40,0.44999999999999996,0.1519113671978972,1.0,2,13,0,1,0,17,0,16,1.0,53.5625,16,1.0,0.7416666666666666,0.2583333333333334,1.0,0.885,0.11499999999999999,1.0,0.95,0.050000000000000044
rel:3,rel:3|cond=rel:3:facilities:anchor,uncertainty_aware__tau1,uncertainty_aware,80,0.44999999999999996,0.1519113671978972,1.0,2,27,1,0,0,17,0,16,1.0,53.5625,16,1.0,0.9166666666666666,0.08333333333333337,1.0,0.9433333333333334,0.05666666666666664,1.0,0.95,0.050000000000000044
rel:3,rel:3|cond=rel:3:finance:anchor,blind,blind,40,,,,0,12,0,1,0,0,17,0,0.0,0.0,16,1.0,0.03333333333333334,0.9666666666666667,1.0,0.045833333333333344,0.9541666666666666,1.0,0.05833333333333335,0.9416666666666667
rel:3,rel:3|cond=rel:3:finance:anchor,blind,blind,80,,,,0,78,1,4,0,0,13,0,0.0,0.0,16,1.0,0.4916666666666667,0.5083333333333333,1.0,0.4916666666666667,0.5083333333333333,1.0,0.4916666666666667,0.5083333333333333
rel:3,rel:3|cond=rel:3:finance:anchor,oracle_exact,oracle_exact,40,,,,0,39,1,1,0,0,16,0,0.0,0.0,16,1.0,0.3833333333333333,0.6166666666666667,1.0,0.3833333333333333,0.6166666666666667,1.0,0.3833333333333333,0.6166666666666667
rel:3,rel:3|cond=rel:3:finance:anchor,oracle_exact,oracle_exact,80,,,,0,56,2,0,0,0,16,0,0.0,0.0,16,1.0,0.3833333333333333,0.6166666666666667,1.0,0.3833333333333333,0.6166666666666667,1.0,0.3833333333333333,0.6166666666666667
rel:3,rel:3|cond=rel:3:finance:anchor,pointer__sigma0p5,pointer,40,0.45,0.1788510987426215,0.7183332409583437,2,37,0,1,5,12,0,16,1.0,52.375,16,1.0,0.7999999999999999,0.20000000000000007,1.0,0.7999999999999999,0.20000000000000007,1.0,0.7999999999999999,0.20000000000000007
rel:3,rel:3|cond=rel:3:finance:anchor,pointer__sigma0p5,pointer,80,0.45,0.1788510987426215,0.7183332409583437,2,79,1,0,10,7,0,16,1.0,52.375,16,1.0,0.7999999999999999,0.20000000000000007,1.0,0.7999999999999999,0.20000000000000007,1.0,0.7999999999999999,0.20000000000000007
rel:3,rel:3|cond=rel:3:finance:anchor,pointer__sigma1,pointer,40,0.9,0.7582766571931676,0.0,2,27,0,1,3,14,0,16,1.0,52.375,16,1.0,0.7999999999999999,0.20000000000000007,1.0,0.7999999999999999,0.20000000000000007,1.0,0.7999999999999999,0.20000000000000007
rel:3,rel:3|cond=rel:3:finance:anchor,pointer__sigma1,pointer,80,0.9,0.7582766571931676,0.0,2,44,1,0,3,14,0,16,1.0,52.375,16,1.0,0.7749999999999999,0.2250000000000001,1.0,0.7949999999999999,0.20500000000000007,1.0,0.7999999999999999,0.20000000000000007
rel:3,rel:3|cond=rel:3:finance:anchor,pointer__tau0p5,pointer,40,0.22499999999999998,0.038051181154637126,0.9151505959607087,2,37,0,1,5,12,0,16,1.0,52.375,16,1.0,0.7999999999999999,0.20000000000000007,1.0,0.7999999999999999,0.20000000000000007,1.0,0.7999999999999999,0.20000000000000007
rel:3,rel:3|cond=rel:3:finance:anchor,pointer__tau0p5,pointer,80,0.22499999999999998,0.038051181154637126,0.9151505959607087,2,79,1,0,10,7,0,16,1.0,52.375,16,1.0,0.7999999999999999,0.20000000000000007,1.0,0.7999999999999999,0.20000000000000007,1.0,0.7999999999999999,0.20000000000000007
rel:3,rel:3|cond=rel:3:finance:anchor,pointer__tau0,pointer,40,0.0,0.0,0.6783898247235198,2,37,0,1,5,12,0,16,1.0,52.375,16,1.0,0.7999999999999999,0.20000000000000007,1.0,0.7999999999999999,0.20000000000000007,1.0,0.7999999999999999,0.20000000000000007
rel:3,rel:3|cond=rel:3:finance:anchor,pointer__tau0,pointer,80,0.0,0.0,0.6783898247235198,2,79,1,0,10,7,0,16,1.0,52.375,16,1.0,0.7749999999999999,0.2250000000000001,1.0,0.7949999999999999,0.20500000000000007,1.0,0.7999999999999999,0.20000000000000007
rel:3,rel:3|cond=rel:3:finance:anchor,pointer__tau1,pointer,40,0.44999999999999996,0.1519113671978972,1.0,2,37,0,1,5,12,0,16,1.0,52.375,16,1.0,0.7666666666666666,0.2333333333333334,1.0,0.7888888888888889,0.21111111111111114,1.0,0.7999999999999999,0.20000000000000007
rel:3,rel:3|cond=rel:3:finance:anchor,pointer__tau1,pointer,80,0.44999999999999996,0.1519113671978972,1.0,2,79,1,0,10,7,0,16,1.0,52.375,16,1.0,0.7749999999999999,0.2250000000000001,1.0,0.7949999999999999,0.20500000000000007,1.0,0.7999999999999999,0.20000000000000007
rel:3,rel:3|cond=rel:3:finance:anchor,preserve__sigma0p5,preserve,40,0.45,0.1788510987426215,0.7183332409583437,0,27,0,2,0,0,16,0,0.0,0.0,16,1.0,0.08333333333333334,0.9166666666666666,1.0,0.08333333333333334,0.9166666666666666,1.0,0.08333333333333334,0.9166666666666666
rel:3,rel:3|cond=rel:3:finance:anchor,preserve__sigma0p5,preserve,80,0.45,0.1788510987426215,0.7183332409583437,0,69,1,3,0,0,14,0,0.0,0.0,16,1.0,0.4583333333333333,0.5416666666666667,1.0,0.4583333333333333,0.5416666666666667,1.0,0.4583333333333333,0.5416666666666667
rel:3,rel:3|cond=rel:3:finance:anchor,preserve__sigma1,preserve,40,0.9,0.7582766571931676,0.0,0,39,0,3,0,0,15,0,0.0,0.0,16,1.0,0.10833333333333335,0.8916666666666666,1.0,0.10833333333333335,0.8916666666666666,1.0,0.10833333333333335,0.8916666666666666
rel:3,rel:3|cond=rel:3:finance:anchor,preserve__sigma1,preserve,80,0.9,0.7582766571931676,0.0,0,75,2,1,0,0,15,0,0.0,0.0,16,1.0,0.10833333333333335,0.8916666666666666,1.0,0.10833333333333335,0.8916666666666666,1.0,0.10833333333333335,0.8916666666666666
rel:3,rel:3|cond=rel:3:finance:anchor,preserve__tau0p5,preserve,40,0.22499999999999998,0.038051181154637126,0.9151505959607087,0,25,0,2,0,0,16,0,0.0,0.0,16,1.0,0.3833333333333333,0.6166666666666667,1.0,0.3833333333333333,0.6166666666666667,1.0,0.3833333333333333,0.6166666666666667
rel:3,rel:3|cond=rel:3:finance:anchor,preserve__tau0p5,preserve,80,0.22499999999999998,0.038051181154637126,0.9151505959607087,0,42,1,1,0,0,16,0,0.0,0.0,16,1.0,0.3833333333333333,0.6166666666666667,1.0,0.39166666666666666,0.6083333333333334,1.0,0.3833333333333333,0.6166666666666667
rel:3,rel:3|cond=rel:3:finance:anchor,preserve__tau0,preserve,40,0.0,0.0,0.6783898247235198,0,25,0,2,0,0,16,0,0.0,0.0,16,1.0,0.3833333333333333,0.6166666666666667,1.0,0.3833333333333333,0.6166666666666667,1.0,0.3833333333333333,0.6166666666666667
rel:3,rel:3|cond=rel:3:finance:anchor,preserve__tau0,preserve,80,0.0,0.0,0.6783898247235198,0,56,2,0,0,0,16,0,0.0,0.0,16,1.0,0.3833333333333333,0.6166666666666667,1.0,0.3833333333333333,0.6166666666666667,1.0,0.3833333333333333,0.6166666666666667
rel:3,rel:3|cond=rel:3:finance:anchor,preserve__tau1,preserve,40,0.44999999999999996,0.1519113671978972,1.0,0,12,0,1,0,0,17,0,0.0,0.0,16,1.0,0.03333333333333334,0.9666666666666667,1.0,0.04791666666666668,0.9520833333333333,1.0,0.05833333333333335,0.9416666666666667
rel:3,rel:3|cond=rel:3:finance:anchor,preserve__tau1,preserve,80,0.44999999999999996,0.1519113671978972,1.0,0,78,1,4,0,0,13,0,0.0,0.0,16,1.0,0.4916666666666667,0.5083333333333333,1.0,0.4916666666666667,0.5083333333333333,1.0,0.4916666666666667,0.5083333333333333
rel:3,rel:3|cond=rel:3:finance:anchor,retrieval_only,retrieval_only,40,,,,2,12,0,1,0,17,0,16,1.0,52.375,16,1.0,0.7749999999999999,0.2250000000000001,1.0,0.7949999999999999,0.20500000000000007,1.0,0.7999999999999999,0.20000000000000007
rel:3,rel:3|cond=rel:3:finance:anchor,retrieval_only,retrieval_only,80,,,,2,29,1,0,0,17,0,16,1.0,52.375,16,1.0,0.7666666666666666,0.2333333333333334,1.0,0.7888888888888889,0.21111111111111114,1.0,0.7999999999999999,0.20000000000000007
rel:3,rel:3|cond=rel:3:finance:anchor,static_conditioned,static_conditioned,40,,,,0,12,0,1,0,0,17,0,0.0,0.0,16,1.0,0.03333333333333334,0.9666666666666667,1.0,0.04791666666666668,0.9520833333333333,1.0,0.05833333333333335,0.9416666666666667
rel:3,rel:3|cond=rel:3:finance:anchor,static_conditioned,static_conditioned,80,,,,0,29,1,0,0,0,17,0,0.0,0.0,16,1.0,0.03333333333333334,0.9666666666666667,1.0,0.045833333333333344,0.9541666666666666,1.0,0.05833333333333335,0.9416666666666667
rel:3,rel:3|cond=rel:3:finance:anchor,uncertainty_aware__tau0,uncertainty_aware,40,0.0,0.0,0.6783898247235198,0,25,0,2,0,0,16,0,0.0,0.0,16,1.0,0.3833333333333333,0.6166666666666667,1.0,0.3833333333333333,0.6166666666666667,1.0,0.3833333333333333,0.6166666666666667
rel:3,rel:3|cond=rel:3:finance:anchor,uncertainty_aware__tau0,uncertainty_aware,80,0.0,0.0,0.6783898247235198,0,56,2,0,0,0,16,0,0.0,0.0,16,1.0,0.3833333333333333,0.6166666666666667,1.0,0.3833333333333333,0.6166666666666667,1.0,0.3833333333333333,0.6166666666666667
rel:3,rel:3|cond=rel:3:finance:anchor,uncertainty_aware__tau1,uncertainty_aware,40,0.44999999999999996,0.1519113671978972,1.0,2,12,0,1,0,17,0,16,1.0,52.375,16,1.0,0.7749999999999999,0.2250000000000001,1.0,0.7949999999999999,0.20500000000000007,1.0,0.7999999999999999,0.20000000000000007
rel:3,rel:3|cond=rel:3:finance:anchor,uncertainty_aware__tau1,uncertainty_aware,80,0.44999999999999996,0.1519113671978972,1.0,2,29,1,0,0,17,0,16,1.0,52.375,16,1.0,0.7666666666666666,0.2333333333333334,1.0,0.7888888888888889,0.21111111111111114,1.0,0.7999999999999999,0.20000000000000007
rel:3,rel:3|cond=rel:3:founding:anchor,blind,blind,40,,,,0,15,0,1,0,0,17,0,0.0,0.0,16,1.0,0.03333333333333334,0.9666666666666667,1.0,0.06025641025641026,0.9397435897435897,1.0,0.03333333333333334,0.9666666666666667
rel:3,rel:3|cond=rel:3:founding:anchor,blind,blind,80,,,,0,66,1,3,0,0,14,0,0.0,0.0,16,1.0,0.2916666666666667,0.7083333333333333,1.0,0.2916666666666667,0.7083333333333333,1.0,0.2916666666666667,0.7083333333333333
rel:3,rel:3|cond=rel:3:founding:anchor,oracle_exact,oracle_exact,40,,,,0,28,0,2,0,0,16,0,0.0,0.0,16,1.0,0.20833333333333331,0.7916666666666667,1.0,0.4358333333333333,0.5641666666666667,1.0,0.5583333333333332,0.44166666666666676
rel:3,rel:3|cond=rel:3:founding:anchor,oracle_exact,oracle_exact,80,,,,0,57,2,0,0,0,16,0,0.0,0.0,16,1.0,0.3833333333333333,0.6166666666666667,1.0,0.3833333333333333,0.6166666666666667,1.0,0.3833333333333333,0.6166666666666667
rel:3,rel:3|cond=rel:3:founding:anchor,pointer__sigma0p5,pointer,40,0.45,0.1788510987426215,0.7183332409583436,2,40,0,1,5,12,0,16,1.0,52.625,16,1.0,0.7999999999999999,0.20000000000000007,1.0,0.7999999999999999,0.20000000000000007,1.0,0.7999999999999999,0.20000000000000007
rel:3,rel:3|cond=rel:3:founding:anchor,pointer__sigma0p5,pointer,80,0.45,0.1788510987426215,0.7183332409583436,2,80,1,0,10,7,0,16,1.0,52.625,16,1.0,0.7999999999999999,0.20000000000000007,1.0,0.7999999999999999,0.20000000000000007,1.0,0.7999999999999999,0.20000000000000007
rel:3,rel:3|cond=rel:3:founding:anchor,pointer__sigma1,pointer,40,0.9,0.7582766571931676,0.0,2,25,0,1,2,15,0,16,1.0,52.625,16,1.0,0.7999999999999999,0.20000000000000007,1.0,0.7999999999999999,0.20000000000000007,1.0,0.7999999999999999,0.20000000000000007
rel:3,rel:3|cond=rel:3:founding:anchor,pointer__sigma1,pointer,80,0.9,0.7582766571931676,0.0,2,40,1,0,2,15,0,16,1.0,52.625,16,1.0,0.7999999999999999,0.20000000000000007,1.0,0.7999999999999999,0.20000000000000007,1.0,0.7999999999999999,0.20000000000000007
rel:3,rel:3|cond=rel:3:founding:anchor,pointer__tau0p5,pointer,40,0.22499999999999998,0.03805118115463712,0.9151505959607085,2,40,0,1,5,12,0,16,1.0,52.625,16,1.0,0.7999999999999999,0.20000000000000007,1.0,0.7999999999999999,0.20000000000000007,1.0,0.7999999999999999,0.20000000000000007
rel:3,rel:3|cond=rel:3:founding:anchor,pointer__tau0p5,pointer,80,0.22499999999999998,0.03805118115463712,0.9151505959607085,2,80,1,0,10,7,0,16,1.0,52.625,16,1.0,0.625,0.375,1.0,0.765,0.235,1.0,0.7999999999999999,0.20000000000000007
rel:3,rel:3|cond=rel:3:founding:anchor,pointer__tau0,pointer,40,0.0,0.0,0.6783898247235198,2,40,0,1,5,12,0,16,1.0,52.625,16,1.0,0.7999999999999999,0.20000000000000007,1.0,0.7999999999999999,0.20000000000000007,1.0,0.7999999999999999,0.20000000000000007
rel:3,rel:3|cond=rel:3:founding:anchor,pointer__tau0,pointer,80,0.0,0.0,0.6783898247235198,2,80,1,0,10,7,0,16,1.0,52.625,16,1.0,0.7999999999999999,0.20000000000000007,1.0,0.7999999999999999,0.20000000000000007,1.0,0.7999999999999999,0.20000000000000007
rel:3,rel:3|cond=rel:3:founding:anchor,pointer__tau1,pointer,40,0.44999999999999996,0.15191136719789716,1.0,2,40,0,1,5,12,0,16,1.0,52.625,16,1.0,0.7999999999999999,0.20000000000000007,1.0,0.7999999999999999,0.20000000000000007,1.0,0.7999999999999999,0.20000000000000007
rel:3,rel:3|cond=rel:3:founding:anchor,pointer__tau1,pointer,80,0.44999999999999996,0.15191136719789716,1.0,2,80,1,0,10,7,0,16,1.0,52.625,16,1.0,0.7999999999999999,0.20000000000000007,1.0,0.7999999999999999,0.20000000000000007,1.0,0.7999999999999999,0.20000000000000007
rel:3,rel:3|cond=rel:3:founding:anchor,preserve__sigma0p5,preserve,40,0.45,0.1788510987426215,0.7183332409583436,0,27,0,2,0,0,16,0,0.0,0.0,16,1.0,0.06666666666666668,0.9333333333333333,1.0,0.06666666666666668,0.9333333333333333,1.0,0.06666666666666668,0.9333333333333333
rel:3,rel:3|cond=rel:3:founding:anchor,preserve__sigma0p5,preserve,80,0.45,0.1788510987426215,0.7183332409583436,0,71,1,3,0,0,14,0,0.0,0.0,16,1.0,0.45,0.55,1.0,0.45,0.55,1.0,0.45,0.55
rel:3,rel:3|cond=rel:3:founding:anchor,preserve__sigma1,preserve,40,0.9,0.7582766571931676,0.0,0,31,0,2,0,0,16,0,0.0,0.0,16,1.0,0.06666666666666668,0.9333333333333333,1.0,0.15725490196078434,0.8427450980392157,1.0,0.06666666666666668,0.9333333333333333
rel:3,rel:3|cond=rel:3:founding:anchor,preserve__sigma1,preserve,80,0.9,0.7582766571931676,0.0,0,75,2,1,0,0,15,0,0.0,0.0,16,1.0,0.10000000000000002,0.9,1.0,0.10000000000000002,0.9,1.0,0.10000000000000002,0.9
rel:3,rel:3|cond=rel:3:founding:anchor,preserve__tau0p5,preserve,40,0.22499999999999998,0.03805118115463712,0.9151505959607085,0,27,0,2,0,0,16,0,0.0,0.0,16,1.0,0.20833333333333331,0.7916666666666667,1.0,0.34833333333333333,0.6516666666666666,1.0,0.3833333333333333,0.6166666666666667
rel:3,rel:3|cond=rel:3:founding:anchor,preserve__tau0p5,preserve,80,0.22499999999999998,0.03805118115463712,0.9151505959607085,0,43,1,1,0,0,16,0,0.0,0.0,16,1.0,0.3833333333333333,0.6166666666666667,1.0,0.4708333333333333,0.5291666666666667,1.0,0.5583333333333332,0.44166666666666676
rel:3,rel:3|cond=rel:3:founding:anchor,preserve__tau0,preserve,40,0.0,0.0,0.6783898247235198,0,28,0,2,0,0,16,0,0.0,0.0,16,1.0,0.20833333333333331,0.7916666666666667,1.0,0.41833333333333333,0.5816666666666667,1.0,0.3833333333333333,0.6166666666666667
rel:3,rel:3|cond=rel:3:founding:anchor,preserve__tau0,preserve,80,0.0,0.0,0.6783898247235198,0,57,2,0,0,0,16,0,0.0,0.0,16,1.0,0.3833333333333333,0.6166666666666667,1.0,0.3833333333333333,0.6166666666666667,1.0,0.3833333333333333,0.6166666666666667
rel:3,rel:3|cond=rel:3:founding:anchor,preserve__tau1,preserve,40,0.44999999999999996,0.15191136719789716,1.0,0,15,0,1,0,0,17,0,0.0,0.0,16,1.0,0.03333333333333334,0.9666666666666667,1.0,0.06025641025641026,0.9397435897435897,1.0,0.03333333333333334,0.9666666666666667
rel:3,rel:3|cond=rel:3:founding:anchor,preserve__tau1,preserve,80,0.44999999999999996,0.15191136719789716,1.0,0,66,1,3,0,0,14,0,0.0,0.0,16,1.0,0.2916666666666667,0.7083333333333333,1.0,0.2916666666666667,0.7083333333333333,1.0,0.2916666666666667,0.7083333333333333
rel:3,rel:3|cond=rel:3:founding:anchor,retrieval_only,retrieval_only,40,,,,2,15,0,1,0,17,0,16,1.0,52.625,16,1.0,0.7999999999999999,0.20000000000000007,1.0,0.7999999999999999,0.20000000000000007,1.0,0.7999999999999999,0.20000000000000007
rel:3,rel:3|cond=rel:3:founding:anchor,retrieval_only,retrieval_only,80,,,,2,30,1,0,0,17,0,16,1.0,52.625,16,1.0,0.625,0.375,1.0,0.765,0.235,1.0,0.7999999999999999,0.20000000000000007
rel:3,rel:3|cond=rel:3:founding:anchor,static_conditioned,static_conditioned,40,,,,0,15,0,1,0,0,17,0,0.0,0.0,16,1.0,0.03333333333333334,0.9666666666666667,1.0,0.052777777777777785,0.9472222222222222,1.0,0.03333333333333334,0.9666666666666667
rel:3,rel:3|cond=rel:3:founding:anchor,static_conditioned,static_conditioned,80,,,,0,30,1,0,0,0,17,0,0.0,0.0,16,1.0,0.03333333333333334,0.9666666666666667,1.0,0.09166666666666667,0.9083333333333333,1.0,0.03333333333333334,0.9666666666666667
rel:3,rel:3|cond=rel:3:founding:anchor,uncertainty_aware__tau0,uncertainty_aware,40,0.0,0.0,0.6783898247235198,0,28,0,2,0,0,16,0,0.0,0.0,16,1.0,0.20833333333333331,0.7916666666666667,1.0,0.4358333333333333,0.5641666666666667,1.0,0.5583333333333332,0.44166666666666676
rel:3,rel:3|cond=rel:3:founding:anchor,uncertainty_aware__tau0,uncertainty_aware,80,0.0,0.0,0.6783898247235198,0,57,2,0,0,0,16,0,0.0,0.0,16,1.0,0.3833333333333333,0.6166666666666667,1.0,0.3833333333333333,0.6166666666666667,1.0,0.3833333333333333,0.6166666666666667
rel:3,rel:3|cond=rel:3:founding:anchor,uncertainty_aware__tau1,uncertainty_aware,40,0.44999999999999996,0.15191136719789716,1.0,2,15,0,1,0,17,0,16,1.0,52.625,16,1.0,0.625,0.375,1.0,0.765,0.235,1.0,0.7999999999999999,0.20000000000000007
rel:3,rel:3|cond=rel:3:founding:anchor,uncertainty_aware__tau1,uncertainty_aware,80,0.44999999999999996,0.15191136719789716,1.0,2,30,1,0,0,17,0,16,1.0,52.625,16,1.0,0.625,0.375,1.0,0.765,0.235,1.0,0.7999999999999999,0.20000000000000007
rel:4,rel:4|cond=rel:4:custom:anchor,blind,blind,40,,,,0,15,0,1,0,0,15,0,0.0,0.0,16,1.0,0.03333333333333334,0.9666666666666667,1.0,0.03958333333333334,0.9604166666666667,1.0,0.03333333333333334,0.9666666666666667
rel:4,rel:4|cond=rel:4:custom:anchor,blind,blind,80,,,,0,76,1,4,0,0,11,0,0.0,0.0,16,1.0,0.24166666666666667,0.7583333333333333,1.0,0.24523809523809523,0.7547619047619047,1.0,0.24166666666666667,0.7583333333333333
rel:4,rel:4|cond=rel:4:custom:anchor,oracle_exact,oracle_exact,40,,,,0,29,0,2,0,0,14,0,0.0,0.0,16,1.0,0.20833333333333331,0.7916666666666667,1.0,0.34833333333333333,0.6516666666666666,1.0,0.3833333333333333,0.6166666666666667
rel:4,rel:4|cond=rel:4:custom:anchor,oracle_exact,oracle_exact,80,,,,0,65,2,0,0,0,14,0,0.0,0.0,16,1.0,0.3833333333333333,0.6166666666666667,1.0,0.38666666666666666,0.6133333333333333,1.0,0.3833333333333333,0.6166666666666667
rel:4,rel:4|cond=rel:4:custom:anchor,pointer__sigma0p5,pointer,40,0.45,0.1788510987426215,0.7183332409583436,2,40,0,1,5,10,0,16,1.0,54.0,16,1.0,0.75,0.25,1.0,0.7916666666666666,0.20833333333333337,1.0,0.825,0.17500000000000004
rel:4,rel:4|cond=rel:4:custom:anchor,pointer__sigma0p5,pointer,80,0.45,0.1788510987426215,0.7183332409583436,2,76,1,0,9,6,0,16,1.0,54.0,16,1.0,0.75,0.25,1.0,0.7916666666666666,0.20833333333333337,1.0,0.825,0.17500000000000004
rel:4,rel:4|cond=rel:4:custom:anchor,pointer__sigma1,pointer,40,0.9,0.7582766571931676,0.0,2,30,0,1,3,12,0,16,1.0,54.0,16,1.0,0.75,0.25,1.0,0.7916666666666666,0.20833333333333337,1.0,0.825,0.17500000000000004
rel:4,rel:4|cond=rel:4:custom:anchor,pointer__sigma1,pointer,80,0.9,0.7582766571931676,0.0,2,46,1,0,3,12,0,16,1.0,54.0,16,1.0,0.75,0.25,1.0,0.7916666666666666,0.20833333333333337,1.0,0.825,0.17500000000000004
rel:4,rel:4|cond=rel:4:custom:anchor,pointer__tau0p5,pointer,40,0.22499999999999998,0.03805118115463712,0.9151505959607085,2,40,0,1,5,10,0,16,1.0,54.0,16,1.0,0.75,0.25,1.0,0.7916666666666666,0.20833333333333337,1.0,0.825,0.17500000000000004
rel:4,rel:4|cond=rel:4:custom:anchor,pointer__tau0p5,pointer,80,0.22499999999999998,0.03805118115463712,0.9151505959607085,2,76,1,0,9,6,0,16,1.0,54.0,16,1.0,0.75,0.25,1.0,0.7916666666666666,0.20833333333333337,1.0,0.825,0.17500000000000004
rel:4,rel:4|cond=rel:4:custom:anchor,pointer__tau0,pointer,40,0.0,0.0,0.6783898247235198,2,40,0,1,5,10,0,16,1.0,54.0,16,1.0,0.75,0.25,1.0,0.7916666666666666,0.20833333333333337,1.0,0.825,0.17500000000000004
rel:4,rel:4|cond=rel:4:custom:anchor,pointer__tau0,pointer,80,0.0,0.0,0.6783898247235198,2,76,1,0,9,6,0,16,1.0,54.0,16,1.0,0.75,0.25,1.0,0.7916666666666666,0.20833333333333337,1.0,0.825,0.17500000000000004
rel:4,rel:4|cond=rel:4:custom:anchor,pointer__tau1,pointer,40,0.44999999999999996,0.15191136719789716,1.0,2,40,0,1,5,10,0,16,1.0,54.0,16,1.0,0.75,0.25,1.0,0.7916666666666666,0.20833333333333337,1.0,0.825,0.17500000000000004
rel:4,rel:4|cond=rel:4:custom:anchor,pointer__tau1,pointer,80,0.44999999999999996,0.15191136719789716,1.0,2,76,1,0,9,6,0,16,1.0,54.0,16,1.0,0.75,0.25,1.0,0.7916666666666666,0.20833333333333337,1.0,0.825,0.17500000000000004
rel:4,rel:4|cond=rel:4:custom:anchor,preserve__sigma0p5,preserve,40,0.45,0.1788510987426215,0.7183332409583436,0,26,0,2,0,0,14,0,0.0,0.0,16,1.0,0.03333333333333334,0.9666666666666667,1.0,0.03333333333333334,0.9666666666666667,1.0,0.03333333333333334,0.9666666666666667
rel:4,rel:4|cond=rel:4:custom:anchor,preserve__sigma0p5,preserve,80,0.45,0.1788510987426215,0.7183332409583436,0,67,2,1,0,0,13,0,0.0,0.0,16,1.0,0.20833333333333331,0.7916666666666667,1.0,0.37333333333333335,0.6266666666666667,1.0,0.43333333333333335,0.5666666666666667
rel:4,rel:4|cond=rel:4:custom:anchor,preserve__sigma1,preserve,40,0.9,0.7582766571931676,0.0,0,37,1,1,0,0,14,0,0.0,0.0,16,1.0,0.03333333333333334,0.9666666666666667,1.0,0.05833333333333335,0.9416666666666667,1.0,0.08333333333333334,0.9166666666666666
rel:4,rel:4|cond=rel:4:custom:anchor,preserve__sigma1,preserve,80,0.9,0.7582766571931676,0.0,0,80,3,0,0,0,13,0,0.0,0.0,16,1.0,0.03333333333333334,0.9666666666666667,1.0,0.07500000000000001,0.925,1.0,0.10833333333333335,0.8916666666666666
rel:4,rel:4|cond=rel:4:custom:anchor,preserve__tau0p5,preserve,40,0.22499999999999998,0.03805118115463712,0.9151505959607085,0,27,0,2,0,0,14,0,0.0,0.0,16,1.0,0.20833333333333331,0.7916666666666667,1.0,0.20833333333333331,0.7916666666666667,1.0,0.20833333333333331,0.7916666666666667
rel:4,rel:4|cond=rel:4:custom:anchor,preserve__tau0p5,preserve,80,0.22499999999999998,0.03805118115463712,0.9151505959607085,0,45,1,1,0,0,14,0,0.0,0.0,16,1.0,0.20833333333333331,0.7916666666666667,1.0,0.3519047619047619,0.6480952380952381,1.0,0.3833333333333333,0.6166666666666667
rel:4,rel:4|cond=rel:4:custom:anchor,preserve__tau0,preserve,40,0.0,0.0,0.6783898247235198,0,29,0,2,0,0,14,0,0.0,0.0,16,1.0,0.20833333333333331,0.7916666666666667,1.0,0.34833333333333333,0.6516666666666666,1.0,0.3833333333333333,0.6166666666666667
rel:4,rel:4|cond=rel:4:custom:anchor,preserve__tau0,preserve,80,0.0,0.0,0.6783898247235198,0,65,2,0,0,0,14,0,0.0,0.0,16,1.0,0.3833333333333333,0.6166666666666667,1.0,0.38666666666666666,0.6133333333333333,1.0,0.3833333333333333,0.6166666666666667
rel:4,rel:4|cond=rel:4:custom:anchor,preserve__tau1,preserve,40,0.44999999999999996,0.15191136719789716,1.0,0,15,0,1,0,0,15,0,0.0,0.0,16,1.0,0.03333333333333334,0.9666666666666667,1.0,0.03958333333333334,0.9604166666666667,1.0,0.03333333333333334,0.9666666666666667
rel:4,rel:4|cond=rel:4:custom:anchor,preserve__tau1,preserve,80,0.44999999999999996,0.15191136719789716,1.0,0,76,1,4,0,0,11,0,0.0,0.0,16,1.0,0.24166666666666667,0.7583333333333333,1.0,0.24523809523809523,0.7547619047619047,1.0,0.24166666666666667,0.7583333333333333
rel:4,rel:4|cond=rel:4:custom:anchor,retrieval_only,retrieval_only,40,,,,2,15,0,1,0,15,0,16,1.0,54.0,16,1.0,0.75,0.25,1.0,0.7916666666666666,0.20833333333333337,1.0,0.825,0.17500000000000004
rel:4,rel:4|cond=rel:4:custom:anchor,retrieval_only,retrieval_only,80,,,,2,31,1,0,0,15,0,16,1.0,54.0,16,1.0,0.75,0.25,1.0,0.7916666666666666,0.20833333333333337,1.0,0.825,0.17500000000000004
rel:4,rel:4|cond=rel:4:custom:anchor,static_conditioned,static_conditioned,40,,,,0,15,0,1,0,0,15,0,0.0,0.0,16,1.0,0.03333333333333334,0.9666666666666667,1.0,0.03333333333333334,0.9666666666666667,1.0,0.03333333333333334,0.9666666666666667
rel:4,rel:4|cond=rel:4:custom:anchor,static_conditioned,static_conditioned,80,,,,0,31,1,0,0,0,15,0,0.0,0.0,16,1.0,0.03333333333333334,0.9666666666666667,1.0,0.03333333333333334,0.9666666666666667,1.0,0.03333333333333334,0.9666666666666667
rel:4,rel:4|cond=rel:4:custom:anchor,uncertainty_aware__tau0,uncertainty_aware,40,0.0,0.0,0.6783898247235198,0,29,0,2,0,0,14,0,0.0,0.0,16,1.0,0.20833333333333331,0.7916666666666667,1.0,0.34833333333333333,0.6516666666666666,1.0,0.3833333333333333,0.6166666666666667
rel:4,rel:4|cond=rel:4:custom:anchor,uncertainty_aware__tau0,uncertainty_aware,80,0.0,0.0,0.6783898247235198,0,65,2,0,0,0,14,0,0.0,0.0,16,1.0,0.3833333333333333,0.6166666666666667,1.0,0.38666666666666666,0.6133333333333333,1.0,0.3833333333333333,0.6166666666666667
rel:4,rel:4|cond=rel:4:custom:anchor,uncertainty_aware__tau1,uncertainty_aware,40,0.44999999999999996,0.15191136719789716,1.0,2,15,0,1,0,15,0,16,1.0,54.0,16,1.0,0.75,0.25,1.0,0.7916666666666666,0.20833333333333337,1.0,0.825,0.17500000000000004
rel:4,rel:4|cond=rel:4:custom:anchor,uncertainty_aware__tau1,uncertainty_aware,80,0.44999999999999996,0.15191136719789716,1.0,2,31,1,0,0,15,0,16,1.0,54.0,16,1.0,0.75,0.25,1.0,0.7916666666666666,0.20833333333333337,1.0,0.825,0.17500000000000004
rel:4,rel:4|cond=rel:4:facilities:anchor,blind,blind,40,,,,0,11,0,1,0,0,15,0,0.0,0.0,16,0.0,0.0,0.0,0.0,0.0,0.0,0.0,0.0,0.0
rel:4,rel:4|cond=rel:4:facilities:anchor,blind,blind,80,,,,0,74,1,4,0,0,11,0,0.0,0.0,16,0.0,0.05000000000000001,-0.05000000000000001,0.0,0.09222222222222225,-0.09222222222222225,1.0,0.1416666666666667,0.8583333333333333
rel:4,rel:4|cond=rel:4:facilities:anchor,oracle_exact,oracle_exact,40,,,,0,33,1,1,0,0,14,0,0.0,0.0,16,0.0,0.35,-0.35,0.0,0.36607142857142855,-0.36607142857142855,0.0,0.35,-0.35
rel:4,rel:4|cond=rel:4:facilities:anchor,oracle_exact,oracle_exact,80,,,,0,44,2,0,0,0,14,0,0.0,0.0,16,0.0,0.35,-0.35,0.5,0.3852272727272727,0.1147727272727273,1.0,0.3833333333333333,0.6166666666666667
rel:4,rel:4|cond=rel:4:facilities:anchor,pointer__sigma0p5,pointer,40,0.45,0.1788510987426215,0.7183332409583436,2,36,0,1,5,10,0,16,1.0,54.3125,16,0.0,0.8583333333333333,-0.8583333333333333,0.0,0.8972222222222223,-0.8972222222222223,0.0,0.9166666666666666,-0.9166666666666666
rel:4,rel:4|cond=rel:4:facilities:anchor,pointer__sigma0p5,pointer,80,0.45,0.1788510987426215,0.7183332409583436,2,77,1,0,11,4,0,16,1.0,54.3125,16,0.0,0.8833333333333333,-0.8833333333333333,0.5,0.9222222222222222,-0.42222222222222217,1.0,0.95,0.050000000000000044
rel:4,rel:4|cond=rel:4:facilities:anchor,pointer__sigma1,pointer,40,0.9,0.7582766571931676,0.0,2,26,0,1,3,12,0,16,1.0,54.3125,16,0.0,0.8583333333333333,-0.8583333333333333,0.0,0.8972222222222223,-0.8972222222222223,0.0,0.9166666666666666,-0.9166666666666666
rel:4,rel:4|cond=rel:4:facilities:anchor,pointer__sigma1,pointer,80,0.9,0.7582766571931676,0.0,2,37,1,0,3,12,0,16,1.0,54.3125,16,0.0,0.8583333333333333,-0.8583333333333333,0.5,0.9138888888888889,-0.41388888888888886,1.0,0.95,0.050000000000000044
rel:4,rel:4|cond=rel:4:facilities:anchor,pointer__tau0p5,pointer,40,0.22499999999999998,0.038051181154637126,0.9151505959607085,2,36,0,1,5,10,0,16,1.0,54.3125,16,0.0,0.8833333333333333,-0.8833333333333333,0.0,0.9055555555555556,-0.9055555555555556,0.0,0.9166666666666666,-0.9166666666666666
rel:4,rel:4|cond=rel:4:facilities:anchor,pointer__tau0p5,pointer,80,0.22499999999999998,0.038051181154637126,0.9151505959607085,2,77,1,0,11,4,0,16,1.0,54.3125,16,0.0,0.8833333333333333,-0.8833333333333333,0.5,0.9222222222222222,-0.42222222222222217,1.0,0.95,0.050000000000000044
rel:4,rel:4|cond=rel:4:facilities:anchor,pointer__tau0,pointer,40,0.0,0.0,0.6783898247235198,2,36,0,1,5,10,0,16,1.0,54.3125,16,0.0,0.8833333333333333,-0.8833333333333333,0.0,0.9055555555555556,-0.9055555555555556,0.0,0.9166666666666666,-0.9166666666666666
rel:4,rel:4|cond=rel:4:facilities:anchor,pointer__tau0,pointer,80,0.0,0.0,0.6783898247235198,2,77,1,0,11,4,0,16,1.0,54.3125,16,0.0,0.8833333333333333,-0.8833333333333333,0.5,0.9222222222222222,-0.42222222222222217,1.0,0.95,0.050000000000000044
rel:4,rel:4|cond=rel:4:facilities:anchor,pointer__tau1,pointer,40,0.44999999999999996,0.1519113671978972,1.0,2,36,0,1,5,10,0,16,1.0,54.3125,16,0.0,0.8833333333333333,-0.8833333333333333,0.0,0.9055555555555556,-0.9055555555555556,0.0,0.9166666666666666,-0.9166666666666666
rel:4,rel:4|cond=rel:4:facilities:anchor,pointer__tau1,pointer,80,0.44999999999999996,0.1519113671978972,1.0,2,77,1,0,11,4,0,16,1.0,54.3125,16,0.0,0.8833333333333333,-0.8833333333333333,0.5,0.9222222222222222,-0.42222222222222217,1.0,0.95,0.050000000000000044
rel:4,rel:4|cond=rel:4:facilities:anchor,preserve__sigma0p5,preserve,40,0.45,0.1788510987426215,0.7183332409583436,0,25,0,2,0,0,14,0,0.0,0.0,16,0.0,0.025000000000000005,-0.025000000000000005,0.0,0.04500000000000001,-0.04500000000000001,0.0,0.05000000000000001,-0.05000000000000001
rel:4,rel:4|cond=rel:4:facilities:anchor,preserve__sigma0p5,preserve,80,0.45,0.1788510987426215,0.7183332409583436,0,59,1,3,0,0,12,0,0.0,0.0,16,0.0,0.05000000000000001,-0.05000000000000001,0.5,0.18666666666666668,0.31333333333333335,1.0,0.10833333333333335,0.8916666666666666
rel:4,rel:4|cond=rel:4:facilities:anchor,preserve__sigma1,preserve,40,0.9,0.7582766571931676,0.0,0,37,0,3,0,0,13,0,0.0,0.0,16,0.0,0.05000000000000001,-0.05000000000000001,0.0,0.07625000000000001,-0.07625000000000001,0.0,0.07500000000000001,-0.07500000000000001
rel:4,rel:4|cond=rel:4:facilities:anchor,preserve__sigma1,preserve,80,0.9,0.7582766571931676,0.0,0,80,3,0,0,0,13,0,0.0,0.0,16,0.0,0.05000000000000001,-0.05000000000000001,0.5,0.09916666666666668,0.4008333333333333,1.0,0.10833333333333335,0.8916666666666666
rel:4,rel:4|cond=rel:4:facilities:anchor,preserve__tau0p5,preserve,40,0.22499999999999998,0.038051181154637126,0.9151505959607085,0,22,0,2,0,0,14,0,0.0,0.0,16,0.0,0.0,0.0,0.0,0.09194444444444444,-0.09194444444444444,0.0,0.0,0.0
rel:4,rel:4|cond=rel:4:facilities:anchor,preserve__tau0p5,preserve,80,0.22499999999999998,0.038051181154637126,0.9151505959607085,0,44,2,0,0,0,14,0,0.0,0.0,16,0.0,0.35,-0.35,0.5,0.3727272727272727,0.12727272727272732,1.0,0.3833333333333333,0.6166666666666667
rel:4,rel:4|cond=rel:4:facilities:anchor,preserve__tau0,preserve,40,0.0,0.0,0.6783898247235198,0,22,0,2,0,0,14,0,0.0,0.0,16,0.0,0.0,0.0,0.0,0.09194444444444444,-0.09194444444444444,0.0,0.0,0.0
rel:4,rel:4|cond=rel:4:facilities:anchor,preserve__tau0,preserve,80,0.0,0.0,0.6783898247235198,0,56,2,1,0,0,13,0,0.0,0.0,16,0.0,0.5249999999999999,-0.5249999999999999,0.5,0.5541666666666666,-0.054166666666666585,1.0,0.5583333333333332,0.44166666666666676
rel:4,rel:4|cond=rel:4:facilities:anchor,preserve__tau1,preserve,40,0.44999999999999996,0.1519113671978972,1.0,0,11,0,1,0,0,15,0,0.0,0.0,16,0.0,0.0,0.0,0.0,0.0,0.0,0.0,0.0,0.0
rel:4,rel:4|cond=rel:4:facilities:anchor,preserve__tau1,preserve,80,0.44999999999999996,0.1519113671978972,1.0,0,74,1,4,0,0,11,0,0.0,0.0,16,0.0,0.05000000000000001,-0.05000000000000001,0.0,0.09222222222222225,-0.09222222222222225,1.0,0.3166666666666667,0.6833333333333333
rel:4,rel:4|cond=rel:4:facilities:anchor,retrieval_only,retrieval_only,40,,,,2,11,0,1,0,15,0,16,1.0,54.3125,16,0.0,0.8583333333333333,-0.8583333333333333,0.0,0.9005555555555556,-0.9005555555555556,0.0,0.9166666666666666,-0.9166666666666666
rel:4,rel:4|cond=rel:4:facilities:anchor,retrieval_only,retrieval_only,80,,,,2,22,1,0,0,15,0,16,1.0,54.3125,16,0.0,0.8833333333333333,-0.8833333333333333,0.5,0.9222222222222222,-0.42222222222222217,1.0,0.95,0.050000000000000044
rel:4,rel:4|cond=rel:4:facilities:anchor,static_conditioned,static_conditioned,40,,,,0,11,0,1,0,0,15,0,0.0,0.0,16,0.0,0.0,0.0,0.0,0.0,0.0,0.0,0.0,0.0
rel:4,rel:4|cond=rel:4:facilities:anchor,static_conditioned,static_conditioned,80,,,,0,22,1,0,0,0,15,0,0.0,0.0,16,0.0,0.0,0.0,0.5,0.01666666666666667,0.48333333333333334,1.0,0.03333333333333334,0.9666666666666667
rel:4,rel:4|cond=rel:4:facilities:anchor,uncertainty_aware__tau0,uncertainty_aware,40,0.0,0.0,0.6783898247235198,0,22,0,2,0,0,14,0,0.0,0.0,16,0.0,0.0,0.0,0.0,0.09194444444444444,-0.09194444444444444,0.0,0.0,0.0
rel:4,rel:4|cond=rel:4:facilities:anchor,uncertainty_aware__tau0,uncertainty_aware,80,0.0,0.0,0.6783898247235198,0,56,2,1,0,0,13,0,0.0,0.0,16,0.0,0.5249999999999999,-0.5249999999999999,0.5,0.5541666666666666,-0.054166666666666585,1.0,0.5583333333333332,0.44166666666666676
rel:4,rel:4|cond=rel:4:facilities:anchor,uncertainty_aware__tau1,uncertainty_aware,40,0.44999999999999996,0.1519113671978972,1.0,2,11,0,1,0,15,0,16,1.0,54.3125,16,0.0,0.8583333333333333,-0.8583333333333333,0.0,0.9005555555555556,-0.9005555555555556,0.0,0.9166666666666666,-0.9166666666666666
rel:4,rel:4|cond=rel:4:facilities:anchor,uncertainty_aware__tau1,uncertainty_aware,80,0.44999999999999996,0.1519113671978972,1.0,2,22,1,0,0,15,0,16,1.0,54.3125,16,0.0,0.8833333333333333,-0.8833333333333333,0.5,0.9222222222222222,-0.42222222222222217,1.0,0.95,0.050000000000000044
rel:4,rel:4|cond=rel:4:finance:anchor,blind,blind,40,,,,0,11,0,1,0,0,15,0,0.0,0.0,16,0.0,0.0,0.0,0.0,0.0,0.0,0.0,0.0,0.0
rel:4,rel:4|cond=rel:4:finance:anchor,blind,blind,80,,,,0,72,1,4,0,0,11,0,0.0,0.0,16,1.0,0.26666666666666666,0.7333333333333334,1.0,0.2866666666666667,0.7133333333333334,1.0,0.2916666666666667,0.7083333333333333
rel:4,rel:4|cond=rel:4:finance:anchor,oracle_exact,oracle_exact,40,,,,0,26,0,2,0,0,14,0,0.0,0.0,16,0.0,0.35,-0.35,0.0,0.36666666666666664,-0.36666666666666664,0.0,0.35,-0.35
rel:4,rel:4|cond=rel:4:finance:anchor,oracle_exact,oracle_exact,80,,,,0,53,2,0,0,0,14,0,0.0,0.0,16,1.0,0.3833333333333333,0.6166666666666667,1.0,0.3833333333333333,0.6166666666666667,1.0,0.3833333333333333,0.6166666666666667
rel:4,rel:4|cond=rel:4:finance:anchor,pointer__sigma0p5,pointer,40,0.45,0.1788510987426215,0.7183332409583437,2,36,0,1,5,10,0,16,1.0,56.1875,16,0.0,0.6916666666666667,-0.6916666666666667,0.0,0.7208333333333333,-0.7208333333333333,0.0,0.7666666666666666,-0.7666666666666666
rel:4,rel:4|cond=rel:4:finance:anchor,pointer__sigma0p5,pointer,80,0.45,0.1788510987426215,0.7183332409583437,2,77,1,0,11,4,0,16,1.0,56.1875,16,1.0,0.725,0.275,1.0,0.7666666666666666,0.2333333333333334,1.0,0.7999999999999999,0.20000000000000007
rel:4,rel:4|cond=rel:4:finance:anchor,pointer__sigma1,pointer,40,0.9,0.7582766571931676,0.0,2,26,0,1,3,12,0,16,1.0,56.1875,16,0.0,0.6916666666666667,-0.6916666666666667,0.0,0.7333333333333333,-0.7333333333333333,1.0,0.7666666666666666,0.2333333333333334
rel:4,rel:4|cond=rel:4:finance:anchor,pointer__sigma1,pointer,80,0.9,0.7582766571931676,0.0,2,37,1,0,3,12,0,16,1.0,56.1875,16,1.0,0.725,0.275,1.0,0.7666666666666666,0.2333333333333334,1.0,0.7999999999999999,0.20000000000000007
rel:4,rel:4|cond=rel:4:finance:anchor,pointer__tau0p5,pointer,40,0.22499999999999998,0.038051181154637126,0.9151505959607087,2,36,0,1,5,10,0,16,1.0,56.1875,16,0.0,0.6666666666666666,-0.6666666666666666,0.0,0.7416666666666666,-0.7416666666666666,0.0,0.7666666666666666,-0.7666666666666666
rel:4,rel:4|cond=rel:4:finance:anchor,pointer__tau0p5,pointer,80,0.22499999999999998,0.038051181154637126,0.9151505959607087,2,77,1,0,11,4,0,16,1.0,56.1875,16,1.0,0.725,0.275,1.0,0.7666666666666666,0.2333333333333334,1.0,0.7999999999999999,0.20000000000000007
rel:4,rel:4|cond=rel:4:finance:anchor,pointer__tau0,pointer,40,0.0,0.0,0.6783898247235198,2,36,0,1,5,10,0,16,1.0,56.1875,16,0.0,0.6916666666666667,-0.6916666666666667,0.0,0.75,-0.75,0.0,0.7666666666666666,-0.7666666666666666
rel:4,rel:4|cond=rel:4:finance:anchor,pointer__tau0,pointer,80,0.0,0.0,0.6783898247235198,2,77,1,0,11,4,0,16,1.0,56.1875,16,1.0,0.725,0.275,1.0,0.7666666666666666,0.2333333333333334,1.0,0.7999999999999999,0.20000000000000007
rel:4,rel:4|cond=rel:4:finance:anchor,pointer__tau1,pointer,40,0.44999999999999996,0.1519113671978972,1.0,2,36,0,1,5,10,0,16,1.0,56.1875,16,0.0,0.6666666666666666,-0.6666666666666666,0.0,0.725,-0.725,0.0,0.7666666666666666,-0.7666666666666666
rel:4,rel:4|cond=rel:4:finance:anchor,pointer__tau1,pointer,80,0.44999999999999996,0.1519113671978972,1.0,2,77,1,0,11,4,0,16,1.0,56.1875,16,1.0,0.725,0.275,1.0,0.7666666666666666,0.2333333333333334,1.0,0.7999999999999999,0.20000000000000007
rel:4,rel:4|cond=rel:4:finance:anchor,preserve__sigma0p5,preserve,40,0.45,0.1788510987426215,0.7183332409583437,0,25,0,2,0,0,14,0,0.0,0.0,16,0.0,0.025000000000000005,-0.025000000000000005,0.5,0.14916666666666667,0.35083333333333333,0.0,0.05000000000000001,-0.05000000000000001
rel:4,rel:4|cond=rel:4:finance:anchor,preserve__sigma0p5,preserve,80,0.45,0.1788510987426215,0.7183332409583437,0,63,1,3,0,0,12,0,0.0,0.0,16,1.0,0.43333333333333335,0.5666666666666667,1.0,0.4533333333333333,0.5466666666666666,1.0,0.4583333333333333,0.5416666666666667
rel:4,rel:4|cond=rel:4:finance:anchor,preserve__sigma1,preserve,40,0.9,0.7582766571931676,0.0,0,37,0,3,0,0,13,0,0.0,0.0,16,0.0,0.05000000000000001,-0.05000000000000001,0.0,0.07,-0.07,0.0,0.07500000000000001,-0.07500000000000001
rel:4,rel:4|cond=rel:4:finance:anchor,preserve__sigma1,preserve,80,0.9,0.7582766571931676,0.0,0,80,3,0,0,0,13,0,0.0,0.0,16,1.0,0.08333333333333334,0.9166666666666666,1.0,0.19134615384615386,0.8086538461538462,1.0,0.10833333333333335,0.8916666666666666
rel:4,rel:4|cond=rel:4:finance:anchor,preserve__tau0p5,preserve,40,0.22499999999999998,0.038051181154637126,0.9151505959607087,0,24,0,2,0,0,14,0,0.0,0.0,16,0.0,0.175,-0.175,0.0,0.175,-0.175,0.0,0.175,-0.175
rel:4,rel:4|cond=rel:4:finance:anchor,preserve__tau0p5,preserve,80,0.22499999999999998,0.038051181154637126,0.9151505959607087,0,50,1,2,0,0,13,0,0.0,0.0,16,1.0,0.5583333333333332,0.44166666666666676,1.0,0.5583333333333332,0.44166666666666676,1.0,0.5583333333333332,0.44166666666666676
rel:4,rel:4|cond=rel:4:finance:anchor,preserve__tau0,preserve,40,0.0,0.0,0.6783898247235198,0,26,0,2,0,0,14,0,0.0,0.0,16,0.0,0.35,-0.35,0.0,0.36666666666666664,-0.36666666666666664,0.0,0.35,-0.35
rel:4,rel:4|cond=rel:4:finance:anchor,preserve__tau0,preserve,80,0.0,0.0,0.6783898247235198,0,53,2,0,0,0,14,0,0.0,0.0,16,1.0,0.3833333333333333,0.6166666666666667,1.0,0.3833333333333333,0.6166666666666667,1.0,0.3833333333333333,0.6166666666666667
rel:4,rel:4|cond=rel:4:finance:anchor,preserve__tau1,preserve,40,0.44999999999999996,0.1519113671978972,1.0,0,11,0,1,0,0,15,0,0.0,0.0,16,0.0,0.0,0.0,0.0,0.0,0.0,0.0,0.0,0.0
rel:4,rel:4|cond=rel:4:finance:anchor,preserve__tau1,preserve,80,0.44999999999999996,0.1519113671978972,1.0,0,72,1,4,0,0,11,0,0.0,0.0,16,1.0,0.26666666666666666,0.7333333333333334,1.0,0.2866666666666667,0.7133333333333334,1.0,0.2916666666666667,0.7083333333333333
rel:4,rel:4|cond=rel:4:finance:anchor,retrieval_only,retrieval_only,40,,,,2,11,0,1,0,15,0,16,1.0,56.1875,16,0.0,0.6916666666666667,-0.6916666666666667,0.5,0.7333333333333333,-0.23333333333333328,0.0,0.7666666666666666,-0.7666666666666666
rel:4,rel:4|cond=rel:4:finance:anchor,retrieval_only,retrieval_only,80,,,,2,22,1,0,0,15,0,16,1.0,56.1875,16,1.0,0.7,0.30000000000000004,1.0,0.7583333333333333,0.2416666666666667,1.0,0.7999999999999999,0.20000000000000007
rel:4,rel:4|cond=rel:4:finance:anchor,static_conditioned,static_conditioned,40,,,,0,11,0,1,0,0,15,0,0.0,0.0,16,0.0,0.0,0.0,0.0,0.0,0.0,0.0,0.0,0.0
rel:4,rel:4|cond=rel:4:finance:anchor,static_conditioned,static_conditioned,80,,,,0,22,1,0,0,0,15,0,0.0,0.0,16,1.0,0.03333333333333334,0.9666666666666667,1.0,0.03333333333333334,0.9666666666666667,1.0,0.03333333333333334,0.9666666666666667
rel:4,rel:4|cond=rel:4:finance:anchor,uncertainty_aware__tau0,uncertainty_aware,40,0.0,0.0,0.6783898247235198,0,26,0,2,0,0,14,0,0.0,0.0,16,0.0,0.35,-0.35,0.0,0.36666666666666664,-0.36666666666666664,0.0,0.35,-0.35
rel:4,rel:4|cond=rel:4:finance:anchor,uncertainty_aware__tau0,uncertainty_aware,80,0.0,0.0,0.6783898247235198,0,53,2,0,0,0,14,0,0.0,0.0,16,1.0,0.3833333333333333,0.6166666666666667,1.0,0.3833333333333333,0.6166666666666667,1.0,0.3833333333333333,0.6166666666666667
rel:4,rel:4|cond=rel:4:finance:anchor,uncertainty_aware__tau1,uncertainty_aware,40,0.44999999999999996,0.1519113671978972,1.0,2,11,0,1,0,15,0,16,1.0,56.1875,16,0.0,0.6916666666666667,-0.6916666666666667,0.5,0.75,-0.25,0.0,0.7666666666666666,-0.7666666666666666
rel:4,rel:4|cond=rel:4:finance:anchor,uncertainty_aware__tau1,uncertainty_aware,80,0.44999999999999996,0.1519113671978972,1.0,2,22,1,0,0,15,0,16,1.0,56.1875,16,1.0,0.725,0.275,1.0,0.7666666666666666,0.2333333333333334,1.0,0.7999999999999999,0.20000000000000007
rel:4,rel:4|cond=rel:4:founding:anchor,blind,blind,40,,,,0,14,0,1,0,0,15,0,0.0,0.0,16,1.0,0.0,1.0,1.0,0.04854166666666667,0.9514583333333333,1.0,0.03333333333333334,0.9666666666666667
rel:4,rel:4|cond=rel:4:founding:anchor,blind,blind,80,,,,0,79,1,4,0,0,11,0,0.0,0.0,16,1.0,0.09166666666666669,0.9083333333333333,1.0,0.09166666666666669,0.9083333333333333,1.0,0.09166666666666669,0.9083333333333333
rel:4,rel:4|cond=rel:4:founding:anchor,oracle_exact,oracle_exact,40,,,,0,36,1,1,0,0,14,0,0.0,0.0,16,1.0,0.0,1.0,1.0,0.21416666666666667,0.7858333333333334,1.0,0.3833333333333333,0.6166666666666667
rel:4,rel:4|cond=rel:4:founding:anchor,oracle_exact,oracle_exact,80,,,,0,56,2,0,0,0,14,0,0.0,0.0,16,1.0,0.0,1.0,1.0,0.20166666666666666,0.7983333333333333,1.0,0.3833333333333333,0.6166666666666667
rel:4,rel:4|cond=rel:4:founding:anchor,pointer__sigma0p5,pointer,40,0.45,0.1788510987426215,0.7183332409583436,2,39,0,1,5,10,0,16,1.0,52.8125,16,1.0,0.45000000000000007,0.5499999999999999,1.0,0.7416666666666667,0.2583333333333333,1.0,0.975,0.025000000000000022
rel:4,rel:4|cond=rel:4:founding:anchor,pointer__sigma0p5,pointer,80,0.45,0.1788510987426215,0.7183332409583436,2,79,1,0,9,6,0,16,1.0,52.8125,16,1.0,0.45000000000000007,0.5499999999999999,1.0,0.7416666666666667,0.2583333333333333,1.0,0.975,0.025000000000000022
rel:4,rel:4|cond=rel:4:founding:anchor,pointer__sigma1,pointer,40,0.9,0.7582766571931676,0.0,2,24,0,1,2,13,0,16,1.0,52.8125,16,1.0,0.45000000000000007,0.5499999999999999,1.0,0.7416666666666667,0.2583333333333333,1.0,0.975,0.025000000000000022
rel:4,rel:4|cond=rel:4:founding:anchor,pointer__sigma1,pointer,80,0.9,0.7582766571931676,0.0,2,44,1,0,2,13,0,16,1.0,52.8125,16,1.0,0.45000000000000007,0.5499999999999999,1.0,0.7416666666666667,0.2583333333333333,1.0,0.975,0.025000000000000022
rel:4,rel:4|cond=rel:4:founding:anchor,pointer__tau0p5,pointer,40,0.22499999999999998,0.03805118115463712,0.9151505959607085,2,39,0,1,5,10,0,16,1.0,52.8125,16,1.0,0.45000000000000007,0.5499999999999999,1.0,0.7416666666666667,0.2583333333333333,1.0,0.975,0.025000000000000022
rel:4,rel:4|cond=rel:4:founding:anchor,pointer__tau0p5,pointer,80,0.22499999999999998,0.03805118115463712,0.9151505959607085,2,79,1,0,9,6,0,16,1.0,52.8125,16,1.0,0.45000000000000007,0.5499999999999999,1.0,0.7416666666666667,0.2583333333333333,1.0,0.975,0.025000000000000022
rel:4,rel:4|cond=rel:4:founding:anchor,pointer__tau0,pointer,40,0.0,0.0,0.6783898247235198,2,39,0,1,5,10,0,16,1.0,52.8125,16,1.0,0.45000000000000007,0.5499999999999999,1.0,0.7416666666666667,0.2583333333333333,1.0,0.975,0.025000000000000022
rel:4,rel:4|cond=rel:4:founding:anchor,pointer__tau0,pointer,80,0.0,0.0,0.6783898247235198,2,79,1,0,9,6,0,16,1.0,52.8125,16,1.0,0.45000000000000007,0.5499999999999999,1.0,0.7416666666666667,0.2583333333333333,1.0,0.975,0.025000000000000022
rel:4,rel:4|cond=rel:4:founding:anchor,pointer__tau1,pointer,40,0.44999999999999996,0.15191136719789716,1.0,2,39,0,1,5,10,0,16,1.0,52.8125,16,1.0,0.45000000000000007,0.5499999999999999,1.0,0.7416666666666667,0.2583333333333333,1.0,0.975,0.025000000000000022
rel:4,rel:4|cond=rel:4:founding:anchor,pointer__tau1,pointer,80,0.44999999999999996,0.15191136719789716,1.0,2,79,1,0,9,6,0,16,1.0,52.8125,16,1.0,0.45000000000000007,0.5499999999999999,1.0,0.7416666666666667,0.2583333333333333,1.0,0.975,0.025000000000000022
rel:4,rel:4|cond=rel:4:founding:anchor,preserve__sigma0p5,preserve,40,0.45,0.1788510987426215,0.7183332409583436,0,26,0,2,0,0,14,0,0.0,0.0,16,1.0,0.03333333333333334,0.9666666666666667,1.0,0.06714285714285716,0.9328571428571428,1.0,0.06666666666666668,0.9333333333333333
rel:4,rel:4|cond=rel:4:founding:anchor,preserve__sigma0p5,preserve,80,0.45,0.1788510987426215,0.7183332409583436,0,69,2,1,0,0,13,0,0.0,0.0,16,1.0,0.03333333333333334,0.9666666666666667,1.0,0.06625000000000002,0.93375,1.0,0.06666666666666668,0.9333333333333333
rel:4,rel:4|cond=rel:4:founding:anchor,preserve__sigma1,preserve,40,0.9,0.7582766571931676,0.0,0,38,1,1,0,0,14,0,0.0,0.0,16,1.0,0.0,1.0,1.0,0.05888888888888891,0.9411111111111111,1.0,0.06666666666666668,0.9333333333333333
rel:4,rel:4|cond=rel:4:founding:anchor,preserve__sigma1,preserve,80,0.9,0.7582766571931676,0.0,0,69,2,1,0,0,13,0,0.0,0.0,16,1.0,0.06666666666666668,0.9333333333333333,1.0,0.10583333333333333,0.8941666666666667,1.0,0.10000000000000002,0.9
rel:4,rel:4|cond=rel:4:founding:anchor,preserve__tau0p5,preserve,40,0.22499999999999998,0.03805118115463712,0.9151505959607085,0,25,0,2,0,0,14,0,0.0,0.0,16,1.0,0.0,1.0,1.0,0.026666666666666672,0.9733333333333334,1.0,0.03333333333333334,0.9666666666666667
rel:4,rel:4|cond=rel:4:founding:anchor,preserve__tau0p5,preserve,80,0.22499999999999998,0.03805118115463712,0.9151505959607085,0,56,2,0,0,0,14,0,0.0,0.0,16,1.0,0.0,1.0,1.0,0.20166666666666666,0.7983333333333333,1.0,0.3833333333333333,0.6166666666666667
rel:4,rel:4|cond=rel:4:founding:anchor,preserve__tau0,preserve,40,0.0,0.0,0.6783898247235198,0,25,0,2,0,0,14,0,0.0,0.0,16,1.0,0.0,1.0,1.0,0.026666666666666672,0.9733333333333334,1.0,0.03333333333333334,0.9666666666666667
rel:4,rel:4|cond=rel:4:founding:anchor,preserve__tau0,preserve,80,0.0,0.0,0.6783898247235198,0,56,2,0,0,0,14,0,0.0,0.0,16,1.0,0.0,1.0,1.0,0.21416666666666667,0.7858333333333334,1.0,0.3833333333333333,0.6166666666666667
rel:4,rel:4|cond=rel:4:founding:anchor,preserve__tau1,preserve,40,0.44999999999999996,0.15191136719789716,1.0,0,14,0,1,0,0,15,0,0.0,0.0,16,1.0,0.0,1.0,1.0,0.04854166666666667,0.9514583333333333,1.0,0.03333333333333334,0.9666666666666667
rel:4,rel:4|cond=rel:4:founding:anchor,preserve__tau1,preserve,80,0.44999999999999996,0.15191136719789716,1.0,0,79,1,4,0,0,11,0,0.0,0.0,16,1.0,0.09166666666666669,0.9083333333333333,1.0,0.09166666666666669,0.9083333333333333,1.0,0.09166666666666669,0.9083333333333333
rel:4,rel:4|cond=rel:4:founding:anchor,retrieval_only,retrieval_only,40,,,,2,14,0,1,0,15,0,16,1.0,52.8125,16,1.0,0.4166666666666667,0.5833333333333333,1.0,0.735,0.265,1.0,0.975,0.025000000000000022
rel:4,rel:4|cond=rel:4:founding:anchor,retrieval_only,retrieval_only,80,,,,2,34,1,0,0,15,0,16,1.0,52.8125,16,1.0,0.45000000000000007,0.5499999999999999,1.0,0.7416666666666667,0.2583333333333333,1.0,0.975,0.025000000000000022
rel:4,rel:4|cond=rel:4:founding:anchor,static_conditioned,static_conditioned,40,,,,0,14,0,1,0,0,15,0,0.0,0.0,16,1.0,0.0,1.0,1.0,0.026666666666666672,0.9733333333333334,1.0,0.03333333333333334,0.9666666666666667
rel:4,rel:4|cond=rel:4:founding:anchor,static_conditioned,static_conditioned,80,,,,0,34,1,0,0,0,15,0,0.0,0.0,16,1.0,0.03333333333333334,0.9666666666666667,1.0,0.045833333333333344,0.9541666666666666,1.0,0.03333333333333334,0.9666666666666667
rel:4,rel:4|cond=rel:4:founding:anchor,uncertainty_aware__tau0,uncertainty_aware,40,0.0,0.0,0.6783898247235198,0,25,0,2,0,0,14,0,0.0,0.0,16,1.0,0.0,1.0,1.0,0.026666666666666672,0.9733333333333334,1.0,0.03333333333333334,0.9666666666666667
rel:4,rel:4|cond=rel:4:founding:anchor,uncertainty_aware__tau0,uncertainty_aware,80,0.0,0.0,0.6783898247235198,0,56,2,0,0,0,14,0,0.0,0.0,16,1.0,0.0,1.0,1.0,0.20166666666666666,0.7983333333333333,1.0,0.3833333333333333,0.6166666666666667
rel:4,rel:4|cond=rel:4:founding:anchor,uncertainty_aware__tau1,uncertainty_aware,40,0.44999999999999996,0.15191136719789716,1.0,2,14,0,1,0,15,0,16,1.0,52.8125,16,1.0,0.4166666666666667,0.5833333333333333,1.0,0.735,0.265,1.0,0.975,0.025000000000000022
rel:4,rel:4|cond=rel:4:founding:anchor,uncertainty_aware__tau1,uncertainty_aware,80,0.44999999999999996,0.15191136719789716,1.0,2,34,1,0,0,15,0,16,1.0,52.8125,16,1.0,0.45000000000000007,0.5499999999999999,1.0,0.7416666666666667,0.2583333333333333,1.0,0.975,0.025000000000000022
rel:5,rel:5|cond=rel:5:custom:anchor,blind,blind,40,,,,0,16,0,1,0,0,15,0,0.0,0.0,16,1.0,0.0,1.0,1.0,0.03555555555555556,0.9644444444444444,1.0,0.03333333333333334,0.9666666666666667
rel:5,rel:5|cond=rel:5:custom:anchor,blind,blind,80,,,,0,77,0,5,0,0,11,0,0.0,0.0,16,1.0,0.03333333333333334,0.9666666666666667,1.0,0.20805555555555555,0.7919444444444445,1.0,0.1166666666666667,0.8833333333333333
rel:5,rel:5|cond=rel:5:custom:anchor,oracle_exact,oracle_exact,40,,,,0,33,0,2,0,0,14,0,0.0,0.0,16,1.0,0.0,1.0,1.0,0.19722222222222222,0.8027777777777778,1.0,0.3833333333333333,0.6166666666666667
rel:5,rel:5|cond=rel:5:custom:anchor,oracle_exact,oracle_exact,80,,,,0,52,1,1,0,0,14,0,0.0,0.0,16,1.0,0.0,1.0,1.0,0.20972222222222223,0.7902777777777777,1.0,0.3833333333333333,0.6166666666666667
rel:5,rel:5|cond=rel:5:custom:anchor,pointer__sigma0p5,pointer,40,0.45,0.1788510987426215,0.7183332409583436,2,36,0,1,4,11,0,16,1.0,60.25,16,1.0,0.3916666666666667,0.6083333333333333,1.0,0.6138888888888889,0.38611111111111107,1.0,0.825,0.17500000000000004
rel:5,rel:5|cond=rel:5:custom:anchor,pointer__sigma0p5,pointer,80,0.45,0.1788510987426215,0.7183332409583436,2,71,0,1,11,4,0,16,1.0,60.25,16,1.0,0.3916666666666667,0.6083333333333333,1.0,0.601388888888889,0.398611111111111,1.0,0.825,0.17500000000000004
rel:5,rel:5|cond=rel:5:custom:anchor,pointer__sigma1,pointer,40,0.9,0.7582766571931676,0.0,2,31,0,1,3,12,0,16,1.0,60.25,16,1.0,0.3916666666666667,0.6083333333333333,1.0,0.601388888888889,0.398611111111111,1.0,0.825,0.17500000000000004
rel:5,rel:5|cond=rel:5:custom:anchor,pointer__sigma1,pointer,80,0.9,0.7582766571931676,0.0,2,31,0,1,3,12,0,16,1.0,60.25,16,1.0,0.3916666666666667,0.6083333333333333,1.0,0.601388888888889,0.398611111111111,1.0,0.825,0.17500000000000004
rel:5,rel:5|cond=rel:5:custom:anchor,pointer__tau0p5,pointer,40,0.22499999999999998,0.03805118115463712,0.9151505959607085,2,36,0,1,4,11,0,16,1.0,60.25,16,1.0,0.3916666666666667,0.6083333333333333,1.0,0.601388888888889,0.398611111111111,1.0,0.825,0.17500000000000004
rel:5,rel:5|cond=rel:5:custom:anchor,pointer__tau0p5,pointer,80,0.22499999999999998,0.03805118115463712,0.9151505959607085,2,71,0,1,11,4,0,16,1.0,60.25,16,1.0,0.3916666666666667,0.6083333333333333,1.0,0.601388888888889,0.398611111111111,1.0,0.825,0.17500000000000004
rel:5,rel:5|cond=rel:5:custom:anchor,pointer__tau0,pointer,40,0.0,0.0,0.6783898247235198,2,36,0,1,4,11,0,16,1.0,60.25,16,1.0,0.3916666666666667,0.6083333333333333,1.0,0.601388888888889,0.398611111111111,1.0,0.825,0.17500000000000004
rel:5,rel:5|cond=rel:5:custom:anchor,pointer__tau0,pointer,80,0.0,0.0,0.6783898247235198,2,71,0,1,11,4,0,16,1.0,60.25,16,1.0,0.3916666666666667,0.6083333333333333,1.0,0.601388888888889,0.398611111111111,1.0,0.825,0.17500000000000004
rel:5,rel:5|cond=rel:5:custom:anchor,pointer__tau1,pointer,40,0.44999999999999996,0.15191136719789716,1.0,2,36,0,1,4,11,0,16,1.0,60.25,16,1.0,0.3916666666666667,0.6083333333333333,1.0,0.601388888888889,0.398611111111111,1.0,0.825,0.17500000000000004
rel:5,rel:5|cond=rel:5:custom:anchor,pointer__tau1,pointer,80,0.44999999999999996,0.15191136719789716,1.0,2,71,0,1,11,4,0,16,1.0,60.25,16,1.0,0.3916666666666667,0.6083333333333333,1.0,0.601388888888889,0.398611111111111,1.0,0.825,0.17500000000000004
rel:5,rel:5|cond=rel:5:custom:anchor,preserve__sigma0p5,preserve,40,0.45,0.1788510987426215,0.7183332409583436,0,29,0,2,0,0,14,0,0.0,0.0,16,1.0,0.0,1.0,1.0,0.03472222222222223,0.9652777777777778,1.0,0.08333333333333334,0.9166666666666666
rel:5,rel:5|cond=rel:5:custom:anchor,preserve__sigma0p5,preserve,80,0.45,0.1788510987426215,0.7183332409583436,0,61,1,2,0,0,13,0,0.0,0.0,16,1.0,0.0,1.0,1.0,0.20972222222222223,0.7902777777777777,1.0,0.43333333333333335,0.5666666666666667
rel:5,rel:5|cond=rel:5:custom:anchor,preserve__sigma1,preserve,40,0.9,0.7582766571931676,0.0,0,39,0,3,0,0,13,0,0.0,0.0,16,1.0,0.025000000000000005,0.975,1.0,0.07222222222222224,0.9277777777777778,1.0,0.10833333333333335,0.8916666666666666
rel:5,rel:5|cond=rel:5:custom:anchor,preserve__sigma1,preserve,80,0.9,0.7582766571931676,0.0,0,66,2,1,0,0,13,0,0.0,0.0,16,1.0,0.025000000000000005,0.975,1.0,0.07222222222222224,0.9277777777777778,1.0,0.10833333333333335,0.8916666666666666
rel:5,rel:5|cond=rel:5:custom:anchor,preserve__tau0p5,preserve,40,0.22499999999999998,0.03805118115463712,0.9151505959607085,0,16,0,1,0,0,15,0,0.0,0.0,16,1.0,0.0,1.0,1.0,0.03555555555555556,0.9644444444444444,1.0,0.03333333333333334,0.9666666666666667
rel:5,rel:5|cond=rel:5:custom:anchor,preserve__tau0p5,preserve,80,0.22499999999999998,0.03805118115463712,0.9151505959607085,0,55,0,4,0,0,12,0,0.0,0.0,16,1.0,0.19999999999999998,0.8,1.0,0.3972222222222222,0.6027777777777779,1.0,0.5833333333333333,0.41666666666666674
rel:5,rel:5|cond=rel:5:custom:anchor,preserve__tau0,preserve,40,0.0,0.0,0.6783898247235198,0,33,0,2,0,0,14,0,0.0,0.0,16,1.0,0.0,1.0,1.0,0.19722222222222222,0.8027777777777778,1.0,0.3833333333333333,0.6166666666666667
rel:5,rel:5|cond=rel:5:custom:anchor,preserve__tau0,preserve,80,0.0,0.0,0.6783898247235198,0,52,1,1,0,0,14,0,0.0,0.0,16,1.0,0.0,1.0,1.0,0.19722222222222222,0.8027777777777778,1.0,0.3833333333333333,0.6166666666666667
rel:5,rel:5|cond=rel:5:custom:anchor,preserve__tau1,preserve,40,0.44999999999999996,0.15191136719789716,1.0,0,16,0,1,0,0,15,0,0.0,0.0,16,1.0,0.0,1.0,1.0,0.03555555555555556,0.9644444444444444,1.0,0.03333333333333334,0.9666666666666667
rel:5,rel:5|cond=rel:5:custom:anchor,preserve__tau1,preserve,80,0.44999999999999996,0.15191136719789716,1.0,0,77,0,5,0,0,11,0,0.0,0.0,16,1.0,0.03333333333333334,0.9666666666666667,1.0,0.20805555555555555,0.7919444444444445,1.0,0.1166666666666667,0.8833333333333333
rel:5,rel:5|cond=rel:5:custom:anchor,retrieval_only,retrieval_only,40,,,,2,16,0,1,0,15,0,16,1.0,60.25,16,1.0,0.5666666666666667,0.43333333333333335,1.0,0.6888888888888889,0.3111111111111111,1.0,0.825,0.17500000000000004
rel:5,rel:5|cond=rel:5:custom:anchor,retrieval_only,retrieval_only,80,,,,2,16,0,1,0,15,0,16,1.0,60.25,16,1.0,0.5666666666666667,0.43333333333333335,1.0,0.6888888888888889,0.3111111111111111,1.0,0.825,0.17500000000000004
rel:5,rel:5|cond=rel:5:custom:anchor,static_conditioned,static_conditioned,40,,,,0,16,0,1,0,0,15,0,0.0,0.0,16,1.0,0.0,1.0,1.0,0.03555555555555556,0.9644444444444444,1.0,0.03333333333333334,0.9666666666666667
rel:5,rel:5|cond=rel:5:custom:anchor,static_conditioned,static_conditioned,80,,,,0,16,0,1,0,0,15,0,0.0,0.0,16,1.0,0.0,1.0,1.0,0.03555555555555556,0.9644444444444444,1.0,0.03333333333333334,0.9666666666666667
rel:5,rel:5|cond=rel:5:custom:anchor,uncertainty_aware__tau0,uncertainty_aware,40,0.0,0.0,0.6783898247235198,0,33,0,2,0,0,14,0,0.0,0.0,16,1.0,0.0,1.0,1.0,0.19722222222222222,0.8027777777777778,1.0,0.3833333333333333,0.6166666666666667
rel:5,rel:5|cond=rel:5:custom:anchor,uncertainty_aware__tau0,uncertainty_aware,80,0.0,0.0,0.6783898247235198,0,52,1,1,0,0,14,0,0.0,0.0,16,1.0,0.0,1.0,1.0,0.20972222222222223,0.7902777777777777,1.0,0.3833333333333333,0.6166666666666667
rel:5,rel:5|cond=rel:5:custom:anchor,uncertainty_aware__tau1,uncertainty_aware,40,0.44999999999999996,0.15191136719789716,1.0,2,16,0,1,0,15,0,16,1.0,60.25,16,1.0,0.5666666666666667,0.43333333333333335,1.0,0.6888888888888889,0.3111111111111111,1.0,0.825,0.17500000000000004
rel:5,rel:5|cond=rel:5:custom:anchor,uncertainty_aware__tau1,uncertainty_aware,80,0.44999999999999996,0.15191136719789716,1.0,2,16,0,1,0,15,0,16,1.0,60.25,16,1.0,0.5666666666666667,0.43333333333333335,1.0,0.6888888888888889,0.3111111111111111,1.0,0.825,0.17500000000000004
rel:5,rel:5|cond=rel:5:facilities:anchor,blind,blind,40,,,,0,13,0,1,0,0,15,0,0.0,0.0,16,0.0,0.0,0.0,0.5,0.10333333333333333,0.39666666666666667,1.0,0.05833333333333335,0.9416666666666667
rel:5,rel:5|cond=rel:5:facilities:anchor,blind,blind,80,,,,0,63,1,3,0,0,12,0,0.0,0.0,16,0.0,0.08333333333333334,-0.08333333333333334,0.5,0.10000000000000002,0.39999999999999997,1.0,0.1166666666666667,0.8833333333333333
rel:5,rel:5|cond=rel:5:facilities:anchor,oracle_exact,oracle_exact,40,,,,0,29,0,2,0,0,14,0,0.0,0.0,16,0.0,0.0,0.0,0.5,0.01666666666666667,0.48333333333333334,1.0,0.03333333333333334,0.9666666666666667
rel:5,rel:5|cond=rel:5:facilities:anchor,oracle_exact,oracle_exact,80,,,,0,63,2,0,0,0,14,0,0.0,0.0,16,0.0,0.35,-0.35,0.5,0.36666666666666664,0.13333333333333336,1.0,0.3833333333333333,0.6166666666666667
rel:5,rel:5|cond=rel:5:facilities:anchor,pointer__sigma0p5,pointer,40,0.45,0.1788510987426215,0.7183332409583436,2,38,0,1,5,10,0,16,1.0,63.375,16,0.0,0.8916666666666666,-0.8916666666666666,0.5,0.9375,-0.4375,1.0,0.975,0.025000000000000022
rel:5,rel:5|cond=rel:5:facilities:anchor,pointer__sigma0p5,pointer,80,0.45,0.1788510987426215,0.7183332409583436,2,78,1,0,10,5,0,16,1.0,63.375,16,0.0,0.8666666666666667,-0.8666666666666667,0.5,0.9083333333333333,-0.4083333333333333,1.0,0.975,0.025000000000000022
rel:5,rel:5|cond=rel:5:facilities:anchor,pointer__sigma1,pointer,40,0.9,0.7582766571931676,0.0,2,28,0,1,3,12,0,16,1.0,63.375,16,0.0,0.8916666666666666,-0.8916666666666666,0.5,0.9208333333333333,-0.4208333333333333,1.0,0.975,0.025000000000000022
rel:5,rel:5|cond=rel:5:facilities:anchor,pointer__sigma1,pointer,80,0.9,0.7582766571931676,0.0,2,43,1,0,3,12,0,16,1.0,63.375,16,0.0,0.8666666666666667,-0.8666666666666667,0.5,0.925,-0.42500000000000004,1.0,0.975,0.025000000000000022
rel:5,rel:5|cond=rel:5:facilities:anchor,pointer__tau0p5,pointer,40,0.22499999999999998,0.038051181154637126,0.9151505959607085,2,38,0,1,5,10,0,16,1.0,63.375,16,0.0,0.8666666666666667,-0.8666666666666667,0.5,0.925,-0.42500000000000004,1.0,0.975,0.025000000000000022
rel:5,rel:5|cond=rel:5:facilities:anchor,pointer__tau0p5,pointer,80,0.22499999999999998,0.038051181154637126,0.9151505959607085,2,78,1,0,10,5,0,16,1.0,63.375,16,0.0,0.8666666666666667,-0.8666666666666667,0.5,0.9083333333333333,-0.4083333333333333,1.0,0.975,0.025000000000000022
rel:5,rel:5|cond=rel:5:facilities:anchor,pointer__tau0,pointer,40,0.0,0.0,0.6783898247235198,2,38,0,1,5,10,0,16,1.0,63.375,16,0.0,0.8666666666666667,-0.8666666666666667,0.5,0.925,-0.42500000000000004,1.0,0.975,0.025000000000000022
rel:5,rel:5|cond=rel:5:facilities:anchor,pointer__tau0,pointer,80,0.0,0.0,0.6783898247235198,2,78,1,0,10,5,0,16,1.0,63.375,16,0.0,0.8666666666666667,-0.8666666666666667,0.5,0.9083333333333333,-0.4083333333333333,1.0,0.975,0.025000000000000022
rel:5,rel:5|cond=rel:5:facilities:anchor,pointer__tau1,pointer,40,0.44999999999999996,0.1519113671978972,1.0,2,38,0,1,5,10,0,16,1.0,63.375,16,0.0,0.8666666666666667,-0.8666666666666667,0.5,0.9083333333333333,-0.4083333333333333,1.0,0.975,0.025000000000000022
rel:5,rel:5|cond=rel:5:facilities:anchor,pointer__tau1,pointer,80,0.44999999999999996,0.1519113671978972,1.0,2,78,1,0,10,5,0,16,1.0,63.375,16,0.0,0.8666666666666667,-0.8666666666666667,0.5,0.9083333333333333,-0.4083333333333333,1.0,0.975,0.025000000000000022
rel:5,rel:5|cond=rel:5:facilities:anchor,preserve__sigma0p5,preserve,40,0.45,0.1788510987426215,0.7183332409583436,0,25,0,2,0,0,14,0,0.0,0.0,16,0.0,0.025000000000000005,-0.025000000000000005,0.5,0.05833333333333335,0.44166666666666665,1.0,0.05833333333333335,0.9416666666666667
rel:5,rel:5|cond=rel:5:facilities:anchor,preserve__sigma0p5,preserve,80,0.45,0.1788510987426215,0.7183332409583436,0,73,1,3,0,0,12,0,0.0,0.0,16,0.0,0.025000000000000005,-0.025000000000000005,0.5,0.06666666666666668,0.43333333333333335,1.0,0.10833333333333335,0.8916666666666666
rel:5,rel:5|cond=rel:5:facilities:anchor,preserve__sigma1,preserve,40,0.9,0.7582766571931676,0.0,0,30,0,2,0,0,14,0,0.0,0.0,16,0.0,0.0,0.0,0.5,0.04166666666666667,0.4583333333333333,1.0,0.08333333333333334,0.9166666666666666
rel:5,rel:5|cond=rel:5:facilities:anchor,preserve__sigma1,preserve,80,0.9,0.7582766571931676,0.0,0,80,2,1,0,0,13,0,0.0,0.0,16,0.0,0.0,0.0,0.5,0.025000000000000005,0.475,1.0,0.08333333333333334,0.9166666666666666
rel:5,rel:5|cond=rel:5:facilities:anchor,preserve__tau0p5,preserve,40,0.22499999999999998,0.038051181154637126,0.9151505959607085,0,13,0,1,0,0,15,0,0.0,0.0,16,0.0,0.0,0.0,0.5,0.10333333333333333,0.39666666666666667,1.0,0.05833333333333335,0.9416666666666667
rel:5,rel:5|cond=rel:5:facilities:anchor,preserve__tau0p5,preserve,80,0.22499999999999998,0.038051181154637126,0.9151505959607085,0,44,1,1,0,0,14,0,0.0,0.0,16,0.0,0.0,0.0,0.5,0.01666666666666667,0.48333333333333334,1.0,0.03333333333333334,0.9666666666666667
rel:5,rel:5|cond=rel:5:facilities:anchor,preserve__tau0,preserve,40,0.0,0.0,0.6783898247235198,0,29,0,2,0,0,14,0,0.0,0.0,16,0.0,0.0,0.0,0.5,0.01666666666666667,0.48333333333333334,1.0,0.03333333333333334,0.9666666666666667
rel:5,rel:5|cond=rel:5:facilities:anchor,preserve__tau0,preserve,80,0.0,0.0,0.6783898247235198,0,63,2,0,0,0,14,0,0.0,0.0,16,0.0,0.35,-0.35,0.5,0.36666666666666664,0.13333333333333336,1.0,0.3833333333333333,0.6166666666666667
rel:5,rel:5|cond=rel:5:facilities:anchor,preserve__tau1,preserve,40,0.44999999999999996,0.1519113671978972,1.0,0,13,0,1,0,0,15,0,0.0,0.0,16,0.0,0.0,0.0,0.5,0.10333333333333333,0.39666666666666667,1.0,0.05833333333333335,0.9416666666666667
rel:5,rel:5|cond=rel:5:facilities:anchor,preserve__tau1,preserve,80,0.44999999999999996,0.1519113671978972,1.0,0,63,1,3,0,0,12,0,0.0,0.0,16,0.0,0.08333333333333334,-0.08333333333333334,0.5,0.10000000000000002,0.39999999999999997,1.0,0.1166666666666667,0.8833333333333333
rel:5,rel:5|cond=rel:5:facilities:anchor,retrieval_only,retrieval_only,40,,,,2,13,0,1,0,15,0,16,1.0,63.375,16,0.0,0.8666666666666667,-0.8666666666666667,0.5,0.9083333333333333,-0.4083333333333333,1.0,0.975,0.025000000000000022
rel:5,rel:5|cond=rel:5:facilities:anchor,retrieval_only,retrieval_only,80,,,,2,28,1,0,0,15,0,16,1.0,63.375,16,0.0,0.8666666666666667,-0.8666666666666667,0.5,0.925,-0.42500000000000004,1.0,0.975,0.025000000000000022
rel:5,rel:5|cond=rel:5:facilities:anchor,static_conditioned,static_conditioned,40,,,,0,13,0,1,0,0,15,0,0.0,0.0,16,0.0,0.0,0.0,0.5,0.10333333333333333,0.39666666666666667,1.0,0.05833333333333335,0.9416666666666667
rel:5,rel:5|cond=rel:5:facilities:anchor,static_conditioned,static_conditioned,80,,,,0,28,1,0,0,0,15,0,0.0,0.0,16,0.0,0.0,0.0,0.5,0.029166666666666674,0.4708333333333333,1.0,0.03333333333333334,0.9666666666666667
rel:5,rel:5|cond=rel:5:facilities:anchor,uncertainty_aware__tau0,uncertainty_aware,40,0.0,0.0,0.6783898247235198,0,29,0,2,0,0,14,0,0.0,0.0,16,0.0,0.0,0.0,0.5,0.01666666666666667,0.48333333333333334,1.0,0.03333333333333334,0.9666666666666667
rel:5,rel:5|cond=rel:5:facilities:anchor,uncertainty_aware__tau0,uncertainty_aware,80,0.0,0.0,0.6783898247235198,0,63,2,0,0,0,14,0,0.0,0.0,16,0.0,0.35,-0.35,0.5,0.36666666666666664,0.13333333333333336,1.0,0.3833333333333333,0.6166666666666667
rel:5,rel:5|cond=rel:5:facilities:anchor,uncertainty_aware__tau1,uncertainty_aware,40,0.44999999999999996,0.1519113671978972,1.0,2,13,0,1,0,15,0,16,1.0,63.375,16,0.0,0.8666666666666667,-0.8666666666666667,0.5,0.9083333333333333,-0.4083333333333333,1.0,0.975,0.025000000000000022
rel:5,rel:5|cond=rel:5:facilities:anchor,uncertainty_aware__tau1,uncertainty_aware,80,0.44999999999999996,0.1519113671978972,1.0,2,28,1,0,0,15,0,16,1.0,63.375,16,0.0,0.8666666666666667,-0.8666666666666667,0.5,0.925,-0.42500000000000004,1.0,0.975,0.025000000000000022
rel:5,rel:5|cond=rel:5:finance:anchor,blind,blind,40,,,,0,16,0,1,0,0,15,0,0.0,0.0,16,0.0,0.0,0.0,0.0,0.11666666666666665,-0.11666666666666665,0.0,0.175,-0.175
rel:5,rel:5|cond=rel:5:finance:anchor,blind,blind,80,,,,0,45,1,1,0,0,14,0,0.0,0.0,16,1.0,0.05833333333333335,0.9416666666666667,1.0,0.05833333333333335,0.9416666666666667,1.0,0.05833333333333335,0.9416666666666667
rel:5,rel:5|cond=rel:5:finance:anchor,oracle_exact,oracle_exact,40,,,,0,32,0,2,0,0,14,0,0.0,0.0,16,0.0,0.175,-0.175,0.0,0.3791666666666666,-0.3791666666666666,0.0,0.35,-0.35
rel:5,rel:5|cond=rel:5:finance:anchor,oracle_exact,oracle_exact,80,,,,0,76,2,0,0,0,14,0,0.0,0.0,16,1.0,0.20833333333333331,0.7916666666666667,1.0,0.32499999999999996,0.675,1.0,0.4083333333333333,0.5916666666666667
rel:5,rel:5|cond=rel:5:finance:anchor,pointer__sigma0p5,pointer,40,0.45,0.1788510987426215,0.7183332409583437,2,36,0,1,4,11,0,16,1.0,60.5625,16,0.0,0.6666666666666666,-0.6666666666666666,0.0,0.8208333333333333,-0.8208333333333333,0.0,0.9416666666666667,-0.9416666666666667
rel:5,rel:5|cond=rel:5:finance:anchor,pointer__sigma0p5,pointer,80,0.45,0.1788510987426215,0.7183332409583437,2,80,1,0,9,6,0,16,1.0,60.5625,16,1.0,0.875,0.125,1.0,0.925,0.07499999999999996,1.0,0.975,0.025000000000000022
rel:5,rel:5|cond=rel:5:finance:anchor,pointer__sigma1,pointer,40,0.9,0.7582766571931676,0.0,2,31,0,1,3,12,0,16,1.0,60.5625,16,0.0,0.6666666666666666,-0.6666666666666666,0.0,0.8333333333333333,-0.8333333333333333,0.0,0.9416666666666667,-0.9416666666666667
rel:5,rel:5|cond=rel:5:finance:anchor,pointer__sigma1,pointer,80,0.9,0.7582766571931676,0.0,2,50,1,0,3,12,0,16,1.0,60.5625,16,1.0,0.7,0.30000000000000004,1.0,0.8541666666666666,0.14583333333333337,1.0,0.975,0.025000000000000022
rel:5,rel:5|cond=rel:5:finance:anchor,pointer__tau0p5,pointer,40,0.22499999999999998,0.038051181154637126,0.9151505959607087,2,36,0,1,4,11,0,16,1.0,60.5625,16,0.0,0.8416666666666667,-0.8416666666666667,0.0,0.8916666666666666,-0.8916666666666666,0.0,0.9416666666666667,-0.9416666666666667
rel:5,rel:5|cond=rel:5:finance:anchor,pointer__tau0p5,pointer,80,0.22499999999999998,0.038051181154637126,0.9151505959607087,2,80,1,0,9,6,0,16,1.0,60.5625,16,1.0,0.875,0.125,1.0,0.925,0.07499999999999996,1.0,0.975,0.025000000000000022
rel:5,rel:5|cond=rel:5:finance:anchor,pointer__tau0,pointer,40,0.0,0.0,0.6783898247235198,2,36,0,1,4,11,0,16,1.0,60.5625,16,0.0,0.8416666666666667,-0.8416666666666667,0.0,0.8916666666666666,-0.8916666666666666,0.0,0.9416666666666667,-0.9416666666666667
rel:5,rel:5|cond=rel:5:finance:anchor,pointer__tau0,pointer,80,0.0,0.0,0.6783898247235198,2,80,1,0,9,6,0,16,1.0,60.5625,16,1.0,0.875,0.125,1.0,0.925,0.07499999999999996,1.0,0.975,0.025000000000000022
rel:5,rel:5|cond=rel:5:finance:anchor,pointer__tau1,pointer,40,0.44999999999999996,0.1519113671978972,1.0,2,36,0,1,4,11,0,16,1.0,60.5625,16,0.0,0.6666666666666666,-0.6666666666666666,0.0,0.8208333333333333,-0.8208333333333333,0.0,0.9416666666666667,-0.9416666666666667
rel:5,rel:5|cond=rel:5:finance:anchor,pointer__tau1,pointer,80,0.44999999999999996,0.1519113671978972,1.0,2,80,1,0,9,6,0,16,1.0,60.5625,16,1.0,0.7,0.30000000000000004,1.0,0.8666666666666667,0.1333333333333333,1.0,0.975,0.025000000000000022
rel:5,rel:5|cond=rel:5:finance:anchor,preserve__sigma0p5,preserve,40,0.45,0.1788510987426215,0.7183332409583437,0,28,0,2,0,0,14,0,0.0,0.0,16,0.0,0.025000000000000005,-0.025000000000000005,0.0,0.025000000000000005,-0.025000000000000005,0.0,0.025000000000000005,-0.025000000000000005
rel:5,rel:5|cond=rel:5:finance:anchor,preserve__sigma0p5,preserve,80,0.45,0.1788510987426215,0.7183332409583437,0,68,1,2,0,0,13,0,0.0,0.0,16,1.0,0.20833333333333331,0.7916666666666667,1.0,0.35,0.65,1.0,0.43333333333333335,0.5666666666666667
rel:5,rel:5|cond=rel:5:finance:anchor,preserve__sigma1,preserve,40,0.9,0.7582766571931676,0.0,0,33,0,2,0,0,14,0,0.0,0.0,16,0.0,0.025000000000000005,-0.025000000000000005,0.0,0.10416666666666669,-0.10416666666666669,0.0,0.07500000000000001,-0.07500000000000001
rel:5,rel:5|cond=rel:5:finance:anchor,preserve__sigma1,preserve,80,0.9,0.7582766571931676,0.0,0,71,2,0,0,0,14,0,0.0,0.0,16,1.0,0.03333333333333334,0.9666666666666667,1.0,0.12083333333333335,0.8791666666666667,1.0,0.08333333333333334,0.9166666666666666
rel:5,rel:5|cond=rel:5:finance:anchor,preserve__tau0p5,preserve,40,0.22499999999999998,0.038051181154637126,0.9151505959607087,0,16,0,1,0,0,15,0,0.0,0.0,16,0.0,0.0,0.0,0.0,0.11666666666666665,-0.11666666666666665,0.0,0.175,-0.175
rel:5,rel:5|cond=rel:5:finance:anchor,preserve__tau0p5,preserve,80,0.22499999999999998,0.038051181154637126,0.9151505959607087,0,51,1,1,0,0,14,0,0.0,0.0,16,1.0,0.20833333333333331,0.7916666666666667,1.0,0.32499999999999996,0.675,1.0,0.3833333333333333,0.6166666666666667
rel:5,rel:5|cond=rel:5:finance:anchor,preserve__tau0,preserve,40,0.0,0.0,0.6783898247235198,0,32,0,2,0,0,14,0,0.0,0.0,16,0.0,0.175,-0.175,0.0,0.3791666666666666,-0.3791666666666666,0.0,0.35,-0.35
rel:5,rel:5|cond=rel:5:finance:anchor,preserve__tau0,preserve,80,0.0,0.0,0.6783898247235198,0,64,1,2,0,0,13,0,0.0,0.0,16,1.0,0.3833333333333333,0.6166666666666667,1.0,0.49999999999999994,0.5,1.0,0.5583333333333332,0.44166666666666676
rel:5,rel:5|cond=rel:5:finance:anchor,preserve__tau1,preserve,40,0.44999999999999996,0.1519113671978972,1.0,0,16,0,1,0,0,15,0,0.0,0.0,16,0.0,0.0,0.0,0.0,0.11666666666666665,-0.11666666666666665,0.0,0.175,-0.175
rel:5,rel:5|cond=rel:5:finance:anchor,preserve__tau1,preserve,80,0.44999999999999996,0.1519113671978972,1.0,0,45,1,1,0,0,14,0,0.0,0.0,16,1.0,0.05833333333333335,0.9416666666666667,1.0,0.05833333333333335,0.9416666666666667,1.0,0.05833333333333335,0.9416666666666667
rel:5,rel:5|cond=rel:5:finance:anchor,retrieval_only,retrieval_only,40,,,,2,16,0,1,0,15,0,16,1.0,60.5625,16,0.0,0.6666666666666666,-0.6666666666666666,0.0,0.8208333333333333,-0.8208333333333333,0.0,0.9416666666666667,-0.9416666666666667
rel:5,rel:5|cond=rel:5:finance:anchor,retrieval_only,retrieval_only,80,,,,2,35,1,0,0,15,0,16,1.0,60.5625,16,1.0,0.7,0.30000000000000004,1.0,0.8541666666666666,0.14583333333333337,1.0,0.975,0.025000000000000022
rel:5,rel:5|cond=rel:5:finance:anchor,static_conditioned,static_conditioned,40,,,,0,16,0,1,0,0,15,0,0.0,0.0,16,0.0,0.0,0.0,0.0,0.11666666666666665,-0.11666666666666665,0.0,0.175,-0.175
rel:5,rel:5|cond=rel:5:finance:anchor,static_conditioned,static_conditioned,80,,,,0,35,1,0,0,0,15,0,0.0,0.0,16,1.0,0.03333333333333334,0.9666666666666667,1.0,0.12083333333333333,0.8791666666666667,1.0,0.03333333333333334,0.9666666666666667
rel:5,rel:5|cond=rel:5:finance:anchor,uncertainty_aware__tau0,uncertainty_aware,40,0.0,0.0,0.6783898247235198,0,32,0,2,0,0,14,0,0.0,0.0,16,0.0,0.175,-0.175,0.0,0.3791666666666666,-0.3791666666666666,0.0,0.35,-0.35
rel:5,rel:5|cond=rel:5:finance:anchor,uncertainty_aware__tau0,uncertainty_aware,80,0.0,0.0,0.6783898247235198,0,64,1,2,0,0,13,0,0.0,0.0,16,1.0,0.3833333333333333,0.6166666666666667,1.0,0.49999999999999994,0.5,1.0,0.5583333333333332,0.44166666666666676
rel:5,rel:5|cond=rel:5:finance:anchor,uncertainty_aware__tau1,uncertainty_aware,40,0.44999999999999996,0.1519113671978972,1.0,2,16,0,1,0,15,0,16,1.0,60.5625,16,0.0,0.6666666666666666,-0.6666666666666666,0.0,0.8333333333333333,-0.8333333333333333,0.0,0.9416666666666667,-0.9416666666666667
rel:5,rel:5|cond=rel:5:finance:anchor,uncertainty_aware__tau1,uncertainty_aware,80,0.44999999999999996,0.1519113671978972,1.0,2,35,1,0,0,15,0,16,1.0,60.5625,16,1.0,0.7,0.30000000000000004,1.0,0.8541666666666666,0.14583333333333337,1.0,0.975,0.025000000000000022
rel:5,rel:5|cond=rel:5:founding:anchor,blind,blind,40,,,,0,17,0,1,0,0,15,0,0.0,0.0,16,0.0,0.0,0.0,0.5,0.1113095238095238,0.3886904761904762,1.0,0.03333333333333334,0.9666666666666667
rel:5,rel:5|cond=rel:5:founding:anchor,blind,blind,80,,,,0,46,1,1,0,0,14,0,0.0,0.0,16,0.0,0.175,-0.175,0.5,0.21416666666666667,0.28583333333333333,1.0,0.20833333333333331,0.7916666666666667
rel:5,rel:5|cond=rel:5:founding:anchor,oracle_exact,oracle_exact,40,,,,0,30,0,2,0,0,14,0,0.0,0.0,16,0.0,0.0,0.0,0.5,0.19166666666666665,0.30833333333333335,1.0,0.3833333333333333,0.6166666666666667
rel:5,rel:5|cond=rel:5:founding:anchor,oracle_exact,oracle_exact,80,,,,0,64,2,0,0,0,14,0,0.0,0.0,16,0.0,0.0,0.0,0.5,0.1988095238095238,0.30119047619047623,1.0,0.3833333333333333,0.6166666666666667
rel:5,rel:5|cond=rel:5:founding:anchor,pointer__sigma0p5,pointer,40,0.45,0.1788510987426215,0.7183332409583436,2,37,0,1,4,11,0,16,1.0,61.625,16,0.0,0.5833333333333334,-0.5833333333333334,0.5,0.7041666666666667,-0.20416666666666672,1.0,1.0,0.0
rel:5,rel:5|cond=rel:5:founding:anchor,pointer__sigma0p5,pointer,80,0.45,0.1788510987426215,0.7183332409583436,2,76,1,0,8,7,0,16,1.0,61.625,16,0.0,0.5833333333333334,-0.5833333333333334,0.5,0.7916666666666666,-0.29166666666666663,1.0,1.0,0.0
rel:5,rel:5|cond=rel:5:founding:anchor,pointer__sigma1,pointer,40,0.9,0.7582766571931676,0.0,2,27,0,1,2,13,0,16,1.0,61.625,16,1.0,0.5916666666666667,0.4083333333333333,1.0,0.7125,0.2875,1.0,1.0,0.0
rel:5,rel:5|cond=rel:5:founding:anchor,pointer__sigma1,pointer,80,0.9,0.7582766571931676,0.0,2,46,1,0,2,13,0,16,1.0,61.625,16,0.0,0.6166666666666667,-0.6166666666666667,0.5,0.7916666666666666,-0.29166666666666663,1.0,1.0,0.0
rel:5,rel:5|cond=rel:5:founding:anchor,pointer__tau0p5,pointer,40,0.22499999999999998,0.03805118115463712,0.9151505959607085,2,37,0,1,4,11,0,16,1.0,61.625,16,0.0,0.5583333333333333,-0.5583333333333333,0.5,0.6958333333333334,-0.19583333333333341,1.0,1.0,0.0
rel:5,rel:5|cond=rel:5:founding:anchor,pointer__tau0p5,pointer,80,0.22499999999999998,0.03805118115463712,0.9151505959607085,2,76,1,0,8,7,0,16,1.0,61.625,16,0.0,0.5833333333333334,-0.5833333333333334,0.5,0.7916666666666666,-0.29166666666666663,1.0,1.0,0.0
rel:5,rel:5|cond=rel:5:founding:anchor,pointer__tau0,pointer,40,0.0,0.0,0.6783898247235198,2,37,0,1,4,11,0,16,1.0,61.625,16,0.0,0.5583333333333333,-0.5583333333333333,0.5,0.6958333333333334,-0.19583333333333341,1.0,1.0,0.0
rel:5,rel:5|cond=rel:5:founding:anchor,pointer__tau0,pointer,80,0.0,0.0,0.6783898247235198,2,76,1,0,8,7,0,16,1.0,61.625,16,0.0,0.5833333333333334,-0.5833333333333334,0.5,0.7916666666666666,-0.29166666666666663,1.0,1.0,0.0
rel:5,rel:5|cond=rel:5:founding:anchor,pointer__tau1,pointer,40,0.44999999999999996,0.15191136719789716,1.0,2,37,0,1,4,11,0,16,1.0,61.625,16,0.0,0.5833333333333334,-0.5833333333333334,0.5,0.7041666666666667,-0.20416666666666672,1.0,1.0,0.0
rel:5,rel:5|cond=rel:5:founding:anchor,pointer__tau1,pointer,80,0.44999999999999996,0.15191136719789716,1.0,2,76,1,0,8,7,0,16,1.0,61.625,16,0.0,0.5833333333333334,-0.5833333333333334,0.5,0.7916666666666666,-0.29166666666666663,1.0,1.0,0.0
rel:5,rel:5|cond=rel:5:founding:anchor,preserve__sigma0p5,preserve,40,0.45,0.1788510987426215,0.7183332409583436,0,29,0,2,0,0,14,0,0.0,0.0,16,0.0,0.03333333333333334,-0.03333333333333334,0.5,0.05000000000000001,0.45,1.0,0.06666666666666668,0.9333333333333333
rel:5,rel:5|cond=rel:5:founding:anchor,preserve__sigma0p5,preserve,80,0.45,0.1788510987426215,0.7183332409583436,0,65,1,2,0,0,13,0,0.0,0.0,16,0.0,0.0,0.0,0.5,0.19166666666666665,0.30833333333333335,1.0,0.3833333333333333,0.6166666666666667
rel:5,rel:5|cond=rel:5:founding:anchor,preserve__sigma1,preserve,40,0.9,0.7582766571931676,0.0,0,33,0,2,0,0,14,0,0.0,0.0,16,0.0,0.0,0.0,0.5,0.023809523809523815,0.47619047619047616,1.0,0.06666666666666668,0.9333333333333333
rel:5,rel:5|cond=rel:5:founding:anchor,preserve__sigma1,preserve,80,0.9,0.7582766571931676,0.0,0,80,2,1,0,0,13,0,0.0,0.0,16,0.0,0.03333333333333334,-0.03333333333333334,0.5,0.15416666666666667,0.3458333333333333,1.0,0.10000000000000002,0.9
rel:5,rel:5|cond=rel:5:founding:anchor,preserve__tau0p5,preserve,40,0.22499999999999998,0.03805118115463712,0.9151505959607085,0,27,0,2,0,0,14,0,0.0,0.0,16,0.0,0.175,-0.175,0.5,0.20166666666666666,0.29833333333333334,1.0,0.20833333333333331,0.7916666666666667
rel:5,rel:5|cond=rel:5:founding:anchor,preserve__tau0p5,preserve,80,0.22499999999999998,0.03805118115463712,0.9151505959607085,0,49,1,1,0,0,14,0,0.0,0.0,16,0.0,0.0,0.0,0.5,0.29166666666666663,0.20833333333333337,1.0,0.3833333333333333,0.6166666666666667
rel:5,rel:5|cond=rel:5:founding:anchor,preserve__tau0,preserve,40,0.0,0.0,0.6783898247235198,0,30,0,2,0,0,14,0,0.0,0.0,16,0.0,0.0,0.0,0.5,0.19166666666666665,0.30833333333333335,1.0,0.3833333333333333,0.6166666666666667
rel:5,rel:5|cond=rel:5:founding:anchor,preserve__tau0,preserve,80,0.0,0.0,0.6783898247235198,0,64,2,0,0,0,14,0,0.0,0.0,16,0.0,0.0,0.0,0.5,0.1988095238095238,0.30119047619047623,1.0,0.3833333333333333,0.6166666666666667
rel:5,rel:5|cond=rel:5:founding:anchor,preserve__tau1,preserve,40,0.44999999999999996,0.15191136719789716,1.0,0,17,0,1,0,0,15,0,0.0,0.0,16,0.0,0.0,0.0,0.5,0.1113095238095238,0.3886904761904762,1.0,0.03333333333333334,0.9666666666666667
rel:5,rel:5|cond=rel:5:founding:anchor,preserve__tau1,preserve,80,0.44999999999999996,0.15191136719789716,1.0,0,46,1,1,0,0,14,0,0.0,0.0,16,0.0,0.175,-0.175,0.5,0.2088095238095238,0.2911904761904762,1.0,0.20833333333333331,0.7916666666666667
rel:5,rel:5|cond=rel:5:founding:anchor,retrieval_only,retrieval_only,40,,,,2,17,0,1,0,15,0,16,1.0,61.625,16,0.0,0.5583333333333333,-0.5583333333333333,0.5,0.7833333333333333,-0.2833333333333333,1.0,1.0,0.0
rel:5,rel:5|cond=rel:5:founding:anchor,retrieval_only,retrieval_only,80,,,,2,36,1,0,0,15,0,16,1.0,61.625,16,0.0,0.5833333333333334,-0.5833333333333334,0.5,0.7916666666666666,-0.29166666666666663,1.0,1.0,0.0
rel:5,rel:5|cond=rel:5:founding:anchor,static_conditioned,static_conditioned,40,,,,0,17,0,1,0,0,15,0,0.0,0.0,16,0.0,0.0,0.0,0.5,0.1113095238095238,0.3886904761904762,1.0,0.03333333333333334,0.9666666666666667
rel:5,rel:5|cond=rel:5:founding:anchor,static_conditioned,static_conditioned,80,,,,0,36,1,0,0,0,15,0,0.0,0.0,16,0.0,0.0,0.0,0.5,0.1113095238095238,0.3886904761904762,1.0,0.03333333333333334,0.9666666666666667
rel:5,rel:5|cond=rel:5:founding:anchor,uncertainty_aware__tau0,uncertainty_aware,40,0.0,0.0,0.6783898247235198,0,30,0,2,0,0,14,0,0.0,0.0,16,0.0,0.0,0.0,0.5,0.19166666666666665,0.30833333333333335,1.0,0.3833333333333333,0.6166666666666667
rel:5,rel:5|cond=rel:5:founding:anchor,uncertainty_aware__tau0,uncertainty_aware,80,0.0,0.0,0.6783898247235198,0,64,2,0,0,0,14,0,0.0,0.0,16,0.0,0.0,0.0,0.5,0.1988095238095238,0.30119047619047623,1.0,0.3833333333333333,0.6166666666666667
rel:5,rel:5|cond=rel:5:founding:anchor,uncertainty_aware__tau1,uncertainty_aware,40,0.44999999999999996,0.15191136719789716,1.0,2,17,0,1,0,15,0,16,1.0,61.625,16,0.0,0.5583333333333333,-0.5583333333333333,0.5,0.7833333333333333,-0.2833333333333333,1.0,1.0,0.0
rel:5,rel:5|cond=rel:5:founding:anchor,uncertainty_aware__tau1,uncertainty_aware,80,0.44999999999999996,0.15191136719789716,1.0,2,36,1,0,0,15,0,16,1.0,61.625,16,0.0,0.5833333333333334,-0.5833333333333334,0.5,0.7916666666666666,-0.29166666666666663,1.0,1.0,0.0
rel:6,rel:6|cond=rel:6:custom:anchor,blind,blind,40,,,,0,15,0,1,0,0,15,0,0.0,0.0,16,1.0,0.03333333333333334,0.9666666666666667,1.0,0.1595238095238095,0.8404761904761905,1.0,0.20833333333333331,0.7916666666666667
rel:6,rel:6|cond=rel:6:custom:anchor,blind,blind,80,,,,0,78,1,4,0,0,11,0,0.0,0.0,16,1.0,0.4666666666666667,0.5333333333333333,1.0,0.4666666666666667,0.5333333333333333,1.0,0.4666666666666667,0.5333333333333333
rel:6,rel:6|cond=rel:6:custom:anchor,oracle_exact,oracle_exact,40,,,,0,36,1,1,0,0,14,0,0.0,0.0,16,1.0,0.3833333333333333,0.6166666666666667,1.0,0.40444444444444444,0.5955555555555556,1.0,0.5583333333333332,0.44166666666666676
rel:6,rel:6|cond=rel:6:custom:anchor,oracle_exact,oracle_exact,80,,,,0,54,2,0,0,0,14,0,0.0,0.0,16,1.0,0.3833333333333333,0.6166666666666667,1.0,0.39285714285714285,0.6071428571428572,1.0,0.5583333333333332,0.44166666666666676
rel:6,rel:6|cond=rel:6:custom:anchor,pointer__sigma0p5,pointer,40,0.45,0.1788510987426215,0.7183332409583436,2,40,0,1,5,10,0,16,1.0,57.9375,16,1.0,0.7749999999999999,0.2250000000000001,1.0,0.7999999999999999,0.20000000000000007,1.0,0.825,0.17500000000000004
rel:6,rel:6|cond=rel:6:custom:anchor,pointer__sigma0p5,pointer,80,0.45,0.1788510987426215,0.7183332409583436,2,78,1,0,9,6,0,16,1.0,57.9375,16,1.0,0.7749999999999999,0.2250000000000001,1.0,0.7999999999999999,0.20000000000000007,1.0,0.825,0.17500000000000004
rel:6,rel:6|cond=rel:6:custom:anchor,pointer__sigma1,pointer,40,0.9,0.7582766571931676,0.0,2,30,0,1,3,12,0,16,1.0,57.9375,16,1.0,0.7749999999999999,0.2250000000000001,1.0,0.7999999999999999,0.20000000000000007,1.0,0.825,0.17500000000000004
rel:6,rel:6|cond=rel:6:custom:anchor,pointer__sigma1,pointer,80,0.9,0.7582766571931676,0.0,2,48,1,0,3,12,0,16,1.0,57.9375,16,1.0,0.7749999999999999,0.2250000000000001,1.0,0.7999999999999999,0.20000000000000007,1.0,0.825,0.17500000000000004
rel:6,rel:6|cond=rel:6:custom:anchor,pointer__tau0p5,pointer,40,0.22499999999999998,0.03805118115463712,0.9151505959607085,2,40,0,1,5,10,0,16,1.0,57.9375,16,1.0,0.7749999999999999,0.2250000000000001,1.0,0.7999999999999999,0.20000000000000007,1.0,0.825,0.17500000000000004
rel:6,rel:6|cond=rel:6:custom:anchor,pointer__tau0p5,pointer,80,0.22499999999999998,0.03805118115463712,0.9151505959607085,2,78,1,0,9,6,0,16,1.0,57.9375,16,1.0,0.7749999999999999,0.2250000000000001,1.0,0.7999999999999999,0.20000000000000007,1.0,0.825,0.17500000000000004
rel:6,rel:6|cond=rel:6:custom:anchor,pointer__tau0,pointer,40,0.0,0.0,0.6783898247235198,2,40,0,1,5,10,0,16,1.0,57.9375,16,1.0,0.7749999999999999,0.2250000000000001,1.0,0.7999999999999999,0.20000000000000007,1.0,0.825,0.17500000000000004
rel:6,rel:6|cond=rel:6:custom:anchor,pointer__tau0,pointer,80,0.0,0.0,0.6783898247235198,2,78,1,0,9,6,0,16,1.0,57.9375,16,1.0,0.7749999999999999,0.2250000000000001,1.0,0.7999999999999999,0.20000000000000007,1.0,0.825,0.17500000000000004
rel:6,rel:6|cond=rel:6:custom:anchor,pointer__tau1,pointer,40,0.44999999999999996,0.15191136719789716,1.0,2,40,0,1,5,10,0,16,1.0,57.9375,16,1.0,0.7749999999999999,0.2250000000000001,1.0,0.7999999999999999,0.20000000000000007,1.0,0.825,0.17500000000000004
rel:6,rel:6|cond=rel:6:custom:anchor,pointer__tau1,pointer,80,0.44999999999999996,0.15191136719789716,1.0,2,78,1,0,9,6,0,16,1.0,57.9375,16,1.0,0.7749999999999999,0.2250000000000001,1.0,0.7999999999999999,0.20000000000000007,1.0,0.825,0.17500000000000004
rel:6,rel:6|cond=rel:6:custom:anchor,preserve__sigma0p5,preserve,40,0.45,0.1788510987426215,0.7183332409583436,0,37,0,3,0,0,13,0,0.0,0.0,16,1.0,0.03333333333333334,0.9666666666666667,1.0,0.07896825396825398,0.921031746031746,1.0,0.08333333333333334,0.9166666666666666
rel:6,rel:6|cond=rel:6:custom:anchor,preserve__sigma0p5,preserve,80,0.45,0.1788510987426215,0.7183332409583436,0,69,2,1,0,0,13,0,0.0,0.0,16,1.0,0.3833333333333333,0.6166666666666667,1.0,0.4083333333333333,0.5916666666666667,1.0,0.43333333333333335,0.5666666666666667
rel:6,rel:6|cond=rel:6:custom:anchor,preserve__sigma1,preserve,40,0.9,0.7582766571931676,0.0,0,40,0,3,0,0,13,0,0.0,0.0,16,1.0,0.05833333333333335,0.9416666666666667,1.0,0.09285714285714289,0.9071428571428571,1.0,0.10833333333333335,0.8916666666666666
rel:6,rel:6|cond=rel:6:custom:anchor,preserve__sigma1,preserve,80,0.9,0.7582766571931676,0.0,0,72,2,1,0,0,13,0,0.0,0.0,16,1.0,0.05833333333333335,0.9416666666666667,1.0,0.08333333333333334,0.9166666666666666,1.0,0.10833333333333335,0.8916666666666666
rel:6,rel:6|cond=rel:6:custom:anchor,preserve__tau0p5,preserve,40,0.22499999999999998,0.03805118115463712,0.9151505959607085,0,25,0,2,0,0,14,0,0.0,0.0,16,1.0,0.3833333333333333,0.6166666666666667,1.0,0.39285714285714285,0.6071428571428572,1.0,0.5583333333333332,0.44166666666666676
rel:6,rel:6|cond=rel:6:custom:anchor,preserve__tau0p5,preserve,80,0.22499999999999998,0.03805118115463712,0.9151505959607085,0,54,2,0,0,0,14,0,0.0,0.0,16,1.0,0.3833333333333333,0.6166666666666667,1.0,0.39285714285714285,0.6071428571428572,1.0,0.5583333333333332,0.44166666666666676
rel:6,rel:6|cond=rel:6:custom:anchor,preserve__tau0,preserve,40,0.0,0.0,0.6783898247235198,0,25,0,2,0,0,14,0,0.0,0.0,16,1.0,0.3833333333333333,0.6166666666666667,1.0,0.403968253968254,0.596031746031746,1.0,0.5583333333333332,0.44166666666666676
rel:6,rel:6|cond=rel:6:custom:anchor,preserve__tau0,preserve,80,0.0,0.0,0.6783898247235198,0,63,2,1,0,0,13,0,0.0,0.0,16,1.0,0.5583333333333332,0.44166666666666676,1.0,0.5778571428571427,0.42214285714285726,1.0,0.5583333333333332,0.44166666666666676
rel:6,rel:6|cond=rel:6:custom:anchor,preserve__tau1,preserve,40,0.44999999999999996,0.15191136719789716,1.0,0,15,0,1,0,0,15,0,0.0,0.0,16,1.0,0.03333333333333334,0.9666666666666667,1.0,0.1595238095238095,0.8404761904761905,1.0,0.20833333333333331,0.7916666666666667
rel:6,rel:6|cond=rel:6:custom:anchor,preserve__tau1,preserve,80,0.44999999999999996,0.15191136719789716,1.0,0,78,1,4,0,0,11,0,0.0,0.0,16,1.0,0.4666666666666667,0.5333333333333333,1.0,0.4666666666666667,0.5333333333333333,1.0,0.4666666666666667,0.5333333333333333
rel:6,rel:6|cond=rel:6:custom:anchor,retrieval_only,retrieval_only,40,,,,2,15,0,1,0,15,0,16,1.0,57.9375,16,1.0,0.7749999999999999,0.2250000000000001,1.0,0.7999999999999999,0.20000000000000007,1.0,0.825,0.17500000000000004
rel:6,rel:6|cond=rel:6:custom:anchor,retrieval_only,retrieval_only,80,,,,2,33,1,0,0,15,0,16,1.0,57.9375,16,1.0,0.7749999999999999,0.2250000000000001,1.0,0.7999999999999999,0.20000000000000007,1.0,0.825,0.17500000000000004
rel:6,rel:6|cond=rel:6:custom:anchor,static_conditioned,static_conditioned,40,,,,0,15,0,1,0,0,15,0,0.0,0.0,16,1.0,0.03333333333333334,0.9666666666666667,1.0,0.1595238095238095,0.8404761904761905,1.0,0.20833333333333331,0.7916666666666667
rel:6,rel:6|cond=rel:6:custom:anchor,static_conditioned,static_conditioned,80,,,,0,33,1,0,0,0,15,0,0.0,0.0,16,1.0,0.03333333333333334,0.9666666666666667,1.0,0.0511904761904762,0.9488095238095238,1.0,0.03333333333333334,0.9666666666666667
rel:6,rel:6|cond=rel:6:custom:anchor,uncertainty_aware__tau0,uncertainty_aware,40,0.0,0.0,0.6783898247235198,0,25,0,2,0,0,14,0,0.0,0.0,16,1.0,0.3833333333333333,0.6166666666666667,1.0,0.39285714285714285,0.6071428571428572,1.0,0.5583333333333332,0.44166666666666676
rel:6,rel:6|cond=rel:6:custom:anchor,uncertainty_aware__tau0,uncertainty_aware,80,0.0,0.0,0.6783898247235198,0,63,2,1,0,0,13,0,0.0,0.0,16,1.0,0.5583333333333332,0.44166666666666676,1.0,0.5778571428571427,0.42214285714285726,1.0,0.5583333333333332,0.44166666666666676
rel:6,rel:6|cond=rel:6:custom:anchor,uncertainty_aware__tau1,uncertainty_aware,40,0.44999999999999996,0.15191136719789716,1.0,2,15,0,1,0,15,0,16,1.0,57.9375,16,1.0,0.7749999999999999,0.2250000000000001,1.0,0.7999999999999999,0.20000000000000007,1.0,0.825,0.17500000000000004
rel:6,rel:6|cond=rel:6:custom:anchor,uncertainty_aware__tau1,uncertainty_aware,80,0.44999999999999996,0.15191136719789716,1.0,2,33,1,0,0,15,0,16,1.0,57.9375,16,1.0,0.7749999999999999,0.2250000000000001,1.0,0.7999999999999999,0.20000000000000007,1.0,0.825,0.17500000000000004
rel:6,rel:6|cond=rel:6:facilities:anchor,blind,blind,40,,,,0,13,0,1,0,0,15,0,0.0,0.0,16,0.0,0.0,0.0,0.5,0.026666666666666672,0.47333333333333333,1.0,0.03333333333333334,0.9666666666666667
rel:6,rel:6|cond=rel:6:facilities:anchor,blind,blind,80,,,,0,74,1,4,0,0,11,0,0.0,0.0,16,0.0,0.4583333333333333,-0.4583333333333333,0.5,0.475,0.025000000000000022,1.0,0.4916666666666667,0.5083333333333333
rel:6,rel:6|cond=rel:6:facilities:anchor,oracle_exact,oracle_exact,40,,,,0,27,0,2,0,0,14,0,0.0,0.0,16,0.0,0.35,-0.35,0.5,0.375,0.125,1.0,0.3833333333333333,0.6166666666666667
rel:6,rel:6|cond=rel:6:facilities:anchor,oracle_exact,oracle_exact,80,,,,0,56,2,0,0,0,14,0,0.0,0.0,16,0.0,0.35,-0.35,0.5,0.36666666666666664,0.13333333333333336,1.0,0.3833333333333333,0.6166666666666667
rel:6,rel:6|cond=rel:6:facilities:anchor,pointer__sigma0p5,pointer,40,0.45,0.1788510987426215,0.7183332409583436,2,38,0,1,5,10,0,16,1.0,57.8125,16,0.0,0.9416666666666667,-0.9416666666666667,0.5,0.9583333333333334,-0.45833333333333337,1.0,0.975,0.025000000000000022
rel:6,rel:6|cond=rel:6:facilities:anchor,pointer__sigma0p5,pointer,80,0.45,0.1788510987426215,0.7183332409583436,2,76,1,0,10,5,0,16,1.0,57.8125,16,0.0,0.9416666666666667,-0.9416666666666667,0.5,0.9583333333333334,-0.45833333333333337,1.0,0.975,0.025000000000000022
rel:6,rel:6|cond=rel:6:facilities:anchor,pointer__sigma1,pointer,40,0.9,0.7582766571931676,0.0,2,28,0,1,3,12,0,16,1.0,57.8125,16,0.0,0.9416666666666667,-0.9416666666666667,0.5,0.9583333333333334,-0.45833333333333337,1.0,0.975,0.025000000000000022
rel:6,rel:6|cond=rel:6:facilities:anchor,pointer__sigma1,pointer,80,0.9,0.7582766571931676,0.0,2,41,1,0,3,12,0,16,1.0,57.8125,16,0.0,0.9416666666666667,-0.9416666666666667,0.5,0.9583333333333334,-0.45833333333333337,1.0,0.975,0.025000000000000022
rel:6,rel:6|cond=rel:6:facilities:anchor,pointer__tau0p5,pointer,40,0.22499999999999998,0.038051181154637126,0.9151505959607085,2,38,0,1,5,10,0,16,1.0,57.8125,16,0.0,0.9416666666666667,-0.9416666666666667,0.5,0.9583333333333334,-0.45833333333333337,1.0,0.975,0.025000000000000022
rel:6,rel:6|cond=rel:6:facilities:anchor,pointer__tau0p5,pointer,80,0.22499999999999998,0.038051181154637126,0.9151505959607085,2,76,1,0,10,5,0,16,1.0,57.8125,16,0.0,0.9416666666666667,-0.9416666666666667,0.5,0.9583333333333334,-0.45833333333333337,1.0,0.975,0.025000000000000022
rel:6,rel:6|cond=rel:6:facilities:anchor,pointer__tau0,pointer,40,0.0,0.0,0.6783898247235198,2,38,0,1,5,10,0,16,1.0,57.8125,16,0.0,0.9416666666666667,-0.9416666666666667,0.5,0.9583333333333334,-0.45833333333333337,1.0,0.975,0.025000000000000022
rel:6,rel:6|cond=rel:6:facilities:anchor,pointer__tau0,pointer,80,0.0,0.0,0.6783898247235198,2,76,1,0,10,5,0,16,1.0,57.8125,16,0.0,0.9416666666666667,-0.9416666666666667,0.5,0.9583333333333334,-0.45833333333333337,1.0,0.975,0.025000000000000022
rel:6,rel:6|cond=rel:6:facilities:anchor,pointer__tau1,pointer,40,0.44999999999999996,0.1519113671978972,1.0,2,38,0,1,5,10,0,16,1.0,57.8125,16,0.0,0.9416666666666667,-0.9416666666666667,0.5,0.9583333333333334,-0.45833333333333337,1.0,0.975,0.025000000000000022
rel:6,rel:6|cond=rel:6:facilities:anchor,pointer__tau1,pointer,80,0.44999999999999996,0.1519113671978972,1.0,2,76,1,0,10,5,0,16,1.0,57.8125,16,0.0,0.9416666666666667,-0.9416666666666667,0.5,0.9583333333333334,-0.45833333333333337,1.0,0.975,0.025000000000000022
rel:6,rel:6|cond=rel:6:facilities:anchor,preserve__sigma0p5,preserve,40,0.45,0.1788510987426215,0.7183332409583436,0,23,0,2,0,0,14,0,0.0,0.0,16,0.0,0.05000000000000001,-0.05000000000000001,0.5,0.06666666666666668,0.43333333333333335,1.0,0.10833333333333335,0.8916666666666666
rel:6,rel:6|cond=rel:6:facilities:anchor,preserve__sigma0p5,preserve,80,0.45,0.1788510987426215,0.7183332409583436,0,70,2,2,0,0,12,0,0.0,0.0,16,0.0,0.425,-0.425,0.5,0.44166666666666665,0.05833333333333335,1.0,0.48333333333333334,0.5166666666666666
rel:6,rel:6|cond=rel:6:facilities:anchor,preserve__sigma1,preserve,40,0.9,0.7582766571931676,0.0,0,34,1,1,0,0,14,0,0.0,0.0,16,0.0,0.05000000000000001,-0.05000000000000001,0.5,0.08214285714285716,0.4178571428571428,1.0,0.10833333333333335,0.8916666666666666
rel:6,rel:6|cond=rel:6:facilities:anchor,preserve__sigma1,preserve,80,0.9,0.7582766571931676,0.0,0,69,3,0,0,0,13,0,0.0,0.0,16,0.0,0.07500000000000001,-0.07500000000000001,0.5,0.1416666666666667,0.3583333333333333,1.0,0.10833333333333335,0.8916666666666666
rel:6,rel:6|cond=rel:6:facilities:anchor,preserve__tau0p5,preserve,40,0.22499999999999998,0.038051181154637126,0.9151505959607085,0,25,0,2,0,0,14,0,0.0,0.0,16,0.0,0.175,-0.175,0.5,0.19166666666666665,0.30833333333333335,1.0,0.20833333333333331,0.7916666666666667
rel:6,rel:6|cond=rel:6:facilities:anchor,preserve__tau0p5,preserve,80,0.22499999999999998,0.038051181154637126,0.9151505959607085,0,61,1,3,0,0,12,0,0.0,0.0,16,0.0,0.5249999999999999,-0.5249999999999999,0.5,0.5416666666666666,-0.04166666666666663,1.0,0.5583333333333332,0.44166666666666676
rel:6,rel:6|cond=rel:6:facilities:anchor,preserve__tau0,preserve,40,0.0,0.0,0.6783898247235198,0,27,0,2,0,0,14,0,0.0,0.0,16,0.0,0.35,-0.35,0.5,0.36666666666666664,0.13333333333333336,1.0,0.3833333333333333,0.6166666666666667
rel:6,rel:6|cond=rel:6:facilities:anchor,preserve__tau0,preserve,80,0.0,0.0,0.6783898247235198,0,56,2,0,0,0,14,0,0.0,0.0,16,0.0,0.35,-0.35,0.5,0.36666666666666664,0.13333333333333336,1.0,0.3833333333333333,0.6166666666666667
rel:6,rel:6|cond=rel:6:facilities:anchor,preserve__tau1,preserve,40,0.44999999999999996,0.1519113671978972,1.0,0,13,0,1,0,0,15,0,0.0,0.0,16,0.0,0.0,0.0,0.5,0.036666666666666674,0.4633333333333333,1.0,0.03333333333333334,0.9666666666666667
rel:6,rel:6|cond=rel:6:facilities:anchor,preserve__tau1,preserve,80,0.44999999999999996,0.1519113671978972,1.0,0,74,1,4,0,0,11,0,0.0,0.0,16,0.0,0.4583333333333333,-0.4583333333333333,0.5,0.475,0.025000000000000022,1.0,0.4916666666666667,0.5083333333333333
rel:6,rel:6|cond=rel:6:facilities:anchor,retrieval_only,retrieval_only,40,,,,2,13,0,1,0,15,0,16,1.0,57.8125,16,0.0,0.7666666666666666,-0.7666666666666666,0.5,0.9,-0.4,1.0,0.975,0.025000000000000022
rel:6,rel:6|cond=rel:6:facilities:anchor,retrieval_only,retrieval_only,80,,,,2,26,1,0,0,15,0,16,1.0,57.8125,16,0.0,0.9416666666666667,-0.9416666666666667,0.5,0.9583333333333334,-0.45833333333333337,1.0,0.975,0.025000000000000022
rel:6,rel:6|cond=rel:6:facilities:anchor,static_conditioned,static_conditioned,40,,,,0,13,0,1,0,0,15,0,0.0,0.0,16,0.0,0.0,0.0,0.5,0.036666666666666674,0.4633333333333333,1.0,0.03333333333333334,0.9666666666666667
rel:6,rel:6|cond=rel:6:facilities:anchor,static_conditioned,static_conditioned,80,,,,0,26,1,0,0,0,15,0,0.0,0.0,16,0.0,0.0,0.0,0.5,0.01666666666666667,0.48333333333333334,1.0,0.03333333333333334,0.9666666666666667
rel:6,rel:6|cond=rel:6:facilities:anchor,uncertainty_aware__tau0,uncertainty_aware,40,0.0,0.0,0.6783898247235198,0,27,0,2,0,0,14,0,0.0,0.0,16,0.0,0.35,-0.35,0.5,0.375,0.125,1.0,0.3833333333333333,0.6166666666666667
rel:6,rel:6|cond=rel:6:facilities:anchor,uncertainty_aware__tau0,uncertainty_aware,80,0.0,0.0,0.6783898247235198,0,56,2,0,0,0,14,0,0.0,0.0,16,0.0,0.35,-0.35,0.5,0.36666666666666664,0.13333333333333336,1.0,0.3833333333333333,0.6166666666666667
rel:6,rel:6|cond=rel:6:facilities:anchor,uncertainty_aware__tau1,uncertainty_aware,40,0.44999999999999996,0.1519113671978972,1.0,2,13,0,1,0,15,0,16,1.0,57.8125,16,0.0,0.7666666666666666,-0.7666666666666666,0.5,0.9,-0.4,1.0,0.975,0.025000000000000022
rel:6,rel:6|cond=rel:6:facilities:anchor,uncertainty_aware__tau1,uncertainty_aware,80,0.44999999999999996,0.1519113671978972,1.0,2,26,1,0,0,15,0,16,1.0,57.8125,16,0.0,0.9416666666666667,-0.9416666666666667,0.5,0.9583333333333334,-0.45833333333333337,1.0,0.975,0.025000000000000022
rel:6,rel:6|cond=rel:6:finance:anchor,blind,blind,40,,,,0,14,0,1,0,0,15,0,0.0,0.0,16,1.0,0.03333333333333334,0.9666666666666667,1.0,0.03333333333333334,0.9666666666666667,1.0,0.03333333333333334,0.9666666666666667
rel:6,rel:6|cond=rel:6:finance:anchor,blind,blind,80,,,,0,75,1,4,0,0,11,0,0.0,0.0,16,1.0,0.3166666666666667,0.6833333333333333,1.0,0.32916666666666666,0.6708333333333334,1.0,0.3416666666666667,0.6583333333333333
rel:6,rel:6|cond=rel:6:finance:anchor,oracle_exact,oracle_exact,40,,,,0,29,0,2,0,0,14,0,0.0,0.0,16,1.0,0.3833333333333333,0.6166666666666667,1.0,0.3833333333333333,0.6166666666666667,1.0,0.3833333333333333,0.6166666666666667
rel:6,rel:6|cond=rel:6:finance:anchor,oracle_exact,oracle_exact,80,,,,0,63,2,0,0,0,14,0,0.0,0.0,16,1.0,0.3833333333333333,0.6166666666666667,1.0,0.44166666666666665,0.5583333333333333,1.0,0.3833333333333333,0.6166666666666667
rel:6,rel:6|cond=rel:6:finance:anchor,pointer__sigma0p5,pointer,40,0.45,0.1788510987426215,0.7183332409583437,2,39,0,1,5,10,0,16,1.0,57.875,16,1.0,0.925,0.07499999999999996,1.0,0.95,0.050000000000000044,1.0,0.975,0.025000000000000022
rel:6,rel:6|cond=rel:6:finance:anchor,pointer__sigma0p5,pointer,80,0.45,0.1788510987426215,0.7183332409583437,2,80,1,0,10,5,0,16,1.0,57.875,16,1.0,0.925,0.07499999999999996,1.0,0.95,0.050000000000000044,1.0,0.975,0.025000000000000022
rel:6,rel:6|cond=rel:6:finance:anchor,pointer__sigma1,pointer,40,0.9,0.7582766571931676,0.0,2,29,0,1,3,12,0,16,1.0,57.875,16,1.0,0.925,0.07499999999999996,1.0,0.95,0.050000000000000044,1.0,0.975,0.025000000000000022
rel:6,rel:6|cond=rel:6:finance:anchor,pointer__sigma1,pointer,80,0.9,0.7582766571931676,0.0,2,45,1,0,3,12,0,16,1.0,57.875,16,1.0,0.925,0.07499999999999996,1.0,0.95,0.050000000000000044,1.0,0.975,0.025000000000000022
rel:6,rel:6|cond=rel:6:finance:anchor,pointer__tau0p5,pointer,40,0.22499999999999998,0.038051181154637126,0.9151505959607087,2,39,0,1,5,10,0,16,1.0,57.875,16,1.0,0.925,0.07499999999999996,1.0,0.95,0.050000000000000044,1.0,0.975,0.025000000000000022
rel:6,rel:6|cond=rel:6:finance:anchor,pointer__tau0p5,pointer,80,0.22499999999999998,0.038051181154637126,0.9151505959607087,2,80,1,0,10,5,0,16,1.0,57.875,16,1.0,0.925,0.07499999999999996,1.0,0.95,0.050000000000000044,1.0,0.975,0.025000000000000022
rel:6,rel:6|cond=rel:6:finance:anchor,pointer__tau0,pointer,40,0.0,0.0,0.6783898247235198,2,39,0,1,5,10,0,16,1.0,57.875,16,1.0,0.925,0.07499999999999996,1.0,0.95,0.050000000000000044,1.0,0.975,0.025000000000000022
rel:6,rel:6|cond=rel:6:finance:anchor,pointer__tau0,pointer,80,0.0,0.0,0.6783898247235198,2,80,1,0,10,5,0,16,1.0,57.875,16,1.0,0.925,0.07499999999999996,1.0,0.95,0.050000000000000044,1.0,0.975,0.025000000000000022
rel:6,rel:6|cond=rel:6:finance:anchor,pointer__tau1,pointer,40,0.44999999999999996,0.1519113671978972,1.0,2,39,0,1,5,10,0,16,1.0,57.875,16,1.0,0.925,0.07499999999999996,1.0,0.95,0.050000000000000044,1.0,0.975,0.025000000000000022
rel:6,rel:6|cond=rel:6:finance:anchor,pointer__tau1,pointer,80,0.44999999999999996,0.1519113671978972,1.0,2,80,1,0,10,5,0,16,1.0,57.875,16,1.0,0.925,0.07499999999999996,1.0,0.95,0.050000000000000044,1.0,0.975,0.025000000000000022
rel:6,rel:6|cond=rel:6:finance:anchor,preserve__sigma0p5,preserve,40,0.45,0.1788510987426215,0.7183332409583437,0,24,0,2,0,0,14,0,0.0,0.0,16,1.0,0.08333333333333334,0.9166666666666666,1.0,0.14166666666666666,0.8583333333333334,1.0,0.10833333333333335,0.8916666666666666
rel:6,rel:6|cond=rel:6:finance:anchor,preserve__sigma0p5,preserve,80,0.45,0.1788510987426215,0.7183332409583437,0,66,2,1,0,0,13,0,0.0,0.0,16,1.0,0.43333333333333335,0.5666666666666667,1.0,0.4916666666666667,0.5083333333333333,1.0,0.4583333333333333,0.5416666666666667
rel:6,rel:6|cond=rel:6:finance:anchor,preserve__sigma1,preserve,40,0.9,0.7582766571931676,0.0,0,35,1,1,0,0,14,0,0.0,0.0,16,1.0,0.08333333333333334,0.9166666666666666,1.0,0.08333333333333334,0.9166666666666666,1.0,0.10833333333333335,0.8916666666666666
rel:6,rel:6|cond=rel:6:finance:anchor,preserve__sigma1,preserve,80,0.9,0.7582766571931676,0.0,0,73,3,0,0,0,13,0,0.0,0.0,16,1.0,0.10833333333333335,0.8916666666666666,1.0,0.11785714285714288,0.8821428571428571,1.0,0.10833333333333335,0.8916666666666666
rel:6,rel:6|cond=rel:6:finance:anchor,preserve__tau0p5,preserve,40,0.22499999999999998,0.038051181154637126,0.9151505959607087,0,25,0,2,0,0,14,0,0.0,0.0,16,1.0,0.20833333333333331,0.7916666666666667,1.0,0.21785714285714286,0.7821428571428571,1.0,0.20833333333333331,0.7916666666666667
rel:6,rel:6|cond=rel:6:finance:anchor,preserve__tau0p5,preserve,80,0.22499999999999998,0.038051181154637126,0.9151505959607087,0,54,1,2,0,0,13,0,0.0,0.0,16,1.0,0.3833333333333333,0.6166666666666667,1.0,0.44166666666666665,0.5583333333333333,1.0,0.3833333333333333,0.6166666666666667
rel:6,rel:6|cond=rel:6:finance:anchor,preserve__tau0,preserve,40,0.0,0.0,0.6783898247235198,0,29,0,2,0,0,14,0,0.0,0.0,16,1.0,0.3833333333333333,0.6166666666666667,1.0,0.3833333333333333,0.6166666666666667,1.0,0.3833333333333333,0.6166666666666667
rel:6,rel:6|cond=rel:6:finance:anchor,preserve__tau0,preserve,80,0.0,0.0,0.6783898247235198,0,63,2,0,0,0,14,0,0.0,0.0,16,1.0,0.3833333333333333,0.6166666666666667,1.0,0.44166666666666665,0.5583333333333333,1.0,0.3833333333333333,0.6166666666666667
rel:6,rel:6|cond=rel:6:finance:anchor,preserve__tau1,preserve,40,0.44999999999999996,0.1519113671978972,1.0,0,14,0,1,0,0,15,0,0.0,0.0,16,1.0,0.03333333333333334,0.9666666666666667,1.0,0.03333333333333334,0.9666666666666667,1.0,0.03333333333333334,0.9666666666666667
rel:6,rel:6|cond=rel:6:finance:anchor,preserve__tau1,preserve,80,0.44999999999999996,0.1519113671978972,1.0,0,75,1,4,0,0,11,0,0.0,0.0,16,1.0,0.3166666666666667,0.6833333333333333,1.0,0.32916666666666666,0.6708333333333334,1.0,0.3416666666666667,0.6583333333333333
rel:6,rel:6|cond=rel:6:finance:anchor,retrieval_only,retrieval_only,40,,,,2,14,0,1,0,15,0,16,1.0,57.875,16,1.0,0.925,0.07499999999999996,1.0,0.95,0.050000000000000044,1.0,0.975,0.025000000000000022
rel:6,rel:6|cond=rel:6:finance:anchor,retrieval_only,retrieval_only,80,,,,2,30,1,0,0,15,0,16,1.0,57.875,16,1.0,0.925,0.07499999999999996,1.0,0.95,0.050000000000000044,1.0,0.975,0.025000000000000022
rel:6,rel:6|cond=rel:6:finance:anchor,static_conditioned,static_conditioned,40,,,,0,14,0,1,0,0,15,0,0.0,0.0,16,1.0,0.03333333333333334,0.9666666666666667,1.0,0.03333333333333334,0.9666666666666667,1.0,0.03333333333333334,0.9666666666666667
rel:6,rel:6|cond=rel:6:finance:anchor,static_conditioned,static_conditioned,80,,,,0,30,1,0,0,0,15,0,0.0,0.0,16,1.0,0.03333333333333334,0.9666666666666667,1.0,0.03333333333333334,0.9666666666666667,1.0,0.03333333333333334,0.9666666666666667
rel:6,rel:6|cond=rel:6:finance:anchor,uncertainty_aware__tau0,uncertainty_aware,40,0.0,0.0,0.6783898247235198,0,29,0,2,0,0,14,0,0.0,0.0,16,1.0,0.3833333333333333,0.6166666666666667,1.0,0.3833333333333333,0.6166666666666667,1.0,0.3833333333333333,0.6166666666666667
rel:6,rel:6|cond=rel:6:finance:anchor,uncertainty_aware__tau0,uncertainty_aware,80,0.0,0.0,0.6783898247235198,0,63,2,0,0,0,14,0,0.0,0.0,16,1.0,0.3833333333333333,0.6166666666666667,1.0,0.44166666666666665,0.5583333333333333,1.0,0.3833333333333333,0.6166666666666667
rel:6,rel:6|cond=rel:6:finance:anchor,uncertainty_aware__tau1,uncertainty_aware,40,0.44999999999999996,0.1519113671978972,1.0,2,14,0,1,0,15,0,16,1.0,57.875,16,1.0,0.925,0.07499999999999996,1.0,0.95,0.050000000000000044,1.0,0.975,0.025000000000000022
rel:6,rel:6|cond=rel:6:finance:anchor,uncertainty_aware__tau1,uncertainty_aware,80,0.44999999999999996,0.1519113671978972,1.0,2,30,1,0,0,15,0,16,1.0,57.875,16,1.0,0.925,0.07499999999999996,1.0,0.95,0.050000000000000044,1.0,0.975,0.025000000000000022
rel:6,rel:6|cond=rel:6:founding:anchor,blind,blind,40,,,,0,10,0,1,0,0,15,0,0.0,0.0,16,1.0,0.03333333333333334,0.9666666666666667,1.0,0.03333333333333334,0.9666666666666667,1.0,0.03333333333333334,0.9666666666666667
rel:6,rel:6|cond=rel:6:founding:anchor,blind,blind,80,,,,0,72,1,4,0,0,11,0,0.0,0.0,16,1.0,0.16666666666666669,0.8333333333333333,1.0,0.3416666666666667,0.6583333333333333,1.0,0.5166666666666667,0.4833333333333333
rel:6,rel:6|cond=rel:6:founding:anchor,oracle_exact,oracle_exact,40,,,,0,36,1,1,0,0,14,0,0.0,0.0,16,1.0,0.03333333333333334,0.9666666666666667,1.0,0.2154761904761905,0.7845238095238095,1.0,0.41666666666666663,0.5833333333333334
rel:6,rel:6|cond=rel:6:founding:anchor,oracle_exact,oracle_exact,80,,,,0,47,2,0,0,0,14,0,0.0,0.0,16,1.0,0.03333333333333334,0.9666666666666667,1.0,0.2226190476190476,0.7773809523809524,1.0,0.3833333333333333,0.6166666666666667
rel:6,rel:6|cond=rel:6:founding:anchor,pointer__sigma0p5,pointer,40,0.45,0.1788510987426215,0.7183332409583436,2,40,0,1,6,9,0,16,1.0,58.75,16,1.0,0.65,0.35,1.0,0.825,0.17500000000000004,1.0,1.0,0.0
rel:6,rel:6|cond=rel:6:founding:anchor,pointer__sigma0p5,pointer,80,0.45,0.1788510987426215,0.7183332409583436,2,76,1,0,11,4,0,16,1.0,58.75,16,1.0,0.65,0.35,1.0,0.825,0.17500000000000004,1.0,1.0,0.0
rel:6,rel:6|cond=rel:6:founding:anchor,pointer__sigma1,pointer,40,0.9,0.7582766571931676,0.0,2,20,0,1,2,13,0,16,1.0,58.75,16,1.0,0.65,0.35,1.0,0.825,0.17500000000000004,1.0,1.0,0.0
rel:6,rel:6|cond=rel:6:founding:anchor,pointer__sigma1,pointer,80,0.9,0.7582766571931676,0.0,2,31,1,0,2,13,0,16,1.0,58.75,16,1.0,0.65,0.35,1.0,0.825,0.17500000000000004,1.0,1.0,0.0
rel:6,rel:6|cond=rel:6:founding:anchor,pointer__tau0p5,pointer,40,0.22499999999999998,0.03805118115463712,0.9151505959607085,2,40,0,1,6,9,0,16,1.0,58.75,16,1.0,0.65,0.35,1.0,0.825,0.17500000000000004,1.0,1.0,0.0
rel:6,rel:6|cond=rel:6:founding:anchor,pointer__tau0p5,pointer,80,0.22499999999999998,0.03805118115463712,0.9151505959607085,2,76,1,0,11,4,0,16,1.0,58.75,16,1.0,0.65,0.35,1.0,0.825,0.17500000000000004,1.0,1.0,0.0
rel:6,rel:6|cond=rel:6:founding:anchor,pointer__tau0,pointer,40,0.0,0.0,0.6783898247235198,2,40,0,1,6,9,0,16,1.0,58.75,16,1.0,0.65,0.35,1.0,0.825,0.17500000000000004,1.0,1.0,0.0
rel:6,rel:6|cond=rel:6:founding:anchor,pointer__tau0,pointer,80,0.0,0.0,0.6783898247235198,2,76,1,0,11,4,0,16,1.0,58.75,16,1.0,0.65,0.35,1.0,0.825,0.17500000000000004,1.0,1.0,0.0
rel:6,rel:6|cond=rel:6:founding:anchor,pointer__tau1,pointer,40,0.44999999999999996,0.15191136719789716,1.0,2,40,0,1,6,9,0,16,1.0,58.75,16,1.0,0.65,0.35,1.0,0.825,0.17500000000000004,1.0,1.0,0.0
rel:6,rel:6|cond=rel:6:founding:anchor,pointer__tau1,pointer,80,0.44999999999999996,0.15191136719789716,1.0,2,76,1,0,11,4,0,16,1.0,58.75,16,1.0,0.65,0.35,1.0,0.825,0.17500000000000004,1.0,1.0,0.0
rel:6,rel:6|cond=rel:6:founding:anchor,preserve__sigma0p5,preserve,40,0.45,0.1788510987426215,0.7183332409583436,0,19,0,2,0,0,14,0,0.0,0.0,16,1.0,0.06666666666666668,0.9333333333333333,1.0,0.06666666666666668,0.9333333333333333,1.0,0.06666666666666668,0.9333333333333333
rel:6,rel:6|cond=rel:6:founding:anchor,preserve__sigma0p5,preserve,80,0.45,0.1788510987426215,0.7183332409583436,0,56,2,1,0,0,13,0,0.0,0.0,16,1.0,0.06666666666666668,0.9333333333333333,1.0,0.2488095238095238,0.7511904761904762,1.0,0.41666666666666663,0.5833333333333334
rel:6,rel:6|cond=rel:6:founding:anchor,preserve__sigma1,preserve,40,0.9,0.7582766571931676,0.0,0,32,1,1,0,0,14,0,0.0,0.0,16,1.0,0.06666666666666668,0.9333333333333333,1.0,0.06666666666666668,0.9333333333333333,1.0,0.06666666666666668,0.9333333333333333
rel:6,rel:6|cond=rel:6:founding:anchor,preserve__sigma1,preserve,80,0.9,0.7582766571931676,0.0,0,72,3,0,0,0,13,0,0.0,0.0,16,1.0,0.10000000000000002,0.9,1.0,0.10625000000000002,0.8937499999999999,1.0,0.10000000000000002,0.9
rel:6,rel:6|cond=rel:6:founding:anchor,preserve__tau0p5,preserve,40,0.22499999999999998,0.03805118115463712,0.9151505959607085,0,23,0,2,0,0,14,0,0.0,0.0,16,1.0,0.03333333333333334,0.9666666666666667,1.0,0.20833333333333331,0.7916666666666667,1.0,0.3833333333333333,0.6166666666666667
rel:6,rel:6|cond=rel:6:founding:anchor,preserve__tau0p5,preserve,80,0.22499999999999998,0.03805118115463712,0.9151505959607085,0,56,2,1,0,0,13,0,0.0,0.0,16,1.0,0.06666666666666668,0.9333333333333333,1.0,0.2588095238095238,0.7411904761904762,1.0,0.41666666666666663,0.5833333333333334
rel:6,rel:6|cond=rel:6:founding:anchor,preserve__tau0,preserve,40,0.0,0.0,0.6783898247235198,0,23,0,2,0,0,14,0,0.0,0.0,16,1.0,0.03333333333333334,0.9666666666666667,1.0,0.20833333333333331,0.7916666666666667,1.0,0.41666666666666663,0.5833333333333334
rel:6,rel:6|cond=rel:6:founding:anchor,preserve__tau0,preserve,80,0.0,0.0,0.6783898247235198,0,60,2,1,0,0,13,0,0.0,0.0,16,1.0,0.20833333333333331,0.7916666666666667,1.0,0.3833333333333333,0.6166666666666667,1.0,0.5583333333333332,0.44166666666666676
rel:6,rel:6|cond=rel:6:founding:anchor,preserve__tau1,preserve,40,0.44999999999999996,0.15191136719789716,1.0,0,10,0,1,0,0,15,0,0.0,0.0,16,1.0,0.03333333333333334,0.9666666666666667,1.0,0.03333333333333334,0.9666666666666667,1.0,0.03333333333333334,0.9666666666666667
rel:6,rel:6|cond=rel:6:founding:anchor,preserve__tau1,preserve,80,0.44999999999999996,0.15191136719789716,1.0,0,72,1,4,0,0,11,0,0.0,0.0,16,1.0,0.16666666666666669,0.8333333333333333,1.0,0.3416666666666667,0.6583333333333333,1.0,0.5166666666666667,0.4833333333333333
rel:6,rel:6|cond=rel:6:founding:anchor,retrieval_only,retrieval_only,40,,,,2,10,0,1,0,15,0,16,1.0,58.75,16,1.0,0.65,0.35,1.0,0.825,0.17500000000000004,1.0,1.0,0.0
rel:6,rel:6|cond=rel:6:founding:anchor,retrieval_only,retrieval_only,80,,,,2,21,1,0,0,15,0,16,1.0,58.75,16,1.0,0.65,0.35,1.0,0.825,0.17500000000000004,1.0,1.0,0.0
rel:6,rel:6|cond=rel:6:founding:anchor,static_conditioned,static_conditioned,40,,,,0,10,0,1,0,0,15,0,0.0,0.0,16,1.0,0.03333333333333334,0.9666666666666667,1.0,0.03333333333333334,0.9666666666666667,1.0,0.03333333333333334,0.9666666666666667
rel:6,rel:6|cond=rel:6:founding:anchor,static_conditioned,static_conditioned,80,,,,0,21,1,0,0,0,15,0,0.0,0.0,16,1.0,0.03333333333333334,0.9666666666666667,1.0,0.08103174603174604,0.918968253968254,1.0,0.06666666666666668,0.9333333333333333
rel:6,rel:6|cond=rel:6:founding:anchor,uncertainty_aware__tau0,uncertainty_aware,40,0.0,0.0,0.6783898247235198,0,23,0,2,0,0,14,0,0.0,0.0,16,1.0,0.03333333333333334,0.9666666666666667,1.0,0.20833333333333331,0.7916666666666667,1.0,0.3833333333333333,0.6166666666666667
rel:6,rel:6|cond=rel:6:founding:anchor,uncertainty_aware__tau0,uncertainty_aware,80,0.0,0.0,0.6783898247235198,0,60,2,1,0,0,13,0,0.0,0.0,16,1.0,0.20833333333333331,0.7916666666666667,1.0,0.3833333333333333,0.6166666666666667,1.0,0.5916666666666666,0.40833333333333344
rel:6,rel:6|cond=rel:6:founding:anchor,uncertainty_aware__tau1,uncertainty_aware,40,0.44999999999999996,0.15191136719789716,1.0,2,10,0,1,0,15,0,16,1.0,58.75,16,1.0,0.65,0.35,1.0,0.825,0.17500000000000004,1.0,1.0,0.0
rel:6,rel:6|cond=rel:6:founding:anchor,uncertainty_aware__tau1,uncertainty_aware,80,0.44999999999999996,0.15191136719789716,1.0,2,21,1,0,0,15,0,16,1.0,58.75,16,1.0,0.65,0.35,1.0,0.825,0.17500000000000004,1.0,1.0,0.0
rel:9,rel:9|cond=rel:9:custom:anchor,blind,blind,40,,,,0,17,0,1,0,0,15,0,0.0,0.0,16,1.0,0.03333333333333334,0.9666666666666667,1.0,0.03333333333333334,0.9666666666666667,1.0,0.03333333333333334,0.9666666666666667
rel:9,rel:9|cond=rel:9:custom:anchor,blind,blind,80,,,,0,47,1,1,0,0,14,0,0.0,0.0,16,1.0,0.3833333333333333,0.6166666666666667,1.0,0.3833333333333333,0.6166666666666667,1.0,0.3833333333333333,0.6166666666666667
rel:9,rel:9|cond=rel:9:custom:anchor,oracle_exact,oracle_exact,40,,,,0,39,1,1,0,0,14,0,0.0,0.0,16,1.0,0.3833333333333333,0.6166666666666667,1.0,0.3833333333333333,0.6166666666666667,1.0,0.3833333333333333,0.6166666666666667
rel:9,rel:9|cond=rel:9:custom:anchor,oracle_exact,oracle_exact,80,,,,0,60,2,0,0,0,14,0,0.0,0.0,16,1.0,0.3833333333333333,0.6166666666666667,1.0,0.3833333333333333,0.6166666666666667,1.0,0.3833333333333333,0.6166666666666667
rel:9,rel:9|cond=rel:9:custom:anchor,pointer__sigma0p5,pointer,40,0.45,0.1788510987426215,0.7183332409583436,2,37,0,1,4,11,0,16,1.0,50.4375,16,1.0,0.975,0.025000000000000022,1.0,0.9875,0.012499999999999956,1.0,1.0,0.0
rel:9,rel:9|cond=rel:9:custom:anchor,pointer__sigma0p5,pointer,80,0.45,0.1788510987426215,0.7183332409583436,2,78,1,0,8,7,0,16,1.0,50.4375,16,1.0,0.975,0.025000000000000022,1.0,0.9875,0.012499999999999956,1.0,1.0,0.0
rel:9,rel:9|cond=rel:9:custom:anchor,pointer__sigma1,pointer,40,0.9,0.7582766571931676,0.0,2,32,0,1,3,12,0,16,1.0,50.4375,16,1.0,0.975,0.025000000000000022,1.0,0.9875,0.012499999999999956,1.0,1.0,0.0
rel:9,rel:9|cond=rel:9:custom:anchor,pointer__sigma1,pointer,80,0.9,0.7582766571931676,0.0,2,53,1,0,3,12,0,16,1.0,50.4375,16,1.0,0.975,0.025000000000000022,1.0,0.9875,0.012499999999999956,1.0,1.0,0.0
rel:9,rel:9|cond=rel:9:custom:anchor,pointer__tau0p5,pointer,40,0.22499999999999998,0.03805118115463712,0.9151505959607085,2,37,0,1,4,11,0,16,1.0,50.4375,16,1.0,0.975,0.025000000000000022,1.0,0.9875,0.012499999999999956,1.0,1.0,0.0
rel:9,rel:9|cond=rel:9:custom:anchor,pointer__tau0p5,pointer,80,0.22499999999999998,0.03805118115463712,0.9151505959607085,2,78,1,0,8,7,0,16,1.0,50.4375,16,1.0,0.975,0.025000000000000022,1.0,0.9875,0.012499999999999956,1.0,1.0,0.0
rel:9,rel:9|cond=rel:9:custom:anchor,pointer__tau0,pointer,40,0.0,0.0,0.6783898247235198,2,37,0,1,4,11,0,16,1.0,50.4375,16,1.0,0.975,0.025000000000000022,1.0,0.9875,0.012499999999999956,1.0,1.0,0.0
rel:9,rel:9|cond=rel:9:custom:anchor,pointer__tau0,pointer,80,0.0,0.0,0.6783898247235198,2,78,1,0,8,7,0,16,1.0,50.4375,16,1.0,0.975,0.025000000000000022,1.0,0.9875,0.012499999999999956,1.0,1.0,0.0
rel:9,rel:9|cond=rel:9:custom:anchor,pointer__tau1,pointer,40,0.44999999999999996,0.15191136719789716,1.0,2,37,0,1,4,11,0,16,1.0,50.4375,16,1.0,0.975,0.025000000000000022,1.0,0.9875,0.012499999999999956,1.0,1.0,0.0
rel:9,rel:9|cond=rel:9:custom:anchor,pointer__tau1,pointer,80,0.44999999999999996,0.15191136719789716,1.0,2,78,1,0,8,7,0,16,1.0,50.4375,16,1.0,0.975,0.025000000000000022,1.0,0.9875,0.012499999999999956,1.0,1.0,0.0
rel:9,rel:9|cond=rel:9:custom:anchor,preserve__sigma0p5,preserve,40,0.45,0.1788510987426215,0.7183332409583436,0,28,0,2,0,0,14,0,0.0,0.0,16,1.0,0.05833333333333335,0.9416666666666667,1.0,0.05833333333333335,0.9416666666666667,1.0,0.05833333333333335,0.9416666666666667
rel:9,rel:9|cond=rel:9:custom:anchor,preserve__sigma0p5,preserve,80,0.45,0.1788510987426215,0.7183332409583436,0,70,2,1,0,0,13,0,0.0,0.0,16,1.0,0.4083333333333333,0.5916666666666667,1.0,0.4083333333333333,0.5916666666666667,1.0,0.4083333333333333,0.5916666666666667
rel:9,rel:9|cond=rel:9:custom:anchor,preserve__sigma1,preserve,40,0.9,0.7582766571931676,0.0,0,40,1,1,0,0,14,0,0.0,0.0,16,1.0,0.05833333333333335,0.9416666666666667,1.0,0.05833333333333335,0.9416666666666667,1.0,0.05833333333333335,0.9416666666666667
rel:9,rel:9|cond=rel:9:custom:anchor,preserve__sigma1,preserve,80,0.9,0.7582766571931676,0.0,0,73,2,1,0,0,13,0,0.0,0.0,16,1.0,0.08333333333333334,0.9166666666666666,1.0,0.09583333333333335,0.9041666666666667,1.0,0.10833333333333335,0.8916666666666666
rel:9,rel:9|cond=rel:9:custom:anchor,preserve__tau0p5,preserve,40,0.22499999999999998,0.03805118115463712,0.9151505959607085,0,26,0,2,0,0,14,0,0.0,0.0,16,1.0,0.20833333333333331,0.7916666666666667,1.0,0.34833333333333333,0.6516666666666666,1.0,0.3833333333333333,0.6166666666666667
rel:9,rel:9|cond=rel:9:custom:anchor,preserve__tau0p5,preserve,80,0.22499999999999998,0.03805118115463712,0.9151505959607085,0,47,1,1,0,0,14,0,0.0,0.0,16,1.0,0.3833333333333333,0.6166666666666667,1.0,0.3833333333333333,0.6166666666666667,1.0,0.3833333333333333,0.6166666666666667
rel:9,rel:9|cond=rel:9:custom:anchor,preserve__tau0,preserve,40,0.0,0.0,0.6783898247235198,0,26,0,2,0,0,14,0,0.0,0.0,16,1.0,0.20833333333333331,0.7916666666666667,1.0,0.34833333333333333,0.6516666666666666,1.0,0.3833333333333333,0.6166666666666667
rel:9,rel:9|cond=rel:9:custom:anchor,preserve__tau0,preserve,80,0.0,0.0,0.6783898247235198,0,60,2,0,0,0,14,0,0.0,0.0,16,1.0,0.3833333333333333,0.6166666666666667,1.0,0.3833333333333333,0.6166666666666667,1.0,0.3833333333333333,0.6166666666666667
rel:9,rel:9|cond=rel:9:custom:anchor,preserve__tau1,preserve,40,0.44999999999999996,0.15191136719789716,1.0,0,17,0,1,0,0,15,0,0.0,0.0,16,1.0,0.03333333333333334,0.9666666666666667,1.0,0.03333333333333334,0.9666666666666667,1.0,0.03333333333333334,0.9666666666666667
rel:9,rel:9|cond=rel:9:custom:anchor,preserve__tau1,preserve,80,0.44999999999999996,0.15191136719789716,1.0,0,47,1,1,0,0,14,0,0.0,0.0,16,1.0,0.3833333333333333,0.6166666666666667,1.0,0.3833333333333333,0.6166666666666667,1.0,0.3833333333333333,0.6166666666666667
rel:9,rel:9|cond=rel:9:custom:anchor,retrieval_only,retrieval_only,40,,,,2,17,0,1,0,15,0,16,1.0,50.4375,16,1.0,0.975,0.025000000000000022,1.0,0.9875,0.012499999999999956,1.0,1.0,0.0
rel:9,rel:9|cond=rel:9:custom:anchor,retrieval_only,retrieval_only,80,,,,2,38,1,0,0,15,0,16,1.0,50.4375,16,1.0,0.975,0.025000000000000022,1.0,0.9875,0.012499999999999956,1.0,1.0,0.0
rel:9,rel:9|cond=rel:9:custom:anchor,static_conditioned,static_conditioned,40,,,,0,17,0,1,0,0,15,0,0.0,0.0,16,1.0,0.03333333333333334,0.9666666666666667,1.0,0.03333333333333334,0.9666666666666667,1.0,0.03333333333333334,0.9666666666666667
rel:9,rel:9|cond=rel:9:custom:anchor,static_conditioned,static_conditioned,80,,,,0,38,1,0,0,0,15,0,0.0,0.0,16,1.0,0.03333333333333334,0.9666666666666667,1.0,0.03333333333333334,0.9666666666666667,1.0,0.03333333333333334,0.9666666666666667
rel:9,rel:9|cond=rel:9:custom:anchor,uncertainty_aware__tau0,uncertainty_aware,40,0.0,0.0,0.6783898247235198,0,26,0,2,0,0,14,0,0.0,0.0,16,1.0,0.20833333333333331,0.7916666666666667,1.0,0.34833333333333333,0.6516666666666666,1.0,0.3833333333333333,0.6166666666666667
rel:9,rel:9|cond=rel:9:custom:anchor,uncertainty_aware__tau0,uncertainty_aware,80,0.0,0.0,0.6783898247235198,0,60,2,0,0,0,14,0,0.0,0.0,16,1.0,0.3833333333333333,0.6166666666666667,1.0,0.3833333333333333,0.6166666666666667,1.0,0.3833333333333333,0.6166666666666667
rel:9,rel:9|cond=rel:9:custom:anchor,uncertainty_aware__tau1,uncertainty_aware,40,0.44999999999999996,0.15191136719789716,1.0,2,17,0,1,0,15,0,16,1.0,50.4375,16,1.0,0.975,0.025000000000000022,1.0,0.9875,0.012499999999999956,1.0,1.0,0.0
rel:9,rel:9|cond=rel:9:custom:anchor,uncertainty_aware__tau1,uncertainty_aware,80,0.44999999999999996,0.15191136719789716,1.0,2,38,1,0,0,15,0,16,1.0,50.4375,16,1.0,0.975,0.025000000000000022,1.0,0.9875,0.012499999999999956,1.0,1.0,0.0
rel:9,rel:9|cond=rel:9:facilities:anchor,blind,blind,40,,,,0,12,0,1,0,0,15,0,0.0,0.0,16,1.0,0.0,1.0,1.0,0.04166666666666667,0.9583333333333334,1.0,0.03333333333333334,0.9666666666666667
rel:9,rel:9|cond=rel:9:facilities:anchor,blind,blind,80,,,,0,71,1,4,0,0,11,0,0.0,0.0,16,1.0,0.2833333333333333,0.7166666666666667,1.0,0.3,0.7,1.0,0.3166666666666667,0.6833333333333333
rel:9,rel:9|cond=rel:9:facilities:anchor,oracle_exact,oracle_exact,40,,,,0,28,0,2,0,0,14,0,0.0,0.0,16,1.0,0.35,0.65,1.0,0.36666666666666664,0.6333333333333333,1.0,0.3833333333333333,0.6166666666666667
rel:9,rel:9|cond=rel:9:facilities:anchor,oracle_exact,oracle_exact,80,,,,0,57,2,0,0,0,14,0,0.0,0.0,16,1.0,0.35,0.65,1.0,0.36666666666666664,0.6333333333333333,1.0,0.3833333333333333,0.6166666666666667
rel:9,rel:9|cond=rel:9:facilities:anchor,pointer__sigma0p5,pointer,40,0.45,0.1788510987426215,0.7183332409583436,2,37,0,1,5,10,0,16,1.0,55.9375,16,1.0,0.9666666666666667,0.033333333333333326,1.0,0.9833333333333334,0.016666666666666607,1.0,1.0,0.0
rel:9,rel:9|cond=rel:9:facilities:anchor,pointer__sigma0p5,pointer,80,0.45,0.1788510987426215,0.7183332409583436,2,76,1,0,10,5,0,16,1.0,55.9375,16,1.0,0.9666666666666667,0.033333333333333326,1.0,0.9833333333333334,0.016666666666666607,1.0,1.0,0.0
rel:9,rel:9|cond=rel:9:facilities:anchor,pointer__sigma1,pointer,40,0.9,0.7582766571931676,0.0,2,27,0,1,3,12,0,16,1.0,55.9375,16,1.0,0.9666666666666667,0.033333333333333326,1.0,0.9833333333333334,0.016666666666666607,1.0,1.0,0.0
rel:9,rel:9|cond=rel:9:facilities:anchor,pointer__sigma1,pointer,80,0.9,0.7582766571931676,0.0,2,41,1,0,3,12,0,16,1.0,55.9375,16,1.0,0.9666666666666667,0.033333333333333326,1.0,0.9833333333333334,0.016666666666666607,1.0,1.0,0.0
rel:9,rel:9|cond=rel:9:facilities:anchor,pointer__tau0p5,pointer,40,0.22499999999999998,0.038051181154637126,0.9151505959607085,2,37,0,1,5,10,0,16,1.0,55.9375,16,1.0,0.9666666666666667,0.033333333333333326,1.0,0.9833333333333334,0.016666666666666607,1.0,1.0,0.0
rel:9,rel:9|cond=rel:9:facilities:anchor,pointer__tau0p5,pointer,80,0.22499999999999998,0.038051181154637126,0.9151505959607085,2,76,1,0,10,5,0,16,1.0,55.9375,16,1.0,0.9666666666666667,0.033333333333333326,1.0,0.9833333333333334,0.016666666666666607,1.0,1.0,0.0
rel:9,rel:9|cond=rel:9:facilities:anchor,pointer__tau0,pointer,40,0.0,0.0,0.6783898247235198,2,37,0,1,5,10,0,16,1.0,55.9375,16,1.0,0.9666666666666667,0.033333333333333326,1.0,0.9833333333333334,0.016666666666666607,1.0,1.0,0.0
rel:9,rel:9|cond=rel:9:facilities:anchor,pointer__tau0,pointer,80,0.0,0.0,0.6783898247235198,2,76,1,0,10,5,0,16,1.0,55.9375,16,1.0,0.9666666666666667,0.033333333333333326,1.0,0.9833333333333334,0.016666666666666607,1.0,1.0,0.0
rel:9,rel:9|cond=rel:9:facilities:anchor,pointer__tau1,pointer,40,0.44999999999999996,0.1519113671978972,1.0,2,37,0,1,5,10,0,16,1.0,55.9375,16,1.0,0.9666666666666667,0.033333333333333326,1.0,0.9833333333333334,0.016666666666666607,1.0,1.0,0.0
rel:9,rel:9|cond=rel:9:facilities:anchor,pointer__tau1,pointer,80,0.44999999999999996,0.1519113671978972,1.0,2,76,1,0,10,5,0,16,1.0,55.9375,16,1.0,0.9666666666666667,0.033333333333333326,1.0,0.9833333333333334,0.016666666666666607,1.0,1.0,0.0
rel:9,rel:9|cond=rel:9:facilities:anchor,preserve__sigma0p5,preserve,40,0.45,0.1788510987426215,0.7183332409583436,0,21,0,2,0,0,14,0,0.0,0.0,16,0.0,0.025000000000000005,-0.025000000000000005,0.0,0.06166666666666668,-0.06166666666666668,0.0,0.08333333333333334,-0.08333333333333334
rel:9,rel:9|cond=rel:9:facilities:anchor,preserve__sigma0p5,preserve,80,0.45,0.1788510987426215,0.7183332409583436,0,64,2,1,0,0,13,0,0.0,0.0,16,1.0,0.39999999999999997,0.6000000000000001,1.0,0.41666666666666663,0.5833333333333334,1.0,0.43333333333333335,0.5666666666666667
rel:9,rel:9|cond=rel:9:facilities:anchor,preserve__sigma1,preserve,40,0.9,0.7582766571931676,0.0,0,34,1,1,0,0,14,0,0.0,0.0,16,0.0,0.025000000000000005,-0.025000000000000005,0.0,0.06166666666666668,-0.06166666666666668,0.0,0.08333333333333334,-0.08333333333333334
rel:9,rel:9|cond=rel:9:facilities:anchor,preserve__sigma1,preserve,80,0.9,0.7582766571931676,0.0,0,73,3,0,0,0,13,0,0.0,0.0,16,1.0,0.05000000000000001,0.95,1.0,0.09916666666666668,0.9008333333333334,1.0,0.10833333333333335,0.8916666666666666
rel:9,rel:9|cond=rel:9:facilities:anchor,preserve__tau0p5,preserve,40,0.22499999999999998,0.038051181154637126,0.9151505959607085,0,24,0,2,0,0,14,0,0.0,0.0,16,0.0,0.175,-0.175,0.5,0.19166666666666665,0.30833333333333335,1.0,0.20833333333333331,0.7916666666666667
rel:9,rel:9|cond=rel:9:facilities:anchor,preserve__tau0p5,preserve,80,0.22499999999999998,0.038051181154637126,0.9151505959607085,0,51,1,2,0,0,13,0,0.0,0.0,16,1.0,0.375,0.625,1.0,0.4116666666666667,0.5883333333333334,1.0,0.43333333333333335,0.5666666666666667
rel:9,rel:9|cond=rel:9:facilities:anchor,preserve__tau0,preserve,40,0.0,0.0,0.6783898247235198,0,28,0,2,0,0,14,0,0.0,0.0,16,1.0,0.35,0.65,1.0,0.36666666666666664,0.6333333333333333,1.0,0.3833333333333333,0.6166666666666667
rel:9,rel:9|cond=rel:9:facilities:anchor,preserve__tau0,preserve,80,0.0,0.0,0.6783898247235198,0,57,2,0,0,0,14,0,0.0,0.0,16,1.0,0.35,0.65,1.0,0.36666666666666664,0.6333333333333333,1.0,0.3833333333333333,0.6166666666666667
rel:9,rel:9|cond=rel:9:facilities:anchor,preserve__tau1,preserve,40,0.44999999999999996,0.1519113671978972,1.0,0,12,0,1,0,0,15,0,0.0,0.0,16,1.0,0.0,1.0,1.0,0.029166666666666674,0.9708333333333333,1.0,0.03333333333333334,0.9666666666666667
rel:9,rel:9|cond=rel:9:facilities:anchor,preserve__tau1,preserve,80,0.44999999999999996,0.1519113671978972,1.0,0,71,1,4,0,0,11,0,0.0,0.0,16,1.0,0.2833333333333333,0.7166666666666667,1.0,0.3,0.7,1.0,0.3166666666666667,0.6833333333333333
rel:9,rel:9|cond=rel:9:facilities:anchor,retrieval_only,retrieval_only,40,,,,2,12,0,1,0,15,0,16,1.0,55.9375,16,1.0,0.9666666666666667,0.033333333333333326,1.0,0.9833333333333334,0.016666666666666607,1.0,1.0,0.0
rel:9,rel:9|cond=rel:9:facilities:anchor,retrieval_only,retrieval_only,80,,,,2,26,1,0,0,15,0,16,1.0,55.9375,16,1.0,0.9666666666666667,0.033333333333333326,1.0,0.9833333333333334,0.016666666666666607,1.0,1.0,0.0
rel:9,rel:9|cond=rel:9:facilities:anchor,static_conditioned,static_conditioned,40,,,,0,12,0,1,0,0,15,0,0.0,0.0,16,1.0,0.0,1.0,1.0,0.029166666666666674,0.9708333333333333,1.0,0.03333333333333334,0.9666666666666667
rel:9,rel:9|cond=rel:9:facilities:anchor,static_conditioned,static_conditioned,80,,,,0,26,1,0,0,0,15,0,0.0,0.0,16,1.0,0.0,1.0,1.0,0.01666666666666667,0.9833333333333333,1.0,0.03333333333333334,0.9666666666666667
rel:9,rel:9|cond=rel:9:facilities:anchor,uncertainty_aware__tau0,uncertainty_aware,40,0.0,0.0,0.6783898247235198,0,28,0,2,0,0,14,0,0.0,0.0,16,1.0,0.35,0.65,1.0,0.36666666666666664,0.6333333333333333,1.0,0.3833333333333333,0.6166666666666667
rel:9,rel:9|cond=rel:9:facilities:anchor,uncertainty_aware__tau0,uncertainty_aware,80,0.0,0.0,0.6783898247235198,0,57,2,0,0,0,14,0,0.0,0.0,16,1.0,0.35,0.65,1.0,0.36666666666666664,0.6333333333333333,1.0,0.3833333333333333,0.6166666666666667
rel:9,rel:9|cond=rel:9:facilities:anchor,uncertainty_aware__tau1,uncertainty_aware,40,0.44999999999999996,0.1519113671978972,1.0,2,12,0,1,0,15,0,16,1.0,55.9375,16,1.0,0.9666666666666667,0.033333333333333326,1.0,0.9833333333333334,0.016666666666666607,1.0,1.0,0.0
rel:9,rel:9|cond=rel:9:facilities:anchor,uncertainty_aware__tau1,uncertainty_aware,80,0.44999999999999996,0.1519113671978972,1.0,2,26,1,0,0,15,0,16,1.0,55.9375,16,1.0,0.9666666666666667,0.033333333333333326,1.0,0.9833333333333334,0.016666666666666607,1.0,1.0,0.0
rel:9,rel:9|cond=rel:9:finance:anchor,blind,blind,40,,,,0,16,0,1,0,0,15,0,0.0,0.0,16,1.0,0.03333333333333334,0.9666666666666667,1.0,0.03333333333333334,0.9666666666666667,1.0,0.03333333333333334,0.9666666666666667
rel:9,rel:9|cond=rel:9:finance:anchor,blind,blind,80,,,,0,63,1,3,0,0,12,0,0.0,0.0,16,1.0,0.1416666666666667,0.8583333333333333,1.0,0.1416666666666667,0.8583333333333333,1.0,0.1416666666666667,0.8583333333333333
rel:9,rel:9|cond=rel:9:finance:anchor,oracle_exact,oracle_exact,40,,,,0,33,0,2,0,0,14,0,0.0,0.0,16,1.0,0.3833333333333333,0.6166666666666667,1.0,0.3833333333333333,0.6166666666666667,1.0,0.3833333333333333,0.6166666666666667
rel:9,rel:9|cond=rel:9:finance:anchor,oracle_exact,oracle_exact,80,,,,0,69,2,0,0,0,14,0,0.0,0.0,16,1.0,0.3833333333333333,0.6166666666666667,1.0,0.3833333333333333,0.6166666666666667,1.0,0.3833333333333333,0.6166666666666667
rel:9,rel:9|cond=rel:9:finance:anchor,pointer__sigma0p5,pointer,40,0.45,0.1788510987426215,0.7183332409583437,2,36,0,1,4,11,0,16,1.0,55.5,16,1.0,0.975,0.025000000000000022,1.0,0.9875,0.012499999999999956,1.0,1.0,0.0
rel:9,rel:9|cond=rel:9:finance:anchor,pointer__sigma0p5,pointer,80,0.45,0.1788510987426215,0.7183332409583437,2,76,1,0,9,6,0,16,1.0,55.5,16,1.0,0.975,0.025000000000000022,1.0,0.9875,0.012499999999999956,1.0,1.0,0.0
rel:9,rel:9|cond=rel:9:finance:anchor,pointer__sigma1,pointer,40,0.9,0.7582766571931676,0.0,2,31,0,1,3,12,0,16,1.0,55.5,16,0.0,0.975,-0.975,0.0,0.9875,-0.9875,1.0,1.0,0.0
rel:9,rel:9|cond=rel:9:finance:anchor,pointer__sigma1,pointer,80,0.9,0.7582766571931676,0.0,2,46,1,0,3,12,0,16,1.0,55.5,16,1.0,0.975,0.025000000000000022,1.0,0.9875,0.012499999999999956,1.0,1.0,0.0
rel:9,rel:9|cond=rel:9:finance:anchor,pointer__tau0p5,pointer,40,0.22499999999999998,0.038051181154637126,0.9151505959607087,2,36,0,1,4,11,0,16,1.0,55.5,16,1.0,0.975,0.025000000000000022,1.0,0.9875,0.012499999999999956,1.0,1.0,0.0
rel:9,rel:9|cond=rel:9:finance:anchor,pointer__tau0p5,pointer,80,0.22499999999999998,0.038051181154637126,0.9151505959607087,2,76,1,0,9,6,0,16,1.0,55.5,16,1.0,0.975,0.025000000000000022,1.0,0.9875,0.012499999999999956,1.0,1.0,0.0
rel:9,rel:9|cond=rel:9:finance:anchor,pointer__tau0,pointer,40,0.0,0.0,0.6783898247235198,2,36,0,1,4,11,0,16,1.0,55.5,16,1.0,0.975,0.025000000000000022,1.0,0.9875,0.012499999999999956,1.0,1.0,0.0
rel:9,rel:9|cond=rel:9:finance:anchor,pointer__tau0,pointer,80,0.0,0.0,0.6783898247235198,2,76,1,0,9,6,0,16,1.0,55.5,16,1.0,0.975,0.025000000000000022,1.0,0.9875,0.012499999999999956,1.0,1.0,0.0
rel:9,rel:9|cond=rel:9:finance:anchor,pointer__tau1,pointer,40,0.44999999999999996,0.1519113671978972,1.0,2,36,0,1,4,11,0,16,1.0,55.5,16,0.0,0.975,-0.975,0.0,0.9875,-0.9875,1.0,1.0,0.0
rel:9,rel:9|cond=rel:9:finance:anchor,pointer__tau1,pointer,80,0.44999999999999996,0.1519113671978972,1.0,2,76,1,0,9,6,0,16,1.0,55.5,16,1.0,0.975,0.025000000000000022,1.0,0.9875,0.012499999999999956,1.0,1.0,0.0
rel:9,rel:9|cond=rel:9:finance:anchor,preserve__sigma0p5,preserve,40,0.45,0.1788510987426215,0.7183332409583437,0,25,0,2,0,0,14,0,0.0,0.0,16,1.0,0.05833333333333335,0.9416666666666667,1.0,0.07833333333333335,0.9216666666666666,1.0,0.08333333333333334,0.9166666666666666
rel:9,rel:9|cond=rel:9:finance:anchor,preserve__sigma0p5,preserve,80,0.45,0.1788510987426215,0.7183332409583437,0,70,2,1,0,0,13,0,0.0,0.0,16,1.0,0.4083333333333333,0.5916666666666667,1.0,0.42833333333333334,0.5716666666666667,1.0,0.43333333333333335,0.5666666666666667
rel:9,rel:9|cond=rel:9:finance:anchor,preserve__sigma1,preserve,40,0.9,0.7582766571931676,0.0,0,38,1,1,0,0,14,0,0.0,0.0,16,1.0,0.08333333333333334,0.9166666666666666,1.0,0.08333333333333334,0.9166666666666666,1.0,0.08333333333333334,0.9166666666666666
rel:9,rel:9|cond=rel:9:finance:anchor,preserve__sigma1,preserve,80,0.9,0.7582766571931676,0.0,0,78,3,0,0,0,13,0,0.0,0.0,16,1.0,0.10833333333333335,0.8916666666666666,1.0,0.19583333333333336,0.8041666666666667,1.0,0.10833333333333335,0.8916666666666666
rel:9,rel:9|cond=rel:9:finance:anchor,preserve__tau0p5,preserve,40,0.22499999999999998,0.038051181154637126,0.9151505959607087,0,16,0,1,0,0,15,0,0.0,0.0,16,1.0,0.0,1.0,1.0,0.01666666666666667,0.9833333333333333,1.0,0.03333333333333334,0.9666666666666667
rel:9,rel:9|cond=rel:9:finance:anchor,preserve__tau0p5,preserve,80,0.22499999999999998,0.038051181154637126,0.9151505959607087,0,57,1,2,0,0,13,0,0.0,0.0,16,1.0,0.43333333333333335,0.5666666666666667,1.0,0.43333333333333335,0.5666666666666667,1.0,0.43333333333333335,0.5666666666666667
rel:9,rel:9|cond=rel:9:finance:anchor,preserve__tau0,preserve,40,0.0,0.0,0.6783898247235198,0,33,0,2,0,0,14,0,0.0,0.0,16,1.0,0.3833333333333333,0.6166666666666667,1.0,0.3833333333333333,0.6166666666666667,1.0,0.3833333333333333,0.6166666666666667
rel:9,rel:9|cond=rel:9:finance:anchor,preserve__tau0,preserve,80,0.0,0.0,0.6783898247235198,0,61,1,2,0,0,13,0,0.0,0.0,16,1.0,0.5583333333333332,0.44166666666666676,1.0,0.5583333333333332,0.44166666666666676,1.0,0.5583333333333332,0.44166666666666676
rel:9,rel:9|cond=rel:9:finance:anchor,preserve__tau1,preserve,40,0.44999999999999996,0.1519113671978972,1.0,0,16,0,1,0,0,15,0,0.0,0.0,16,1.0,0.0,1.0,1.0,0.01666666666666667,0.9833333333333333,1.0,0.03333333333333334,0.9666666666666667
rel:9,rel:9|cond=rel:9:finance:anchor,preserve__tau1,preserve,80,0.44999999999999996,0.1519113671978972,1.0,0,63,1,3,0,0,12,0,0.0,0.0,16,1.0,0.1416666666666667,0.8583333333333333,1.0,0.1416666666666667,0.8583333333333333,1.0,0.1416666666666667,0.8583333333333333
rel:9,rel:9|cond=rel:9:finance:anchor,retrieval_only,retrieval_only,40,,,,2,16,0,1,0,15,0,16,1.0,55.5,16,1.0,0.975,0.025000000000000022,1.0,0.9875,0.012499999999999956,1.0,1.0,0.0
rel:9,rel:9|cond=rel:9:finance:anchor,retrieval_only,retrieval_only,80,,,,2,31,1,0,0,15,0,16,1.0,55.5,16,1.0,0.975,0.025000000000000022,1.0,0.9875,0.012499999999999956,1.0,1.0,0.0
rel:9,rel:9|cond=rel:9:finance:anchor,static_conditioned,static_conditioned,40,,,,0,16,0,1,0,0,15,0,0.0,0.0,16,1.0,0.0,1.0,1.0,0.01666666666666667,0.9833333333333333,1.0,0.03333333333333334,0.9666666666666667
rel:9,rel:9|cond=rel:9:finance:anchor,static_conditioned,static_conditioned,80,,,,0,31,1,0,0,0,15,0,0.0,0.0,16,1.0,0.03333333333333334,0.9666666666666667,1.0,0.03333333333333334,0.9666666666666667,1.0,0.03333333333333334,0.9666666666666667
rel:9,rel:9|cond=rel:9:finance:anchor,uncertainty_aware__tau0,uncertainty_aware,40,0.0,0.0,0.6783898247235198,0,33,0,2,0,0,14,0,0.0,0.0,16,1.0,0.3833333333333333,0.6166666666666667,1.0,0.3833333333333333,0.6166666666666667,1.0,0.3833333333333333,0.6166666666666667
rel:9,rel:9|cond=rel:9:finance:anchor,uncertainty_aware__tau0,uncertainty_aware,80,0.0,0.0,0.6783898247235198,0,61,1,2,0,0,13,0,0.0,0.0,16,1.0,0.5583333333333332,0.44166666666666676,1.0,0.5583333333333332,0.44166666666666676,1.0,0.5583333333333332,0.44166666666666676
rel:9,rel:9|cond=rel:9:finance:anchor,uncertainty_aware__tau1,uncertainty_aware,40,0.44999999999999996,0.1519113671978972,1.0,2,16,0,1,0,15,0,16,1.0,55.5,16,1.0,0.975,0.025000000000000022,1.0,0.9875,0.012499999999999956,1.0,1.0,0.0
rel:9,rel:9|cond=rel:9:finance:anchor,uncertainty_aware__tau1,uncertainty_aware,80,0.44999999999999996,0.1519113671978972,1.0,2,31,1,0,0,15,0,16,1.0,55.5,16,1.0,0.975,0.025000000000000022,1.0,0.9875,0.012499999999999956,1.0,1.0,0.0
rel:9,rel:9|cond=rel:9:founding:anchor,blind,blind,40,,,,0,9,0,1,0,0,15,0,0.0,0.0,16,1.0,0.0,1.0,1.0,0.039166666666666676,0.9608333333333333,1.0,0.03333333333333334,0.9666666666666667
rel:9,rel:9|cond=rel:9:founding:anchor,blind,blind,80,,,,0,70,1,4,0,0,11,0,0.0,0.0,16,1.0,0.2916666666666667,0.7083333333333333,1.0,0.2916666666666667,0.7083333333333333,1.0,0.2916666666666667,0.7083333333333333
rel:9,rel:9|cond=rel:9:founding:anchor,oracle_exact,oracle_exact,40,,,,0,35,1,1,0,0,14,0,0.0,0.0,16,1.0,0.175,0.825,1.0,0.2891666666666666,0.7108333333333334,1.0,0.3833333333333333,0.6166666666666667
rel:9,rel:9|cond=rel:9:founding:anchor,oracle_exact,oracle_exact,80,,,,0,48,2,0,0,0,14,0,0.0,0.0,16,1.0,0.175,0.825,1.0,0.2891666666666666,0.7108333333333334,1.0,0.3833333333333333,0.6166666666666667
rel:9,rel:9|cond=rel:9:founding:anchor,pointer__sigma0p5,pointer,40,0.45,0.1788510987426215,0.7183332409583436,2,39,0,1,6,9,0,16,1.0,57.25,16,1.0,0.825,0.17500000000000004,1.0,0.9125,0.08750000000000002,1.0,1.0,0.0
rel:9,rel:9|cond=rel:9:founding:anchor,pointer__sigma0p5,pointer,80,0.45,0.1788510987426215,0.7183332409583436,2,77,1,0,11,4,0,16,1.0,57.25,16,1.0,0.825,0.17500000000000004,1.0,0.9125,0.08750000000000002,1.0,1.0,0.0
rel:9,rel:9|cond=rel:9:founding:anchor,pointer__sigma1,pointer,40,0.9,0.7582766571931676,0.0,2,19,0,1,2,13,0,16,1.0,57.25,16,1.0,0.825,0.17500000000000004,1.0,0.9125,0.08750000000000002,1.0,1.0,0.0
rel:9,rel:9|cond=rel:9:founding:anchor,pointer__sigma1,pointer,80,0.9,0.7582766571931676,0.0,2,32,1,0,2,13,0,16,1.0,57.25,16,1.0,0.825,0.17500000000000004,1.0,0.9125,0.08750000000000002,1.0,1.0,0.0
rel:9,rel:9|cond=rel:9:founding:anchor,pointer__tau0p5,pointer,40,0.22499999999999998,0.03805118115463712,0.9151505959607085,2,39,0,1,6,9,0,16,1.0,57.25,16,1.0,0.825,0.17500000000000004,1.0,0.9125,0.08750000000000002,1.0,1.0,0.0
rel:9,rel:9|cond=rel:9:founding:anchor,pointer__tau0p5,pointer,80,0.22499999999999998,0.03805118115463712,0.9151505959607085,2,77,1,0,11,4,0,16,1.0,57.25,16,1.0,0.825,0.17500000000000004,1.0,0.9125,0.08750000000000002,1.0,1.0,0.0
rel:9,rel:9|cond=rel:9:founding:anchor,pointer__tau0,pointer,40,0.0,0.0,0.6783898247235198,2,39,0,1,6,9,0,16,1.0,57.25,16,1.0,0.825,0.17500000000000004,1.0,0.9125,0.08750000000000002,1.0,1.0,0.0
rel:9,rel:9|cond=rel:9:founding:anchor,pointer__tau0,pointer,80,0.0,0.0,0.6783898247235198,2,77,1,0,11,4,0,16,1.0,57.25,16,1.0,0.825,0.17500000000000004,1.0,0.9125,0.08750000000000002,1.0,1.0,0.0
rel:9,rel:9|cond=rel:9:founding:anchor,pointer__tau1,pointer,40,0.44999999999999996,0.15191136719789716,1.0,2,39,0,1,6,9,0,16,1.0,57.25,16,1.0,0.825,0.17500000000000004,1.0,0.9125,0.08750000000000002,1.0,1.0,0.0
rel:9,rel:9|cond=rel:9:founding:anchor,pointer__tau1,pointer,80,0.44999999999999996,0.15191136719789716,1.0,2,77,1,0,11,4,0,16,1.0,57.25,16,1.0,0.825,0.17500000000000004,1.0,0.9125,0.08750000000000002,1.0,1.0,0.0
rel:9,rel:9|cond=rel:9:founding:anchor,preserve__sigma0p5,preserve,40,0.45,0.1788510987426215,0.7183332409583436,0,32,0,3,0,0,13,0,0.0,0.0,16,1.0,0.24166666666666667,0.7583333333333333,1.0,0.24166666666666667,0.7583333333333333,1.0,0.24166666666666667,0.7583333333333333
rel:9,rel:9|cond=rel:9:founding:anchor,preserve__sigma0p5,preserve,80,0.45,0.1788510987426215,0.7183332409583436,0,58,2,1,0,0,13,0,0.0,0.0,16,1.0,0.24166666666666667,0.7583333333333333,1.0,0.25416666666666665,0.7458333333333333,1.0,0.24166666666666667,0.7583333333333333
rel:9,rel:9|cond=rel:9:founding:anchor,preserve__sigma1,preserve,40,0.9,0.7582766571931676,0.0,0,34,1,1,0,0,14,0,0.0,0.0,16,1.0,0.03333333333333334,0.9666666666666667,1.0,0.07250000000000001,0.9275,1.0,0.06666666666666668,0.9333333333333333
rel:9,rel:9|cond=rel:9:founding:anchor,preserve__sigma1,preserve,80,0.9,0.7582766571931676,0.0,0,70,3,0,0,0,13,0,0.0,0.0,16,1.0,0.10000000000000002,0.9,1.0,0.11250000000000002,0.8875,1.0,0.10000000000000002,0.9
rel:9,rel:9|cond=rel:9:founding:anchor,preserve__tau0p5,preserve,40,0.22499999999999998,0.03805118115463712,0.9151505959607085,0,20,0,2,0,0,14,0,0.0,0.0,16,1.0,0.175,0.825,1.0,0.20166666666666666,0.7983333333333333,1.0,0.20833333333333331,0.7916666666666667
rel:9,rel:9|cond=rel:9:founding:anchor,preserve__tau0p5,preserve,80,0.22499999999999998,0.03805118115463712,0.9151505959607085,0,45,2,0,0,0,14,0,0.0,0.0,16,1.0,0.20833333333333331,0.7916666666666667,1.0,0.20833333333333331,0.7916666666666667,1.0,0.20833333333333331,0.7916666666666667
rel:9,rel:9|cond=rel:9:founding:anchor,preserve__tau0,preserve,40,0.0,0.0,0.6783898247235198,0,31,0,3,0,0,13,0,0.0,0.0,16,1.0,0.35,0.65,1.0,0.37666666666666665,0.6233333333333333,1.0,0.3833333333333333,0.6166666666666667
rel:9,rel:9|cond=rel:9:founding:anchor,preserve__tau0,preserve,80,0.0,0.0,0.6783898247235198,0,57,2,1,0,0,13,0,0.0,0.0,16,1.0,0.3833333333333333,0.6166666666666667,1.0,0.4708333333333333,0.5291666666666667,1.0,0.5583333333333332,0.44166666666666676
rel:9,rel:9|cond=rel:9:founding:anchor,preserve__tau1,preserve,40,0.44999999999999996,0.15191136719789716,1.0,0,9,0,1,0,0,15,0,0.0,0.0,16,1.0,0.0,1.0,1.0,0.039166666666666676,0.9608333333333333,1.0,0.03333333333333334,0.9666666666666667
rel:9,rel:9|cond=rel:9:founding:anchor,preserve__tau1,preserve,80,0.44999999999999996,0.15191136719789716,1.0,0,70,1,4,0,0,11,0,0.0,0.0,16,1.0,0.2916666666666667,0.7083333333333333,1.0,0.2916666666666667,0.7083333333333333,1.0,0.2916666666666667,0.7083333333333333
rel:9,rel:9|cond=rel:9:founding:anchor,retrieval_only,retrieval_only,40,,,,2,9,0,1,0,15,0,16,1.0,57.25,16,1.0,0.825,0.17500000000000004,1.0,0.9125,0.08750000000000002,1.0,1.0,0.0
rel:9,rel:9|cond=rel:9:founding:anchor,retrieval_only,retrieval_only,80,,,,2,22,1,0,0,15,0,16,1.0,57.25,16,1.0,0.7916666666666666,0.20833333333333337,1.0,0.9058333333333333,0.09416666666666673,1.0,1.0,0.0
rel:9,rel:9|cond=rel:9:founding:anchor,static_conditioned,static_conditioned,40,,,,0,9,0,1,0,0,15,0,0.0,0.0,16,1.0,0.0,1.0,1.0,0.039166666666666676,0.9608333333333333,1.0,0.03333333333333334,0.9666666666666667
rel:9,rel:9|cond=rel:9:founding:anchor,static_conditioned,static_conditioned,80,,,,0,22,1,0,0,0,15,0,0.0,0.0,16,1.0,0.0,1.0,1.0,0.026666666666666672,0.9733333333333334,1.0,0.03333333333333334,0.9666666666666667
rel:9,rel:9|cond=rel:9:founding:anchor,uncertainty_aware__tau0,uncertainty_aware,40,0.0,0.0,0.6783898247235198,0,31,0,3,0,0,13,0,0.0,0.0,16,1.0,0.35,0.65,1.0,0.37666666666666665,0.6233333333333333,1.0,0.3833333333333333,0.6166666666666667
rel:9,rel:9|cond=rel:9:founding:anchor,uncertainty_aware__tau0,uncertainty_aware,80,0.0,0.0,0.6783898247235198,0,57,2,1,0,0,13,0,0.0,0.0,16,1.0,0.3833333333333333,0.6166666666666667,1.0,0.4708333333333333,0.5291666666666667,1.0,0.5583333333333332,0.44166666666666676
rel:9,rel:9|cond=rel:9:founding:anchor,uncertainty_aware__tau1,uncertainty_aware,40,0.44999999999999996,0.15191136719789716,1.0,2,9,0,1,0,15,0,16,1.0,57.25,16,1.0,0.825,0.17500000000000004,1.0,0.9125,0.08750000000000002,1.0,1.0,0.0
rel:9,rel:9|cond=rel:9:founding:anchor,uncertainty_aware__tau1,uncertainty_aware,80,0.44999999999999996,0.15191136719789716,1.0,2,22,1,0,0,15,0,16,1.0,57.25,16,1.0,0.7916666666666666,0.20833333333333337,1.0,0.9058333333333333,0.09416666666666673,1.0,1.0,0.0
