comparison,kind,treatment,control,from_depth,query_type,answerer_role,depth,metric,delta,lo,hi,p_value,n
xfam_minus_homog_small,depth,xfam_small_fwd,homog_small_matched,,target,primary,1,em,0.0,0.0,0.0,1.0,20
xfam_minus_homog_small,depth,xfam_small_fwd,homog_small_matched,,target,primary,2,em,0.0,-0.2,0.2,1.0,20
xfam_minus_homog_small,depth,xfam_small_fwd,homog_small_matched,,target,primary,3,em,-0.05,-0.2,0.1,0.77,20
xfam_minus_homog_small,depth,xfam_small_fwd,homog_small_matched,,target,primary,4,em,0.0,-0.25,0.25,1.0,20
xfam_minus_homog_small,depth,xfam_small_fwd,homog_small_matched,,target,primary,5,em,-0.1,-0.25,0.0,0.2561,20
xfam_minus_homog_small,depth,xfam_small_fwd,homog_small_matched,,target,primary,6,em,-0.15,-0.35,0.05,0.2328,20
xfam_minus_homog_small,depth,xfam_small_fwd,homog_small_matched,,target,primary,1,f1,0.0,0.0,0.0,1.0,20
xfam_minus_homog_small,depth,xfam_small_fwd,homog_small_matched,,target,primary,2,f1,-0.0026984126984126943,-0.1376984126984127,0.11607142857142856,0.9639,20
xfam_minus_homog_small,depth,xfam_small_fwd,homog_small_matched,,target,primary,3,f1,-0.005555555555555552,-0.13555555555555557,0.09444444444444446,0.9312,20
xfam_minus_homog_small,depth,xfam_small_fwd,homog_small_matched,,target,primary,4,f1,-0.010833333333333323,-0.155,0.11416666666666667,0.8691,20
xfam_minus_homog_small,depth,xfam_small_fwd,homog_small_matched,,target,primary,5,f1,-0.023333333333333327,-0.15,0.07333333333333333,0.7096,20
xfam_minus_homog_small,depth,xfam_small_fwd,homog_small_matched,,target,primary,6,f1,-0.07666666666666666,-0.24333333333333332,0.06999999999999999,0.3482,20
xfam_minus_homog_small,depth,xfam_small_fwd,homog_small_matched,,target,primary,1,judge_correct,0.0,0.0,0.0,1.0,20
xfam_minus_homog_small,depth,xfam_small_fwd,homog_small_matched,,target,primary,2,judge_correct,-0.05,-0.2,0.1,0.761,20
xfam_minus_homog_small,depth,xfam_small_fwd,homog_small_matched,,target,primary,3,judge_correct,-0.05,-0.2,0.1,0.7657,20
xfam_minus_homog_small,depth,xfam_small_fwd,homog_small_matched,,target,primary,4,judge_correct,0.0,-0.15,0.15,1.0,20
xfam_minus_homog_small,depth,xfam_small_fwd,homog_small_matched,,target,primary,5,judge_correct,-0.05,-0.15,0.0,0.629,20
xfam_minus_homog_small,depth,xfam_small_fwd,homog_small_matched,,target,primary,6,judge_correct,-0.1,-0.3,0.1,0.4337,20
xfam_minus_homog_small,depth,xfam_small_fwd,homog_small_matched,,target,secondary,1,em,0.0,0.0,0.0,1.0,20
xfam_minus_homog_small,depth,xfam_small_fwd,homog_small_matched,,target,secondary,2,em,-0.05,-0.25,0.15,0.8216,20
xfam_minus_homog_small,depth,xfam_small_fwd,homog_small_matched,,target,secondary,3,em,-0.1,-0.3,0.1,0.4333,20
xfam_minus_homog_small,depth,xfam_small_fwd,homog_small_matched,,target,secondary,4,em,0.0,-0.25,0.25,1.0,20
xfam_minus_homog_small,depth,xfam_small_fwd,homog_small_matched,,target,secondary,5,em,-0.1,-0.3,0.1,0.4265,20
xfam_minus_homog_small,depth,xfam_small_fwd,homog_small_matched,,target,secondary,6,em,-0.2,-0.45,0.0,0.1192,20
xfam_minus_homog_small,depth,xfam_small_fwd,homog_small_matched,,target,secondary,1,f1,0.0,0.0,0.0,1.0,20
xfam_minus_homog_small,depth,xfam_small_fwd,homog_small_matched,,target,secondary,2,f1,-0.025555555555555547,-0.16055555555555556,0.08944444444444445,0.6955,20
xfam_minus_homog_small,depth,xfam_small_fwd,homog_small_matched,,target,secondary,3,f1,-0.04222222222222223,-0.16666666666666669,0.05333333333333332,0.4716,20
xfam_minus_homog_small,depth,xfam_small_fwd,homog_small_matched,,target,secondary,4,f1,0.02666666666666666,-0.1075,0.16,0.6887,20
xfam_minus_homog_small,depth,xfam_small_fwd,homog_small_matched,,target,secondary,5,f1,-0.02916666666666668,-0.16333333333333336,0.0875,0.6604,20
xfam_minus_homog_small,depth,xfam_small_fwd,homog_small_matched,,target,secondary,6,f1,-0.08630952380952381,-0.2541696428571429,0.057499999999999975,0.2808,20
xfam_minus_homog_small,depth,xfam_small_fwd,homog_small_matched,,target,secondary,1,judge_correct,0.0,0.0,0.0,1.0,20
xfam_minus_homog_small,depth,xfam_small_fwd,homog_small_matched,,target,secondary,2,judge_correct,0.0,-0.15,0.15,1.0,20
xfam_minus_homog_small,depth,xfam_small_fwd,homog_small_matched,,target,secondary,3,judge_correct,0.0,-0.15,0.15,1.0,20
xfam_minus_homog_small,depth,xfam_small_fwd,homog_small_matched,,target,secondary,4,judge_correct,0.05,-0.1,0.2,0.7559,20
xfam_minus_homog_small,depth,xfam_small_fwd,homog_small_matched,,target,secondary,5,judge_correct,-0.05,-0.2,0.1,0.7604,20
xfam_minus_homog_small,depth,xfam_small_fwd,homog_small_matched,,target,secondary,6,judge_correct,-0.05,-0.2,0.1,0.7643,20
xfam_minus_homog_small,depth,xfam_small_fwd,homog_small_matched,,heldout,primary,1,em,0.0,0.0,0.0,1.0,20
xfam_minus_homog_small,depth,xfam_small_fwd,homog_small_matched,,heldout,primary,2,em,-0.05,-0.2,0.1,0.7615,20
xfam_minus_homog_small,depth,xfam_small_fwd,homog_small_matched,,heldout,primary,3,em,0.0,-0.15,0.15,1.0,20
xfam_minus_homog_small,depth,xfam_small_fwd,homog_small_matched,,heldout,primary,4,em,-0.05,-0.15,0.0,0.6154,20
xfam_minus_homog_small,depth,xfam_small_fwd,homog_small_matched,,heldout,primary,5,em,-0.05,-0.25,0.1,0.7619,20
xfam_minus_homog_small,depth,xfam_small_fwd,homog_small_matched,,heldout,primary,6,em,-0.05,-0.15,0.0,0.621,20
xfam_minus_homog_small,depth,xfam_small_fwd,homog_small_matched,,heldout,primary,1,f1,0.0,0.0,0.0,1.0,20
xfam_minus_homog_small,depth,xfam_small_fwd,homog_small_matched,,heldout,primary,2,f1,-0.06726190476190476,-0.20476190476190476,0.05,0.3218,20
xfam_minus_homog_small,depth,xfam_small_fwd,homog_small_matched,,heldout,primary,3,f1,-0.021428571428571425,-0.15,0.075,0.7265,20
xfam_minus_homog_small,depth,xfam_small_fwd,homog_small_matched,,heldout,primary,4,f1,-0.0048701298701298665,-0.06583333333333304,0.04642857142857144,0.8504,20
xfam_minus_homog_small,depth,xfam_small_fwd,homog_small_matched,,heldout,primary,5,f1,-0.04642857142857142,-0.22142857142857145,0.1,0.5748,20
xfam_minus_homog_small,depth,xfam_small_fwd,homog_small_matched,,heldout,primary,6,f1,-0.021428571428571425,-0.15476190476190474,0.09047619047619049,0.7324,20
xfam_minus_homog_small,depth,xfam_small_fwd,homog_small_matched,,heldout,primary,1,judge_correct,0.0,0.0,0.0,1.0,20
xfam_minus_homog_small,depth,xfam_small_fwd,homog_small_matched,,heldout,primary,2,judge_correct,-0.05,-0.2,0.1,0.7579,20
xfam_minus_homog_small,depth,xfam_small_fwd,homog_small_matched,,heldout,primary,3,judge_correct,-0.15,-0.3,0.0,0.0977,20
xfam_minus_homog_small,depth,xfam_small_fwd,homog_small_matched,,heldout,primary,4,judge_correct,-0.1,-0.25,0.0,0.2475,20
xfam_minus_homog_small,depth,xfam_small_fwd,homog_small_matched,,heldout,primary,5,judge_correct,-0.15,-0.3,0.0,0.1059,20
xfam_minus_homog_small,depth,xfam_small_fwd,homog_small_matched,,heldout,primary,6,judge_correct,-0.15,-0.3,0.0,0.1066,20
xfam_minus_homog_small,depth,xfam_small_fwd,homog_small_matched,,heldout,secondary,1,em,0.0,0.0,0.0,1.0,20
xfam_minus_homog_small,depth,xfam_small_fwd,homog_small_matched,,heldout,secondary,2,em,-0.1,-0.25,0.0,0.2501,20
xfam_minus_homog_small,depth,xfam_small_fwd,homog_small_matched,,heldout,secondary,3,em,0.1,0.0,0.25,0.2437,20
xfam_minus_homog_small,depth,xfam_small_fwd,homog_small_matched,,heldout,secondary,4,em,0.1,0.0,0.25,0.2567,20
xfam_minus_homog_small,depth,xfam_small_fwd,homog_small_matched,,heldout,secondary,5,em,0.0,0.0,0.0,1.0,20
xfam_minus_homog_small,depth,xfam_small_fwd,homog_small_matched,,heldout,secondary,6,em,0.1,0.0,0.25,0.2519,20
xfam_minus_homog_small,depth,xfam_small_fwd,homog_small_matched,,heldout,secondary,1,f1,0.0,0.0,0.0,1.0,20
xfam_minus_homog_small,depth,xfam_small_fwd,homog_small_matched,,heldout,secondary,2,f1,-0.06666666666666668,-0.18333333333333335,0.0,0.2425,20
xfam_minus_homog_small,depth,xfam_small_fwd,homog_small_matched,,heldout,secondary,3,f1,0.06666666666666668,0.0,0.18333333333333335,0.2382,20
xfam_minus_homog_small,depth,xfam_small_fwd,homog_small_matched,,heldout,secondary,4,f1,0.075,0.0,0.2,0.2483,20
xfam_minus_homog_small,depth,xfam_small_fwd,homog_small_matched,,heldout,secondary,5,f1,0.0,0.0,0.0,1.0,20
xfam_minus_homog_small,depth,xfam_small_fwd,homog_small_matched,,heldout,secondary,6,f1,0.1285714285714286,0.0,0.2785714285714286,0.0813,20
xfam_minus_homog_small,depth,xfam_small_fwd,homog_small_matched,,heldout,secondary,1,judge_correct,0.0,0.0,0.0,1.0,20
xfam_minus_homog_small,depth,xfam_small_fwd,homog_small_matched,,heldout,secondary,2,judge_correct,-0.1,-0.25,0.0,0.2501,20
xfam_minus_homog_small,depth,xfam_small_fwd,homog_small_matched,,heldout,secondary,3,judge_correct,0.1,0.0,0.25,0.2437,20
xfam_minus_homog_small,depth,xfam_small_fwd,homog_small_matched,,heldout,secondary,4,judge_correct,0.05,0.0,0.15,0.6207,20
xfam_minus_homog_small,depth,xfam_small_fwd,homog_small_matched,,heldout,secondary,5,judge_correct,0.0,0.0,0.0,1.0,20
xfam_minus_homog_small,depth,xfam_small_fwd,homog_small_matched,,heldout,secondary,6,judge_correct,0.05,-0.1,0.2,0.7667,20
xfam_rev_minus_homog_small,depth,xfam_small_rev,homog_small_matched,,target,primary,1,em,0.0,0.0,0.0,1.0,20
xfam_rev_minus_homog_small,depth,xfam_small_rev,homog_small_matched,,target,primary,2,em,0.25,0.1,0.45,0.0153,20
xfam_rev_minus_homog_small,depth,xfam_small_rev,homog_small_matched,,target,primary,3,em,0.15,0.0,0.3,0.1122,20
xfam_rev_minus_homog_small,depth,xfam_small_rev,homog_small_matched,,target,primary,4,em,0.35,0.15,0.55,0.0011,20
xfam_rev_minus_homog_small,depth,xfam_small_rev,homog_small_matched,,target,primary,5,em,0.25,0.05,0.45,0.0181,20
xfam_rev_minus_homog_small,depth,xfam_small_rev,homog_small_matched,,target,primary,6,em,0.15,0.0,0.3,0.1096,20
xfam_rev_minus_homog_small,depth,xfam_small_rev,homog_small_matched,,target,primary,1,f1,0.0,0.0,0.0,1.0,20
xfam_rev_minus_homog_small,depth,xfam_small_rev,homog_small_matched,,target,primary,2,f1,0.1275,0.025000000000000012,0.2575,0.0318,20
xfam_rev_minus_homog_small,depth,xfam_small_rev,homog_small_matched,,target,primary,3,f1,0.11000000000000001,0.009999999999999998,0.24,0.0606,20
xfam_rev_minus_homog_small,depth,xfam_small_rev,homog_small_matched,,target,primary,4,f1,0.1538095238095238,0.04761904761904764,0.2876309523809522,0.0114,20
xfam_rev_minus_homog_small,depth,xfam_small_rev,homog_small_matched,,target,primary,5,f1,0.1538095238095238,0.030952380952380964,0.30714285714285716,0.029,20
xfam_rev_minus_homog_small,depth,xfam_small_rev,homog_small_matched,,target,primary,6,f1,0.08416666666666668,-0.0125,0.2141874999999997,0.1487,20
xfam_rev_minus_homog_small,depth,xfam_small_rev,homog_small_matched,,target,primary,1,judge_correct,0.0,0.0,0.0,1.0,20
xfam_rev_minus_homog_small,depth,xfam_small_rev,homog_small_matched,,target,primary,2,judge_correct,0.05,0.0,0.15,0.6256,20
xfam_rev_minus_homog_small,depth,xfam_small_rev,homog_small_matched,,target,primary,3,judge_correct,0.05,0.0,0.15,0.6256,20
xfam_rev_minus_homog_small,depth,xfam_small_rev,homog_small_matched,,target,primary,4,judge_correct,0.05,0.0,0.15,0.6256,20
xfam_rev_minus_homog_small,depth,xfam_small_rev,homog_small_matched,,target,primary,5,judge_correct,0.05,0.0,0.15,0.6256,20
xfam_rev_minus_homog_small,depth,xfam_small_rev,homog_small_matched,,target,primary,6,judge_correct,0.05,0.0,0.15,0.6256,20
xfam_rev_minus_homog_small,depth,xfam_small_rev,homog_small_matched,,target,secondary,1,em,0.0,0.0,0.0,1.0,20
xfam_rev_minus_homog_small,depth,xfam_small_rev,homog_small_matched,,target,secondary,2,em,0.2,0.0,0.4,0.1206,20
xfam_rev_minus_homog_small,depth,xfam_small_rev,homog_small_matched,,target,secondary,3,em,0.15,-0.05,0.35,0.2327,20
xfam_rev_minus_homog_small,depth,xfam_small_rev,homog_small_matched,,target,secondary,4,em,0.15,-0.05,0.35,0.2389,20
xfam_rev_minus_homog_small,depth,xfam_small_rev,homog_small_matched,,target,secondary,5,em,0.05,-0.1,0.2,0.7651,20
xfam_rev_minus_homog_small,depth,xfam_small_rev,homog_small_matched,,target,secondary,6,em,0.0,-0.15,0.15,1.0,20
xfam_rev_minus_homog_small,depth,xfam_small_rev,homog_small_matched,,target,secondary,1,f1,0.0,0.0,0.0,1.0,20
xfam_rev_minus_homog_small,depth,xfam_small_rev,homog_small_matched,,target,secondary,2,f1,0.15944444444444444,0.029986111111111227,0.3194444444444445,0.0314,20
xfam_rev_minus_homog_small,depth,xfam_small_rev,homog_small_matched,,target,secondary,3,f1,0.12035714285714286,-0.0625,0.30572321428571414,0.197,20
xfam_rev_minus_homog_small,depth,xfam_small_rev,homog_small_matched,,target,secondary,4,f1,0.09,-0.09,0.27,0.3455,20
xfam_rev_minus_homog_small,depth,xfam_small_rev,homog_small_matched,,target,secondary,5,f1,0.05,-0.1,0.21000000000000002,0.5807,20
xfam_rev_minus_homog_small,depth,xfam_small_rev,homog_small_matched,,target,secondary,6,f1,0.025,-0.125,0.175,0.7554,20
xfam_rev_minus_homog_small,depth,xfam_small_rev,homog_small_matched,,target,secondary,1,judge_correct,0.0,0.0,0.0,1.0,20
xfam_rev_minus_homog_small,depth,xfam_small_rev,homog_small_matched,,target,secondary,2,judge_correct,0.1,0.0,0.25,0.2589,20
xfam_rev_minus_homog_small,depth,xfam_small_rev,homog_small_matched,,target,secondary,3,judge_correct,0.1,-0.1,0.3,0.4328,20
xfam_rev_minus_homog_small,depth,xfam_small_rev,homog_small_matched,,target,secondary,4,judge_correct,0.05,-0.1,0.2,0.7714,20
xfam_rev_minus_homog_small,depth,xfam_small_rev,homog_small_matched,,target,secondary,5,judge_correct,0.0,-0.2,0.2,1.0,20
xfam_rev_minus_homog_small,depth,xfam_small_rev,homog_small_matched,,target,secondary,6,judge_correct,0.05,-0.15,0.25,0.8224,20
xfam_rev_minus_homog_small,depth,xfam_small_rev,homog_small_matched,,heldout,primary,1,em,0.0,0.0,0.0,1.0,20
xfam_rev_minus_homog_small,depth,xfam_small_rev,homog_small_matched,,heldout,primary,2,em,-0.05,-0.15,0.0,0.6221,20
xfam_rev_minus_homog_small,depth,xfam_small_rev,homog_small_matched,,heldout,primary,3,em,0.05,0.0,0.15,0.6207,20
xfam_rev_minus_homog_small,depth,xfam_small_rev,homog_small_matched,,heldout,primary,4,em,-0.05,-0.2,0.1,0.7669,20
xfam_rev_minus_homog_small,depth,xfam_small_rev,homog_small_matched,,heldout,primary,5,em,-0.05,-0.25,0.1,0.7619,20
xfam_rev_minus_homog_small,depth,xfam_small_rev,homog_small_matched,,heldout,primary,6,em,-0.05,-0.15,0.0,0.621,20
xfam_rev_minus_homog_small,depth,xfam_small_rev,homog_small_matched,,heldout,primary,1,f1,0.0,0.0,0.0,1.0,20
xfam_rev_minus_homog_small,depth,xfam_small_rev,homog_small_matched,,heldout,primary,2,f1,-0.029761904761904757,-0.07142857142857142,0.0,0.1051,20
xfam_rev_minus_homog_small,depth,xfam_small_rev,homog_small_matched,,heldout,primary,3,f1,0.05357142857142858,-0.009523809523809513,0.15833333333333333,0.3015,20
xfam_rev_minus_homog_small,depth,xfam_small_rev,homog_small_matched,,heldout,primary,4,f1,-0.019155844155844155,-0.16905032467532463,0.13084415584415582,0.7925,20
xfam_rev_minus_homog_small,depth,xfam_small_rev,homog_small_matched,,heldout,primary,5,f1,-0.07976190476190476,-0.25,0.045238095238095244,0.2657,20
xfam_rev_minus_homog_small,depth,xfam_small_rev,homog_small_matched,,heldout,primary,6,f1,-0.054761904761904755,-0.15952380952380948,0.0,0.225,20
xfam_rev_minus_homog_small,depth,xfam_small_rev,homog_small_matched,,heldout,primary,1,judge_correct,0.0,0.0,0.0,1.0,20
xfam_rev_minus_homog_small,depth,xfam_small_rev,homog_small_matched,,heldout,primary,2,judge_correct,-0.1,-0.25,0.0,0.2475,20
xfam_rev_minus_homog_small,depth,xfam_small_rev,homog_small_matched,,heldout,primary,3,judge_correct,-0.05,-0.2,0.1,0.754,20
xfam_rev_minus_homog_small,depth,xfam_small_rev,homog_small_matched,,heldout,primary,4,judge_correct,-0.15,-0.35,0.05,0.239,20
xfam_rev_minus_homog_small,depth,xfam_small_rev,homog_small_matched,,heldout,primary,5,judge_correct,-0.2,-0.4,-0.05,0.0467,20
xfam_rev_minus_homog_small,depth,xfam_small_rev,homog_small_matched,,heldout,primary,6,judge_correct,-0.15,-0.3,0.0,0.1066,20
xfam_rev_minus_homog_small,depth,xfam_small_rev,homog_small_matched,,heldout,secondary,1,em,0.0,0.0,0.0,1.0,20
xfam_rev_minus_homog_small,depth,xfam_small_rev,homog_small_matched,,heldout,secondary,2,em,-0.05,-0.2,0.1,0.7617,20
xfam_rev_minus_homog_small,depth,xfam_small_rev,homog_small_matched,,heldout,secondary,3,em,0.05,-0.1,0.2,0.7681,20
xfam_rev_minus_homog_small,depth,xfam_small_rev,homog_small_matched,,heldout,secondary,4,em,0.05,-0.1,0.2,0.7595,20
xfam_rev_minus_homog_small,depth,xfam_small_rev,homog_small_matched,,heldout,secondary,5,em,-0.05,-0.15,0.0,0.6252,20
xfam_rev_minus_homog_small,depth,xfam_small_rev,homog_small_matched,,heldout,secondary,6,em,0.0,0.0,0.0,1.0,20
xfam_rev_minus_homog_small,depth,xfam_small_rev,homog_small_matched,,heldout,secondary,1,f1,0.0,0.0,0.0,1.0,20
xfam_rev_minus_homog_small,depth,xfam_small_rev,homog_small_matched,,heldout,secondary,2,f1,-0.04166666666666667,-0.16666666666666669,0.05833333333333333,0.5203,20
xfam_rev_minus_homog_small,depth,xfam_small_rev,homog_small_matched,,heldout,secondary,3,f1,-0.008333333333333331,-0.16666666666666666,0.15,0.9474,20
xfam_rev_minus_homog_small,depth,xfam_small_rev,homog_small_matched,,heldout,secondary,4,f1,0.016666666666666673,-0.13333333333333333,0.16666666666666669,0.8203,20
xfam_rev_minus_homog_small,depth,xfam_small_rev,homog_small_matched,,heldout,secondary,5,f1,-0.05,-0.15,0.0,0.6252,20
xfam_rev_minus_homog_small,depth,xfam_small_rev,homog_small_matched,,heldout,secondary,6,f1,0.0,0.0,0.0,1.0,20
xfam_rev_minus_homog_small,depth,xfam_small_rev,homog_small_matched,,heldout,secondary,1,judge_correct,0.0,0.0,0.0,1.0,20
xfam_rev_minus_homog_small,depth,xfam_small_rev,homog_small_matched,,heldout,secondary,2,judge_correct,-0.1,-0.25,0.0,0.2457,20
xfam_rev_minus_homog_small,depth,xfam_small_rev,homog_small_matched,,heldout,secondary,3,judge_correct,0.0,-0.15,0.15,1.0,20
xfam_rev_minus_homog_small,depth,xfam_small_rev,homog_small_matched,,heldout,secondary,4,judge_correct,0.05,-0.15,0.25,0.817,20
xfam_rev_minus_homog_small,depth,xfam_small_rev,homog_small_matched,,heldout,secondary,5,judge_correct,-0.05,-0.2,0.1,0.7698,20
xfam_rev_minus_homog_small,depth,xfam_small_rev,homog_small_matched,,heldout,secondary,6,judge_correct,0.05,-0.1,0.25,0.7614,20
xfam_minus_homog_large,depth,xfam_large_fwd,homog_large_matched,,target,primary,1,em,0.0,0.0,0.0,1.0,20
xfam_minus_homog_large,depth,xfam_large_fwd,homog_large_matched,,target,primary,2,em,0.1,-0.1,0.3,0.4272,20
xfam_minus_homog_large,depth,xfam_large_fwd,homog_large_matched,,target,primary,3,em,0.05,-0.1,0.2,0.7655,20
xfam_minus_homog_large,depth,xfam_large_fwd,homog_large_matched,,target,primary,4,em,-0.05,-0.2,0.1,0.7628,20
xfam_minus_homog_large,depth,xfam_large_fwd,homog_large_matched,,target,primary,5,em,0.1,-0.1,0.3,0.4325,20
xfam_minus_homog_large,depth,xfam_large_fwd,homog_large_matched,,target,primary,6,em,0.05,0.0,0.15,0.6246,20
xfam_minus_homog_large,depth,xfam_large_fwd,homog_large_matched,,target,primary,1,f1,0.0,0.0,0.0,1.0,20
xfam_minus_homog_large,depth,xfam_large_fwd,homog_large_matched,,target,primary,2,f1,0.03254884004884005,-0.09235714285714283,0.15254884004884006,0.5994,20
xfam_minus_homog_large,depth,xfam_large_fwd,homog_large_matched,,target,primary,3,f1,0.020416666666666677,-0.0975,0.14501041666666653,0.7329,20
xfam_minus_homog_large,depth,xfam_large_fwd,homog_large_matched,,target,primary,4,f1,-0.0025000000000000022,-0.12250000000000001,0.12000000000000002,0.9634,20
xfam_minus_homog_large,depth,xfam_large_fwd,homog_large_matched,,target,primary,5,f1,0.04153846153846155,-0.09038461538461537,0.18403846153846154,0.5645,20
xfam_minus_homog_large,depth,xfam_large_fwd,homog_large_matched,,target,primary,6,f1,-0.01611111111111111,-0.08166666666666667,0.04166666666666667,0.6773,20
xfam_minus_homog_large,depth,xfam_large_fwd,homog_large_matched,,target,primary,1,judge_correct,0.0,0.0,0.0,1.0,20
xfam_minus_homog_large,depth,xfam_large_fwd,homog_large_matched,,target,primary,2,judge_correct,-0.05,-0.15,0.0,0.629,20
xfam_minus_homog_large,depth,xfam_large_fwd,homog_large_matched,,target,primary,3,judge_correct,0.0,-0.15,0.15,1.0,20
xfam_minus_homog_large,depth,xfam_large_fwd,homog_large_matched,,target,primary,4,judge_correct,0.0,-0.15,0.15,1.0,20
xfam_minus_homog_large,depth,xfam_large_fwd,homog_large_matched,,target,primary,5,judge_correct,-0.05,-0.15,0.0,0.6186,20
xfam_minus_homog_large,depth,xfam_large_fwd,homog_large_matched,,target,primary,6,judge_correct,0.0,0.0,0.0,1.0,20
xfam_minus_homog_large,depth,xfam_large_fwd,homog_large_matched,,target,secondary,1,em,0.0,0.0,0.0,1.0,20
xfam_minus_homog_large,depth,xfam_large_fwd,homog_large_matched,,target,secondary,2,em,0.0,-0.25,0.25,1.0,20
xfam_minus_homog_large,depth,xfam_large_fwd,homog_large_matched,,target,secondary,3,em,0.0,-0.2,0.2,1.0,20
xfam_minus_homog_large,depth,xfam_large_fwd,homog_large_matched,,target,secondary,4,em,0.15,-0.1,0.4,0.3254,20
xfam_minus_homog_large,depth,xfam_large_fwd,homog_large_matched,,target,secondary,5,em,0.1,-0.1,0.3,0.4242,20
xfam_minus_homog_large,depth,xfam_large_fwd,homog_large_matched,,target,secondary,6,em,0.0,-0.15,0.15,1.0,20
xfam_minus_homog_large,depth,xfam_large_fwd,homog_large_matched,,target,secondary,1,f1,0.0,0.0,0.0,1.0,20
xfam_minus_homog_large,depth,xfam_large_fwd,homog_large_matched,,target,secondary,2,f1,0.005405982905982903,-0.14903846153846154,0.1469230769230769,0.9459,20
xfam_minus_homog_large,depth,xfam_large_fwd,homog_large_matched,,target,secondary,3,f1,0.0025000000000000022,-0.1525,0.1425,0.9655,20
xfam_minus_homog_large,depth,xfam_large_fwd,homog_large_matched,,target,secondary,4,f1,0.11944444444444446,-0.015555555555555555,0.2663888888888889,0.1016,20
xfam_minus_homog_large,depth,xfam_large_fwd,homog_large_matched,,target,secondary,5,f1,0.06840598290598292,-0.03309401709401708,0.19686752136752136,0.2503,20
xfam_minus_homog_large,depth,xfam_large_fwd,homog_large_matched,,target,secondary,6,f1,-0.010705128205128206,-0.11213942307692286,0.09166666666666667,0.8468,20
xfam_minus_homog_large,depth,xfam_large_fwd,homog_large_matched,,target,secondary,1,judge_correct,0.0,0.0,0.0,1.0,20
xfam_minus_homog_large,depth,xfam_large_fwd,homog_large_matched,,target,secondary,2,judge_correct,0.05,0.0,0.15,0.6186,20
xfam_minus_homog_large,depth,xfam_large_fwd,homog_large_matched,,target,secondary,3,judge_correct,0.05,0.0,0.15,0.6186,20
xfam_minus_homog_large,depth,xfam_large_fwd,homog_large_matched,,target,secondary,4,judge_correct,0.05,0.0,0.15,0.6186,20
xfam_minus_homog_large,depth,xfam_large_fwd,homog_large_matched,,target,secondary,5,judge_correct,0.0,0.0,0.0,1.0,20
xfam_minus_homog_large,depth,xfam_large_fwd,homog_large_matched,,target,secondary,6,judge_correct,0.0,0.0,0.0,1.0,20
xfam_minus_homog_large,depth,xfam_large_fwd,homog_large_matched,,heldout,primary,1,em,0.0,0.0,0.0,1.0,20
xfam_minus_homog_large,depth,xfam_large_fwd,homog_large_matched,,heldout,primary,2,em,-0.05,-0.15,0.0,0.6154,20
xfam_minus_homog_large,depth,xfam_large_fwd,homog_large_matched,,heldout,primary,3,em,0.2,0.05,0.4,0.0456,20
xfam_minus_homog_large,depth,xfam_large_fwd,homog_large_matched,,heldout,primary,4,em,-0.05,-0.2,0.1,0.7617,20
xfam_minus_homog_large,depth,xfam_large_fwd,homog_large_matched,,heldout,primary,5,em,0.05,0.0,0.15,0.621,20
xfam_minus_homog_large,depth,xfam_large_fwd,homog_large_matched,,heldout,primary,6,em,0.1,0.0,0.25,0.252,20
xfam_minus_homog_large,depth,xfam_large_fwd,homog_large_matched,,heldout,primary,1,f1,0.0,0.0,0.0,1.0,20
xfam_minus_homog_large,depth,xfam_large_fwd,homog_large_matched,,heldout,primary,2,f1,-0.022727272727272728,-0.06818181818181819,0.0,0.6154,20
xfam_minus_homog_large,depth,xfam_large_fwd,homog_large_matched,,heldout,primary,3,f1,0.1575,0.0375,0.3125,0.0271,20
xfam_minus_homog_large,depth,xfam_large_fwd,homog_large_matched,,heldout,primary,4,f1,-0.075,-0.25,0.1,0.4835,20
xfam_minus_homog_large,depth,xfam_large_fwd,homog_large_matched,,heldout,primary,5,f1,0.05,0.0,0.15,0.621,20
xfam_minus_homog_large,depth,xfam_large_fwd,homog_large_matched,,heldout,primary,6,f1,0.06999999999999999,0.0,0.19,0.2397,20
xfam_minus_homog_large,depth,xfam_large_fwd,homog_large_matched,,heldout,primary,1,judge_correct,0.0,0.0,0.0,1.0,20
xfam_minus_homog_large,depth,xfam_large_fwd,homog_large_matched,,heldout,primary,2,judge_correct,-0.05,-0.15,0.0,0.6186,20
xfam_minus_homog_large,depth,xfam_large_fwd,homog_large_matched,,heldout,primary,3,judge_correct,0.0,-0.15,0.15,1.0,20
xfam_minus_homog_large,depth,xfam_large_fwd,homog_large_matched,,heldout,primary,4,judge_correct,-0.05,-0.25,0.15,0.8165,20
xfam_minus_homog_large,depth,xfam_large_fwd,homog_large_matched,,heldout,primary,5,judge_correct,0.1,0.0,0.25,0.2496,20
xfam_minus_homog_large,depth,xfam_large_fwd,homog_large_matched,,heldout,primary,6,judge_correct,0.05,-0.1,0.2,0.761,20
xfam_minus_homog_large,depth,xfam_large_fwd,homog_large_matched,,heldout,secondary,1,em,0.0,0.0,0.0,1.0,20
xfam_minus_homog_large,depth,xfam_large_fwd,homog_large_matched,,heldout,secondary,2,em,-0.15,-0.3,0.0,0.1014,20
xfam_minus_homog_large,depth,xfam_large_fwd,homog_large_matched,,heldout,secondary,3,em,-0.1,-0.3,0.1,0.4338,20
xfam_minus_homog_large,depth,xfam_large_fwd,homog_large_matched,,heldout,secondary,4,em,-0.1,-0.25,0.0,0.2519,20
xfam_minus_homog_large,depth,xfam_large_fwd,homog_large_matched,,heldout,secondary,5,em,-0.05,-0.2,0.1,0.7669,20
xfam_minus_homog_large,depth,xfam_large_fwd,homog_large_matched,,heldout,secondary,6,em,-0.05,-0.15,0.0,0.6207,20
xfam_minus_homog_large,depth,xfam_large_fwd,homog_large_matched,,heldout,secondary,1,f1,0.0,0.0,0.0,1.0,20
xfam_minus_homog_large,depth,xfam_large_fwd,homog_large_matched,,heldout,secondary,2,f1,-0.0630952380952381,-0.24166666666666664,0.09169642857142812,0.4339,20
xfam_minus_homog_large,depth,xfam_large_fwd,homog_large_matched,,heldout,secondary,3,f1,-0.09583333333333333,-0.2791666666666667,0.0875,0.3113,20
xfam_minus_homog_large,depth,xfam_large_fwd,homog_large_matched,,heldout,secondary,4,f1,-0.13333333333333333,-0.2833333333333333,0.0,0.086,20
xfam_minus_homog_large,depth,xfam_large_fwd,homog_large_matched,,heldout,secondary,5,f1,-0.10833333333333332,-0.275,0.025,0.1838,20
xfam_minus_homog_large,depth,xfam_large_fwd,homog_large_matched,,heldout,secondary,6,f1,-0.08333333333333333,-0.2,0.0,0.2193,20
xfam_minus_homog_large,depth,xfam_large_fwd,homog_large_matched,,heldout,secondary,1,judge_correct,0.0,0.0,0.0,1.0,20
xfam_minus_homog_large,depth,xfam_large_fwd,homog_large_matched,,heldout,secondary,2,judge_correct,-0.05,-0.2,0.1,0.7636,20
xfam_minus_homog_large,depth,xfam_large_fwd,homog_large_matched,,heldout,secondary,3,judge_correct,0.0,0.0,0.0,1.0,20
xfam_minus_homog_large,depth,xfam_large_fwd,homog_large_matched,,heldout,secondary,4,judge_correct,0.0,0.0,0.0,1.0,20
xfam_minus_homog_large,depth,xfam_large_fwd,homog_large_matched,,heldout,secondary,5,judge_correct,0.0,0.0,0.0,1.0,20
xfam_minus_homog_large,depth,xfam_large_fwd,homog_large_matched,,heldout,secondary,6,judge_correct,0.1,0.0,0.25,0.2521,20
xfam_fwd_minus_rev_small,depth,xfam_small_fwd,xfam_small_rev,,target,primary,1,em,0.0,0.0,0.0,1.0,20
xfam_fwd_minus_rev_small,depth,xfam_small_fwd,xfam_small_rev,,target,primary,2,em,-0.25,-0.45,-0.1,0.0183,20
xfam_fwd_minus_rev_small,depth,xfam_small_fwd,xfam_small_rev,,target,primary,3,em,-0.2,-0.4,-0.05,0.0444,20
xfam_fwd_minus_rev_small,depth,xfam_small_fwd,xfam_small_rev,,target,primary,4,em,-0.35,-0.55,-0.15,0.0011,20
xfam_fwd_minus_rev_small,depth,xfam_small_fwd,xfam_small_rev,,target,primary,5,em,-0.35,-0.55,-0.15,0.0015,20
xfam_fwd_minus_rev_small,depth,xfam_small_fwd,xfam_small_rev,,target,primary,6,em,-0.3,-0.55,-0.05,0.0269,20
xfam_fwd_minus_rev_small,depth,xfam_small_fwd,xfam_small_rev,,target,primary,1,f1,0.0,0.0,0.0,1.0,20
xfam_fwd_minus_rev_small,depth,xfam_small_fwd,xfam_small_rev,,target,primary,2,f1,-0.1301984126984127,-0.3016716269841269,0.01924603174603175,0.1087,20
xfam_fwd_minus_rev_small,depth,xfam_small_fwd,xfam_small_rev,,target,primary,3,f1,-0.11555555555555555,-0.25111111111111106,-0.005555555555555552,0.0547,20
xfam_fwd_minus_rev_small,depth,xfam_small_fwd,xfam_small_rev,,target,primary,4,f1,-0.16464285714285715,-0.2964285714285714,-0.05500000000000001,0.0089,20
xfam_fwd_minus_rev_small,depth,xfam_small_fwd,xfam_small_rev,,target,primary,5,f1,-0.17714285714285716,-0.3171428571428571,-0.06047619047619048,0.0078,20
xfam_fwd_minus_rev_small,depth,xfam_small_fwd,xfam_small_rev,,target,primary,6,f1,-0.16083333333333333,-0.33333333333333337,-0.002500000000000002,0.0566,20
xfam_fwd_minus_rev_small,depth,xfam_small_fwd,xfam_small_rev,,target,primary,1,judge_correct,0.0,0.0,0.0,1.0,20
xfam_fwd_minus_rev_small,depth,xfam_small_fwd,xfam_small_rev,,target,primary,2,judge_correct,-0.1,-0.3,0.1,0.4324,20
xfam_fwd_minus_rev_small,depth,xfam_small_fwd,xfam_small_rev,,target,primary,3,judge_correct,-0.1,-0.25,0.0,0.2579,20
xfam_fwd_minus_rev_small,depth,xfam_small_fwd,xfam_small_rev,,target,primary,4,judge_correct,-0.05,-0.15,0.0,0.629,20
xfam_fwd_minus_rev_small,depth,xfam_small_fwd,xfam_small_rev,,target,primary,5,judge_correct,-0.1,-0.25,0.0,0.2611,20
xfam_fwd_minus_rev_small,depth,xfam_small_fwd,xfam_small_rev,,target,primary,6,judge_correct,-0.15,-0.3,0.0,0.1016,20
xfam_fwd_minus_rev_small,depth,xfam_small_fwd,xfam_small_rev,,target,secondary,1,em,0.0,0.0,0.0,1.0,20
xfam_fwd_minus_rev_small,depth,xfam_small_fwd,xfam_small_rev,,target,secondary,2,em,-0.25,-0.45,-0.1,0.0182,20
xfam_fwd_minus_rev_small,depth,xfam_small_fwd,xfam_small_rev,,target,secondary,3,em,-0.25,-0.45,-0.1,0.0193,20
xfam_fwd_minus_rev_small,depth,xfam_small_fwd,xfam_small_rev,,target,secondary,4,em,-0.15,-0.35,0.05,0.2316,20
xfam_fwd_minus_rev_small,depth,xfam_small_fwd,xfam_small_rev,,target,secondary,5,em,-0.15,-0.3,0.0,0.1007,20
xfam_fwd_minus_rev_small,depth,xfam_small_fwd,xfam_small_rev,,target,secondary,6,em,-0.2,-0.45,0.0,0.1141,20
xfam_fwd_minus_rev_small,depth,xfam_small_fwd,xfam_small_rev,,target,secondary,1,f1,0.0,0.0,0.0,1.0,20
xfam_fwd_minus_rev_small,depth,xfam_small_fwd,xfam_small_rev,,target,secondary,2,f1,-0.185,-0.34500000000000003,-0.05,0.0177,20
xfam_fwd_minus_rev_small,depth,xfam_small_fwd,xfam_small_rev,,target,secondary,3,f1,-0.16257936507936507,-0.3453660714285713,0.016031746031746043,0.0789,20
xfam_fwd_minus_rev_small,depth,xfam_small_fwd,xfam_small_rev,,target,secondary,4,f1,-0.06333333333333332,-0.21749999999999997,0.07916666666666668,0.4009,20
xfam_fwd_minus_rev_small,depth,xfam_small_fwd,xfam_small_rev,,target,secondary,5,f1,-0.07916666666666668,-0.25,0.054166666666666655,0.327,20
xfam_fwd_minus_rev_small,depth,xfam_small_fwd,xfam_small_rev,,target,secondary,6,f1,-0.11130952380952382,-0.3071428571428571,0.06071428571428568,0.2376,20
xfam_fwd_minus_rev_small,depth,xfam_small_fwd,xfam_small_rev,,target,secondary,1,judge_correct,0.0,0.0,0.0,1.0,20
xfam_fwd_minus_rev_small,depth,xfam_small_fwd,xfam_small_rev,,target,secondary,2,judge_correct,-0.1,-0.25,0.0,0.2611,20
xfam_fwd_minus_rev_small,depth,xfam_small_fwd,xfam_small_rev,,target,secondary,3,judge_correct,-0.1,-0.3,0.1,0.4332,20
xfam_fwd_minus_rev_small,depth,xfam_small_fwd,xfam_small_rev,,target,secondary,4,judge_correct,0.0,-0.2,0.2,1.0,20
xfam_fwd_minus_rev_small,depth,xfam_small_fwd,xfam_small_rev,,target,secondary,5,judge_correct,-0.05,-0.25,0.15,0.8189,20
xfam_fwd_minus_rev_small,depth,xfam_small_fwd,xfam_small_rev,,target,secondary,6,judge_correct,-0.1,-0.35,0.15,0.5377,20
xfam_fwd_minus_rev_small,depth,xfam_small_fwd,xfam_small_rev,,heldout,primary,1,em,0.0,0.0,0.0,1.0,20
xfam_fwd_minus_rev_small,depth,xfam_small_fwd,xfam_small_rev,,heldout,primary,2,em,0.0,-0.15,0.15,1.0,20
xfam_fwd_minus_rev_small,depth,xfam_small_fwd,xfam_small_rev,,heldout,primary,3,em,-0.05,-0.2,0.1,0.766,20
xfam_fwd_minus_rev_small,depth,xfam_small_fwd,xfam_small_rev,,heldout,primary,4,em,0.0,-0.15,0.15,1.0,20
xfam_fwd_minus_rev_small,depth,xfam_small_fwd,xfam_small_rev,,heldout,primary,5,em,0.0,0.0,0.0,1.0,20
xfam_fwd_minus_rev_small,depth,xfam_small_fwd,xfam_small_rev,,heldout,primary,6,em,0.0,0.0,0.0,1.0,20
xfam_fwd_minus_rev_small,depth,xfam_small_fwd,xfam_small_rev,,heldout,primary,1,f1,0.0,0.0,0.0,1.0,20
xfam_fwd_minus_rev_small,depth,xfam_small_fwd,xfam_small_rev,,heldout,primary,2,f1,-0.03749999999999999,-0.17083333333333334,0.06666666666666668,0.5651,20
xfam_fwd_minus_rev_small,depth,xfam_small_fwd,xfam_small_rev,,heldout,primary,3,f1,-0.075,-0.225,0.05,0.4027,20
xfam_fwd_minus_rev_small,depth,xfam_small_fwd,xfam_small_rev,,heldout,primary,4,f1,0.01428571428571429,-0.13571428571428573,0.16428571428571428,0.85,20
xfam_fwd_minus_rev_small,depth,xfam_small_fwd,xfam_small_rev,,heldout,primary,5,f1,0.03333333333333333,0.0,0.1,0.6221,20
xfam_fwd_minus_rev_small,depth,xfam_small_fwd,xfam_small_rev,,heldout,primary,6,f1,0.03333333333333333,0.0,0.1,0.6221,20
xfam_fwd_minus_rev_small,depth,xfam_small_fwd,xfam_small_rev,,heldout,primary,1,judge_correct,0.0,0.0,0.0,1.0,20
xfam_fwd_minus_rev_small,depth,xfam_small_fwd,xfam_small_rev,,heldout,primary,2,judge_correct,0.05,-0.1,0.2,0.7646,20
xfam_fwd_minus_rev_small,depth,xfam_small_fwd,xfam_small_rev,,heldout,primary,3,judge_correct,-0.1,-0.25,0.0,0.2531,20
xfam_fwd_minus_rev_small,depth,xfam_small_fwd,xfam_small_rev,,heldout,primary,4,judge_correct,0.05,-0.1,0.2,0.7588,20
xfam_fwd_minus_rev_small,depth,xfam_small_fwd,xfam_small_rev,,heldout,primary,5,judge_correct,0.05,0.0,0.15,0.626,20
xfam_fwd_minus_rev_small,depth,xfam_small_fwd,xfam_small_rev,,heldout,primary,6,judge_correct,0.0,0.0,0.0,1.0,20
xfam_fwd_minus_rev_small,depth,xfam_small_fwd,xfam_small_rev,,heldout,secondary,1,em,0.0,0.0,0.0,1.0,20
xfam_fwd_minus_rev_small,depth,xfam_small_fwd,xfam_small_rev,,heldout,secondary,2,em,-0.05,-0.2,0.1,0.7671,20
xfam_fwd_minus_rev_small,depth,xfam_small_fwd,xfam_small_rev,,heldout,secondary,3,em,0.05,-0.1,0.2,0.7617,20
xfam_fwd_minus_rev_small,depth,xfam_small_fwd,xfam_small_rev,,heldout,secondary,4,em,0.05,-0.15,0.25,0.825,20
xfam_fwd_minus_rev_small,depth,xfam_small_fwd,xfam_small_rev,,heldout,secondary,5,em,0.05,0.0,0.15,0.6252,20
xfam_fwd_minus_rev_small,depth,xfam_small_fwd,xfam_small_rev,,heldout,secondary,6,em,0.1,0.0,0.25,0.2519,20
xfam_fwd_minus_rev_small,depth,xfam_small_fwd,xfam_small_rev,,heldout,secondary,1,f1,0.0,0.0,0.0,1.0,20
xfam_fwd_minus_rev_small,depth,xfam_small_fwd,xfam_small_rev,,heldout,secondary,2,f1,-0.025,-0.175,0.125,0.8743,20
xfam_fwd_minus_rev_small,depth,xfam_small_fwd,xfam_small_rev,,heldout,secondary,3,f1,0.075,-0.05,0.225,0.3986,20
xfam_fwd_minus_rev_small,depth,xfam_small_fwd,xfam_small_rev,,heldout,secondary,4,f1,0.05833333333333333,-0.11666666666666667,0.2333333333333333,0.5436,20
xfam_fwd_minus_rev_small,depth,xfam_small_fwd,xfam_small_rev,,heldout,secondary,5,f1,0.05,0.0,0.15,0.6252,20
xfam_fwd_minus_rev_small,depth,xfam_small_fwd,xfam_small_rev,,heldout,secondary,6,f1,0.1285714285714286,0.0,0.2785714285714286,0.0813,20
xfam_fwd_minus_rev_small,depth,xfam_small_fwd,xfam_small_rev,,heldout,secondary,1,judge_correct,0.0,0.0,0.0,1.0,20
xfam_fwd_minus_rev_small,depth,xfam_small_fwd,xfam_small_rev,,heldout,secondary,2,judge_correct,0.0,-0.15,0.15,1.0,20
xfam_fwd_minus_rev_small,depth,xfam_small_fwd,xfam_small_rev,,heldout,secondary,3,judge_correct,0.1,0.0,0.25,0.2457,20
xfam_fwd_minus_rev_small,depth,xfam_small_fwd,xfam_small_rev,,heldout,secondary,4,judge_correct,0.0,-0.2,0.2,1.0,20
xfam_fwd_minus_rev_small,depth,xfam_small_fwd,xfam_small_rev,,heldout,secondary,5,judge_correct,0.05,-0.1,0.2,0.7698,20
xfam_fwd_minus_rev_small,depth,xfam_small_fwd,xfam_small_rev,,heldout,secondary,6,judge_correct,0.0,-0.15,0.15,1.0,20
large_minus_small_homog,depth,homog_large_matched,homog_small_matched,,target,primary,1,em,0.25,0.05,0.45,0.0172,20
large_minus_small_homog,depth,homog_large_matched,homog_small_matched,,target,primary,2,em,0.25,-0.05,0.5,0.1046,20
large_minus_small_homog,depth,homog_large_matched,homog_small_matched,,target,primary,3,em,0.1,-0.15,0.35,0.5336,20
large_minus_small_homog,depth,homog_large_matched,homog_small_matched,,target,primary,4,em,0.2,-0.05,0.45,0.1896,20
large_minus_small_homog,depth,homog_large_matched,homog_small_matched,,target,primary,5,em,0.1,-0.15,0.35,0.5354,20
large_minus_small_homog,depth,homog_large_matched,homog_small_matched,,target,primary,6,em,0.0,-0.2,0.2,1.0,20
large_minus_small_homog,depth,homog_large_matched,homog_small_matched,,target,primary,1,f1,0.2,0.02,0.4,0.0498,20
large_minus_small_homog,depth,homog_large_matched,homog_small_matched,,target,primary,2,f1,0.23583333333333328,0.05714285714285714,0.42107142857142854,0.0115,20
large_minus_small_homog,depth,homog_large_matched,homog_small_matched,,target,primary,3,f1,0.16964285714285715,-0.02023809523809525,0.37797619047619047,0.0978,20
large_minus_small_homog,depth,homog_large_matched,homog_small_matched,,target,primary,4,f1,0.17214285714285713,-0.004166666666666657,0.36416666666666664,0.0658,20
large_minus_small_homog,depth,homog_large_matched,homog_small_matched,,target,primary,5,f1,0.18560439560439562,0.0299942765567766,0.3664377289377289,0.0293,20
large_minus_small_homog,depth,homog_large_matched,homog_small_matched,,target,primary,6,f1,0.18088217338217338,0.030127976190476188,0.3517174908424908,0.0276,20
large_minus_small_homog,depth,homog_large_matched,homog_small_matched,,target,primary,1,judge_correct,0.1,-0.1,0.3,0.4316,20
large_minus_small_homog,depth,homog_large_matched,homog_small_matched,,target,primary,2,judge_correct,0.15,0.0,0.3,0.1088,20
large_minus_small_homog,depth,homog_large_matched,homog_small_matched,,target,primary,3,judge_correct,0.1,0.0,0.25,0.249,20
large_minus_small_homog,depth,homog_large_matched,homog_small_matched,,target,primary,4,judge_correct,0.1,0.0,0.25,0.249,20
large_minus_small_homog,depth,homog_large_matched,homog_small_matched,,target,primary,5,judge_correct,0.15,0.0,0.3,0.1088,20
large_minus_small_homog,depth,homog_large_matched,homog_small_matched,,target,primary,6,judge_correct,0.15,0.0,0.3,0.1088,20
large_minus_small_homog,depth,homog_large_matched,homog_small_matched,,target,secondary,1,em,0.25,0.1,0.45,0.016,20
large_minus_small_homog,depth,homog_large_matched,homog_small_matched,,target,secondary,2,em,0.25,0.1,0.45,0.0164,20
large_minus_small_homog,depth,homog_large_matched,homog_small_matched,,target,secondary,3,em,0.15,-0.05,0.35,0.2362,20
large_minus_small_homog,depth,homog_large_matched,homog_small_matched,,target,secondary,4,em,0.1,-0.1,0.3,0.432,20
large_minus_small_homog,depth,homog_large_matched,homog_small_matched,,target,secondary,5,em,0.0,-0.2,0.2,1.0,20
large_minus_small_homog,depth,homog_large_matched,homog_small_matched,,target,secondary,6,em,0.05,-0.15,0.25,0.8229,20
large_minus_small_homog,depth,homog_large_matched,homog_small_matched,,target,secondary,1,f1,0.19,0.049999999999999996,0.36,0.0215,20
large_minus_small_homog,depth,homog_large_matched,homog_small_matched,,target,secondary,2,f1,0.25,0.1,0.425,0.0068,20
large_minus_small_homog,depth,homog_large_matched,homog_small_matched,,target,secondary,3,f1,0.2125,0.049999999999999975,0.4,0.0241,20
large_minus_small_homog,depth,homog_large_matched,homog_small_matched,,target,secondary,4,f1,0.1625,0.012499999999999994,0.3375,0.0614,20
large_minus_small_homog,depth,homog_large_matched,homog_small_matched,,target,secondary,5,f1,0.17285714285714288,0.02285714285714286,0.3478660714285713,0.0367,20
large_minus_small_homog,depth,homog_large_matched,homog_small_matched,,target,secondary,6,f1,0.18,0.025000000000000012,0.365,0.0355,20
large_minus_small_homog,depth,homog_large_matched,homog_small_matched,,target,secondary,1,judge_correct,0.1,0.0,0.25,0.2508,20
large_minus_small_homog,depth,homog_large_matched,homog_small_matched,,target,secondary,2,judge_correct,0.15,0.0,0.3,0.109,20
large_minus_small_homog,depth,homog_large_matched,homog_small_matched,,target,secondary,3,judge_correct,0.15,0.0,0.3,0.109,20
large_minus_small_homog,depth,homog_large_matched,homog_small_matched,,target,secondary,4,judge_correct,0.15,0.0,0.3,0.109,20
large_minus_small_homog,depth,homog_large_matched,homog_small_matched,,target,secondary,5,judge_correct,0.2,0.05,0.4,0.0424,20
large_minus_small_homog,depth,homog_large_matched,homog_small_matched,,target,secondary,6,judge_correct,0.25,0.05,0.45,0.0187,20
large_minus_small_homog,depth,homog_large_matched,homog_small_matched,,heldout,primary,1,em,0.15,0.0,0.3012499999999818,0.1139,20
large_minus_small_homog,depth,homog_large_matched,homog_small_matched,,heldout,primary,2,em,0.05,-0.15,0.25,0.8167,20
large_minus_small_homog,depth,homog_large_matched,homog_small_matched,,heldout,primary,3,em,-0.05,-0.2,0.1,0.7573,20
large_minus_small_homog,depth,homog_large_matched,homog_small_matched,,heldout,primary,4,em,0.15,0.0,0.3,0.1069,20
large_minus_small_homog,depth,homog_large_matched,homog_small_matched,,heldout,primary,5,em,0.0,-0.2,0.2,1.0,20
large_minus_small_homog,depth,homog_large_matched,homog_small_matched,,heldout,primary,6,em,0.05,-0.15,0.25,0.8135,20
large_minus_small_homog,depth,homog_large_matched,homog_small_matched,,heldout,primary,1,f1,0.15634920634920638,0.01111111111111111,0.33333333333333337,0.0477,20
large_minus_small_homog,depth,homog_large_matched,homog_small_matched,,heldout,primary,2,f1,0.020238095238095243,-0.17976190476190473,0.22023809523809526,0.9024,20
large_minus_small_homog,depth,homog_large_matched,homog_small_matched,,heldout,primary,3,f1,-0.024761904761904756,-0.16999999999999998,0.12047619047619049,0.7454,20
large_minus_small_homog,depth,homog_large_matched,homog_small_matched,,heldout,primary,4,f1,0.14523809523809525,-0.004761904761904756,0.3,0.1049,20
large_minus_small_homog,depth,homog_large_matched,homog_small_matched,,heldout,primary,5,f1,0.028571428571428574,-0.18095238095238092,0.2333333333333333,0.8045,20
large_minus_small_homog,depth,homog_large_matched,homog_small_matched,,heldout,primary,6,f1,0.10857142857142857,-0.09148809523809473,0.31666666666666665,0.2943,20
large_minus_small_homog,depth,homog_large_matched,homog_small_matched,,heldout,primary,1,judge_correct,0.2,-0.05,0.45,0.1904,20
large_minus_small_homog,depth,homog_large_matched,homog_small_matched,,heldout,primary,2,judge_correct,0.05,-0.25,0.35,0.8652,20
large_minus_small_homog,depth,homog_large_matched,homog_small_matched,,heldout,primary,3,judge_correct,0.05,-0.2,0.3,0.8476,20
large_minus_small_homog,depth,homog_large_matched,homog_small_matched,,heldout,primary,4,judge_correct,0.1,-0.15,0.35,0.5277,20
large_minus_small_homog,depth,homog_large_matched,homog_small_matched,,heldout,primary,5,judge_correct,-0.05,-0.3,0.2,0.8472,20
large_minus_small_homog,depth,homog_large_matched,homog_small_matched,,heldout,primary,6,judge_correct,0.1,-0.2,0.35,0.5921,20
large_minus_small_homog,depth,homog_large_matched,homog_small_matched,,heldout,secondary,1,em,0.1,0.0,0.25,0.2591,20
large_minus_small_homog,depth,homog_large_matched,homog_small_matched,,heldout,secondary,2,em,0.1,-0.1,0.3,0.4331,20
large_minus_small_homog,depth,homog_large_matched,homog_small_matched,,heldout,secondary,3,em,0.15,0.0,0.3,0.1068,20
large_minus_small_homog,depth,homog_large_matched,homog_small_matched,,heldout,secondary,4,em,0.25,0.1,0.45,0.0176,20
large_minus_small_homog,depth,homog_large_matched,homog_small_matched,,heldout,secondary,5,em,0.15,0.0,0.3,0.1069,20
large_minus_small_homog,depth,homog_large_matched,homog_small_matched,,heldout,secondary,6,em,0.2,0.05,0.4,0.0446,20
large_minus_small_homog,depth,homog_large_matched,homog_small_matched,,heldout,secondary,1,f1,0.125,0.0,0.275,0.1053,20
large_minus_small_homog,depth,homog_large_matched,homog_small_matched,,heldout,secondary,2,f1,0.075,-0.1,0.25,0.4835,20
large_minus_small_homog,depth,homog_large_matched,homog_small_matched,,heldout,secondary,3,f1,0.15357142857142858,0.028571428571428574,0.3071428571428571,0.0348,20
large_minus_small_homog,depth,homog_large_matched,homog_small_matched,,heldout,secondary,4,f1,0.25357142857142856,0.1,0.45,0.0059,20
large_minus_small_homog,depth,homog_large_matched,homog_small_matched,,heldout,secondary,5,f1,0.17857142857142858,0.05,0.3571428571428571,0.0323,20
large_minus_small_homog,depth,homog_large_matched,homog_small_matched,,heldout,secondary,6,f1,0.20357142857142857,0.05,0.37857142857142856,0.0157,20
large_minus_small_homog,depth,homog_large_matched,homog_small_matched,,heldout,secondary,1,judge_correct,0.2,0.0,0.40124999999998184,0.119,20
large_minus_small_homog,depth,homog_large_matched,homog_small_matched,,heldout,secondary,2,judge_correct,0.1,-0.1,0.3,0.4383,20
large_minus_small_homog,depth,homog_large_matched,homog_small_matched,,heldout,secondary,3,judge_correct,0.1,-0.1,0.3,0.4346,20
large_minus_small_homog,depth,homog_large_matched,homog_small_matched,,heldout,secondary,4,judge_correct,0.15,-0.05,0.35,0.2427,20
large_minus_small_homog,depth,homog_large_matched,homog_small_matched,,heldout,secondary,5,judge_correct,0.1,-0.1,0.3,0.4346,20
large_minus_small_homog,depth,homog_large_matched,homog_small_matched,,heldout,secondary,6,judge_correct,0.1,-0.1,0.3,0.4346,20
size_up_minus_all_small,depth,size_up_samefam,homog_small_matched,,target,primary,1,em,0.0,0.0,0.0,1.0,20
size_up_minus_all_small,depth,size_up_samefam,homog_small_matched,,target,primary,2,em,0.0,0.0,0.0,1.0,20
size_up_minus_all_small,depth,size_up_samefam,homog_small_matched,,target,primary,3,em,0.0,0.0,0.0,1.0,20
size_up_minus_all_small,depth,size_up_samefam,homog_small_matched,,target,primary,4,em,0.1,0.0,0.25,0.2552,20
size_up_minus_all_small,depth,size_up_samefam,homog_small_matched,,target,primary,5,em,0.0,-0.15,0.15,1.0,20
size_up_minus_all_small,depth,size_up_samefam,homog_small_matched,,target,primary,6,em,0.0,0.0,0.0,1.0,20
size_up_minus_all_small,depth,size_up_samefam,homog_small_matched,,target,primary,1,f1,0.0,0.0,0.0,1.0,20
size_up_minus_all_small,depth,size_up_samefam,homog_small_matched,,target,primary,2,f1,0.0,0.0,0.0,1.0,20
size_up_minus_all_small,depth,size_up_samefam,homog_small_matched,,target,primary,3,f1,0.0,0.0,0.0,1.0,20
size_up_minus_all_small,depth,size_up_samefam,homog_small_matched,,target,primary,4,f1,0.007499999999999995,-0.027500000000000004,0.039999999999999994,0.7645,20
size_up_minus_all_small,depth,size_up_samefam,homog_small_matched,,target,primary,5,f1,0.011666666666666676,-0.05833333333333333,0.08,0.7618,20
size_up_minus_all_small,depth,size_up_samefam,homog_small_matched,,target,primary,6,f1,-0.0125,-0.0375,0.0,0.6186,20
size_up_minus_all_small,depth,size_up_samefam,homog_small_matched,,target,primary,1,judge_correct,0.0,0.0,0.0,1.0,20
size_up_minus_all_small,depth,size_up_samefam,homog_small_matched,,target,primary,2,judge_correct,0.0,0.0,0.0,1.0,20
size_up_minus_all_small,depth,size_up_samefam,homog_small_matched,,target,primary,3,judge_correct,0.0,0.0,0.0,1.0,20
size_up_minus_all_small,depth,size_up_samefam,homog_small_matched,,target,primary,4,judge_correct,0.0,0.0,0.0,1.0,20
size_up_minus_all_small,depth,size_up_samefam,homog_small_matched,,target,primary,5,judge_correct,0.0,0.0,0.0,1.0,20
size_up_minus_all_small,depth,size_up_samefam,homog_small_matched,,target,primary,6,judge_correct,0.0,0.0,0.0,1.0,20
size_up_minus_all_small,depth,size_up_samefam,homog_small_matched,,target,secondary,1,em,0.0,0.0,0.0,1.0,20
size_up_minus_all_small,depth,size_up_samefam,homog_small_matched,,target,secondary,2,em,0.0,0.0,0.0,1.0,20
size_up_minus_all_small,depth,size_up_samefam,homog_small_matched,,target,secondary,3,em,0.0,0.0,0.0,1.0,20
size_up_minus_all_small,depth,size_up_samefam,homog_small_matched,,target,secondary,4,em,0.0,0.0,0.0,1.0,20
size_up_minus_all_small,depth,size_up_samefam,homog_small_matched,,target,secondary,5,em,0.0,0.0,0.0,1.0,20
size_up_minus_all_small,depth,size_up_samefam,homog_small_matched,,target,secondary,6,em,0.0,0.0,0.0,1.0,20
size_up_minus_all_small,depth,size_up_samefam,homog_small_matched,,target,secondary,1,f1,0.0,0.0,0.0,1.0,20
size_up_minus_all_small,depth,size_up_samefam,homog_small_matched,,target,secondary,2,f1,0.0,0.0,0.0,1.0,20
size_up_minus_all_small,depth,size_up_samefam,homog_small_matched,,target,secondary,3,f1,0.0,0.0,0.0,1.0,20
size_up_minus_all_small,depth,size_up_samefam,homog_small_matched,,target,secondary,4,f1,0.004999999999999999,0.0,0.014999999999999996,0.6154,20
size_up_minus_all_small,depth,size_up_samefam,homog_small_matched,,target,secondary,5,f1,0.0,0.0,0.0,1.0,20
size_up_minus_all_small,depth,size_up_samefam,homog_small_matched,,target,secondary,6,f1,0.0,0.0,0.0,1.0,20
size_up_minus_all_small,depth,size_up_samefam,homog_small_matched,,target,secondary,1,judge_correct,0.0,0.0,0.0,1.0,20
size_up_minus_all_small,depth,size_up_samefam,homog_small_matched,,target,secondary,2,judge_correct,0.0,0.0,0.0,1.0,20
size_up_minus_all_small,depth,size_up_samefam,homog_small_matched,,target,secondary,3,judge_correct,0.0,0.0,0.0,1.0,20
size_up_minus_all_small,depth,size_up_samefam,homog_small_matched,,target,secondary,4,judge_correct,0.0,0.0,0.0,1.0,20
size_up_minus_all_small,depth,size_up_samefam,homog_small_matched,,target,secondary,5,judge_correct,0.0,0.0,0.0,1.0,20
size_up_minus_all_small,depth,size_up_samefam,homog_small_matched,,target,secondary,6,judge_correct,0.05,0.0,0.15,0.6308,20
size_up_minus_all_small,depth,size_up_samefam,homog_small_matched,,heldout,primary,1,em,0.0,0.0,0.0,1.0,20
size_up_minus_all_small,depth,size_up_samefam,homog_small_matched,,heldout,primary,2,em,0.0,0.0,0.0,1.0,20
size_up_minus_all_small,depth,size_up_samefam,homog_small_matched,,heldout,primary,3,em,0.0,0.0,0.0,1.0,20
size_up_minus_all_small,depth,size_up_samefam,homog_small_matched,,heldout,primary,4,em,0.1,0.0,0.25,0.2531,20
size_up_minus_all_small,depth,size_up_samefam,homog_small_matched,,heldout,primary,5,em,0.0,-0.15,0.15,1.0,20
size_up_minus_all_small,depth,size_up_samefam,homog_small_matched,,heldout,primary,6,em,0.05,0.0,0.15,0.6221,20
size_up_minus_all_small,depth,size_up_samefam,homog_small_matched,,heldout,primary,1,f1,0.0,0.0,0.0,1.0,20
size_up_minus_all_small,depth,size_up_samefam,homog_small_matched,,heldout,primary,2,f1,0.0,0.0,0.0,1.0,20
size_up_minus_all_small,depth,size_up_samefam,homog_small_matched,,heldout,primary,3,f1,0.0,0.0,0.0,1.0,20
size_up_minus_all_small,depth,size_up_samefam,homog_small_matched,,heldout,primary,4,f1,0.10833333333333332,0.0,0.2583333333333333,0.0994,20
size_up_minus_all_small,depth,size_up_samefam,homog_small_matched,,heldout,primary,5,f1,0.0,-0.15,0.15,1.0,20
size_up_minus_all_small,depth,size_up_samefam,homog_small_matched,,heldout,primary,6,f1,0.05,0.0,0.15,0.6221,20
size_up_minus_all_small,depth,size_up_samefam,homog_small_matched,,heldout,primary,1,judge_correct,0.0,0.0,0.0,1.0,20
size_up_minus_all_small,depth,size_up_samefam,homog_small_matched,,heldout,primary,2,judge_correct,0.0,0.0,0.0,1.0,20
size_up_minus_all_small,depth,size_up_samefam,homog_small_matched,,heldout,primary,3,judge_correct,0.0,0.0,0.0,1.0,20
size_up_minus_all_small,depth,size_up_samefam,homog_small_matched,,heldout,primary,4,judge_correct,0.05,-0.1,0.2,0.7645,20
size_up_minus_all_small,depth,size_up_samefam,homog_small_matched,,heldout,primary,5,judge_correct,0.0,-0.15,0.15,1.0,20
size_up_minus_all_small,depth,size_up_samefam,homog_small_matched,,heldout,primary,6,judge_correct,0.05,0.0,0.15,0.6221,20
size_up_minus_all_small,depth,size_up_samefam,homog_small_matched,,heldout,secondary,1,em,0.0,0.0,0.0,1.0,20
size_up_minus_all_small,depth,size_up_samefam,homog_small_matched,,heldout,secondary,2,em,0.0,0.0,0.0,1.0,20
size_up_minus_all_small,depth,size_up_samefam,homog_small_matched,,heldout,secondary,3,em,0.0,0.0,0.0,1.0,20
size_up_minus_all_small,depth,size_up_samefam,homog_small_matched,,heldout,secondary,4,em,-0.05,-0.15,0.0,0.6252,20
size_up_minus_all_small,depth,size_up_samefam,homog_small_matched,,heldout,secondary,5,em,-0.05,-0.25,0.15,0.8201,20
size_up_minus_all_small,depth,size_up_samefam,homog_small_matched,,heldout,secondary,6,em,-0.05,-0.15,0.0,0.621,20
size_up_minus_all_small,depth,size_up_samefam,homog_small_matched,,heldout,secondary,1,f1,0.0,0.0,0.0,1.0,20
size_up_minus_all_small,depth,size_up_samefam,homog_small_matched,,heldout,secondary,2,f1,0.0,0.0,0.0,1.0,20
size_up_minus_all_small,depth,size_up_samefam,homog_small_matched,,heldout,secondary,3,f1,0.0,0.0,0.0,1.0,20
size_up_minus_all_small,depth,size_up_samefam,homog_small_matched,,heldout,secondary,4,f1,-0.05,-0.15,0.0,0.6252,20
size_up_minus_all_small,depth,size_up_samefam,homog_small_matched,,heldout,secondary,5,f1,-0.10833333333333332,-0.3,0.05,0.2298,20
size_up_minus_all_small,depth,size_up_samefam,homog_small_matched,,heldout,secondary,6,f1,-0.05,-0.15,0.0,0.621,20
size_up_minus_all_small,depth,size_up_samefam,homog_small_matched,,heldout,secondary,1,judge_correct,0.0,0.0,0.0,1.0,20
size_up_minus_all_small,depth,size_up_samefam,homog_small_matched,,heldout,secondary,2,judge_correct,0.0,0.0,0.0,1.0,20
size_up_minus_all_small,depth,size_up_samefam,homog_small_matched,,heldout,secondary,3,judge_correct,0.0,0.0,0.0,1.0,20
size_up_minus_all_small,depth,size_up_samefam,homog_small_matched,,heldout,secondary,4,judge_correct,-0.05,-0.15,0.0,0.6252,20
size_up_minus_all_small,depth,size_up_samefam,homog_small_matched,,heldout,secondary,5,judge_correct,-0.1,-0.3,0.1,0.428,20
size_up_minus_all_small,depth,size_up_samefam,homog_small_matched,,heldout,secondary,6,judge_correct,-0.05,-0.15,0.0,0.621,20
size_up_minus_all_large,depth,size_up_samefam,homog_large_matched,,target,primary,1,em,-0.25,-0.45,-0.05,0.0172,20
size_up_minus_all_large,depth,size_up_samefam,homog_large_matched,,target,primary,2,em,-0.25,-0.5,0.05,0.1046,20
size_up_minus_all_large,depth,size_up_samefam,homog_large_matched,,target,primary,3,em,-0.1,-0.35,0.15,0.5336,20
size_up_minus_all_large,depth,size_up_samefam,homog_large_matched,,target,primary,4,em,-0.1,-0.35,0.2,0.5919,20
size_up_minus_all_large,depth,size_up_samefam,homog_large_matched,,target,primary,5,em,-0.1,-0.35,0.15,0.5883,20
size_up_minus_all_large,depth,size_up_samefam,homog_large_matched,,target,primary,6,em,0.0,-0.2,0.2,1.0,20
size_up_minus_all_large,depth,size_up_samefam,homog_large_matched,,target,primary,1,f1,-0.2,-0.4,-0.02,0.0498,20
size_up_minus_all_large,depth,size_up_samefam,homog_large_matched,,target,primary,2,f1,-0.23583333333333328,-0.42107142857142854,-0.05714285714285714,0.0115,20
size_up_minus_all_large,depth,size_up_samefam,homog_large_matched,,target,primary,3,f1,-0.16964285714285715,-0.37797619047619047,0.02023809523809525,0.0978,20
size_up_minus_all_large,depth,size_up_samefam,homog_large_matched,,target,primary,4,f1,-0.16464285714285715,-0.355,0.009883928571428537,0.08,20
size_up_minus_all_large,depth,size_up_samefam,homog_large_matched,,target,primary,5,f1,-0.17393772893772894,-0.34500000000000003,-0.021086538461538473,0.0337,20
size_up_minus_all_large,depth,size_up_samefam,homog_large_matched,,target,primary,6,f1,-0.1933821733821734,-0.37222222222222223,-0.03527083333333343,0.0241,20
size_up_minus_all_large,depth,size_up_samefam,homog_large_matched,,target,primary,1,judge_correct,-0.1,-0.3,0.1,0.4316,20
size_up_minus_all_large,depth,size_up_samefam,homog_large_matched,,target,primary,2,judge_correct,-0.15,-0.3,0.0,0.1088,20
size_up_minus_all_large,depth,size_up_samefam,homog_large_matched,,target,primary,3,judge_correct,-0.1,-0.25,0.0,0.249,20
size_up_minus_all_large,depth,size_up_samefam,homog_large_matched,,target,primary,4,judge_correct,-0.1,-0.25,0.0,0.249,20
size_up_minus_all_large,depth,size_up_samefam,homog_large_matched,,target,primary,5,judge_correct,-0.15,-0.3,0.0,0.1088,20
size_up_minus_all_large,depth,size_up_samefam,homog_large_matched,,target,primary,6,judge_correct,-0.15,-0.3,0.0,0.1088,20
size_up_minus_all_large,depth,size_up_samefam,homog_large_matched,,target,secondary,1,em,-0.25,-0.45,-0.1,0.016,20
size_up_minus_all_large,depth,size_up_samefam,homog_large_matched,,target,secondary,2,em,-0.25,-0.45,-0.1,0.0164,20
size_up_minus_all_large,depth,size_up_samefam,homog_large_matched,,target,secondary,3,em,-0.15,-0.35,0.05,0.2362,20
size_up_minus_all_large,depth,size_up_samefam,homog_large_matched,,target,secondary,4,em,-0.1,-0.3,0.1,0.432,20
size_up_minus_all_large,depth,size_up_samefam,homog_large_matched,,target,secondary,5,em,0.0,-0.2,0.2,1.0,20
size_up_minus_all_large,depth,size_up_samefam,homog_large_matched,,target,secondary,6,em,-0.05,-0.25,0.15,0.8229,20
size_up_minus_all_large,depth,size_up_samefam,homog_large_matched,,target,secondary,1,f1,-0.19,-0.36,-0.049999999999999996,0.0215,20
size_up_minus_all_large,depth,size_up_samefam,homog_large_matched,,target,secondary,2,f1,-0.25,-0.425,-0.1,0.0068,20
size_up_minus_all_large,depth,size_up_samefam,homog_large_matched,,target,secondary,3,f1,-0.2125,-0.4,-0.049999999999999975,0.0241,20
size_up_minus_all_large,depth,size_up_samefam,homog_large_matched,,target,secondary,4,f1,-0.1575,-0.3375,-0.007499999999999995,0.0618,20
size_up_minus_all_large,depth,size_up_samefam,homog_large_matched,,target,secondary,5,f1,-0.17285714285714288,-0.34786607142857134,-0.02285714285714286,0.0367,20
size_up_minus_all_large,depth,size_up_samefam,homog_large_matched,,target,secondary,6,f1,-0.18,-0.365,-0.025000000000000012,0.0355,20
size_up_minus_all_large,depth,size_up_samefam,homog_large_matched,,target,secondary,1,judge_correct,-0.1,-0.25,0.0,0.2508,20
size_up_minus_all_large,depth,size_up_samefam,homog_large_matched,,target,secondary,2,judge_correct,-0.15,-0.3,0.0,0.109,20
size_up_minus_all_large,depth,size_up_samefam,homog_large_matched,,target,secondary,3,judge_correct,-0.15,-0.3,0.0,0.109,20
size_up_minus_all_large,depth,size_up_samefam,homog_large_matched,,target,secondary,4,judge_correct,-0.15,-0.3,0.0,0.109,20
size_up_minus_all_large,depth,size_up_samefam,homog_large_matched,,target,secondary,5,judge_correct,-0.2,-0.4,-0.05,0.0424,20
size_up_minus_all_large,depth,size_up_samefam,homog_large_matched,,target,secondary,6,judge_correct,-0.2,-0.4,-0.05,0.0424,20
size_up_minus_all_large,depth,size_up_samefam,homog_large_matched,,heldout,primary,1,em,-0.15,-0.3012499999999889,0.0,0.1139,20
size_up_minus_all_large,depth,size_up_samefam,homog_large_matched,,heldout,primary,2,em,-0.05,-0.25,0.15,0.8167,20
size_up_minus_all_large,depth,size_up_samefam,homog_large_matched,,heldout,primary,3,em,0.05,-0.1,0.2,0.7573,20
size_up_minus_all_large,depth,size_up_samefam,homog_large_matched,,heldout,primary,4,em,-0.05,-0.2,0.1,0.7587,20
size_up_minus_all_large,depth,size_up_samefam,homog_large_matched,,heldout,primary,5,em,0.0,-0.2,0.2,1.0,20
size_up_minus_all_large,depth,size_up_samefam,homog_large_matched,,heldout,primary,6,em,0.0,-0.25,0.25,1.0,20
size_up_minus_all_large,depth,size_up_samefam,homog_large_matched,,heldout,primary,1,f1,-0.15634920634920638,-0.33333333333333337,-0.01111111111111111,0.0477,20
size_up_minus_all_large,depth,size_up_samefam,homog_large_matched,,heldout,primary,2,f1,-0.020238095238095243,-0.22023809523809526,0.17976190476190473,0.9024,20
size_up_minus_all_large,depth,size_up_samefam,homog_large_matched,,heldout,primary,3,f1,0.024761904761904756,-0.12047619047619049,0.16999999999999998,0.7454,20
size_up_minus_all_large,depth,size_up_samefam,homog_large_matched,,heldout,primary,4,f1,-0.03690476190476191,-0.2,0.12142857142857141,0.7464,20
size_up_minus_all_large,depth,size_up_samefam,homog_large_matched,,heldout,primary,5,f1,-0.028571428571428574,-0.2,0.1380952380952381,0.7605,20
size_up_minus_all_large,depth,size_up_samefam,homog_large_matched,,heldout,primary,6,f1,-0.058571428571428566,-0.2633928571428566,0.13428571428571426,0.5609,20
size_up_minus_all_large,depth,size_up_samefam,homog_large_matched,,heldout,primary,1,judge_correct,-0.2,-0.45,0.05,0.1904,20
size_up_minus_all_large,depth,size_up_samefam,homog_large_matched,,heldout,primary,2,judge_correct,-0.05,-0.35,0.25,0.8652,20
size_up_minus_all_large,depth,size_up_samefam,homog_large_matched,,heldout,primary,3,judge_correct,-0.05,-0.3,0.2,0.8476,20
size_up_minus_all_large,depth,size_up_samefam,homog_large_matched,,heldout,primary,4,judge_correct,-0.05,-0.3,0.2,0.8458,20
size_up_minus_all_large,depth,size_up_samefam,homog_large_matched,,heldout,primary,5,judge_correct,0.05,-0.2,0.3,0.848,20
size_up_minus_all_large,depth,size_up_samefam,homog_large_matched,,heldout,primary,6,judge_correct,-0.05,-0.35,0.25,0.8684,20
size_up_minus_all_large,depth,size_up_samefam,homog_large_matched,,heldout,secondary,1,em,-0.1,-0.25,0.0,0.2591,20
size_up_minus_all_large,depth,size_up_samefam,homog_large_matched,,heldout,secondary,2,em,-0.1,-0.3,0.1,0.4331,20
size_up_minus_all_large,depth,size_up_samefam,homog_large_matched,,heldout,secondary,3,em,-0.15,-0.3,0.0,0.1068,20
size_up_minus_all_large,depth,size_up_samefam,homog_large_matched,,heldout,secondary,4,em,-0.3,-0.5,-0.1,0.0065,20
size_up_minus_all_large,depth,size_up_samefam,homog_large_matched,,heldout,secondary,5,em,-0.2,-0.45,0.05,0.1952,20
size_up_minus_all_large,depth,size_up_samefam,homog_large_matched,,heldout,secondary,6,em,-0.25,-0.45,-0.1,0.0176,20
size_up_minus_all_large,depth,size_up_samefam,homog_large_matched,,heldout,secondary,1,f1,-0.125,-0.275,0.0,0.1053,20
size_up_minus_all_large,depth,size_up_samefam,homog_large_matched,,heldout,secondary,2,f1,-0.075,-0.25,0.1,0.4835,20
size_up_minus_all_large,depth,size_up_samefam,homog_large_matched,,heldout,secondary,3,f1,-0.15357142857142858,-0.3071428571428571,-0.028571428571428574,0.0348,20
size_up_minus_all_large,depth,size_up_samefam,homog_large_matched,,heldout,secondary,4,f1,-0.30357142857142855,-0.5035714285714286,-0.125,0.0017,20
size_up_minus_all_large,depth,size_up_samefam,homog_large_matched,,heldout,secondary,5,f1,-0.2869047619047619,-0.5119047619047619,-0.075,0.0113,20
size_up_minus_all_large,depth,size_up_samefam,homog_large_matched,,heldout,secondary,6,f1,-0.25357142857142856,-0.45,-0.1,0.0059,20
size_up_minus_all_large,depth,size_up_samefam,homog_large_matched,,heldout,secondary,1,judge_correct,-0.2,-0.40124999999998895,0.0,0.119,20
size_up_minus_all_large,depth,size_up_samefam,homog_large_matched,,heldout,secondary,2,judge_correct,-0.1,-0.3,0.1,0.4383,20
size_up_minus_all_large,depth,size_up_samefam,homog_large_matched,,heldout,secondary,3,judge_correct,-0.1,-0.3,0.1,0.4346,20
size_up_minus_all_large,depth,size_up_samefam,homog_large_matched,,heldout,secondary,4,judge_correct,-0.2,-0.45,0.0,0.1268,20
size_up_minus_all_large,depth,size_up_samefam,homog_large_matched,,heldout,secondary,5,judge_correct,-0.2,-0.45,0.05,0.1917,20
size_up_minus_all_large,depth,size_up_samefam,homog_large_matched,,heldout,secondary,6,judge_correct,-0.15,-0.35,0.05,0.2427,20
size_down_minus_all_small,depth,size_down_samefam,homog_small_matched,,target,primary,1,em,0.25,0.05,0.45,0.0172,20
size_down_minus_all_small,depth,size_down_samefam,homog_small_matched,,target,primary,2,em,0.25,-0.05,0.5,0.1046,20
size_down_minus_all_small,depth,size_down_samefam,homog_small_matched,,target,primary,3,em,0.1,-0.15,0.35,0.5336,20
size_down_minus_all_small,depth,size_down_samefam,homog_small_matched,,target,primary,4,em,0.0,-0.25,0.25,1.0,20
size_down_minus_all_small,depth,size_down_samefam,homog_small_matched,,target,primary,5,em,-0.05,-0.25,0.15,0.819,20
size_down_minus_all_small,depth,size_down_samefam,homog_small_matched,,target,primary,6,em,-0.05,-0.25,0.15,0.819,20
size_down_minus_all_small,depth,size_down_samefam,homog_small_matched,,target,primary,1,f1,0.2,0.02,0.4,0.0498,20
size_down_minus_all_small,depth,size_down_samefam,homog_small_matched,,target,primary,2,f1,0.23583333333333328,0.05714285714285714,0.42107142857142854,0.0115,20
size_down_minus_all_small,depth,size_down_samefam,homog_small_matched,,target,primary,3,f1,0.16964285714285715,-0.02023809523809525,0.37797619047619047,0.0978,20
size_down_minus_all_small,depth,size_down_samefam,homog_small_matched,,target,primary,4,f1,0.02964285714285713,-0.15833333333333333,0.2225,0.7597,20
size_down_minus_all_small,depth,size_down_samefam,homog_small_matched,,target,primary,5,f1,0.1308333333333333,-0.06454464285714269,0.33345833333333325,0.1951,20
size_down_minus_all_small,depth,size_down_samefam,homog_small_matched,,target,primary,6,f1,0.1025,-0.08785714285714284,0.29655952380952366,0.2968,20
size_down_minus_all_small,depth,size_down_samefam,homog_small_matched,,target,primary,1,judge_correct,0.1,-0.1,0.3,0.4316,20
size_down_minus_all_small,depth,size_down_samefam,homog_small_matched,,target,primary,2,judge_correct,0.15,0.0,0.3,0.1088,20
size_down_minus_all_small,depth,size_down_samefam,homog_small_matched,,target,primary,3,judge_correct,0.1,0.0,0.25,0.249,20
size_down_minus_all_small,depth,size_down_samefam,homog_small_matched,,target,primary,4,judge_correct,0.05,-0.1,0.2,0.7583,20
size_down_minus_all_small,depth,size_down_samefam,homog_small_matched,,target,primary,5,judge_correct,0.1,-0.1,0.3,0.4277,20
size_down_minus_all_small,depth,size_down_samefam,homog_small_matched,,target,primary,6,judge_correct,0.1,-0.1,0.3,0.4277,20
size_down_minus_all_small,depth,size_down_samefam,homog_small_matched,,target,secondary,1,em,0.25,0.1,0.45,0.016,20
size_down_minus_all_small,depth,size_down_samefam,homog_small_matched,,target,secondary,2,em,0.25,0.1,0.45,0.0164,20
size_down_minus_all_small,depth,size_down_samefam,homog_small_matched,,target,secondary,3,em,0.15,-0.05,0.35,0.2362,20
size_down_minus_all_small,depth,size_down_samefam,homog_small_matched,,target,secondary,4,em,0.0,-0.2,0.2,1.0,20
size_down_minus_all_small,depth,size_down_samefam,homog_small_matched,,target,secondary,5,em,-0.05,-0.25,0.15,0.8202,20
size_down_minus_all_small,depth,size_down_samefam,homog_small_matched,,target,secondary,6,em,-0.05,-0.25,0.15,0.8202,20
size_down_minus_all_small,depth,size_down_samefam,homog_small_matched,,target,secondary,1,f1,0.19,0.049999999999999996,0.36,0.0215,20
size_down_minus_all_small,depth,size_down_samefam,homog_small_matched,,target,secondary,2,f1,0.25,0.1,0.425,0.0068,20
size_down_minus_all_small,depth,size_down_samefam,homog_small_matched,,target,secondary,3,f1,0.2125,0.049999999999999975,0.4,0.0241,20
size_down_minus_all_small,depth,size_down_samefam,homog_small_matched,,target,secondary,4,f1,0.08249999999999999,-0.0925,0.265,0.3783,20
size_down_minus_all_small,depth,size_down_samefam,homog_small_matched,,target,secondary,5,f1,0.10285714285714284,-0.08,0.29607142857142854,0.2788,20
size_down_minus_all_small,depth,size_down_samefam,homog_small_matched,,target,secondary,6,f1,0.10285714285714284,-0.08,0.29607142857142854,0.2788,20
size_down_minus_all_small,depth,size_down_samefam,homog_small_matched,,target,secondary,1,judge_correct,0.1,0.0,0.25,0.2508,20
size_down_minus_all_small,depth,size_down_samefam,homog_small_matched,,target,secondary,2,judge_correct,0.15,0.0,0.3,0.109,20
size_down_minus_all_small,depth,size_down_samefam,homog_small_matched,,target,secondary,3,judge_correct,0.15,0.0,0.3,0.109,20
size_down_minus_all_small,depth,size_down_samefam,homog_small_matched,,target,secondary,4,judge_correct,0.1,-0.1,0.3,0.4331,20
size_down_minus_all_small,depth,size_down_samefam,homog_small_matched,,target,secondary,5,judge_correct,0.15,-0.05,0.35,0.236,20
size_down_minus_all_small,depth,size_down_samefam,homog_small_matched,,target,secondary,6,judge_correct,0.2,0.0,0.45,0.1218,20
size_down_minus_all_small,depth,size_down_samefam,homog_small_matched,,heldout,primary,1,em,0.15,0.0,0.3012499999999818,0.1139,20
size_down_minus_all_small,depth,size_down_samefam,homog_small_matched,,heldout,primary,2,em,0.05,-0.15,0.25,0.8167,20
size_down_minus_all_small,depth,size_down_samefam,homog_small_matched,,heldout,primary,3,em,-0.05,-0.2,0.1,0.7573,20
size_down_minus_all_small,depth,size_down_samefam,homog_small_matched,,heldout,primary,4,em,0.1,-0.1,0.3,0.4365,20
size_down_minus_all_small,depth,size_down_samefam,homog_small_matched,,heldout,primary,5,em,0.0,-0.15,0.15,1.0,20
size_down_minus_all_small,depth,size_down_samefam,homog_small_matched,,heldout,primary,6,em,0.0,-0.2,0.2,1.0,20
size_down_minus_all_small,depth,size_down_samefam,homog_small_matched,,heldout,primary,1,f1,0.15634920634920638,0.01111111111111111,0.33333333333333337,0.0477,20
size_down_minus_all_small,depth,size_down_samefam,homog_small_matched,,heldout,primary,2,f1,0.020238095238095243,-0.17976190476190473,0.22023809523809526,0.9024,20
size_down_minus_all_small,depth,size_down_samefam,homog_small_matched,,heldout,primary,3,f1,-0.024761904761904756,-0.16999999999999998,0.12047619047619049,0.7454,20
size_down_minus_all_small,depth,size_down_samefam,homog_small_matched,,heldout,primary,4,f1,0.13084415584415582,-0.019372294372294367,0.3119047619047619,0.1187,20
size_down_minus_all_small,depth,size_down_samefam,homog_small_matched,,heldout,primary,5,f1,0.028571428571428574,-0.12142857142857141,0.1833333333333333,0.746,20
size_down_minus_all_small,depth,size_down_samefam,homog_small_matched,,heldout,primary,6,f1,0.05584415584415585,-0.12643398268398245,0.24393939393939396,0.5561,20
size_down_minus_all_small,depth,size_down_samefam,homog_small_matched,,heldout,primary,1,judge_correct,0.2,-0.05,0.45,0.1904,20
size_down_minus_all_small,depth,size_down_samefam,homog_small_matched,,heldout,primary,2,judge_correct,0.05,-0.25,0.35,0.8652,20
size_down_minus_all_small,depth,size_down_samefam,homog_small_matched,,heldout,primary,3,judge_correct,0.05,-0.2,0.3,0.8476,20
size_down_minus_all_small,depth,size_down_samefam,homog_small_matched,,heldout,primary,4,judge_correct,0.1,-0.15,0.35,0.5938,20
size_down_minus_all_small,depth,size_down_samefam,homog_small_matched,,heldout,primary,5,judge_correct,0.0,-0.25,0.25,1.0,20
size_down_minus_all_small,depth,size_down_samefam,homog_small_matched,,heldout,primary,6,judge_correct,0.05,-0.2,0.3,0.845,20
size_down_minus_all_small,depth,size_down_samefam,homog_small_matched,,heldout,secondary,1,em,0.1,0.0,0.25,0.2591,20
size_down_minus_all_small,depth,size_down_samefam,homog_small_matched,,heldout,secondary,2,em,0.1,-0.1,0.3,0.4331,20
size_down_minus_all_small,depth,size_down_samefam,homog_small_matched,,heldout,secondary,3,em,0.15,0.0,0.3,0.1068,20
size_down_minus_all_small,depth,size_down_samefam,homog_small_matched,,heldout,secondary,4,em,0.15,-0.05,0.35,0.2355,20
size_down_minus_all_small,depth,size_down_samefam,homog_small_matched,,heldout,secondary,5,em,0.1,-0.1,0.3,0.4363,20
size_down_minus_all_small,depth,size_down_samefam,homog_small_matched,,heldout,secondary,6,em,0.15,0.0,0.3,0.1068,20
size_down_minus_all_small,depth,size_down_samefam,homog_small_matched,,heldout,secondary,1,f1,0.125,0.0,0.275,0.1053,20
size_down_minus_all_small,depth,size_down_samefam,homog_small_matched,,heldout,secondary,2,f1,0.075,-0.1,0.25,0.4835,20
size_down_minus_all_small,depth,size_down_samefam,homog_small_matched,,heldout,secondary,3,f1,0.15357142857142858,0.028571428571428574,0.3071428571428571,0.0348,20
size_down_minus_all_small,depth,size_down_samefam,homog_small_matched,,heldout,secondary,4,f1,0.15357142857142855,-0.04642857142857142,0.3571428571428571,0.1372,20
size_down_minus_all_small,depth,size_down_samefam,homog_small_matched,,heldout,secondary,5,f1,0.10357142857142858,-0.075,0.28214285714285714,0.2643,20
size_down_minus_all_small,depth,size_down_samefam,homog_small_matched,,heldout,secondary,6,f1,0.15357142857142858,0.028571428571428574,0.3071428571428571,0.0348,20
size_down_minus_all_small,depth,size_down_samefam,homog_small_matched,,heldout,secondary,1,judge_correct,0.2,0.0,0.40124999999998184,0.119,20
size_down_minus_all_small,depth,size_down_samefam,homog_small_matched,,heldout,secondary,2,judge_correct,0.1,-0.1,0.3,0.4383,20
size_down_minus_all_small,depth,size_down_samefam,homog_small_matched,,heldout,secondary,3,judge_correct,0.1,-0.1,0.3,0.4346,20
size_down_minus_all_small,depth,size_down_samefam,homog_small_matched,,heldout,secondary,4,judge_correct,0.1,-0.15,0.35,0.5364,20
size_down_minus_all_small,depth,size_down_samefam,homog_small_matched,,heldout,secondary,5,judge_correct,0.05,-0.15,0.25,0.8259,20
size_down_minus_all_small,depth,size_down_samefam,homog_small_matched,,heldout,secondary,6,judge_correct,0.15,-0.05,0.35,0.2394,20
size_down_minus_all_large,depth,size_down_samefam,homog_large_matched,,target,primary,1,em,0.0,0.0,0.0,1.0,20
size_down_minus_all_large,depth,size_down_samefam,homog_large_matched,,target,primary,2,em,0.0,0.0,0.0,1.0,20
size_down_minus_all_large,depth,size_down_samefam,homog_large_matched,,target,primary,3,em,0.0,0.0,0.0,1.0,20
size_down_minus_all_large,depth,size_down_samefam,homog_large_matched,,target,primary,4,em,-0.2,-0.4,-0.05,0.0432,20
size_down_minus_all_large,depth,size_down_samefam,homog_large_matched,,target,primary,5,em,-0.15,-0.3,0.0,0.107,20
size_down_minus_all_large,depth,size_down_samefam,homog_large_matched,,target,primary,6,em,-0.05,-0.15,0.0,0.6298,20
size_down_minus_all_large,depth,size_down_samefam,homog_large_matched,,target,primary,1,f1,0.0,0.0,0.0,1.0,20
size_down_minus_all_large,depth,size_down_samefam,homog_large_matched,,target,primary,2,f1,0.0,0.0,0.0,1.0,20
size_down_minus_all_large,depth,size_down_samefam,homog_large_matched,,target,primary,3,f1,0.0,0.0,0.0,1.0,20
size_down_minus_all_large,depth,size_down_samefam,homog_large_matched,,target,primary,4,f1,-0.14250000000000002,-0.29256249999999945,-0.012500000000000006,0.0462,20
size_down_minus_all_large,depth,size_down_samefam,homog_large_matched,,target,primary,5,f1,-0.05477106227106228,-0.1941874999999998,0.06735347985347985,0.4076,20
size_down_minus_all_large,depth,size_down_samefam,homog_large_matched,,target,primary,6,f1,-0.07838217338217338,-0.19890277777777765,0.0043956043956043965,0.1455,20
size_down_minus_all_large,depth,size_down_samefam,homog_large_matched,,target,primary,1,judge_correct,0.0,0.0,0.0,1.0,20
size_down_minus_all_large,depth,size_down_samefam,homog_large_matched,,target,primary,2,judge_correct,0.0,0.0,0.0,1.0,20
size_down_minus_all_large,depth,size_down_samefam,homog_large_matched,,target,primary,3,judge_correct,0.0,0.0,0.0,1.0,20
size_down_minus_all_large,depth,size_down_samefam,homog_large_matched,,target,primary,4,judge_correct,-0.05,-0.15,0.0,0.6298,20
size_down_minus_all_large,depth,size_down_samefam,homog_large_matched,,target,primary,5,judge_correct,-0.05,-0.15,0.0,0.6298,20
size_down_minus_all_large,depth,size_down_samefam,homog_large_matched,,target,primary,6,judge_correct,-0.05,-0.15,0.0,0.6298,20
size_down_minus_all_large,depth,size_down_samefam,homog_large_matched,,target,secondary,1,em,0.0,0.0,0.0,1.0,20
size_down_minus_all_large,depth,size_down_samefam,homog_large_matched,,target,secondary,2,em,0.0,0.0,0.0,1.0,20
size_down_minus_all_large,depth,size_down_samefam,homog_large_matched,,target,secondary,3,em,0.0,0.0,0.0,1.0,20
size_down_minus_all_large,depth,size_down_samefam,homog_large_matched,,target,secondary,4,em,-0.1,-0.25,0.0,0.2561,20
size_down_minus_all_large,depth,size_down_samefam,homog_large_matched,,target,secondary,5,em,-0.05,-0.2,0.1,0.7718,20
size_down_minus_all_large,depth,size_down_samefam,homog_large_matched,,target,secondary,6,em,-0.1,-0.25,0.0,0.2561,20
size_down_minus_all_large,depth,size_down_samefam,homog_large_matched,,target,secondary,1,f1,0.0,0.0,0.0,1.0,20
size_down_minus_all_large,depth,size_down_samefam,homog_large_matched,,target,secondary,2,f1,0.0,0.0,0.0,1.0,20
size_down_minus_all_large,depth,size_down_samefam,homog_large_matched,,target,secondary,3,f1,0.0,0.0,0.0,1.0,20
size_down_minus_all_large,depth,size_down_samefam,homog_large_matched,,target,secondary,4,f1,-0.08,-0.21000000000000002,0.0,0.2278,20
size_down_minus_all_large,depth,size_down_samefam,homog_large_matched,,target,secondary,5,f1,-0.07000000000000002,-0.19714285714285715,0.017142857142857144,0.2393,20
size_down_minus_all_large,depth,size_down_samefam,homog_large_matched,,target,secondary,6,f1,-0.07714285714285715,-0.20428571428571426,0.005714285714285705,0.2248,20
size_down_minus_all_large,depth,size_down_samefam,homog_large_matched,,target,secondary,1,judge_correct,0.0,0.0,0.0,1.0,20
size_down_minus_all_large,depth,size_down_samefam,homog_large_matched,,target,secondary,2,judge_correct,0.0,0.0,0.0,1.0,20
size_down_minus_all_large,depth,size_down_samefam,homog_large_matched,,target,secondary,3,judge_correct,0.0,0.0,0.0,1.0,20
size_down_minus_all_large,depth,size_down_samefam,homog_large_matched,,target,secondary,4,judge_correct,-0.05,-0.15,0.0,0.6298,20
size_down_minus_all_large,depth,size_down_samefam,homog_large_matched,,target,secondary,5,judge_correct,-0.05,-0.15,0.0,0.6298,20
size_down_minus_all_large,depth,size_down_samefam,homog_large_matched,,target,secondary,6,judge_correct,-0.05,-0.15,0.0,0.6298,20
size_down_minus_all_large,depth,size_down_samefam,homog_large_matched,,heldout,primary,1,em,0.0,0.0,0.0,1.0,20
size_down_minus_all_large,depth,size_down_samefam,homog_large_matched,,heldout,primary,2,em,0.0,0.0,0.0,1.0,20
size_down_minus_all_large,depth,size_down_samefam,homog_large_matched,,heldout,primary,3,em,0.0,0.0,0.0,1.0,20
size_down_minus_all_large,depth,size_down_samefam,homog_large_matched,,heldout,primary,4,em,-0.05,-0.2,0.1,0.7637,20
size_down_minus_all_large,depth,size_down_samefam,homog_large_matched,,heldout,primary,5,em,0.0,-0.15,0.15,1.0,20
size_down_minus_all_large,depth,size_down_samefam,homog_large_matched,,heldout,primary,6,em,-0.05,-0.2,0.1,0.7576,20
size_down_minus_all_large,depth,size_down_samefam,homog_large_matched,,heldout,primary,1,f1,0.0,0.0,0.0,1.0,20
size_down_minus_all_large,depth,size_down_samefam,homog_large_matched,,heldout,primary,2,f1,0.0,0.0,0.0,1.0,20
size_down_minus_all_large,depth,size_down_samefam,homog_large_matched,,heldout,primary,3,f1,0.0,0.0,0.0,1.0,20
size_down_minus_all_large,depth,size_down_samefam,homog_large_matched,,heldout,primary,4,f1,-0.014393939393939398,-0.1643939393939394,0.12727272727272726,0.8711,20
size_down_minus_all_large,depth,size_down_samefam,homog_large_matched,,heldout,primary,5,f1,0.0,-0.15,0.15,1.0,20
size_down_minus_all_large,depth,size_down_samefam,homog_large_matched,,heldout,primary,6,f1,-0.052727272727272734,-0.2081818181818182,0.1,0.4858,20
size_down_minus_all_large,depth,size_down_samefam,homog_large_matched,,heldout,primary,1,judge_correct,0.0,0.0,0.0,1.0,20
size_down_minus_all_large,depth,size_down_samefam,homog_large_matched,,heldout,primary,2,judge_correct,0.0,0.0,0.0,1.0,20
size_down_minus_all_large,depth,size_down_samefam,homog_large_matched,,heldout,primary,3,judge_correct,0.0,0.0,0.0,1.0,20
size_down_minus_all_large,depth,size_down_samefam,homog_large_matched,,heldout,primary,4,judge_correct,0.0,-0.2,0.2,1.0,20
size_down_minus_all_large,depth,size_down_samefam,homog_large_matched,,heldout,primary,5,judge_correct,0.05,0.0,0.15,0.6197,20
size_down_minus_all_large,depth,size_down_samefam,homog_large_matched,,heldout,primary,6,judge_correct,-0.05,-0.2,0.1,0.76,20
size_down_minus_all_large,depth,size_down_samefam,homog_large_matched,,heldout,secondary,1,em,0.0,0.0,0.0,1.0,20
size_down_minus_all_large,depth,size_down_samefam,homog_large_matched,,heldout,secondary,2,em,0.0,0.0,0.0,1.0,20
size_down_minus_all_large,depth,size_down_samefam,homog_large_matched,,heldout,secondary,3,em,0.0,0.0,0.0,1.0,20
size_down_minus_all_large,depth,size_down_samefam,homog_large_matched,,heldout,secondary,4,em,-0.1,-0.25,0.0,0.2664,20
size_down_minus_all_large,depth,size_down_samefam,homog_large_matched,,heldout,secondary,5,em,-0.05,-0.2,0.1,0.7647,20
size_down_minus_all_large,depth,size_down_samefam,homog_large_matched,,heldout,secondary,6,em,-0.05,-0.15,0.0,0.6308,20
size_down_minus_all_large,depth,size_down_samefam,homog_large_matched,,heldout,secondary,1,f1,0.0,0.0,0.0,1.0,20
size_down_minus_all_large,depth,size_down_samefam,homog_large_matched,,heldout,secondary,2,f1,0.0,0.0,0.0,1.0,20
size_down_minus_all_large,depth,size_down_samefam,homog_large_matched,,heldout,secondary,3,f1,0.0,0.0,0.0,1.0,20
size_down_minus_all_large,depth,size_down_samefam,homog_large_matched,,heldout,secondary,4,f1,-0.1,-0.25,0.0,0.2664,20
size_down_minus_all_large,depth,size_down_samefam,homog_large_matched,,heldout,secondary,5,f1,-0.075,-0.25,0.05,0.4134,20
size_down_minus_all_large,depth,size_down_samefam,homog_large_matched,,heldout,secondary,6,f1,-0.05,-0.15,0.0,0.6308,20
size_down_minus_all_large,depth,size_down_samefam,homog_large_matched,,heldout,secondary,1,judge_correct,0.0,0.0,0.0,1.0,20
size_down_minus_all_large,depth,size_down_samefam,homog_large_matched,,heldout,secondary,2,judge_correct,0.0,0.0,0.0,1.0,20
size_down_minus_all_large,depth,size_down_samefam,homog_large_matched,,heldout,secondary,3,judge_correct,0.0,0.0,0.0,1.0,20
size_down_minus_all_large,depth,size_down_samefam,homog_large_matched,,heldout,secondary,4,judge_correct,-0.05,-0.15,0.0,0.6252,20
size_down_minus_all_large,depth,size_down_samefam,homog_large_matched,,heldout,secondary,5,judge_correct,-0.05,-0.15,0.0,0.6252,20
size_down_minus_all_large,depth,size_down_samefam,homog_large_matched,,heldout,secondary,6,judge_correct,0.05,0.0,0.15,0.6186,20
size_alt_minus_all_small,depth,size_alt_samefam,homog_small_matched,,target,primary,1,em,0.0,0.0,0.0,1.0,20
size_alt_minus_all_small,depth,size_alt_samefam,homog_small_matched,,target,primary,2,em,0.1,0.0,0.25,0.2589,20
size_alt_minus_all_small,depth,size_alt_samefam,homog_small_matched,,target,primary,3,em,-0.05,-0.2,0.1,0.7646,20
size_alt_minus_all_small,depth,size_alt_samefam,homog_small_matched,,target,primary,4,em,0.0,-0.15,0.15,1.0,20
size_alt_minus_all_small,depth,size_alt_samefam,homog_small_matched,,target,primary,5,em,0.0,-0.15,0.15,1.0,20
size_alt_minus_all_small,depth,size_alt_samefam,homog_small_matched,,target,primary,6,em,-0.05,-0.2,0.1,0.77,20
size_alt_minus_all_small,depth,size_alt_samefam,homog_small_matched,,target,primary,1,f1,0.0,0.0,0.0,1.0,20
size_alt_minus_all_small,depth,size_alt_samefam,homog_small_matched,,target,primary,2,f1,0.0975,0.0,0.22750000000000004,0.1064,20
size_alt_minus_all_small,depth,size_alt_samefam,homog_small_matched,,target,primary,3,f1,0.0066666666666666706,-0.14666666666666667,0.1641874999999997,0.9322,20
size_alt_minus_all_small,depth,size_alt_samefam,homog_small_matched,,target,primary,4,f1,-0.0033333333333333327,-0.15999999999999998,0.16,0.967,20
size_alt_minus_all_small,depth,size_alt_samefam,homog_small_matched,,target,primary,5,f1,0.05166666666666668,-0.034999999999999996,0.1775,0.3517,20
size_alt_minus_all_small,depth,size_alt_samefam,homog_small_matched,,target,primary,6,f1,-0.005833333333333329,-0.15,0.1441666666666667,0.8963,20
size_alt_minus_all_small,depth,size_alt_samefam,homog_small_matched,,target,primary,1,judge_correct,0.0,0.0,0.0,1.0,20
size_alt_minus_all_small,depth,size_alt_samefam,homog_small_matched,,target,primary,2,judge_correct,0.1,0.0,0.25,0.2579,20
size_alt_minus_all_small,depth,size_alt_samefam,homog_small_matched,,target,primary,3,judge_correct,0.05,-0.1,0.25,0.7582,20
size_alt_minus_all_small,depth,size_alt_samefam,homog_small_matched,,target,primary,4,judge_correct,0.05,-0.1,0.25,0.7582,20
size_alt_minus_all_small,depth,size_alt_samefam,homog_small_matched,,target,primary,5,judge_correct,0.0,-0.15,0.15,1.0,20
size_alt_minus_all_small,depth,size_alt_samefam,homog_small_matched,,target,primary,6,judge_correct,0.0,-0.15,0.15,1.0,20
size_alt_minus_all_small,depth,size_alt_samefam,homog_small_matched,,target,secondary,1,em,0.0,0.0,0.0,1.0,20
size_alt_minus_all_small,depth,size_alt_samefam,homog_small_matched,,target,secondary,2,em,0.15,0.0,0.3,0.1069,20
size_alt_minus_all_small,depth,size_alt_samefam,homog_small_matched,,target,secondary,3,em,0.05,0.0,0.15,0.6256,20
size_alt_minus_all_small,depth,size_alt_samefam,homog_small_matched,,target,secondary,4,em,0.0,-0.15,0.15,1.0,20
size_alt_minus_all_small,depth,size_alt_samefam,homog_small_matched,,target,secondary,5,em,-0.05,-0.2,0.1,0.7661,20
size_alt_minus_all_small,depth,size_alt_samefam,homog_small_matched,,target,secondary,6,em,-0.05,-0.2,0.1,0.7661,20
size_alt_minus_all_small,depth,size_alt_samefam,homog_small_matched,,target,secondary,1,f1,0.0,0.0,0.0,1.0,20
size_alt_minus_all_small,depth,size_alt_samefam,homog_small_matched,,target,secondary,2,f1,0.14750000000000002,0.025,0.3,0.0325,20
size_alt_minus_all_small,depth,size_alt_samefam,homog_small_matched,,target,secondary,3,f1,0.05500000000000001,0.0,0.16,0.2509,20
size_alt_minus_all_small,depth,size_alt_samefam,homog_small_matched,,target,secondary,4,f1,0.042499999999999996,-0.027500000000000017,0.155,0.5019,20
size_alt_minus_all_small,depth,size_alt_samefam,homog_small_matched,,target,secondary,5,f1,0.027499999999999997,-0.047500000000000014,0.15,0.6305,20
size_alt_minus_all_small,depth,size_alt_samefam,homog_small_matched,,target,secondary,6,f1,0.027499999999999997,-0.047500000000000014,0.15,0.6305,20
size_alt_minus_all_small,depth,size_alt_samefam,homog_small_matched,,target,secondary,1,judge_correct,0.0,0.0,0.0,1.0,20
size_alt_minus_all_small,depth,size_alt_samefam,homog_small_matched,,target,secondary,2,judge_correct,0.15,0.0,0.3,0.1089,20
size_alt_minus_all_small,depth,size_alt_samefam,homog_small_matched,,target,secondary,3,judge_correct,0.05,0.0,0.15,0.6256,20
size_alt_minus_all_small,depth,size_alt_samefam,homog_small_matched,,target,secondary,4,judge_correct,0.05,0.0,0.15,0.6256,20
size_alt_minus_all_small,depth,size_alt_samefam,homog_small_matched,,target,secondary,5,judge_correct,0.0,-0.15,0.15,1.0,20
size_alt_minus_all_small,depth,size_alt_samefam,homog_small_matched,,target,secondary,6,judge_correct,0.05,0.0,0.15,0.6256,20
size_alt_minus_all_small,depth,size_alt_samefam,homog_small_matched,,heldout,primary,1,em,0.0,0.0,0.0,1.0,20
size_alt_minus_all_small,depth,size_alt_samefam,homog_small_matched,,heldout,primary,2,em,0.0,-0.15,0.15,1.0,20
size_alt_minus_all_small,depth,size_alt_samefam,homog_small_matched,,heldout,primary,3,em,0.05,0.0,0.15,0.6207,20
size_alt_minus_all_small,depth,size_alt_samefam,homog_small_matched,,heldout,primary,4,em,0.05,0.0,0.15,0.621,20
size_alt_minus_all_small,depth,size_alt_samefam,homog_small_matched,,heldout,primary,5,em,-0.1,-0.25,0.0,0.2532,20
size_alt_minus_all_small,depth,size_alt_samefam,homog_small_matched,,heldout,primary,6,em,0.0,-0.15,0.15,1.0,20
size_alt_minus_all_small,depth,size_alt_samefam,homog_small_matched,,heldout,primary,1,f1,0.0,0.0,0.0,1.0,20
size_alt_minus_all_small,depth,size_alt_samefam,homog_small_matched,,heldout,primary,2,f1,-0.025,-0.175,0.125,0.8766,20
size_alt_minus_all_small,depth,size_alt_samefam,homog_small_matched,,heldout,primary,3,f1,0.05,-0.05,0.175,0.5417,20
size_alt_minus_all_small,depth,size_alt_samefam,homog_small_matched,,heldout,primary,4,f1,0.05,0.0,0.15,0.621,20
size_alt_minus_all_small,depth,size_alt_samefam,homog_small_matched,,heldout,primary,5,f1,-0.0393939393939394,-0.17272727272727273,0.07575757575757573,0.5313,20
size_alt_minus_all_small,depth,size_alt_samefam,homog_small_matched,,heldout,primary,6,f1,0.05227272727272727,-0.045454545454545456,0.17727272727272728,0.3281,20
size_alt_minus_all_small,depth,size_alt_samefam,homog_small_matched,,heldout,primary,1,judge_correct,0.0,0.0,0.0,1.0,20
size_alt_minus_all_small,depth,size_alt_samefam,homog_small_matched,,heldout,primary,2,judge_correct,0.0,-0.15,0.15,1.0,20
size_alt_minus_all_small,depth,size_alt_samefam,homog_small_matched,,heldout,primary,3,judge_correct,0.0,-0.15,0.15,1.0,20
size_alt_minus_all_small,depth,size_alt_samefam,homog_small_matched,,heldout,primary,4,judge_correct,0.05,0.0,0.15,0.621,20
size_alt_minus_all_small,depth,size_alt_samefam,homog_small_matched,,heldout,primary,5,judge_correct,-0.05,-0.15,0.0,0.6197,20
size_alt_minus_all_small,depth,size_alt_samefam,homog_small_matched,,heldout,primary,6,judge_correct,0.05,0.0,0.15,0.6221,20
size_alt_minus_all_small,depth,size_alt_samefam,homog_small_matched,,heldout,secondary,1,em,0.0,0.0,0.0,1.0,20
size_alt_minus_all_small,depth,size_alt_samefam,homog_small_matched,,heldout,secondary,2,em,-0.1,-0.25,0.0,0.2496,20
size_alt_minus_all_small,depth,size_alt_samefam,homog_small_matched,,heldout,secondary,3,em,0.0,-0.2,0.2,1.0,20
size_alt_minus_all_small,depth,size_alt_samefam,homog_small_matched,,heldout,secondary,4,em,0.0,0.0,0.0,1.0,20
size_alt_minus_all_small,depth,size_alt_samefam,homog_small_matched,,heldout,secondary,5,em,-0.1,-0.25,0.0,0.2496,20
size_alt_minus_all_small,depth,size_alt_samefam,homog_small_matched,,heldout,secondary,6,em,0.0,-0.15,0.15,1.0,20
size_alt_minus_all_small,depth,size_alt_samefam,homog_small_matched,,heldout,secondary,1,f1,0.0,0.0,0.0,1.0,20
size_alt_minus_all_small,depth,size_alt_samefam,homog_small_matched,,heldout,secondary,2,f1,-0.1,-0.25,0.0,0.2496,20
size_alt_minus_all_small,depth,size_alt_samefam,homog_small_matched,,heldout,secondary,3,f1,-0.03333333333333333,-0.2,0.13333333333333336,0.7452,20
size_alt_minus_all_small,depth,size_alt_samefam,homog_small_matched,,heldout,secondary,4,f1,0.0,0.0,0.0,1.0,20
size_alt_minus_all_small,depth,size_alt_samefam,homog_small_matched,,heldout,secondary,5,f1,-0.1,-0.25,0.0,0.2496,20
size_alt_minus_all_small,depth,size_alt_samefam,homog_small_matched,,heldout,secondary,6,f1,0.0,-0.15,0.15,1.0,20
size_alt_minus_all_small,depth,size_alt_samefam,homog_small_matched,,heldout,secondary,1,judge_correct,0.0,0.0,0.0,1.0,20
size_alt_minus_all_small,depth,size_alt_samefam,homog_small_matched,,heldout,secondary,2,judge_correct,-0.1,-0.25,0.0,0.2496,20
size_alt_minus_all_small,depth,size_alt_samefam,homog_small_matched,,heldout,secondary,3,judge_correct,0.0,-0.2,0.2,1.0,20
size_alt_minus_all_small,depth,size_alt_samefam,homog_small_matched,,heldout,secondary,4,judge_correct,0.0,0.0,0.0,1.0,20
size_alt_minus_all_small,depth,size_alt_samefam,homog_small_matched,,heldout,secondary,5,judge_correct,-0.1,-0.25,0.0,0.2496,20
size_alt_minus_all_small,depth,size_alt_samefam,homog_small_matched,,heldout,secondary,6,judge_correct,0.0,-0.15,0.15,1.0,20
size_alt_minus_all_large,depth,size_alt_samefam,homog_large_matched,,target,primary,1,em,-0.25,-0.45,-0.05,0.0172,20
size_alt_minus_all_large,depth,size_alt_samefam,homog_large_matched,,target,primary,2,em,-0.15,-0.4,0.1,0.3248,20
size_alt_minus_all_large,depth,size_alt_samefam,homog_large_matched,,target,primary,3,em,-0.15,-0.35,0.05,0.2326,20
size_alt_minus_all_large,depth,size_alt_samefam,homog_large_matched,,target,primary,4,em,-0.2,-0.45,0.0,0.1235,20
size_alt_minus_all_large,depth,size_alt_samefam,homog_large_matched,,target,primary,5,em,-0.1,-0.3,0.1,0.4369,20
size_alt_minus_all_large,depth,size_alt_samefam,homog_large_matched,,target,primary,6,em,-0.05,-0.2,0.1,0.7645,20
size_alt_minus_all_large,depth,size_alt_samefam,homog_large_matched,,target,primary,1,f1,-0.2,-0.4,-0.02,0.0498,20
size_alt_minus_all_large,depth,size_alt_samefam,homog_large_matched,,target,primary,2,f1,-0.13833333333333334,-0.30452380952380953,0.013333333333333336,0.0887,20
size_alt_minus_all_large,depth,size_alt_samefam,homog_large_matched,,target,primary,3,f1,-0.16297619047619047,-0.335,-0.004999999999999993,0.0528,20
size_alt_minus_all_large,depth,size_alt_samefam,homog_large_matched,,target,primary,4,f1,-0.17547619047619048,-0.375,0.015000000000000008,0.0738,20
size_alt_minus_all_large,depth,size_alt_samefam,homog_large_matched,,target,primary,5,f1,-0.13393772893772893,-0.2796703296703297,-0.010952380952380953,0.0531,20
size_alt_minus_all_large,depth,size_alt_samefam,homog_large_matched,,target,primary,6,f1,-0.18671550671550668,-0.35193177655677643,-0.035753968253968246,0.0181,20
size_alt_minus_all_large,depth,size_alt_samefam,homog_large_matched,,target,primary,1,judge_correct,-0.1,-0.3,0.1,0.4316,20
size_alt_minus_all_large,depth,size_alt_samefam,homog_large_matched,,target,primary,2,judge_correct,-0.05,-0.15,0.0,0.6257,20
size_alt_minus_all_large,depth,size_alt_samefam,homog_large_matched,,target,primary,3,judge_correct,-0.05,-0.2,0.1,0.7641,20
size_alt_minus_all_large,depth,size_alt_samefam,homog_large_matched,,target,primary,4,judge_correct,-0.05,-0.2,0.1,0.7641,20
size_alt_minus_all_large,depth,size_alt_samefam,homog_large_matched,,target,primary,5,judge_correct,-0.15,-0.3,0.0,0.1052,20
size_alt_minus_all_large,depth,size_alt_samefam,homog_large_matched,,target,primary,6,judge_correct,-0.15,-0.3,0.0,0.1052,20
size_alt_minus_all_large,depth,size_alt_samefam,homog_large_matched,,target,secondary,1,em,-0.25,-0.45,-0.1,0.016,20
size_alt_minus_all_large,depth,size_alt_samefam,homog_large_matched,,target,secondary,2,em,-0.1,-0.25,0.0,0.2523,20
size_alt_minus_all_large,depth,size_alt_samefam,homog_large_matched,,target,secondary,3,em,-0.1,-0.3,0.1,0.4373,20
size_alt_minus_all_large,depth,size_alt_samefam,homog_large_matched,,target,secondary,4,em,-0.1,-0.25,0.0,0.2571,20
size_alt_minus_all_large,depth,size_alt_samefam,homog_large_matched,,target,secondary,5,em,-0.05,-0.2,0.1,0.7658,20
size_alt_minus_all_large,depth,size_alt_samefam,homog_large_matched,,target,secondary,6,em,-0.1,-0.25,0.0,0.2571,20
size_alt_minus_all_large,depth,size_alt_samefam,homog_large_matched,,target,secondary,1,f1,-0.19,-0.36,-0.049999999999999996,0.0215,20
size_alt_minus_all_large,depth,size_alt_samefam,homog_large_matched,,target,secondary,2,f1,-0.1025,-0.265,0.024999999999999994,0.1606,20
size_alt_minus_all_large,depth,size_alt_samefam,homog_large_matched,,target,secondary,3,f1,-0.1575,-0.3375,-0.007499999999999995,0.0607,20
size_alt_minus_all_large,depth,size_alt_samefam,homog_large_matched,,target,secondary,4,f1,-0.12,-0.275,0.004999999999999999,0.1091,20
size_alt_minus_all_large,depth,size_alt_samefam,homog_large_matched,,target,secondary,5,f1,-0.14535714285714288,-0.3004107142857138,-0.013214285714285711,0.0494,20
size_alt_minus_all_large,depth,size_alt_samefam,homog_large_matched,,target,secondary,6,f1,-0.1525,-0.305,-0.025,0.0417,20
size_alt_minus_all_large,depth,size_alt_samefam,homog_large_matched,,target,secondary,1,judge_correct,-0.1,-0.25,0.0,0.2508,20
size_alt_minus_all_large,depth,size_alt_samefam,homog_large_matched,,target,secondary,2,judge_correct,0.0,-0.15,0.15,1.0,20
size_alt_minus_all_large,depth,size_alt_samefam,homog_large_matched,,target,secondary,3,judge_correct,-0.1,-0.25,0.0,0.2571,20
size_alt_minus_all_large,depth,size_alt_samefam,homog_large_matched,,target,secondary,4,judge_correct,-0.1,-0.25,0.0,0.2571,20
size_alt_minus_all_large,depth,size_alt_samefam,homog_large_matched,,target,secondary,5,judge_correct,-0.2,-0.4,-0.05,0.0473,20
size_alt_minus_all_large,depth,size_alt_samefam,homog_large_matched,,target,secondary,6,judge_correct,-0.2,-0.4,-0.05,0.0473,20
size_alt_minus_all_large,depth,size_alt_samefam,homog_large_matched,,heldout,primary,1,em,-0.15,-0.3012499999999889,0.0,0.1139,20
size_alt_minus_all_large,depth,size_alt_samefam,homog_large_matched,,heldout,primary,2,em,-0.05,-0.25,0.15,0.8189,20
size_alt_minus_all_large,depth,size_alt_samefam,homog_large_matched,,heldout,primary,3,em,0.1,-0.1,0.3,0.4246,20
size_alt_minus_all_large,depth,size_alt_samefam,homog_large_matched,,heldout,primary,4,em,-0.1,-0.3,0.1,0.4282,20
size_alt_minus_all_large,depth,size_alt_samefam,homog_large_matched,,heldout,primary,5,em,-0.1,-0.3,0.1,0.4287,20
size_alt_minus_all_large,depth,size_alt_samefam,homog_large_matched,,heldout,primary,6,em,-0.05,-0.25,0.15,0.8167,20
size_alt_minus_all_large,depth,size_alt_samefam,homog_large_matched,,heldout,primary,1,f1,-0.15634920634920638,-0.33333333333333337,-0.01111111111111111,0.0477,20
size_alt_minus_all_large,depth,size_alt_samefam,homog_large_matched,,heldout,primary,2,f1,-0.045238095238095244,-0.25,0.15952380952380948,0.8059,20
size_alt_minus_all_large,depth,size_alt_samefam,homog_large_matched,,heldout,primary,3,f1,0.07476190476190477,-0.10500000000000001,0.26476190476190475,0.4476,20
size_alt_minus_all_large,depth,size_alt_samefam,homog_large_matched,,heldout,primary,4,f1,-0.09523809523809525,-0.29523809523809524,0.1,0.4208,20
size_alt_minus_all_large,depth,size_alt_samefam,homog_large_matched,,heldout,primary,5,f1,-0.06796536796536798,-0.24523809523809526,0.10476190476190475,0.4694,20
size_alt_minus_all_large,depth,size_alt_samefam,homog_large_matched,,heldout,primary,6,f1,-0.05629870129870129,-0.26195183982683945,0.14097402597402597,0.5846,20
size_alt_minus_all_large,depth,size_alt_samefam,homog_large_matched,,heldout,primary,1,judge_correct,-0.2,-0.45,0.05,0.1904,20
size_alt_minus_all_large,depth,size_alt_samefam,homog_large_matched,,heldout,primary,2,judge_correct,-0.05,-0.35,0.25,0.873,20
size_alt_minus_all_large,depth,size_alt_samefam,homog_large_matched,,heldout,primary,3,judge_correct,-0.05,-0.35,0.25,0.8728,20
size_alt_minus_all_large,depth,size_alt_samefam,homog_large_matched,,heldout,primary,4,judge_correct,-0.05,-0.3,0.2,0.8487,20
size_alt_minus_all_large,depth,size_alt_samefam,homog_large_matched,,heldout,primary,5,judge_correct,0.0,-0.25,0.25,1.0,20
size_alt_minus_all_large,depth,size_alt_samefam,homog_large_matched,,heldout,primary,6,judge_correct,-0.05,-0.35,0.25,0.8684,20
size_alt_minus_all_large,depth,size_alt_samefam,homog_large_matched,,heldout,secondary,1,em,-0.1,-0.25,0.0,0.2591,20
size_alt_minus_all_large,depth,size_alt_samefam,homog_large_matched,,heldout,secondary,2,em,-0.2,-0.4,-0.05,0.0444,20
size_alt_minus_all_large,depth,size_alt_samefam,homog_large_matched,,heldout,secondary,3,em,-0.15,-0.35,0.05,0.2337,20
size_alt_minus_all_large,depth,size_alt_samefam,homog_large_matched,,heldout,secondary,4,em,-0.25,-0.45,-0.1,0.0176,20
size_alt_minus_all_large,depth,size_alt_samefam,homog_large_matched,,heldout,secondary,5,em,-0.25,-0.45,-0.1,0.0186,20
size_alt_minus_all_large,depth,size_alt_samefam,homog_large_matched,,heldout,secondary,6,em,-0.2,-0.45,0.0,0.1239,20
size_alt_minus_all_large,depth,size_alt_samefam,homog_large_matched,,heldout,secondary,1,f1,-0.125,-0.275,0.0,0.1053,20
size_alt_minus_all_large,depth,size_alt_samefam,homog_large_matched,,heldout,secondary,2,f1,-0.175,-0.35,-0.025,0.0465,20
size_alt_minus_all_large,depth,size_alt_samefam,homog_large_matched,,heldout,secondary,3,f1,-0.1869047619047619,-0.36904761904761907,-0.03333333333333333,0.033,20
size_alt_minus_all_large,depth,size_alt_samefam,homog_large_matched,,heldout,secondary,4,f1,-0.25357142857142856,-0.45,-0.1,0.0059,20
size_alt_minus_all_large,depth,size_alt_samefam,homog_large_matched,,heldout,secondary,5,f1,-0.2785714285714286,-0.47857142857142854,-0.1,0.0037,20
size_alt_minus_all_large,depth,size_alt_samefam,homog_large_matched,,heldout,secondary,6,f1,-0.20357142857142857,-0.425,0.0,0.0678,20
size_alt_minus_all_large,depth,size_alt_samefam,homog_large_matched,,heldout,secondary,1,judge_correct,-0.2,-0.40124999999998895,0.0,0.119,20
size_alt_minus_all_large,depth,size_alt_samefam,homog_large_matched,,heldout,secondary,2,judge_correct,-0.2,-0.45,0.0,0.1254,20
size_alt_minus_all_large,depth,size_alt_samefam,homog_large_matched,,heldout,secondary,3,judge_correct,-0.1,-0.35,0.15,0.5314,20
size_alt_minus_all_large,depth,size_alt_samefam,homog_large_matched,,heldout,secondary,4,judge_correct,-0.15,-0.35,0.05,0.2427,20
size_alt_minus_all_large,depth,size_alt_samefam,homog_large_matched,,heldout,secondary,5,judge_correct,-0.2,-0.45,0.0,0.1268,20
size_alt_minus_all_large,depth,size_alt_samefam,homog_large_matched,,heldout,secondary,6,judge_correct,-0.1,-0.35,0.15,0.5364,20
size_up_minus_down_samefam,depth,size_up_samefam,size_down_samefam,,target,primary,1,em,-0.25,-0.45,-0.05,0.0172,20
size_up_minus_down_samefam,depth,size_up_samefam,size_down_samefam,,target,primary,2,em,-0.25,-0.5,0.05,0.1046,20
size_up_minus_down_samefam,depth,size_up_samefam,size_down_samefam,,target,primary,3,em,-0.1,-0.35,0.15,0.5336,20
size_up_minus_down_samefam,depth,size_up_samefam,size_down_samefam,,target,primary,4,em,0.1,-0.15,0.35,0.5262,20
size_up_minus_down_samefam,depth,size_up_samefam,size_down_samefam,,target,primary,5,em,0.05,-0.2,0.3,0.8508,20
size_up_minus_down_samefam,depth,size_up_samefam,size_down_samefam,,target,primary,6,em,0.05,-0.15,0.25,0.819,20
size_up_minus_down_samefam,depth,size_up_samefam,size_down_samefam,,target,primary,1,f1,-0.2,-0.4,-0.02,0.0498,20
size_up_minus_down_samefam,depth,size_up_samefam,size_down_samefam,,target,primary,2,f1,-0.23583333333333328,-0.42107142857142854,-0.05714285714285714,0.0115,20
size_up_minus_down_samefam,depth,size_up_samefam,size_down_samefam,,target,primary,3,f1,-0.16964285714285715,-0.37797619047619047,0.02023809523809525,0.0978,20
size_up_minus_down_samefam,depth,size_up_samefam,size_down_samefam,,target,primary,4,f1,-0.022142857142857138,-0.21562499999999973,0.16238095238095238,0.8139,20
size_up_minus_down_samefam,depth,size_up_samefam,size_down_samefam,,target,primary,5,f1,-0.11916666666666667,-0.32167559523809514,0.08334226190476178,0.247,20
size_up_minus_down_samefam,depth,size_up_samefam,size_down_samefam,,target,primary,6,f1,-0.11499999999999999,-0.31738392857142855,0.08251190476190458,0.2592,20
size_up_minus_down_samefam,depth,size_up_samefam,size_down_samefam,,target,primary,1,judge_correct,-0.1,-0.3,0.1,0.4316,20
size_up_minus_down_samefam,depth,size_up_samefam,size_down_samefam,,target,primary,2,judge_correct,-0.15,-0.3,0.0,0.1088,20
size_up_minus_down_samefam,depth,size_up_samefam,size_down_samefam,,target,primary,3,judge_correct,-0.1,-0.25,0.0,0.249,20
size_up_minus_down_samefam,depth,size_up_samefam,size_down_samefam,,target,primary,4,judge_correct,-0.05,-0.2,0.1,0.7583,20
size_up_minus_down_samefam,depth,size_up_samefam,size_down_samefam,,target,primary,5,judge_correct,-0.1,-0.3,0.1,0.4277,20
size_up_minus_down_samefam,depth,size_up_samefam,size_down_samefam,,target,primary,6,judge_correct,-0.1,-0.3,0.1,0.4277,20
size_up_minus_down_samefam,depth,size_up_samefam,size_down_samefam,,target,secondary,1,em,-0.25,-0.45,-0.1,0.016,20
size_up_minus_down_samefam,depth,size_up_samefam,size_down_samefam,,target,secondary,2,em,-0.25,-0.45,-0.1,0.0164,20
size_up_minus_down_samefam,depth,size_up_samefam,size_down_samefam,,target,secondary,3,em,-0.15,-0.35,0.05,0.2362,20
size_up_minus_down_samefam,depth,size_up_samefam,size_down_samefam,,target,secondary,4,em,0.0,-0.2,0.2,1.0,20
size_up_minus_down_samefam,depth,size_up_samefam,size_down_samefam,,target,secondary,5,em,0.05,-0.15,0.25,0.8202,20
size_up_minus_down_samefam,depth,size_up_samefam,size_down_samefam,,target,secondary,6,em,0.05,-0.15,0.25,0.8202,20
size_up_minus_down_samefam,depth,size_up_samefam,size_down_samefam,,target,secondary,1,f1,-0.19,-0.36,-0.049999999999999996,0.0215,20
size_up_minus_down_samefam,depth,size_up_samefam,size_down_samefam,,target,secondary,2,f1,-0.25,-0.425,-0.1,0.0068,20
size_up_minus_down_samefam,depth,size_up_samefam,size_down_samefam,,target,secondary,3,f1,-0.2125,-0.4,-0.049999999999999975,0.0241,20
size_up_minus_down_samefam,depth,size_up_samefam,size_down_samefam,,target,secondary,4,f1,-0.07749999999999999,-0.2625,0.1,0.4008,20
size_up_minus_down_samefam,depth,size_up_samefam,size_down_samefam,,target,secondary,5,f1,-0.10285714285714284,-0.29607142857142854,0.08,0.2788,20
size_up_minus_down_samefam,depth,size_up_samefam,size_down_samefam,,target,secondary,6,f1,-0.10285714285714284,-0.29607142857142854,0.08,0.2788,20
size_up_minus_down_samefam,depth,size_up_samefam,size_down_samefam,,target,secondary,1,judge_correct,-0.1,-0.25,0.0,0.2508,20
size_up_minus_down_samefam,depth,size_up_samefam,size_down_samefam,,target,secondary,2,judge_correct,-0.15,-0.3,0.0,0.109,20
size_up_minus_down_samefam,depth,size_up_samefam,size_down_samefam,,target,secondary,3,judge_correct,-0.15,-0.3,0.0,0.109,20
size_up_minus_down_samefam,depth,size_up_samefam,size_down_samefam,,target,secondary,4,judge_correct,-0.1,-0.3,0.1,0.4331,20
size_up_minus_down_samefam,depth,size_up_samefam,size_down_samefam,,target,secondary,5,judge_correct,-0.15,-0.35,0.05,0.236,20
size_up_minus_down_samefam,depth,size_up_samefam,size_down_samefam,,target,secondary,6,judge_correct,-0.15,-0.35,0.05,0.236,20
size_up_minus_down_samefam,depth,size_up_samefam,size_down_samefam,,heldout,primary,1,em,-0.15,-0.3012499999999889,0.0,0.1139,20
size_up_minus_down_samefam,depth,size_up_samefam,size_down_samefam,,heldout,primary,2,em,-0.05,-0.25,0.15,0.8167,20
size_up_minus_down_samefam,depth,size_up_samefam,size_down_samefam,,heldout,primary,3,em,0.05,-0.1,0.2,0.7573,20
size_up_minus_down_samefam,depth,size_up_samefam,size_down_samefam,,heldout,primary,4,em,0.0,-0.15,0.15,1.0,20
size_up_minus_down_samefam,depth,size_up_samefam,size_down_samefam,,heldout,primary,5,em,0.0,-0.2,0.2,1.0,20
size_up_minus_down_samefam,depth,size_up_samefam,size_down_samefam,,heldout,primary,6,em,0.05,-0.15,0.25,0.8185,20
size_up_minus_down_samefam,depth,size_up_samefam,size_down_samefam,,heldout,primary,1,f1,-0.15634920634920638,-0.33333333333333337,-0.01111111111111111,0.0477,20
size_up_minus_down_samefam,depth,size_up_samefam,size_down_samefam,,heldout,primary,2,f1,-0.020238095238095243,-0.22023809523809526,0.17976190476190473,0.9024,20
size_up_minus_down_samefam,depth,size_up_samefam,size_down_samefam,,heldout,primary,3,f1,0.024761904761904756,-0.12047619047619049,0.16999999999999998,0.7454,20
size_up_minus_down_samefam,depth,size_up_samefam,size_down_samefam,,heldout,primary,4,f1,-0.022510822510822516,-0.14523809523809525,0.06818181818181819,0.7739,20
size_up_minus_down_samefam,depth,size_up_samefam,size_down_samefam,,heldout,primary,5,f1,-0.028571428571428574,-0.2,0.1380952380952381,0.7617,20
size_up_minus_down_samefam,depth,size_up_samefam,size_down_samefam,,heldout,primary,6,f1,-0.005844155844155846,-0.18917748917748917,0.1668831168831169,0.9494,20
size_up_minus_down_samefam,depth,size_up_samefam,size_down_samefam,,heldout,primary,1,judge_correct,-0.2,-0.45,0.05,0.1904,20
size_up_minus_down_samefam,depth,size_up_samefam,size_down_samefam,,heldout,primary,2,judge_correct,-0.05,-0.35,0.25,0.8652,20
size_up_minus_down_samefam,depth,size_up_samefam,size_down_samefam,,heldout,primary,3,judge_correct,-0.05,-0.3,0.2,0.8476,20
size_up_minus_down_samefam,depth,size_up_samefam,size_down_samefam,,heldout,primary,4,judge_correct,-0.05,-0.25,0.15,0.8255,20
size_up_minus_down_samefam,depth,size_up_samefam,size_down_samefam,,heldout,primary,5,judge_correct,0.0,-0.25,0.25,1.0,20
size_up_minus_down_samefam,depth,size_up_samefam,size_down_samefam,,heldout,primary,6,judge_correct,0.0,-0.2512499999999889,0.3,1.0,20
size_up_minus_down_samefam,depth,size_up_samefam,size_down_samefam,,heldout,secondary,1,em,-0.1,-0.25,0.0,0.2591,20
size_up_minus_down_samefam,depth,size_up_samefam,size_down_samefam,,heldout,secondary,2,em,-0.1,-0.3,0.1,0.4331,20
size_up_minus_down_samefam,depth,size_up_samefam,size_down_samefam,,heldout,secondary,3,em,-0.15,-0.3,0.0,0.1068,20
size_up_minus_down_samefam,depth,size_up_samefam,size_down_samefam,,heldout,secondary,4,em,-0.2,-0.4,-0.05,0.045,20
size_up_minus_down_samefam,depth,size_up_samefam,size_down_samefam,,heldout,secondary,5,em,-0.15,-0.35,0.05,0.2362,20
size_up_minus_down_samefam,depth,size_up_samefam,size_down_samefam,,heldout,secondary,6,em,-0.2,-0.4,-0.05,0.045,20
size_up_minus_down_samefam,depth,size_up_samefam,size_down_samefam,,heldout,secondary,1,f1,-0.125,-0.275,0.0,0.1053,20
size_up_minus_down_samefam,depth,size_up_samefam,size_down_samefam,,heldout,secondary,2,f1,-0.075,-0.25,0.1,0.4835,20
size_up_minus_down_samefam,depth,size_up_samefam,size_down_samefam,,heldout,secondary,3,f1,-0.15357142857142858,-0.3071428571428571,-0.028571428571428574,0.0348,20
size_up_minus_down_samefam,depth,size_up_samefam,size_down_samefam,,heldout,secondary,4,f1,-0.20357142857142857,-0.37857142857142856,-0.05,0.0153,20
size_up_minus_down_samefam,depth,size_up_samefam,size_down_samefam,,heldout,secondary,5,f1,-0.2119047619047619,-0.40714285714285714,-0.04523809523809524,0.0242,20
size_up_minus_down_samefam,depth,size_up_samefam,size_down_samefam,,heldout,secondary,6,f1,-0.20357142857142857,-0.37857142857142856,-0.05,0.0153,20
size_up_minus_down_samefam,depth,size_up_samefam,size_down_samefam,,heldout,secondary,1,judge_correct,-0.2,-0.40124999999998895,0.0,0.119,20
size_up_minus_down_samefam,depth,size_up_samefam,size_down_samefam,,heldout,secondary,2,judge_correct,-0.1,-0.3,0.1,0.4383,20
size_up_minus_down_samefam,depth,size_up_samefam,size_down_samefam,,heldout,secondary,3,judge_correct,-0.1,-0.3,0.1,0.4346,20
size_up_minus_down_samefam,depth,size_up_samefam,size_down_samefam,,heldout,secondary,4,judge_correct,-0.15,-0.35,0.05,0.2427,20
size_up_minus_down_samefam,depth,size_up_samefam,size_down_samefam,,heldout,secondary,5,judge_correct,-0.15,-0.4,0.1,0.3316,20
size_up_minus_down_samefam,depth,size_up_samefam,size_down_samefam,,heldout,secondary,6,judge_correct,-0.2,-0.45,0.0,0.1245,20
size_up_minus_down_xfam,depth,size_up_xfam,size_down_xfam,,target,primary,1,em,-0.25,-0.45,-0.05,0.0172,20
size_up_minus_down_xfam,depth,size_up_xfam,size_down_xfam,,target,primary,2,em,-0.35,-0.55,-0.15,0.0019,20
size_up_minus_down_xfam,depth,size_up_xfam,size_down_xfam,,target,primary,3,em,-0.2,-0.45,0.0,0.1163,20
size_up_minus_down_xfam,depth,size_up_xfam,size_down_xfam,,target,primary,4,em,-0.2,-0.4,0.0,0.1171,20
size_up_minus_down_xfam,depth,size_up_xfam,size_down_xfam,,target,primary,5,em,-0.15,-0.35,0.05,0.2298,20
size_up_minus_down_xfam,depth,size_up_xfam,size_down_xfam,,target,primary,6,em,-0.15,-0.35,0.05,0.2289,20
size_up_minus_down_xfam,depth,size_up_xfam,size_down_xfam,,target,primary,1,f1,-0.2,-0.4,-0.02,0.0498,20
size_up_minus_down_xfam,depth,size_up_xfam,size_down_xfam,,target,primary,2,f1,-0.27108058608058616,-0.4583028083028083,-0.10825320512820513,0.002,20
size_up_minus_down_xfam,depth,size_up_xfam,size_down_xfam,,target,primary,3,f1,-0.19561507936507938,-0.3788095238095238,-0.0384717261904762,0.0242,20
size_up_minus_down_xfam,depth,size_up_xfam,size_down_xfam,,target,primary,4,f1,-0.1463095238095238,-0.34666666666666673,0.03952380952380952,0.1425,20
size_up_minus_down_xfam,depth,size_up_xfam,size_down_xfam,,target,primary,5,f1,-0.19214285714285714,-0.38833333333333336,-0.014761904761904771,0.0416,20
size_up_minus_down_xfam,depth,size_up_xfam,size_down_xfam,,target,primary,6,f1,-0.12005952380952381,-0.3,0.04690476190476187,0.1727,20
size_up_minus_down_xfam,depth,size_up_xfam,size_down_xfam,,target,primary,1,judge_correct,-0.1,-0.3,0.1,0.4316,20
size_up_minus_down_xfam,depth,size_up_xfam,size_down_xfam,,target,primary,2,judge_correct,-0.15,-0.3,0.0,0.1034,20
size_up_minus_down_xfam,depth,size_up_xfam,size_down_xfam,,target,primary,3,judge_correct,-0.15,-0.3,0.0,0.1052,20
size_up_minus_down_xfam,depth,size_up_xfam,size_down_xfam,,target,primary,4,judge_correct,-0.1,-0.35,0.15,0.528,20
size_up_minus_down_xfam,depth,size_up_xfam,size_down_xfam,,target,primary,5,judge_correct,-0.1,-0.3,0.1,0.4326,20
size_up_minus_down_xfam,depth,size_up_xfam,size_down_xfam,,target,primary,6,judge_correct,-0.1,-0.3,0.1,0.432,20
size_up_minus_down_xfam,depth,size_up_xfam,size_down_xfam,,target,secondary,1,em,-0.25,-0.45,-0.1,0.016,20
size_up_minus_down_xfam,depth,size_up_xfam,size_down_xfam,,target,secondary,2,em,-0.3,-0.5,-0.1,0.0057,20
size_up_minus_down_xfam,depth,size_up_xfam,size_down_xfam,,target,secondary,3,em,-0.25,-0.5,-0.05,0.0586,20
size_up_minus_down_xfam,depth,size_up_xfam,size_down_xfam,,target,secondary,4,em,-0.25,-0.5,0.0,0.1008,20
size_up_minus_down_xfam,depth,size_up_xfam,size_down_xfam,,target,secondary,5,em,-0.05,-0.25,0.15,0.8209,20
size_up_minus_down_xfam,depth,size_up_xfam,size_down_xfam,,target,secondary,6,em,0.0,-0.25,0.25,1.0,20
size_up_minus_down_xfam,depth,size_up_xfam,size_down_xfam,,target,secondary,1,f1,-0.19,-0.36,-0.049999999999999996,0.0215,20
size_up_minus_down_xfam,depth,size_up_xfam,size_down_xfam,,target,secondary,2,f1,-0.2809615384615385,-0.4638749999999997,-0.125,0.0023,20
size_up_minus_down_xfam,depth,size_up_xfam,size_down_xfam,,target,secondary,3,f1,-0.2572222222222222,-0.44889583333333327,-0.09277777777777778,0.0051,20
size_up_minus_down_xfam,depth,size_up_xfam,size_down_xfam,,target,secondary,4,f1,-0.2302777777777778,-0.44638888888888884,-0.020833333333333353,0.0331,20
size_up_minus_down_xfam,depth,size_up_xfam,size_down_xfam,,target,secondary,5,f1,-0.085,-0.2575,0.06999999999999999,0.312,20
size_up_minus_down_xfam,depth,size_up_xfam,size_down_xfam,,target,secondary,6,f1,-0.045,-0.231708333333333,0.12499999999999997,0.6214,20
size_up_minus_down_xfam,depth,size_up_xfam,size_down_xfam,,target,secondary,1,judge_correct,-0.1,-0.25,0.0,0.2508,20
size_up_minus_down_xfam,depth,size_up_xfam,size_down_xfam,,target,secondary,2,judge_correct,-0.2,-0.4,-0.05,0.0429,20
size_up_minus_down_xfam,depth,size_up_xfam,size_down_xfam,,target,secondary,3,judge_correct,-0.2,-0.4,-0.05,0.0429,20
size_up_minus_down_xfam,depth,size_up_xfam,size_down_xfam,,target,secondary,4,judge_correct,-0.15,-0.35,0.05,0.2373,20
size_up_minus_down_xfam,depth,size_up_xfam,size_down_xfam,,target,secondary,5,judge_correct,-0.1,-0.3,0.1,0.4326,20
size_up_minus_down_xfam,depth,size_up_xfam,size_down_xfam,,target,secondary,6,judge_correct,-0.05,-0.25,0.1,0.7607,20
size_up_minus_down_xfam,depth,size_up_xfam,size_down_xfam,,heldout,primary,1,em,-0.15,-0.3012499999999889,0.0,0.1139,20
size_up_minus_down_xfam,depth,size_up_xfam,size_down_xfam,,heldout,primary,2,em,-0.05,-0.25,0.15,0.8191,20
size_up_minus_down_xfam,depth,size_up_xfam,size_down_xfam,,heldout,primary,3,em,-0.15,-0.35,0.05,0.2468,20
size_up_minus_down_xfam,depth,size_up_xfam,size_down_xfam,,heldout,primary,4,em,-0.1,-0.25,0.0,0.2591,20
size_up_minus_down_xfam,depth,size_up_xfam,size_down_xfam,,heldout,primary,5,em,-0.25,-0.45,-0.05,0.0163,20
size_up_minus_down_xfam,depth,size_up_xfam,size_down_xfam,,heldout,primary,6,em,-0.2,-0.4,0.0,0.1138,20
size_up_minus_down_xfam,depth,size_up_xfam,size_down_xfam,,heldout,primary,1,f1,-0.15634920634920638,-0.33333333333333337,-0.01111111111111111,0.0477,20
size_up_minus_down_xfam,depth,size_up_xfam,size_down_xfam,,heldout,primary,2,f1,-0.06477272727272727,-0.25,0.09772727272727273,0.4649,20
size_up_minus_down_xfam,depth,size_up_xfam,size_down_xfam,,heldout,primary,3,f1,-0.15416666666666667,-0.3375,0.0,0.0815,20
size_up_minus_down_xfam,depth,size_up_xfam,size_down_xfam,,heldout,primary,4,f1,-0.13333333333333333,-0.29166666666666663,0.0,0.0809,20
size_up_minus_down_xfam,depth,size_up_xfam,size_down_xfam,,heldout,primary,5,f1,-0.23522727272727276,-0.42272727272727273,-0.07272727272727272,0.0094,20
size_up_minus_down_xfam,depth,size_up_xfam,size_down_xfam,,heldout,primary,6,f1,-0.20833333333333334,-0.4,-0.03333333333333333,0.0222,20
size_up_minus_down_xfam,depth,size_up_xfam,size_down_xfam,,heldout,primary,1,judge_correct,-0.2,-0.45,0.05,0.1904,20
size_up_minus_down_xfam,depth,size_up_xfam,size_down_xfam,,heldout,primary,2,judge_correct,-0.05,-0.25,0.15,0.8139,20
size_up_minus_down_xfam,depth,size_up_xfam,size_down_xfam,,heldout,primary,3,judge_correct,-0.2,-0.45,0.0,0.1248,20
size_up_minus_down_xfam,depth,size_up_xfam,size_down_xfam,,heldout,primary,4,judge_correct,-0.05,-0.25,0.15,0.8274,20
size_up_minus_down_xfam,depth,size_up_xfam,size_down_xfam,,heldout,primary,5,judge_correct,-0.15,-0.35,0.05,0.233,20
size_up_minus_down_xfam,depth,size_up_xfam,size_down_xfam,,heldout,primary,6,judge_correct,-0.1,-0.35,0.15,0.58,20
size_up_minus_down_xfam,depth,size_up_xfam,size_down_xfam,,heldout,secondary,1,em,-0.1,-0.25,0.0,0.2591,20
size_up_minus_down_xfam,depth,size_up_xfam,size_down_xfam,,heldout,secondary,2,em,-0.05,-0.25,0.15,0.8203,20
size_up_minus_down_xfam,depth,size_up_xfam,size_down_xfam,,heldout,secondary,3,em,0.05,-0.15,0.25,0.8178,20
size_up_minus_down_xfam,depth,size_up_xfam,size_down_xfam,,heldout,secondary,4,em,-0.05,-0.2,0.1,0.7634,20
size_up_minus_down_xfam,depth,size_up_xfam,size_down_xfam,,heldout,secondary,5,em,-0.05,-0.2,0.1,0.7634,20
size_up_minus_down_xfam,depth,size_up_xfam,size_down_xfam,,heldout,secondary,6,em,-0.1,-0.3,0.1,0.436,20
size_up_minus_down_xfam,depth,size_up_xfam,size_down_xfam,,heldout,secondary,1,f1,-0.125,-0.275,0.0,0.1053,20
size_up_minus_down_xfam,depth,size_up_xfam,size_down_xfam,,heldout,secondary,2,f1,-0.07857142857142858,-0.31666666666666665,0.16666666666666666,0.5332,20
size_up_minus_down_xfam,depth,size_up_xfam,size_down_xfam,,heldout,secondary,3,f1,0.00892857142857142,-0.2125,0.2375,0.957,20
size_up_minus_down_xfam,depth,size_up_xfam,size_down_xfam,,heldout,secondary,4,f1,-0.04229797979797979,-0.2,0.10631313131313132,0.6365,20
size_up_minus_down_xfam,depth,size_up_xfam,size_down_xfam,,heldout,secondary,5,f1,-0.0625,-0.2375,0.1,0.4888,20
size_up_minus_down_xfam,depth,size_up_xfam,size_down_xfam,,heldout,secondary,6,f1,-0.1,-0.3,0.1,0.436,20
size_up_minus_down_xfam,depth,size_up_xfam,size_down_xfam,,heldout,secondary,1,judge_correct,-0.2,-0.40124999999998895,0.0,0.119,20
size_up_minus_down_xfam,depth,size_up_xfam,size_down_xfam,,heldout,secondary,2,judge_correct,-0.15,-0.35,0.05,0.24,20
size_up_minus_down_xfam,depth,size_up_xfam,size_down_xfam,,heldout,secondary,3,judge_correct,0.0,-0.2,0.2,1.0,20
size_up_minus_down_xfam,depth,size_up_xfam,size_down_xfam,,heldout,secondary,4,judge_correct,-0.1,-0.3,0.1,0.4389,20
size_up_minus_down_xfam,depth,size_up_xfam,size_down_xfam,,heldout,secondary,5,judge_correct,0.0,-0.15,0.15,1.0,20
size_up_minus_down_xfam,depth,size_up_xfam,size_down_xfam,,heldout,secondary,6,judge_correct,-0.1,-0.3,0.1,0.4389,20
size_alt_minus_up_samefam,depth,size_alt_samefam,size_up_samefam,,target,primary,1,em,0.0,0.0,0.0,1.0,20
size_alt_minus_up_samefam,depth,size_alt_samefam,size_up_samefam,,target,primary,2,em,0.1,0.0,0.25,0.2589,20
size_alt_minus_up_samefam,depth,size_alt_samefam,size_up_samefam,,target,primary,3,em,-0.05,-0.2,0.1,0.7646,20
size_alt_minus_up_samefam,depth,size_alt_samefam,size_up_samefam,,target,primary,4,em,-0.1,-0.3,0.1,0.4327,20
size_alt_minus_up_samefam,depth,size_alt_samefam,size_up_samefam,,target,primary,5,em,0.0,-0.2,0.2,1.0,20
size_alt_minus_up_samefam,depth,size_alt_samefam,size_up_samefam,,target,primary,6,em,-0.05,-0.2,0.1,0.77,20
size_alt_minus_up_samefam,depth,size_alt_samefam,size_up_samefam,,target,primary,1,f1,0.0,0.0,0.0,1.0,20
size_alt_minus_up_samefam,depth,size_alt_samefam,size_up_samefam,,target,primary,2,f1,0.0975,0.0,0.22750000000000004,0.1064,20
size_alt_minus_up_samefam,depth,size_alt_samefam,size_up_samefam,,target,primary,3,f1,0.0066666666666666706,-0.14666666666666667,0.1641874999999997,0.9322,20
size_alt_minus_up_samefam,depth,size_alt_samefam,size_up_samefam,,target,primary,4,f1,-0.010833333333333334,-0.17756249999999943,0.17168749999999972,0.8957,20
size_alt_minus_up_samefam,depth,size_alt_samefam,size_up_samefam,,target,primary,5,f1,0.039999999999999994,-0.05500000000000001,0.175,0.5046,20
size_alt_minus_up_samefam,depth,size_alt_samefam,size_up_samefam,,target,primary,6,f1,0.0066666666666666706,-0.1375,0.155,0.9035,20
size_alt_minus_up_samefam,depth,size_alt_samefam,size_up_samefam,,target,primary,1,judge_correct,0.0,0.0,0.0,1.0,20
size_alt_minus_up_samefam,depth,size_alt_samefam,size_up_samefam,,target,primary,2,judge_correct,0.1,0.0,0.25,0.2579,20
size_alt_minus_up_samefam,depth,size_alt_samefam,size_up_samefam,,target,primary,3,judge_correct,0.05,-0.1,0.25,0.7582,20
size_alt_minus_up_samefam,depth,size_alt_samefam,size_up_samefam,,target,primary,4,judge_correct,0.05,-0.1,0.25,0.7582,20
size_alt_minus_up_samefam,depth,size_alt_samefam,size_up_samefam,,target,primary,5,judge_correct,0.0,-0.15,0.15,1.0,20
size_alt_minus_up_samefam,depth,size_alt_samefam,size_up_samefam,,target,primary,6,judge_correct,0.0,-0.15,0.15,1.0,20
size_alt_minus_up_samefam,depth,size_alt_samefam,size_up_samefam,,target,secondary,1,em,0.0,0.0,0.0,1.0,20
size_alt_minus_up_samefam,depth,size_alt_samefam,size_up_samefam,,target,secondary,2,em,0.15,0.0,0.3,0.1069,20
size_alt_minus_up_samefam,depth,size_alt_samefam,size_up_samefam,,target,secondary,3,em,0.05,0.0,0.15,0.6256,20
size_alt_minus_up_samefam,depth,size_alt_samefam,size_up_samefam,,target,secondary,4,em,0.0,-0.15,0.15,1.0,20
size_alt_minus_up_samefam,depth,size_alt_samefam,size_up_samefam,,target,secondary,5,em,-0.05,-0.2,0.1,0.7661,20
size_alt_minus_up_samefam,depth,size_alt_samefam,size_up_samefam,,target,secondary,6,em,-0.05,-0.2,0.1,0.7661,20
size_alt_minus_up_samefam,depth,size_alt_samefam,size_up_samefam,,target,secondary,1,f1,0.0,0.0,0.0,1.0,20
size_alt_minus_up_samefam,depth,size_alt_samefam,size_up_samefam,,target,secondary,2,f1,0.14750000000000002,0.025,0.3,0.0325,20
size_alt_minus_up_samefam,depth,size_alt_samefam,size_up_samefam,,target,secondary,3,f1,0.05500000000000001,0.0,0.16,0.2509,20
size_alt_minus_up_samefam,depth,size_alt_samefam,size_up_samefam,,target,secondary,4,f1,0.03749999999999999,-0.03750000000000002,0.15,0.6196,20
size_alt_minus_up_samefam,depth,size_alt_samefam,size_up_samefam,,target,secondary,5,f1,0.027499999999999997,-0.047500000000000014,0.15,0.6305,20
size_alt_minus_up_samefam,depth,size_alt_samefam,size_up_samefam,,target,secondary,6,f1,0.027499999999999997,-0.047500000000000014,0.15,0.6305,20
size_alt_minus_up_samefam,depth,size_alt_samefam,size_up_samefam,,target,secondary,1,judge_correct,0.0,0.0,0.0,1.0,20
size_alt_minus_up_samefam,depth,size_alt_samefam,size_up_samefam,,target,secondary,2,judge_correct,0.15,0.0,0.3,0.1089,20
size_alt_minus_up_samefam,depth,size_alt_samefam,size_up_samefam,,target,secondary,3,judge_correct,0.05,0.0,0.15,0.6256,20
size_alt_minus_up_samefam,depth,size_alt_samefam,size_up_samefam,,target,secondary,4,judge_correct,0.05,0.0,0.15,0.6256,20
size_alt_minus_up_samefam,depth,size_alt_samefam,size_up_samefam,,target,secondary,5,judge_correct,0.0,-0.15,0.15,1.0,20
size_alt_minus_up_samefam,depth,size_alt_samefam,size_up_samefam,,target,secondary,6,judge_correct,0.0,-0.15,0.15,1.0,20
size_alt_minus_up_samefam,depth,size_alt_samefam,size_up_samefam,,heldout,primary,1,em,0.0,0.0,0.0,1.0,20
size_alt_minus_up_samefam,depth,size_alt_samefam,size_up_samefam,,heldout,primary,2,em,0.0,-0.15,0.15,1.0,20
size_alt_minus_up_samefam,depth,size_alt_samefam,size_up_samefam,,heldout,primary,3,em,0.05,0.0,0.15,0.6207,20
size_alt_minus_up_samefam,depth,size_alt_samefam,size_up_samefam,,heldout,primary,4,em,-0.05,-0.15,0.0,0.6207,20
size_alt_minus_up_samefam,depth,size_alt_samefam,size_up_samefam,,heldout,primary,5,em,-0.1,-0.25,0.0,0.2546,20
size_alt_minus_up_samefam,depth,size_alt_samefam,size_up_samefam,,heldout,primary,6,em,-0.05,-0.15,0.0,0.6154,20
size_alt_minus_up_samefam,depth,size_alt_samefam,size_up_samefam,,heldout,primary,1,f1,0.0,0.0,0.0,1.0,20
size_alt_minus_up_samefam,depth,size_alt_samefam,size_up_samefam,,heldout,primary,2,f1,-0.025,-0.175,0.125,0.8766,20
size_alt_minus_up_samefam,depth,size_alt_samefam,size_up_samefam,,heldout,primary,3,f1,0.05,-0.05,0.175,0.5417,20
size_alt_minus_up_samefam,depth,size_alt_samefam,size_up_samefam,,heldout,primary,4,f1,-0.05833333333333333,-0.16666666666666666,0.0,0.2375,20
size_alt_minus_up_samefam,depth,size_alt_samefam,size_up_samefam,,heldout,primary,5,f1,-0.0393939393939394,-0.10151515151515152,0.0,0.2264,20
size_alt_minus_up_samefam,depth,size_alt_samefam,size_up_samefam,,heldout,primary,6,f1,0.002272727272727271,-0.06818181818181819,0.075,0.8582,20
size_alt_minus_up_samefam,depth,size_alt_samefam,size_up_samefam,,heldout,primary,1,judge_correct,0.0,0.0,0.0,1.0,20
size_alt_minus_up_samefam,depth,size_alt_samefam,size_up_samefam,,heldout,primary,2,judge_correct,0.0,-0.15,0.15,1.0,20
size_alt_minus_up_samefam,depth,size_alt_samefam,size_up_samefam,,heldout,primary,3,judge_correct,0.0,-0.15,0.15,1.0,20
size_alt_minus_up_samefam,depth,size_alt_samefam,size_up_samefam,,heldout,primary,4,judge_correct,0.0,-0.15,0.15,1.0,20
size_alt_minus_up_samefam,depth,size_alt_samefam,size_up_samefam,,heldout,primary,5,judge_correct,-0.05,-0.15,0.0,0.6221,20
size_alt_minus_up_samefam,depth,size_alt_samefam,size_up_samefam,,heldout,primary,6,judge_correct,0.0,0.0,0.0,1.0,20
size_alt_minus_up_samefam,depth,size_alt_samefam,size_up_samefam,,heldout,secondary,1,em,0.0,0.0,0.0,1.0,20
size_alt_minus_up_samefam,depth,size_alt_samefam,size_up_samefam,,heldout,secondary,2,em,-0.1,-0.25,0.0,0.2496,20
size_alt_minus_up_samefam,depth,size_alt_samefam,size_up_samefam,,heldout,secondary,3,em,0.0,-0.2,0.2,1.0,20
size_alt_minus_up_samefam,depth,size_alt_samefam,size_up_samefam,,heldout,secondary,4,em,0.05,0.0,0.15,0.6252,20
size_alt_minus_up_samefam,depth,size_alt_samefam,size_up_samefam,,heldout,secondary,5,em,-0.05,-0.2,0.1,0.7613,20
size_alt_minus_up_samefam,depth,size_alt_samefam,size_up_samefam,,heldout,secondary,6,em,0.05,0.0,0.15,0.6252,20
size_alt_minus_up_samefam,depth,size_alt_samefam,size_up_samefam,,heldout,secondary,1,f1,0.0,0.0,0.0,1.0,20
size_alt_minus_up_samefam,depth,size_alt_samefam,size_up_samefam,,heldout,secondary,2,f1,-0.1,-0.25,0.0,0.2496,20
size_alt_minus_up_samefam,depth,size_alt_samefam,size_up_samefam,,heldout,secondary,3,f1,-0.03333333333333333,-0.2,0.13333333333333336,0.7452,20
size_alt_minus_up_samefam,depth,size_alt_samefam,size_up_samefam,,heldout,secondary,4,f1,0.05,0.0,0.15,0.6252,20
size_alt_minus_up_samefam,depth,size_alt_samefam,size_up_samefam,,heldout,secondary,5,f1,0.008333333333333331,-0.09166666666666667,0.13333333333333333,0.9407,20
size_alt_minus_up_samefam,depth,size_alt_samefam,size_up_samefam,,heldout,secondary,6,f1,0.05,0.0,0.15,0.6252,20
size_alt_minus_up_samefam,depth,size_alt_samefam,size_up_samefam,,heldout,secondary,1,judge_correct,0.0,0.0,0.0,1.0,20
size_alt_minus_up_samefam,depth,size_alt_samefam,size_up_samefam,,heldout,secondary,2,judge_correct,-0.1,-0.25,0.0,0.2496,20
size_alt_minus_up_samefam,depth,size_alt_samefam,size_up_samefam,,heldout,secondary,3,judge_correct,0.0,-0.2,0.2,1.0,20
size_alt_minus_up_samefam,depth,size_alt_samefam,size_up_samefam,,heldout,secondary,4,judge_correct,0.05,0.0,0.15,0.6252,20
size_alt_minus_up_samefam,depth,size_alt_samefam,size_up_samefam,,heldout,secondary,5,judge_correct,0.0,-0.15,0.15,1.0,20
size_alt_minus_up_samefam,depth,size_alt_samefam,size_up_samefam,,heldout,secondary,6,judge_correct,0.05,0.0,0.15,0.6252,20
xfam_cost_on_size_up,depth,size_up_xfam,size_up_samefam,,target,primary,1,em,0.0,0.0,0.0,1.0,20
xfam_cost_on_size_up,depth,size_up_xfam,size_up_samefam,,target,primary,2,em,0.0,-0.2,0.2,1.0,20
xfam_cost_on_size_up,depth,size_up_xfam,size_up_samefam,,target,primary,3,em,-0.05,-0.2,0.1,0.77,20
xfam_cost_on_size_up,depth,size_up_xfam,size_up_samefam,,target,primary,4,em,-0.05,-0.15,0.0,0.6204,20
xfam_cost_on_size_up,depth,size_up_xfam,size_up_samefam,,target,primary,5,em,-0.05,-0.2,0.1,0.7625,20
xfam_cost_on_size_up,depth,size_up_xfam,size_up_samefam,,target,primary,6,em,-0.1,-0.25,0.0,0.2561,20
xfam_cost_on_size_up,depth,size_up_xfam,size_up_samefam,,target,primary,1,f1,0.0,0.0,0.0,1.0,20
xfam_cost_on_size_up,depth,size_up_xfam,size_up_samefam,,target,primary,2,f1,-0.0026984126984126943,-0.1376984126984127,0.11607142857142856,0.9639,20
xfam_cost_on_size_up,depth,size_up_xfam,size_up_samefam,,target,primary,3,f1,-0.005555555555555552,-0.13555555555555557,0.09444444444444446,0.9312,20
xfam_cost_on_size_up,depth,size_up_xfam,size_up_samefam,,target,primary,4,f1,0.020833333333333332,-0.0625,0.1125,0.6749,20
xfam_cost_on_size_up,depth,size_up_xfam,size_up_samefam,,target,primary,5,f1,-0.054166666666666675,-0.17916666666666667,0.05,0.3666,20
xfam_cost_on_size_up,depth,size_up_xfam,size_up_samefam,,target,primary,6,f1,-0.03499999999999999,-0.15999999999999998,0.055000000000000014,0.5831,20
xfam_cost_on_size_up,depth,size_up_xfam,size_up_samefam,,target,primary,1,judge_correct,0.0,0.0,0.0,1.0,20
xfam_cost_on_size_up,depth,size_up_xfam,size_up_samefam,,target,primary,2,judge_correct,-0.05,-0.2,0.1,0.761,20
xfam_cost_on_size_up,depth,size_up_xfam,size_up_samefam,,target,primary,3,judge_correct,-0.05,-0.2,0.1,0.7657,20
xfam_cost_on_size_up,depth,size_up_xfam,size_up_samefam,,target,primary,4,judge_correct,-0.05,-0.15,0.0,0.6308,20
xfam_cost_on_size_up,depth,size_up_xfam,size_up_samefam,,target,primary,5,judge_correct,-0.05,-0.15,0.0,0.629,20
xfam_cost_on_size_up,depth,size_up_xfam,size_up_samefam,,target,primary,6,judge_correct,-0.05,-0.15,0.0,0.629,20
xfam_cost_on_size_up,depth,size_up_xfam,size_up_samefam,,target,secondary,1,em,0.0,0.0,0.0,1.0,20
xfam_cost_on_size_up,depth,size_up_xfam,size_up_samefam,,target,secondary,2,em,-0.05,-0.25,0.15,0.8216,20
xfam_cost_on_size_up,depth,size_up_xfam,size_up_samefam,,target,secondary,3,em,-0.1,-0.3,0.1,0.4333,20
xfam_cost_on_size_up,depth,size_up_xfam,size_up_samefam,,target,secondary,4,em,-0.05,-0.25,0.15,0.8059,20
xfam_cost_on_size_up,depth,size_up_xfam,size_up_samefam,,target,secondary,5,em,-0.05,-0.2,0.1,0.7681,20
xfam_cost_on_size_up,depth,size_up_xfam,size_up_samefam,,target,secondary,6,em,0.0,-0.15,0.15,1.0,20
xfam_cost_on_size_up,depth,size_up_xfam,size_up_samefam,,target,secondary,1,f1,0.0,0.0,0.0,1.0,20
xfam_cost_on_size_up,depth,size_up_xfam,size_up_samefam,,target,secondary,2,f1,-0.025555555555555547,-0.16055555555555556,0.08944444444444445,0.6955,20
xfam_cost_on_size_up,depth,size_up_xfam,size_up_samefam,,target,secondary,3,f1,-0.04222222222222223,-0.16666666666666669,0.05333333333333332,0.4716,20
xfam_cost_on_size_up,depth,size_up_xfam,size_up_samefam,,target,secondary,4,f1,-0.0033333333333333435,-0.15666666666666668,0.13499999999999998,0.9611,20
xfam_cost_on_size_up,depth,size_up_xfam,size_up_samefam,,target,secondary,5,f1,0.03194444444444444,-0.030555555555555565,0.11444444444444443,0.4085,20
xfam_cost_on_size_up,depth,size_up_xfam,size_up_samefam,,target,secondary,6,f1,0.033333333333333326,-0.03333333333333335,0.11333333333333333,0.4085,20
xfam_cost_on_size_up,depth,size_up_xfam,size_up_samefam,,target,secondary,1,judge_correct,0.0,0.0,0.0,1.0,20
xfam_cost_on_size_up,depth,size_up_xfam,size_up_samefam,,target,secondary,2,judge_correct,0.0,-0.15,0.15,1.0,20
xfam_cost_on_size_up,depth,size_up_xfam,size_up_samefam,,target,secondary,3,judge_correct,0.0,-0.15,0.15,1.0,20
xfam_cost_on_size_up,depth,size_up_xfam,size_up_samefam,,target,secondary,4,judge_correct,0.0,-0.15,0.15,1.0,20
xfam_cost_on_size_up,depth,size_up_xfam,size_up_samefam,,target,secondary,5,judge_correct,0.05,0.0,0.15,0.6199,20
xfam_cost_on_size_up,depth,size_up_xfam,size_up_samefam,,target,secondary,6,judge_correct,0.05,0.0,0.15,0.6199,20
xfam_cost_on_size_up,depth,size_up_xfam,size_up_samefam,,heldout,primary,1,em,0.0,0.0,0.0,1.0,20
xfam_cost_on_size_up,depth,size_up_xfam,size_up_samefam,,heldout,primary,2,em,-0.05,-0.2,0.1,0.7615,20
xfam_cost_on_size_up,depth,size_up_xfam,size_up_samefam,,heldout,primary,3,em,0.0,-0.15,0.15,1.0,20
xfam_cost_on_size_up,depth,size_up_xfam,size_up_samefam,,heldout,primary,4,em,-0.1,-0.25,0.0,0.2484,20
xfam_cost_on_size_up,depth,size_up_xfam,size_up_samefam,,heldout,primary,5,em,-0.15,-0.3,0.0,0.1036,20
xfam_cost_on_size_up,depth,size_up_xfam,size_up_samefam,,heldout,primary,6,em,0.0,-0.15,0.15,1.0,20
xfam_cost_on_size_up,depth,size_up_xfam,size_up_samefam,,heldout,primary,1,f1,0.0,0.0,0.0,1.0,20
xfam_cost_on_size_up,depth,size_up_xfam,size_up_samefam,,heldout,primary,2,f1,-0.06726190476190476,-0.20476190476190476,0.05,0.3218,20
xfam_cost_on_size_up,depth,size_up_xfam,size_up_samefam,,heldout,primary,3,f1,-0.021428571428571425,-0.15,0.075,0.7265,20
xfam_cost_on_size_up,depth,size_up_xfam,size_up_samefam,,heldout,primary,4,f1,-0.1255952380952381,-0.2630952380952381,-0.009523809523809513,0.0462,20
xfam_cost_on_size_up,depth,size_up_xfam,size_up_samefam,,heldout,primary,5,f1,-0.12748917748917749,-0.27294372294372293,-0.004761904761904756,0.0491,20
xfam_cost_on_size_up,depth,size_up_xfam,size_up_samefam,,heldout,primary,6,f1,0.020238095238095243,-0.075,0.14523809523809525,0.8261,20
xfam_cost_on_size_up,depth,size_up_xfam,size_up_samefam,,heldout,primary,1,judge_correct,0.0,0.0,0.0,1.0,20
xfam_cost_on_size_up,depth,size_up_xfam,size_up_samefam,,heldout,primary,2,judge_correct,-0.05,-0.2,0.1,0.7579,20
xfam_cost_on_size_up,depth,size_up_xfam,size_up_samefam,,heldout,primary,3,judge_correct,-0.15,-0.3,0.0,0.0977,20
xfam_cost_on_size_up,depth,size_up_xfam,size_up_samefam,,heldout,primary,4,judge_correct,-0.1,-0.25,0.0,0.2503,20
xfam_cost_on_size_up,depth,size_up_xfam,size_up_samefam,,heldout,primary,5,judge_correct,-0.1,-0.3,0.1,0.4294,20
xfam_cost_on_size_up,depth,size_up_xfam,size_up_samefam,,heldout,primary,6,judge_correct,0.05,-0.1,0.2,0.7616,20
xfam_cost_on_size_up,depth,size_up_xfam,size_up_samefam,,heldout,secondary,1,em,0.0,0.0,0.0,1.0,20
xfam_cost_on_size_up,depth,size_up_xfam,size_up_samefam,,heldout,secondary,2,em,-0.1,-0.25,0.0,0.2501,20
xfam_cost_on_size_up,depth,size_up_xfam,size_up_samefam,,heldout,secondary,3,em,0.1,0.0,0.25,0.2437,20
xfam_cost_on_size_up,depth,size_up_xfam,size_up_samefam,,heldout,secondary,4,em,0.1,0.0,0.25,0.2531,20
xfam_cost_on_size_up,depth,size_up_xfam,size_up_samefam,,heldout,secondary,5,em,0.1,-0.15,0.35,0.5337,20
xfam_cost_on_size_up,depth,size_up_xfam,size_up_samefam,,heldout,secondary,6,em,0.1,0.0,0.25,0.2531,20
xfam_cost_on_size_up,depth,size_up_xfam,size_up_samefam,,heldout,secondary,1,f1,0.0,0.0,0.0,1.0,20
xfam_cost_on_size_up,depth,size_up_xfam,size_up_samefam,,heldout,secondary,2,f1,-0.06666666666666668,-0.18333333333333335,0.0,0.2425,20
xfam_cost_on_size_up,depth,size_up_xfam,size_up_samefam,,heldout,secondary,3,f1,0.06666666666666668,0.0,0.18333333333333335,0.2382,20
xfam_cost_on_size_up,depth,size_up_xfam,size_up_samefam,,heldout,secondary,4,f1,0.14877344877344878,0.028571428571428574,0.2975468975468975,0.0279,20
xfam_cost_on_size_up,depth,size_up_xfam,size_up_samefam,,heldout,secondary,5,f1,0.1869047619047619,0.0,0.3952380952380952,0.0642,20
xfam_cost_on_size_up,depth,size_up_xfam,size_up_samefam,,heldout,secondary,6,f1,0.1285714285714286,0.0,0.2785714285714286,0.0842,20
xfam_cost_on_size_up,depth,size_up_xfam,size_up_samefam,,heldout,secondary,1,judge_correct,0.0,0.0,0.0,1.0,20
xfam_cost_on_size_up,depth,size_up_xfam,size_up_samefam,,heldout,secondary,2,judge_correct,-0.1,-0.25,0.0,0.2501,20
xfam_cost_on_size_up,depth,size_up_xfam,size_up_samefam,,heldout,secondary,3,judge_correct,0.1,0.0,0.25,0.2437,20
xfam_cost_on_size_up,depth,size_up_xfam,size_up_samefam,,heldout,secondary,4,judge_correct,0.1,0.0,0.25,0.2531,20
xfam_cost_on_size_up,depth,size_up_xfam,size_up_samefam,,heldout,secondary,5,judge_correct,0.2,0.0,0.45,0.1241,20
xfam_cost_on_size_up,depth,size_up_xfam,size_up_samefam,,heldout,secondary,6,judge_correct,0.1,0.0,0.25,0.2531,20
xfam_cost_on_size_down,depth,size_down_xfam,size_down_samefam,,target,primary,1,em,0.0,0.0,0.0,1.0,20
xfam_cost_on_size_down,depth,size_down_xfam,size_down_samefam,,target,primary,2,em,0.1,-0.1,0.3,0.4272,20
xfam_cost_on_size_down,depth,size_down_xfam,size_down_samefam,,target,primary,3,em,0.05,-0.1,0.2,0.7655,20
xfam_cost_on_size_down,depth,size_down_xfam,size_down_samefam,,target,primary,4,em,0.25,0.1,0.45,0.0144,20
xfam_cost_on_size_down,depth,size_down_xfam,size_down_samefam,,target,primary,5,em,0.15,-0.05,0.35,0.2434,20
xfam_cost_on_size_down,depth,size_down_xfam,size_down_samefam,,target,primary,6,em,0.1,-0.15,0.35,0.5366,20
xfam_cost_on_size_down,depth,size_down_xfam,size_down_samefam,,target,primary,1,f1,0.0,0.0,0.0,1.0,20
xfam_cost_on_size_down,depth,size_down_xfam,size_down_samefam,,target,primary,2,f1,0.03254884004884005,-0.09235714285714283,0.15254884004884006,0.5994,20
xfam_cost_on_size_down,depth,size_down_xfam,size_down_samefam,,target,primary,3,f1,0.020416666666666677,-0.0975,0.14501041666666653,0.7329,20
xfam_cost_on_size_down,depth,size_down_xfam,size_down_samefam,,target,primary,4,f1,0.14500000000000002,0.019937500000000552,0.29,0.0336,20
xfam_cost_on_size_down,depth,size_down_xfam,size_down_samefam,,target,primary,5,f1,0.01880952380952384,-0.1375,0.17095238095238097,0.8018,20
xfam_cost_on_size_down,depth,size_down_xfam,size_down_samefam,,target,primary,6,f1,-0.029940476190476177,-0.19358333333333322,0.13881845238095228,0.7169,20
xfam_cost_on_size_down,depth,size_down_xfam,size_down_samefam,,target,primary,1,judge_correct,0.0,0.0,0.0,1.0,20
xfam_cost_on_size_down,depth,size_down_xfam,size_down_samefam,,target,primary,2,judge_correct,-0.05,-0.15,0.0,0.629,20
xfam_cost_on_size_down,depth,size_down_xfam,size_down_samefam,,target,primary,3,judge_correct,0.0,-0.15,0.15,1.0,20
xfam_cost_on_size_down,depth,size_down_xfam,size_down_samefam,,target,primary,4,judge_correct,0.0,-0.2,0.2,1.0,20
xfam_cost_on_size_down,depth,size_down_xfam,size_down_samefam,,target,primary,5,judge_correct,-0.05,-0.25,0.1,0.7694,20
xfam_cost_on_size_down,depth,size_down_xfam,size_down_samefam,,target,primary,6,judge_correct,-0.05,-0.2,0.1,0.7616,20
xfam_cost_on_size_down,depth,size_down_xfam,size_down_samefam,,target,secondary,1,em,0.0,0.0,0.0,1.0,20
xfam_cost_on_size_down,depth,size_down_xfam,size_down_samefam,,target,secondary,2,em,0.0,-0.25,0.25,1.0,20
xfam_cost_on_size_down,depth,size_down_xfam,size_down_samefam,,target,secondary,3,em,0.0,-0.2,0.2,1.0,20
xfam_cost_on_size_down,depth,size_down_xfam,size_down_samefam,,target,secondary,4,em,0.2,-0.05,0.45,0.1907,20
xfam_cost_on_size_down,depth,size_down_xfam,size_down_samefam,,target,secondary,5,em,0.05,-0.15,0.25,0.8244,20
xfam_cost_on_size_down,depth,size_down_xfam,size_down_samefam,,target,secondary,6,em,0.05,-0.15,0.25,0.8183,20
xfam_cost_on_size_down,depth,size_down_xfam,size_down_samefam,,target,secondary,1,f1,0.0,0.0,0.0,1.0,20
xfam_cost_on_size_down,depth,size_down_xfam,size_down_samefam,,target,secondary,2,f1,0.005405982905982903,-0.14903846153846154,0.1469230769230769,0.9459,20
xfam_cost_on_size_down,depth,size_down_xfam,size_down_samefam,,target,secondary,3,f1,0.0025000000000000022,-0.1525,0.1425,0.9655,20
xfam_cost_on_size_down,depth,size_down_xfam,size_down_samefam,,target,secondary,4,f1,0.14944444444444444,0.004444444444444445,0.30194444444444446,0.0491,20
xfam_cost_on_size_down,depth,size_down_xfam,size_down_samefam,,target,secondary,5,f1,0.014087301587301598,-0.11055555555555556,0.15333829365079357,0.8312,20
xfam_cost_on_size_down,depth,size_down_xfam,size_down_samefam,,target,secondary,6,f1,-0.02452380952380952,-0.16404761904761905,0.12429464285714274,0.7257,20
xfam_cost_on_size_down,depth,size_down_xfam,size_down_samefam,,target,secondary,1,judge_correct,0.0,0.0,0.0,1.0,20
xfam_cost_on_size_down,depth,size_down_xfam,size_down_samefam,,target,secondary,2,judge_correct,0.05,0.0,0.15,0.6186,20
xfam_cost_on_size_down,depth,size_down_xfam,size_down_samefam,,target,secondary,3,judge_correct,0.05,0.0,0.15,0.6186,20
xfam_cost_on_size_down,depth,size_down_xfam,size_down_samefam,,target,secondary,4,judge_correct,0.05,-0.1,0.2,0.7656,20
xfam_cost_on_size_down,depth,size_down_xfam,size_down_samefam,,target,secondary,5,judge_correct,0.0,-0.15,0.15,1.0,20
xfam_cost_on_size_down,depth,size_down_xfam,size_down_samefam,,target,secondary,6,judge_correct,-0.05,-0.2,0.1,0.7616,20
xfam_cost_on_size_down,depth,size_down_xfam,size_down_samefam,,heldout,primary,1,em,0.0,0.0,0.0,1.0,20
xfam_cost_on_size_down,depth,size_down_xfam,size_down_samefam,,heldout,primary,2,em,-0.05,-0.15,0.0,0.6154,20
xfam_cost_on_size_down,depth,size_down_xfam,size_down_samefam,,heldout,primary,3,em,0.2,0.05,0.4,0.0456,20
xfam_cost_on_size_down,depth,size_down_xfam,size_down_samefam,,heldout,primary,4,em,0.0,-0.2,0.2,1.0,20
xfam_cost_on_size_down,depth,size_down_xfam,size_down_samefam,,heldout,primary,5,em,0.1,0.0,0.25,0.2638,20
xfam_cost_on_size_down,depth,size_down_xfam,size_down_samefam,,heldout,primary,6,em,0.25,0.0,0.5,0.0543,20
xfam_cost_on_size_down,depth,size_down_xfam,size_down_samefam,,heldout,primary,1,f1,0.0,0.0,0.0,1.0,20
xfam_cost_on_size_down,depth,size_down_xfam,size_down_samefam,,heldout,primary,2,f1,-0.022727272727272728,-0.06818181818181819,0.0,0.6154,20
xfam_cost_on_size_down,depth,size_down_xfam,size_down_samefam,,heldout,primary,3,f1,0.1575,0.0375,0.3125,0.0271,20
xfam_cost_on_size_down,depth,size_down_xfam,size_down_samefam,,heldout,primary,4,f1,-0.01477272727272727,-0.2,0.16022727272727272,0.8643,20
xfam_cost_on_size_down,depth,size_down_xfam,size_down_samefam,,heldout,primary,5,f1,0.07916666666666668,-0.05416666666666666,0.25,0.3292,20
xfam_cost_on_size_down,depth,size_down_xfam,size_down_samefam,,heldout,primary,6,f1,0.22272727272727275,0.0,0.45,0.0601,20
xfam_cost_on_size_down,depth,size_down_xfam,size_down_samefam,,heldout,primary,1,judge_correct,0.0,0.0,0.0,1.0,20
xfam_cost_on_size_down,depth,size_down_xfam,size_down_samefam,,heldout,primary,2,judge_correct,-0.05,-0.15,0.0,0.6186,20
xfam_cost_on_size_down,depth,size_down_xfam,size_down_samefam,,heldout,primary,3,judge_correct,0.0,-0.15,0.15,1.0,20
xfam_cost_on_size_down,depth,size_down_xfam,size_down_samefam,,heldout,primary,4,judge_correct,-0.1,-0.3,0.1,0.4298,20
xfam_cost_on_size_down,depth,size_down_xfam,size_down_samefam,,heldout,primary,5,judge_correct,0.05,-0.1,0.2,0.7579,20
xfam_cost_on_size_down,depth,size_down_xfam,size_down_samefam,,heldout,primary,6,judge_correct,0.15,-0.1,0.4,0.323,20
xfam_cost_on_size_down,depth,size_down_xfam,size_down_samefam,,heldout,secondary,1,em,0.0,0.0,0.0,1.0,20
xfam_cost_on_size_down,depth,size_down_xfam,size_down_samefam,,heldout,secondary,2,em,-0.15,-0.3,0.0,0.1014,20
xfam_cost_on_size_down,depth,size_down_xfam,size_down_samefam,,heldout,secondary,3,em,-0.1,-0.3,0.1,0.4338,20
xfam_cost_on_size_down,depth,size_down_xfam,size_down_samefam,,heldout,secondary,4,em,-0.05,-0.2,0.1,0.7704,20
xfam_cost_on_size_down,depth,size_down_xfam,size_down_samefam,,heldout,secondary,5,em,0.0,-0.2,0.2,1.0,20
xfam_cost_on_size_down,depth,size_down_xfam,size_down_samefam,,heldout,secondary,6,em,0.0,-0.2,0.2,1.0,20
xfam_cost_on_size_down,depth,size_down_xfam,size_down_samefam,,heldout,secondary,1,f1,0.0,0.0,0.0,1.0,20
xfam_cost_on_size_down,depth,size_down_xfam,size_down_samefam,,heldout,secondary,2,f1,-0.0630952380952381,-0.24166666666666664,0.09169642857142812,0.4339,20
xfam_cost_on_size_down,depth,size_down_xfam,size_down_samefam,,heldout,secondary,3,f1,-0.09583333333333333,-0.2791666666666667,0.0875,0.3113,20
xfam_cost_on_size_down,depth,size_down_xfam,size_down_samefam,,heldout,secondary,4,f1,-0.0125,-0.1625,0.1375,0.9415,20
xfam_cost_on_size_down,depth,size_down_xfam,size_down_samefam,,heldout,secondary,5,f1,0.0375,-0.1375,0.225,0.7242,20
xfam_cost_on_size_down,depth,size_down_xfam,size_down_samefam,,heldout,secondary,6,f1,0.025,-0.15,0.2,0.8976,20
xfam_cost_on_size_down,depth,size_down_xfam,size_down_samefam,,heldout,secondary,1,judge_correct,0.0,0.0,0.0,1.0,20
xfam_cost_on_size_down,depth,size_down_xfam,size_down_samefam,,heldout,secondary,2,judge_correct,-0.05,-0.2,0.1,0.7636,20
xfam_cost_on_size_down,depth,size_down_xfam,size_down_samefam,,heldout,secondary,3,judge_correct,0.0,0.0,0.0,1.0,20
xfam_cost_on_size_down,depth,size_down_xfam,size_down_samefam,,heldout,secondary,4,judge_correct,0.05,0.0,0.15,0.6252,20
xfam_cost_on_size_down,depth,size_down_xfam,size_down_samefam,,heldout,secondary,5,judge_correct,0.05,0.0,0.15,0.6252,20
xfam_cost_on_size_down,depth,size_down_xfam,size_down_samefam,,heldout,secondary,6,judge_correct,0.0,-0.15,0.15,1.0,20
xfam_cost_on_size_alt,depth,size_alt_xfam,size_alt_samefam,,target,primary,1,em,0.0,0.0,0.0,1.0,20
xfam_cost_on_size_alt,depth,size_alt_xfam,size_alt_samefam,,target,primary,2,em,0.0,-0.2,0.2,1.0,20
xfam_cost_on_size_alt,depth,size_alt_xfam,size_alt_samefam,,target,primary,3,em,0.1,0.0,0.25,0.251,20
xfam_cost_on_size_alt,depth,size_alt_xfam,size_alt_samefam,,target,primary,4,em,0.15,0.0,0.3,0.1018,20
xfam_cost_on_size_alt,depth,size_alt_xfam,size_alt_samefam,,target,primary,5,em,0.0,-0.15,0.15,1.0,20
xfam_cost_on_size_alt,depth,size_alt_xfam,size_alt_samefam,,target,primary,6,em,0.05,-0.1,0.2,0.7609,20
xfam_cost_on_size_alt,depth,size_alt_xfam,size_alt_samefam,,target,primary,1,f1,0.0,0.0,0.0,1.0,20
xfam_cost_on_size_alt,depth,size_alt_xfam,size_alt_samefam,,target,primary,2,f1,-0.040705128205128206,-0.2080769230769231,0.10192307692307692,0.6186,20
xfam_cost_on_size_alt,depth,size_alt_xfam,size_alt_samefam,,target,primary,3,f1,0.017500000000000005,-0.0675,0.10250000000000001,0.7079,20
xfam_cost_on_size_alt,depth,size_alt_xfam,size_alt_samefam,,target,primary,4,f1,0.07416666666666664,-0.05583333333333336,0.19916666666666666,0.2598,20
xfam_cost_on_size_alt,depth,size_alt_xfam,size_alt_samefam,,target,primary,5,f1,0.020833333333333332,-0.1325,0.16085416666666635,0.7761,20
xfam_cost_on_size_alt,depth,size_alt_xfam,size_alt_samefam,,target,primary,6,f1,0.034999999999999996,-0.125,0.19,0.6726,20
xfam_cost_on_size_alt,depth,size_alt_xfam,size_alt_samefam,,target,primary,1,judge_correct,0.0,0.0,0.0,1.0,20
xfam_cost_on_size_alt,depth,size_alt_xfam,size_alt_samefam,,target,primary,2,judge_correct,-0.15,-0.3,0.0,0.1031,20
xfam_cost_on_size_alt,depth,size_alt_xfam,size_alt_samefam,,target,primary,3,judge_correct,-0.15,-0.3,0.0,0.1103,20
xfam_cost_on_size_alt,depth,size_alt_xfam,size_alt_samefam,,target,primary,4,judge_correct,-0.15,-0.3,0.0,0.1103,20
xfam_cost_on_size_alt,depth,size_alt_xfam,size_alt_samefam,,target,primary,5,judge_correct,-0.05,-0.2,0.1,0.759,20
xfam_cost_on_size_alt,depth,size_alt_xfam,size_alt_samefam,,target,primary,6,judge_correct,-0.05,-0.2,0.1,0.7584,20
xfam_cost_on_size_alt,depth,size_alt_xfam,size_alt_samefam,,target,secondary,1,em,0.0,0.0,0.0,1.0,20
xfam_cost_on_size_alt,depth,size_alt_xfam,size_alt_samefam,,target,secondary,2,em,-0.05,-0.2,0.1,0.7628,20
xfam_cost_on_size_alt,depth,size_alt_xfam,size_alt_samefam,,target,secondary,3,em,0.0,-0.15,0.15,1.0,20
xfam_cost_on_size_alt,depth,size_alt_xfam,size_alt_samefam,,target,secondary,4,em,0.1,-0.1,0.3,0.4377,20
xfam_cost_on_size_alt,depth,size_alt_xfam,size_alt_samefam,,target,secondary,5,em,0.05,-0.15,0.25,0.8232,20
xfam_cost_on_size_alt,depth,size_alt_xfam,size_alt_samefam,,target,secondary,6,em,0.0,-0.2,0.2,1.0,20
xfam_cost_on_size_alt,depth,size_alt_xfam,size_alt_samefam,,target,secondary,1,f1,0.0,0.0,0.0,1.0,20
xfam_cost_on_size_alt,depth,size_alt_xfam,size_alt_samefam,,target,secondary,2,f1,-0.04805555555555555,-0.17305555555555557,0.05,0.4158,20
xfam_cost_on_size_alt,depth,size_alt_xfam,size_alt_samefam,,target,secondary,3,f1,0.0654059829059829,-0.005555555555555552,0.1469230769230769,0.0965,20
xfam_cost_on_size_alt,depth,size_alt_xfam,size_alt_samefam,,target,secondary,4,f1,0.08944444444444447,0.01583333333333335,0.175,0.0258,20
xfam_cost_on_size_alt,depth,size_alt_xfam,size_alt_samefam,,target,secondary,5,f1,0.016944444444444456,-0.1211111111111111,0.12752083333333303,0.7949,20
xfam_cost_on_size_alt,depth,size_alt_xfam,size_alt_samefam,,target,secondary,6,f1,0.04861111111111112,-0.06222222222222222,0.15750000000000003,0.3752,20
xfam_cost_on_size_alt,depth,size_alt_xfam,size_alt_samefam,,target,secondary,1,judge_correct,0.0,0.0,0.0,1.0,20
xfam_cost_on_size_alt,depth,size_alt_xfam,size_alt_samefam,,target,secondary,2,judge_correct,-0.1,-0.25,0.0,0.2467,20
xfam_cost_on_size_alt,depth,size_alt_xfam,size_alt_samefam,,target,secondary,3,judge_correct,0.05,0.0,0.15,0.6186,20
xfam_cost_on_size_alt,depth,size_alt_xfam,size_alt_samefam,,target,secondary,4,judge_correct,0.0,-0.15,0.15,1.0,20
xfam_cost_on_size_alt,depth,size_alt_xfam,size_alt_samefam,,target,secondary,5,judge_correct,0.0,-0.15,0.15,1.0,20
xfam_cost_on_size_alt,depth,size_alt_xfam,size_alt_samefam,,target,secondary,6,judge_correct,0.1,0.0,0.25,0.2587,20
xfam_cost_on_size_alt,depth,size_alt_xfam,size_alt_samefam,,heldout,primary,1,em,0.0,0.0,0.0,1.0,20
xfam_cost_on_size_alt,depth,size_alt_xfam,size_alt_samefam,,heldout,primary,2,em,0.0,-0.15,0.15,1.0,20
xfam_cost_on_size_alt,depth,size_alt_xfam,size_alt_samefam,,heldout,primary,3,em,-0.1,-0.3,0.1,0.4283,20
xfam_cost_on_size_alt,depth,size_alt_xfam,size_alt_samefam,,heldout,primary,4,em,-0.05,-0.15,0.0,0.6197,20
xfam_cost_on_size_alt,depth,size_alt_xfam,size_alt_samefam,,heldout,primary,5,em,0.05,-0.1,0.2,0.7617,20
xfam_cost_on_size_alt,depth,size_alt_xfam,size_alt_samefam,,heldout,primary,6,em,0.05,-0.1,0.2,0.7542,20
xfam_cost_on_size_alt,depth,size_alt_xfam,size_alt_samefam,,heldout,primary,1,f1,0.0,0.0,0.0,1.0,20
xfam_cost_on_size_alt,depth,size_alt_xfam,size_alt_samefam,,heldout,primary,2,f1,0.020238095238095243,-0.125,0.17023809523809524,0.8653,20
xfam_cost_on_size_alt,depth,size_alt_xfam,size_alt_samefam,,heldout,primary,3,f1,-0.10248917748917749,-0.279978354978355,0.07251082251082251,0.2476,20
xfam_cost_on_size_alt,depth,size_alt_xfam,size_alt_samefam,,heldout,primary,4,f1,-0.04642857142857142,-0.1559523809523809,0.016666666666666663,0.4313,20
xfam_cost_on_size_alt,depth,size_alt_xfam,size_alt_samefam,,heldout,primary,5,f1,0.045238095238095244,-0.10952380952380951,0.2,0.7475,20
xfam_cost_on_size_alt,depth,size_alt_xfam,size_alt_samefam,,heldout,primary,6,f1,0.05629870129870129,-0.07530790043290038,0.21666666666666665,0.4586,20
xfam_cost_on_size_alt,depth,size_alt_xfam,size_alt_samefam,,heldout,primary,1,judge_correct,0.0,0.0,0.0,1.0,20
xfam_cost_on_size_alt,depth,size_alt_xfam,size_alt_samefam,,heldout,primary,2,judge_correct,0.0,-0.2,0.2,1.0,20
xfam_cost_on_size_alt,depth,size_alt_xfam,size_alt_samefam,,heldout,primary,3,judge_correct,-0.1,-0.3,0.1,0.4328,20
xfam_cost_on_size_alt,depth,size_alt_xfam,size_alt_samefam,,heldout,primary,4,judge_correct,-0.15,-0.3,0.0,0.1077,20
xfam_cost_on_size_alt,depth,size_alt_xfam,size_alt_samefam,,heldout,primary,5,judge_correct,0.0,-0.2,0.2,1.0,20
xfam_cost_on_size_alt,depth,size_alt_xfam,size_alt_samefam,,heldout,primary,6,judge_correct,0.0,-0.2,0.2,1.0,20
xfam_cost_on_size_alt,depth,size_alt_xfam,size_alt_samefam,,heldout,secondary,1,em,0.0,0.0,0.0,1.0,20
xfam_cost_on_size_alt,depth,size_alt_xfam,size_alt_samefam,,heldout,secondary,2,em,0.05,-0.15,0.25,0.8246,20
xfam_cost_on_size_alt,depth,size_alt_xfam,size_alt_samefam,,heldout,secondary,3,em,0.05,-0.1,0.2,0.7591,20
xfam_cost_on_size_alt,depth,size_alt_xfam,size_alt_samefam,,heldout,secondary,4,em,0.1,0.0,0.25,0.2501,20
xfam_cost_on_size_alt,depth,size_alt_xfam,size_alt_samefam,,heldout,secondary,5,em,0.2,0.05,0.4,0.0394,20
xfam_cost_on_size_alt,depth,size_alt_xfam,size_alt_samefam,,heldout,secondary,6,em,0.05,0.0,0.15,0.6207,20
xfam_cost_on_size_alt,depth,size_alt_xfam,size_alt_samefam,,heldout,secondary,1,f1,0.0,0.0,0.0,1.0,20
xfam_cost_on_size_alt,depth,size_alt_xfam,size_alt_samefam,,heldout,secondary,2,f1,0.05357142857142858,-0.15,0.2571428571428572,0.6205,20
xfam_cost_on_size_alt,depth,size_alt_xfam,size_alt_samefam,,heldout,secondary,3,f1,0.07857142857142858,-0.1,0.2571428571428572,0.4189,20
xfam_cost_on_size_alt,depth,size_alt_xfam,size_alt_samefam,,heldout,secondary,4,f1,0.09523809523809526,0.0,0.2166666666666667,0.0953,20
xfam_cost_on_size_alt,depth,size_alt_xfam,size_alt_samefam,,heldout,secondary,5,f1,0.19523809523809527,0.05,0.3666666666666667,0.0161,20
xfam_cost_on_size_alt,depth,size_alt_xfam,size_alt_samefam,,heldout,secondary,6,f1,0.07857142857142858,0.0,0.2,0.2226,20
xfam_cost_on_size_alt,depth,size_alt_xfam,size_alt_samefam,,heldout,secondary,1,judge_correct,0.0,0.0,0.0,1.0,20
xfam_cost_on_size_alt,depth,size_alt_xfam,size_alt_samefam,,heldout,secondary,2,judge_correct,0.0,-0.2,0.2,1.0,20
xfam_cost_on_size_alt,depth,size_alt_xfam,size_alt_samefam,,heldout,secondary,3,judge_correct,0.05,-0.1,0.2,0.7591,20
xfam_cost_on_size_alt,depth,size_alt_xfam,size_alt_samefam,,heldout,secondary,4,judge_correct,0.15,0.0,0.3,0.1083,20
xfam_cost_on_size_alt,depth,size_alt_xfam,size_alt_samefam,,heldout,secondary,5,judge_correct,0.2,0.05,0.4,0.0394,20
xfam_cost_on_size_alt,depth,size_alt_xfam,size_alt_samefam,,heldout,secondary,6,judge_correct,0.1,0.0,0.25,0.2541,20
recovery_by_larger_downstream,did,size_up_samefam,homog_small_matched,3,target,primary,4,em,0.1,0.0,0.25,0.2552,20
recovery_by_larger_downstream,did,size_up_samefam,homog_small_matched,3,target,primary,5,em,0.0,-0.15,0.15,1.0,20
recovery_by_larger_downstream,did,size_up_samefam,homog_small_matched,3,target,primary,6,em,0.0,0.0,0.0,1.0,20
recovery_by_larger_downstream,did,size_up_samefam,homog_small_matched,3,target,primary,4,f1,0.007499999999999995,-0.027500000000000004,0.039999999999999994,0.7645,20
recovery_by_larger_downstream,did,size_up_samefam,homog_small_matched,3,target,primary,5,f1,0.011666666666666676,-0.05833333333333333,0.08,0.7618,20
recovery_by_larger_downstream,did,size_up_samefam,homog_small_matched,3,target,primary,6,f1,-0.0125,-0.0375,0.0,0.6186,20
recovery_by_larger_downstream,did,size_up_samefam,homog_small_matched,3,target,primary,4,judge_correct,0.0,0.0,0.0,1.0,20
recovery_by_larger_downstream,did,size_up_samefam,homog_small_matched,3,target,primary,5,judge_correct,0.0,0.0,0.0,1.0,20
recovery_by_larger_downstream,did,size_up_samefam,homog_small_matched,3,target,primary,6,judge_correct,0.0,0.0,0.0,1.0,20
recovery_by_larger_downstream,did,size_up_samefam,homog_small_matched,3,target,secondary,4,em,0.0,0.0,0.0,1.0,20
recovery_by_larger_downstream,did,size_up_samefam,homog_small_matched,3,target,secondary,5,em,0.0,0.0,0.0,1.0,20
recovery_by_larger_downstream,did,size_up_samefam,homog_small_matched,3,target,secondary,6,em,0.0,0.0,0.0,1.0,20
recovery_by_larger_downstream,did,size_up_samefam,homog_small_matched,3,target,secondary,4,f1,0.004999999999999999,0.0,0.014999999999999996,0.6154,20
recovery_by_larger_downstream,did,size_up_samefam,homog_small_matched,3,target,secondary,5,f1,0.0,0.0,0.0,1.0,20
recovery_by_larger_downstream,did,size_up_samefam,homog_small_matched,3,target,secondary,6,f1,0.0,0.0,0.0,1.0,20
recovery_by_larger_downstream,did,size_up_samefam,homog_small_matched,3,target,secondary,4,judge_correct,0.0,0.0,0.0,1.0,20
recovery_by_larger_downstream,did,size_up_samefam,homog_small_matched,3,target,secondary,5,judge_correct,0.0,0.0,0.0,1.0,20
recovery_by_larger_downstream,did,size_up_samefam,homog_small_matched,3,target,secondary,6,judge_correct,0.05,0.0,0.15,0.6308,20
recovery_by_larger_downstream,did,size_up_samefam,homog_small_matched,3,heldout,primary,4,em,0.1,0.0,0.25,0.2531,20
recovery_by_larger_downstream,did,size_up_samefam,homog_small_matched,3,heldout,primary,5,em,0.0,-0.15,0.15,1.0,20
recovery_by_larger_downstream,did,size_up_samefam,homog_small_matched,3,heldout,primary,6,em,0.05,0.0,0.15,0.6221,20
recovery_by_larger_downstream,did,size_up_samefam,homog_small_matched,3,heldout,primary,4,f1,0.10833333333333332,0.0,0.2583333333333333,0.0994,20
recovery_by_larger_downstream,did,size_up_samefam,homog_small_matched,3,heldout,primary,5,f1,0.0,-0.15,0.15,1.0,20
recovery_by_larger_downstream,did,size_up_samefam,homog_small_matched,3,heldout,primary,6,f1,0.05,0.0,0.15,0.6221,20
recovery_by_larger_downstream,did,size_up_samefam,homog_small_matched,3,heldout,primary,4,judge_correct,0.05,-0.1,0.2,0.7645,20
recovery_by_larger_downstream,did,size_up_samefam,homog_small_matched,3,heldout,primary,5,judge_correct,0.0,-0.15,0.15,1.0,20
recovery_by_larger_downstream,did,size_up_samefam,homog_small_matched,3,heldout,primary,6,judge_correct,0.05,0.0,0.15,0.6221,20
recovery_by_larger_downstream,did,size_up_samefam,homog_small_matched,3,heldout,secondary,4,em,-0.05,-0.15,0.0,0.6252,20
recovery_by_larger_downstream,did,size_up_samefam,homog_small_matched,3,heldout,secondary,5,em,-0.05,-0.25,0.15,0.8201,20
recovery_by_larger_downstream,did,size_up_samefam,homog_small_matched,3,heldout,secondary,6,em,-0.05,-0.15,0.0,0.621,20
recovery_by_larger_downstream,did,size_up_samefam,homog_small_matched,3,heldout,secondary,4,f1,-0.05,-0.15,0.0,0.6252,20
recovery_by_larger_downstream,did,size_up_samefam,homog_small_matched,3,heldout,secondary,5,f1,-0.10833333333333332,-0.3,0.05,0.2298,20
recovery_by_larger_downstream,did,size_up_samefam,homog_small_matched,3,heldout,secondary,6,f1,-0.05,-0.15,0.0,0.621,20
recovery_by_larger_downstream,did,size_up_samefam,homog_small_matched,3,heldout,secondary,4,judge_correct,-0.05,-0.15,0.0,0.6252,20
recovery_by_larger_downstream,did,size_up_samefam,homog_small_matched,3,heldout,secondary,5,judge_correct,-0.1,-0.3,0.1,0.428,20
recovery_by_larger_downstream,did,size_up_samefam,homog_small_matched,3,heldout,secondary,6,judge_correct,-0.05,-0.15,0.0,0.621,20
bottleneck_from_smaller_downstream,did,size_down_samefam,homog_large_matched,3,target,primary,4,em,-0.2,-0.4,-0.05,0.0432,20
bottleneck_from_smaller_downstream,did,size_down_samefam,homog_large_matched,3,target,primary,5,em,-0.15,-0.3,0.0,0.107,20
bottleneck_from_smaller_downstream,did,size_down_samefam,homog_large_matched,3,target,primary,6,em,-0.05,-0.15,0.0,0.6298,20
bottleneck_from_smaller_downstream,did,size_down_samefam,homog_large_matched,3,target,primary,4,f1,-0.14250000000000002,-0.29256249999999945,-0.012500000000000006,0.0462,20
bottleneck_from_smaller_downstream,did,size_down_samefam,homog_large_matched,3,target,primary,5,f1,-0.05477106227106228,-0.1941874999999998,0.06735347985347985,0.4076,20
bottleneck_from_smaller_downstream,did,size_down_samefam,homog_large_matched,3,target,primary,6,f1,-0.07838217338217338,-0.19890277777777765,0.0043956043956043965,0.1455,20
bottleneck_from_smaller_downstream,did,size_down_samefam,homog_large_matched,3,target,primary,4,judge_correct,-0.05,-0.15,0.0,0.6298,20
bottleneck_from_smaller_downstream,did,size_down_samefam,homog_large_matched,3,target,primary,5,judge_correct,-0.05,-0.15,0.0,0.6298,20
bottleneck_from_smaller_downstream,did,size_down_samefam,homog_large_matched,3,target,primary,6,judge_correct,-0.05,-0.15,0.0,0.6298,20
bottleneck_from_smaller_downstream,did,size_down_samefam,homog_large_matched,3,target,secondary,4,em,-0.1,-0.25,0.0,0.2561,20
bottleneck_from_smaller_downstream,did,size_down_samefam,homog_large_matched,3,target,secondary,5,em,-0.05,-0.2,0.1,0.7718,20
bottleneck_from_smaller_downstream,did,size_down_samefam,homog_large_matched,3,target,secondary,6,em,-0.1,-0.25,0.0,0.2561,20
bottleneck_from_smaller_downstream,did,size_down_samefam,homog_large_matched,3,target,secondary,4,f1,-0.08,-0.21000000000000002,0.0,0.2278,20
bottleneck_from_smaller_downstream,did,size_down_samefam,homog_large_matched,3,target,secondary,5,f1,-0.07000000000000002,-0.19714285714285715,0.017142857142857144,0.2393,20
bottleneck_from_smaller_downstream,did,size_down_samefam,homog_large_matched,3,target,secondary,6,f1,-0.07714285714285715,-0.20428571428571426,0.005714285714285705,0.2248,20
bottleneck_from_smaller_downstream,did,size_down_samefam,homog_large_matched,3,target,secondary,4,judge_correct,-0.05,-0.15,0.0,0.6298,20
bottleneck_from_smaller_downstream,did,size_down_samefam,homog_large_matched,3,target,secondary,5,judge_correct,-0.05,-0.15,0.0,0.6298,20
bottleneck_from_smaller_downstream,did,size_down_samefam,homog_large_matched,3,target,secondary,6,judge_correct,-0.05,-0.15,0.0,0.6298,20
bottleneck_from_smaller_downstream,did,size_down_samefam,homog_large_matched,3,heldout,primary,4,em,-0.05,-0.2,0.1,0.7637,20
bottleneck_from_smaller_downstream,did,size_down_samefam,homog_large_matched,3,heldout,primary,5,em,0.0,-0.15,0.15,1.0,20
bottleneck_from_smaller_downstream,did,size_down_samefam,homog_large_matched,3,heldout,primary,6,em,-0.05,-0.2,0.1,0.7576,20
bottleneck_from_smaller_downstream,did,size_down_samefam,homog_large_matched,3,heldout,primary,4,f1,-0.014393939393939398,-0.1643939393939394,0.12727272727272726,0.8711,20
bottleneck_from_smaller_downstream,did,size_down_samefam,homog_large_matched,3,heldout,primary,5,f1,0.0,-0.15,0.15,1.0,20
bottleneck_from_smaller_downstream,did,size_down_samefam,homog_large_matched,3,heldout,primary,6,f1,-0.052727272727272734,-0.2081818181818182,0.1,0.4858,20
bottleneck_from_smaller_downstream,did,size_down_samefam,homog_large_matched,3,heldout,primary,4,judge_correct,0.0,-0.2,0.2,1.0,20
bottleneck_from_smaller_downstream,did,size_down_samefam,homog_large_matched,3,heldout,primary,5,judge_correct,0.05,0.0,0.15,0.6197,20
bottleneck_from_smaller_downstream,did,size_down_samefam,homog_large_matched,3,heldout,primary,6,judge_correct,-0.05,-0.2,0.1,0.76,20
bottleneck_from_smaller_downstream,did,size_down_samefam,homog_large_matched,3,heldout,secondary,4,em,-0.1,-0.25,0.0,0.2664,20
bottleneck_from_smaller_downstream,did,size_down_samefam,homog_large_matched,3,heldout,secondary,5,em,-0.05,-0.2,0.1,0.7647,20
bottleneck_from_smaller_downstream,did,size_down_samefam,homog_large_matched,3,heldout,secondary,6,em,-0.05,-0.15,0.0,0.6308,20
bottleneck_from_smaller_downstream,did,size_down_samefam,homog_large_matched,3,heldout,secondary,4,f1,-0.1,-0.25,0.0,0.2664,20
bottleneck_from_smaller_downstream,did,size_down_samefam,homog_large_matched,3,heldout,secondary,5,f1,-0.075,-0.25,0.05,0.4134,20
bottleneck_from_smaller_downstream,did,size_down_samefam,homog_large_matched,3,heldout,secondary,6,f1,-0.05,-0.15,0.0,0.6308,20
bottleneck_from_smaller_downstream,did,size_down_samefam,homog_large_matched,3,heldout,secondary,4,judge_correct,-0.05,-0.15,0.0,0.6252,20
bottleneck_from_smaller_downstream,did,size_down_samefam,homog_large_matched,3,heldout,secondary,5,judge_correct,-0.05,-0.15,0.0,0.6252,20
bottleneck_from_smaller_downstream,did,size_down_samefam,homog_large_matched,3,heldout,secondary,6,judge_correct,0.05,0.0,0.15,0.6186,20
