context_id,dataset,rotation_id,cond_qid,policy,budget_words,n_hidden,message_key,delivered_words,fill_ratio,truncated,attempts,message_shared_across_rotations,now_em,future_em,gap_em,ceiling_now_em,ceiling_future_em,regret_now_em,regret_future_em,retained_now_em,retained_future_em,n_ceiling_now_em,n_ceiling_future_em,now_f1,future_f1,gap_f1,ceiling_now_f1,ceiling_future_f1,regret_now_f1,regret_future_f1,retained_now_f1,retained_future_f1,n_ceiling_now_f1,n_ceiling_future_f1,now_judge_correct,future_judge_correct,gap_judge_correct,ceiling_now_judge_correct,ceiling_future_judge_correct,regret_now_judge_correct,regret_future_judge_correct,retained_now_judge_correct,retained_future_judge_correct,n_ceiling_now_judge_correct,n_ceiling_future_judge_correct
rel:11,relation_dossiers,rel:11|cond=rel:11:custom:anchor,rel:11:custom:anchor,conditioned,40,15,rel:11|conditioned|w40|rel:11|cond=rel:11:custom:anchor,37,0.925,False,3,False,1.0,0.06666666666666667,0.9333333333333333,1.0,0.8666666666666667,0.0,0.8,1.0,0.07692307692307693,1,13,1.0,0.09333333333333332,0.9066666666666667,1.0,0.8666666666666667,0.0,0.7733333333333334,1.0,0.10769230769230768,1,13,1.0,0.06666666666666667,0.9333333333333333,1.0,1.0,0.0,0.9333333333333333,1.0,0.06666666666666667,1,15
rel:11,relation_dossiers,rel:11|cond=rel:11:custom:anchor,rel:11:custom:anchor,conditioned,80,15,rel:11|conditioned|w80|rel:11|cond=rel:11:custom:anchor,70,0.875,False,3,False,1.0,0.06666666666666667,0.9333333333333333,1.0,0.8666666666666667,0.0,0.8,1.0,0.07692307692307693,1,13,1.0,0.1,0.9,1.0,0.8666666666666667,0.0,0.7666666666666667,1.0,0.11538461538461539,1,13,1.0,0.06666666666666667,0.9333333333333333,1.0,1.0,0.0,0.9333333333333333,1.0,0.06666666666666667,1,15
rel:11,relation_dossiers,rel:11|cond=rel:11:custom:anchor,rel:11:custom:anchor,generic,40,15,rel:11|generic|w40|-,39,0.975,False,3,True,0.0,0.3333333333333333,-0.3333333333333333,1.0,0.8666666666666667,1.0,0.5333333333333334,0.0,0.38461538461538464,1,13,0.33333333333333337,0.36666666666666664,-0.03333333333333327,1.0,0.8666666666666667,0.6666666666666666,0.5,0.33333333333333337,0.4230769230769231,1,13,1.0,0.4666666666666667,0.5333333333333333,1.0,1.0,0.0,0.5333333333333333,1.0,0.4666666666666667,1,15
rel:11,relation_dossiers,rel:11|cond=rel:11:custom:anchor,rel:11:custom:anchor,generic,80,15,rel:11|generic|w80|-,69,0.8625,False,3,True,1.0,0.4666666666666667,0.5333333333333333,1.0,0.8666666666666667,0.0,0.4,1.0,0.5384615384615384,1,13,1.0,0.5533333333333333,0.44666666666666666,1.0,0.8666666666666667,0.0,0.31333333333333335,1.0,0.6384615384615385,1,13,1.0,0.6666666666666666,0.33333333333333337,1.0,1.0,0.0,0.33333333333333337,1.0,0.6666666666666666,1,15
rel:11,relation_dossiers,rel:11|cond=rel:11:custom:anchor,rel:11:custom:anchor,oracle,40,15,rel:11|oracle|w40|-,37,0.925,False,4,True,1.0,0.7333333333333333,0.2666666666666667,1.0,0.8666666666666667,0.0,0.13333333333333341,1.0,0.8461538461538461,1,13,1.0,0.7333333333333333,0.2666666666666667,1.0,0.8666666666666667,0.0,0.13333333333333341,1.0,0.8461538461538461,1,13,1.0,0.8666666666666667,0.1333333333333333,1.0,1.0,0.0,0.1333333333333333,1.0,0.8666666666666667,1,15
rel:11,relation_dossiers,rel:11|cond=rel:11:custom:anchor,rel:11:custom:anchor,oracle,80,15,rel:11|oracle|w80|-,75,0.9375,False,2,True,1.0,0.8,0.19999999999999996,1.0,0.8666666666666667,0.0,0.06666666666666665,1.0,0.9230769230769231,1,13,1.0,0.8333333333333334,0.16666666666666663,1.0,0.8666666666666667,0.0,0.033333333333333326,1.0,0.9230769230769231,1,13,1.0,0.9333333333333333,0.06666666666666665,1.0,1.0,0.0,0.06666666666666665,1.0,0.9333333333333333,1,15
rel:11,relation_dossiers,rel:11|cond=rel:11:custom:anchor,rel:11:custom:anchor,reusable,40,15,rel:11|reusable|w40|rel:11|cond=rel:11:custom:anchor,32,0.8,True,4,False,1.0,0.2,0.8,1.0,0.8666666666666667,0.0,0.6666666666666667,1.0,0.23076923076923078,1,13,1.0,0.23333333333333334,0.7666666666666666,1.0,0.8666666666666667,0.0,0.6333333333333333,1.0,0.2692307692307692,1,13,1.0,0.2,0.8,1.0,1.0,0.0,0.8,1.0,0.2,1,15
rel:11,relation_dossiers,rel:11|cond=rel:11:custom:anchor,rel:11:custom:anchor,reusable,80,15,rel:11|reusable|w80|rel:11|cond=rel:11:custom:anchor,78,0.975,False,1,False,1.0,0.2,0.8,1.0,0.8666666666666667,0.0,0.6666666666666667,1.0,0.23076923076923078,1,13,1.0,0.29333333333333333,0.7066666666666667,1.0,0.8666666666666667,0.0,0.5733333333333334,1.0,0.3384615384615385,1,13,1.0,0.2,0.8,1.0,1.0,0.0,0.8,1.0,0.2,1,15
rel:11,relation_dossiers,rel:11|cond=rel:11:facilities:anchor,rel:11:facilities:anchor,conditioned,40,15,rel:11|conditioned|w40|rel:11|cond=rel:11:facilities:anchor,36,0.9,False,4,False,0.0,0.06666666666666667,-0.06666666666666667,0.0,0.9333333333333333,0.0,0.8666666666666667,nan,0.07142857142857142,0,14,0.0,0.08888888888888888,-0.08888888888888888,0.0,0.9333333333333333,0.0,0.8444444444444444,nan,0.09523809523809523,0,14,1.0,0.13333333333333333,0.8666666666666667,1.0,1.0,0.0,0.8666666666666667,1.0,0.13333333333333333,1,15
rel:11,relation_dossiers,rel:11|cond=rel:11:facilities:anchor,rel:11:facilities:anchor,conditioned,80,15,rel:11|conditioned|w80|rel:11|cond=rel:11:facilities:anchor,80,1.0,False,4,False,0.0,0.06666666666666667,-0.06666666666666667,0.0,0.9333333333333333,0.0,0.8666666666666667,nan,0.07142857142857142,0,14,0.0,0.13777777777777775,-0.13777777777777775,0.0,0.9333333333333333,0.0,0.7955555555555556,nan,0.1476190476190476,0,14,1.0,0.13333333333333333,0.8666666666666667,1.0,1.0,0.0,0.8666666666666667,1.0,0.13333333333333333,1,15
rel:11,relation_dossiers,rel:11|cond=rel:11:facilities:anchor,rel:11:facilities:anchor,generic,40,15,rel:11|generic|w40|-,39,0.975,False,3,True,0.0,0.3333333333333333,-0.3333333333333333,0.0,0.9333333333333333,0.0,0.6000000000000001,nan,0.35714285714285715,0,14,0.0,0.3888888888888889,-0.3888888888888889,0.0,0.9333333333333333,0.0,0.5444444444444445,nan,0.41666666666666663,0,14,1.0,0.4666666666666667,0.5333333333333333,1.0,1.0,0.0,0.5333333333333333,1.0,0.4666666666666667,1,15
rel:11,relation_dossiers,rel:11|cond=rel:11:facilities:anchor,rel:11:facilities:anchor,generic,80,15,rel:11|generic|w80|-,69,0.8625,False,3,True,0.0,0.5333333333333333,-0.5333333333333333,0.0,0.9333333333333333,0.0,0.4,nan,0.5714285714285714,0,14,0.0,0.62,-0.62,0.0,0.9333333333333333,0.0,0.31333333333333335,nan,0.6642857142857144,0,14,1.0,0.6666666666666666,0.33333333333333337,1.0,1.0,0.0,0.33333333333333337,1.0,0.6666666666666666,1,15
rel:11,relation_dossiers,rel:11|cond=rel:11:facilities:anchor,rel:11:facilities:anchor,oracle,40,15,rel:11|oracle|w40|-,37,0.925,False,4,True,0.0,0.8,-0.8,0.0,0.9333333333333333,0.0,0.1333333333333333,nan,0.8571428571428571,0,14,0.0,0.8,-0.8,0.0,0.9333333333333333,0.0,0.1333333333333333,nan,0.8571428571428571,0,14,1.0,0.8666666666666667,0.1333333333333333,1.0,1.0,0.0,0.1333333333333333,1.0,0.8666666666666667,1,15
rel:11,relation_dossiers,rel:11|cond=rel:11:facilities:anchor,rel:11:facilities:anchor,oracle,80,15,rel:11|oracle|w80|-,75,0.9375,False,2,True,0.0,0.8666666666666667,-0.8666666666666667,0.0,0.9333333333333333,0.0,0.06666666666666665,nan,0.9285714285714286,0,14,0.0,0.9,-0.9,0.0,0.9333333333333333,0.0,0.033333333333333326,nan,0.9285714285714286,0,14,1.0,0.9333333333333333,0.06666666666666665,1.0,1.0,0.0,0.06666666666666665,1.0,0.9333333333333333,1,15
rel:11,relation_dossiers,rel:11|cond=rel:11:facilities:anchor,rel:11:facilities:anchor,reusable,40,15,rel:11|reusable|w40|rel:11|cond=rel:11:facilities:anchor,34,0.85,False,1,False,0.0,0.13333333333333333,-0.13333333333333333,0.0,0.9333333333333333,0.0,0.8,nan,0.14285714285714285,0,14,0.0,0.15555555555555556,-0.15555555555555556,0.0,0.9333333333333333,0.0,0.7777777777777778,nan,0.16666666666666669,0,14,1.0,0.2,0.8,1.0,1.0,0.0,0.8,1.0,0.2,1,15
rel:11,relation_dossiers,rel:11|cond=rel:11:facilities:anchor,rel:11:facilities:anchor,reusable,80,15,rel:11|reusable|w80|rel:11|cond=rel:11:facilities:anchor,60,0.75,True,4,False,0.0,0.13333333333333333,-0.13333333333333333,0.0,0.9333333333333333,0.0,0.8,nan,0.14285714285714285,0,14,0.0,0.15555555555555556,-0.15555555555555556,0.0,0.9333333333333333,0.0,0.7777777777777778,nan,0.16666666666666669,0,14,1.0,0.2,0.8,1.0,1.0,0.0,0.8,1.0,0.2,1,15
rel:11,relation_dossiers,rel:11|cond=rel:11:finance:anchor,rel:11:finance:anchor,conditioned,40,15,rel:11|conditioned|w40|rel:11|cond=rel:11:finance:anchor,39,0.975,False,4,False,1.0,0.13333333333333333,0.8666666666666667,1.0,0.8666666666666667,0.0,0.7333333333333334,1.0,0.15384615384615385,1,13,1.0,0.16666666666666666,0.8333333333333334,1.0,0.8666666666666667,0.0,0.7000000000000001,1.0,0.19230769230769232,1,13,1.0,0.13333333333333333,0.8666666666666667,1.0,1.0,0.0,0.8666666666666667,1.0,0.13333333333333333,1,15
rel:11,relation_dossiers,rel:11|cond=rel:11:finance:anchor,rel:11:finance:anchor,conditioned,80,15,rel:11|conditioned|w80|rel:11|cond=rel:11:finance:anchor,72,0.9,False,4,False,1.0,0.2,0.8,1.0,0.8666666666666667,0.0,0.6666666666666667,1.0,0.23076923076923078,1,13,1.0,0.2,0.8,1.0,0.8666666666666667,0.0,0.6666666666666667,1.0,0.23076923076923078,1,13,1.0,0.2,0.8,1.0,1.0,0.0,0.8,1.0,0.2,1,15
rel:11,relation_dossiers,rel:11|cond=rel:11:finance:anchor,rel:11:finance:anchor,generic,40,15,rel:11|generic|w40|-,39,0.975,False,3,True,0.0,0.3333333333333333,-0.3333333333333333,1.0,0.8666666666666667,1.0,0.5333333333333334,0.0,0.38461538461538464,1,13,0.0,0.3888888888888889,-0.3888888888888889,1.0,0.8666666666666667,1.0,0.4777777777777778,0.0,0.4487179487179487,1,13,0.0,0.5333333333333333,-0.5333333333333333,1.0,1.0,1.0,0.4666666666666667,0.0,0.5333333333333333,1,15
rel:11,relation_dossiers,rel:11|cond=rel:11:finance:anchor,rel:11:finance:anchor,generic,80,15,rel:11|generic|w80|-,69,0.8625,False,3,True,1.0,0.4666666666666667,0.5333333333333333,1.0,0.8666666666666667,0.0,0.4,1.0,0.5384615384615384,1,13,1.0,0.5533333333333333,0.44666666666666666,1.0,0.8666666666666667,0.0,0.31333333333333335,1.0,0.6384615384615385,1,13,1.0,0.6666666666666666,0.33333333333333337,1.0,1.0,0.0,0.33333333333333337,1.0,0.6666666666666666,1,15
rel:11,relation_dossiers,rel:11|cond=rel:11:finance:anchor,rel:11:finance:anchor,oracle,40,15,rel:11|oracle|w40|-,37,0.925,False,4,True,0.0,0.8,-0.8,1.0,0.8666666666666667,1.0,0.06666666666666665,0.0,0.9230769230769231,1,13,0.0,0.8,-0.8,1.0,0.8666666666666667,1.0,0.06666666666666665,0.0,0.9230769230769231,1,13,0.0,0.9333333333333333,-0.9333333333333333,1.0,1.0,1.0,0.06666666666666665,0.0,0.9333333333333333,1,15
rel:11,relation_dossiers,rel:11|cond=rel:11:finance:anchor,rel:11:finance:anchor,oracle,80,15,rel:11|oracle|w80|-,75,0.9375,False,2,True,1.0,0.8,0.19999999999999996,1.0,0.8666666666666667,0.0,0.06666666666666665,1.0,0.9230769230769231,1,13,1.0,0.8333333333333334,0.16666666666666663,1.0,0.8666666666666667,0.0,0.033333333333333326,1.0,0.9230769230769231,1,13,1.0,0.9333333333333333,0.06666666666666665,1.0,1.0,0.0,0.06666666666666665,1.0,0.9333333333333333,1,15
rel:11,relation_dossiers,rel:11|cond=rel:11:finance:anchor,rel:11:finance:anchor,reusable,40,15,rel:11|reusable|w40|rel:11|cond=rel:11:finance:anchor,39,0.975,False,3,False,1.0,0.2,0.8,1.0,0.8666666666666667,0.0,0.6666666666666667,1.0,0.23076923076923078,1,13,1.0,0.2,0.8,1.0,0.8666666666666667,0.0,0.6666666666666667,1.0,0.23076923076923078,1,13,1.0,0.2,0.8,1.0,1.0,0.0,0.8,1.0,0.2,1,15
rel:11,relation_dossiers,rel:11|cond=rel:11:finance:anchor,rel:11:finance:anchor,reusable,80,15,rel:11|reusable|w80|rel:11|cond=rel:11:finance:anchor,74,0.925,False,1,False,1.0,0.2,0.8,1.0,0.8666666666666667,0.0,0.6666666666666667,1.0,0.23076923076923078,1,13,1.0,0.23333333333333334,0.7666666666666666,1.0,0.8666666666666667,0.0,0.6333333333333333,1.0,0.2692307692307692,1,13,1.0,0.2,0.8,1.0,1.0,0.0,0.8,1.0,0.2,1,15
rel:11,relation_dossiers,rel:11|cond=rel:11:founding:anchor,rel:11:founding:anchor,conditioned,40,15,rel:11|conditioned|w40|rel:11|cond=rel:11:founding:anchor,36,0.9,False,2,False,1.0,0.2,0.8,1.0,0.8666666666666667,0.0,0.6666666666666667,1.0,0.23076923076923078,1,13,1.0,0.21904761904761905,0.780952380952381,1.0,0.8666666666666667,0.0,0.6476190476190476,1.0,0.25274725274725274,1,13,1.0,0.2,0.8,1.0,1.0,0.0,0.8,1.0,0.2,1,15
rel:11,relation_dossiers,rel:11|cond=rel:11:founding:anchor,rel:11:founding:anchor,conditioned,80,15,rel:11|conditioned|w80|rel:11|cond=rel:11:founding:anchor,73,0.9125,False,1,False,1.0,0.2,0.8,1.0,0.8666666666666667,0.0,0.6666666666666667,1.0,0.23076923076923078,1,13,1.0,0.2,0.8,1.0,0.8666666666666667,0.0,0.6666666666666667,1.0,0.23076923076923078,1,13,1.0,0.2,0.8,1.0,1.0,0.0,0.8,1.0,0.2,1,15
rel:11,relation_dossiers,rel:11|cond=rel:11:founding:anchor,rel:11:founding:anchor,generic,40,15,rel:11|generic|w40|-,39,0.975,False,3,True,1.0,0.26666666666666666,0.7333333333333334,1.0,0.8666666666666667,0.0,0.6000000000000001,1.0,0.3076923076923077,1,13,1.0,0.32222222222222224,0.6777777777777778,1.0,0.8666666666666667,0.0,0.5444444444444445,1.0,0.37179487179487186,1,13,1.0,0.4666666666666667,0.5333333333333333,1.0,1.0,0.0,0.5333333333333333,1.0,0.4666666666666667,1,15
rel:11,relation_dossiers,rel:11|cond=rel:11:founding:anchor,rel:11:founding:anchor,generic,80,15,rel:11|generic|w80|-,69,0.8625,False,3,True,1.0,0.4666666666666667,0.5333333333333333,1.0,0.8666666666666667,0.0,0.4,1.0,0.5384615384615384,1,13,1.0,0.5533333333333333,0.44666666666666666,1.0,0.8666666666666667,0.0,0.31333333333333335,1.0,0.6384615384615385,1,13,1.0,0.6666666666666666,0.33333333333333337,1.0,1.0,0.0,0.33333333333333337,1.0,0.6666666666666666,1,15
rel:11,relation_dossiers,rel:11|cond=rel:11:founding:anchor,rel:11:founding:anchor,oracle,40,15,rel:11|oracle|w40|-,37,0.925,False,4,True,1.0,0.7333333333333333,0.2666666666666667,1.0,0.8666666666666667,0.0,0.13333333333333341,1.0,0.8461538461538461,1,13,1.0,0.7333333333333333,0.2666666666666667,1.0,0.8666666666666667,0.0,0.13333333333333341,1.0,0.8461538461538461,1,13,1.0,0.8666666666666667,0.1333333333333333,1.0,1.0,0.0,0.1333333333333333,1.0,0.8666666666666667,1,15
rel:11,relation_dossiers,rel:11|cond=rel:11:founding:anchor,rel:11:founding:anchor,oracle,80,15,rel:11|oracle|w80|-,75,0.9375,False,2,True,1.0,0.8,0.19999999999999996,1.0,0.8666666666666667,0.0,0.06666666666666665,1.0,0.9230769230769231,1,13,1.0,0.8333333333333334,0.16666666666666663,1.0,0.8666666666666667,0.0,0.033333333333333326,1.0,0.9230769230769231,1,13,1.0,0.9333333333333333,0.06666666666666665,1.0,1.0,0.0,0.06666666666666665,1.0,0.9333333333333333,1,15
rel:11,relation_dossiers,rel:11|cond=rel:11:founding:anchor,rel:11:founding:anchor,reusable,40,15,rel:11|reusable|w40|rel:11|cond=rel:11:founding:anchor,35,0.875,False,4,False,1.0,0.3333333333333333,0.6666666666666667,1.0,0.8666666666666667,0.0,0.5333333333333334,1.0,0.38461538461538464,1,13,1.0,0.41333333333333333,0.5866666666666667,1.0,0.8666666666666667,0.0,0.45333333333333337,1.0,0.47692307692307695,1,13,1.0,0.4,0.6,1.0,1.0,0.0,0.6,1.0,0.4,1,15
rel:11,relation_dossiers,rel:11|cond=rel:11:founding:anchor,rel:11:founding:anchor,reusable,80,15,rel:11|reusable|w80|rel:11|cond=rel:11:founding:anchor,72,0.9,False,3,False,1.0,0.5333333333333333,0.4666666666666667,1.0,0.8666666666666667,0.0,0.33333333333333337,1.0,0.6153846153846154,1,13,1.0,0.5666666666666667,0.43333333333333335,1.0,0.8666666666666667,0.0,0.30000000000000004,1.0,0.6538461538461539,1,13,1.0,0.5333333333333333,0.4666666666666667,1.0,1.0,0.0,0.4666666666666667,1.0,0.5333333333333333,1,15
rel:13,relation_dossiers,rel:13|cond=rel:13:custom:anchor,rel:13:custom:anchor,conditioned,40,15,rel:13|conditioned|w40|rel:13|cond=rel:13:custom:anchor,27,0.675,True,4,False,1.0,0.06666666666666667,0.9333333333333333,1.0,0.8666666666666667,0.0,0.8,1.0,0.07692307692307693,1,13,1.0,0.1111111111111111,0.8888888888888888,1.0,0.8666666666666667,0.0,0.7555555555555555,1.0,0.1282051282051282,1,13,1.0,0.06666666666666667,0.9333333333333333,1.0,1.0,0.0,0.9333333333333333,1.0,0.06666666666666667,1,15
rel:13,relation_dossiers,rel:13|cond=rel:13:custom:anchor,rel:13:custom:anchor,conditioned,80,15,rel:13|conditioned|w80|rel:13|cond=rel:13:custom:anchor,70,0.875,True,4,False,1.0,0.2,0.8,1.0,0.8666666666666667,0.0,0.6666666666666667,1.0,0.23076923076923078,1,13,1.0,0.2,0.8,1.0,0.8666666666666667,0.0,0.6666666666666667,1.0,0.23076923076923078,1,13,1.0,0.2,0.8,1.0,1.0,0.0,0.8,1.0,0.2,1,15
rel:13,relation_dossiers,rel:13|cond=rel:13:custom:anchor,rel:13:custom:anchor,generic,40,15,rel:13|generic|w40|-,37,0.925,False,3,True,1.0,0.3333333333333333,0.6666666666666667,1.0,0.8666666666666667,0.0,0.5333333333333334,1.0,0.38461538461538464,1,13,1.0,0.3333333333333333,0.6666666666666667,1.0,0.8666666666666667,0.0,0.5333333333333334,1.0,0.38461538461538464,1,13,1.0,0.4666666666666667,0.5333333333333333,1.0,1.0,0.0,0.5333333333333333,1.0,0.4666666666666667,1,15
rel:13,relation_dossiers,rel:13|cond=rel:13:custom:anchor,rel:13:custom:anchor,generic,80,15,rel:13|generic|w80|-,71,0.8875,False,4,True,1.0,0.6666666666666666,0.33333333333333337,1.0,0.8666666666666667,0.0,0.20000000000000007,1.0,0.7692307692307693,1,13,1.0,0.6666666666666666,0.33333333333333337,1.0,0.8666666666666667,0.0,0.20000000000000007,1.0,0.7692307692307693,1,13,1.0,0.8,0.19999999999999996,1.0,1.0,0.0,0.19999999999999996,1.0,0.8,1,15
rel:13,relation_dossiers,rel:13|cond=rel:13:custom:anchor,rel:13:custom:anchor,oracle,40,15,rel:13|oracle|w40|-,37,0.925,False,3,True,1.0,0.7333333333333333,0.2666666666666667,1.0,0.8666666666666667,0.0,0.13333333333333341,1.0,0.8461538461538461,1,13,1.0,0.888888888888889,0.11111111111111105,1.0,0.8666666666666667,0.0,-0.022222222222222254,1.0,0.9487179487179487,1,13,1.0,1.0,0.0,1.0,1.0,0.0,0.0,1.0,1.0,1,15
rel:13,relation_dossiers,rel:13|cond=rel:13:custom:anchor,rel:13:custom:anchor,oracle,80,15,rel:13|oracle|w80|-,75,0.9375,False,2,True,0.0,0.8666666666666667,-0.8666666666666667,1.0,0.8666666666666667,1.0,0.0,0.0,1.0,1,13,0.8,0.8666666666666667,-0.06666666666666665,1.0,0.8666666666666667,0.19999999999999996,0.0,0.8,1.0,1,13,1.0,1.0,0.0,1.0,1.0,0.0,0.0,1.0,1.0,1,15
rel:13,relation_dossiers,rel:13|cond=rel:13:custom:anchor,rel:13:custom:anchor,reusable,40,15,rel:13|reusable|w40|rel:13|cond=rel:13:custom:anchor,34,0.85,False,1,False,1.0,0.2,0.8,1.0,0.8666666666666667,0.0,0.6666666666666667,1.0,0.23076923076923078,1,13,1.0,0.2,0.8,1.0,0.8666666666666667,0.0,0.6666666666666667,1.0,0.23076923076923078,1,13,1.0,0.2,0.8,1.0,1.0,0.0,0.8,1.0,0.2,1,15
rel:13,relation_dossiers,rel:13|cond=rel:13:custom:anchor,rel:13:custom:anchor,reusable,80,15,rel:13|reusable|w80|rel:13|cond=rel:13:custom:anchor,80,1.0,False,3,False,1.0,0.26666666666666666,0.7333333333333334,1.0,0.8666666666666667,0.0,0.6000000000000001,1.0,0.3076923076923077,1,13,1.0,0.26666666666666666,0.7333333333333334,1.0,0.8666666666666667,0.0,0.6000000000000001,1.0,0.3076923076923077,1,13,1.0,0.26666666666666666,0.7333333333333334,1.0,1.0,0.0,0.7333333333333334,1.0,0.26666666666666666,1,15
rel:13,relation_dossiers,rel:13|cond=rel:13:facilities:anchor,rel:13:facilities:anchor,conditioned,40,15,rel:13|conditioned|w40|rel:13|cond=rel:13:facilities:anchor,35,0.875,False,1,False,0.0,0.06666666666666667,-0.06666666666666667,0.0,0.9333333333333333,0.0,0.8666666666666667,nan,0.07142857142857142,0,14,0.0,0.06666666666666667,-0.06666666666666667,0.0,0.9333333333333333,0.0,0.8666666666666667,nan,0.07142857142857142,0,14,1.0,0.13333333333333333,0.8666666666666667,1.0,1.0,0.0,0.8666666666666667,1.0,0.13333333333333333,1,15
rel:13,relation_dossiers,rel:13|cond=rel:13:facilities:anchor,rel:13:facilities:anchor,conditioned,80,15,rel:13|conditioned|w80|rel:13|cond=rel:13:facilities:anchor,78,0.975,False,3,False,0.0,0.4,-0.4,0.0,0.9333333333333333,0.0,0.5333333333333333,nan,0.42857142857142855,0,14,0.0,0.4,-0.4,0.0,0.9333333333333333,0.0,0.5333333333333333,nan,0.42857142857142855,0,14,1.0,0.4666666666666667,0.5333333333333333,1.0,1.0,0.0,0.5333333333333333,1.0,0.4666666666666667,1,15
rel:13,relation_dossiers,rel:13|cond=rel:13:facilities:anchor,rel:13:facilities:anchor,generic,40,15,rel:13|generic|w40|-,37,0.925,False,3,True,0.0,0.4,-0.4,0.0,0.9333333333333333,0.0,0.5333333333333333,nan,0.42857142857142855,0,14,0.0,0.4,-0.4,0.0,0.9333333333333333,0.0,0.5333333333333333,nan,0.42857142857142855,0,14,1.0,0.4666666666666667,0.5333333333333333,1.0,1.0,0.0,0.5333333333333333,1.0,0.4666666666666667,1,15
rel:13,relation_dossiers,rel:13|cond=rel:13:facilities:anchor,rel:13:facilities:anchor,generic,80,15,rel:13|generic|w80|-,71,0.8875,False,4,True,0.0,0.7333333333333333,-0.7333333333333333,0.0,0.9333333333333333,0.0,0.20000000000000007,nan,0.7857142857142857,0,14,0.0,0.7333333333333333,-0.7333333333333333,0.0,0.9333333333333333,0.0,0.20000000000000007,nan,0.7857142857142857,0,14,1.0,0.8,0.19999999999999996,1.0,1.0,0.0,0.19999999999999996,1.0,0.8,1,15
rel:13,relation_dossiers,rel:13|cond=rel:13:facilities:anchor,rel:13:facilities:anchor,oracle,40,15,rel:13|oracle|w40|-,37,0.925,False,3,True,0.0,0.8,-0.8,0.0,0.9333333333333333,0.0,0.1333333333333333,nan,0.8571428571428571,0,14,0.5,0.9222222222222222,-0.42222222222222217,0.0,0.9333333333333333,-0.5,0.011111111111111183,nan,0.9523809523809523,0,14,1.0,1.0,0.0,1.0,1.0,0.0,0.0,1.0,1.0,1,15
rel:13,relation_dossiers,rel:13|cond=rel:13:facilities:anchor,rel:13:facilities:anchor,oracle,80,15,rel:13|oracle|w80|-,75,0.9375,False,2,True,0.0,0.8666666666666667,-0.8666666666666667,0.0,0.9333333333333333,0.0,0.06666666666666665,nan,0.9285714285714286,0,14,0.0,0.92,-0.92,0.0,0.9333333333333333,0.0,0.013333333333333308,nan,0.9857142857142858,0,14,1.0,1.0,0.0,1.0,1.0,0.0,0.0,1.0,1.0,1,15
rel:13,relation_dossiers,rel:13|cond=rel:13:facilities:anchor,rel:13:facilities:anchor,reusable,40,15,rel:13|reusable|w40|rel:13|cond=rel:13:facilities:anchor,40,1.0,False,2,False,0.0,0.26666666666666666,-0.26666666666666666,0.0,0.9333333333333333,0.0,0.6666666666666667,nan,0.2857142857142857,0,14,0.0,0.26666666666666666,-0.26666666666666666,0.0,0.9333333333333333,0.0,0.6666666666666667,nan,0.2857142857142857,0,14,1.0,0.3333333333333333,0.6666666666666667,1.0,1.0,0.0,0.6666666666666667,1.0,0.3333333333333333,1,15
rel:13,relation_dossiers,rel:13|cond=rel:13:facilities:anchor,rel:13:facilities:anchor,reusable,80,15,rel:13|reusable|w80|rel:13|cond=rel:13:facilities:anchor,76,0.95,False,1,False,0.0,0.26666666666666666,-0.26666666666666666,0.0,0.9333333333333333,0.0,0.6666666666666667,nan,0.2857142857142857,0,14,0.0,0.26666666666666666,-0.26666666666666666,0.0,0.9333333333333333,0.0,0.6666666666666667,nan,0.2857142857142857,0,14,1.0,0.3333333333333333,0.6666666666666667,1.0,1.0,0.0,0.6666666666666667,1.0,0.3333333333333333,1,15
rel:13,relation_dossiers,rel:13|cond=rel:13:finance:anchor,rel:13:finance:anchor,conditioned,40,15,rel:13|conditioned|w40|rel:13|cond=rel:13:finance:anchor,40,1.0,False,4,False,1.0,0.06666666666666667,0.9333333333333333,1.0,0.8666666666666667,0.0,0.8,1.0,0.07692307692307693,1,13,1.0,0.15555555555555553,0.8444444444444444,1.0,0.8666666666666667,0.0,0.7111111111111111,1.0,0.17948717948717946,1,13,1.0,0.13333333333333333,0.8666666666666667,1.0,1.0,0.0,0.8666666666666667,1.0,0.13333333333333333,1,15
rel:13,relation_dossiers,rel:13|cond=rel:13:finance:anchor,rel:13:finance:anchor,conditioned,80,15,rel:13|conditioned|w80|rel:13|cond=rel:13:finance:anchor,71,0.8875,False,2,False,1.0,0.3333333333333333,0.6666666666666667,1.0,0.8666666666666667,0.0,0.5333333333333334,1.0,0.38461538461538464,1,13,1.0,0.3333333333333333,0.6666666666666667,1.0,0.8666666666666667,0.0,0.5333333333333334,1.0,0.38461538461538464,1,13,1.0,0.3333333333333333,0.6666666666666667,1.0,1.0,0.0,0.6666666666666667,1.0,0.3333333333333333,1,15
rel:13,relation_dossiers,rel:13|cond=rel:13:finance:anchor,rel:13:finance:anchor,generic,40,15,rel:13|generic|w40|-,37,0.925,False,3,True,0.0,0.4,-0.4,1.0,0.8666666666666667,1.0,0.4666666666666667,0.0,0.46153846153846156,1,13,0.0,0.4,-0.4,1.0,0.8666666666666667,1.0,0.4666666666666667,0.0,0.46153846153846156,1,13,0.0,0.5333333333333333,-0.5333333333333333,1.0,1.0,1.0,0.4666666666666667,0.0,0.5333333333333333,1,15
rel:13,relation_dossiers,rel:13|cond=rel:13:finance:anchor,rel:13:finance:anchor,generic,80,15,rel:13|generic|w80|-,71,0.8875,False,4,True,1.0,0.6666666666666666,0.33333333333333337,1.0,0.8666666666666667,0.0,0.20000000000000007,1.0,0.7692307692307693,1,13,1.0,0.6666666666666666,0.33333333333333337,1.0,0.8666666666666667,0.0,0.20000000000000007,1.0,0.7692307692307693,1,13,1.0,0.8,0.19999999999999996,1.0,1.0,0.0,0.19999999999999996,1.0,0.8,1,15
rel:13,relation_dossiers,rel:13|cond=rel:13:finance:anchor,rel:13:finance:anchor,oracle,40,15,rel:13|oracle|w40|-,37,0.925,False,3,True,0.0,0.8,-0.8,1.0,0.8666666666666667,1.0,0.06666666666666665,0.0,0.9230769230769231,1,13,0.6666666666666666,0.9111111111111112,-0.24444444444444458,1.0,0.8666666666666667,0.33333333333333337,-0.04444444444444451,0.6666666666666666,0.9743589743589743,1,13,1.0,1.0,0.0,1.0,1.0,0.0,0.0,1.0,1.0,1,15
rel:13,relation_dossiers,rel:13|cond=rel:13:finance:anchor,rel:13:finance:anchor,oracle,80,15,rel:13|oracle|w80|-,75,0.9375,False,2,True,1.0,0.8,0.19999999999999996,1.0,0.8666666666666667,0.0,0.06666666666666665,1.0,0.9230769230769231,1,13,1.0,0.8533333333333334,0.1466666666666666,1.0,0.8666666666666667,0.0,0.013333333333333308,1.0,0.9846153846153847,1,13,1.0,1.0,0.0,1.0,1.0,0.0,0.0,1.0,1.0,1,15
rel:13,relation_dossiers,rel:13|cond=rel:13:finance:anchor,rel:13:finance:anchor,reusable,40,15,rel:13|reusable|w40|rel:13|cond=rel:13:finance:anchor,39,0.975,False,1,False,1.0,0.2,0.8,1.0,0.8666666666666667,0.0,0.6666666666666667,1.0,0.23076923076923078,1,13,1.0,0.2,0.8,1.0,0.8666666666666667,0.0,0.6666666666666667,1.0,0.23076923076923078,1,13,1.0,0.2,0.8,1.0,1.0,0.0,0.8,1.0,0.2,1,15
rel:13,relation_dossiers,rel:13|cond=rel:13:finance:anchor,rel:13:finance:anchor,reusable,80,15,rel:13|reusable|w80|rel:13|cond=rel:13:finance:anchor,76,0.95,False,4,False,1.0,0.4,0.6,1.0,0.8666666666666667,0.0,0.4666666666666667,1.0,0.46153846153846156,1,13,1.0,0.5066666666666666,0.4933333333333334,1.0,0.8666666666666667,0.0,0.3600000000000001,1.0,0.5846153846153845,1,13,1.0,0.6666666666666666,0.33333333333333337,1.0,1.0,0.0,0.33333333333333337,1.0,0.6666666666666666,1,15
rel:13,relation_dossiers,rel:13|cond=rel:13:founding:anchor,rel:13:founding:anchor,conditioned,40,15,rel:13|conditioned|w40|rel:13|cond=rel:13:founding:anchor,37,0.925,False,3,False,1.0,0.2,0.8,1.0,0.8666666666666667,0.0,0.6666666666666667,1.0,0.23076923076923078,1,13,1.0,0.2,0.8,1.0,0.8666666666666667,0.0,0.6666666666666667,1.0,0.23076923076923078,1,13,1.0,0.2,0.8,1.0,1.0,0.0,0.8,1.0,0.2,1,15
rel:13,relation_dossiers,rel:13|cond=rel:13:founding:anchor,rel:13:founding:anchor,conditioned,80,15,rel:13|conditioned|w80|rel:13|cond=rel:13:founding:anchor,78,0.975,False,4,False,1.0,0.4666666666666667,0.5333333333333333,1.0,0.8666666666666667,0.0,0.4,1.0,0.5384615384615384,1,13,1.0,0.4666666666666667,0.5333333333333333,1.0,0.8666666666666667,0.0,0.4,1.0,0.5384615384615384,1,13,1.0,0.4666666666666667,0.5333333333333333,1.0,1.0,0.0,0.5333333333333333,1.0,0.4666666666666667,1,15
rel:13,relation_dossiers,rel:13|cond=rel:13:founding:anchor,rel:13:founding:anchor,generic,40,15,rel:13|generic|w40|-,37,0.925,False,3,True,1.0,0.3333333333333333,0.6666666666666667,1.0,0.8666666666666667,0.0,0.5333333333333334,1.0,0.38461538461538464,1,13,1.0,0.3333333333333333,0.6666666666666667,1.0,0.8666666666666667,0.0,0.5333333333333334,1.0,0.38461538461538464,1,13,1.0,0.4666666666666667,0.5333333333333333,1.0,1.0,0.0,0.5333333333333333,1.0,0.4666666666666667,1,15
rel:13,relation_dossiers,rel:13|cond=rel:13:founding:anchor,rel:13:founding:anchor,generic,80,15,rel:13|generic|w80|-,71,0.8875,False,4,True,1.0,0.6666666666666666,0.33333333333333337,1.0,0.8666666666666667,0.0,0.20000000000000007,1.0,0.7692307692307693,1,13,1.0,0.6666666666666666,0.33333333333333337,1.0,0.8666666666666667,0.0,0.20000000000000007,1.0,0.7692307692307693,1,13,1.0,0.8,0.19999999999999996,1.0,1.0,0.0,0.19999999999999996,1.0,0.8,1,15
rel:13,relation_dossiers,rel:13|cond=rel:13:founding:anchor,rel:13:founding:anchor,oracle,40,15,rel:13|oracle|w40|-,37,0.925,False,3,True,1.0,0.7333333333333333,0.2666666666666667,1.0,0.8666666666666667,0.0,0.13333333333333341,1.0,0.8461538461538461,1,13,1.0,0.8888888888888888,0.11111111111111116,1.0,0.8666666666666667,0.0,-0.022222222222222143,1.0,0.9487179487179487,1,13,1.0,1.0,0.0,1.0,1.0,0.0,0.0,1.0,1.0,1,15
rel:13,relation_dossiers,rel:13|cond=rel:13:founding:anchor,rel:13:founding:anchor,oracle,80,15,rel:13|oracle|w80|-,75,0.9375,False,2,True,1.0,0.8,0.19999999999999996,1.0,0.8666666666666667,0.0,0.06666666666666665,1.0,0.9230769230769231,1,13,1.0,0.8533333333333334,0.1466666666666666,1.0,0.8666666666666667,0.0,0.013333333333333308,1.0,0.9846153846153847,1,13,1.0,1.0,0.0,1.0,1.0,0.0,0.0,1.0,1.0,1,15
rel:13,relation_dossiers,rel:13|cond=rel:13:founding:anchor,rel:13:founding:anchor,reusable,40,15,rel:13|reusable|w40|rel:13|cond=rel:13:founding:anchor,37,0.925,False,4,False,1.0,0.13333333333333333,0.8666666666666667,1.0,0.8666666666666667,0.0,0.7333333333333334,1.0,0.15384615384615385,1,13,1.0,0.13333333333333333,0.8666666666666667,1.0,0.8666666666666667,0.0,0.7333333333333334,1.0,0.15384615384615385,1,13,1.0,0.13333333333333333,0.8666666666666667,1.0,1.0,0.0,0.8666666666666667,1.0,0.13333333333333333,1,15
rel:13,relation_dossiers,rel:13|cond=rel:13:founding:anchor,rel:13:founding:anchor,reusable,80,15,rel:13|reusable|w80|rel:13|cond=rel:13:founding:anchor,74,0.925,False,1,False,1.0,0.3333333333333333,0.6666666666666667,1.0,0.8666666666666667,0.0,0.5333333333333334,1.0,0.38461538461538464,1,13,1.0,0.3777777777777777,0.6222222222222222,1.0,0.8666666666666667,0.0,0.488888888888889,1.0,0.43589743589743585,1,13,1.0,0.3333333333333333,0.6666666666666667,1.0,1.0,0.0,0.6666666666666667,1.0,0.3333333333333333,1,15
rel:14,relation_dossiers,rel:14|cond=rel:14:custom:anchor,rel:14:custom:anchor,conditioned,40,15,rel:14|conditioned|w40|rel:14|cond=rel:14:custom:anchor,35,0.875,False,4,False,1.0,0.06666666666666667,0.9333333333333333,1.0,0.7333333333333333,0.0,0.6666666666666666,1.0,0.09090909090909091,1,11,1.0,0.09333333333333332,0.9066666666666667,1.0,0.8200000000000001,0.0,0.7266666666666668,1.0,0.10769230769230768,1,13,1.0,0.13333333333333333,0.8666666666666667,1.0,1.0,0.0,0.8666666666666667,1.0,0.13333333333333333,1,15
rel:14,relation_dossiers,rel:14|cond=rel:14:custom:anchor,rel:14:custom:anchor,conditioned,80,15,rel:14|conditioned|w80|rel:14|cond=rel:14:custom:anchor,79,0.9875,False,4,False,1.0,0.26666666666666666,0.7333333333333334,1.0,0.7333333333333333,0.0,0.4666666666666666,1.0,0.36363636363636365,1,11,1.0,0.26666666666666666,0.7333333333333334,1.0,0.8200000000000001,0.0,0.5533333333333335,1.0,0.3076923076923077,1,13,1.0,0.26666666666666666,0.7333333333333334,1.0,1.0,0.0,0.7333333333333334,1.0,0.26666666666666666,1,15
rel:14,relation_dossiers,rel:14|cond=rel:14:custom:anchor,rel:14:custom:anchor,generic,40,15,rel:14|generic|w40|-,35,0.875,False,3,True,1.0,0.3333333333333333,0.6666666666666667,1.0,0.7333333333333333,0.0,0.39999999999999997,1.0,0.45454545454545453,1,11,1.0,0.52,0.48,1.0,0.8200000000000001,0.0,0.30000000000000004,1.0,0.6,1,13,1.0,0.6666666666666666,0.33333333333333337,1.0,1.0,0.0,0.33333333333333337,1.0,0.6666666666666666,1,15
rel:14,relation_dossiers,rel:14|cond=rel:14:custom:anchor,rel:14:custom:anchor,generic,80,15,rel:14|generic|w80|-,71,0.8875,False,1,True,0.0,0.4,-0.4,1.0,0.7333333333333333,1.0,0.33333333333333326,0.0,0.5454545454545454,1,11,0.0,0.5533333333333333,-0.5533333333333333,1.0,0.8200000000000001,1.0,0.2666666666666667,0.0,0.6384615384615385,1,13,0.0,0.6666666666666666,-0.6666666666666666,1.0,1.0,1.0,0.33333333333333337,0.0,0.6666666666666666,1,15
rel:14,relation_dossiers,rel:14|cond=rel:14:custom:anchor,rel:14:custom:anchor,oracle,40,15,rel:14|oracle|w40|-,37,0.925,False,4,True,1.0,0.8,0.19999999999999996,1.0,0.7333333333333333,0.0,-0.06666666666666676,1.0,1.0,1,11,1.0,0.8,0.19999999999999996,1.0,0.8200000000000001,0.0,0.020000000000000018,1.0,0.9230769230769231,1,13,1.0,0.9333333333333333,0.06666666666666665,1.0,1.0,0.0,0.06666666666666665,1.0,0.9333333333333333,1,15
rel:14,relation_dossiers,rel:14|cond=rel:14:custom:anchor,rel:14:custom:anchor,oracle,80,15,rel:14|oracle|w80|-,71,0.8875,False,2,True,1.0,0.7333333333333333,0.2666666666666667,1.0,0.7333333333333333,0.0,0.0,1.0,1.0,1,11,1.0,0.8200000000000001,0.17999999999999994,1.0,0.8200000000000001,0.0,0.0,1.0,0.9461538461538462,1,13,1.0,1.0,0.0,1.0,1.0,0.0,0.0,1.0,1.0,1,15
rel:14,relation_dossiers,rel:14|cond=rel:14:custom:anchor,rel:14:custom:anchor,reusable,40,15,rel:14|reusable|w40|rel:14|cond=rel:14:custom:anchor,35,0.875,False,1,False,1.0,0.2,0.8,1.0,0.7333333333333333,0.0,0.5333333333333332,1.0,0.2727272727272727,1,11,1.0,0.2,0.8,1.0,0.8200000000000001,0.0,0.6200000000000001,1.0,0.23076923076923078,1,13,1.0,0.2,0.8,1.0,1.0,0.0,0.8,1.0,0.2,1,15
rel:14,relation_dossiers,rel:14|cond=rel:14:custom:anchor,rel:14:custom:anchor,reusable,80,15,rel:14|reusable|w80|rel:14|cond=rel:14:custom:anchor,68,0.85,False,3,False,1.0,0.26666666666666666,0.7333333333333334,1.0,0.7333333333333333,0.0,0.4666666666666666,1.0,0.36363636363636365,1,11,1.0,0.35333333333333333,0.6466666666666667,1.0,0.8200000000000001,0.0,0.46666666666666673,1.0,0.4076923076923077,1,13,1.0,0.4,0.6,1.0,1.0,0.0,0.6,1.0,0.4,1,15
rel:14,relation_dossiers,rel:14|cond=rel:14:facilities:anchor,rel:14:facilities:anchor,conditioned,40,15,rel:14|conditioned|w40|rel:14|cond=rel:14:facilities:anchor,39,0.975,False,4,False,0.0,0.06666666666666667,-0.06666666666666667,0.0,0.8,0.0,0.7333333333333334,nan,0.08333333333333333,0,12,0.0,0.09333333333333332,-0.09333333333333332,0.0,0.8866666666666667,0.0,0.7933333333333334,nan,0.09999999999999999,0,14,1.0,0.13333333333333333,0.8666666666666667,1.0,1.0,0.0,0.8666666666666667,1.0,0.13333333333333333,1,15
rel:14,relation_dossiers,rel:14|cond=rel:14:facilities:anchor,rel:14:facilities:anchor,conditioned,80,15,rel:14|conditioned|w80|rel:14|cond=rel:14:facilities:anchor,70,0.875,False,2,False,0.0,0.13333333333333333,-0.13333333333333333,0.0,0.8,0.0,0.6666666666666667,nan,0.16666666666666666,0,12,0.0,0.16,-0.16,0.0,0.8866666666666667,0.0,0.7266666666666667,nan,0.17142857142857143,0,14,1.0,0.2,0.8,1.0,1.0,0.0,0.8,1.0,0.2,1,15
rel:14,relation_dossiers,rel:14|cond=rel:14:facilities:anchor,rel:14:facilities:anchor,generic,40,15,rel:14|generic|w40|-,35,0.875,False,3,True,0.0,0.4,-0.4,0.0,0.8,0.0,0.4,nan,0.5,0,12,0.0,0.5866666666666667,-0.5866666666666667,0.0,0.8866666666666667,0.0,0.30000000000000004,nan,0.6285714285714287,0,14,1.0,0.6666666666666666,0.33333333333333337,1.0,1.0,0.0,0.33333333333333337,1.0,0.6666666666666666,1,15
rel:14,relation_dossiers,rel:14|cond=rel:14:facilities:anchor,rel:14:facilities:anchor,generic,80,15,rel:14|generic|w80|-,71,0.8875,False,1,True,0.0,0.4,-0.4,0.0,0.8,0.0,0.4,nan,0.5,0,12,0.0,0.5533333333333333,-0.5533333333333333,0.0,0.8866666666666667,0.0,0.33333333333333337,nan,0.5928571428571429,0,14,1.0,0.6,0.4,1.0,1.0,0.0,0.4,1.0,0.6,1,15
rel:14,relation_dossiers,rel:14|cond=rel:14:facilities:anchor,rel:14:facilities:anchor,oracle,40,15,rel:14|oracle|w40|-,37,0.925,False,4,True,0.0,0.8666666666666667,-0.8666666666666667,0.0,0.8,0.0,-0.06666666666666665,nan,1.0,0,12,0.0,0.8666666666666667,-0.8666666666666667,0.0,0.8866666666666667,0.0,0.020000000000000018,nan,0.9285714285714286,0,14,1.0,0.9333333333333333,0.06666666666666665,1.0,1.0,0.0,0.06666666666666665,1.0,0.9333333333333333,1,15
rel:14,relation_dossiers,rel:14|cond=rel:14:facilities:anchor,rel:14:facilities:anchor,oracle,80,15,rel:14|oracle|w80|-,71,0.8875,False,2,True,0.0,0.8,-0.8,0.0,0.8,0.0,0.0,nan,1.0,0,12,0.0,0.8866666666666667,-0.8866666666666667,0.0,0.8866666666666667,0.0,0.0,nan,0.9500000000000001,0,14,1.0,1.0,0.0,1.0,1.0,0.0,0.0,1.0,1.0,1,15
rel:14,relation_dossiers,rel:14|cond=rel:14:facilities:anchor,rel:14:facilities:anchor,reusable,40,15,rel:14|reusable|w40|rel:14|cond=rel:14:facilities:anchor,35,0.875,False,3,False,0.0,0.06666666666666667,-0.06666666666666667,0.0,0.8,0.0,0.7333333333333334,nan,0.08333333333333333,0,12,0.0,0.18666666666666665,-0.18666666666666665,0.0,0.8866666666666667,0.0,0.7000000000000001,nan,0.19999999999999998,0,14,1.0,0.3333333333333333,0.6666666666666667,1.0,1.0,0.0,0.6666666666666667,1.0,0.3333333333333333,1,15
rel:14,relation_dossiers,rel:14|cond=rel:14:facilities:anchor,rel:14:facilities:anchor,reusable,80,15,rel:14|reusable|w80|rel:14|cond=rel:14:facilities:anchor,73,0.9125,False,1,False,0.0,0.26666666666666666,-0.26666666666666666,0.0,0.8,0.0,0.5333333333333334,nan,0.3333333333333333,0,12,0.0,0.26666666666666666,-0.26666666666666666,0.0,0.8866666666666667,0.0,0.6200000000000001,nan,0.2857142857142857,0,14,1.0,0.3333333333333333,0.6666666666666667,1.0,1.0,0.0,0.6666666666666667,1.0,0.3333333333333333,1,15
rel:14,relation_dossiers,rel:14|cond=rel:14:finance:anchor,rel:14:finance:anchor,conditioned,40,15,rel:14|conditioned|w40|rel:14|cond=rel:14:finance:anchor,40,1.0,False,2,False,0.0,0.06666666666666667,-0.06666666666666667,1.0,0.7333333333333333,1.0,0.6666666666666666,0.0,0.09090909090909091,1,11,0.5,0.12666666666666665,0.37333333333333335,1.0,0.8200000000000001,0.5,0.6933333333333334,0.5,0.14615384615384613,1,13,1.0,0.13333333333333333,0.8666666666666667,1.0,1.0,0.0,0.8666666666666667,1.0,0.13333333333333333,1,15
rel:14,relation_dossiers,rel:14|cond=rel:14:finance:anchor,rel:14:finance:anchor,conditioned,80,15,rel:14|conditioned|w80|rel:14|cond=rel:14:finance:anchor,74,0.925,False,2,False,1.0,0.13333333333333333,0.8666666666666667,1.0,0.7333333333333333,0.0,0.6,1.0,0.18181818181818182,1,11,1.0,0.13333333333333333,0.8666666666666667,1.0,0.8200000000000001,0.0,0.6866666666666668,1.0,0.15384615384615385,1,13,1.0,0.2,0.8,1.0,1.0,0.0,0.8,1.0,0.2,1,15
rel:14,relation_dossiers,rel:14|cond=rel:14:finance:anchor,rel:14:finance:anchor,generic,40,15,rel:14|generic|w40|-,35,0.875,False,3,True,0.0,0.4,-0.4,1.0,0.7333333333333333,1.0,0.33333333333333326,0.0,0.5454545454545454,1,11,0.5,0.5533333333333333,-0.053333333333333344,1.0,0.8200000000000001,0.5,0.2666666666666667,0.5,0.6384615384615385,1,13,1.0,0.6666666666666666,0.33333333333333337,1.0,1.0,0.0,0.33333333333333337,1.0,0.6666666666666666,1,15
rel:14,relation_dossiers,rel:14|cond=rel:14:finance:anchor,rel:14:finance:anchor,generic,80,15,rel:14|generic|w80|-,71,0.8875,False,1,True,1.0,0.3333333333333333,0.6666666666666667,1.0,0.7333333333333333,0.0,0.39999999999999997,1.0,0.45454545454545453,1,11,1.0,0.48666666666666664,0.5133333333333334,1.0,0.8200000000000001,0.0,0.3333333333333334,1.0,0.5615384615384615,1,13,1.0,0.6,0.4,1.0,1.0,0.0,0.4,1.0,0.6,1,15
rel:14,relation_dossiers,rel:14|cond=rel:14:finance:anchor,rel:14:finance:anchor,oracle,40,15,rel:14|oracle|w40|-,37,0.925,False,4,True,1.0,0.8,0.19999999999999996,1.0,0.7333333333333333,0.0,-0.06666666666666676,1.0,1.0,1,11,1.0,0.8,0.19999999999999996,1.0,0.8200000000000001,0.0,0.020000000000000018,1.0,0.9230769230769231,1,13,1.0,0.9333333333333333,0.06666666666666665,1.0,1.0,0.0,0.06666666666666665,1.0,0.9333333333333333,1,15
rel:14,relation_dossiers,rel:14|cond=rel:14:finance:anchor,rel:14:finance:anchor,oracle,80,15,rel:14|oracle|w80|-,71,0.8875,False,2,True,1.0,0.7333333333333333,0.2666666666666667,1.0,0.7333333333333333,0.0,0.0,1.0,1.0,1,11,1.0,0.8200000000000001,0.17999999999999994,1.0,0.8200000000000001,0.0,0.0,1.0,0.9461538461538462,1,13,1.0,1.0,0.0,1.0,1.0,0.0,0.0,1.0,1.0,1,15
rel:14,relation_dossiers,rel:14|cond=rel:14:finance:anchor,rel:14:finance:anchor,reusable,40,15,rel:14|reusable|w40|rel:14|cond=rel:14:finance:anchor,36,0.9,False,3,False,0.0,0.13333333333333333,-0.13333333333333333,1.0,0.7333333333333333,1.0,0.6,0.0,0.09090909090909091,1,11,0.5,0.16666666666666666,0.33333333333333337,1.0,0.8200000000000001,0.5,0.6533333333333334,0.5,0.19230769230769232,1,13,1.0,0.2,0.8,1.0,1.0,0.0,0.8,1.0,0.2,1,15
rel:14,relation_dossiers,rel:14|cond=rel:14:finance:anchor,rel:14:finance:anchor,reusable,80,15,rel:14|reusable|w80|rel:14|cond=rel:14:finance:anchor,72,0.9,False,1,False,1.0,0.2,0.8,1.0,0.7333333333333333,0.0,0.5333333333333332,1.0,0.2727272727272727,1,11,1.0,0.2,0.8,1.0,0.8200000000000001,0.0,0.6200000000000001,1.0,0.23076923076923078,1,13,1.0,0.26666666666666666,0.7333333333333334,1.0,1.0,0.0,0.7333333333333334,1.0,0.26666666666666666,1,15
rel:14,relation_dossiers,rel:14|cond=rel:14:founding:anchor,rel:14:founding:anchor,conditioned,40,15,rel:14|conditioned|w40|rel:14|cond=rel:14:founding:anchor,35,0.875,False,2,False,1.0,0.2,0.8,1.0,0.7333333333333333,0.0,0.5333333333333332,1.0,0.2727272727272727,1,11,1.0,0.22666666666666666,0.7733333333333333,1.0,0.8200000000000001,0.0,0.5933333333333334,1.0,0.26153846153846155,1,13,1.0,0.2,0.8,1.0,1.0,0.0,0.8,1.0,0.2,1,15
rel:14,relation_dossiers,rel:14|cond=rel:14:founding:anchor,rel:14:founding:anchor,conditioned,80,15,rel:14|conditioned|w80|rel:14|cond=rel:14:founding:anchor,70,0.875,False,2,False,1.0,0.2,0.8,1.0,0.7333333333333333,0.0,0.5333333333333332,1.0,0.2727272727272727,1,11,1.0,0.22666666666666666,0.7733333333333333,1.0,0.8200000000000001,0.0,0.5933333333333334,1.0,0.26153846153846155,1,13,1.0,0.2,0.8,1.0,1.0,0.0,0.8,1.0,0.2,1,15
rel:14,relation_dossiers,rel:14|cond=rel:14:founding:anchor,rel:14:founding:anchor,generic,40,15,rel:14|generic|w40|-,35,0.875,False,3,True,0.0,0.4,-0.4,1.0,0.7333333333333333,1.0,0.33333333333333326,0.0,0.5454545454545454,1,11,0.5,0.5533333333333333,-0.053333333333333344,1.0,0.8200000000000001,0.5,0.2666666666666667,0.5,0.6384615384615385,1,13,0.0,0.7333333333333333,-0.7333333333333333,1.0,1.0,1.0,0.2666666666666667,0.0,0.7333333333333333,1,15
rel:14,relation_dossiers,rel:14|cond=rel:14:founding:anchor,rel:14:founding:anchor,generic,80,15,rel:14|generic|w80|-,71,0.8875,False,1,True,0.0,0.4,-0.4,1.0,0.7333333333333333,1.0,0.33333333333333326,0.0,0.5454545454545454,1,11,0.5,0.52,-0.020000000000000018,1.0,0.8200000000000001,0.5,0.30000000000000004,0.5,0.6,1,13,0.0,0.6666666666666666,-0.6666666666666666,1.0,1.0,1.0,0.33333333333333337,0.0,0.6666666666666666,1,15
rel:14,relation_dossiers,rel:14|cond=rel:14:founding:anchor,rel:14:founding:anchor,oracle,40,15,rel:14|oracle|w40|-,37,0.925,False,4,True,1.0,0.8,0.19999999999999996,1.0,0.7333333333333333,0.0,-0.06666666666666676,1.0,1.0,1,11,1.0,0.8,0.19999999999999996,1.0,0.8200000000000001,0.0,0.020000000000000018,1.0,0.9230769230769231,1,13,1.0,0.9333333333333333,0.06666666666666665,1.0,1.0,0.0,0.06666666666666665,1.0,0.9333333333333333,1,15
rel:14,relation_dossiers,rel:14|cond=rel:14:founding:anchor,rel:14:founding:anchor,oracle,80,15,rel:14|oracle|w80|-,71,0.8875,False,2,True,1.0,0.7333333333333333,0.2666666666666667,1.0,0.7333333333333333,0.0,0.0,1.0,1.0,1,11,1.0,0.8200000000000001,0.17999999999999994,1.0,0.8200000000000001,0.0,0.0,1.0,0.9461538461538462,1,13,1.0,1.0,0.0,1.0,1.0,0.0,0.0,1.0,1.0,1,15
rel:14,relation_dossiers,rel:14|cond=rel:14:founding:anchor,rel:14:founding:anchor,reusable,40,15,rel:14|reusable|w40|rel:14|cond=rel:14:founding:anchor,36,0.9,False,3,False,1.0,0.3333333333333333,0.6666666666666667,1.0,0.7333333333333333,0.0,0.39999999999999997,1.0,0.45454545454545453,1,11,1.0,0.4466666666666666,0.5533333333333335,1.0,0.8200000000000001,0.0,0.37333333333333346,1.0,0.5153846153846153,1,13,1.0,0.6,0.4,1.0,1.0,0.0,0.4,1.0,0.6,1,15
rel:14,relation_dossiers,rel:14|cond=rel:14:founding:anchor,rel:14:founding:anchor,reusable,80,15,rel:14|reusable|w80|rel:14|cond=rel:14:founding:anchor,78,0.975,False,2,False,1.0,0.4666666666666667,0.5333333333333333,1.0,0.7333333333333333,0.0,0.2666666666666666,1.0,0.6363636363636364,1,11,1.0,0.52,0.48,1.0,0.8200000000000001,0.0,0.30000000000000004,1.0,0.6,1,13,1.0,0.8,0.19999999999999996,1.0,1.0,0.0,0.19999999999999996,1.0,0.8,1,15
rel:15,relation_dossiers,rel:15|cond=rel:15:custom:anchor,rel:15:custom:anchor,conditioned,40,15,rel:15|conditioned|w40|rel:15|cond=rel:15:custom:anchor,35,0.875,False,3,False,1.0,0.13333333333333333,0.8666666666666667,1.0,0.8,0.0,0.6666666666666667,1.0,0.16666666666666666,1,12,1.0,0.13333333333333333,0.8666666666666667,1.0,0.8444444444444444,0.0,0.7111111111111111,1.0,0.15384615384615385,1,13,1.0,0.26666666666666666,0.7333333333333334,1.0,1.0,0.0,0.7333333333333334,1.0,0.26666666666666666,1,15
rel:15,relation_dossiers,rel:15|cond=rel:15:custom:anchor,rel:15:custom:anchor,conditioned,80,15,rel:15|conditioned|w80|rel:15|cond=rel:15:custom:anchor,74,0.925,False,2,False,1.0,0.13333333333333333,0.8666666666666667,1.0,0.8,0.0,0.6666666666666667,1.0,0.16666666666666666,1,12,1.0,0.13333333333333333,0.8666666666666667,1.0,0.8444444444444444,0.0,0.7111111111111111,1.0,0.15384615384615385,1,13,1.0,0.13333333333333333,0.8666666666666667,1.0,1.0,0.0,0.8666666666666667,1.0,0.13333333333333333,1,15
rel:15,relation_dossiers,rel:15|cond=rel:15:custom:anchor,rel:15:custom:anchor,generic,40,15,rel:15|generic|w40|-,33,0.825,True,4,True,0.0,0.13333333333333333,-0.13333333333333333,1.0,0.8,1.0,0.6666666666666667,0.0,0.16666666666666666,1,12,0.0,0.24444444444444444,-0.24444444444444444,1.0,0.8444444444444444,1.0,0.6,0.0,0.28205128205128205,1,13,0.0,0.26666666666666666,-0.26666666666666666,1.0,1.0,1.0,0.7333333333333334,0.0,0.26666666666666666,1,15
rel:15,relation_dossiers,rel:15|cond=rel:15:custom:anchor,rel:15:custom:anchor,generic,80,15,rel:15|generic|w80|-,74,0.925,False,2,True,1.0,0.4666666666666667,0.5333333333333333,1.0,0.8,0.0,0.33333333333333337,1.0,0.5833333333333334,1,12,1.0,0.5777777777777777,0.4222222222222223,1.0,0.8444444444444444,0.0,0.2666666666666667,1.0,0.6666666666666666,1,13,1.0,0.6,0.4,1.0,1.0,0.0,0.4,1.0,0.6,1,15
rel:15,relation_dossiers,rel:15|cond=rel:15:custom:anchor,rel:15:custom:anchor,oracle,40,15,rel:15|oracle|w40|-,38,0.95,True,4,True,1.0,0.6,0.4,1.0,0.8,0.0,0.20000000000000007,1.0,0.75,1,12,1.0,0.6777777777777777,0.3222222222222223,1.0,0.8444444444444444,0.0,0.16666666666666674,1.0,0.7435897435897435,1,13,1.0,0.8666666666666667,0.1333333333333333,1.0,1.0,0.0,0.1333333333333333,1.0,0.8666666666666667,1,15
rel:15,relation_dossiers,rel:15|cond=rel:15:custom:anchor,rel:15:custom:anchor,oracle,80,15,rel:15|oracle|w80|-,71,0.8875,False,1,True,1.0,0.7333333333333333,0.2666666666666667,1.0,0.8,0.0,0.06666666666666676,1.0,0.9166666666666666,1,12,1.0,0.7777777777777778,0.2222222222222222,1.0,0.8444444444444444,0.0,0.06666666666666665,1.0,0.8974358974358974,1,13,1.0,1.0,0.0,1.0,1.0,0.0,0.0,1.0,1.0,1,15
rel:15,relation_dossiers,rel:15|cond=rel:15:custom:anchor,rel:15:custom:anchor,reusable,40,15,rel:15|reusable|w40|rel:15|cond=rel:15:custom:anchor,34,0.85,True,4,False,1.0,0.2,0.8,1.0,0.8,0.0,0.6000000000000001,1.0,0.25,1,12,1.0,0.2,0.8,1.0,0.8444444444444444,0.0,0.6444444444444444,1.0,0.23076923076923078,1,13,1.0,0.3333333333333333,0.6666666666666667,1.0,1.0,0.0,0.6666666666666667,1.0,0.3333333333333333,1,15
rel:15,relation_dossiers,rel:15|cond=rel:15:custom:anchor,rel:15:custom:anchor,reusable,80,15,rel:15|reusable|w80|rel:15|cond=rel:15:custom:anchor,76,0.95,False,2,False,1.0,0.4,0.6,1.0,0.8,0.0,0.4,1.0,0.5,1,12,1.0,0.4,0.6,1.0,0.8444444444444444,0.0,0.4444444444444444,1.0,0.46153846153846156,1,13,1.0,0.4666666666666667,0.5333333333333333,1.0,1.0,0.0,0.5333333333333333,1.0,0.4666666666666667,1,15
rel:15,relation_dossiers,rel:15|cond=rel:15:facilities:anchor,rel:15:facilities:anchor,conditioned,40,15,rel:15|conditioned|w40|rel:15|cond=rel:15:facilities:anchor,37,0.925,False,2,False,0.0,0.0,0.0,0.0,0.8666666666666667,0.0,0.8666666666666667,nan,0.0,0,13,0.0,0.0,0.0,0.0,0.9111111111111111,0.0,0.9111111111111111,nan,0.0,0,14,1.0,0.13333333333333333,0.8666666666666667,1.0,1.0,0.0,0.8666666666666667,1.0,0.13333333333333333,1,15
rel:15,relation_dossiers,rel:15|cond=rel:15:facilities:anchor,rel:15:facilities:anchor,conditioned,80,15,rel:15|conditioned|w80|rel:15|cond=rel:15:facilities:anchor,69,0.8625,True,4,False,0.0,0.06666666666666667,-0.06666666666666667,0.0,0.8666666666666667,0.0,0.8,nan,0.07692307692307693,0,13,0.0,0.06666666666666667,-0.06666666666666667,0.0,0.9111111111111111,0.0,0.8444444444444444,nan,0.07142857142857142,0,14,1.0,0.2,0.8,1.0,1.0,0.0,0.8,1.0,0.2,1,15
rel:15,relation_dossiers,rel:15|cond=rel:15:facilities:anchor,rel:15:facilities:anchor,generic,40,15,rel:15|generic|w40|-,33,0.825,True,4,True,0.0,0.13333333333333333,-0.13333333333333333,0.0,0.8666666666666667,0.0,0.7333333333333334,nan,0.15384615384615385,0,13,0.0,0.24444444444444444,-0.24444444444444444,0.0,0.9111111111111111,0.0,0.6666666666666666,nan,0.2619047619047619,0,14,0.0,0.26666666666666666,-0.26666666666666666,1.0,1.0,1.0,0.7333333333333334,0.0,0.26666666666666666,1,15
rel:15,relation_dossiers,rel:15|cond=rel:15:facilities:anchor,rel:15:facilities:anchor,generic,80,15,rel:15|generic|w80|-,74,0.925,False,2,True,0.0,0.5333333333333333,-0.5333333333333333,0.0,0.8666666666666667,0.0,0.33333333333333337,nan,0.6153846153846154,0,13,0.0,0.6444444444444444,-0.6444444444444444,0.0,0.9111111111111111,0.0,0.2666666666666667,nan,0.6904761904761905,0,14,0.0,0.6666666666666666,-0.6666666666666666,1.0,1.0,1.0,0.33333333333333337,0.0,0.6666666666666666,1,15
rel:15,relation_dossiers,rel:15|cond=rel:15:facilities:anchor,rel:15:facilities:anchor,oracle,40,15,rel:15|oracle|w40|-,38,0.95,True,4,True,0.0,0.6666666666666666,-0.6666666666666666,0.0,0.8666666666666667,0.0,0.20000000000000007,nan,0.7692307692307693,0,13,0.5,0.711111111111111,-0.21111111111111103,0.0,0.9111111111111111,-0.5,0.20000000000000007,nan,0.7619047619047619,0,14,1.0,0.8666666666666667,0.1333333333333333,1.0,1.0,0.0,0.1333333333333333,1.0,0.8666666666666667,1,15
rel:15,relation_dossiers,rel:15|cond=rel:15:facilities:anchor,rel:15:facilities:anchor,oracle,80,15,rel:15|oracle|w80|-,71,0.8875,False,1,True,0.0,0.8,-0.8,0.0,0.8666666666666667,0.0,0.06666666666666665,nan,0.9230769230769231,0,13,0.0,0.8444444444444444,-0.8444444444444444,0.0,0.9111111111111111,0.0,0.06666666666666665,nan,0.9047619047619048,0,14,1.0,1.0,0.0,1.0,1.0,0.0,0.0,1.0,1.0,1,15
rel:15,relation_dossiers,rel:15|cond=rel:15:facilities:anchor,rel:15:facilities:anchor,reusable,40,15,rel:15|reusable|w40|rel:15|cond=rel:15:facilities:anchor,36,0.9,False,3,False,0.0,0.13333333333333333,-0.13333333333333333,0.0,0.8666666666666667,0.0,0.7333333333333334,nan,0.15384615384615385,0,13,0.0,0.20148148148148148,-0.20148148148148148,0.0,0.9111111111111111,0.0,0.7096296296296296,nan,0.21587301587301586,0,14,1.0,0.3333333333333333,0.6666666666666667,1.0,1.0,0.0,0.6666666666666667,1.0,0.3333333333333333,1,15
rel:15,relation_dossiers,rel:15|cond=rel:15:facilities:anchor,rel:15:facilities:anchor,reusable,80,15,rel:15|reusable|w80|rel:15|cond=rel:15:facilities:anchor,69,0.8625,False,4,False,0.0,0.5333333333333333,-0.5333333333333333,0.0,0.8666666666666667,0.0,0.33333333333333337,nan,0.6153846153846154,0,13,0.0,0.5333333333333333,-0.5333333333333333,0.0,0.9111111111111111,0.0,0.37777777777777777,nan,0.5714285714285714,0,14,1.0,0.6666666666666666,0.33333333333333337,1.0,1.0,0.0,0.33333333333333337,1.0,0.6666666666666666,1,15
rel:15,relation_dossiers,rel:15|cond=rel:15:finance:anchor,rel:15:finance:anchor,conditioned,40,15,rel:15|conditioned|w40|rel:15|cond=rel:15:finance:anchor,34,0.85,False,4,False,1.0,0.13333333333333333,0.8666666666666667,1.0,0.8,0.0,0.6666666666666667,1.0,0.16666666666666666,1,12,1.0,0.13333333333333333,0.8666666666666667,1.0,0.8444444444444444,0.0,0.7111111111111111,1.0,0.15384615384615385,1,13,1.0,0.2,0.8,1.0,1.0,0.0,0.8,1.0,0.2,1,15
rel:15,relation_dossiers,rel:15|cond=rel:15:finance:anchor,rel:15:finance:anchor,conditioned,80,15,rel:15|conditioned|w80|rel:15|cond=rel:15:finance:anchor,75,0.9375,False,4,False,1.0,0.26666666666666666,0.7333333333333334,1.0,0.8,0.0,0.5333333333333334,1.0,0.3333333333333333,1,12,1.0,0.26666666666666666,0.7333333333333334,1.0,0.8444444444444444,0.0,0.5777777777777777,1.0,0.3076923076923077,1,13,1.0,0.26666666666666666,0.7333333333333334,1.0,1.0,0.0,0.7333333333333334,1.0,0.26666666666666666,1,15
rel:15,relation_dossiers,rel:15|cond=rel:15:finance:anchor,rel:15:finance:anchor,generic,40,15,rel:15|generic|w40|-,33,0.825,True,4,True,1.0,0.06666666666666667,0.9333333333333333,1.0,0.8,0.0,0.7333333333333334,1.0,0.08333333333333333,1,12,1.0,0.17777777777777776,0.8222222222222222,1.0,0.8444444444444444,0.0,0.6666666666666667,1.0,0.20512820512820512,1,13,1.0,0.2,0.8,1.0,1.0,0.0,0.8,1.0,0.2,1,15
rel:15,relation_dossiers,rel:15|cond=rel:15:finance:anchor,rel:15:finance:anchor,generic,80,15,rel:15|generic|w80|-,74,0.925,False,2,True,1.0,0.4666666666666667,0.5333333333333333,1.0,0.8,0.0,0.33333333333333337,1.0,0.5833333333333334,1,12,1.0,0.5777777777777777,0.4222222222222223,1.0,0.8444444444444444,0.0,0.2666666666666667,1.0,0.6666666666666666,1,13,1.0,0.6,0.4,1.0,1.0,0.0,0.4,1.0,0.6,1,15
rel:15,relation_dossiers,rel:15|cond=rel:15:finance:anchor,rel:15:finance:anchor,oracle,40,15,rel:15|oracle|w40|-,38,0.95,True,4,True,1.0,0.6,0.4,1.0,0.8,0.0,0.20000000000000007,1.0,0.75,1,12,1.0,0.6777777777777777,0.3222222222222223,1.0,0.8444444444444444,0.0,0.16666666666666674,1.0,0.7435897435897435,1,13,1.0,0.8666666666666667,0.1333333333333333,1.0,1.0,0.0,0.1333333333333333,1.0,0.8666666666666667,1,15
rel:15,relation_dossiers,rel:15|cond=rel:15:finance:anchor,rel:15:finance:anchor,oracle,80,15,rel:15|oracle|w80|-,71,0.8875,False,1,True,1.0,0.7333333333333333,0.2666666666666667,1.0,0.8,0.0,0.06666666666666676,1.0,0.9166666666666666,1,12,1.0,0.7777777777777778,0.2222222222222222,1.0,0.8444444444444444,0.0,0.06666666666666665,1.0,0.8974358974358974,1,13,1.0,1.0,0.0,1.0,1.0,0.0,0.0,1.0,1.0,1,15
rel:15,relation_dossiers,rel:15|cond=rel:15:finance:anchor,rel:15:finance:anchor,reusable,40,15,rel:15|reusable|w40|rel:15|cond=rel:15:finance:anchor,34,0.85,False,1,False,1.0,0.13333333333333333,0.8666666666666667,1.0,0.8,0.0,0.6666666666666667,1.0,0.16666666666666666,1,12,1.0,0.13333333333333333,0.8666666666666667,1.0,0.8444444444444444,0.0,0.7111111111111111,1.0,0.15384615384615385,1,13,1.0,0.2,0.8,1.0,1.0,0.0,0.8,1.0,0.2,1,15
rel:15,relation_dossiers,rel:15|cond=rel:15:finance:anchor,rel:15:finance:anchor,reusable,80,15,rel:15|reusable|w80|rel:15|cond=rel:15:finance:anchor,69,0.8625,False,1,False,1.0,0.4666666666666667,0.5333333333333333,1.0,0.8,0.0,0.33333333333333337,1.0,0.5833333333333334,1,12,1.0,0.4666666666666667,0.5333333333333333,1.0,0.8444444444444444,0.0,0.37777777777777777,1.0,0.5384615384615384,1,13,1.0,0.4666666666666667,0.5333333333333333,1.0,1.0,0.0,0.5333333333333333,1.0,0.4666666666666667,1,15
rel:15,relation_dossiers,rel:15|cond=rel:15:founding:anchor,rel:15:founding:anchor,conditioned,40,15,rel:15|conditioned|w40|rel:15|cond=rel:15:founding:anchor,40,1.0,False,2,False,1.0,0.13333333333333333,0.8666666666666667,1.0,0.8,0.0,0.6666666666666667,1.0,0.16666666666666666,1,12,1.0,0.17777777777777776,0.8222222222222222,1.0,0.8444444444444444,0.0,0.6666666666666667,1.0,0.20512820512820512,1,13,1.0,0.2,0.8,1.0,1.0,0.0,0.8,1.0,0.2,1,15
rel:15,relation_dossiers,rel:15|cond=rel:15:founding:anchor,rel:15:founding:anchor,conditioned,80,15,rel:15|conditioned|w80|rel:15|cond=rel:15:founding:anchor,67,0.8375,False,4,False,1.0,0.13333333333333333,0.8666666666666667,1.0,0.8,0.0,0.6666666666666667,1.0,0.16666666666666666,1,12,1.0,0.17777777777777776,0.8222222222222222,1.0,0.8444444444444444,0.0,0.6666666666666667,1.0,0.20512820512820512,1,13,1.0,0.2,0.8,1.0,1.0,0.0,0.8,1.0,0.2,1,15
rel:15,relation_dossiers,rel:15|cond=rel:15:founding:anchor,rel:15:founding:anchor,generic,40,15,rel:15|generic|w40|-,33,0.825,True,4,True,0.0,0.13333333333333333,-0.13333333333333333,1.0,0.8,1.0,0.6666666666666667,0.0,0.16666666666666666,1,12,0.5,0.2111111111111111,0.28888888888888886,1.0,0.8444444444444444,0.5,0.6333333333333333,0.5,0.24358974358974358,1,13,0.0,0.26666666666666666,-0.26666666666666666,1.0,1.0,1.0,0.7333333333333334,0.0,0.26666666666666666,1,15
rel:15,relation_dossiers,rel:15|cond=rel:15:founding:anchor,rel:15:founding:anchor,generic,80,15,rel:15|generic|w80|-,74,0.925,False,2,True,0.0,0.5333333333333333,-0.5333333333333333,1.0,0.8,1.0,0.2666666666666667,0.0,0.6666666666666666,1,12,0.5,0.611111111111111,-0.11111111111111105,1.0,0.8444444444444444,0.5,0.2333333333333334,0.5,0.7051282051282051,1,13,0.0,0.6666666666666666,-0.6666666666666666,1.0,1.0,1.0,0.33333333333333337,0.0,0.6666666666666666,1,15
rel:15,relation_dossiers,rel:15|cond=rel:15:founding:anchor,rel:15:founding:anchor,oracle,40,15,rel:15|oracle|w40|-,38,0.95,True,4,True,1.0,0.6,0.4,1.0,0.8,0.0,0.20000000000000007,1.0,0.75,1,12,1.0,0.6777777777777777,0.3222222222222223,1.0,0.8444444444444444,0.0,0.16666666666666674,1.0,0.7435897435897435,1,13,1.0,0.8666666666666667,0.1333333333333333,1.0,1.0,0.0,0.1333333333333333,1.0,0.8666666666666667,1,15
rel:15,relation_dossiers,rel:15|cond=rel:15:founding:anchor,rel:15:founding:anchor,oracle,80,15,rel:15|oracle|w80|-,71,0.8875,False,1,True,1.0,0.7333333333333333,0.2666666666666667,1.0,0.8,0.0,0.06666666666666676,1.0,0.9166666666666666,1,12,1.0,0.7777777777777778,0.2222222222222222,1.0,0.8444444444444444,0.0,0.06666666666666665,1.0,0.8974358974358974,1,13,1.0,1.0,0.0,1.0,1.0,0.0,0.0,1.0,1.0,1,15
rel:15,relation_dossiers,rel:15|cond=rel:15:founding:anchor,rel:15:founding:anchor,reusable,40,15,rel:15|reusable|w40|rel:15|cond=rel:15:founding:anchor,36,0.9,False,1,False,1.0,0.13333333333333333,0.8666666666666667,1.0,0.8,0.0,0.6666666666666667,1.0,0.16666666666666666,1,12,1.0,0.20444444444444443,0.7955555555555556,1.0,0.8444444444444444,0.0,0.64,1.0,0.2358974358974359,1,13,1.0,0.2,0.8,1.0,1.0,0.0,0.8,1.0,0.2,1,15
rel:15,relation_dossiers,rel:15|cond=rel:15:founding:anchor,rel:15:founding:anchor,reusable,80,15,rel:15|reusable|w80|rel:15|cond=rel:15:founding:anchor,72,0.9,False,3,False,1.0,0.6666666666666666,0.33333333333333337,1.0,0.8,0.0,0.13333333333333341,1.0,0.8333333333333334,1,12,1.0,0.711111111111111,0.288888888888889,1.0,0.8444444444444444,0.0,0.13333333333333341,1.0,0.8205128205128205,1,13,1.0,0.8,0.19999999999999996,1.0,1.0,0.0,0.19999999999999996,1.0,0.8,1,15
rel:18,relation_dossiers,rel:18|cond=rel:18:custom:anchor,rel:18:custom:anchor,conditioned,40,15,rel:18|conditioned|w40|rel:18|cond=rel:18:custom:anchor,29,0.725,True,4,False,1.0,0.13333333333333333,0.8666666666666667,1.0,0.9333333333333333,0.0,0.8,1.0,0.14285714285714285,1,14,1.0,0.16,0.84,1.0,0.9866666666666667,0.0,0.8266666666666667,1.0,0.16,1,15,1.0,0.13333333333333333,0.8666666666666667,1.0,1.0,0.0,0.8666666666666667,1.0,0.13333333333333333,1,15
rel:18,relation_dossiers,rel:18|cond=rel:18:custom:anchor,rel:18:custom:anchor,conditioned,80,15,rel:18|conditioned|w80|rel:18|cond=rel:18:custom:anchor,73,0.9125,False,1,False,1.0,0.13333333333333333,0.8666666666666667,1.0,0.9333333333333333,0.0,0.8,1.0,0.14285714285714285,1,14,1.0,0.24666666666666665,0.7533333333333334,1.0,0.9866666666666667,0.0,0.74,1.0,0.24666666666666665,1,15,1.0,0.2,0.8,1.0,1.0,0.0,0.8,1.0,0.2,1,15
rel:18,relation_dossiers,rel:18|cond=rel:18:custom:anchor,rel:18:custom:anchor,generic,40,15,rel:18|generic|w40|-,40,1.0,False,2,True,1.0,0.26666666666666666,0.7333333333333334,1.0,0.9333333333333333,0.0,0.6666666666666667,1.0,0.2857142857142857,1,14,1.0,0.44666666666666666,0.5533333333333333,1.0,0.9866666666666667,0.0,0.54,1.0,0.44666666666666666,1,15,1.0,0.4,0.6,1.0,1.0,0.0,0.6,1.0,0.4,1,15
rel:18,relation_dossiers,rel:18|cond=rel:18:custom:anchor,rel:18:custom:anchor,generic,80,15,rel:18|generic|w80|-,69,0.8625,False,3,True,1.0,0.4,0.6,1.0,0.9333333333333333,0.0,0.5333333333333333,1.0,0.42857142857142855,1,14,1.0,0.48666666666666664,0.5133333333333334,1.0,0.9866666666666667,0.0,0.5,1.0,0.48666666666666664,1,15,1.0,0.4666666666666667,0.5333333333333333,1.0,1.0,0.0,0.5333333333333333,1.0,0.4666666666666667,1,15
rel:18,relation_dossiers,rel:18|cond=rel:18:custom:anchor,rel:18:custom:anchor,oracle,40,15,rel:18|oracle|w40|-,40,1.0,True,4,True,1.0,0.8,0.19999999999999996,1.0,0.9333333333333333,0.0,0.1333333333333333,1.0,0.8571428571428571,1,14,1.0,0.8533333333333334,0.1466666666666666,1.0,0.9866666666666667,0.0,0.1333333333333333,1.0,0.8533333333333334,1,15,1.0,0.8666666666666667,0.1333333333333333,1.0,1.0,0.0,0.1333333333333333,1.0,0.8666666666666667,1,15
rel:18,relation_dossiers,rel:18|cond=rel:18:custom:anchor,rel:18:custom:anchor,oracle,80,15,rel:18|oracle|w80|-,71,0.8875,True,4,True,0.0,0.6666666666666666,-0.6666666666666666,1.0,0.9333333333333333,1.0,0.2666666666666667,0.0,0.7142857142857143,1,14,0.0,0.7533333333333334,-0.7533333333333334,1.0,0.9866666666666667,1.0,0.23333333333333328,0.0,0.7533333333333334,1,15,0.0,0.7333333333333333,-0.7333333333333333,1.0,1.0,1.0,0.2666666666666667,0.0,0.7333333333333333,1,15
rel:18,relation_dossiers,rel:18|cond=rel:18:custom:anchor,rel:18:custom:anchor,reusable,40,15,rel:18|reusable|w40|rel:18|cond=rel:18:custom:anchor,40,1.0,False,1,False,1.0,0.13333333333333333,0.8666666666666667,1.0,0.9333333333333333,0.0,0.8,1.0,0.14285714285714285,1,14,1.0,0.26,0.74,1.0,0.9866666666666667,0.0,0.7266666666666667,1.0,0.26,1,15,1.0,0.2,0.8,1.0,1.0,0.0,0.8,1.0,0.2,1,15
rel:18,relation_dossiers,rel:18|cond=rel:18:custom:anchor,rel:18:custom:anchor,reusable,80,15,rel:18|reusable|w80|rel:18|cond=rel:18:custom:anchor,74,0.925,False,1,False,1.0,0.2,0.8,1.0,0.9333333333333333,0.0,0.7333333333333334,1.0,0.21428571428571427,1,14,1.0,0.26,0.74,1.0,0.9866666666666667,0.0,0.7266666666666667,1.0,0.26,1,15,1.0,0.26666666666666666,0.7333333333333334,1.0,1.0,0.0,0.7333333333333334,1.0,0.26666666666666666,1,15
rel:18,relation_dossiers,rel:18|cond=rel:18:facilities:anchor,rel:18:facilities:anchor,conditioned,40,15,rel:18|conditioned|w40|rel:18|cond=rel:18:facilities:anchor,38,0.95,False,2,False,0.0,0.2,-0.2,0.0,1.0,0.0,0.8,nan,0.2,0,15,0.5,0.22666666666666666,0.2733333333333333,0.8,1.0,0.30000000000000004,0.7733333333333333,0.5,0.22666666666666666,1,15,0.0,0.2,-0.2,1.0,1.0,1.0,0.8,0.0,0.2,1,15
rel:18,relation_dossiers,rel:18|cond=rel:18:facilities:anchor,rel:18:facilities:anchor,conditioned,80,15,rel:18|conditioned|w80|rel:18|cond=rel:18:facilities:anchor,71,0.8875,True,4,False,0.0,0.13333333333333333,-0.13333333333333333,0.0,1.0,0.0,0.8666666666666667,nan,0.13333333333333333,0,15,0.8,0.18222222222222223,0.6177777777777778,0.8,1.0,0.0,0.8177777777777777,0.8,0.18222222222222223,1,15,1.0,0.13333333333333333,0.8666666666666667,1.0,1.0,0.0,0.8666666666666667,1.0,0.13333333333333333,1,15
rel:18,relation_dossiers,rel:18|cond=rel:18:facilities:anchor,rel:18:facilities:anchor,generic,40,15,rel:18|generic|w40|-,40,1.0,False,2,True,0.0,0.3333333333333333,-0.3333333333333333,0.0,1.0,0.0,0.6666666666666667,nan,0.3333333333333333,0,15,0.8,0.46,0.34,0.8,1.0,0.0,0.54,0.8,0.46,1,15,1.0,0.4,0.6,1.0,1.0,0.0,0.6,1.0,0.4,1,15
rel:18,relation_dossiers,rel:18|cond=rel:18:facilities:anchor,rel:18:facilities:anchor,generic,80,15,rel:18|generic|w80|-,69,0.8625,False,3,True,0.0,0.4666666666666667,-0.4666666666666667,0.0,1.0,0.0,0.5333333333333333,nan,0.4666666666666667,0,15,0.8,0.5,0.30000000000000004,0.8,1.0,0.0,0.5,0.8,0.5,1,15,1.0,0.4666666666666667,0.5333333333333333,1.0,1.0,0.0,0.5333333333333333,1.0,0.4666666666666667,1,15
rel:18,relation_dossiers,rel:18|cond=rel:18:facilities:anchor,rel:18:facilities:anchor,oracle,40,15,rel:18|oracle|w40|-,40,1.0,True,4,True,0.0,0.8666666666666667,-0.8666666666666667,0.0,1.0,0.0,0.1333333333333333,nan,0.8666666666666667,0,15,0.8,0.8666666666666667,-0.06666666666666665,0.8,1.0,0.0,0.1333333333333333,0.8,0.8666666666666667,1,15,1.0,0.8666666666666667,0.1333333333333333,1.0,1.0,0.0,0.1333333333333333,1.0,0.8666666666666667,1,15
rel:18,relation_dossiers,rel:18|cond=rel:18:facilities:anchor,rel:18:facilities:anchor,oracle,80,15,rel:18|oracle|w80|-,71,0.8875,True,4,True,0.0,0.6666666666666666,-0.6666666666666666,0.0,1.0,0.0,0.33333333333333337,nan,0.6666666666666666,0,15,0.8,0.7,0.10000000000000009,0.8,1.0,0.0,0.30000000000000004,0.8,0.7,1,15,1.0,0.6666666666666666,0.33333333333333337,1.0,1.0,0.0,0.33333333333333337,1.0,0.6666666666666666,1,15
rel:18,relation_dossiers,rel:18|cond=rel:18:facilities:anchor,rel:18:facilities:anchor,reusable,40,15,rel:18|reusable|w40|rel:18|cond=rel:18:facilities:anchor,28,0.7,True,4,False,0.0,0.06666666666666667,-0.06666666666666667,0.0,1.0,0.0,0.9333333333333333,nan,0.06666666666666667,0,15,0.5,0.12666666666666665,0.37333333333333335,0.8,1.0,0.30000000000000004,0.8733333333333333,0.5,0.12666666666666665,1,15,0.0,0.06666666666666667,-0.06666666666666667,1.0,1.0,1.0,0.9333333333333333,0.0,0.06666666666666667,1,15
rel:18,relation_dossiers,rel:18|cond=rel:18:facilities:anchor,rel:18:facilities:anchor,reusable,80,15,rel:18|reusable|w80|rel:18|cond=rel:18:facilities:anchor,72,0.9,False,1,False,0.0,0.4666666666666667,-0.4666666666666667,0.0,1.0,0.0,0.5333333333333333,nan,0.4666666666666667,0,15,0.8,0.5,0.30000000000000004,0.8,1.0,0.0,0.5,0.8,0.5,1,15,1.0,0.4666666666666667,0.5333333333333333,1.0,1.0,0.0,0.5333333333333333,1.0,0.4666666666666667,1,15
rel:18,relation_dossiers,rel:18|cond=rel:18:finance:anchor,rel:18:finance:anchor,conditioned,40,15,rel:18|conditioned|w40|rel:18|cond=rel:18:finance:anchor,36,0.9,False,4,False,0.0,0.2,-0.2,1.0,0.9333333333333333,1.0,0.7333333333333334,0.0,0.21428571428571427,1,14,0.6666666666666666,0.24888888888888885,0.4177777777777778,1.0,0.9866666666666667,0.33333333333333337,0.7377777777777779,0.6666666666666666,0.24888888888888885,1,15,1.0,0.2,0.8,1.0,1.0,0.0,0.8,1.0,0.2,1,15
rel:18,relation_dossiers,rel:18|cond=rel:18:finance:anchor,rel:18:finance:anchor,conditioned,80,15,rel:18|conditioned|w80|rel:18|cond=rel:18:finance:anchor,69,0.8625,False,2,False,1.0,0.2,0.8,1.0,0.9333333333333333,0.0,0.7333333333333334,1.0,0.21428571428571427,1,14,1.0,0.22666666666666666,0.7733333333333333,1.0,0.9866666666666667,0.0,0.76,1.0,0.22666666666666666,1,15,1.0,0.2,0.8,1.0,1.0,0.0,0.8,1.0,0.2,1,15
rel:18,relation_dossiers,rel:18|cond=rel:18:finance:anchor,rel:18:finance:anchor,generic,40,15,rel:18|generic|w40|-,40,1.0,False,2,True,0.0,0.3333333333333333,-0.3333333333333333,1.0,0.9333333333333333,1.0,0.6000000000000001,0.0,0.35714285714285715,1,14,0.0,0.5133333333333333,-0.5133333333333333,1.0,0.9866666666666667,1.0,0.4733333333333334,0.0,0.5133333333333333,1,15,0.0,0.4666666666666667,-0.4666666666666667,1.0,1.0,1.0,0.5333333333333333,0.0,0.4666666666666667,1,15
rel:18,relation_dossiers,rel:18|cond=rel:18:finance:anchor,rel:18:finance:anchor,generic,80,15,rel:18|generic|w80|-,69,0.8625,False,3,True,0.0,0.4666666666666667,-0.4666666666666667,1.0,0.9333333333333333,1.0,0.4666666666666667,0.0,0.5,1,14,0.0,0.5533333333333333,-0.5533333333333333,1.0,0.9866666666666667,1.0,0.43333333333333335,0.0,0.5533333333333333,1,15,0.0,0.5333333333333333,-0.5333333333333333,1.0,1.0,1.0,0.4666666666666667,0.0,0.5333333333333333,1,15
rel:18,relation_dossiers,rel:18|cond=rel:18:finance:anchor,rel:18:finance:anchor,oracle,40,15,rel:18|oracle|w40|-,40,1.0,True,4,True,1.0,0.8,0.19999999999999996,1.0,0.9333333333333333,0.0,0.1333333333333333,1.0,0.8571428571428571,1,14,1.0,0.8533333333333334,0.1466666666666666,1.0,0.9866666666666667,0.0,0.1333333333333333,1.0,0.8533333333333334,1,15,1.0,0.8666666666666667,0.1333333333333333,1.0,1.0,0.0,0.1333333333333333,1.0,0.8666666666666667,1,15
rel:18,relation_dossiers,rel:18|cond=rel:18:finance:anchor,rel:18:finance:anchor,oracle,80,15,rel:18|oracle|w80|-,71,0.8875,True,4,True,1.0,0.6,0.4,1.0,0.9333333333333333,0.0,0.33333333333333337,1.0,0.6428571428571429,1,14,1.0,0.6866666666666668,0.31333333333333324,1.0,0.9866666666666667,0.0,0.29999999999999993,1.0,0.6866666666666668,1,15,1.0,0.6666666666666666,0.33333333333333337,1.0,1.0,0.0,0.33333333333333337,1.0,0.6666666666666666,1,15
rel:18,relation_dossiers,rel:18|cond=rel:18:finance:anchor,rel:18:finance:anchor,reusable,40,15,rel:18|reusable|w40|rel:18|cond=rel:18:finance:anchor,35,0.875,False,2,False,1.0,0.2,0.8,1.0,0.9333333333333333,0.0,0.7333333333333334,1.0,0.21428571428571427,1,14,1.0,0.22666666666666666,0.7733333333333333,1.0,0.9866666666666667,0.0,0.76,1.0,0.22666666666666666,1,15,1.0,0.2,0.8,1.0,1.0,0.0,0.8,1.0,0.2,1,15
rel:18,relation_dossiers,rel:18|cond=rel:18:finance:anchor,rel:18:finance:anchor,reusable,80,15,rel:18|reusable|w80|rel:18|cond=rel:18:finance:anchor,69,0.8625,False,1,False,0.0,0.3333333333333333,-0.3333333333333333,1.0,0.9333333333333333,1.0,0.6000000000000001,0.0,0.35714285714285715,1,14,0.0,0.3866666666666667,-0.3866666666666667,1.0,0.9866666666666667,1.0,0.6,0.0,0.3866666666666667,1,15,1.0,0.3333333333333333,0.6666666666666667,1.0,1.0,0.0,0.6666666666666667,1.0,0.3333333333333333,1,15
rel:18,relation_dossiers,rel:18|cond=rel:18:founding:anchor,rel:18:founding:anchor,conditioned,40,15,rel:18|conditioned|w40|rel:18|cond=rel:18:founding:anchor,39,0.975,False,2,False,1.0,0.13333333333333333,0.8666666666666667,1.0,0.9333333333333333,0.0,0.8,1.0,0.14285714285714285,1,14,1.0,0.13333333333333333,0.8666666666666667,1.0,0.9866666666666667,0.0,0.8533333333333334,1.0,0.13333333333333333,1,15,1.0,0.13333333333333333,0.8666666666666667,1.0,1.0,0.0,0.8666666666666667,1.0,0.13333333333333333,1,15
rel:18,relation_dossiers,rel:18|cond=rel:18:founding:anchor,rel:18:founding:anchor,conditioned,80,15,rel:18|conditioned|w80|rel:18|cond=rel:18:founding:anchor,69,0.8625,False,1,False,1.0,0.2,0.8,1.0,0.9333333333333333,0.0,0.7333333333333334,1.0,0.21428571428571427,1,14,1.0,0.26,0.74,1.0,0.9866666666666667,0.0,0.7266666666666667,1.0,0.26,1,15,1.0,0.2,0.8,1.0,1.0,0.0,0.8,1.0,0.2,1,15
rel:18,relation_dossiers,rel:18|cond=rel:18:founding:anchor,rel:18:founding:anchor,generic,40,15,rel:18|generic|w40|-,40,1.0,False,2,True,0.0,0.3333333333333333,-0.3333333333333333,1.0,0.9333333333333333,1.0,0.6000000000000001,0.0,0.35714285714285715,1,14,0.5,0.48000000000000004,0.019999999999999962,1.0,0.9866666666666667,0.5,0.5066666666666666,0.5,0.48000000000000004,1,15,0.0,0.4666666666666667,-0.4666666666666667,1.0,1.0,1.0,0.5333333333333333,0.0,0.4666666666666667,1,15
rel:18,relation_dossiers,rel:18|cond=rel:18:founding:anchor,rel:18:founding:anchor,generic,80,15,rel:18|generic|w80|-,69,0.8625,False,3,True,0.0,0.4666666666666667,-0.4666666666666667,1.0,0.9333333333333333,1.0,0.4666666666666667,0.0,0.5,1,14,0.0,0.5533333333333333,-0.5533333333333333,1.0,0.9866666666666667,1.0,0.43333333333333335,0.0,0.5533333333333333,1,15,0.0,0.5333333333333333,-0.5333333333333333,1.0,1.0,1.0,0.4666666666666667,0.0,0.5333333333333333,1,15
rel:18,relation_dossiers,rel:18|cond=rel:18:founding:anchor,rel:18:founding:anchor,oracle,40,15,rel:18|oracle|w40|-,40,1.0,True,4,True,1.0,0.8,0.19999999999999996,1.0,0.9333333333333333,0.0,0.1333333333333333,1.0,0.8571428571428571,1,14,1.0,0.8533333333333334,0.1466666666666666,1.0,0.9866666666666667,0.0,0.1333333333333333,1.0,0.8533333333333334,1,15,1.0,0.8666666666666667,0.1333333333333333,1.0,1.0,0.0,0.1333333333333333,1.0,0.8666666666666667,1,15
rel:18,relation_dossiers,rel:18|cond=rel:18:founding:anchor,rel:18:founding:anchor,oracle,80,15,rel:18|oracle|w80|-,71,0.8875,True,4,True,1.0,0.6,0.4,1.0,0.9333333333333333,0.0,0.33333333333333337,1.0,0.6428571428571429,1,14,1.0,0.6866666666666668,0.31333333333333324,1.0,0.9866666666666667,0.0,0.29999999999999993,1.0,0.6866666666666668,1,15,1.0,0.6666666666666666,0.33333333333333337,1.0,1.0,0.0,0.33333333333333337,1.0,0.6666666666666666,1,15
rel:18,relation_dossiers,rel:18|cond=rel:18:founding:anchor,rel:18:founding:anchor,reusable,40,15,rel:18|reusable|w40|rel:18|cond=rel:18:founding:anchor,38,0.95,False,2,False,1.0,0.3333333333333333,0.6666666666666667,1.0,0.9333333333333333,0.0,0.6000000000000001,1.0,0.35714285714285715,1,14,1.0,0.41333333333333333,0.5866666666666667,1.0,0.9866666666666667,0.0,0.5733333333333334,1.0,0.41333333333333333,1,15,1.0,0.4666666666666667,0.5333333333333333,1.0,1.0,0.0,0.5333333333333333,1.0,0.4666666666666667,1,15
rel:18,relation_dossiers,rel:18|cond=rel:18:founding:anchor,rel:18:founding:anchor,reusable,80,15,rel:18|reusable|w80|rel:18|cond=rel:18:founding:anchor,63,0.7875,True,4,False,1.0,0.3333333333333333,0.6666666666666667,1.0,0.9333333333333333,0.0,0.6000000000000001,1.0,0.35714285714285715,1,14,1.0,0.36000000000000004,0.6399999999999999,1.0,0.9866666666666667,0.0,0.6266666666666667,1.0,0.36000000000000004,1,15,1.0,0.3333333333333333,0.6666666666666667,1.0,1.0,0.0,0.6666666666666667,1.0,0.3333333333333333,1,15
rel:21,relation_dossiers,rel:21|cond=rel:21:custom:anchor,rel:21:custom:anchor,conditioned,40,15,rel:21|conditioned|w40|rel:21|cond=rel:21:custom:anchor,37,0.925,False,3,False,1.0,0.13333333333333333,0.8666666666666667,1.0,0.8666666666666667,0.0,0.7333333333333334,1.0,0.15384615384615385,1,13,1.0,0.16,0.84,1.0,0.9333333333333333,0.0,0.7733333333333333,1.0,0.16,1,15,1.0,0.13333333333333333,0.8666666666666667,1.0,1.0,0.0,0.8666666666666667,1.0,0.13333333333333333,1,15
rel:21,relation_dossiers,rel:21|cond=rel:21:custom:anchor,rel:21:custom:anchor,conditioned,80,15,rel:21|conditioned|w80|rel:21|cond=rel:21:custom:anchor,80,1.0,False,2,False,1.0,0.13333333333333333,0.8666666666666667,1.0,0.8666666666666667,0.0,0.7333333333333334,1.0,0.15384615384615385,1,13,1.0,0.16,0.84,1.0,0.9333333333333333,0.0,0.7733333333333333,1.0,0.16,1,15,1.0,0.13333333333333333,0.8666666666666667,1.0,1.0,0.0,0.8666666666666667,1.0,0.13333333333333333,1,15
rel:21,relation_dossiers,rel:21|cond=rel:21:custom:anchor,rel:21:custom:anchor,generic,40,15,rel:21|generic|w40|-,39,0.975,False,2,True,1.0,0.4666666666666667,0.5333333333333333,1.0,0.8666666666666667,0.0,0.4,1.0,0.5384615384615384,1,13,1.0,0.4666666666666667,0.5333333333333333,1.0,0.9333333333333333,0.0,0.4666666666666667,1.0,0.4666666666666667,1,15,1.0,0.5333333333333333,0.4666666666666667,1.0,1.0,0.0,0.4666666666666667,1.0,0.5333333333333333,1,15
rel:21,relation_dossiers,rel:21|cond=rel:21:custom:anchor,rel:21:custom:anchor,generic,80,15,rel:21|generic|w80|-,80,1.0,False,3,True,1.0,0.6666666666666666,0.33333333333333337,1.0,0.8666666666666667,0.0,0.20000000000000007,1.0,0.7692307692307693,1,13,1.0,0.6666666666666666,0.33333333333333337,1.0,0.9333333333333333,0.0,0.2666666666666667,1.0,0.6666666666666666,1,15,1.0,0.7333333333333333,0.2666666666666667,1.0,1.0,0.0,0.2666666666666667,1.0,0.7333333333333333,1,15
rel:21,relation_dossiers,rel:21|cond=rel:21:custom:anchor,rel:21:custom:anchor,oracle,40,15,rel:21|oracle|w40|-,40,1.0,True,4,True,1.0,0.6666666666666666,0.33333333333333337,1.0,0.8666666666666667,0.0,0.20000000000000007,1.0,0.7692307692307693,1,13,1.0,0.7666666666666667,0.23333333333333328,1.0,0.9333333333333333,0.0,0.16666666666666663,1.0,0.7666666666666667,1,15,1.0,0.8666666666666667,0.1333333333333333,1.0,1.0,0.0,0.1333333333333333,1.0,0.8666666666666667,1,15
rel:21,relation_dossiers,rel:21|cond=rel:21:custom:anchor,rel:21:custom:anchor,oracle,80,15,rel:21|oracle|w80|-,62,0.775,True,4,True,0.0,0.5333333333333333,-0.5333333333333333,1.0,0.8666666666666667,1.0,0.33333333333333337,0.0,0.6153846153846154,1,13,0.4444444444444445,0.7066666666666667,-0.2622222222222222,1.0,0.9333333333333333,0.5555555555555556,0.22666666666666668,0.4444444444444445,0.7066666666666667,1,15,0.0,0.8,-0.8,1.0,1.0,1.0,0.19999999999999996,0.0,0.8,1,15
rel:21,relation_dossiers,rel:21|cond=rel:21:custom:anchor,rel:21:custom:anchor,reusable,40,15,rel:21|reusable|w40|rel:21|cond=rel:21:custom:anchor,38,0.95,False,1,False,1.0,0.13333333333333333,0.8666666666666667,1.0,0.8666666666666667,0.0,0.7333333333333334,1.0,0.15384615384615385,1,13,1.0,0.15555555555555553,0.8444444444444444,1.0,0.9333333333333333,0.0,0.7777777777777778,1.0,0.15555555555555553,1,15,1.0,0.2,0.8,1.0,1.0,0.0,0.8,1.0,0.2,1,15
rel:21,relation_dossiers,rel:21|cond=rel:21:custom:anchor,rel:21:custom:anchor,reusable,80,15,rel:21|reusable|w80|rel:21|cond=rel:21:custom:anchor,71,0.8875,False,1,False,1.0,0.13333333333333333,0.8666666666666667,1.0,0.8666666666666667,0.0,0.7333333333333334,1.0,0.15384615384615385,1,13,1.0,0.15238095238095237,0.8476190476190476,1.0,0.9333333333333333,0.0,0.780952380952381,1.0,0.15238095238095237,1,15,1.0,0.13333333333333333,0.8666666666666667,1.0,1.0,0.0,0.8666666666666667,1.0,0.13333333333333333,1,15
rel:21,relation_dossiers,rel:21|cond=rel:21:facilities:anchor,rel:21:facilities:anchor,conditioned,40,15,rel:21|conditioned|w40|rel:21|cond=rel:21:facilities:anchor,25,0.625,True,4,False,0.0,0.0,0.0,0.0,0.9333333333333333,0.0,0.9333333333333333,nan,0.0,0,14,0.0,0.04888888888888889,-0.04888888888888889,0.5,0.9666666666666667,0.5,0.9177777777777778,0.0,0.04888888888888889,1,15,1.0,0.06666666666666667,0.9333333333333333,1.0,1.0,0.0,0.9333333333333333,1.0,0.06666666666666667,1,15
rel:21,relation_dossiers,rel:21|cond=rel:21:facilities:anchor,rel:21:facilities:anchor,conditioned,80,15,rel:21|conditioned|w80|rel:21|cond=rel:21:facilities:anchor,74,0.925,False,4,False,0.0,0.13333333333333333,-0.13333333333333333,0.0,0.9333333333333333,0.0,0.8,nan,0.14285714285714285,0,14,0.5,0.2644444444444444,0.23555555555555557,0.5,0.9666666666666667,0.0,0.7022222222222223,0.5,0.2644444444444444,1,15,1.0,0.2,0.8,1.0,1.0,0.0,0.8,1.0,0.2,1,15
rel:21,relation_dossiers,rel:21|cond=rel:21:facilities:anchor,rel:21:facilities:anchor,generic,40,15,rel:21|generic|w40|-,39,0.975,False,2,True,0.0,0.5333333333333333,-0.5333333333333333,0.0,0.9333333333333333,0.0,0.4,nan,0.5714285714285714,0,14,0.0,0.5333333333333333,-0.5333333333333333,0.5,0.9666666666666667,0.5,0.43333333333333335,0.0,0.5333333333333333,1,15,1.0,0.5333333333333333,0.4666666666666667,1.0,1.0,0.0,0.4666666666666667,1.0,0.5333333333333333,1,15
rel:21,relation_dossiers,rel:21|cond=rel:21:facilities:anchor,rel:21:facilities:anchor,generic,80,15,rel:21|generic|w80|-,80,1.0,False,3,True,0.0,0.7333333333333333,-0.7333333333333333,0.0,0.9333333333333333,0.0,0.20000000000000007,nan,0.7857142857142857,0,14,0.0,0.7333333333333333,-0.7333333333333333,0.5,0.9666666666666667,0.5,0.2333333333333334,0.0,0.7333333333333333,1,15,1.0,0.7333333333333333,0.2666666666666667,1.0,1.0,0.0,0.2666666666666667,1.0,0.7333333333333333,1,15
rel:21,relation_dossiers,rel:21|cond=rel:21:facilities:anchor,rel:21:facilities:anchor,oracle,40,15,rel:21|oracle|w40|-,40,1.0,True,4,True,0.0,0.7333333333333333,-0.7333333333333333,0.0,0.9333333333333333,0.0,0.20000000000000007,nan,0.7857142857142857,0,14,0.5,0.8,-0.30000000000000004,0.5,0.9666666666666667,0.0,0.16666666666666663,0.5,0.8,1,15,1.0,0.8666666666666667,0.1333333333333333,1.0,1.0,0.0,0.1333333333333333,1.0,0.8666666666666667,1,15
rel:21,relation_dossiers,rel:21|cond=rel:21:facilities:anchor,rel:21:facilities:anchor,oracle,80,15,rel:21|oracle|w80|-,62,0.775,True,4,True,0.0,0.5333333333333333,-0.5333333333333333,0.0,0.9333333333333333,0.0,0.4,nan,0.5714285714285714,0,14,0.5,0.7029629629629629,-0.2029629629629629,0.5,0.9666666666666667,0.0,0.2637037037037038,0.5,0.7029629629629629,1,15,1.0,0.7333333333333333,0.2666666666666667,1.0,1.0,0.0,0.2666666666666667,1.0,0.7333333333333333,1,15
rel:21,relation_dossiers,rel:21|cond=rel:21:facilities:anchor,rel:21:facilities:anchor,reusable,40,15,rel:21|reusable|w40|rel:21|cond=rel:21:facilities:anchor,36,0.9,False,4,False,0.0,0.26666666666666666,-0.26666666666666666,0.0,0.9333333333333333,0.0,0.6666666666666667,nan,0.2857142857142857,0,14,0.0,0.35333333333333333,-0.35333333333333333,0.5,0.9666666666666667,0.5,0.6133333333333333,0.0,0.35333333333333333,1,15,1.0,0.3333333333333333,0.6666666666666667,1.0,1.0,0.0,0.6666666666666667,1.0,0.3333333333333333,1,15
rel:21,relation_dossiers,rel:21|cond=rel:21:facilities:anchor,rel:21:facilities:anchor,reusable,80,15,rel:21|reusable|w80|rel:21|cond=rel:21:facilities:anchor,78,0.975,False,1,False,0.0,0.6,-0.6,0.0,0.9333333333333333,0.0,0.33333333333333337,nan,0.6428571428571429,0,14,0.5,0.6333333333333333,-0.1333333333333333,0.5,0.9666666666666667,0.0,0.33333333333333337,0.5,0.6333333333333333,1,15,1.0,0.6666666666666666,0.33333333333333337,1.0,1.0,0.0,0.33333333333333337,1.0,0.6666666666666666,1,15
rel:21,relation_dossiers,rel:21|cond=rel:21:finance:anchor,rel:21:finance:anchor,conditioned,40,15,rel:21|conditioned|w40|rel:21|cond=rel:21:finance:anchor,38,0.95,False,2,False,0.0,0.13333333333333333,-0.13333333333333333,1.0,0.8666666666666667,1.0,0.7333333333333334,0.0,0.15384615384615385,1,13,0.5,0.1703703703703704,0.3296296296296296,1.0,0.9333333333333333,0.5,0.762962962962963,0.5,0.1703703703703704,1,15,1.0,0.13333333333333333,0.8666666666666667,1.0,1.0,0.0,0.8666666666666667,1.0,0.13333333333333333,1,15
rel:21,relation_dossiers,rel:21|cond=rel:21:finance:anchor,rel:21:finance:anchor,conditioned,80,15,rel:21|conditioned|w80|rel:21|cond=rel:21:finance:anchor,72,0.9,False,2,False,1.0,0.13333333333333333,0.8666666666666667,1.0,0.8666666666666667,0.0,0.7333333333333334,1.0,0.15384615384615385,1,13,1.0,0.19682539682539685,0.8031746031746032,1.0,0.9333333333333333,0.0,0.7365079365079366,1.0,0.19682539682539685,1,15,1.0,0.13333333333333333,0.8666666666666667,1.0,1.0,0.0,0.8666666666666667,1.0,0.13333333333333333,1,15
rel:21,relation_dossiers,rel:21|cond=rel:21:finance:anchor,rel:21:finance:anchor,generic,40,15,rel:21|generic|w40|-,39,0.975,False,2,True,1.0,0.4666666666666667,0.5333333333333333,1.0,0.8666666666666667,0.0,0.4,1.0,0.5384615384615384,1,13,1.0,0.4666666666666667,0.5333333333333333,1.0,0.9333333333333333,0.0,0.4666666666666667,1.0,0.4666666666666667,1,15,1.0,0.5333333333333333,0.4666666666666667,1.0,1.0,0.0,0.4666666666666667,1.0,0.5333333333333333,1,15
rel:21,relation_dossiers,rel:21|cond=rel:21:finance:anchor,rel:21:finance:anchor,generic,80,15,rel:21|generic|w80|-,80,1.0,False,3,True,1.0,0.6666666666666666,0.33333333333333337,1.0,0.8666666666666667,0.0,0.20000000000000007,1.0,0.7692307692307693,1,13,1.0,0.6666666666666666,0.33333333333333337,1.0,0.9333333333333333,0.0,0.2666666666666667,1.0,0.6666666666666666,1,15,1.0,0.7333333333333333,0.2666666666666667,1.0,1.0,0.0,0.2666666666666667,1.0,0.7333333333333333,1,15
rel:21,relation_dossiers,rel:21|cond=rel:21:finance:anchor,rel:21:finance:anchor,oracle,40,15,rel:21|oracle|w40|-,40,1.0,True,4,True,0.0,0.7333333333333333,-0.7333333333333333,1.0,0.8666666666666667,1.0,0.13333333333333341,0.0,0.8461538461538461,1,13,0.5,0.8,-0.30000000000000004,1.0,0.9333333333333333,0.5,0.1333333333333333,0.5,0.8,1,15,1.0,0.8666666666666667,0.1333333333333333,1.0,1.0,0.0,0.1333333333333333,1.0,0.8666666666666667,1,15
rel:21,relation_dossiers,rel:21|cond=rel:21:finance:anchor,rel:21:finance:anchor,oracle,80,15,rel:21|oracle|w80|-,62,0.775,True,4,True,0.0,0.5333333333333333,-0.5333333333333333,1.0,0.8666666666666667,1.0,0.33333333333333337,0.0,0.6153846153846154,1,13,0.8,0.682962962962963,0.11703703703703705,1.0,0.9333333333333333,0.19999999999999996,0.25037037037037035,0.8,0.682962962962963,1,15,1.0,0.7333333333333333,0.2666666666666667,1.0,1.0,0.0,0.2666666666666667,1.0,0.7333333333333333,1,15
rel:21,relation_dossiers,rel:21|cond=rel:21:finance:anchor,rel:21:finance:anchor,reusable,40,15,rel:21|reusable|w40|rel:21|cond=rel:21:finance:anchor,34,0.85,False,1,False,1.0,0.13333333333333333,0.8666666666666667,1.0,0.8666666666666667,0.0,0.7333333333333334,1.0,0.15384615384615385,1,13,1.0,0.1671957671957672,0.8328042328042328,1.0,0.9333333333333333,0.0,0.7661375661375661,1.0,0.1671957671957672,1,15,1.0,0.13333333333333333,0.8666666666666667,1.0,1.0,0.0,0.8666666666666667,1.0,0.13333333333333333,1,15
rel:21,relation_dossiers,rel:21|cond=rel:21:finance:anchor,rel:21:finance:anchor,reusable,80,15,rel:21|reusable|w80|rel:21|cond=rel:21:finance:anchor,79,0.9875,False,2,False,1.0,0.3333333333333333,0.6666666666666667,1.0,0.8666666666666667,0.0,0.5333333333333334,1.0,0.38461538461538464,1,13,1.0,0.3333333333333333,0.6666666666666667,1.0,0.9333333333333333,0.0,0.6000000000000001,1.0,0.3333333333333333,1,15,1.0,0.3333333333333333,0.6666666666666667,1.0,1.0,0.0,0.6666666666666667,1.0,0.3333333333333333,1,15
rel:21,relation_dossiers,rel:21|cond=rel:21:founding:anchor,rel:21:founding:anchor,conditioned,40,15,rel:21|conditioned|w40|rel:21|cond=rel:21:founding:anchor,40,1.0,False,3,False,1.0,0.13333333333333333,0.8666666666666667,1.0,0.8666666666666667,0.0,0.7333333333333334,1.0,0.15384615384615385,1,13,1.0,0.2237037037037037,0.7762962962962963,1.0,0.9333333333333333,0.0,0.7096296296296296,1.0,0.2237037037037037,1,15,1.0,0.13333333333333333,0.8666666666666667,1.0,1.0,0.0,0.8666666666666667,1.0,0.13333333333333333,1,15
rel:21,relation_dossiers,rel:21|cond=rel:21:founding:anchor,rel:21:founding:anchor,conditioned,80,15,rel:21|conditioned|w80|rel:21|cond=rel:21:founding:anchor,78,0.975,False,1,False,1.0,0.13333333333333333,0.8666666666666667,1.0,0.8666666666666667,0.0,0.7333333333333334,1.0,0.15384615384615385,1,13,1.0,0.16888888888888892,0.8311111111111111,1.0,0.9333333333333333,0.0,0.7644444444444445,1.0,0.16888888888888892,1,15,1.0,0.13333333333333333,0.8666666666666667,1.0,1.0,0.0,0.8666666666666667,1.0,0.13333333333333333,1,15
rel:21,relation_dossiers,rel:21|cond=rel:21:founding:anchor,rel:21:founding:anchor,generic,40,15,rel:21|generic|w40|-,39,0.975,False,2,True,1.0,0.4666666666666667,0.5333333333333333,1.0,0.8666666666666667,0.0,0.4,1.0,0.5384615384615384,1,13,1.0,0.4666666666666667,0.5333333333333333,1.0,0.9333333333333333,0.0,0.4666666666666667,1.0,0.4666666666666667,1,15,1.0,0.5333333333333333,0.4666666666666667,1.0,1.0,0.0,0.4666666666666667,1.0,0.5333333333333333,1,15
rel:21,relation_dossiers,rel:21|cond=rel:21:founding:anchor,rel:21:founding:anchor,generic,80,15,rel:21|generic|w80|-,80,1.0,False,3,True,1.0,0.6666666666666666,0.33333333333333337,1.0,0.8666666666666667,0.0,0.20000000000000007,1.0,0.7692307692307693,1,13,1.0,0.6666666666666666,0.33333333333333337,1.0,0.9333333333333333,0.0,0.2666666666666667,1.0,0.6666666666666666,1,15,1.0,0.7333333333333333,0.2666666666666667,1.0,1.0,0.0,0.2666666666666667,1.0,0.7333333333333333,1,15
rel:21,relation_dossiers,rel:21|cond=rel:21:founding:anchor,rel:21:founding:anchor,oracle,40,15,rel:21|oracle|w40|-,40,1.0,True,4,True,1.0,0.6666666666666666,0.33333333333333337,1.0,0.8666666666666667,0.0,0.20000000000000007,1.0,0.7692307692307693,1,13,1.0,0.7666666666666667,0.23333333333333328,1.0,0.9333333333333333,0.0,0.16666666666666663,1.0,0.7666666666666667,1,15,1.0,0.8666666666666667,0.1333333333333333,1.0,1.0,0.0,0.1333333333333333,1.0,0.8666666666666667,1,15
rel:21,relation_dossiers,rel:21|cond=rel:21:founding:anchor,rel:21:founding:anchor,oracle,80,15,rel:21|oracle|w80|-,62,0.775,True,4,True,1.0,0.4666666666666667,0.5333333333333333,1.0,0.8666666666666667,0.0,0.4,1.0,0.5384615384615384,1,13,1.0,0.6696296296296296,0.3303703703703704,1.0,0.9333333333333333,0.0,0.2637037037037038,1.0,0.6696296296296296,1,15,1.0,0.7333333333333333,0.2666666666666667,1.0,1.0,0.0,0.2666666666666667,1.0,0.7333333333333333,1,15
rel:21,relation_dossiers,rel:21|cond=rel:21:founding:anchor,rel:21:founding:anchor,reusable,40,15,rel:21|reusable|w40|rel:21|cond=rel:21:founding:anchor,37,0.925,False,2,False,1.0,0.26666666666666666,0.7333333333333334,1.0,0.8666666666666667,0.0,0.6000000000000001,1.0,0.3076923076923077,1,13,1.0,0.2833333333333333,0.7166666666666667,1.0,0.9333333333333333,0.0,0.65,1.0,0.2833333333333333,1,15,1.0,0.26666666666666666,0.7333333333333334,1.0,1.0,0.0,0.7333333333333334,1.0,0.26666666666666666,1,15
rel:21,relation_dossiers,rel:21|cond=rel:21:founding:anchor,rel:21:founding:anchor,reusable,80,15,rel:21|reusable|w80|rel:21|cond=rel:21:founding:anchor,72,0.9,True,4,False,1.0,0.5333333333333333,0.4666666666666667,1.0,0.8666666666666667,0.0,0.33333333333333337,1.0,0.6153846153846154,1,13,1.0,0.5333333333333333,0.4666666666666667,1.0,0.9333333333333333,0.0,0.4,1.0,0.5333333333333333,1,15,1.0,0.5333333333333333,0.4666666666666667,1.0,1.0,0.0,0.4666666666666667,1.0,0.5333333333333333,1,15
rel:22,relation_dossiers,rel:22|cond=rel:22:custom:anchor,rel:22:custom:anchor,conditioned,40,15,rel:22|conditioned|w40|rel:22|cond=rel:22:custom:anchor,31,0.775,True,4,False,1.0,0.06666666666666667,0.9333333333333333,1.0,0.8666666666666667,0.0,0.8,1.0,0.07692307692307693,1,13,1.0,0.1,0.9,1.0,0.9111111111111111,0.0,0.8111111111111111,1.0,0.10714285714285714,1,14,1.0,0.06666666666666667,0.9333333333333333,1.0,0.9333333333333333,0.0,0.8666666666666667,1.0,0.07142857142857142,1,14
rel:22,relation_dossiers,rel:22|cond=rel:22:custom:anchor,rel:22:custom:anchor,conditioned,80,15,rel:22|conditioned|w80|rel:22|cond=rel:22:custom:anchor,58,0.725,True,4,False,1.0,0.06666666666666667,0.9333333333333333,1.0,0.8666666666666667,0.0,0.8,1.0,0.07692307692307693,1,13,1.0,0.09333333333333332,0.9066666666666667,1.0,0.9111111111111111,0.0,0.8177777777777777,1.0,0.09999999999999999,1,14,1.0,0.06666666666666667,0.9333333333333333,1.0,0.9333333333333333,0.0,0.8666666666666667,1.0,0.07142857142857142,1,14
rel:22,relation_dossiers,rel:22|cond=rel:22:custom:anchor,rel:22:custom:anchor,generic,40,15,rel:22|generic|w40|-,40,1.0,False,3,True,0.0,0.5333333333333333,-0.5333333333333333,1.0,0.8666666666666667,1.0,0.33333333333333337,0.0,0.6153846153846154,1,13,0.0,0.5777777777777777,-0.5777777777777777,1.0,0.9111111111111111,1.0,0.33333333333333337,0.0,0.619047619047619,1,14,0.0,0.6,-0.6,1.0,0.9333333333333333,1.0,0.33333333333333337,0.0,0.6428571428571429,1,14
rel:22,relation_dossiers,rel:22|cond=rel:22:custom:anchor,rel:22:custom:anchor,generic,80,15,rel:22|generic|w80|-,80,1.0,False,2,True,1.0,0.6666666666666666,0.33333333333333337,1.0,0.8666666666666667,0.0,0.20000000000000007,1.0,0.6923076923076923,1,13,1.0,0.7444444444444444,0.25555555555555565,1.0,0.9111111111111111,0.0,0.16666666666666674,1.0,0.7261904761904762,1,14,1.0,0.7333333333333333,0.2666666666666667,1.0,0.9333333333333333,0.0,0.20000000000000007,1.0,0.7142857142857143,1,14
rel:22,relation_dossiers,rel:22|cond=rel:22:custom:anchor,rel:22:custom:anchor,oracle,40,15,rel:22|oracle|w40|-,11,0.275,True,4,True,0.0,0.2,-0.2,1.0,0.8666666666666667,1.0,0.6666666666666667,0.0,0.23076923076923078,1,13,0.0,0.2523809523809524,-0.2523809523809524,1.0,0.9111111111111111,1.0,0.6587301587301587,0.0,0.2704081632653061,1,14,0.0,0.26666666666666666,-0.26666666666666666,1.0,0.9333333333333333,1.0,0.6666666666666667,0.0,0.2857142857142857,1,14
rel:22,relation_dossiers,rel:22|cond=rel:22:custom:anchor,rel:22:custom:anchor,oracle,80,15,rel:22|oracle|w80|-,63,0.7875,True,4,True,0.0,0.6666666666666666,-0.6666666666666666,1.0,0.8666666666666667,1.0,0.20000000000000007,0.0,0.7692307692307693,1,13,0.4,0.711111111111111,-0.311111111111111,1.0,0.9111111111111111,0.6,0.20000000000000007,0.4,0.7619047619047619,1,14,0.0,0.7333333333333333,-0.7333333333333333,1.0,0.9333333333333333,1.0,0.20000000000000007,0.0,0.7857142857142857,1,14
rel:22,relation_dossiers,rel:22|cond=rel:22:custom:anchor,rel:22:custom:anchor,reusable,40,15,rel:22|reusable|w40|rel:22|cond=rel:22:custom:anchor,36,0.9,False,2,False,1.0,0.13333333333333333,0.8666666666666667,1.0,0.8666666666666667,0.0,0.7333333333333334,1.0,0.15384615384615385,1,13,1.0,0.16,0.84,1.0,0.9111111111111111,0.0,0.7511111111111111,1.0,0.17142857142857143,1,14,1.0,0.13333333333333333,0.8666666666666667,1.0,0.9333333333333333,0.0,0.8,1.0,0.14285714285714285,1,14
rel:22,relation_dossiers,rel:22|cond=rel:22:custom:anchor,rel:22:custom:anchor,reusable,80,15,rel:22|reusable|w80|rel:22|cond=rel:22:custom:anchor,66,0.825,True,4,False,1.0,0.2,0.8,1.0,0.8666666666666667,0.0,0.6666666666666667,1.0,0.23076923076923078,1,13,1.0,0.22666666666666666,0.7733333333333333,1.0,0.9111111111111111,0.0,0.6844444444444444,1.0,0.24285714285714285,1,14,1.0,0.2,0.8,1.0,0.9333333333333333,0.0,0.7333333333333334,1.0,0.21428571428571427,1,14
rel:22,relation_dossiers,rel:22|cond=rel:22:facilities:anchor,rel:22:facilities:anchor,conditioned,40,15,rel:22|conditioned|w40|rel:22|cond=rel:22:facilities:anchor,34,0.85,False,3,False,1.0,0.13333333333333333,0.8666666666666667,1.0,0.8666666666666667,0.0,0.7333333333333334,1.0,0.15384615384615385,1,13,1.0,0.18333333333333332,0.8166666666666667,1.0,0.9111111111111111,0.0,0.7277777777777777,1.0,0.19642857142857142,1,14,1.0,0.13333333333333333,0.8666666666666667,1.0,0.9333333333333333,0.0,0.8,1.0,0.14285714285714285,1,14
rel:22,relation_dossiers,rel:22|cond=rel:22:facilities:anchor,rel:22:facilities:anchor,conditioned,80,15,rel:22|conditioned|w80|rel:22|cond=rel:22:facilities:anchor,74,0.925,False,3,False,1.0,0.26666666666666666,0.7333333333333334,1.0,0.8666666666666667,0.0,0.6000000000000001,1.0,0.3076923076923077,1,13,1.0,0.26666666666666666,0.7333333333333334,1.0,0.9111111111111111,0.0,0.6444444444444444,1.0,0.2857142857142857,1,14,1.0,0.26666666666666666,0.7333333333333334,1.0,0.9333333333333333,0.0,0.6666666666666667,1.0,0.2857142857142857,1,14
rel:22,relation_dossiers,rel:22|cond=rel:22:facilities:anchor,rel:22:facilities:anchor,generic,40,15,rel:22|generic|w40|-,40,1.0,False,3,True,1.0,0.4666666666666667,0.5333333333333333,1.0,0.8666666666666667,0.0,0.4,1.0,0.5384615384615384,1,13,1.0,0.5111111111111111,0.48888888888888893,1.0,0.9111111111111111,0.0,0.4,1.0,0.5476190476190476,1,14,1.0,0.5333333333333333,0.4666666666666667,1.0,0.9333333333333333,0.0,0.4,1.0,0.5714285714285714,1,14
rel:22,relation_dossiers,rel:22|cond=rel:22:facilities:anchor,rel:22:facilities:anchor,generic,80,15,rel:22|generic|w80|-,80,1.0,False,2,True,1.0,0.6666666666666666,0.33333333333333337,1.0,0.8666666666666667,0.0,0.20000000000000007,1.0,0.6923076923076923,1,13,1.0,0.7444444444444444,0.25555555555555565,1.0,0.9111111111111111,0.0,0.16666666666666674,1.0,0.7261904761904762,1,14,1.0,0.7333333333333333,0.2666666666666667,1.0,0.9333333333333333,0.0,0.20000000000000007,1.0,0.7142857142857143,1,14
rel:22,relation_dossiers,rel:22|cond=rel:22:facilities:anchor,rel:22:facilities:anchor,oracle,40,15,rel:22|oracle|w40|-,11,0.275,True,4,True,0.0,0.2,-0.2,1.0,0.8666666666666667,1.0,0.6666666666666667,0.0,0.23076923076923078,1,13,0.0,0.2523809523809524,-0.2523809523809524,1.0,0.9111111111111111,1.0,0.6587301587301587,0.0,0.2704081632653061,1,14,0.0,0.26666666666666666,-0.26666666666666666,1.0,0.9333333333333333,1.0,0.6666666666666667,0.0,0.2857142857142857,1,14
rel:22,relation_dossiers,rel:22|cond=rel:22:facilities:anchor,rel:22:facilities:anchor,oracle,80,15,rel:22|oracle|w80|-,63,0.7875,True,4,True,1.0,0.6,0.4,1.0,0.8666666666666667,0.0,0.2666666666666667,1.0,0.6923076923076923,1,13,1.0,0.6711111111111111,0.3288888888888889,1.0,0.9111111111111111,0.0,0.24,1.0,0.719047619047619,1,14,1.0,0.6666666666666666,0.33333333333333337,1.0,0.9333333333333333,0.0,0.2666666666666667,1.0,0.7142857142857143,1,14
rel:22,relation_dossiers,rel:22|cond=rel:22:facilities:anchor,rel:22:facilities:anchor,reusable,40,15,rel:22|reusable|w40|rel:22|cond=rel:22:facilities:anchor,36,0.9,False,3,False,1.0,0.26666666666666666,0.7333333333333334,1.0,0.8666666666666667,0.0,0.6000000000000001,1.0,0.23076923076923078,1,13,1.0,0.3377777777777778,0.6622222222222223,1.0,0.9111111111111111,0.0,0.5733333333333333,1.0,0.29047619047619044,1,14,1.0,0.3333333333333333,0.6666666666666667,1.0,0.9333333333333333,0.0,0.6000000000000001,1.0,0.2857142857142857,1,14
rel:22,relation_dossiers,rel:22|cond=rel:22:facilities:anchor,rel:22:facilities:anchor,reusable,80,15,rel:22|reusable|w80|rel:22|cond=rel:22:facilities:anchor,75,0.9375,False,1,False,1.0,0.26666666666666666,0.7333333333333334,1.0,0.8666666666666667,0.0,0.6000000000000001,1.0,0.3076923076923077,1,13,1.0,0.26666666666666666,0.7333333333333334,1.0,0.9111111111111111,0.0,0.6444444444444444,1.0,0.2857142857142857,1,14,1.0,0.26666666666666666,0.7333333333333334,1.0,0.9333333333333333,0.0,0.6666666666666667,1.0,0.2857142857142857,1,14
rel:22,relation_dossiers,rel:22|cond=rel:22:finance:anchor,rel:22:finance:anchor,conditioned,40,15,rel:22|conditioned|w40|rel:22|cond=rel:22:finance:anchor,37,0.925,False,4,False,1.0,0.2,0.8,1.0,0.8666666666666667,0.0,0.6666666666666667,1.0,0.23076923076923078,1,13,1.0,0.2,0.8,1.0,0.9111111111111111,0.0,0.711111111111111,1.0,0.21428571428571427,1,14,1.0,0.2,0.8,1.0,0.9333333333333333,0.0,0.7333333333333334,1.0,0.21428571428571427,1,14
rel:22,relation_dossiers,rel:22|cond=rel:22:finance:anchor,rel:22:finance:anchor,conditioned,80,15,rel:22|conditioned|w80|rel:22|cond=rel:22:finance:anchor,68,0.85,False,2,False,1.0,0.06666666666666667,0.9333333333333333,1.0,0.8666666666666667,0.0,0.8,1.0,0.07692307692307693,1,13,1.0,0.09333333333333332,0.9066666666666667,1.0,0.9111111111111111,0.0,0.8177777777777777,1.0,0.09999999999999999,1,14,1.0,0.06666666666666667,0.9333333333333333,1.0,0.9333333333333333,0.0,0.8666666666666667,1.0,0.07142857142857142,1,14
rel:22,relation_dossiers,rel:22|cond=rel:22:finance:anchor,rel:22:finance:anchor,generic,40,15,rel:22|generic|w40|-,40,1.0,False,3,True,1.0,0.4666666666666667,0.5333333333333333,1.0,0.8666666666666667,0.0,0.4,1.0,0.5384615384615384,1,13,1.0,0.5111111111111111,0.48888888888888893,1.0,0.9111111111111111,0.0,0.4,1.0,0.5476190476190476,1,14,1.0,0.5333333333333333,0.4666666666666667,1.0,0.9333333333333333,0.0,0.4,1.0,0.5714285714285714,1,14
rel:22,relation_dossiers,rel:22|cond=rel:22:finance:anchor,rel:22:finance:anchor,generic,80,15,rel:22|generic|w80|-,80,1.0,False,2,True,1.0,0.6666666666666666,0.33333333333333337,1.0,0.8666666666666667,0.0,0.20000000000000007,1.0,0.6923076923076923,1,13,1.0,0.7444444444444444,0.25555555555555565,1.0,0.9111111111111111,0.0,0.16666666666666674,1.0,0.7261904761904762,1,14,1.0,0.7333333333333333,0.2666666666666667,1.0,0.9333333333333333,0.0,0.20000000000000007,1.0,0.7142857142857143,1,14
rel:22,relation_dossiers,rel:22|cond=rel:22:finance:anchor,rel:22:finance:anchor,oracle,40,15,rel:22|oracle|w40|-,11,0.275,True,4,True,0.0,0.2,-0.2,1.0,0.8666666666666667,1.0,0.6666666666666667,0.0,0.23076923076923078,1,13,0.0,0.2523809523809524,-0.2523809523809524,1.0,0.9111111111111111,1.0,0.6587301587301587,0.0,0.2704081632653061,1,14,0.0,0.26666666666666666,-0.26666666666666666,1.0,0.9333333333333333,1.0,0.6666666666666667,0.0,0.2857142857142857,1,14
rel:22,relation_dossiers,rel:22|cond=rel:22:finance:anchor,rel:22:finance:anchor,oracle,80,15,rel:22|oracle|w80|-,63,0.7875,True,4,True,1.0,0.6,0.4,1.0,0.8666666666666667,0.0,0.2666666666666667,1.0,0.6923076923076923,1,13,1.0,0.6711111111111111,0.3288888888888889,1.0,0.9111111111111111,0.0,0.24,1.0,0.719047619047619,1,14,1.0,0.6666666666666666,0.33333333333333337,1.0,0.9333333333333333,0.0,0.2666666666666667,1.0,0.7142857142857143,1,14
rel:22,relation_dossiers,rel:22|cond=rel:22:finance:anchor,rel:22:finance:anchor,reusable,40,15,rel:22|reusable|w40|rel:22|cond=rel:22:finance:anchor,25,0.625,True,4,False,1.0,0.06666666666666667,0.9333333333333333,1.0,0.8666666666666667,0.0,0.8,1.0,0.07692307692307693,1,13,1.0,0.06666666666666667,0.9333333333333333,1.0,0.9111111111111111,0.0,0.8444444444444444,1.0,0.07142857142857142,1,14,1.0,0.06666666666666667,0.9333333333333333,1.0,0.9333333333333333,0.0,0.8666666666666667,1.0,0.07142857142857142,1,14
rel:22,relation_dossiers,rel:22|cond=rel:22:finance:anchor,rel:22:finance:anchor,reusable,80,15,rel:22|reusable|w80|rel:22|cond=rel:22:finance:anchor,77,0.9625,False,2,False,1.0,0.4666666666666667,0.5333333333333333,1.0,0.8666666666666667,0.0,0.4,1.0,0.5384615384615384,1,13,1.0,0.5111111111111111,0.48888888888888893,1.0,0.9111111111111111,0.0,0.4,1.0,0.5476190476190476,1,14,1.0,0.5333333333333333,0.4666666666666667,1.0,0.9333333333333333,0.0,0.4,1.0,0.5714285714285714,1,14
rel:22,relation_dossiers,rel:22|cond=rel:22:founding:anchor,rel:22:founding:anchor,conditioned,40,15,rel:22|conditioned|w40|rel:22|cond=rel:22:founding:anchor,30,0.75,True,4,False,1.0,0.2,0.8,1.0,0.8666666666666667,0.0,0.6666666666666667,1.0,0.23076923076923078,1,13,1.0,0.2457142857142857,0.7542857142857143,1.0,0.9111111111111111,0.0,0.6653968253968254,1.0,0.26326530612244897,1,14,1.0,0.2,0.8,1.0,0.9333333333333333,0.0,0.7333333333333334,1.0,0.21428571428571427,1,14
rel:22,relation_dossiers,rel:22|cond=rel:22:founding:anchor,rel:22:founding:anchor,conditioned,80,15,rel:22|conditioned|w80|rel:22|cond=rel:22:founding:anchor,70,0.875,False,1,False,1.0,0.13333333333333333,0.8666666666666667,1.0,0.8666666666666667,0.0,0.7333333333333334,1.0,0.15384615384615385,1,13,1.0,0.13333333333333333,0.8666666666666667,1.0,0.9111111111111111,0.0,0.7777777777777778,1.0,0.14285714285714285,1,14,1.0,0.13333333333333333,0.8666666666666667,1.0,0.9333333333333333,0.0,0.8,1.0,0.14285714285714285,1,14
rel:22,relation_dossiers,rel:22|cond=rel:22:founding:anchor,rel:22:founding:anchor,generic,40,15,rel:22|generic|w40|-,40,1.0,False,3,True,1.0,0.4666666666666667,0.5333333333333333,1.0,0.8666666666666667,0.0,0.4,1.0,0.5384615384615384,1,13,1.0,0.5111111111111111,0.48888888888888893,1.0,0.9111111111111111,0.0,0.4,1.0,0.5476190476190476,1,14,1.0,0.5333333333333333,0.4666666666666667,1.0,0.9333333333333333,0.0,0.4,1.0,0.5714285714285714,1,14
rel:22,relation_dossiers,rel:22|cond=rel:22:founding:anchor,rel:22:founding:anchor,generic,80,15,rel:22|generic|w80|-,80,1.0,False,2,True,1.0,0.6666666666666666,0.33333333333333337,1.0,0.8666666666666667,0.0,0.20000000000000007,1.0,0.6923076923076923,1,13,1.0,0.7444444444444444,0.25555555555555565,1.0,0.9111111111111111,0.0,0.16666666666666674,1.0,0.7261904761904762,1,14,1.0,0.7333333333333333,0.2666666666666667,1.0,0.9333333333333333,0.0,0.20000000000000007,1.0,0.7142857142857143,1,14
rel:22,relation_dossiers,rel:22|cond=rel:22:founding:anchor,rel:22:founding:anchor,oracle,40,15,rel:22|oracle|w40|-,11,0.275,True,4,True,1.0,0.13333333333333333,0.8666666666666667,1.0,0.8666666666666667,0.0,0.7333333333333334,1.0,0.15384615384615385,1,13,1.0,0.1857142857142857,0.8142857142857143,1.0,0.9111111111111111,0.0,0.7253968253968254,1.0,0.1989795918367347,1,14,1.0,0.2,0.8,1.0,0.9333333333333333,0.0,0.7333333333333334,1.0,0.21428571428571427,1,14
rel:22,relation_dossiers,rel:22|cond=rel:22:founding:anchor,rel:22:founding:anchor,oracle,80,15,rel:22|oracle|w80|-,63,0.7875,True,4,True,1.0,0.6,0.4,1.0,0.8666666666666667,0.0,0.2666666666666667,1.0,0.6923076923076923,1,13,1.0,0.6711111111111111,0.3288888888888889,1.0,0.9111111111111111,0.0,0.24,1.0,0.719047619047619,1,14,1.0,0.6666666666666666,0.33333333333333337,1.0,0.9333333333333333,0.0,0.2666666666666667,1.0,0.7142857142857143,1,14
rel:22,relation_dossiers,rel:22|cond=rel:22:founding:anchor,rel:22:founding:anchor,reusable,40,15,rel:22|reusable|w40|rel:22|cond=rel:22:founding:anchor,39,0.975,False,1,False,1.0,0.2,0.8,1.0,0.8666666666666667,0.0,0.6666666666666667,1.0,0.23076923076923078,1,13,1.0,0.2,0.8,1.0,0.9111111111111111,0.0,0.711111111111111,1.0,0.21428571428571427,1,14,1.0,0.2,0.8,1.0,0.9333333333333333,0.0,0.7333333333333334,1.0,0.21428571428571427,1,14
rel:22,relation_dossiers,rel:22|cond=rel:22:founding:anchor,rel:22:founding:anchor,reusable,80,15,rel:22|reusable|w80|rel:22|cond=rel:22:founding:anchor,73,0.9125,False,3,False,1.0,0.5333333333333333,0.4666666666666667,1.0,0.8666666666666667,0.0,0.33333333333333337,1.0,0.6153846153846154,1,13,1.0,0.5777777777777777,0.4222222222222223,1.0,0.9111111111111111,0.0,0.33333333333333337,1.0,0.619047619047619,1,14,1.0,0.6,0.4,1.0,0.9333333333333333,0.0,0.33333333333333337,1.0,0.6428571428571429,1,14
rel:23,relation_dossiers,rel:23|cond=rel:23:custom:anchor,rel:23:custom:anchor,conditioned,40,15,rel:23|conditioned|w40|rel:23|cond=rel:23:custom:anchor,39,0.975,False,3,False,1.0,0.13333333333333333,0.8666666666666667,1.0,0.9333333333333333,0.0,0.8,1.0,0.14285714285714285,1,14,1.0,0.16,0.84,1.0,0.9777777777777777,0.0,0.8177777777777777,1.0,0.16,1,15,1.0,0.13333333333333333,0.8666666666666667,1.0,1.0,0.0,0.8666666666666667,1.0,0.13333333333333333,1,15
rel:23,relation_dossiers,rel:23|cond=rel:23:custom:anchor,rel:23:custom:anchor,conditioned,80,15,rel:23|conditioned|w80|rel:23|cond=rel:23:custom:anchor,73,0.9125,False,1,False,1.0,0.13333333333333333,0.8666666666666667,1.0,0.9333333333333333,0.0,0.8,1.0,0.14285714285714285,1,14,1.0,0.15555555555555553,0.8444444444444444,1.0,0.9777777777777777,0.0,0.8222222222222222,1.0,0.15555555555555553,1,15,1.0,0.13333333333333333,0.8666666666666667,1.0,1.0,0.0,0.8666666666666667,1.0,0.13333333333333333,1,15
rel:23,relation_dossiers,rel:23|cond=rel:23:custom:anchor,rel:23:custom:anchor,generic,40,15,rel:23|generic|w40|-,37,0.925,False,4,True,1.0,0.2,0.8,1.0,0.9333333333333333,0.0,0.7333333333333334,1.0,0.21428571428571427,1,14,1.0,0.41777777777777775,0.5822222222222222,1.0,0.9777777777777777,0.0,0.56,1.0,0.41777777777777775,1,15,1.0,0.3333333333333333,0.6666666666666667,1.0,1.0,0.0,0.6666666666666667,1.0,0.3333333333333333,1,15
rel:23,relation_dossiers,rel:23|cond=rel:23:custom:anchor,rel:23:custom:anchor,generic,80,15,rel:23|generic|w80|-,79,0.9875,False,2,True,1.0,0.3333333333333333,0.6666666666666667,1.0,0.9333333333333333,0.0,0.6000000000000001,1.0,0.35714285714285715,1,14,1.0,0.4444444444444444,0.5555555555555556,1.0,0.9777777777777777,0.0,0.5333333333333333,1.0,0.4444444444444444,1,15,1.0,0.4,0.6,1.0,1.0,0.0,0.6,1.0,0.4,1,15
rel:23,relation_dossiers,rel:23|cond=rel:23:custom:anchor,rel:23:custom:anchor,oracle,40,15,rel:23|oracle|w40|-,36,0.9,False,4,True,1.0,0.5333333333333333,0.4666666666666667,1.0,0.9333333333333333,0.0,0.4,1.0,0.5714285714285714,1,14,1.0,0.6888888888888888,0.3111111111111112,1.0,0.9777777777777777,0.0,0.288888888888889,1.0,0.6888888888888888,1,15,1.0,0.6666666666666666,0.33333333333333337,1.0,1.0,0.0,0.33333333333333337,1.0,0.6666666666666666,1,15
rel:23,relation_dossiers,rel:23|cond=rel:23:custom:anchor,rel:23:custom:anchor,oracle,80,15,rel:23|oracle|w80|-,74,0.925,False,2,True,1.0,0.9333333333333333,0.06666666666666665,1.0,0.9333333333333333,0.0,0.0,1.0,1.0,1,14,1.0,0.9777777777777777,0.022222222222222254,1.0,0.9777777777777777,0.0,0.0,1.0,0.9777777777777777,1,15,1.0,1.0,0.0,1.0,1.0,0.0,0.0,1.0,1.0,1,15
rel:23,relation_dossiers,rel:23|cond=rel:23:custom:anchor,rel:23:custom:anchor,reusable,40,15,rel:23|reusable|w40|rel:23|cond=rel:23:custom:anchor,35,0.875,False,3,False,1.0,0.2,0.8,1.0,0.9333333333333333,0.0,0.7333333333333334,1.0,0.21428571428571427,1,14,1.0,0.22666666666666666,0.7733333333333333,1.0,0.9777777777777777,0.0,0.7511111111111111,1.0,0.22666666666666666,1,15,1.0,0.2,0.8,1.0,1.0,0.0,0.8,1.0,0.2,1,15
rel:23,relation_dossiers,rel:23|cond=rel:23:custom:anchor,rel:23:custom:anchor,reusable,80,15,rel:23|reusable|w80|rel:23|cond=rel:23:custom:anchor,72,0.9,False,1,False,1.0,0.2,0.8,1.0,0.9333333333333333,0.0,0.7333333333333334,1.0,0.21428571428571427,1,14,1.0,0.2,0.8,1.0,0.9777777777777777,0.0,0.7777777777777777,1.0,0.2,1,15,1.0,0.2,0.8,1.0,1.0,0.0,0.8,1.0,0.2,1,15
rel:23,relation_dossiers,rel:23|cond=rel:23:facilities:anchor,rel:23:facilities:anchor,conditioned,40,15,rel:23|conditioned|w40|rel:23|cond=rel:23:facilities:anchor,34,0.85,False,3,False,1.0,0.06666666666666667,0.9333333333333333,1.0,0.9333333333333333,0.0,0.8666666666666667,1.0,0.07142857142857142,1,14,1.0,0.09333333333333332,0.9066666666666667,1.0,0.9777777777777777,0.0,0.8844444444444444,1.0,0.09333333333333332,1,15,1.0,0.06666666666666667,0.9333333333333333,1.0,1.0,0.0,0.9333333333333333,1.0,0.06666666666666667,1,15
rel:23,relation_dossiers,rel:23|cond=rel:23:facilities:anchor,rel:23:facilities:anchor,conditioned,80,15,rel:23|conditioned|w80|rel:23|cond=rel:23:facilities:anchor,75,0.9375,True,4,False,1.0,0.13333333333333333,0.8666666666666667,1.0,0.9333333333333333,0.0,0.8,1.0,0.14285714285714285,1,14,1.0,0.15238095238095237,0.8476190476190476,1.0,0.9777777777777777,0.0,0.8253968253968254,1.0,0.15238095238095237,1,15,1.0,0.13333333333333333,0.8666666666666667,1.0,1.0,0.0,0.8666666666666667,1.0,0.13333333333333333,1,15
rel:23,relation_dossiers,rel:23|cond=rel:23:facilities:anchor,rel:23:facilities:anchor,generic,40,15,rel:23|generic|w40|-,37,0.925,False,4,True,1.0,0.2,0.8,1.0,0.9333333333333333,0.0,0.7333333333333334,1.0,0.21428571428571427,1,14,1.0,0.41777777777777775,0.5822222222222222,1.0,0.9777777777777777,0.0,0.56,1.0,0.41777777777777775,1,15,1.0,0.3333333333333333,0.6666666666666667,1.0,1.0,0.0,0.6666666666666667,1.0,0.3333333333333333,1,15
rel:23,relation_dossiers,rel:23|cond=rel:23:facilities:anchor,rel:23:facilities:anchor,generic,80,15,rel:23|generic|w80|-,79,0.9875,False,2,True,1.0,0.3333333333333333,0.6666666666666667,1.0,0.9333333333333333,0.0,0.6000000000000001,1.0,0.35714285714285715,1,14,1.0,0.4444444444444444,0.5555555555555556,1.0,0.9777777777777777,0.0,0.5333333333333333,1.0,0.4444444444444444,1,15,1.0,0.4,0.6,1.0,1.0,0.0,0.6,1.0,0.4,1,15
rel:23,relation_dossiers,rel:23|cond=rel:23:facilities:anchor,rel:23:facilities:anchor,oracle,40,15,rel:23|oracle|w40|-,36,0.9,False,4,True,1.0,0.5333333333333333,0.4666666666666667,1.0,0.9333333333333333,0.0,0.4,1.0,0.5714285714285714,1,14,1.0,0.6888888888888888,0.3111111111111112,1.0,0.9777777777777777,0.0,0.288888888888889,1.0,0.6888888888888888,1,15,1.0,0.6666666666666666,0.33333333333333337,1.0,1.0,0.0,0.33333333333333337,1.0,0.6666666666666666,1,15
rel:23,relation_dossiers,rel:23|cond=rel:23:facilities:anchor,rel:23:facilities:anchor,oracle,80,15,rel:23|oracle|w80|-,74,0.925,False,2,True,1.0,0.9333333333333333,0.06666666666666665,1.0,0.9333333333333333,0.0,0.0,1.0,1.0,1,14,1.0,0.9777777777777777,0.022222222222222254,1.0,0.9777777777777777,0.0,0.0,1.0,0.9777777777777777,1,15,1.0,1.0,0.0,1.0,1.0,0.0,0.0,1.0,1.0,1,15
rel:23,relation_dossiers,rel:23|cond=rel:23:facilities:anchor,rel:23:facilities:anchor,reusable,40,15,rel:23|reusable|w40|rel:23|cond=rel:23:facilities:anchor,36,0.9,False,2,False,1.0,0.06666666666666667,0.9333333333333333,1.0,0.9333333333333333,0.0,0.8666666666666667,1.0,0.07142857142857142,1,14,1.0,0.13333333333333333,0.8666666666666667,1.0,0.9777777777777777,0.0,0.8444444444444444,1.0,0.13333333333333333,1,15,1.0,0.06666666666666667,0.9333333333333333,1.0,1.0,0.0,0.9333333333333333,1.0,0.06666666666666667,1,15
rel:23,relation_dossiers,rel:23|cond=rel:23:facilities:anchor,rel:23:facilities:anchor,reusable,80,15,rel:23|reusable|w80|rel:23|cond=rel:23:facilities:anchor,74,0.925,False,4,False,1.0,0.13333333333333333,0.8666666666666667,1.0,0.9333333333333333,0.0,0.8,1.0,0.14285714285714285,1,14,1.0,0.18666666666666665,0.8133333333333334,1.0,0.9777777777777777,0.0,0.7911111111111111,1.0,0.18666666666666665,1,15,1.0,0.2,0.8,1.0,1.0,0.0,0.8,1.0,0.2,1,15
rel:23,relation_dossiers,rel:23|cond=rel:23:finance:anchor,rel:23:finance:anchor,conditioned,40,15,rel:23|conditioned|w40|rel:23|cond=rel:23:finance:anchor,39,0.975,False,2,False,0.0,0.06666666666666667,-0.06666666666666667,1.0,0.9333333333333333,1.0,0.8666666666666667,0.0,0.07142857142857142,1,14,0.5,0.11904761904761905,0.38095238095238093,1.0,0.9777777777777777,0.5,0.8587301587301587,0.5,0.11904761904761905,1,15,1.0,0.13333333333333333,0.8666666666666667,1.0,1.0,0.0,0.8666666666666667,1.0,0.13333333333333333,1,15
rel:23,relation_dossiers,rel:23|cond=rel:23:finance:anchor,rel:23:finance:anchor,conditioned,80,15,rel:23|conditioned|w80|rel:23|cond=rel:23:finance:anchor,71,0.8875,False,2,False,1.0,0.13333333333333333,0.8666666666666667,1.0,0.9333333333333333,0.0,0.8,1.0,0.14285714285714285,1,14,1.0,0.17777777777777776,0.8222222222222222,1.0,0.9777777777777777,0.0,0.8,1.0,0.17777777777777776,1,15,1.0,0.13333333333333333,0.8666666666666667,1.0,1.0,0.0,0.8666666666666667,1.0,0.13333333333333333,1,15
rel:23,relation_dossiers,rel:23|cond=rel:23:finance:anchor,rel:23:finance:anchor,generic,40,15,rel:23|generic|w40|-,37,0.925,False,4,True,0.0,0.26666666666666666,-0.26666666666666666,1.0,0.9333333333333333,1.0,0.6666666666666667,0.0,0.2857142857142857,1,14,0.0,0.48444444444444446,-0.48444444444444446,1.0,0.9777777777777777,1.0,0.4933333333333333,0.0,0.48444444444444446,1,15,0.0,0.4,-0.4,1.0,1.0,1.0,0.6,0.0,0.4,1,15
rel:23,relation_dossiers,rel:23|cond=rel:23:finance:anchor,rel:23:finance:anchor,generic,80,15,rel:23|generic|w80|-,79,0.9875,False,2,True,0.0,0.4,-0.4,1.0,0.9333333333333333,1.0,0.5333333333333333,0.0,0.42857142857142855,1,14,0.0,0.5111111111111111,-0.5111111111111111,1.0,0.9777777777777777,1.0,0.4666666666666667,0.0,0.5111111111111111,1,15,0.0,0.4666666666666667,-0.4666666666666667,1.0,1.0,1.0,0.5333333333333333,0.0,0.4666666666666667,1,15
rel:23,relation_dossiers,rel:23|cond=rel:23:finance:anchor,rel:23:finance:anchor,oracle,40,15,rel:23|oracle|w40|-,36,0.9,False,4,True,1.0,0.5333333333333333,0.4666666666666667,1.0,0.9333333333333333,0.0,0.4,1.0,0.5714285714285714,1,14,1.0,0.6888888888888888,0.3111111111111112,1.0,0.9777777777777777,0.0,0.288888888888889,1.0,0.6888888888888888,1,15,1.0,0.6666666666666666,0.33333333333333337,1.0,1.0,0.0,0.33333333333333337,1.0,0.6666666666666666,1,15
rel:23,relation_dossiers,rel:23|cond=rel:23:finance:anchor,rel:23:finance:anchor,oracle,80,15,rel:23|oracle|w80|-,74,0.925,False,2,True,1.0,0.9333333333333333,0.06666666666666665,1.0,0.9333333333333333,0.0,0.0,1.0,1.0,1,14,1.0,0.9777777777777777,0.022222222222222254,1.0,0.9777777777777777,0.0,0.0,1.0,0.9777777777777777,1,15,1.0,1.0,0.0,1.0,1.0,0.0,0.0,1.0,1.0,1,15
rel:23,relation_dossiers,rel:23|cond=rel:23:finance:anchor,rel:23:finance:anchor,reusable,40,15,rel:23|reusable|w40|rel:23|cond=rel:23:finance:anchor,39,0.975,False,2,False,1.0,0.13333333333333333,0.8666666666666667,1.0,0.9333333333333333,0.0,0.8,1.0,0.14285714285714285,1,14,1.0,0.1746031746031746,0.8253968253968254,1.0,0.9777777777777777,0.0,0.8031746031746032,1.0,0.1746031746031746,1,15,1.0,0.13333333333333333,0.8666666666666667,1.0,1.0,0.0,0.8666666666666667,1.0,0.13333333333333333,1,15
rel:23,relation_dossiers,rel:23|cond=rel:23:finance:anchor,rel:23:finance:anchor,reusable,80,15,rel:23|reusable|w80|rel:23|cond=rel:23:finance:anchor,74,0.925,False,1,False,1.0,0.4,0.6,1.0,0.9333333333333333,0.0,0.5333333333333333,1.0,0.42857142857142855,1,14,1.0,0.46793650793650793,0.5320634920634921,1.0,0.9777777777777777,0.0,0.5098412698412698,1.0,0.46793650793650793,1,15,1.0,0.4,0.6,1.0,1.0,0.0,0.6,1.0,0.4,1,15
rel:23,relation_dossiers,rel:23|cond=rel:23:founding:anchor,rel:23:founding:anchor,conditioned,40,15,rel:23|conditioned|w40|rel:23|cond=rel:23:founding:anchor,40,1.0,False,3,False,1.0,0.13333333333333333,0.8666666666666667,1.0,0.9333333333333333,0.0,0.8,1.0,0.14285714285714285,1,14,1.0,0.19682539682539682,0.8031746031746032,1.0,0.9777777777777777,0.0,0.780952380952381,1.0,0.19682539682539682,1,15,1.0,0.13333333333333333,0.8666666666666667,1.0,1.0,0.0,0.8666666666666667,1.0,0.13333333333333333,1,15
rel:23,relation_dossiers,rel:23|cond=rel:23:founding:anchor,rel:23:founding:anchor,conditioned,80,15,rel:23|conditioned|w80|rel:23|cond=rel:23:founding:anchor,78,0.975,False,4,False,1.0,0.13333333333333333,0.8666666666666667,1.0,0.9333333333333333,0.0,0.8,1.0,0.14285714285714285,1,14,1.0,0.17904761904761904,0.820952380952381,1.0,0.9777777777777777,0.0,0.7987301587301587,1.0,0.17904761904761904,1,15,1.0,0.13333333333333333,0.8666666666666667,1.0,1.0,0.0,0.8666666666666667,1.0,0.13333333333333333,1,15
rel:23,relation_dossiers,rel:23|cond=rel:23:founding:anchor,rel:23:founding:anchor,generic,40,15,rel:23|generic|w40|-,37,0.925,False,4,True,0.0,0.26666666666666666,-0.26666666666666666,1.0,0.9333333333333333,1.0,0.6666666666666667,0.0,0.2857142857142857,1,14,0.5,0.45111111111111113,0.04888888888888887,1.0,0.9777777777777777,0.5,0.5266666666666666,0.5,0.45111111111111113,1,15,0.0,0.4,-0.4,1.0,1.0,1.0,0.6,0.0,0.4,1,15
rel:23,relation_dossiers,rel:23|cond=rel:23:founding:anchor,rel:23:founding:anchor,generic,80,15,rel:23|generic|w80|-,79,0.9875,False,2,True,0.0,0.4,-0.4,1.0,0.9333333333333333,1.0,0.5333333333333333,0.0,0.42857142857142855,1,14,0.5,0.47777777777777775,0.022222222222222254,1.0,0.9777777777777777,0.5,0.5,0.5,0.47777777777777775,1,15,0.0,0.4666666666666667,-0.4666666666666667,1.0,1.0,1.0,0.5333333333333333,0.0,0.4666666666666667,1,15
rel:23,relation_dossiers,rel:23|cond=rel:23:founding:anchor,rel:23:founding:anchor,oracle,40,15,rel:23|oracle|w40|-,36,0.9,False,4,True,0.0,0.6,-0.6,1.0,0.9333333333333333,1.0,0.33333333333333337,0.0,0.6428571428571429,1,14,0.5,0.7222222222222221,-0.2222222222222221,1.0,0.9777777777777777,0.5,0.25555555555555565,0.5,0.7222222222222221,1,15,0.0,0.7333333333333333,-0.7333333333333333,1.0,1.0,1.0,0.2666666666666667,0.0,0.7333333333333333,1,15
rel:23,relation_dossiers,rel:23|cond=rel:23:founding:anchor,rel:23:founding:anchor,oracle,80,15,rel:23|oracle|w80|-,74,0.925,False,2,True,1.0,0.9333333333333333,0.06666666666666665,1.0,0.9333333333333333,0.0,0.0,1.0,1.0,1,14,1.0,0.9777777777777777,0.022222222222222254,1.0,0.9777777777777777,0.0,0.0,1.0,0.9777777777777777,1,15,1.0,1.0,0.0,1.0,1.0,0.0,0.0,1.0,1.0,1,15
rel:23,relation_dossiers,rel:23|cond=rel:23:founding:anchor,rel:23:founding:anchor,reusable,40,15,rel:23|reusable|w40|rel:23|cond=rel:23:founding:anchor,38,0.95,False,3,False,1.0,0.13333333333333333,0.8666666666666667,1.0,0.9333333333333333,0.0,0.8,1.0,0.14285714285714285,1,14,1.0,0.26,0.74,1.0,0.9777777777777777,0.0,0.7177777777777777,1.0,0.26,1,15,1.0,0.2,0.8,1.0,1.0,0.0,0.8,1.0,0.2,1,15
rel:23,relation_dossiers,rel:23|cond=rel:23:founding:anchor,rel:23:founding:anchor,reusable,80,15,rel:23|reusable|w80|rel:23|cond=rel:23:founding:anchor,76,0.95,False,2,False,1.0,0.3333333333333333,0.6666666666666667,1.0,0.9333333333333333,0.0,0.6000000000000001,1.0,0.35714285714285715,1,14,1.0,0.5444444444444445,0.4555555555555555,1.0,0.9777777777777777,0.0,0.43333333333333324,1.0,0.5444444444444445,1,15,1.0,0.6,0.4,1.0,1.0,0.0,0.4,1.0,0.6,1,15
rel:25,relation_dossiers,rel:25|cond=rel:25:custom:anchor,rel:25:custom:anchor,conditioned,40,15,rel:25|conditioned|w40|rel:25|cond=rel:25:custom:anchor,34,0.85,False,3,False,1.0,0.13333333333333333,0.8666666666666667,1.0,0.8666666666666667,0.0,0.7333333333333334,1.0,0.15384615384615385,1,13,1.0,0.13333333333333333,0.8666666666666667,1.0,0.8666666666666667,0.0,0.7333333333333334,1.0,0.15384615384615385,1,13,1.0,0.13333333333333333,0.8666666666666667,1.0,1.0,0.0,0.8666666666666667,1.0,0.13333333333333333,1,15
rel:25,relation_dossiers,rel:25|cond=rel:25:custom:anchor,rel:25:custom:anchor,conditioned,80,15,rel:25|conditioned|w80|rel:25|cond=rel:25:custom:anchor,78,0.975,False,4,False,1.0,0.06666666666666667,0.9333333333333333,1.0,0.8666666666666667,0.0,0.8,1.0,0.07692307692307693,1,13,1.0,0.11666666666666667,0.8833333333333333,1.0,0.8666666666666667,0.0,0.75,1.0,0.1346153846153846,1,13,1.0,0.13333333333333333,0.8666666666666667,1.0,1.0,0.0,0.8666666666666667,1.0,0.13333333333333333,1,15
rel:25,relation_dossiers,rel:25|cond=rel:25:custom:anchor,rel:25:custom:anchor,generic,40,15,rel:25|generic|w40|-,38,0.95,True,4,True,0.0,0.13333333333333333,-0.13333333333333333,1.0,0.8666666666666667,1.0,0.7333333333333334,0.0,0.15384615384615385,1,13,0.0,0.2,-0.2,1.0,0.8666666666666667,1.0,0.6666666666666667,0.0,0.23076923076923078,1,13,0.0,0.26666666666666666,-0.26666666666666666,1.0,1.0,1.0,0.7333333333333334,0.0,0.26666666666666666,1,15
rel:25,relation_dossiers,rel:25|cond=rel:25:custom:anchor,rel:25:custom:anchor,generic,80,15,rel:25|generic|w80|-,77,0.9625,False,1,True,0.0,0.3333333333333333,-0.3333333333333333,1.0,0.8666666666666667,1.0,0.5333333333333334,0.0,0.38461538461538464,1,13,0.0,0.43333333333333335,-0.43333333333333335,1.0,0.8666666666666667,1.0,0.43333333333333335,0.0,0.5,1,13,0.0,0.5333333333333333,-0.5333333333333333,1.0,1.0,1.0,0.4666666666666667,0.0,0.5333333333333333,1,15
rel:25,relation_dossiers,rel:25|cond=rel:25:custom:anchor,rel:25:custom:anchor,oracle,40,15,rel:25|oracle|w40|-,36,0.9,False,4,True,1.0,0.4666666666666667,0.5333333333333333,1.0,0.8666666666666667,0.0,0.4,1.0,0.5384615384615384,1,13,1.0,0.5333333333333333,0.4666666666666667,1.0,0.8666666666666667,0.0,0.33333333333333337,1.0,0.6153846153846154,1,13,1.0,0.7333333333333333,0.2666666666666667,1.0,1.0,0.0,0.2666666666666667,1.0,0.7333333333333333,1,15
rel:25,relation_dossiers,rel:25|cond=rel:25:custom:anchor,rel:25:custom:anchor,oracle,80,15,rel:25|oracle|w80|-,76,0.95,False,2,True,1.0,0.8666666666666667,0.1333333333333333,1.0,0.8666666666666667,0.0,0.0,1.0,1.0,1,13,1.0,0.8666666666666667,0.1333333333333333,1.0,0.8666666666666667,0.0,0.0,1.0,1.0,1,13,1.0,1.0,0.0,1.0,1.0,0.0,0.0,1.0,1.0,1,15
rel:25,relation_dossiers,rel:25|cond=rel:25:custom:anchor,rel:25:custom:anchor,reusable,40,15,rel:25|reusable|w40|rel:25|cond=rel:25:custom:anchor,28,0.7,True,4,False,1.0,0.0,1.0,1.0,0.8666666666666667,0.0,0.8666666666666667,1.0,0.0,1,13,1.0,0.0380952380952381,0.9619047619047619,1.0,0.8666666666666667,0.0,0.8285714285714286,1.0,0.04395604395604396,1,13,1.0,0.0,1.0,1.0,1.0,0.0,1.0,1.0,0.0,1,15
rel:25,relation_dossiers,rel:25|cond=rel:25:custom:anchor,rel:25:custom:anchor,reusable,80,15,rel:25|reusable|w80|rel:25|cond=rel:25:custom:anchor,70,0.875,False,1,False,1.0,0.26666666666666666,0.7333333333333334,1.0,0.8666666666666667,0.0,0.6000000000000001,1.0,0.3076923076923077,1,13,1.0,0.26666666666666666,0.7333333333333334,1.0,0.8666666666666667,0.0,0.6000000000000001,1.0,0.3076923076923077,1,13,1.0,0.26666666666666666,0.7333333333333334,1.0,1.0,0.0,0.7333333333333334,1.0,0.26666666666666666,1,15
rel:25,relation_dossiers,rel:25|cond=rel:25:facilities:anchor,rel:25:facilities:anchor,conditioned,40,15,rel:25|conditioned|w40|rel:25|cond=rel:25:facilities:anchor,40,1.0,False,2,False,0.0,0.06666666666666667,-0.06666666666666667,0.0,0.9333333333333333,0.0,0.8666666666666667,nan,0.07142857142857142,0,14,0.0,0.06666666666666667,-0.06666666666666667,0.0,0.9333333333333333,0.0,0.8666666666666667,nan,0.07142857142857142,0,14,1.0,0.13333333333333333,0.8666666666666667,1.0,1.0,0.0,0.8666666666666667,1.0,0.13333333333333333,1,15
rel:25,relation_dossiers,rel:25|cond=rel:25:facilities:anchor,rel:25:facilities:anchor,conditioned,80,15,rel:25|conditioned|w80|rel:25|cond=rel:25:facilities:anchor,63,0.7875,True,4,False,0.0,0.06666666666666667,-0.06666666666666667,0.0,0.9333333333333333,0.0,0.8666666666666667,nan,0.07142857142857142,0,14,0.0,0.06666666666666667,-0.06666666666666667,0.0,0.9333333333333333,0.0,0.8666666666666667,nan,0.07142857142857142,0,14,1.0,0.13333333333333333,0.8666666666666667,1.0,1.0,0.0,0.8666666666666667,1.0,0.13333333333333333,1,15
rel:25,relation_dossiers,rel:25|cond=rel:25:facilities:anchor,rel:25:facilities:anchor,generic,40,15,rel:25|generic|w40|-,38,0.95,True,4,True,0.0,0.13333333333333333,-0.13333333333333333,0.0,0.9333333333333333,0.0,0.8,nan,0.14285714285714285,0,14,0.0,0.2,-0.2,0.0,0.9333333333333333,0.0,0.7333333333333334,nan,0.21428571428571427,0,14,1.0,0.2,0.8,1.0,1.0,0.0,0.8,1.0,0.2,1,15
rel:25,relation_dossiers,rel:25|cond=rel:25:facilities:anchor,rel:25:facilities:anchor,generic,80,15,rel:25|generic|w80|-,77,0.9625,False,1,True,0.0,0.3333333333333333,-0.3333333333333333,0.0,0.9333333333333333,0.0,0.6000000000000001,nan,0.35714285714285715,0,14,0.0,0.43333333333333335,-0.43333333333333335,0.0,0.9333333333333333,0.0,0.5,nan,0.4642857142857143,0,14,1.0,0.4666666666666667,0.5333333333333333,1.0,1.0,0.0,0.5333333333333333,1.0,0.4666666666666667,1,15
rel:25,relation_dossiers,rel:25|cond=rel:25:facilities:anchor,rel:25:facilities:anchor,oracle,40,15,rel:25|oracle|w40|-,36,0.9,False,4,True,0.0,0.5333333333333333,-0.5333333333333333,0.0,0.9333333333333333,0.0,0.4,nan,0.5714285714285714,0,14,0.0,0.6,-0.6,0.0,0.9333333333333333,0.0,0.33333333333333337,nan,0.6428571428571429,0,14,1.0,0.7333333333333333,0.2666666666666667,1.0,1.0,0.0,0.2666666666666667,1.0,0.7333333333333333,1,15
rel:25,relation_dossiers,rel:25|cond=rel:25:facilities:anchor,rel:25:facilities:anchor,oracle,80,15,rel:25|oracle|w80|-,76,0.95,False,2,True,0.0,0.9333333333333333,-0.9333333333333333,0.0,0.9333333333333333,0.0,0.0,nan,1.0,0,14,0.0,0.9333333333333333,-0.9333333333333333,0.0,0.9333333333333333,0.0,0.0,nan,1.0,0,14,1.0,1.0,0.0,1.0,1.0,0.0,0.0,1.0,1.0,1,15
rel:25,relation_dossiers,rel:25|cond=rel:25:facilities:anchor,rel:25:facilities:anchor,reusable,40,15,rel:25|reusable|w40|rel:25|cond=rel:25:facilities:anchor,39,0.975,False,1,False,0.0,0.2,-0.2,0.0,0.9333333333333333,0.0,0.7333333333333334,nan,0.21428571428571427,0,14,0.0,0.2,-0.2,0.0,0.9333333333333333,0.0,0.7333333333333334,nan,0.21428571428571427,0,14,1.0,0.26666666666666666,0.7333333333333334,1.0,1.0,0.0,0.7333333333333334,1.0,0.26666666666666666,1,15
rel:25,relation_dossiers,rel:25|cond=rel:25:facilities:anchor,rel:25:facilities:anchor,reusable,80,15,rel:25|reusable|w80|rel:25|cond=rel:25:facilities:anchor,74,0.925,False,1,False,0.0,0.2,-0.2,0.0,0.9333333333333333,0.0,0.7333333333333334,nan,0.21428571428571427,0,14,0.0,0.2,-0.2,0.0,0.9333333333333333,0.0,0.7333333333333334,nan,0.21428571428571427,0,14,1.0,0.26666666666666666,0.7333333333333334,1.0,1.0,0.0,0.7333333333333334,1.0,0.26666666666666666,1,15
rel:25,relation_dossiers,rel:25|cond=rel:25:finance:anchor,rel:25:finance:anchor,conditioned,40,15,rel:25|conditioned|w40|rel:25|cond=rel:25:finance:anchor,34,0.85,True,4,False,1.0,0.06666666666666667,0.9333333333333333,1.0,0.8666666666666667,0.0,0.8,1.0,0.07692307692307693,1,13,1.0,0.1,0.9,1.0,0.8666666666666667,0.0,0.7666666666666667,1.0,0.11538461538461539,1,13,1.0,0.06666666666666667,0.9333333333333333,1.0,1.0,0.0,0.9333333333333333,1.0,0.06666666666666667,1,15
rel:25,relation_dossiers,rel:25|cond=rel:25:finance:anchor,rel:25:finance:anchor,conditioned,80,15,rel:25|conditioned|w80|rel:25|cond=rel:25:finance:anchor,71,0.8875,False,2,False,0.0,0.13333333333333333,-0.13333333333333333,1.0,0.8666666666666667,1.0,0.7333333333333334,0.0,0.15384615384615385,1,13,0.6666666666666666,0.16,0.5066666666666666,1.0,0.8666666666666667,0.33333333333333337,0.7066666666666667,0.6666666666666666,0.1846153846153846,1,13,1.0,0.13333333333333333,0.8666666666666667,1.0,1.0,0.0,0.8666666666666667,1.0,0.13333333333333333,1,15
rel:25,relation_dossiers,rel:25|cond=rel:25:finance:anchor,rel:25:finance:anchor,generic,40,15,rel:25|generic|w40|-,38,0.95,True,4,True,1.0,0.06666666666666667,0.9333333333333333,1.0,0.8666666666666667,0.0,0.8,1.0,0.07692307692307693,1,13,1.0,0.13333333333333333,0.8666666666666667,1.0,0.8666666666666667,0.0,0.7333333333333334,1.0,0.15384615384615385,1,13,1.0,0.2,0.8,1.0,1.0,0.0,0.8,1.0,0.2,1,15
rel:25,relation_dossiers,rel:25|cond=rel:25:finance:anchor,rel:25:finance:anchor,generic,80,15,rel:25|generic|w80|-,77,0.9625,False,1,True,0.0,0.3333333333333333,-0.3333333333333333,1.0,0.8666666666666667,1.0,0.5333333333333334,0.0,0.38461538461538464,1,13,0.5,0.4,0.09999999999999998,1.0,0.8666666666666667,0.5,0.4666666666666667,0.5,0.46153846153846156,1,13,1.0,0.4666666666666667,0.5333333333333333,1.0,1.0,0.0,0.5333333333333333,1.0,0.4666666666666667,1,15
rel:25,relation_dossiers,rel:25|cond=rel:25:finance:anchor,rel:25:finance:anchor,oracle,40,15,rel:25|oracle|w40|-,36,0.9,False,4,True,0.0,0.5333333333333333,-0.5333333333333333,1.0,0.8666666666666667,1.0,0.33333333333333337,0.0,0.6153846153846154,1,13,0.5,0.5666666666666667,-0.06666666666666665,1.0,0.8666666666666667,0.5,0.30000000000000004,0.5,0.6538461538461539,1,13,1.0,0.7333333333333333,0.2666666666666667,1.0,1.0,0.0,0.2666666666666667,1.0,0.7333333333333333,1,15
rel:25,relation_dossiers,rel:25|cond=rel:25:finance:anchor,rel:25:finance:anchor,oracle,80,15,rel:25|oracle|w80|-,76,0.95,False,2,True,1.0,0.8666666666666667,0.1333333333333333,1.0,0.8666666666666667,0.0,0.0,1.0,1.0,1,13,1.0,0.8666666666666667,0.1333333333333333,1.0,0.8666666666666667,0.0,0.0,1.0,1.0,1,13,1.0,1.0,0.0,1.0,1.0,0.0,0.0,1.0,1.0,1,15
rel:25,relation_dossiers,rel:25|cond=rel:25:finance:anchor,rel:25:finance:anchor,reusable,40,15,rel:25|reusable|w40|rel:25|cond=rel:25:finance:anchor,35,0.875,False,1,False,1.0,0.13333333333333333,0.8666666666666667,1.0,0.8666666666666667,0.0,0.7333333333333334,1.0,0.15384615384615385,1,13,1.0,0.16666666666666666,0.8333333333333334,1.0,0.8666666666666667,0.0,0.7000000000000001,1.0,0.19230769230769232,1,13,1.0,0.13333333333333333,0.8666666666666667,1.0,1.0,0.0,0.8666666666666667,1.0,0.13333333333333333,1,15
rel:25,relation_dossiers,rel:25|cond=rel:25:finance:anchor,rel:25:finance:anchor,reusable,80,15,rel:25|reusable|w80|rel:25|cond=rel:25:finance:anchor,72,0.9,False,1,False,0.0,0.3333333333333333,-0.3333333333333333,1.0,0.8666666666666667,1.0,0.5333333333333334,0.0,0.38461538461538464,1,13,0.6666666666666666,0.36666666666666664,0.3,1.0,0.8666666666666667,0.33333333333333337,0.5,0.6666666666666666,0.4230769230769231,1,13,1.0,0.4666666666666667,0.5333333333333333,1.0,1.0,0.0,0.5333333333333333,1.0,0.4666666666666667,1,15
rel:25,relation_dossiers,rel:25|cond=rel:25:founding:anchor,rel:25:founding:anchor,conditioned,40,15,rel:25|conditioned|w40|rel:25|cond=rel:25:founding:anchor,36,0.9,False,4,False,1.0,0.2,0.8,1.0,0.8666666666666667,0.0,0.6666666666666667,1.0,0.23076923076923078,1,13,1.0,0.24444444444444446,0.7555555555555555,1.0,0.8666666666666667,0.0,0.6222222222222222,1.0,0.28205128205128205,1,13,1.0,0.2,0.8,1.0,1.0,0.0,0.8,1.0,0.2,1,15
rel:25,relation_dossiers,rel:25|cond=rel:25:founding:anchor,rel:25:founding:anchor,conditioned,80,15,rel:25|conditioned|w80|rel:25|cond=rel:25:founding:anchor,68,0.85,False,3,False,1.0,0.2,0.8,1.0,0.8666666666666667,0.0,0.6666666666666667,1.0,0.23076923076923078,1,13,1.0,0.2457142857142857,0.7542857142857143,1.0,0.8666666666666667,0.0,0.620952380952381,1.0,0.2835164835164835,1,13,1.0,0.2,0.8,1.0,1.0,0.0,0.8,1.0,0.2,1,15
rel:25,relation_dossiers,rel:25|cond=rel:25:founding:anchor,rel:25:founding:anchor,generic,40,15,rel:25|generic|w40|-,38,0.95,True,4,True,0.0,0.13333333333333333,-0.13333333333333333,1.0,0.8666666666666667,1.0,0.7333333333333334,0.0,0.15384615384615385,1,13,0.5,0.16666666666666666,0.33333333333333337,1.0,0.8666666666666667,0.5,0.7000000000000001,0.5,0.19230769230769232,1,13,0.0,0.26666666666666666,-0.26666666666666666,1.0,1.0,1.0,0.7333333333333334,0.0,0.26666666666666666,1,15
rel:25,relation_dossiers,rel:25|cond=rel:25:founding:anchor,rel:25:founding:anchor,generic,80,15,rel:25|generic|w80|-,77,0.9625,False,1,True,0.0,0.3333333333333333,-0.3333333333333333,1.0,0.8666666666666667,1.0,0.5333333333333334,0.0,0.38461538461538464,1,13,0.5,0.4,0.09999999999999998,1.0,0.8666666666666667,0.5,0.4666666666666667,0.5,0.46153846153846156,1,13,0.0,0.5333333333333333,-0.5333333333333333,1.0,1.0,1.0,0.4666666666666667,0.0,0.5333333333333333,1,15
rel:25,relation_dossiers,rel:25|cond=rel:25:founding:anchor,rel:25:founding:anchor,oracle,40,15,rel:25|oracle|w40|-,36,0.9,False,4,True,1.0,0.4666666666666667,0.5333333333333333,1.0,0.8666666666666667,0.0,0.4,1.0,0.5384615384615384,1,13,1.0,0.5333333333333333,0.4666666666666667,1.0,0.8666666666666667,0.0,0.33333333333333337,1.0,0.6153846153846154,1,13,1.0,0.7333333333333333,0.2666666666666667,1.0,1.0,0.0,0.2666666666666667,1.0,0.7333333333333333,1,15
rel:25,relation_dossiers,rel:25|cond=rel:25:founding:anchor,rel:25:founding:anchor,oracle,80,15,rel:25|oracle|w80|-,76,0.95,False,2,True,1.0,0.8666666666666667,0.1333333333333333,1.0,0.8666666666666667,0.0,0.0,1.0,1.0,1,13,1.0,0.8666666666666667,0.1333333333333333,1.0,0.8666666666666667,0.0,0.0,1.0,1.0,1,13,1.0,1.0,0.0,1.0,1.0,0.0,0.0,1.0,1.0,1,15
rel:25,relation_dossiers,rel:25|cond=rel:25:founding:anchor,rel:25:founding:anchor,reusable,40,15,rel:25|reusable|w40|rel:25|cond=rel:25:founding:anchor,36,0.9,False,1,False,1.0,0.2,0.8,1.0,0.8666666666666667,0.0,0.6666666666666667,1.0,0.23076923076923078,1,13,1.0,0.2,0.8,1.0,0.8666666666666667,0.0,0.6666666666666667,1.0,0.23076923076923078,1,13,1.0,0.2,0.8,1.0,1.0,0.0,0.8,1.0,0.2,1,15
rel:25,relation_dossiers,rel:25|cond=rel:25:founding:anchor,rel:25:founding:anchor,reusable,80,15,rel:25|reusable|w80|rel:25|cond=rel:25:founding:anchor,80,1.0,False,1,False,1.0,0.26666666666666666,0.7333333333333334,1.0,0.8666666666666667,0.0,0.6000000000000001,1.0,0.3076923076923077,1,13,1.0,0.3,0.7,1.0,0.8666666666666667,0.0,0.5666666666666667,1.0,0.34615384615384615,1,13,1.0,0.26666666666666666,0.7333333333333334,1.0,1.0,0.0,0.7333333333333334,1.0,0.26666666666666666,1,15
rel:28,relation_dossiers,rel:28|cond=rel:28:custom:anchor,rel:28:custom:anchor,conditioned,40,15,rel:28|conditioned|w40|rel:28|cond=rel:28:custom:anchor,20,0.5,True,4,False,1.0,0.06666666666666667,0.9333333333333333,1.0,0.8666666666666667,0.0,0.8,1.0,0.07692307692307693,1,13,1.0,0.1,0.9,1.0,0.8666666666666667,0.0,0.7666666666666667,1.0,0.11538461538461539,1,13,1.0,0.06666666666666667,0.9333333333333333,1.0,1.0,0.0,0.9333333333333333,1.0,0.06666666666666667,1,15
rel:28,relation_dossiers,rel:28|cond=rel:28:custom:anchor,rel:28:custom:anchor,conditioned,80,15,rel:28|conditioned|w80|rel:28|cond=rel:28:custom:anchor,65,0.8125,True,4,False,1.0,0.13333333333333333,0.8666666666666667,1.0,0.8666666666666667,0.0,0.7333333333333334,1.0,0.15384615384615385,1,13,1.0,0.15,0.85,1.0,0.8666666666666667,0.0,0.7166666666666667,1.0,0.17307692307692307,1,13,1.0,0.13333333333333333,0.8666666666666667,1.0,1.0,0.0,0.8666666666666667,1.0,0.13333333333333333,1,15
rel:28,relation_dossiers,rel:28|cond=rel:28:custom:anchor,rel:28:custom:anchor,generic,40,15,rel:28|generic|w40|-,33,0.825,True,4,True,0.0,0.13333333333333333,-0.13333333333333333,1.0,0.8666666666666667,1.0,0.7333333333333334,0.0,0.15384615384615385,1,13,0.0,0.26666666666666666,-0.26666666666666666,1.0,0.8666666666666667,1.0,0.6000000000000001,0.0,0.3076923076923077,1,13,0.0,0.3333333333333333,-0.3333333333333333,1.0,1.0,1.0,0.6666666666666667,0.0,0.3333333333333333,1,15
rel:28,relation_dossiers,rel:28|cond=rel:28:custom:anchor,rel:28:custom:anchor,generic,80,15,rel:28|generic|w80|-,74,0.925,False,2,True,1.0,0.2,0.8,1.0,0.8666666666666667,0.0,0.6666666666666667,1.0,0.23076923076923078,1,13,1.0,0.3733333333333333,0.6266666666666667,1.0,0.8666666666666667,0.0,0.4933333333333334,1.0,0.43076923076923074,1,13,1.0,0.4,0.6,1.0,1.0,0.0,0.6,1.0,0.4,1,15
rel:28,relation_dossiers,rel:28|cond=rel:28:custom:anchor,rel:28:custom:anchor,oracle,40,15,rel:28|oracle|w40|-,40,1.0,False,3,True,0.0,0.4,-0.4,1.0,0.8666666666666667,1.0,0.4666666666666667,0.0,0.46153846153846156,1,13,0.0,0.6622222222222222,-0.6622222222222222,1.0,0.8666666666666667,1.0,0.20444444444444454,0.0,0.7641025641025639,1,13,0.0,0.8666666666666667,-0.8666666666666667,1.0,1.0,1.0,0.1333333333333333,0.0,0.8666666666666667,1,15
rel:28,relation_dossiers,rel:28|cond=rel:28:custom:anchor,rel:28:custom:anchor,oracle,80,15,rel:28|oracle|w80|-,74,0.925,False,3,True,1.0,0.8666666666666667,0.1333333333333333,1.0,0.8666666666666667,0.0,0.0,1.0,1.0,1,13,1.0,0.8666666666666667,0.1333333333333333,1.0,0.8666666666666667,0.0,0.0,1.0,1.0,1,13,1.0,1.0,0.0,1.0,1.0,0.0,0.0,1.0,1.0,1,15
rel:28,relation_dossiers,rel:28|cond=rel:28:custom:anchor,rel:28:custom:anchor,reusable,40,15,rel:28|reusable|w40|rel:28|cond=rel:28:custom:anchor,36,0.9,False,1,False,1.0,0.06666666666666667,0.9333333333333333,1.0,0.8666666666666667,0.0,0.8,1.0,0.07692307692307693,1,13,1.0,0.1,0.9,1.0,0.8666666666666667,0.0,0.7666666666666667,1.0,0.11538461538461539,1,13,1.0,0.06666666666666667,0.9333333333333333,1.0,1.0,0.0,0.9333333333333333,1.0,0.06666666666666667,1,15
rel:28,relation_dossiers,rel:28|cond=rel:28:custom:anchor,rel:28:custom:anchor,reusable,80,15,rel:28|reusable|w80|rel:28|cond=rel:28:custom:anchor,70,0.875,False,1,False,1.0,0.06666666666666667,0.9333333333333333,1.0,0.8666666666666667,0.0,0.8,1.0,0.07692307692307693,1,13,1.0,0.06666666666666667,0.9333333333333333,1.0,0.8666666666666667,0.0,0.8,1.0,0.07692307692307693,1,13,1.0,0.06666666666666667,0.9333333333333333,1.0,1.0,0.0,0.9333333333333333,1.0,0.06666666666666667,1,15
rel:28,relation_dossiers,rel:28|cond=rel:28:facilities:anchor,rel:28:facilities:anchor,conditioned,40,15,rel:28|conditioned|w40|rel:28|cond=rel:28:facilities:anchor,35,0.875,False,3,False,1.0,0.06666666666666667,0.9333333333333333,1.0,0.8666666666666667,0.0,0.8,1.0,0.07692307692307693,1,13,1.0,0.1,0.9,1.0,0.8666666666666667,0.0,0.7666666666666667,1.0,0.11538461538461539,1,13,1.0,0.06666666666666667,0.9333333333333333,1.0,1.0,0.0,0.9333333333333333,1.0,0.06666666666666667,1,15
rel:28,relation_dossiers,rel:28|cond=rel:28:facilities:anchor,rel:28:facilities:anchor,conditioned,80,15,rel:28|conditioned|w80|rel:28|cond=rel:28:facilities:anchor,70,0.875,False,2,False,1.0,0.13333333333333333,0.8666666666666667,1.0,0.8666666666666667,0.0,0.7333333333333334,1.0,0.15384615384615385,1,13,1.0,0.15555555555555556,0.8444444444444444,1.0,0.8666666666666667,0.0,0.7111111111111111,1.0,0.17948717948717946,1,13,1.0,0.2,0.8,1.0,1.0,0.0,0.8,1.0,0.2,1,15
rel:28,relation_dossiers,rel:28|cond=rel:28:facilities:anchor,rel:28:facilities:anchor,generic,40,15,rel:28|generic|w40|-,33,0.825,True,4,True,1.0,0.06666666666666667,0.9333333333333333,1.0,0.8666666666666667,0.0,0.8,1.0,0.07692307692307693,1,13,1.0,0.2,0.8,1.0,0.8666666666666667,0.0,0.6666666666666667,1.0,0.23076923076923078,1,13,1.0,0.26666666666666666,0.7333333333333334,1.0,1.0,0.0,0.7333333333333334,1.0,0.26666666666666666,1,15
rel:28,relation_dossiers,rel:28|cond=rel:28:facilities:anchor,rel:28:facilities:anchor,generic,80,15,rel:28|generic|w80|-,74,0.925,False,2,True,0.0,0.26666666666666666,-0.26666666666666666,1.0,0.8666666666666667,1.0,0.6000000000000001,0.0,0.3076923076923077,1,13,0.0,0.44,-0.44,1.0,0.8666666666666667,1.0,0.4266666666666667,0.0,0.5076923076923077,1,13,0.0,0.4666666666666667,-0.4666666666666667,1.0,1.0,1.0,0.5333333333333333,0.0,0.4666666666666667,1,15
rel:28,relation_dossiers,rel:28|cond=rel:28:facilities:anchor,rel:28:facilities:anchor,oracle,40,15,rel:28|oracle|w40|-,40,1.0,False,3,True,0.0,0.4,-0.4,1.0,0.8666666666666667,1.0,0.4666666666666667,0.0,0.46153846153846156,1,13,0.5,0.6288888888888889,-0.12888888888888894,1.0,0.8666666666666667,0.5,0.23777777777777775,0.5,0.7256410256410256,1,13,1.0,0.8,0.19999999999999996,1.0,1.0,0.0,0.19999999999999996,1.0,0.8,1,15
rel:28,relation_dossiers,rel:28|cond=rel:28:facilities:anchor,rel:28:facilities:anchor,oracle,80,15,rel:28|oracle|w80|-,74,0.925,False,3,True,1.0,0.8666666666666667,0.1333333333333333,1.0,0.8666666666666667,0.0,0.0,1.0,1.0,1,13,1.0,0.8666666666666667,0.1333333333333333,1.0,0.8666666666666667,0.0,0.0,1.0,1.0,1,13,1.0,1.0,0.0,1.0,1.0,0.0,0.0,1.0,1.0,1,15
rel:28,relation_dossiers,rel:28|cond=rel:28:facilities:anchor,rel:28:facilities:anchor,reusable,40,15,rel:28|reusable|w40|rel:28|cond=rel:28:facilities:anchor,36,0.9,False,4,False,1.0,0.2,0.8,1.0,0.8666666666666667,0.0,0.6666666666666667,1.0,0.23076923076923078,1,13,1.0,0.3511111111111111,0.6488888888888888,1.0,0.8666666666666667,0.0,0.5155555555555555,1.0,0.40512820512820513,1,13,1.0,0.4,0.6,1.0,1.0,0.0,0.6,1.0,0.4,1,15
rel:28,relation_dossiers,rel:28|cond=rel:28:facilities:anchor,rel:28:facilities:anchor,reusable,80,15,rel:28|reusable|w80|rel:28|cond=rel:28:facilities:anchor,72,0.9,False,1,False,1.0,0.26666666666666666,0.7333333333333334,1.0,0.8666666666666667,0.0,0.6000000000000001,1.0,0.3076923076923077,1,13,1.0,0.26666666666666666,0.7333333333333334,1.0,0.8666666666666667,0.0,0.6000000000000001,1.0,0.3076923076923077,1,13,1.0,0.26666666666666666,0.7333333333333334,1.0,1.0,0.0,0.7333333333333334,1.0,0.26666666666666666,1,15
rel:28,relation_dossiers,rel:28|cond=rel:28:finance:anchor,rel:28:finance:anchor,conditioned,40,15,rel:28|conditioned|w40|rel:28|cond=rel:28:finance:anchor,21,0.525,True,4,False,1.0,0.06666666666666667,0.9333333333333333,1.0,0.8666666666666667,0.0,0.8,1.0,0.07692307692307693,1,13,1.0,0.1,0.9,1.0,0.8666666666666667,0.0,0.7666666666666667,1.0,0.11538461538461539,1,13,1.0,0.13333333333333333,0.8666666666666667,1.0,1.0,0.0,0.8666666666666667,1.0,0.13333333333333333,1,15
rel:28,relation_dossiers,rel:28|cond=rel:28:finance:anchor,rel:28:finance:anchor,conditioned,80,15,rel:28|conditioned|w80|rel:28|cond=rel:28:finance:anchor,71,0.8875,False,2,False,1.0,0.2,0.8,1.0,0.8666666666666667,0.0,0.6666666666666667,1.0,0.23076923076923078,1,13,1.0,0.22666666666666666,0.7733333333333333,1.0,0.8666666666666667,0.0,0.64,1.0,0.26153846153846155,1,13,1.0,0.2,0.8,1.0,1.0,0.0,0.8,1.0,0.2,1,15
rel:28,relation_dossiers,rel:28|cond=rel:28:finance:anchor,rel:28:finance:anchor,generic,40,15,rel:28|generic|w40|-,33,0.825,True,4,True,0.0,0.13333333333333333,-0.13333333333333333,1.0,0.8666666666666667,1.0,0.7333333333333334,0.0,0.15384615384615385,1,13,0.0,0.26666666666666666,-0.26666666666666666,1.0,0.8666666666666667,1.0,0.6000000000000001,0.0,0.3076923076923077,1,13,0.0,0.3333333333333333,-0.3333333333333333,1.0,1.0,1.0,0.6666666666666667,0.0,0.3333333333333333,1,15
rel:28,relation_dossiers,rel:28|cond=rel:28:finance:anchor,rel:28:finance:anchor,generic,80,15,rel:28|generic|w80|-,74,0.925,False,2,True,0.0,0.26666666666666666,-0.26666666666666666,1.0,0.8666666666666667,1.0,0.6000000000000001,0.0,0.3076923076923077,1,13,0.8,0.38666666666666666,0.4133333333333334,1.0,0.8666666666666667,0.19999999999999996,0.48000000000000004,0.8,0.4461538461538461,1,13,1.0,0.4,0.6,1.0,1.0,0.0,0.6,1.0,0.4,1,15
rel:28,relation_dossiers,rel:28|cond=rel:28:finance:anchor,rel:28:finance:anchor,oracle,40,15,rel:28|oracle|w40|-,40,1.0,False,3,True,0.0,0.4,-0.4,1.0,0.8666666666666667,1.0,0.4666666666666667,0.0,0.46153846153846156,1,13,0.8,0.6088888888888888,0.19111111111111123,1.0,0.8666666666666667,0.19999999999999996,0.2577777777777779,0.8,0.7025641025641025,1,13,1.0,0.8,0.19999999999999996,1.0,1.0,0.0,0.19999999999999996,1.0,0.8,1,15
rel:28,relation_dossiers,rel:28|cond=rel:28:finance:anchor,rel:28:finance:anchor,oracle,80,15,rel:28|oracle|w80|-,74,0.925,False,3,True,1.0,0.8666666666666667,0.1333333333333333,1.0,0.8666666666666667,0.0,0.0,1.0,1.0,1,13,1.0,0.8666666666666667,0.1333333333333333,1.0,0.8666666666666667,0.0,0.0,1.0,1.0,1,13,1.0,1.0,0.0,1.0,1.0,0.0,0.0,1.0,1.0,1,15
rel:28,relation_dossiers,rel:28|cond=rel:28:finance:anchor,rel:28:finance:anchor,reusable,40,15,rel:28|reusable|w40|rel:28|cond=rel:28:finance:anchor,34,0.85,False,2,False,1.0,0.13333333333333333,0.8666666666666667,1.0,0.8666666666666667,0.0,0.7333333333333334,1.0,0.15384615384615385,1,13,1.0,0.16666666666666666,0.8333333333333334,1.0,0.8666666666666667,0.0,0.7000000000000001,1.0,0.19230769230769232,1,13,1.0,0.13333333333333333,0.8666666666666667,1.0,1.0,0.0,0.8666666666666667,1.0,0.13333333333333333,1,15
rel:28,relation_dossiers,rel:28|cond=rel:28:finance:anchor,rel:28:finance:anchor,reusable,80,15,rel:28|reusable|w80|rel:28|cond=rel:28:finance:anchor,72,0.9,True,4,False,1.0,0.2,0.8,1.0,0.8666666666666667,0.0,0.6666666666666667,1.0,0.23076923076923078,1,13,1.0,0.2,0.8,1.0,0.8666666666666667,0.0,0.6666666666666667,1.0,0.23076923076923078,1,13,1.0,0.2,0.8,1.0,1.0,0.0,0.8,1.0,0.2,1,15
rel:28,relation_dossiers,rel:28|cond=rel:28:founding:anchor,rel:28:founding:anchor,conditioned,40,15,rel:28|conditioned|w40|rel:28|cond=rel:28:founding:anchor,35,0.875,False,4,False,1.0,0.06666666666666667,0.9333333333333333,1.0,0.8666666666666667,0.0,0.8,1.0,0.07692307692307693,1,13,1.0,0.1,0.9,1.0,0.8666666666666667,0.0,0.7666666666666667,1.0,0.11538461538461539,1,13,1.0,0.13333333333333333,0.8666666666666667,1.0,1.0,0.0,0.8666666666666667,1.0,0.13333333333333333,1,15
rel:28,relation_dossiers,rel:28|cond=rel:28:founding:anchor,rel:28:founding:anchor,conditioned,80,15,rel:28|conditioned|w80|rel:28|cond=rel:28:founding:anchor,68,0.85,False,3,False,1.0,0.13333333333333333,0.8666666666666667,1.0,0.8666666666666667,0.0,0.7333333333333334,1.0,0.15384615384615385,1,13,1.0,0.18333333333333332,0.8166666666666667,1.0,0.8666666666666667,0.0,0.6833333333333333,1.0,0.21153846153846154,1,13,1.0,0.2,0.8,1.0,1.0,0.0,0.8,1.0,0.2,1,15
rel:28,relation_dossiers,rel:28|cond=rel:28:founding:anchor,rel:28:founding:anchor,generic,40,15,rel:28|generic|w40|-,33,0.825,True,4,True,0.0,0.13333333333333333,-0.13333333333333333,1.0,0.8666666666666667,1.0,0.7333333333333334,0.0,0.15384615384615385,1,13,1.0,0.2,0.8,1.0,0.8666666666666667,0.0,0.6666666666666667,1.0,0.23076923076923078,1,13,1.0,0.26666666666666666,0.7333333333333334,1.0,1.0,0.0,0.7333333333333334,1.0,0.26666666666666666,1,15
rel:28,relation_dossiers,rel:28|cond=rel:28:founding:anchor,rel:28:founding:anchor,generic,80,15,rel:28|generic|w80|-,74,0.925,False,2,True,0.0,0.26666666666666666,-0.26666666666666666,1.0,0.8666666666666667,1.0,0.6000000000000001,0.0,0.3076923076923077,1,13,0.5,0.4066666666666666,0.09333333333333338,1.0,0.8666666666666667,0.5,0.4600000000000001,0.5,0.46923076923076923,1,13,0.0,0.4666666666666667,-0.4666666666666667,1.0,1.0,1.0,0.5333333333333333,0.0,0.4666666666666667,1,15
rel:28,relation_dossiers,rel:28|cond=rel:28:founding:anchor,rel:28:founding:anchor,oracle,40,15,rel:28|oracle|w40|-,40,1.0,False,3,True,1.0,0.3333333333333333,0.6666666666666667,1.0,0.8666666666666667,0.0,0.5333333333333334,1.0,0.38461538461538464,1,13,1.0,0.5955555555555556,0.4044444444444444,1.0,0.8666666666666667,0.0,0.2711111111111111,1.0,0.6871794871794872,1,13,1.0,0.8,0.19999999999999996,1.0,1.0,0.0,0.19999999999999996,1.0,0.8,1,15
rel:28,relation_dossiers,rel:28|cond=rel:28:founding:anchor,rel:28:founding:anchor,oracle,80,15,rel:28|oracle|w80|-,74,0.925,False,3,True,1.0,0.8666666666666667,0.1333333333333333,1.0,0.8666666666666667,0.0,0.0,1.0,1.0,1,13,1.0,0.8666666666666667,0.1333333333333333,1.0,0.8666666666666667,0.0,0.0,1.0,1.0,1,13,1.0,1.0,0.0,1.0,1.0,0.0,0.0,1.0,1.0,1,15
rel:28,relation_dossiers,rel:28|cond=rel:28:founding:anchor,rel:28:founding:anchor,reusable,40,15,rel:28|reusable|w40|rel:28|cond=rel:28:founding:anchor,39,0.975,False,2,False,1.0,0.13333333333333333,0.8666666666666667,1.0,0.8666666666666667,0.0,0.7333333333333334,1.0,0.15384615384615385,1,13,1.0,0.1988888888888889,0.8011111111111111,1.0,0.8666666666666667,0.0,0.6677777777777778,1.0,0.2294871794871795,1,13,1.0,0.13333333333333333,0.8666666666666667,1.0,1.0,0.0,0.8666666666666667,1.0,0.13333333333333333,1,15
rel:28,relation_dossiers,rel:28|cond=rel:28:founding:anchor,rel:28:founding:anchor,reusable,80,15,rel:28|reusable|w80|rel:28|cond=rel:28:founding:anchor,73,0.9125,True,4,False,1.0,0.26666666666666666,0.7333333333333334,1.0,0.8666666666666667,0.0,0.6000000000000001,1.0,0.3076923076923077,1,13,1.0,0.3,0.7,1.0,0.8666666666666667,0.0,0.5666666666666667,1.0,0.34615384615384615,1,13,1.0,0.4,0.6,1.0,1.0,0.0,0.6,1.0,0.4,1,15
rel:29,relation_dossiers,rel:29|cond=rel:29:custom:anchor,rel:29:custom:anchor,conditioned,40,15,rel:29|conditioned|w40|rel:29|cond=rel:29:custom:anchor,37,0.925,False,3,False,0.0,0.06666666666666667,-0.06666666666666667,1.0,0.6,1.0,0.5333333333333333,0.0,0.1111111111111111,1,9,0.8571428571428571,0.06666666666666667,0.7904761904761904,1.0,0.7333333333333332,0.1428571428571429,0.6666666666666665,0.8571428571428571,0.08333333333333333,1,12,1.0,0.06666666666666667,0.9333333333333333,1.0,1.0,0.0,0.9333333333333333,1.0,0.06666666666666667,1,15
rel:29,relation_dossiers,rel:29|cond=rel:29:custom:anchor,rel:29:custom:anchor,conditioned,80,15,rel:29|conditioned|w80|rel:29|cond=rel:29:custom:anchor,68,0.85,False,1,False,1.0,0.06666666666666667,0.9333333333333333,1.0,0.6,0.0,0.5333333333333333,1.0,0.1111111111111111,1,9,1.0,0.11555555555555556,0.8844444444444445,1.0,0.7333333333333332,0.0,0.6177777777777776,1.0,0.14444444444444446,1,12,1.0,0.06666666666666667,0.9333333333333333,1.0,1.0,0.0,0.9333333333333333,1.0,0.06666666666666667,1,15
rel:29,relation_dossiers,rel:29|cond=rel:29:custom:anchor,rel:29:custom:anchor,generic,40,15,rel:29|generic|w40|-,37,0.925,False,3,True,1.0,0.2,0.8,1.0,0.6,0.0,0.39999999999999997,1.0,0.3333333333333333,1,9,1.0,0.3777777777777777,0.6222222222222222,1.0,0.7333333333333332,0.0,0.35555555555555546,1.0,0.3611111111111111,1,12,1.0,0.5333333333333333,0.4666666666666667,1.0,1.0,0.0,0.4666666666666667,1.0,0.5333333333333333,1,15
rel:29,relation_dossiers,rel:29|cond=rel:29:custom:anchor,rel:29:custom:anchor,generic,80,15,rel:29|generic|w80|-,71,0.8875,False,1,True,1.0,0.5333333333333333,0.4666666666666667,1.0,0.6,0.0,0.06666666666666665,1.0,0.7777777777777778,1,9,1.0,0.5777777777777777,0.4222222222222223,1.0,0.7333333333333332,0.0,0.15555555555555545,1.0,0.6666666666666666,1,12,1.0,0.7333333333333333,0.2666666666666667,1.0,1.0,0.0,0.2666666666666667,1.0,0.7333333333333333,1,15
rel:29,relation_dossiers,rel:29|cond=rel:29:custom:anchor,rel:29:custom:anchor,oracle,40,15,rel:29|oracle|w40|-,12,0.3,True,4,True,0.0,0.06666666666666667,-0.06666666666666667,1.0,0.6,1.0,0.5333333333333333,0.0,0.1111111111111111,1,9,0.0,0.23555555555555555,-0.23555555555555555,1.0,0.7333333333333332,1.0,0.49777777777777765,0.0,0.2611111111111111,1,12,0.0,0.26666666666666666,-0.26666666666666666,1.0,1.0,1.0,0.7333333333333334,0.0,0.26666666666666666,1,15
rel:29,relation_dossiers,rel:29|cond=rel:29:custom:anchor,rel:29:custom:anchor,oracle,80,15,rel:29|oracle|w80|-,72,0.9,False,2,True,1.0,0.5333333333333333,0.4666666666666667,1.0,0.6,0.0,0.06666666666666665,1.0,0.8888888888888888,1,9,1.0,0.711111111111111,0.288888888888889,1.0,0.7333333333333332,0.0,0.022222222222222143,1.0,0.8888888888888888,1,12,1.0,1.0,0.0,1.0,1.0,0.0,0.0,1.0,1.0,1,15
rel:29,relation_dossiers,rel:29|cond=rel:29:custom:anchor,rel:29:custom:anchor,reusable,40,15,rel:29|reusable|w40|rel:29|cond=rel:29:custom:anchor,39,0.975,False,1,False,1.0,0.13333333333333333,0.8666666666666667,1.0,0.6,0.0,0.4666666666666667,1.0,0.2222222222222222,1,9,1.0,0.13333333333333333,0.8666666666666667,1.0,0.7333333333333332,0.0,0.5999999999999999,1.0,0.16666666666666666,1,12,1.0,0.13333333333333333,0.8666666666666667,1.0,1.0,0.0,0.8666666666666667,1.0,0.13333333333333333,1,15
rel:29,relation_dossiers,rel:29|cond=rel:29:custom:anchor,rel:29:custom:anchor,reusable,80,15,rel:29|reusable|w80|rel:29|cond=rel:29:custom:anchor,69,0.8625,False,1,False,1.0,0.13333333333333333,0.8666666666666667,1.0,0.6,0.0,0.4666666666666667,1.0,0.2222222222222222,1,9,1.0,0.13333333333333333,0.8666666666666667,1.0,0.7333333333333332,0.0,0.5999999999999999,1.0,0.16666666666666666,1,12,1.0,0.13333333333333333,0.8666666666666667,1.0,1.0,0.0,0.8666666666666667,1.0,0.13333333333333333,1,15
rel:29,relation_dossiers,rel:29|cond=rel:29:facilities:anchor,rel:29:facilities:anchor,conditioned,40,15,rel:29|conditioned|w40|rel:29|cond=rel:29:facilities:anchor,24,0.6,True,4,False,0.0,0.0,0.0,0.0,0.6666666666666666,0.0,0.6666666666666666,nan,0.0,0,10,0.6666666666666666,0.0,0.6666666666666666,0.0,0.7999999999999999,-0.6666666666666666,0.7999999999999999,nan,0.0,0,13,1.0,0.06666666666666667,0.9333333333333333,1.0,1.0,0.0,0.9333333333333333,1.0,0.06666666666666667,1,15
rel:29,relation_dossiers,rel:29|cond=rel:29:facilities:anchor,rel:29:facilities:anchor,conditioned,80,15,rel:29|conditioned|w80|rel:29|cond=rel:29:facilities:anchor,78,0.975,False,2,False,0.0,0.06666666666666667,-0.06666666666666667,0.0,0.6666666666666666,0.0,0.6,nan,0.1,0,10,0.0,0.1711111111111111,-0.1711111111111111,0.0,0.7999999999999999,0.0,0.6288888888888888,nan,0.14615384615384613,0,13,1.0,0.2,0.8,1.0,1.0,0.0,0.8,1.0,0.2,1,15
rel:29,relation_dossiers,rel:29|cond=rel:29:facilities:anchor,rel:29:facilities:anchor,generic,40,15,rel:29|generic|w40|-,37,0.925,False,3,True,0.0,0.26666666666666666,-0.26666666666666666,0.0,0.6666666666666666,0.0,0.39999999999999997,nan,0.4,0,10,0.6666666666666666,0.4,0.2666666666666666,0.0,0.7999999999999999,-0.6666666666666666,0.3999999999999999,nan,0.41025641025641024,0,13,1.0,0.5333333333333333,0.4666666666666667,1.0,1.0,0.0,0.4666666666666667,1.0,0.5333333333333333,1,15
rel:29,relation_dossiers,rel:29|cond=rel:29:facilities:anchor,rel:29:facilities:anchor,generic,80,15,rel:29|generic|w80|-,71,0.8875,False,1,True,0.0,0.6,-0.6,0.0,0.6666666666666666,0.0,0.06666666666666665,nan,0.8,0,10,0.0,0.6444444444444444,-0.6444444444444444,0.0,0.7999999999999999,0.0,0.15555555555555556,nan,0.6923076923076923,0,13,1.0,0.7333333333333333,0.2666666666666667,1.0,1.0,0.0,0.2666666666666667,1.0,0.7333333333333333,1,15
rel:29,relation_dossiers,rel:29|cond=rel:29:facilities:anchor,rel:29:facilities:anchor,oracle,40,15,rel:29|oracle|w40|-,12,0.3,True,4,True,0.0,0.06666666666666667,-0.06666666666666667,0.0,0.6666666666666666,0.0,0.6,nan,0.1,0,10,0.0,0.23555555555555555,-0.23555555555555555,0.0,0.7999999999999999,0.0,0.5644444444444444,nan,0.24102564102564103,0,13,0.0,0.26666666666666666,-0.26666666666666666,1.0,1.0,1.0,0.7333333333333334,0.0,0.26666666666666666,1,15
rel:29,relation_dossiers,rel:29|cond=rel:29:facilities:anchor,rel:29:facilities:anchor,oracle,80,15,rel:29|oracle|w80|-,72,0.9,False,2,True,0.0,0.6,-0.6,0.0,0.6666666666666666,0.0,0.06666666666666665,nan,0.9,0,10,0.0,0.7777777777777778,-0.7777777777777778,0.0,0.7999999999999999,0.0,0.022222222222222143,nan,0.8974358974358974,0,13,1.0,1.0,0.0,1.0,1.0,0.0,0.0,1.0,1.0,1,15
rel:29,relation_dossiers,rel:29|cond=rel:29:facilities:anchor,rel:29:facilities:anchor,reusable,40,15,rel:29|reusable|w40|rel:29|cond=rel:29:facilities:anchor,38,0.95,False,1,False,0.0,0.0,0.0,0.0,0.6666666666666666,0.0,0.6666666666666666,nan,0.0,0,10,0.0,0.07555555555555556,-0.07555555555555556,0.0,0.7999999999999999,0.0,0.7244444444444443,nan,0.08717948717948718,0,13,1.0,0.06666666666666667,0.9333333333333333,1.0,1.0,0.0,0.9333333333333333,1.0,0.06666666666666667,1,15
rel:29,relation_dossiers,rel:29|cond=rel:29:facilities:anchor,rel:29:facilities:anchor,reusable,80,15,rel:29|reusable|w80|rel:29|cond=rel:29:facilities:anchor,76,0.95,False,2,False,0.0,0.4,-0.4,0.0,0.6666666666666666,0.0,0.2666666666666666,nan,0.6,0,10,0.0,0.4,-0.4,0.0,0.7999999999999999,0.0,0.3999999999999999,nan,0.46153846153846156,0,13,1.0,0.5333333333333333,0.4666666666666667,1.0,1.0,0.0,0.4666666666666667,1.0,0.5333333333333333,1,15
rel:29,relation_dossiers,rel:29|cond=rel:29:finance:anchor,rel:29:finance:anchor,conditioned,40,15,rel:29|conditioned|w40|rel:29|cond=rel:29:finance:anchor,40,1.0,False,2,False,1.0,0.13333333333333333,0.8666666666666667,1.0,0.6,0.0,0.4666666666666667,1.0,0.2222222222222222,1,9,1.0,0.16,0.84,1.0,0.7333333333333332,0.0,0.5733333333333331,1.0,0.19999999999999998,1,12,1.0,0.13333333333333333,0.8666666666666667,1.0,1.0,0.0,0.8666666666666667,1.0,0.13333333333333333,1,15
rel:29,relation_dossiers,rel:29|cond=rel:29:finance:anchor,rel:29:finance:anchor,conditioned,80,15,rel:29|conditioned|w80|rel:29|cond=rel:29:finance:anchor,69,0.8625,False,1,False,1.0,0.13333333333333333,0.8666666666666667,1.0,0.6,0.0,0.4666666666666667,1.0,0.2222222222222222,1,9,1.0,0.13333333333333333,0.8666666666666667,1.0,0.7333333333333332,0.0,0.5999999999999999,1.0,0.16666666666666666,1,12,1.0,0.13333333333333333,0.8666666666666667,1.0,1.0,0.0,0.8666666666666667,1.0,0.13333333333333333,1,15
rel:29,relation_dossiers,rel:29|cond=rel:29:finance:anchor,rel:29:finance:anchor,generic,40,15,rel:29|generic|w40|-,37,0.925,False,3,True,0.0,0.26666666666666666,-0.26666666666666666,1.0,0.6,1.0,0.3333333333333333,0.0,0.4444444444444444,1,9,0.0,0.4444444444444444,-0.4444444444444444,1.0,0.7333333333333332,1.0,0.28888888888888875,0.0,0.4444444444444444,1,12,0.0,0.6,-0.6,1.0,1.0,1.0,0.4,0.0,0.6,1,15
rel:29,relation_dossiers,rel:29|cond=rel:29:finance:anchor,rel:29:finance:anchor,generic,80,15,rel:29|generic|w80|-,71,0.8875,False,1,True,1.0,0.5333333333333333,0.4666666666666667,1.0,0.6,0.0,0.06666666666666665,1.0,0.7777777777777778,1,9,1.0,0.5777777777777777,0.4222222222222223,1.0,0.7333333333333332,0.0,0.15555555555555545,1.0,0.6666666666666666,1,12,1.0,0.7333333333333333,0.2666666666666667,1.0,1.0,0.0,0.2666666666666667,1.0,0.7333333333333333,1,15
rel:29,relation_dossiers,rel:29|cond=rel:29:finance:anchor,rel:29:finance:anchor,oracle,40,15,rel:29|oracle|w40|-,12,0.3,True,4,True,0.0,0.06666666666666667,-0.06666666666666667,1.0,0.6,1.0,0.5333333333333333,0.0,0.1111111111111111,1,9,0.0,0.23555555555555555,-0.23555555555555555,1.0,0.7333333333333332,1.0,0.49777777777777765,0.0,0.2611111111111111,1,12,0.0,0.26666666666666666,-0.26666666666666666,1.0,1.0,1.0,0.7333333333333334,0.0,0.26666666666666666,1,15
rel:29,relation_dossiers,rel:29|cond=rel:29:finance:anchor,rel:29:finance:anchor,oracle,80,15,rel:29|oracle|w80|-,72,0.9,False,2,True,1.0,0.5333333333333333,0.4666666666666667,1.0,0.6,0.0,0.06666666666666665,1.0,0.8888888888888888,1,9,1.0,0.711111111111111,0.288888888888889,1.0,0.7333333333333332,0.0,0.022222222222222143,1.0,0.8888888888888888,1,12,1.0,1.0,0.0,1.0,1.0,0.0,0.0,1.0,1.0,1,15
rel:29,relation_dossiers,rel:29|cond=rel:29:finance:anchor,rel:29:finance:anchor,reusable,40,15,rel:29|reusable|w40|rel:29|cond=rel:29:finance:anchor,38,0.95,False,1,False,1.0,0.13333333333333333,0.8666666666666667,1.0,0.6,0.0,0.4666666666666667,1.0,0.2222222222222222,1,9,1.0,0.19333333333333333,0.8066666666666666,1.0,0.7333333333333332,0.0,0.5399999999999998,1.0,0.24166666666666667,1,12,1.0,0.26666666666666666,0.7333333333333334,1.0,1.0,0.0,0.7333333333333334,1.0,0.26666666666666666,1,15
rel:29,relation_dossiers,rel:29|cond=rel:29:finance:anchor,rel:29:finance:anchor,reusable,80,15,rel:29|reusable|w80|rel:29|cond=rel:29:finance:anchor,72,0.9,False,3,False,1.0,0.3333333333333333,0.6666666666666667,1.0,0.6,0.0,0.26666666666666666,1.0,0.5555555555555556,1,9,1.0,0.3555555555555555,0.6444444444444445,1.0,0.7333333333333332,0.0,0.37777777777777766,1.0,0.4444444444444445,1,12,1.0,0.3333333333333333,0.6666666666666667,1.0,1.0,0.0,0.6666666666666667,1.0,0.3333333333333333,1,15
rel:29,relation_dossiers,rel:29|cond=rel:29:founding:anchor,rel:29:founding:anchor,conditioned,40,15,rel:29|conditioned|w40|rel:29|cond=rel:29:founding:anchor,36,0.9,False,1,False,0.0,0.06666666666666667,-0.06666666666666667,0.0,0.6666666666666666,0.0,0.6,nan,0.1,0,10,0.6666666666666666,0.13777777777777775,0.5288888888888889,0.6666666666666666,0.7555555555555554,0.0,0.6177777777777776,0.6666666666666666,0.1722222222222222,1,12,1.0,0.13333333333333333,0.8666666666666667,1.0,1.0,0.0,0.8666666666666667,1.0,0.13333333333333333,1,15
rel:29,relation_dossiers,rel:29|cond=rel:29:founding:anchor,rel:29:founding:anchor,conditioned,80,15,rel:29|conditioned|w80|rel:29|cond=rel:29:founding:anchor,69,0.8625,False,3,False,0.0,0.13333333333333333,-0.13333333333333333,0.0,0.6666666666666666,0.0,0.5333333333333333,nan,0.2,0,10,0.6666666666666666,0.23333333333333334,0.4333333333333333,0.6666666666666666,0.7555555555555554,0.0,0.5222222222222221,0.6666666666666666,0.25,1,12,1.0,0.2,0.8,1.0,1.0,0.0,0.8,1.0,0.2,1,15
rel:29,relation_dossiers,rel:29|cond=rel:29:founding:anchor,rel:29:founding:anchor,generic,40,15,rel:29|generic|w40|-,37,0.925,False,3,True,0.0,0.26666666666666666,-0.26666666666666666,0.0,0.6666666666666666,0.0,0.39999999999999997,nan,0.4,0,10,0.6666666666666666,0.4,0.2666666666666666,0.6666666666666666,0.7555555555555554,0.0,0.3555555555555554,0.6666666666666666,0.38888888888888884,1,12,1.0,0.5333333333333333,0.4666666666666667,1.0,1.0,0.0,0.4666666666666667,1.0,0.5333333333333333,1,15
rel:29,relation_dossiers,rel:29|cond=rel:29:founding:anchor,rel:29:founding:anchor,generic,80,15,rel:29|generic|w80|-,71,0.8875,False,1,True,1.0,0.5333333333333333,0.4666666666666667,0.0,0.6666666666666666,-1.0,0.1333333333333333,nan,0.8,0,10,1.0,0.5777777777777777,0.4222222222222223,0.6666666666666666,0.7555555555555554,-0.33333333333333337,0.1777777777777777,1.0,0.6666666666666666,1,12,1.0,0.7333333333333333,0.2666666666666667,1.0,1.0,0.0,0.2666666666666667,1.0,0.7333333333333333,1,15
rel:29,relation_dossiers,rel:29|cond=rel:29:founding:anchor,rel:29:founding:anchor,oracle,40,15,rel:29|oracle|w40|-,12,0.3,True,4,True,0.0,0.06666666666666667,-0.06666666666666667,0.0,0.6666666666666666,0.0,0.6,nan,0.1,0,10,0.6666666666666666,0.19111111111111112,0.4755555555555555,0.6666666666666666,0.7555555555555554,0.0,0.5644444444444443,0.6666666666666666,0.20555555555555557,1,12,1.0,0.2,0.8,1.0,1.0,0.0,0.8,1.0,0.2,1,15
rel:29,relation_dossiers,rel:29|cond=rel:29:founding:anchor,rel:29:founding:anchor,oracle,80,15,rel:29|oracle|w80|-,72,0.9,False,2,True,0.0,0.6,-0.6,0.0,0.6666666666666666,0.0,0.06666666666666665,nan,0.9,0,10,0.6666666666666666,0.7333333333333332,-0.06666666666666654,0.6666666666666666,0.7555555555555554,0.0,0.022222222222222254,0.6666666666666666,0.9166666666666665,1,12,1.0,1.0,0.0,1.0,1.0,0.0,0.0,1.0,1.0,1,15
rel:29,relation_dossiers,rel:29|cond=rel:29:founding:anchor,rel:29:founding:anchor,reusable,40,15,rel:29|reusable|w40|rel:29|cond=rel:29:founding:anchor,36,0.9,False,3,False,0.0,0.2,-0.2,0.0,0.6666666666666666,0.0,0.4666666666666666,nan,0.3,0,10,0.6666666666666666,0.26666666666666666,0.39999999999999997,0.6666666666666666,0.7555555555555554,0.0,0.48888888888888876,0.6666666666666666,0.3333333333333333,1,12,1.0,0.26666666666666666,0.7333333333333334,1.0,1.0,0.0,0.7333333333333334,1.0,0.26666666666666666,1,15
rel:29,relation_dossiers,rel:29|cond=rel:29:founding:anchor,rel:29:founding:anchor,reusable,80,15,rel:29|reusable|w80|rel:29|cond=rel:29:founding:anchor,78,0.975,False,4,False,0.0,0.4,-0.4,0.0,0.6666666666666666,0.0,0.2666666666666666,nan,0.6,0,10,0.6666666666666666,0.4888888888888889,0.17777777777777776,0.6666666666666666,0.7555555555555554,0.0,0.26666666666666655,0.6666666666666666,0.611111111111111,1,12,1.0,0.7333333333333333,0.2666666666666667,1.0,1.0,0.0,0.2666666666666667,1.0,0.7333333333333333,1,15
rel:3,relation_dossiers,rel:3|cond=rel:3:custom:anchor,rel:3:custom:anchor,conditioned,40,15,rel:3|conditioned|w40|rel:3|cond=rel:3:custom:anchor,35,0.875,False,2,False,1.0,0.13333333333333333,0.8666666666666667,1.0,1.0,0.0,0.8666666666666667,1.0,0.13333333333333333,1,15,1.0,0.15238095238095237,0.8476190476190476,1.0,1.0,0.0,0.8476190476190476,1.0,0.15238095238095237,1,15,1.0,0.13333333333333333,0.8666666666666667,1.0,1.0,0.0,0.8666666666666667,1.0,0.13333333333333333,1,15
rel:3,relation_dossiers,rel:3|cond=rel:3:custom:anchor,rel:3:custom:anchor,conditioned,80,15,rel:3|conditioned|w80|rel:3|cond=rel:3:custom:anchor,75,0.9375,False,4,False,1.0,0.2,0.8,1.0,1.0,0.0,0.8,1.0,0.2,1,15,1.0,0.2,0.8,1.0,1.0,0.0,0.8,1.0,0.2,1,15,1.0,0.2,0.8,1.0,1.0,0.0,0.8,1.0,0.2,1,15
rel:3,relation_dossiers,rel:3|cond=rel:3:custom:anchor,rel:3:custom:anchor,generic,40,15,rel:3|generic|w40|-,35,0.875,False,2,True,0.0,0.0,0.0,1.0,1.0,1.0,1.0,0.0,0.0,1,15,0.0,0.09333333333333332,-0.09333333333333332,1.0,1.0,1.0,0.9066666666666667,0.0,0.09333333333333332,1,15,0.0,0.0,0.0,1.0,1.0,1.0,1.0,0.0,0.0,1,15
rel:3,relation_dossiers,rel:3|cond=rel:3:custom:anchor,rel:3:custom:anchor,generic,80,15,rel:3|generic|w80|-,69,0.8625,True,4,True,0.0,0.4,-0.4,1.0,1.0,1.0,0.6,0.0,0.4,1,15,0.0,0.52,-0.52,1.0,1.0,1.0,0.48,0.0,0.52,1,15,0.0,0.4,-0.4,1.0,1.0,1.0,0.6,0.0,0.4,1,15
rel:3,relation_dossiers,rel:3|cond=rel:3:custom:anchor,rel:3:custom:anchor,oracle,40,15,rel:3|oracle|w40|-,40,1.0,True,4,True,1.0,0.8,0.19999999999999996,1.0,1.0,0.0,0.19999999999999996,1.0,0.8,1,15,1.0,0.8533333333333334,0.1466666666666666,1.0,1.0,0.0,0.1466666666666666,1.0,0.8533333333333334,1,15,1.0,0.8666666666666667,0.1333333333333333,1.0,1.0,0.0,0.1333333333333333,1.0,0.8666666666666667,1,15
rel:3,relation_dossiers,rel:3|cond=rel:3:custom:anchor,rel:3:custom:anchor,oracle,80,15,rel:3|oracle|w80|-,74,0.925,False,3,True,1.0,0.9333333333333333,0.06666666666666665,1.0,1.0,0.0,0.06666666666666665,1.0,0.9333333333333333,1,15,1.0,0.9866666666666667,0.013333333333333308,1.0,1.0,0.0,0.013333333333333308,1.0,0.9866666666666667,1,15,1.0,1.0,0.0,1.0,1.0,0.0,0.0,1.0,1.0,1,15
rel:3,relation_dossiers,rel:3|cond=rel:3:custom:anchor,rel:3:custom:anchor,reusable,40,15,rel:3|reusable|w40|rel:3|cond=rel:3:custom:anchor,35,0.875,False,3,False,1.0,0.2,0.8,1.0,1.0,0.0,0.8,1.0,0.2,1,15,1.0,0.2711111111111111,0.7288888888888889,1.0,1.0,0.0,0.7288888888888889,1.0,0.2711111111111111,1,15,1.0,0.2,0.8,1.0,1.0,0.0,0.8,1.0,0.2,1,15
rel:3,relation_dossiers,rel:3|cond=rel:3:custom:anchor,rel:3:custom:anchor,reusable,80,15,rel:3|reusable|w80|rel:3|cond=rel:3:custom:anchor,68,0.85,False,2,False,1.0,0.2,0.8,1.0,1.0,0.0,0.8,1.0,0.2,1,15,1.0,0.2380952380952381,0.7619047619047619,1.0,1.0,0.0,0.7619047619047619,1.0,0.2380952380952381,1,15,1.0,0.2,0.8,1.0,1.0,0.0,0.8,1.0,0.2,1,15
rel:3,relation_dossiers,rel:3|cond=rel:3:facilities:anchor,rel:3:facilities:anchor,conditioned,40,15,rel:3|conditioned|w40|rel:3|cond=rel:3:facilities:anchor,34,0.85,False,4,False,1.0,0.06666666666666667,0.9333333333333333,1.0,1.0,0.0,0.9333333333333333,1.0,0.06666666666666667,1,15,1.0,0.06666666666666667,0.9333333333333333,1.0,1.0,0.0,0.9333333333333333,1.0,0.06666666666666667,1,15,1.0,0.06666666666666667,0.9333333333333333,1.0,1.0,0.0,0.9333333333333333,1.0,0.06666666666666667,1,15
rel:3,relation_dossiers,rel:3|cond=rel:3:facilities:anchor,rel:3:facilities:anchor,conditioned,80,15,rel:3|conditioned|w80|rel:3|cond=rel:3:facilities:anchor,63,0.7875,True,4,False,1.0,0.13333333333333333,0.8666666666666667,1.0,1.0,0.0,0.8666666666666667,1.0,0.13333333333333333,1,15,1.0,0.17777777777777776,0.8222222222222222,1.0,1.0,0.0,0.8222222222222222,1.0,0.17777777777777776,1,15,1.0,0.2,0.8,1.0,1.0,0.0,0.8,1.0,0.2,1,15
rel:3,relation_dossiers,rel:3|cond=rel:3:facilities:anchor,rel:3:facilities:anchor,generic,40,15,rel:3|generic|w40|-,35,0.875,False,2,True,0.0,0.0,0.0,1.0,1.0,1.0,1.0,0.0,0.0,1,15,0.0,0.09333333333333332,-0.09333333333333332,1.0,1.0,1.0,0.9066666666666667,0.0,0.09333333333333332,1,15,0.0,0.0,0.0,1.0,1.0,1.0,1.0,0.0,0.0,1,15
rel:3,relation_dossiers,rel:3|cond=rel:3:facilities:anchor,rel:3:facilities:anchor,generic,80,15,rel:3|generic|w80|-,69,0.8625,True,4,True,1.0,0.3333333333333333,0.6666666666666667,1.0,1.0,0.0,0.6666666666666667,1.0,0.3333333333333333,1,15,1.0,0.4533333333333333,0.5466666666666666,1.0,1.0,0.0,0.5466666666666666,1.0,0.4533333333333333,1,15,1.0,0.3333333333333333,0.6666666666666667,1.0,1.0,0.0,0.6666666666666667,1.0,0.3333333333333333,1,15
rel:3,relation_dossiers,rel:3|cond=rel:3:facilities:anchor,rel:3:facilities:anchor,oracle,40,15,rel:3|oracle|w40|-,40,1.0,True,4,True,1.0,0.8,0.19999999999999996,1.0,1.0,0.0,0.19999999999999996,1.0,0.8,1,15,1.0,0.8533333333333334,0.1466666666666666,1.0,1.0,0.0,0.1466666666666666,1.0,0.8533333333333334,1,15,1.0,0.8666666666666667,0.1333333333333333,1.0,1.0,0.0,0.1333333333333333,1.0,0.8666666666666667,1,15
rel:3,relation_dossiers,rel:3|cond=rel:3:facilities:anchor,rel:3:facilities:anchor,oracle,80,15,rel:3|oracle|w80|-,74,0.925,False,3,True,1.0,0.9333333333333333,0.06666666666666665,1.0,1.0,0.0,0.06666666666666665,1.0,0.9333333333333333,1,15,1.0,0.9866666666666667,0.013333333333333308,1.0,1.0,0.0,0.013333333333333308,1.0,0.9866666666666667,1,15,1.0,1.0,0.0,1.0,1.0,0.0,0.0,1.0,1.0,1,15
rel:3,relation_dossiers,rel:3|cond=rel:3:facilities:anchor,rel:3:facilities:anchor,reusable,40,15,rel:3|reusable|w40|rel:3|cond=rel:3:facilities:anchor,38,0.95,False,1,False,1.0,0.06666666666666667,0.9333333333333333,1.0,1.0,0.0,0.9333333333333333,1.0,0.06666666666666667,1,15,1.0,0.06666666666666667,0.9333333333333333,1.0,1.0,0.0,0.9333333333333333,1.0,0.06666666666666667,1,15,1.0,0.06666666666666667,0.9333333333333333,1.0,1.0,0.0,0.9333333333333333,1.0,0.06666666666666667,1,15
rel:3,relation_dossiers,rel:3|cond=rel:3:facilities:anchor,rel:3:facilities:anchor,reusable,80,15,rel:3|reusable|w80|rel:3|cond=rel:3:facilities:anchor,78,0.975,False,1,False,1.0,0.3333333333333333,0.6666666666666667,1.0,1.0,0.0,0.6666666666666667,1.0,0.3333333333333333,1,15,1.0,0.3333333333333333,0.6666666666666667,1.0,1.0,0.0,0.6666666666666667,1.0,0.3333333333333333,1,15,1.0,0.3333333333333333,0.6666666666666667,1.0,1.0,0.0,0.6666666666666667,1.0,0.3333333333333333,1,15
rel:3,relation_dossiers,rel:3|cond=rel:3:finance:anchor,rel:3:finance:anchor,conditioned,40,15,rel:3|conditioned|w40|rel:3|cond=rel:3:finance:anchor,38,0.95,False,4,False,1.0,0.0,1.0,1.0,1.0,0.0,1.0,1.0,0.0,1,15,1.0,0.10333333333333333,0.8966666666666667,1.0,1.0,0.0,0.8966666666666667,1.0,0.10333333333333333,1,15,1.0,0.06666666666666667,0.9333333333333333,1.0,1.0,0.0,0.9333333333333333,1.0,0.06666666666666667,1,15
rel:3,relation_dossiers,rel:3|cond=rel:3:finance:anchor,rel:3:finance:anchor,conditioned,80,15,rel:3|conditioned|w80|rel:3|cond=rel:3:finance:anchor,66,0.825,True,4,False,1.0,0.2,0.8,1.0,1.0,0.0,0.8,1.0,0.2,1,15,1.0,0.24571428571428572,0.7542857142857142,1.0,1.0,0.0,0.7542857142857142,1.0,0.24571428571428572,1,15,1.0,0.26666666666666666,0.7333333333333334,1.0,1.0,0.0,0.7333333333333334,1.0,0.26666666666666666,1,15
rel:3,relation_dossiers,rel:3|cond=rel:3:finance:anchor,rel:3:finance:anchor,generic,40,15,rel:3|generic|w40|-,35,0.875,False,2,True,0.0,0.0,0.0,1.0,1.0,1.0,1.0,0.0,0.0,1,15,0.0,0.09333333333333332,-0.09333333333333332,1.0,1.0,1.0,0.9066666666666667,0.0,0.09333333333333332,1,15,0.0,0.0,0.0,1.0,1.0,1.0,1.0,0.0,0.0,1,15
rel:3,relation_dossiers,rel:3|cond=rel:3:finance:anchor,rel:3:finance:anchor,generic,80,15,rel:3|generic|w80|-,69,0.8625,True,4,True,1.0,0.3333333333333333,0.6666666666666667,1.0,1.0,0.0,0.6666666666666667,1.0,0.3333333333333333,1,15,1.0,0.4533333333333333,0.5466666666666666,1.0,1.0,0.0,0.5466666666666666,1.0,0.4533333333333333,1,15,1.0,0.3333333333333333,0.6666666666666667,1.0,1.0,0.0,0.6666666666666667,1.0,0.3333333333333333,1,15
rel:3,relation_dossiers,rel:3|cond=rel:3:finance:anchor,rel:3:finance:anchor,oracle,40,15,rel:3|oracle|w40|-,40,1.0,True,4,True,1.0,0.8,0.19999999999999996,1.0,1.0,0.0,0.19999999999999996,1.0,0.8,1,15,1.0,0.8533333333333334,0.1466666666666666,1.0,1.0,0.0,0.1466666666666666,1.0,0.8533333333333334,1,15,1.0,0.8666666666666667,0.1333333333333333,1.0,1.0,0.0,0.1333333333333333,1.0,0.8666666666666667,1,15
rel:3,relation_dossiers,rel:3|cond=rel:3:finance:anchor,rel:3:finance:anchor,oracle,80,15,rel:3|oracle|w80|-,74,0.925,False,3,True,1.0,0.9333333333333333,0.06666666666666665,1.0,1.0,0.0,0.06666666666666665,1.0,0.9333333333333333,1,15,1.0,0.9866666666666667,0.013333333333333308,1.0,1.0,0.0,0.013333333333333308,1.0,0.9866666666666667,1,15,1.0,1.0,0.0,1.0,1.0,0.0,0.0,1.0,1.0,1,15
rel:3,relation_dossiers,rel:3|cond=rel:3:finance:anchor,rel:3:finance:anchor,reusable,40,15,rel:3|reusable|w40|rel:3|cond=rel:3:finance:anchor,26,0.65,True,4,False,1.0,0.06666666666666667,0.9333333333333333,1.0,1.0,0.0,0.9333333333333333,1.0,0.06666666666666667,1,15,1.0,0.09333333333333332,0.9066666666666667,1.0,1.0,0.0,0.9066666666666667,1.0,0.09333333333333332,1,15,1.0,0.06666666666666667,0.9333333333333333,1.0,1.0,0.0,0.9333333333333333,1.0,0.06666666666666667,1,15
rel:3,relation_dossiers,rel:3|cond=rel:3:finance:anchor,rel:3:finance:anchor,reusable,80,15,rel:3|reusable|w80|rel:3|cond=rel:3:finance:anchor,75,0.9375,False,1,False,1.0,0.3333333333333333,0.6666666666666667,1.0,1.0,0.0,0.6666666666666667,1.0,0.3333333333333333,1,15,1.0,0.42,0.5800000000000001,1.0,1.0,0.0,0.5800000000000001,1.0,0.42,1,15,1.0,0.3333333333333333,0.6666666666666667,1.0,1.0,0.0,0.6666666666666667,1.0,0.3333333333333333,1,15
rel:3,relation_dossiers,rel:3|cond=rel:3:founding:anchor,rel:3:founding:anchor,conditioned,40,15,rel:3|conditioned|w40|rel:3|cond=rel:3:founding:anchor,38,0.95,False,2,False,1.0,0.2,0.8,1.0,1.0,0.0,0.8,1.0,0.2,1,15,1.0,0.2,0.8,1.0,1.0,0.0,0.8,1.0,0.2,1,15,1.0,0.2,0.8,1.0,1.0,0.0,0.8,1.0,0.2,1,15
rel:3,relation_dossiers,rel:3|cond=rel:3:founding:anchor,rel:3:founding:anchor,conditioned,80,15,rel:3|conditioned|w80|rel:3|cond=rel:3:founding:anchor,76,0.95,False,2,False,1.0,0.13333333333333333,0.8666666666666667,1.0,1.0,0.0,0.8666666666666667,1.0,0.13333333333333333,1,15,1.0,0.16666666666666666,0.8333333333333334,1.0,1.0,0.0,0.8333333333333334,1.0,0.16666666666666666,1,15,1.0,0.2,0.8,1.0,1.0,0.0,0.8,1.0,0.2,1,15
rel:3,relation_dossiers,rel:3|cond=rel:3:founding:anchor,rel:3:founding:anchor,generic,40,15,rel:3|generic|w40|-,35,0.875,False,2,True,0.0,0.0,0.0,1.0,1.0,1.0,1.0,0.0,0.0,1,15,0.5,0.060000000000000005,0.44,1.0,1.0,0.5,0.94,0.5,0.060000000000000005,1,15,0.0,0.0,0.0,1.0,1.0,1.0,1.0,0.0,0.0,1,15
rel:3,relation_dossiers,rel:3|cond=rel:3:founding:anchor,rel:3:founding:anchor,generic,80,15,rel:3|generic|w80|-,69,0.8625,True,4,True,0.0,0.4,-0.4,1.0,1.0,1.0,0.6,0.0,0.4,1,15,0.5,0.48666666666666664,0.013333333333333364,1.0,1.0,0.5,0.5133333333333334,0.5,0.48666666666666664,1,15,0.0,0.4,-0.4,1.0,1.0,1.0,0.6,0.0,0.4,1,15
rel:3,relation_dossiers,rel:3|cond=rel:3:founding:anchor,rel:3:founding:anchor,oracle,40,15,rel:3|oracle|w40|-,40,1.0,True,4,True,1.0,0.8,0.19999999999999996,1.0,1.0,0.0,0.19999999999999996,1.0,0.8,1,15,1.0,0.8533333333333334,0.1466666666666666,1.0,1.0,0.0,0.1466666666666666,1.0,0.8533333333333334,1,15,1.0,0.8666666666666667,0.1333333333333333,1.0,1.0,0.0,0.1333333333333333,1.0,0.8666666666666667,1,15
rel:3,relation_dossiers,rel:3|cond=rel:3:founding:anchor,rel:3:founding:anchor,oracle,80,15,rel:3|oracle|w80|-,74,0.925,False,3,True,1.0,0.9333333333333333,0.06666666666666665,1.0,1.0,0.0,0.06666666666666665,1.0,0.9333333333333333,1,15,1.0,0.9866666666666667,0.013333333333333308,1.0,1.0,0.0,0.013333333333333308,1.0,0.9866666666666667,1,15,1.0,1.0,0.0,1.0,1.0,0.0,0.0,1.0,1.0,1,15
rel:3,relation_dossiers,rel:3|cond=rel:3:founding:anchor,rel:3:founding:anchor,reusable,40,15,rel:3|reusable|w40|rel:3|cond=rel:3:founding:anchor,35,0.875,False,3,False,1.0,0.4666666666666667,0.5333333333333333,1.0,1.0,0.0,0.5333333333333333,1.0,0.4666666666666667,1,15,1.0,0.5111111111111111,0.48888888888888893,1.0,1.0,0.0,0.48888888888888893,1.0,0.5111111111111111,1,15,1.0,0.6,0.4,1.0,1.0,0.0,0.4,1.0,0.6,1,15
rel:3,relation_dossiers,rel:3|cond=rel:3:founding:anchor,rel:3:founding:anchor,reusable,80,15,rel:3|reusable|w80|rel:3|cond=rel:3:founding:anchor,72,0.9,False,2,False,1.0,0.4,0.6,1.0,1.0,0.0,0.6,1.0,0.4,1,15,1.0,0.4266666666666667,0.5733333333333333,1.0,1.0,0.0,0.5733333333333333,1.0,0.4266666666666667,1,15,1.0,0.4,0.6,1.0,1.0,0.0,0.6,1.0,0.4,1,15
rel:4,relation_dossiers,rel:4|cond=rel:4:custom:anchor,rel:4:custom:anchor,conditioned,40,15,rel:4|conditioned|w40|rel:4|cond=rel:4:custom:anchor,40,1.0,False,4,False,1.0,0.13333333333333333,0.8666666666666667,1.0,0.8,0.0,0.6666666666666667,1.0,0.16666666666666666,1,12,1.0,0.13333333333333333,0.8666666666666667,1.0,0.8444444444444444,0.0,0.7111111111111111,1.0,0.15384615384615385,1,13,1.0,0.13333333333333333,0.8666666666666667,1.0,1.0,0.0,0.8666666666666667,1.0,0.13333333333333333,1,15
rel:4,relation_dossiers,rel:4|cond=rel:4:custom:anchor,rel:4:custom:anchor,conditioned,80,15,rel:4|conditioned|w80|rel:4|cond=rel:4:custom:anchor,60,0.75,True,4,False,1.0,0.13333333333333333,0.8666666666666667,1.0,0.8,0.0,0.6666666666666667,1.0,0.16666666666666666,1,12,1.0,0.16,0.84,1.0,0.8444444444444444,0.0,0.6844444444444444,1.0,0.1846153846153846,1,13,1.0,0.13333333333333333,0.8666666666666667,1.0,1.0,0.0,0.8666666666666667,1.0,0.13333333333333333,1,15
rel:4,relation_dossiers,rel:4|cond=rel:4:custom:anchor,rel:4:custom:anchor,generic,40,15,rel:4|generic|w40|-,38,0.95,False,3,True,1.0,0.13333333333333333,0.8666666666666667,1.0,0.8,0.0,0.6666666666666667,1.0,0.16666666666666666,1,12,1.0,0.27777777777777773,0.7222222222222223,1.0,0.8444444444444444,0.0,0.5666666666666667,1.0,0.28205128205128205,1,13,1.0,0.3333333333333333,0.6666666666666667,1.0,1.0,0.0,0.6666666666666667,1.0,0.3333333333333333,1,15
rel:4,relation_dossiers,rel:4|cond=rel:4:custom:anchor,rel:4:custom:anchor,generic,80,15,rel:4|generic|w80|-,68,0.85,False,1,True,1.0,0.3333333333333333,0.6666666666666667,1.0,0.8,0.0,0.46666666666666673,1.0,0.4166666666666667,1,12,1.0,0.46444444444444444,0.5355555555555556,1.0,0.8444444444444444,0.0,0.38,1.0,0.5358974358974359,1,13,1.0,0.6666666666666666,0.33333333333333337,1.0,1.0,0.0,0.33333333333333337,1.0,0.6666666666666666,1,15
rel:4,relation_dossiers,rel:4|cond=rel:4:custom:anchor,rel:4:custom:anchor,oracle,40,15,rel:4|oracle|w40|-,39,0.975,False,3,True,1.0,0.8,0.19999999999999996,1.0,0.8,0.0,0.0,1.0,1.0,1,12,1.0,0.9111111111111111,0.0888888888888889,1.0,0.8444444444444444,0.0,-0.06666666666666665,1.0,0.9743589743589743,1,13,1.0,1.0,0.0,1.0,1.0,0.0,0.0,1.0,1.0,1,15
rel:4,relation_dossiers,rel:4|cond=rel:4:custom:anchor,rel:4:custom:anchor,oracle,80,15,rel:4|oracle|w80|-,70,0.875,False,2,True,1.0,0.6,0.4,1.0,0.8,0.0,0.20000000000000007,1.0,0.75,1,12,1.0,0.7244444444444444,0.27555555555555555,1.0,0.8444444444444444,0.0,0.12,1.0,0.8358974358974359,1,13,1.0,0.9333333333333333,0.06666666666666665,1.0,1.0,0.0,0.06666666666666665,1.0,0.9333333333333333,1,15
rel:4,relation_dossiers,rel:4|cond=rel:4:custom:anchor,rel:4:custom:anchor,reusable,40,15,rel:4|reusable|w40|rel:4|cond=rel:4:custom:anchor,36,0.9,False,1,False,1.0,0.2,0.8,1.0,0.8,0.0,0.6000000000000001,1.0,0.25,1,12,1.0,0.2,0.8,1.0,0.8444444444444444,0.0,0.6444444444444444,1.0,0.23076923076923078,1,13,1.0,0.2,0.8,1.0,1.0,0.0,0.8,1.0,0.2,1,15
rel:4,relation_dossiers,rel:4|cond=rel:4:custom:anchor,rel:4:custom:anchor,reusable,80,15,rel:4|reusable|w80|rel:4|cond=rel:4:custom:anchor,75,0.9375,False,4,False,1.0,0.26666666666666666,0.7333333333333334,1.0,0.8,0.0,0.5333333333333334,1.0,0.3333333333333333,1,12,1.0,0.26666666666666666,0.7333333333333334,1.0,0.8444444444444444,0.0,0.5777777777777777,1.0,0.3076923076923077,1,13,1.0,0.26666666666666666,0.7333333333333334,1.0,1.0,0.0,0.7333333333333334,1.0,0.26666666666666666,1,15
rel:4,relation_dossiers,rel:4|cond=rel:4:facilities:anchor,rel:4:facilities:anchor,conditioned,40,15,rel:4|conditioned|w40|rel:4|cond=rel:4:facilities:anchor,40,1.0,False,4,False,0.0,0.06666666666666667,-0.06666666666666667,0.0,0.8666666666666667,0.0,0.8,nan,0.07692307692307693,0,13,0.0,0.06666666666666667,-0.06666666666666667,0.0,0.9111111111111111,0.0,0.8444444444444444,nan,0.07142857142857142,0,14,1.0,0.13333333333333333,0.8666666666666667,1.0,1.0,0.0,0.8666666666666667,1.0,0.13333333333333333,1,15
rel:4,relation_dossiers,rel:4|cond=rel:4:facilities:anchor,rel:4:facilities:anchor,conditioned,80,15,rel:4|conditioned|w80|rel:4|cond=rel:4:facilities:anchor,76,0.95,False,2,False,0.0,0.26666666666666666,-0.26666666666666666,0.0,0.8666666666666667,0.0,0.6000000000000001,nan,0.3076923076923077,0,13,0.0,0.31111111111111106,-0.31111111111111106,0.0,0.9111111111111111,0.0,0.6000000000000001,nan,0.3333333333333333,0,14,1.0,0.4,0.6,1.0,1.0,0.0,0.6,1.0,0.4,1,15
rel:4,relation_dossiers,rel:4|cond=rel:4:facilities:anchor,rel:4:facilities:anchor,generic,40,15,rel:4|generic|w40|-,38,0.95,False,3,True,0.0,0.2,-0.2,0.0,0.8666666666666667,0.0,0.6666666666666667,nan,0.23076923076923078,0,13,0.5,0.31111111111111106,0.18888888888888894,0.0,0.9111111111111111,-0.5,0.6000000000000001,nan,0.3333333333333333,0,14,1.0,0.3333333333333333,0.6666666666666667,1.0,1.0,0.0,0.6666666666666667,1.0,0.3333333333333333,1,15
rel:4,relation_dossiers,rel:4|cond=rel:4:facilities:anchor,rel:4:facilities:anchor,generic,80,15,rel:4|generic|w80|-,68,0.85,False,1,True,0.0,0.4,-0.4,0.0,0.8666666666666667,0.0,0.4666666666666667,nan,0.46153846153846156,0,13,0.0,0.5311111111111111,-0.5311111111111111,0.0,0.9111111111111111,0.0,0.38,nan,0.569047619047619,0,14,1.0,0.6666666666666666,0.33333333333333337,1.0,1.0,0.0,0.33333333333333337,1.0,0.6666666666666666,1,15
rel:4,relation_dossiers,rel:4|cond=rel:4:facilities:anchor,rel:4:facilities:anchor,oracle,40,15,rel:4|oracle|w40|-,39,0.975,False,3,True,0.0,0.8666666666666667,-0.8666666666666667,0.0,0.8666666666666667,0.0,0.0,nan,1.0,0,13,0.5,0.9444444444444444,-0.4444444444444444,0.0,0.9111111111111111,-0.5,-0.033333333333333326,nan,0.9761904761904762,0,14,1.0,1.0,0.0,1.0,1.0,0.0,0.0,1.0,1.0,1,15
rel:4,relation_dossiers,rel:4|cond=rel:4:facilities:anchor,rel:4:facilities:anchor,oracle,80,15,rel:4|oracle|w80|-,70,0.875,False,2,True,0.0,0.6666666666666666,-0.6666666666666666,0.0,0.8666666666666667,0.0,0.20000000000000007,nan,0.7692307692307693,0,13,0.0,0.7911111111111111,-0.7911111111111111,0.0,0.9111111111111111,0.0,0.12,nan,0.8476190476190476,0,14,1.0,0.9333333333333333,0.06666666666666665,1.0,1.0,0.0,0.06666666666666665,1.0,0.9333333333333333,1,15
rel:4,relation_dossiers,rel:4|cond=rel:4:facilities:anchor,rel:4:facilities:anchor,reusable,40,15,rel:4|reusable|w40|rel:4|cond=rel:4:facilities:anchor,37,0.925,False,1,False,0.0,0.06666666666666667,-0.06666666666666667,0.0,0.8666666666666667,0.0,0.8,nan,0.07692307692307693,0,13,0.0,0.06666666666666667,-0.06666666666666667,0.0,0.9111111111111111,0.0,0.8444444444444444,nan,0.07142857142857142,0,14,1.0,0.13333333333333333,0.8666666666666667,1.0,1.0,0.0,0.8666666666666667,1.0,0.13333333333333333,1,15
rel:4,relation_dossiers,rel:4|cond=rel:4:facilities:anchor,rel:4:facilities:anchor,reusable,80,15,rel:4|reusable|w80|rel:4|cond=rel:4:facilities:anchor,80,1.0,False,4,False,0.0,0.5333333333333333,-0.5333333333333333,0.0,0.8666666666666667,0.0,0.33333333333333337,nan,0.6153846153846154,0,13,0.0,0.5777777777777777,-0.5777777777777777,0.0,0.9111111111111111,0.0,0.33333333333333337,nan,0.619047619047619,0,14,1.0,0.6666666666666666,0.33333333333333337,1.0,1.0,0.0,0.33333333333333337,1.0,0.6666666666666666,1,15
rel:4,relation_dossiers,rel:4|cond=rel:4:finance:anchor,rel:4:finance:anchor,conditioned,40,15,rel:4|conditioned|w40|rel:4|cond=rel:4:finance:anchor,34,0.85,False,4,False,0.0,0.13333333333333333,-0.13333333333333333,1.0,0.8,1.0,0.6666666666666667,0.0,0.16666666666666666,1,12,0.0,0.16666666666666666,-0.16666666666666666,1.0,0.8444444444444444,1.0,0.6777777777777778,0.0,0.19230769230769232,1,13,1.0,0.2,0.8,1.0,1.0,0.0,0.8,1.0,0.2,1,15
rel:4,relation_dossiers,rel:4|cond=rel:4:finance:anchor,rel:4:finance:anchor,conditioned,80,15,rel:4|conditioned|w80|rel:4|cond=rel:4:finance:anchor,75,0.9375,False,4,False,0.0,0.2,-0.2,1.0,0.8,1.0,0.6000000000000001,0.0,0.25,1,12,0.0,0.2,-0.2,1.0,0.8444444444444444,1.0,0.6444444444444444,0.0,0.23076923076923078,1,13,1.0,0.26666666666666666,0.7333333333333334,1.0,1.0,0.0,0.7333333333333334,1.0,0.26666666666666666,1,15
rel:4,relation_dossiers,rel:4|cond=rel:4:finance:anchor,rel:4:finance:anchor,generic,40,15,rel:4|generic|w40|-,38,0.95,False,3,True,0.0,0.2,-0.2,1.0,0.8,1.0,0.6000000000000001,0.0,0.25,1,12,0.0,0.3444444444444444,-0.3444444444444444,1.0,0.8444444444444444,1.0,0.5,0.0,0.3589743589743589,1,13,0.0,0.4,-0.4,1.0,1.0,1.0,0.6,0.0,0.4,1,15
rel:4,relation_dossiers,rel:4|cond=rel:4:finance:anchor,rel:4:finance:anchor,generic,80,15,rel:4|generic|w80|-,68,0.85,False,1,True,0.0,0.4,-0.4,1.0,0.8,1.0,0.4,0.0,0.5,1,12,0.5,0.49777777777777776,0.0022222222222222365,1.0,0.8444444444444444,0.5,0.3466666666666667,0.5,0.5743589743589743,1,13,1.0,0.6666666666666666,0.33333333333333337,1.0,1.0,0.0,0.33333333333333337,1.0,0.6666666666666666,1,15
rel:4,relation_dossiers,rel:4|cond=rel:4:finance:anchor,rel:4:finance:anchor,oracle,40,15,rel:4|oracle|w40|-,39,0.975,False,3,True,1.0,0.8,0.19999999999999996,1.0,0.8,0.0,0.0,1.0,1.0,1,12,1.0,0.9111111111111111,0.0888888888888889,1.0,0.8444444444444444,0.0,-0.06666666666666665,1.0,0.9743589743589743,1,13,1.0,1.0,0.0,1.0,1.0,0.0,0.0,1.0,1.0,1,15
rel:4,relation_dossiers,rel:4|cond=rel:4:finance:anchor,rel:4:finance:anchor,oracle,80,15,rel:4|oracle|w80|-,70,0.875,False,2,True,1.0,0.6,0.4,1.0,0.8,0.0,0.20000000000000007,1.0,0.75,1,12,1.0,0.7244444444444444,0.27555555555555555,1.0,0.8444444444444444,0.0,0.12,1.0,0.8358974358974359,1,13,1.0,0.9333333333333333,0.06666666666666665,1.0,1.0,0.0,0.06666666666666665,1.0,0.9333333333333333,1,15
rel:4,relation_dossiers,rel:4|cond=rel:4:finance:anchor,rel:4:finance:anchor,reusable,40,15,rel:4|reusable|w40|rel:4|cond=rel:4:finance:anchor,34,0.85,False,1,False,1.0,0.13333333333333333,0.8666666666666667,1.0,0.8,0.0,0.6666666666666667,1.0,0.16666666666666666,1,12,1.0,0.19333333333333333,0.8066666666666666,1.0,0.8444444444444444,0.0,0.6511111111111111,1.0,0.22307692307692306,1,13,1.0,0.13333333333333333,0.8666666666666667,1.0,1.0,0.0,0.8666666666666667,1.0,0.13333333333333333,1,15
rel:4,relation_dossiers,rel:4|cond=rel:4:finance:anchor,rel:4:finance:anchor,reusable,80,15,rel:4|reusable|w80|rel:4|cond=rel:4:finance:anchor,77,0.9625,False,2,False,0.0,0.4,-0.4,1.0,0.8,1.0,0.4,0.0,0.5,1,12,0.0,0.4166666666666667,-0.4166666666666667,1.0,0.8444444444444444,1.0,0.42777777777777776,0.0,0.4807692307692308,1,13,1.0,0.4666666666666667,0.5333333333333333,1.0,1.0,0.0,0.5333333333333333,1.0,0.4666666666666667,1,15
rel:4,relation_dossiers,rel:4|cond=rel:4:founding:anchor,rel:4:founding:anchor,conditioned,40,15,rel:4|conditioned|w40|rel:4|cond=rel:4:founding:anchor,39,0.975,False,2,False,1.0,0.06666666666666667,0.9333333333333333,1.0,0.8,0.0,0.7333333333333334,1.0,0.08333333333333333,1,12,1.0,0.14666666666666667,0.8533333333333333,1.0,0.8444444444444444,0.0,0.6977777777777778,1.0,0.16923076923076924,1,13,1.0,0.13333333333333333,0.8666666666666667,1.0,1.0,0.0,0.8666666666666667,1.0,0.13333333333333333,1,15
rel:4,relation_dossiers,rel:4|cond=rel:4:founding:anchor,rel:4:founding:anchor,conditioned,80,15,rel:4|conditioned|w80|rel:4|cond=rel:4:founding:anchor,71,0.8875,False,4,False,1.0,0.13333333333333333,0.8666666666666667,1.0,0.8,0.0,0.6666666666666667,1.0,0.16666666666666666,1,12,1.0,0.18666666666666665,0.8133333333333334,1.0,0.8444444444444444,0.0,0.6577777777777778,1.0,0.21538461538461537,1,13,1.0,0.2,0.8,1.0,1.0,0.0,0.8,1.0,0.2,1,15
rel:4,relation_dossiers,rel:4|cond=rel:4:founding:anchor,rel:4:founding:anchor,generic,40,15,rel:4|generic|w40|-,38,0.95,False,3,True,0.0,0.2,-0.2,1.0,0.8,1.0,0.6000000000000001,0.0,0.25,1,12,0.5,0.31111111111111106,0.18888888888888894,1.0,0.8444444444444444,0.5,0.5333333333333334,0.5,0.3205128205128205,1,13,0.0,0.4,-0.4,1.0,1.0,1.0,0.6,0.0,0.4,1,15
rel:4,relation_dossiers,rel:4|cond=rel:4:founding:anchor,rel:4:founding:anchor,generic,80,15,rel:4|generic|w80|-,68,0.85,False,1,True,1.0,0.3333333333333333,0.6666666666666667,1.0,0.8,0.0,0.46666666666666673,1.0,0.4166666666666667,1,12,1.0,0.46444444444444444,0.5355555555555556,1.0,0.8444444444444444,0.0,0.38,1.0,0.5358974358974359,1,13,1.0,0.6666666666666666,0.33333333333333337,1.0,1.0,0.0,0.33333333333333337,1.0,0.6666666666666666,1,15
rel:4,relation_dossiers,rel:4|cond=rel:4:founding:anchor,rel:4:founding:anchor,oracle,40,15,rel:4|oracle|w40|-,39,0.975,False,3,True,1.0,0.8,0.19999999999999996,1.0,0.8,0.0,0.0,1.0,1.0,1,12,1.0,0.9111111111111111,0.0888888888888889,1.0,0.8444444444444444,0.0,-0.06666666666666665,1.0,0.9743589743589743,1,13,1.0,1.0,0.0,1.0,1.0,0.0,0.0,1.0,1.0,1,15
rel:4,relation_dossiers,rel:4|cond=rel:4:founding:anchor,rel:4:founding:anchor,oracle,80,15,rel:4|oracle|w80|-,70,0.875,False,2,True,1.0,0.6,0.4,1.0,0.8,0.0,0.20000000000000007,1.0,0.75,1,12,1.0,0.7244444444444444,0.27555555555555555,1.0,0.8444444444444444,0.0,0.12,1.0,0.8358974358974359,1,13,1.0,0.9333333333333333,0.06666666666666665,1.0,1.0,0.0,0.06666666666666665,1.0,0.9333333333333333,1,15
rel:4,relation_dossiers,rel:4|cond=rel:4:founding:anchor,rel:4:founding:anchor,reusable,40,15,rel:4|reusable|w40|rel:4|cond=rel:4:founding:anchor,37,0.925,False,2,False,1.0,0.2,0.8,1.0,0.8,0.0,0.6000000000000001,1.0,0.25,1,12,1.0,0.2866666666666667,0.7133333333333334,1.0,0.8444444444444444,0.0,0.5577777777777777,1.0,0.33076923076923076,1,13,1.0,0.26666666666666666,0.7333333333333334,1.0,1.0,0.0,0.7333333333333334,1.0,0.26666666666666666,1,15
rel:4,relation_dossiers,rel:4|cond=rel:4:founding:anchor,rel:4:founding:anchor,reusable,80,15,rel:4|reusable|w80|rel:4|cond=rel:4:founding:anchor,74,0.925,False,4,False,1.0,0.5333333333333333,0.4666666666666667,1.0,0.8,0.0,0.2666666666666667,1.0,0.6666666666666666,1,12,1.0,0.6311111111111111,0.36888888888888893,1.0,0.8444444444444444,0.0,0.21333333333333337,1.0,0.7282051282051282,1,13,1.0,0.6666666666666666,0.33333333333333337,1.0,1.0,0.0,0.33333333333333337,1.0,0.6666666666666666,1,15
rel:5,relation_dossiers,rel:5|cond=rel:5:custom:anchor,rel:5:custom:anchor,conditioned,40,15,rel:5|conditioned|w40|rel:5|cond=rel:5:custom:anchor,34,0.85,False,3,False,1.0,0.0,1.0,1.0,0.6666666666666666,0.0,0.6666666666666666,1.0,0.0,1,10,1.0,0.07777777777777777,0.9222222222222223,1.0,0.8111111111111111,0.0,0.7333333333333334,1.0,0.08333333333333333,1,14,1.0,0.06666666666666667,0.9333333333333333,1.0,1.0,0.0,0.9333333333333333,1.0,0.06666666666666667,1,15
rel:5,relation_dossiers,rel:5|cond=rel:5:custom:anchor,rel:5:custom:anchor,conditioned,80,15,rel:5|conditioned|w80|rel:5|cond=rel:5:custom:anchor,70,0.875,False,4,False,1.0,0.13333333333333333,0.8666666666666667,1.0,0.6666666666666666,0.0,0.5333333333333333,1.0,0.2,1,10,1.0,0.17777777777777776,0.8222222222222222,1.0,0.8111111111111111,0.0,0.6333333333333333,1.0,0.19047619047619047,1,14,1.0,0.2,0.8,1.0,1.0,0.0,0.8,1.0,0.2,1,15
rel:5,relation_dossiers,rel:5|cond=rel:5:custom:anchor,rel:5:custom:anchor,generic,40,15,rel:5|generic|w40|-,31,0.775,True,4,True,0.0,0.06666666666666667,-0.06666666666666667,1.0,0.6666666666666666,1.0,0.6,0.0,0.1,1,10,0.0,0.17777777777777776,-0.17777777777777776,1.0,0.8111111111111111,1.0,0.6333333333333333,0.0,0.19047619047619047,1,14,0.0,0.4,-0.4,1.0,1.0,1.0,0.6,0.0,0.4,1,15
rel:5,relation_dossiers,rel:5|cond=rel:5:custom:anchor,rel:5:custom:anchor,generic,80,15,rel:5|generic|w80|-,71,0.8875,False,1,True,1.0,0.2,0.8,1.0,0.6666666666666666,0.0,0.4666666666666666,1.0,0.3,1,10,1.0,0.31111111111111106,0.6888888888888889,1.0,0.8111111111111111,0.0,0.5,1.0,0.3333333333333333,1,14,1.0,0.6,0.4,1.0,1.0,0.0,0.4,1.0,0.6,1,15
rel:5,relation_dossiers,rel:5|cond=rel:5:custom:anchor,rel:5:custom:anchor,oracle,40,15,rel:5|oracle|w40|-,40,1.0,True,4,True,1.0,0.26666666666666666,0.7333333333333334,1.0,0.6666666666666666,0.0,0.39999999999999997,1.0,0.4,1,10,1.0,0.5222222222222223,0.47777777777777775,1.0,0.8111111111111111,0.0,0.28888888888888886,1.0,0.5595238095238095,1,14,1.0,0.9333333333333333,0.06666666666666665,1.0,1.0,0.0,0.06666666666666665,1.0,0.9333333333333333,1,15
rel:5,relation_dossiers,rel:5|cond=rel:5:custom:anchor,rel:5:custom:anchor,oracle,80,15,rel:5|oracle|w80|-,77,0.9625,False,4,True,1.0,0.6,0.4,1.0,0.6666666666666666,0.0,0.06666666666666665,1.0,0.9,1,10,1.0,0.8111111111111111,0.18888888888888888,1.0,0.8111111111111111,0.0,0.0,1.0,0.8333333333333333,1,14,1.0,1.0,0.0,1.0,1.0,0.0,0.0,1.0,1.0,1,15
rel:5,relation_dossiers,rel:5|cond=rel:5:custom:anchor,rel:5:custom:anchor,reusable,40,15,rel:5|reusable|w40|rel:5|cond=rel:5:custom:anchor,34,0.85,False,1,False,1.0,0.0,1.0,1.0,0.6666666666666666,0.0,0.6666666666666666,1.0,0.0,1,10,1.0,0.06111111111111111,0.9388888888888889,1.0,0.8111111111111111,0.0,0.75,1.0,0.06547619047619048,1,14,1.0,0.06666666666666667,0.9333333333333333,1.0,1.0,0.0,0.9333333333333333,1.0,0.06666666666666667,1,15
rel:5,relation_dossiers,rel:5|cond=rel:5:custom:anchor,rel:5:custom:anchor,reusable,80,15,rel:5|reusable|w80|rel:5|cond=rel:5:custom:anchor,69,0.8625,False,1,False,1.0,0.13333333333333333,0.8666666666666667,1.0,0.6666666666666666,0.0,0.5333333333333333,1.0,0.2,1,10,1.0,0.2111111111111111,0.7888888888888889,1.0,0.8111111111111111,0.0,0.6,1.0,0.2261904761904762,1,14,1.0,0.26666666666666666,0.7333333333333334,1.0,1.0,0.0,0.7333333333333334,1.0,0.26666666666666666,1,15
rel:5,relation_dossiers,rel:5|cond=rel:5:facilities:anchor,rel:5:facilities:anchor,conditioned,40,15,rel:5|conditioned|w40|rel:5|cond=rel:5:facilities:anchor,23,0.575,True,4,False,0.0,0.0,0.0,0.0,0.7333333333333333,0.0,0.7333333333333333,nan,0.0,0,11,0.0,0.03333333333333333,-0.03333333333333333,0.5,0.8444444444444444,0.5,0.8111111111111111,0.0,0.03571428571428571,1,14,1.0,0.06666666666666667,0.9333333333333333,1.0,1.0,0.0,0.9333333333333333,1.0,0.06666666666666667,1,15
rel:5,relation_dossiers,rel:5|cond=rel:5:facilities:anchor,rel:5:facilities:anchor,conditioned,80,15,rel:5|conditioned|w80|rel:5|cond=rel:5:facilities:anchor,74,0.925,False,3,False,0.0,0.13333333333333333,-0.13333333333333333,0.0,0.7333333333333333,0.0,0.6,nan,0.18181818181818182,0,11,0.0,0.13333333333333333,-0.13333333333333333,0.5,0.8444444444444444,0.5,0.7111111111111111,0.0,0.14285714285714285,1,14,1.0,0.2,0.8,1.0,1.0,0.0,0.8,1.0,0.2,1,15
rel:5,relation_dossiers,rel:5|cond=rel:5:facilities:anchor,rel:5:facilities:anchor,generic,40,15,rel:5|generic|w40|-,31,0.775,True,4,True,0.0,0.06666666666666667,-0.06666666666666667,0.0,0.7333333333333333,0.0,0.6666666666666666,nan,0.09090909090909091,0,11,0.0,0.17777777777777776,-0.17777777777777776,0.5,0.8444444444444444,0.5,0.6666666666666667,0.0,0.19047619047619047,1,14,1.0,0.3333333333333333,0.6666666666666667,1.0,1.0,0.0,0.6666666666666667,1.0,0.3333333333333333,1,15
rel:5,relation_dossiers,rel:5|cond=rel:5:facilities:anchor,rel:5:facilities:anchor,generic,80,15,rel:5|generic|w80|-,71,0.8875,False,1,True,0.0,0.26666666666666666,-0.26666666666666666,0.0,0.7333333333333333,0.0,0.4666666666666666,nan,0.36363636363636365,0,11,0.0,0.3777777777777778,-0.3777777777777778,0.5,0.8444444444444444,0.5,0.4666666666666666,0.0,0.40476190476190477,1,14,1.0,0.6,0.4,1.0,1.0,0.0,0.4,1.0,0.6,1,15
rel:5,relation_dossiers,rel:5|cond=rel:5:facilities:anchor,rel:5:facilities:anchor,oracle,40,15,rel:5|oracle|w40|-,40,1.0,True,4,True,0.0,0.3333333333333333,-0.3333333333333333,0.0,0.7333333333333333,0.0,0.39999999999999997,nan,0.45454545454545453,0,11,0.5,0.5555555555555556,-0.05555555555555558,0.5,0.8444444444444444,0.0,0.28888888888888886,0.5,0.5952380952380952,1,14,1.0,0.9333333333333333,0.06666666666666665,1.0,1.0,0.0,0.06666666666666665,1.0,0.9333333333333333,1,15
rel:5,relation_dossiers,rel:5|cond=rel:5:facilities:anchor,rel:5:facilities:anchor,oracle,80,15,rel:5|oracle|w80|-,77,0.9625,False,4,True,0.0,0.6666666666666666,-0.6666666666666666,0.0,0.7333333333333333,0.0,0.06666666666666665,nan,0.9090909090909091,0,11,0.5,0.8444444444444444,-0.34444444444444444,0.5,0.8444444444444444,0.0,0.0,0.5,0.869047619047619,1,14,1.0,1.0,0.0,1.0,1.0,0.0,0.0,1.0,1.0,1,15
rel:5,relation_dossiers,rel:5|cond=rel:5:facilities:anchor,rel:5:facilities:anchor,reusable,40,15,rel:5|reusable|w40|rel:5|cond=rel:5:facilities:anchor,40,1.0,False,1,False,0.0,0.06666666666666667,-0.06666666666666667,0.0,0.7333333333333333,0.0,0.6666666666666666,nan,0.09090909090909091,0,11,0.5,0.06666666666666667,0.43333333333333335,0.5,0.8444444444444444,0.0,0.7777777777777778,0.5,0.07142857142857142,1,14,1.0,0.13333333333333333,0.8666666666666667,1.0,1.0,0.0,0.8666666666666667,1.0,0.13333333333333333,1,15
rel:5,relation_dossiers,rel:5|cond=rel:5:facilities:anchor,rel:5:facilities:anchor,reusable,80,15,rel:5|reusable|w80|rel:5|cond=rel:5:facilities:anchor,69,0.8625,False,1,False,0.0,0.13333333333333333,-0.13333333333333333,0.0,0.7333333333333333,0.0,0.6,nan,0.18181818181818182,0,11,0.0,0.13333333333333333,-0.13333333333333333,0.5,0.8444444444444444,0.5,0.7111111111111111,0.0,0.14285714285714285,1,14,1.0,0.2,0.8,1.0,1.0,0.0,0.8,1.0,0.2,1,15
rel:5,relation_dossiers,rel:5|cond=rel:5:finance:anchor,rel:5:finance:anchor,conditioned,40,15,rel:5|conditioned|w40|rel:5|cond=rel:5:finance:anchor,40,1.0,False,2,False,1.0,0.13333333333333333,0.8666666666666667,1.0,0.6666666666666666,0.0,0.5333333333333333,1.0,0.2,1,10,1.0,0.13333333333333333,0.8666666666666667,1.0,0.8111111111111111,0.0,0.6777777777777778,1.0,0.14285714285714285,1,14,1.0,0.13333333333333333,0.8666666666666667,1.0,1.0,0.0,0.8666666666666667,1.0,0.13333333333333333,1,15
rel:5,relation_dossiers,rel:5|cond=rel:5:finance:anchor,rel:5:finance:anchor,conditioned,80,15,rel:5|conditioned|w80|rel:5|cond=rel:5:finance:anchor,69,0.8625,True,4,False,1.0,0.13333333333333333,0.8666666666666667,1.0,0.6666666666666666,0.0,0.5333333333333333,1.0,0.2,1,10,1.0,0.13333333333333333,0.8666666666666667,1.0,0.8111111111111111,0.0,0.6777777777777778,1.0,0.14285714285714285,1,14,1.0,0.13333333333333333,0.8666666666666667,1.0,1.0,0.0,0.8666666666666667,1.0,0.13333333333333333,1,15
rel:5,relation_dossiers,rel:5|cond=rel:5:finance:anchor,rel:5:finance:anchor,generic,40,15,rel:5|generic|w40|-,31,0.775,True,4,True,0.0,0.06666666666666667,-0.06666666666666667,1.0,0.6666666666666666,1.0,0.6,0.0,0.1,1,10,0.0,0.17777777777777776,-0.17777777777777776,1.0,0.8111111111111111,1.0,0.6333333333333333,0.0,0.19047619047619047,1,14,0.0,0.4,-0.4,1.0,1.0,1.0,0.6,0.0,0.4,1,15
rel:5,relation_dossiers,rel:5|cond=rel:5:finance:anchor,rel:5:finance:anchor,generic,80,15,rel:5|generic|w80|-,71,0.8875,False,1,True,0.0,0.26666666666666666,-0.26666666666666666,1.0,0.6666666666666666,1.0,0.39999999999999997,0.0,0.4,1,10,0.0,0.3777777777777778,-0.3777777777777778,1.0,0.8111111111111111,1.0,0.4333333333333333,0.0,0.40476190476190477,1,14,0.0,0.6666666666666666,-0.6666666666666666,1.0,1.0,1.0,0.33333333333333337,0.0,0.6666666666666666,1,15
rel:5,relation_dossiers,rel:5|cond=rel:5:finance:anchor,rel:5:finance:anchor,oracle,40,15,rel:5|oracle|w40|-,40,1.0,True,4,True,0.0,0.3333333333333333,-0.3333333333333333,1.0,0.6666666666666666,1.0,0.3333333333333333,0.0,0.5,1,10,0.5,0.5555555555555556,-0.05555555555555558,1.0,0.8111111111111111,0.5,0.25555555555555554,0.5,0.5952380952380952,1,14,1.0,0.9333333333333333,0.06666666666666665,1.0,1.0,0.0,0.06666666666666665,1.0,0.9333333333333333,1,15
rel:5,relation_dossiers,rel:5|cond=rel:5:finance:anchor,rel:5:finance:anchor,oracle,80,15,rel:5|oracle|w80|-,77,0.9625,False,4,True,1.0,0.6,0.4,1.0,0.6666666666666666,0.0,0.06666666666666665,1.0,0.9,1,10,1.0,0.8111111111111111,0.18888888888888888,1.0,0.8111111111111111,0.0,0.0,1.0,0.8333333333333333,1,14,1.0,1.0,0.0,1.0,1.0,0.0,0.0,1.0,1.0,1,15
rel:5,relation_dossiers,rel:5|cond=rel:5:finance:anchor,rel:5:finance:anchor,reusable,40,15,rel:5|reusable|w40|rel:5|cond=rel:5:finance:anchor,34,0.85,False,4,False,1.0,0.13333333333333333,0.8666666666666667,1.0,0.6666666666666666,0.0,0.5333333333333333,1.0,0.2,1,10,1.0,0.13333333333333333,0.8666666666666667,1.0,0.8111111111111111,0.0,0.6777777777777778,1.0,0.14285714285714285,1,14,1.0,0.13333333333333333,0.8666666666666667,1.0,1.0,0.0,0.8666666666666667,1.0,0.13333333333333333,1,15
rel:5,relation_dossiers,rel:5|cond=rel:5:finance:anchor,rel:5:finance:anchor,reusable,80,15,rel:5|reusable|w80|rel:5|cond=rel:5:finance:anchor,79,0.9875,False,2,False,0.0,0.2,-0.2,1.0,0.6666666666666666,1.0,0.4666666666666666,0.0,0.3,1,10,0.0,0.23333333333333334,-0.23333333333333334,1.0,0.8111111111111111,1.0,0.5777777777777777,0.0,0.25,1,14,1.0,0.26666666666666666,0.7333333333333334,1.0,1.0,0.0,0.7333333333333334,1.0,0.26666666666666666,1,15
rel:5,relation_dossiers,rel:5|cond=rel:5:founding:anchor,rel:5:founding:anchor,conditioned,40,15,rel:5|conditioned|w40|rel:5|cond=rel:5:founding:anchor,39,0.975,False,2,False,1.0,0.0,1.0,0.0,0.7333333333333333,-1.0,0.7333333333333333,nan,0.0,0,11,1.0,0.08333333333333333,0.9166666666666666,0.5,0.8444444444444444,-0.5,0.7611111111111111,1.0,0.08928571428571429,1,14,1.0,0.13333333333333333,0.8666666666666667,1.0,1.0,0.0,0.8666666666666667,1.0,0.13333333333333333,1,15
rel:5,relation_dossiers,rel:5|cond=rel:5:founding:anchor,rel:5:founding:anchor,conditioned,80,15,rel:5|conditioned|w80|rel:5|cond=rel:5:founding:anchor,79,0.9875,False,2,False,1.0,0.06666666666666667,0.9333333333333333,0.0,0.7333333333333333,-1.0,0.6666666666666666,nan,0.09090909090909091,0,11,1.0,0.1,0.9,0.5,0.8444444444444444,-0.5,0.7444444444444445,1.0,0.10714285714285714,1,14,1.0,0.2,0.8,1.0,1.0,0.0,0.8,1.0,0.2,1,15
rel:5,relation_dossiers,rel:5|cond=rel:5:founding:anchor,rel:5:founding:anchor,generic,40,15,rel:5|generic|w40|-,31,0.775,True,4,True,0.0,0.06666666666666667,-0.06666666666666667,0.0,0.7333333333333333,0.0,0.6666666666666666,nan,0.09090909090909091,0,11,0.5,0.14444444444444443,0.35555555555555557,0.5,0.8444444444444444,0.0,0.7,0.5,0.15476190476190474,1,14,1.0,0.3333333333333333,0.6666666666666667,1.0,1.0,0.0,0.6666666666666667,1.0,0.3333333333333333,1,15
rel:5,relation_dossiers,rel:5|cond=rel:5:founding:anchor,rel:5:founding:anchor,generic,80,15,rel:5|generic|w80|-,71,0.8875,False,1,True,0.0,0.26666666666666666,-0.26666666666666666,0.0,0.7333333333333333,0.0,0.4666666666666666,nan,0.36363636363636365,0,11,0.5,0.34444444444444444,0.15555555555555556,0.5,0.8444444444444444,0.0,0.5,0.5,0.36904761904761907,1,14,1.0,0.6,0.4,1.0,1.0,0.0,0.4,1.0,0.6,1,15
rel:5,relation_dossiers,rel:5|cond=rel:5:founding:anchor,rel:5:founding:anchor,oracle,40,15,rel:5|oracle|w40|-,40,1.0,True,4,True,0.0,0.3333333333333333,-0.3333333333333333,0.0,0.7333333333333333,0.0,0.39999999999999997,nan,0.45454545454545453,0,11,0.5,0.5555555555555556,-0.05555555555555558,0.5,0.8444444444444444,0.0,0.28888888888888886,0.5,0.5952380952380952,1,14,1.0,0.9333333333333333,0.06666666666666665,1.0,1.0,0.0,0.06666666666666665,1.0,0.9333333333333333,1,15
rel:5,relation_dossiers,rel:5|cond=rel:5:founding:anchor,rel:5:founding:anchor,oracle,80,15,rel:5|oracle|w80|-,77,0.9625,False,4,True,0.0,0.6666666666666666,-0.6666666666666666,0.0,0.7333333333333333,0.0,0.06666666666666665,nan,0.9090909090909091,0,11,0.5,0.8444444444444444,-0.34444444444444444,0.5,0.8444444444444444,0.0,0.0,0.5,0.869047619047619,1,14,1.0,1.0,0.0,1.0,1.0,0.0,0.0,1.0,1.0,1,15
rel:5,relation_dossiers,rel:5|cond=rel:5:founding:anchor,rel:5:founding:anchor,reusable,40,15,rel:5|reusable|w40|rel:5|cond=rel:5:founding:anchor,40,1.0,False,1,False,1.0,0.0,1.0,0.0,0.7333333333333333,-1.0,0.7333333333333333,nan,0.0,0,11,1.0,0.06666666666666667,0.9333333333333333,0.5,0.8444444444444444,-0.5,0.7777777777777778,1.0,0.07142857142857142,1,14,1.0,0.13333333333333333,0.8666666666666667,1.0,1.0,0.0,0.8666666666666667,1.0,0.13333333333333333,1,15
rel:5,relation_dossiers,rel:5|cond=rel:5:founding:anchor,rel:5:founding:anchor,reusable,80,15,rel:5|reusable|w80|rel:5|cond=rel:5:founding:anchor,80,1.0,False,2,False,0.0,0.3333333333333333,-0.3333333333333333,0.0,0.7333333333333333,0.0,0.39999999999999997,nan,0.45454545454545453,0,11,0.5,0.36666666666666664,0.13333333333333336,0.5,0.8444444444444444,0.0,0.4777777777777778,0.5,0.39285714285714285,1,14,1.0,0.6,0.4,1.0,1.0,0.0,0.4,1.0,0.6,1,15
rel:6,relation_dossiers,rel:6|cond=rel:6:custom:anchor,rel:6:custom:anchor,conditioned,40,15,rel:6|conditioned|w40|rel:6|cond=rel:6:custom:anchor,37,0.925,False,4,False,1.0,0.06666666666666667,0.9333333333333333,1.0,0.8666666666666667,0.0,0.8,1.0,0.07692307692307693,1,13,1.0,0.09333333333333332,0.9066666666666667,1.0,0.8666666666666667,0.0,0.7733333333333334,1.0,0.10769230769230768,1,13,1.0,0.06666666666666667,0.9333333333333333,1.0,1.0,0.0,0.9333333333333333,1.0,0.06666666666666667,1,15
rel:6,relation_dossiers,rel:6|cond=rel:6:custom:anchor,rel:6:custom:anchor,conditioned,80,15,rel:6|conditioned|w80|rel:6|cond=rel:6:custom:anchor,71,0.8875,False,1,False,1.0,0.13333333333333333,0.8666666666666667,1.0,0.8666666666666667,0.0,0.7333333333333334,1.0,0.15384615384615385,1,13,1.0,0.13333333333333333,0.8666666666666667,1.0,0.8666666666666667,0.0,0.7333333333333334,1.0,0.15384615384615385,1,13,1.0,0.13333333333333333,0.8666666666666667,1.0,1.0,0.0,0.8666666666666667,1.0,0.13333333333333333,1,15
rel:6,relation_dossiers,rel:6|cond=rel:6:custom:anchor,rel:6:custom:anchor,generic,40,15,rel:6|generic|w40|-,37,0.925,False,2,True,0.0,0.26666666666666666,-0.26666666666666666,1.0,0.8666666666666667,1.0,0.6000000000000001,0.0,0.3076923076923077,1,13,0.0,0.3333333333333333,-0.3333333333333333,1.0,0.8666666666666667,1.0,0.5333333333333334,0.0,0.38461538461538464,1,13,0.0,0.4,-0.4,1.0,1.0,1.0,0.6,0.0,0.4,1,15
rel:6,relation_dossiers,rel:6|cond=rel:6:custom:anchor,rel:6:custom:anchor,generic,80,15,rel:6|generic|w80|-,68,0.85,False,2,True,1.0,0.4666666666666667,0.5333333333333333,1.0,0.8666666666666667,0.0,0.4,1.0,0.5384615384615384,1,13,1.0,0.5444444444444444,0.4555555555555556,1.0,0.8666666666666667,0.0,0.3222222222222223,1.0,0.5897435897435898,1,13,1.0,0.6666666666666666,0.33333333333333337,1.0,1.0,0.0,0.33333333333333337,1.0,0.6666666666666666,1,15
rel:6,relation_dossiers,rel:6|cond=rel:6:custom:anchor,rel:6:custom:anchor,oracle,40,15,rel:6|oracle|w40|-,23,0.575,True,4,True,0.0,0.4,-0.4,1.0,0.8666666666666667,1.0,0.4666666666666667,0.0,0.46153846153846156,1,13,0.0,0.4,-0.4,1.0,0.8666666666666667,1.0,0.4666666666666667,0.0,0.46153846153846156,1,13,0.0,0.5333333333333333,-0.5333333333333333,1.0,1.0,1.0,0.4666666666666667,0.0,0.5333333333333333,1,15
rel:6,relation_dossiers,rel:6|cond=rel:6:custom:anchor,rel:6:custom:anchor,oracle,80,15,rel:6|oracle|w80|-,69,0.8625,False,2,True,1.0,0.8666666666666667,0.1333333333333333,1.0,0.8666666666666667,0.0,0.0,1.0,1.0,1,13,1.0,0.9333333333333333,0.06666666666666665,1.0,0.8666666666666667,0.0,-0.06666666666666665,1.0,1.0,1,13,1.0,1.0,0.0,1.0,1.0,0.0,0.0,1.0,1.0,1,15
rel:6,relation_dossiers,rel:6|cond=rel:6:custom:anchor,rel:6:custom:anchor,reusable,40,15,rel:6|reusable|w40|rel:6|cond=rel:6:custom:anchor,34,0.85,False,1,False,1.0,0.06666666666666667,0.9333333333333333,1.0,0.8666666666666667,0.0,0.8,1.0,0.07692307692307693,1,13,1.0,0.15259259259259259,0.8474074074074074,1.0,0.8666666666666667,0.0,0.7140740740740741,1.0,0.17606837606837605,1,13,1.0,0.13333333333333333,0.8666666666666667,1.0,1.0,0.0,0.8666666666666667,1.0,0.13333333333333333,1,15
rel:6,relation_dossiers,rel:6|cond=rel:6:custom:anchor,rel:6:custom:anchor,reusable,80,15,rel:6|reusable|w80|rel:6|cond=rel:6:custom:anchor,67,0.8375,True,4,False,1.0,0.26666666666666666,0.7333333333333334,1.0,0.8666666666666667,0.0,0.6000000000000001,1.0,0.3076923076923077,1,13,1.0,0.26666666666666666,0.7333333333333334,1.0,0.8666666666666667,0.0,0.6000000000000001,1.0,0.3076923076923077,1,13,1.0,0.4,0.6,1.0,1.0,0.0,0.6,1.0,0.4,1,15
rel:6,relation_dossiers,rel:6|cond=rel:6:facilities:anchor,rel:6:facilities:anchor,conditioned,40,15,rel:6|conditioned|w40|rel:6|cond=rel:6:facilities:anchor,40,1.0,False,2,False,0.0,0.0,0.0,0.0,0.9333333333333333,0.0,0.9333333333333333,nan,0.0,0,14,0.0,0.10370370370370369,-0.10370370370370369,0.0,0.9333333333333333,0.0,0.8296296296296297,nan,0.11111111111111109,0,14,1.0,0.2,0.8,1.0,1.0,0.0,0.8,1.0,0.2,1,15
rel:6,relation_dossiers,rel:6|cond=rel:6:facilities:anchor,rel:6:facilities:anchor,conditioned,80,15,rel:6|conditioned|w80|rel:6|cond=rel:6:facilities:anchor,77,0.9625,False,2,False,0.0,0.0,0.0,0.0,0.9333333333333333,0.0,0.9333333333333333,nan,0.0,0,14,0.0,0.014814814814814814,-0.014814814814814814,0.0,0.9333333333333333,0.0,0.9185185185185185,nan,0.015873015873015872,0,14,1.0,0.2,0.8,1.0,1.0,0.0,0.8,1.0,0.2,1,15
rel:6,relation_dossiers,rel:6|cond=rel:6:facilities:anchor,rel:6:facilities:anchor,generic,40,15,rel:6|generic|w40|-,37,0.925,False,2,True,0.0,0.26666666666666666,-0.26666666666666666,0.0,0.9333333333333333,0.0,0.6666666666666667,nan,0.2857142857142857,0,14,0.0,0.3333333333333333,-0.3333333333333333,0.0,0.9333333333333333,0.0,0.6000000000000001,nan,0.35714285714285715,0,14,1.0,0.3333333333333333,0.6666666666666667,1.0,1.0,0.0,0.6666666666666667,1.0,0.3333333333333333,1,15
rel:6,relation_dossiers,rel:6|cond=rel:6:facilities:anchor,rel:6:facilities:anchor,generic,80,15,rel:6|generic|w80|-,68,0.85,False,2,True,0.0,0.5333333333333333,-0.5333333333333333,0.0,0.9333333333333333,0.0,0.4,nan,0.5714285714285714,0,14,0.5,0.5777777777777777,-0.07777777777777772,0.0,0.9333333333333333,-0.5,0.3555555555555556,nan,0.619047619047619,0,14,1.0,0.6666666666666666,0.33333333333333337,1.0,1.0,0.0,0.33333333333333337,1.0,0.6666666666666666,1,15
rel:6,relation_dossiers,rel:6|cond=rel:6:facilities:anchor,rel:6:facilities:anchor,oracle,40,15,rel:6|oracle|w40|-,23,0.575,True,4,True,0.0,0.4,-0.4,0.0,0.9333333333333333,0.0,0.5333333333333333,nan,0.42857142857142855,0,14,0.0,0.4,-0.4,0.0,0.9333333333333333,0.0,0.5333333333333333,nan,0.42857142857142855,0,14,1.0,0.4666666666666667,0.5333333333333333,1.0,1.0,0.0,0.5333333333333333,1.0,0.4666666666666667,1,15
rel:6,relation_dossiers,rel:6|cond=rel:6:facilities:anchor,rel:6:facilities:anchor,oracle,80,15,rel:6|oracle|w80|-,69,0.8625,False,2,True,0.0,0.9333333333333333,-0.9333333333333333,0.0,0.9333333333333333,0.0,0.0,nan,1.0,0,14,0.5,0.9666666666666667,-0.4666666666666667,0.0,0.9333333333333333,-0.5,-0.033333333333333326,nan,1.0,0,14,1.0,1.0,0.0,1.0,1.0,0.0,0.0,1.0,1.0,1,15
rel:6,relation_dossiers,rel:6|cond=rel:6:facilities:anchor,rel:6:facilities:anchor,reusable,40,15,rel:6|reusable|w40|rel:6|cond=rel:6:facilities:anchor,38,0.95,False,2,False,0.0,0.06666666666666667,-0.06666666666666667,0.0,0.9333333333333333,0.0,0.8666666666666667,nan,0.07142857142857142,0,14,0.0,0.13862433862433862,-0.13862433862433862,0.0,0.9333333333333333,0.0,0.7947089947089947,nan,0.14852607709750568,0,14,1.0,0.26666666666666666,0.7333333333333334,1.0,1.0,0.0,0.7333333333333334,1.0,0.26666666666666666,1,15
rel:6,relation_dossiers,rel:6|cond=rel:6:facilities:anchor,rel:6:facilities:anchor,reusable,80,15,rel:6|reusable|w80|rel:6|cond=rel:6:facilities:anchor,70,0.875,False,2,False,0.0,0.13333333333333333,-0.13333333333333333,0.0,0.9333333333333333,0.0,0.8,nan,0.14285714285714285,0,14,0.0,0.15,-0.15,0.0,0.9333333333333333,0.0,0.7833333333333333,nan,0.16071428571428573,0,14,1.0,0.3333333333333333,0.6666666666666667,1.0,1.0,0.0,0.6666666666666667,1.0,0.3333333333333333,1,15
rel:6,relation_dossiers,rel:6|cond=rel:6:finance:anchor,rel:6:finance:anchor,conditioned,40,15,rel:6|conditioned|w40|rel:6|cond=rel:6:finance:anchor,39,0.975,False,4,False,0.0,0.2,-0.2,1.0,0.8666666666666667,1.0,0.6666666666666667,0.0,0.23076923076923078,1,13,0.0,0.22222222222222224,-0.22222222222222224,1.0,0.8666666666666667,1.0,0.6444444444444445,0.0,0.25641025641025644,1,13,1.0,0.26666666666666666,0.7333333333333334,1.0,1.0,0.0,0.7333333333333334,1.0,0.26666666666666666,1,15
rel:6,relation_dossiers,rel:6|cond=rel:6:finance:anchor,rel:6:finance:anchor,conditioned,80,15,rel:6|conditioned|w80|rel:6|cond=rel:6:finance:anchor,68,0.85,False,1,False,1.0,0.2,0.8,1.0,0.8666666666666667,0.0,0.6666666666666667,1.0,0.23076923076923078,1,13,1.0,0.2,0.8,1.0,0.8666666666666667,0.0,0.6666666666666667,1.0,0.23076923076923078,1,13,1.0,0.2,0.8,1.0,1.0,0.0,0.8,1.0,0.2,1,15
rel:6,relation_dossiers,rel:6|cond=rel:6:finance:anchor,rel:6:finance:anchor,generic,40,15,rel:6|generic|w40|-,37,0.925,False,2,True,0.0,0.26666666666666666,-0.26666666666666666,1.0,0.8666666666666667,1.0,0.6000000000000001,0.0,0.3076923076923077,1,13,0.0,0.3333333333333333,-0.3333333333333333,1.0,0.8666666666666667,1.0,0.5333333333333334,0.0,0.38461538461538464,1,13,0.0,0.4,-0.4,1.0,1.0,1.0,0.6,0.0,0.4,1,15
rel:6,relation_dossiers,rel:6|cond=rel:6:finance:anchor,rel:6:finance:anchor,generic,80,15,rel:6|generic|w80|-,68,0.85,False,2,True,0.0,0.5333333333333333,-0.5333333333333333,1.0,0.8666666666666667,1.0,0.33333333333333337,0.0,0.6153846153846154,1,13,0.0,0.611111111111111,-0.611111111111111,1.0,0.8666666666666667,1.0,0.25555555555555565,0.0,0.6666666666666666,1,13,0.0,0.7333333333333333,-0.7333333333333333,1.0,1.0,1.0,0.2666666666666667,0.0,0.7333333333333333,1,15
rel:6,relation_dossiers,rel:6|cond=rel:6:finance:anchor,rel:6:finance:anchor,oracle,40,15,rel:6|oracle|w40|-,23,0.575,True,4,True,0.0,0.4,-0.4,1.0,0.8666666666666667,1.0,0.4666666666666667,0.0,0.46153846153846156,1,13,0.0,0.4,-0.4,1.0,0.8666666666666667,1.0,0.4666666666666667,0.0,0.46153846153846156,1,13,0.0,0.5333333333333333,-0.5333333333333333,1.0,1.0,1.0,0.4666666666666667,0.0,0.5333333333333333,1,15
rel:6,relation_dossiers,rel:6|cond=rel:6:finance:anchor,rel:6:finance:anchor,oracle,80,15,rel:6|oracle|w80|-,69,0.8625,False,2,True,1.0,0.8666666666666667,0.1333333333333333,1.0,0.8666666666666667,0.0,0.0,1.0,1.0,1,13,1.0,0.9333333333333333,0.06666666666666665,1.0,0.8666666666666667,0.0,-0.06666666666666665,1.0,1.0,1,13,1.0,1.0,0.0,1.0,1.0,0.0,0.0,1.0,1.0,1,15
rel:6,relation_dossiers,rel:6|cond=rel:6:finance:anchor,rel:6:finance:anchor,reusable,40,15,rel:6|reusable|w40|rel:6|cond=rel:6:finance:anchor,38,0.95,False,1,False,1.0,0.2,0.8,1.0,0.8666666666666667,0.0,0.6666666666666667,1.0,0.23076923076923078,1,13,1.0,0.2,0.8,1.0,0.8666666666666667,0.0,0.6666666666666667,1.0,0.23076923076923078,1,13,1.0,0.2,0.8,1.0,1.0,0.0,0.8,1.0,0.2,1,15
rel:6,relation_dossiers,rel:6|cond=rel:6:finance:anchor,rel:6:finance:anchor,reusable,80,15,rel:6|reusable|w80|rel:6|cond=rel:6:finance:anchor,75,0.9375,False,1,False,1.0,0.4666666666666667,0.5333333333333333,1.0,0.8666666666666667,0.0,0.4,1.0,0.5384615384615384,1,13,1.0,0.5444444444444444,0.4555555555555556,1.0,0.8666666666666667,0.0,0.3222222222222223,1.0,0.6282051282051282,1,13,1.0,0.6,0.4,1.0,1.0,0.0,0.4,1.0,0.6,1,15
rel:6,relation_dossiers,rel:6|cond=rel:6:founding:anchor,rel:6:founding:anchor,conditioned,40,15,rel:6|conditioned|w40|rel:6|cond=rel:6:founding:anchor,38,0.95,False,4,False,1.0,0.13333333333333333,0.8666666666666667,1.0,0.8666666666666667,0.0,0.7333333333333334,1.0,0.15384615384615385,1,13,1.0,0.20888888888888887,0.7911111111111111,1.0,0.8666666666666667,0.0,0.6577777777777778,1.0,0.24102564102564103,1,13,1.0,0.2,0.8,1.0,1.0,0.0,0.8,1.0,0.2,1,15
rel:6,relation_dossiers,rel:6|cond=rel:6:founding:anchor,rel:6:founding:anchor,conditioned,80,15,rel:6|conditioned|w80|rel:6|cond=rel:6:founding:anchor,80,1.0,False,2,False,1.0,0.13333333333333333,0.8666666666666667,1.0,0.8666666666666667,0.0,0.7333333333333334,1.0,0.15384615384615385,1,13,1.0,0.20571428571428568,0.7942857142857143,1.0,0.8666666666666667,0.0,0.660952380952381,1.0,0.23736263736263735,1,13,1.0,0.2,0.8,1.0,1.0,0.0,0.8,1.0,0.2,1,15
rel:6,relation_dossiers,rel:6|cond=rel:6:founding:anchor,rel:6:founding:anchor,generic,40,15,rel:6|generic|w40|-,37,0.925,False,2,True,0.0,0.26666666666666666,-0.26666666666666666,1.0,0.8666666666666667,1.0,0.6000000000000001,0.0,0.3076923076923077,1,13,0.5,0.3,0.2,1.0,0.8666666666666667,0.5,0.5666666666666667,0.5,0.34615384615384615,1,13,0.0,0.4,-0.4,1.0,1.0,1.0,0.6,0.0,0.4,1,15
rel:6,relation_dossiers,rel:6|cond=rel:6:founding:anchor,rel:6:founding:anchor,generic,80,15,rel:6|generic|w80|-,68,0.85,False,2,True,1.0,0.4666666666666667,0.5333333333333333,1.0,0.8666666666666667,0.0,0.4,1.0,0.5384615384615384,1,13,1.0,0.5444444444444444,0.4555555555555556,1.0,0.8666666666666667,0.0,0.3222222222222223,1.0,0.5897435897435898,1,13,1.0,0.6666666666666666,0.33333333333333337,1.0,1.0,0.0,0.33333333333333337,1.0,0.6666666666666666,1,15
rel:6,relation_dossiers,rel:6|cond=rel:6:founding:anchor,rel:6:founding:anchor,oracle,40,15,rel:6|oracle|w40|-,23,0.575,True,4,True,1.0,0.3333333333333333,0.6666666666666667,1.0,0.8666666666666667,0.0,0.5333333333333334,1.0,0.38461538461538464,1,13,1.0,0.3333333333333333,0.6666666666666667,1.0,0.8666666666666667,0.0,0.5333333333333334,1.0,0.38461538461538464,1,13,1.0,0.4666666666666667,0.5333333333333333,1.0,1.0,0.0,0.5333333333333333,1.0,0.4666666666666667,1,15
rel:6,relation_dossiers,rel:6|cond=rel:6:founding:anchor,rel:6:founding:anchor,oracle,80,15,rel:6|oracle|w80|-,69,0.8625,False,2,True,1.0,0.8666666666666667,0.1333333333333333,1.0,0.8666666666666667,0.0,0.0,1.0,1.0,1,13,1.0,0.9333333333333333,0.06666666666666665,1.0,0.8666666666666667,0.0,-0.06666666666666665,1.0,1.0,1,13,1.0,1.0,0.0,1.0,1.0,0.0,0.0,1.0,1.0,1,15
rel:6,relation_dossiers,rel:6|cond=rel:6:founding:anchor,rel:6:founding:anchor,reusable,40,15,rel:6|reusable|w40|rel:6|cond=rel:6:founding:anchor,35,0.875,False,3,False,1.0,0.2,0.8,1.0,0.8666666666666667,0.0,0.6666666666666667,1.0,0.23076923076923078,1,13,1.0,0.28888888888888886,0.7111111111111111,1.0,0.8666666666666667,0.0,0.5777777777777778,1.0,0.3333333333333333,1,13,1.0,0.3333333333333333,0.6666666666666667,1.0,1.0,0.0,0.6666666666666667,1.0,0.3333333333333333,1,15
rel:6,relation_dossiers,rel:6|cond=rel:6:founding:anchor,rel:6:founding:anchor,reusable,80,15,rel:6|reusable|w80|rel:6|cond=rel:6:founding:anchor,74,0.925,False,2,False,1.0,0.5333333333333333,0.4666666666666667,1.0,0.8666666666666667,0.0,0.33333333333333337,1.0,0.6153846153846154,1,13,1.0,0.5333333333333333,0.4666666666666667,1.0,0.8666666666666667,0.0,0.33333333333333337,1.0,0.6153846153846154,1,13,1.0,0.6666666666666666,0.33333333333333337,1.0,1.0,0.0,0.33333333333333337,1.0,0.6666666666666666,1,15
rel:9,relation_dossiers,rel:9|cond=rel:9:custom:anchor,rel:9:custom:anchor,conditioned,40,15,rel:9|conditioned|w40|rel:9|cond=rel:9:custom:anchor,28,0.7,True,4,False,1.0,0.0,1.0,1.0,0.9333333333333333,0.0,0.9333333333333333,1.0,0.0,1,14,1.0,0.05238095238095239,0.9476190476190476,1.0,0.9333333333333333,0.0,0.8809523809523809,1.0,0.056122448979591844,1,14,1.0,0.0,1.0,1.0,1.0,0.0,1.0,1.0,0.0,1,15
rel:9,relation_dossiers,rel:9|cond=rel:9:custom:anchor,rel:9:custom:anchor,conditioned,80,15,rel:9|conditioned|w80|rel:9|cond=rel:9:custom:anchor,58,0.725,True,4,False,1.0,0.13333333333333333,0.8666666666666667,1.0,0.9333333333333333,0.0,0.8,1.0,0.14285714285714285,1,14,1.0,0.13333333333333333,0.8666666666666667,1.0,0.9333333333333333,0.0,0.8,1.0,0.14285714285714285,1,14,1.0,0.13333333333333333,0.8666666666666667,1.0,1.0,0.0,0.8666666666666667,1.0,0.13333333333333333,1,15
rel:9,relation_dossiers,rel:9|cond=rel:9:custom:anchor,rel:9:custom:anchor,generic,40,15,rel:9|generic|w40|-,39,0.975,False,3,True,1.0,0.3333333333333333,0.6666666666666667,1.0,0.9333333333333333,0.0,0.6000000000000001,1.0,0.35714285714285715,1,14,1.0,0.4571428571428572,0.5428571428571428,1.0,0.9333333333333333,0.0,0.47619047619047616,1.0,0.489795918367347,1,14,1.0,0.4666666666666667,0.5333333333333333,1.0,1.0,0.0,0.5333333333333333,1.0,0.4666666666666667,1,15
rel:9,relation_dossiers,rel:9|cond=rel:9:custom:anchor,rel:9:custom:anchor,generic,80,15,rel:9|generic|w80|-,76,0.95,False,3,True,1.0,0.5333333333333333,0.4666666666666667,1.0,0.9333333333333333,0.0,0.4,1.0,0.5714285714285714,1,14,1.0,0.6333333333333333,0.3666666666666667,1.0,0.9333333333333333,0.0,0.30000000000000004,1.0,0.6785714285714286,1,14,1.0,0.6666666666666666,0.33333333333333337,1.0,1.0,0.0,0.33333333333333337,1.0,0.6666666666666666,1,15
rel:9,relation_dossiers,rel:9|cond=rel:9:custom:anchor,rel:9:custom:anchor,oracle,40,15,rel:9|oracle|w40|-,13,0.325,True,4,True,0.0,0.13333333333333333,-0.13333333333333333,1.0,0.9333333333333333,1.0,0.8,0.0,0.14285714285714285,1,14,0.0,0.20888888888888887,-0.20888888888888887,1.0,0.9333333333333333,1.0,0.7244444444444444,0.0,0.22380952380952382,1,14,0.0,0.26666666666666666,-0.26666666666666666,1.0,1.0,1.0,0.7333333333333334,0.0,0.26666666666666666,1,15
rel:9,relation_dossiers,rel:9|cond=rel:9:custom:anchor,rel:9:custom:anchor,oracle,80,15,rel:9|oracle|w80|-,75,0.9375,True,4,True,1.0,0.6,0.4,1.0,0.9333333333333333,0.0,0.33333333333333337,1.0,0.6428571428571429,1,14,1.0,0.6666666666666666,0.33333333333333337,1.0,0.9333333333333333,0.0,0.2666666666666667,1.0,0.7142857142857143,1,14,1.0,0.8,0.19999999999999996,1.0,1.0,0.0,0.19999999999999996,1.0,0.8,1,15
rel:9,relation_dossiers,rel:9|cond=rel:9:custom:anchor,rel:9:custom:anchor,reusable,40,15,rel:9|reusable|w40|rel:9|cond=rel:9:custom:anchor,36,0.9,False,1,False,1.0,0.2,0.8,1.0,0.9333333333333333,0.0,0.7333333333333334,1.0,0.21428571428571427,1,14,1.0,0.2533333333333333,0.7466666666666667,1.0,0.9333333333333333,0.0,0.68,1.0,0.2714285714285714,1,14,1.0,0.26666666666666666,0.7333333333333334,1.0,1.0,0.0,0.7333333333333334,1.0,0.26666666666666666,1,15
rel:9,relation_dossiers,rel:9|cond=rel:9:custom:anchor,rel:9:custom:anchor,reusable,80,15,rel:9|reusable|w80|rel:9|cond=rel:9:custom:anchor,71,0.8875,False,1,False,1.0,0.26666666666666666,0.7333333333333334,1.0,0.9333333333333333,0.0,0.6666666666666667,1.0,0.2857142857142857,1,14,1.0,0.26666666666666666,0.7333333333333334,1.0,0.9333333333333333,0.0,0.6666666666666667,1.0,0.2857142857142857,1,14,1.0,0.26666666666666666,0.7333333333333334,1.0,1.0,0.0,0.7333333333333334,1.0,0.26666666666666666,1,15
rel:9,relation_dossiers,rel:9|cond=rel:9:facilities:anchor,rel:9:facilities:anchor,conditioned,40,15,rel:9|conditioned|w40|rel:9|cond=rel:9:facilities:anchor,36,0.9,False,4,False,1.0,0.0,1.0,1.0,0.9333333333333333,0.0,0.9333333333333333,1.0,0.0,1,14,1.0,0.0,1.0,1.0,0.9333333333333333,0.0,0.9333333333333333,1.0,0.0,1,14,1.0,0.06666666666666667,0.9333333333333333,1.0,1.0,0.0,0.9333333333333333,1.0,0.06666666666666667,1,15
rel:9,relation_dossiers,rel:9|cond=rel:9:facilities:anchor,rel:9:facilities:anchor,conditioned,80,15,rel:9|conditioned|w80|rel:9|cond=rel:9:facilities:anchor,79,0.9875,False,4,False,1.0,0.2,0.8,1.0,0.9333333333333333,0.0,0.7333333333333334,1.0,0.21428571428571427,1,14,1.0,0.24444444444444444,0.7555555555555555,1.0,0.9333333333333333,0.0,0.6888888888888889,1.0,0.2619047619047619,1,14,1.0,0.26666666666666666,0.7333333333333334,1.0,1.0,0.0,0.7333333333333334,1.0,0.26666666666666666,1,15
rel:9,relation_dossiers,rel:9|cond=rel:9:facilities:anchor,rel:9:facilities:anchor,generic,40,15,rel:9|generic|w40|-,39,0.975,False,3,True,0.0,0.4,-0.4,1.0,0.9333333333333333,1.0,0.5333333333333333,0.0,0.42857142857142855,1,14,0.8571428571428571,0.4666666666666667,0.3904761904761904,1.0,0.9333333333333333,0.1428571428571429,0.4666666666666667,0.8571428571428571,0.5,1,14,1.0,0.4666666666666667,0.5333333333333333,1.0,1.0,0.0,0.5333333333333333,1.0,0.4666666666666667,1,15
rel:9,relation_dossiers,rel:9|cond=rel:9:facilities:anchor,rel:9:facilities:anchor,generic,80,15,rel:9|generic|w80|-,76,0.95,False,3,True,1.0,0.5333333333333333,0.4666666666666667,1.0,0.9333333333333333,0.0,0.4,1.0,0.5714285714285714,1,14,1.0,0.6333333333333333,0.3666666666666667,1.0,0.9333333333333333,0.0,0.30000000000000004,1.0,0.6785714285714286,1,14,1.0,0.6666666666666666,0.33333333333333337,1.0,1.0,0.0,0.33333333333333337,1.0,0.6666666666666666,1,15
rel:9,relation_dossiers,rel:9|cond=rel:9:facilities:anchor,rel:9:facilities:anchor,oracle,40,15,rel:9|oracle|w40|-,13,0.325,True,4,True,0.0,0.13333333333333333,-0.13333333333333333,1.0,0.9333333333333333,1.0,0.8,0.0,0.14285714285714285,1,14,0.0,0.20888888888888887,-0.20888888888888887,1.0,0.9333333333333333,1.0,0.7244444444444444,0.0,0.22380952380952382,1,14,0.0,0.26666666666666666,-0.26666666666666666,1.0,1.0,1.0,0.7333333333333334,0.0,0.26666666666666666,1,15
rel:9,relation_dossiers,rel:9|cond=rel:9:facilities:anchor,rel:9:facilities:anchor,oracle,80,15,rel:9|oracle|w80|-,75,0.9375,True,4,True,0.0,0.6666666666666666,-0.6666666666666666,1.0,0.9333333333333333,1.0,0.2666666666666667,0.0,0.7142857142857143,1,14,0.6666666666666666,0.6888888888888888,-0.022222222222222143,1.0,0.9333333333333333,0.33333333333333337,0.24444444444444458,0.6666666666666666,0.738095238095238,1,14,1.0,0.8,0.19999999999999996,1.0,1.0,0.0,0.19999999999999996,1.0,0.8,1,15
rel:9,relation_dossiers,rel:9|cond=rel:9:facilities:anchor,rel:9:facilities:anchor,reusable,40,15,rel:9|reusable|w40|rel:9|cond=rel:9:facilities:anchor,39,0.975,False,3,False,1.0,0.06666666666666667,0.9333333333333333,1.0,0.9333333333333333,0.0,0.8666666666666667,1.0,0.07142857142857142,1,14,1.0,0.06666666666666667,0.9333333333333333,1.0,0.9333333333333333,0.0,0.8666666666666667,1.0,0.07142857142857142,1,14,1.0,0.13333333333333333,0.8666666666666667,1.0,1.0,0.0,0.8666666666666667,1.0,0.13333333333333333,1,15
rel:9,relation_dossiers,rel:9|cond=rel:9:facilities:anchor,rel:9:facilities:anchor,reusable,80,15,rel:9|reusable|w80|rel:9|cond=rel:9:facilities:anchor,70,0.875,False,3,False,1.0,0.4666666666666667,0.5333333333333333,1.0,0.9333333333333333,0.0,0.4666666666666667,1.0,0.5,1,14,1.0,0.4666666666666667,0.5333333333333333,1.0,0.9333333333333333,0.0,0.4666666666666667,1.0,0.5,1,14,1.0,0.5333333333333333,0.4666666666666667,1.0,1.0,0.0,0.4666666666666667,1.0,0.5333333333333333,1,15
rel:9,relation_dossiers,rel:9|cond=rel:9:finance:anchor,rel:9:finance:anchor,conditioned,40,15,rel:9|conditioned|w40|rel:9|cond=rel:9:finance:anchor,36,0.9,False,4,False,1.0,0.13333333333333333,0.8666666666666667,1.0,0.9333333333333333,0.0,0.8,1.0,0.14285714285714285,1,14,1.0,0.18666666666666665,0.8133333333333334,1.0,0.9333333333333333,0.0,0.7466666666666667,1.0,0.19999999999999998,1,14,1.0,0.2,0.8,1.0,1.0,0.0,0.8,1.0,0.2,1,15
rel:9,relation_dossiers,rel:9|cond=rel:9:finance:anchor,rel:9:finance:anchor,conditioned,80,15,rel:9|conditioned|w80|rel:9|cond=rel:9:finance:anchor,78,0.975,False,2,False,1.0,0.2,0.8,1.0,0.9333333333333333,0.0,0.7333333333333334,1.0,0.21428571428571427,1,14,1.0,0.23333333333333334,0.7666666666666666,1.0,0.9333333333333333,0.0,0.7,1.0,0.25,1,14,1.0,0.2,0.8,1.0,1.0,0.0,0.8,1.0,0.2,1,15
rel:9,relation_dossiers,rel:9|cond=rel:9:finance:anchor,rel:9:finance:anchor,generic,40,15,rel:9|generic|w40|-,39,0.975,False,3,True,0.0,0.4,-0.4,1.0,0.9333333333333333,1.0,0.5333333333333333,0.0,0.42857142857142855,1,14,0.0,0.5238095238095238,-0.5238095238095238,1.0,0.9333333333333333,1.0,0.4095238095238095,0.0,0.5612244897959184,1,14,0.0,0.5333333333333333,-0.5333333333333333,1.0,1.0,1.0,0.4666666666666667,0.0,0.5333333333333333,1,15
rel:9,relation_dossiers,rel:9|cond=rel:9:finance:anchor,rel:9:finance:anchor,generic,80,15,rel:9|generic|w80|-,76,0.95,False,3,True,1.0,0.5333333333333333,0.4666666666666667,1.0,0.9333333333333333,0.0,0.4,1.0,0.5714285714285714,1,14,1.0,0.6333333333333333,0.3666666666666667,1.0,0.9333333333333333,0.0,0.30000000000000004,1.0,0.6785714285714286,1,14,1.0,0.6666666666666666,0.33333333333333337,1.0,1.0,0.0,0.33333333333333337,1.0,0.6666666666666666,1,15
rel:9,relation_dossiers,rel:9|cond=rel:9:finance:anchor,rel:9:finance:anchor,oracle,40,15,rel:9|oracle|w40|-,13,0.325,True,4,True,0.0,0.13333333333333333,-0.13333333333333333,1.0,0.9333333333333333,1.0,0.8,0.0,0.14285714285714285,1,14,0.0,0.20888888888888887,-0.20888888888888887,1.0,0.9333333333333333,1.0,0.7244444444444444,0.0,0.22380952380952382,1,14,0.0,0.26666666666666666,-0.26666666666666666,1.0,1.0,1.0,0.7333333333333334,0.0,0.26666666666666666,1,15
rel:9,relation_dossiers,rel:9|cond=rel:9:finance:anchor,rel:9:finance:anchor,oracle,80,15,rel:9|oracle|w80|-,75,0.9375,True,4,True,0.0,0.6666666666666666,-0.6666666666666666,1.0,0.9333333333333333,1.0,0.2666666666666667,0.0,0.7142857142857143,1,14,0.0,0.7333333333333333,-0.7333333333333333,1.0,0.9333333333333333,1.0,0.20000000000000007,0.0,0.7857142857142857,1,14,0.0,0.8666666666666667,-0.8666666666666667,1.0,1.0,1.0,0.1333333333333333,0.0,0.8666666666666667,1,15
rel:9,relation_dossiers,rel:9|cond=rel:9:finance:anchor,rel:9:finance:anchor,reusable,40,15,rel:9|reusable|w40|rel:9|cond=rel:9:finance:anchor,40,1.0,False,1,False,1.0,0.13333333333333333,0.8666666666666667,1.0,0.9333333333333333,0.0,0.8,1.0,0.14285714285714285,1,14,1.0,0.16,0.84,1.0,0.9333333333333333,0.0,0.7733333333333333,1.0,0.17142857142857143,1,14,1.0,0.13333333333333333,0.8666666666666667,1.0,1.0,0.0,0.8666666666666667,1.0,0.13333333333333333,1,15
rel:9,relation_dossiers,rel:9|cond=rel:9:finance:anchor,rel:9:finance:anchor,reusable,80,15,rel:9|reusable|w80|rel:9|cond=rel:9:finance:anchor,76,0.95,False,1,False,1.0,0.4,0.6,1.0,0.9333333333333333,0.0,0.5333333333333333,1.0,0.42857142857142855,1,14,1.0,0.4,0.6,1.0,0.9333333333333333,0.0,0.5333333333333333,1.0,0.42857142857142855,1,14,1.0,0.4,0.6,1.0,1.0,0.0,0.6,1.0,0.4,1,15
rel:9,relation_dossiers,rel:9|cond=rel:9:founding:anchor,rel:9:founding:anchor,conditioned,40,15,rel:9|conditioned|w40|rel:9|cond=rel:9:founding:anchor,34,0.85,False,3,False,1.0,0.06666666666666667,0.9333333333333333,1.0,0.9333333333333333,0.0,0.8666666666666667,1.0,0.07142857142857142,1,14,1.0,0.15333333333333332,0.8466666666666667,1.0,0.9333333333333333,0.0,0.78,1.0,0.16428571428571428,1,14,1.0,0.13333333333333333,0.8666666666666667,1.0,1.0,0.0,0.8666666666666667,1.0,0.13333333333333333,1,15
rel:9,relation_dossiers,rel:9|cond=rel:9:founding:anchor,rel:9:founding:anchor,conditioned,80,15,rel:9|conditioned|w80|rel:9|cond=rel:9:founding:anchor,77,0.9625,False,2,False,1.0,0.13333333333333333,0.8666666666666667,1.0,0.9333333333333333,0.0,0.8,1.0,0.14285714285714285,1,14,1.0,0.23111111111111113,0.7688888888888888,1.0,0.9333333333333333,0.0,0.7022222222222222,1.0,0.24761904761904763,1,14,1.0,0.26666666666666666,0.7333333333333334,1.0,1.0,0.0,0.7333333333333334,1.0,0.26666666666666666,1,15
rel:9,relation_dossiers,rel:9|cond=rel:9:founding:anchor,rel:9:founding:anchor,generic,40,15,rel:9|generic|w40|-,39,0.975,False,3,True,0.0,0.4,-0.4,1.0,0.9333333333333333,1.0,0.5333333333333333,0.0,0.42857142857142855,1,14,0.5,0.4904761904761905,0.00952380952380949,1.0,0.9333333333333333,0.5,0.44285714285714284,0.5,0.5255102040816327,1,14,0.0,0.5333333333333333,-0.5333333333333333,1.0,1.0,1.0,0.4666666666666667,0.0,0.5333333333333333,1,15
rel:9,relation_dossiers,rel:9|cond=rel:9:founding:anchor,rel:9:founding:anchor,generic,80,15,rel:9|generic|w80|-,76,0.95,False,3,True,0.0,0.6,-0.6,1.0,0.9333333333333333,1.0,0.33333333333333337,0.0,0.6428571428571429,1,14,0.5,0.6666666666666666,-0.16666666666666663,1.0,0.9333333333333333,0.5,0.2666666666666667,0.5,0.7142857142857143,1,14,0.0,0.7333333333333333,-0.7333333333333333,1.0,1.0,1.0,0.2666666666666667,0.0,0.7333333333333333,1,15
rel:9,relation_dossiers,rel:9|cond=rel:9:founding:anchor,rel:9:founding:anchor,oracle,40,15,rel:9|oracle|w40|-,13,0.325,True,4,True,1.0,0.06666666666666667,0.9333333333333333,1.0,0.9333333333333333,0.0,0.8666666666666667,1.0,0.07142857142857142,1,14,1.0,0.14222222222222222,0.8577777777777778,1.0,0.9333333333333333,0.0,0.7911111111111111,1.0,0.15238095238095237,1,14,1.0,0.2,0.8,1.0,1.0,0.0,0.8,1.0,0.2,1,15
rel:9,relation_dossiers,rel:9|cond=rel:9:founding:anchor,rel:9:founding:anchor,oracle,80,15,rel:9|oracle|w80|-,75,0.9375,True,4,True,1.0,0.6,0.4,1.0,0.9333333333333333,0.0,0.33333333333333337,1.0,0.6428571428571429,1,14,1.0,0.6666666666666666,0.33333333333333337,1.0,0.9333333333333333,0.0,0.2666666666666667,1.0,0.7142857142857143,1,14,1.0,0.8,0.19999999999999996,1.0,1.0,0.0,0.19999999999999996,1.0,0.8,1,15
rel:9,relation_dossiers,rel:9|cond=rel:9:founding:anchor,rel:9:founding:anchor,reusable,40,15,rel:9|reusable|w40|rel:9|cond=rel:9:founding:anchor,36,0.9,False,2,False,0.0,0.13333333333333333,-0.13333333333333333,1.0,0.9333333333333333,1.0,0.8,0.0,0.14285714285714285,1,14,1.0,0.18666666666666665,0.8133333333333334,1.0,0.9333333333333333,0.0,0.7466666666666667,1.0,0.19999999999999998,1,14,1.0,0.2,0.8,1.0,1.0,0.0,0.8,1.0,0.2,1,15
rel:9,relation_dossiers,rel:9|cond=rel:9:founding:anchor,rel:9:founding:anchor,reusable,80,15,rel:9|reusable|w80|rel:9|cond=rel:9:founding:anchor,79,0.9875,False,3,False,1.0,0.5333333333333333,0.4666666666666667,1.0,0.9333333333333333,0.0,0.4,1.0,0.5714285714285714,1,14,1.0,0.5777777777777777,0.4222222222222223,1.0,0.9333333333333333,0.0,0.3555555555555556,1.0,0.619047619047619,1,14,1.0,0.6,0.4,1.0,1.0,0.0,0.4,1.0,0.6,1,15
