qid,negative_type,rank,doc_id,question,golds,text,verdict,is_irrelevant,verdict_parse_ok,cached
56e11996e3433e1400422bdf,hard,1,para:1421,In how many countries did Tesla hold patents?,['26'],"British researchers Richard G. Wilkinson and Kate Pickett have found higher rates of health and social problems (obesity, mental illness, homicides, teenage births, incarceration, child conflict, drug use), and lower rates of social goods (life expectancy by country, educational performance, trust among strangers, women's status, social mobility, even numbers of patents issued) in countries and states with higher inequality. Using statistics from 23 developed countries and the 50 states of the US, they found social/health problems lower in countries like Japan and Finland and states like Utah and New Hampshire with high levels of equality, than in countries (US and UK) and states (Mississippi and New York) with large differences in household income.",IRRELEVANT,True,True,True
56e11996e3433e1400422bdf,hard,2,para:1057,In how many countries did Tesla hold patents?,['26'],"The idea was to create a network of wholly and partially owned channels, and affiliates to rebroadcast the network's programs. In 1959, this rerun activity was completed with program syndication, with ABC Films selling programs to networks not owned by ABC. The arrival of satellite television ended the need for ABC to hold interests in other countries; many governments also wanted to increase their independence and strengthen legislation to limit foreign ownership of broadcasting properties. As a result, ABC was forced to sell all of its interests in international networks, mainly in Japan and Latin America, in the 1970s.",IRRELEVANT,True,True,True
56e11996e3433e1400422bdf,hard,3,para:1694,In how many countries did Tesla hold patents?,['26'],"One of competing model for cpDNA replication asserts that most cpDNA is linear and participates in homologous recombination and replication structures similar to bacteriophage T4. It has been established that some plants have linear cpDNA, such as maize, and that more species still contain complex structures that scientists do not yet understand. When the original experiments on cpDNA were performed, scientists did notice linear structures; however, they attributed these linear forms to broken circles. If the branched and complex structures seen in cpDNA experiments are real and not artifacts of concatenated circular DNA or broken circles, then a D-loop mechanism of replication is insufficient to explain how those structures would replicate. At the same time, homologous recombination does not expand the multiple A --> G gradients seen in plastomes. Because of the failure to explain the deamination gradient as well as the numerous plant species that have been shown to have circular cpDNA, the predominant theory continues to hold that most cpDNA is circular and most likely replicates via a D loop mechanism.",IRRELEVANT,True,True,True
56e11996e3433e1400422bdf,hard,4,para:326,In how many countries did Tesla hold patents?,['26'],"There are many similarities and differences among teachers around the world. In almost all countries teachers are educated in a university or college. Governments may require certification by a recognized body before they can teach in a school. In many countries, elementary school education certificate is earned after completion of high school. The high school student follows an education specialty track, obtain the prerequisite ""student-teaching"" time, and receive a special diploma to begin teaching after graduation. In addition to certification, many educational institutions especially within the US, require that prospective teachers pass a background check and psychiatric evaluation to be able to teach in classroom. This is not always the case with adult further learning institutions but is fast becoming the norm in many countries as security concerns grow.",IRRELEVANT,True,True,True
56e11996e3433e1400422bdf,hard,5,para:1865,In how many countries did Tesla hold patents?,['26'],"The Islamic Republic has also maintained its hold on power in Iran in spite of US economic sanctions, and has created or assisted like-minded Shia terrorist groups in Iraq, Egypt, Syria, Jordan (SCIRI) and Lebanon (Hezbollah) (two Muslim countries that also have large Shiite populations). During the 2006 Israel-Lebanon conflict, the Iranian government enjoyed something of a resurgence in popularity amongst the predominantly Sunni ""Arab street,"" due to its support for Hezbollah and to President Mahmoud Ahmadinejad's vehement opposition to the United States and his call that Israel shall vanish.",IRRELEVANT,True,True,True
56e11996e3433e1400422bdf,hard,6,para:310,In how many countries did Tesla hold patents?,['26'],"It's not clear, however that this stereotypical view reflects the reality of East Asian classrooms or that the educational goals in these countries are commensurable with those in Western countries. In Japan, for example, although average attainment on standardized tests may exceed those in Western countries, classroom discipline and behavior is highly problematic. Although, officially, schools have extremely rigid codes of behavior, in practice many teachers find the students unmanageable and do not enforce discipline at all.",IRRELEVANT,True,True,True
56e11996e3433e1400422bdf,hard,7,para:582,In how many countries did Tesla hold patents?,['26'],"The history of the steam engine stretches back as far as the first century AD; the first recorded rudimentary steam engine being the aeolipile described by Greek mathematician Hero of Alexandria. In the following centuries, the few steam-powered ""engines"" known were, like the aeolipile, essentially experimental devices used by inventors to demonstrate the properties of steam. A rudimentary steam turbine device was described by Taqi al-Din in 1551 and by Giovanni Branca in 1629. Jerónimo de Ayanz y Beaumont received patents in 1606 for fifty steam powered inventions, including a water pump for draining inundated mines. Denis Papin, a Huguenot refugee, did some useful work on the steam digester in 1679, and first used a piston to raise weights in 1690.",IRRELEVANT,True,True,True
56e11996e3433e1400422bdf,hard,8,para:304,In how many countries did Tesla hold patents?,['26'],"In past times, corporal punishment (spanking or paddling or caning or strapping or birching the student in order to cause physical pain) was one of the most common forms of school discipline throughout much of the world. Most Western countries, and some others, have now banned it, but it remains lawful in the United States following a US Supreme Court decision in 1977 which held that paddling did not violate the US Constitution.",IRRELEVANT,True,True,True
56e11996e3433e1400422bdf,hard,9,para:256,In how many countries did Tesla hold patents?,['26'],"However, some computational problems are easier to analyze in terms of more unusual resources. For example, a non-deterministic Turing machine is a computational model that is allowed to branch out to check many different possibilities at once. The non-deterministic Turing machine has very little to do with how we physically want to compute algorithms, but its branching exactly captures many of the mathematical models we want to analyze, so that non-deterministic time is a very important resource in analyzing computational problems.",IRRELEVANT,True,True,True
56e11996e3433e1400422bdf,hard,10,para:1436,In how many countries did Tesla hold patents?,['26'],"In many poor and developing countries much land and housing is held outside the formal or legal property ownership registration system. Much unregistered property is held in informal form through various associations and other arrangements. Reasons for extra-legal ownership include excessive bureaucratic red tape in buying property and building, In some countries it can take over 200 steps and up to 14 years to build on government land. Other causes of extra-legal property are failures to notarize transaction documents or having documents notarized but failing to have them recorded with the official agency.",IRRELEVANT,True,True,True
56e11996e3433e1400422bdf,hard,11,para:1844,In how many countries did Tesla hold patents?,['26'],"The election produced a majority SNP government, making this the first time in the Scottish Parliament where a party has commanded a parliamentary majority. The SNP took 16 seats from Labour, with many of their key figures not returned to parliament, although Labour leader Iain Gray retained East Lothian by 151 votes. The SNP took a further eight seats from the Liberal Democrats and one seat from the Conservatives. The SNP overall majority meant that there was sufficient support in the Scottish Parliament to hold a referendum on Scottish independence.",IRRELEVANT,True,True,True
56e11996e3433e1400422bdf,hard,12,para:1877,In how many countries did Tesla hold patents?,['26'],"In Afghanistan, the mujahideen's victory against the Soviet Union in the 1980s did not lead to justice and prosperity, due to a vicious and destructive civil war between political and tribal warlords, making Afghanistan one of the poorest countries on earth. In 1992, the Democratic Republic of Afghanistan ruled by communist forces collapsed, and democratic Islamist elements of mujahdeen founded the Islamic State of Afghanistan. In 1996, a more conservative and anti-democratic Islamist movement known as the Taliban rose to power, defeated most of the warlords and took over roughly 80% of Afghanistan.",IRRELEVANT,True,True,True
56e11996e3433e1400422bdf,hard,13,para:1695,In how many countries did Tesla hold patents?,['26'],"Endosymbiotic gene transfer is how we know about the lost chloroplasts in many chromalveolate lineages. Even if a chloroplast is eventually lost, the genes it donated to the former host's nucleus persist, providing evidence for the lost chloroplast's existence. For example, while diatoms (a heterokontophyte) now have a red algal derived chloroplast, the presence of many green algal genes in the diatom nucleus provide evidence that the diatom ancestor (probably the ancestor of all chromalveolates too) had a green algal derived chloroplast at some point, which was subsequently replaced by the red chloroplast.",IRRELEVANT,True,True,True
56e11996e3433e1400422bdf,hard,14,para:723,In how many countries did Tesla hold patents?,['26'],"The plugs-out test began on the morning of January 27, 1967, and immediately was plagued with problems. First the crew noticed a strange odor in their spacesuits, which delayed the sealing of the hatch. Then, communications problems frustrated the astronauts and forced a hold in the simulated countdown. During this hold, an electrical fire began in the cabin, and spread quickly in the high pressure, 100% oxygen atmosphere. Pressure rose high enough from the fire that the cabin burst and the fire erupted onto the pad area, frustrating attempts to rescue the crew. The astronauts were asphyxiated before the hatch could be opened.",IRRELEVANT,True,True,True
56e11996e3433e1400422bdf,hard,15,para:1573,In how many countries did Tesla hold patents?,['26'],"While the existence of these central government departments and the Six Ministries (which had been introduced since the Sui and Tang dynasties) gave a Sinicized image in the Yuan administration, the actual functions of these ministries also reflected how Mongolian priorities and policies reshaped and redirected those institutions. For example, the authority of the Yuan legal system, the Ministry of Justice, did not extend to legal cases involving Mongols and Semuren, who had separate courts of justice. Cases involving members of more than one ethnic group were decided by a mixed board consisting of Chinese and Mongols. Another example was the insignificance of the Ministry of War compared with native Chinese dynasties, as the real military authority in Yuan times resided in the Privy Council.",IRRELEVANT,True,True,True
56e11996e3433e1400422bdf,hard,16,para:1883,In how many countries did Tesla hold patents?,['26'],"HT does not engage in armed jihad or work for a democratic system, but works to take power through ""ideological struggle"" to change Muslim public opinion, and in particular through elites who will ""facilitate"" a ""change of the government,"" i.e., launch a ""bloodless"" coup. It allegedly attempted and failed such coups in 1968 and 1969 in Jordan, and in 1974 in Egypt, and is now banned in both countries. But many HT members have gone on to join terrorist groups and many jihadi terrorists have cited HT as their key influence.",IRRELEVANT,True,True,True
56e11996e3433e1400422bdf,hard,17,para:1917,In how many countries did Tesla hold patents?,['26'],"Trotsky, and others, believed that the revolution could only succeed in Russia as part of a world revolution. Lenin wrote extensively on the matter and famously declared that Imperialism was the highest stage of capitalism. However, after Lenin's death, Joseph Stalin established 'socialism in one country' for the Soviet Union, creating the model for subsequent inward looking Stalinist states and purging the early Internationalist elements. The internationalist tendencies of the early revolution would be abandoned until they returned in the framework of a client state in competition with the Americans during the Cold War. With the beginning of the new era, the after Stalin period called the ""thaw"", in the late 1950s, the new political leader Nikita Khrushchev put even more pressure on the Soviet-American relations starting a new wave of anti-imperialist propaganda. In his speech on the UN conference in 1960, he announced the continuation of the war on imperialism, stating that soon the people of different countries will come together and overthrow their imperialist leaders. Although the Soviet Union declared itself anti-imperialist, critics argue that it exhibited tendencies common to historic empires. Some scholars hold that the Soviet Union was a hybrid entity containing elements common to both multinational empires and nation states. It has also been argued that the USSR practiced colonialism as did other imperial powers and was carrying on the old Russian tradition of expansion and control. Mao Zedong once argued that the Soviet Union had itself become an imperialist power while maintaining a socialist façade. Moreover, the ideas of imperialism were widely spread in action on the higher levels of government. Non Russian Marxists within the Russian Federation and later the USSR, like Sultan Galiev and Vasyl Shakhrai, considered the Soviet Regime a renewed version of the Russian imperialism and colonialism.",IRRELEVANT,True,True,True
56e11996e3433e1400422bdf,hard,18,para:1738,In how many countries did Tesla hold patents?,['26'],"Most early Greeks did not even consider 1 to be a number, so they could not consider it to be a prime. By the Middle Ages and Renaissance many mathematicians included 1 as the first prime number. In the mid-18th century Christian Goldbach listed 1 as the first prime in his famous correspondence with Leonhard Euler -- who did not agree. In the 19th century many mathematicians still considered the number 1 to be a prime. For example, Derrick Norman Lehmer's list of primes up to 10,006,721, reprinted as late as 1956, started with 1 as its first prime. Henri Lebesgue is said to be the last professional mathematician to call 1 prime. By the early 20th century, mathematicians began to accept that 1 is not a prime number, but rather forms its own special category as a ""unit"".",IRRELEVANT,True,True,True
56e11996e3433e1400422bdf,hard,19,para:1414,In how many countries did Tesla hold patents?,['26'],"In many countries, there is a Gender pay gap in favor of males in the labor market. Several factors other than discrimination may contribute to this gap. On average, women are more likely than men to consider factors other than pay when looking for work, and may be less willing to travel or relocate. Thomas Sowell, in his book Knowledge and Decisions, claims that this difference is due to women not taking jobs due to marriage or pregnancy, but income studies show that that does not explain the entire difference. A U.S. Census's report stated that in US once other factors are accounted for there is still a difference in earnings between women and men. The income gap in other countries ranges from 53% in Botswana to -40% in Bahrain.",IRRELEVANT,True,True,True
56e11996e3433e1400422bdf,hard,20,para:1423,In how many countries did Tesla hold patents?,['26'],"In recent years the characteristic that has strongly correlated with health in developed countries is income inequality. Creating an index of ""Health and Social Problems"" from nine factors, authors Richard Wilkinson and Kate Pickett found health and social problems ""more common in countries with bigger income inequalities"", and more common among states in the US with larger income inequalities. Other studies have confirmed this relationship. The UNICEF index of ""child well-being in rich countries"", studying 40 indicators in 22 countries, correlates with greater equality but not per capita income.",IRRELEVANT,True,True,True
56e11996e3433e1400422bdf,hard,21,para:306,In how many countries did Tesla hold patents?,['26'],"Official corporal punishment, often by caning, remains commonplace in schools in some Asian, African and Caribbean countries. For details of individual countries see School corporal punishment.",IRRELEVANT,True,True,True
56e11996e3433e1400422bdf,easy,1,para:1033,In how many countries did Tesla hold patents?,['26'],"The Musical Instruments gallery closed 25 February 2010, a decision which was highly controversial. An online petition of over 5,100 names on the Parliamentary website led to Chris Smith asking Parliament about the future of the collection. The answer, from Bryan Davies was that the museum intended to preserve and care for the collection and keep it available to the public, with items being redistributed to the British Galleries, the Medieval & Renaissance Galleries, and the planned new galleries for Furniture and Europe 1600–1800, and that the Horniman Museum and other institutions were possible candidates for loans of material to ensure that the instruments remained publicly viewable. The Horniman went on to host a joint exhibition with the V&A of musical instruments, and has the loan of 35 instruments from the museum.",IRRELEVANT,True,True,True
56e11996e3433e1400422bdf,easy,2,para:1045,In how many countries did Tesla hold patents?,['26'],"One of the earliest surviving examples of European quilting, the late 14th-century Sicilian Tristan Quilt, is also held by the collection. The collection has numerous examples of various types of textiles designed by William Morris, including, embroidery, woven fabrics, tapestries (Including 'The Forest' tapestry of 1887), rugs and carpets, as well as pattern books and paper designs. The art deco period is covered by rugs and fabrics designed by Marion Dorn. From the same period there is a rug designed by Serge Chermayeff.",IRRELEVANT,True,True,True
56e11996e3433e1400422bdf,easy,3,para:1076,In how many countries did Tesla hold patents?,['26'],"Between May and September 2005, rumors circulated that Disney–ABC was considering a sale of ABC Radio, with Clear Channel Communications and Westwood One (which had earlier purchased NBC's radio division, as well as the distribution rights to CBS's, and the Mutual Broadcasting System during the 1990s) as potential buyers. On October 19, 2005, ABC announced the restructuring of the group into six divisions: Entertainment Communications, Communications Resources, Kids Communications, News Communications, Corporate Communications, and International Communications.",IRRELEVANT,True,True,True
56e11996e3433e1400422bdf,easy,4,para:1111,In how many countries did Tesla hold patents?,['26'],"The network's troubles with sustaining existing series and gaining new hits spilled over into its 2010–11 schedule: ABC's dramas during that season continued to fail, with the midseason forensic investigation drama Body of Proof being the only one that was renewed for a second season. The network also struggled to establish new comedies to support the previous year's debuts, with only late-season premiere Happy Endings earning a second season. Meanwhile, the new lows hit by Brothers & Sisters led to its cancellation, and the previous year's only drama renewal, V, also failed to earn another season after a low-rated midseason run. Despite this and another noticeable ratings decline, ABC would manage to outrate NBC for third place by a larger margin than the previous year.",IRRELEVANT,True,True,True
56e11996e3433e1400422bdf,easy,5,para:1123,In how many countries did Tesla hold patents?,['26'],"Daytime programming is also provided from 11:00 a.m. to 3:00 p.m. weekdays (with a one-hour break at 12:00 p.m. Eastern/Pacific for stations to air newscasts, other locally produced programming such as talk shows, or syndicated programs) featuring the talk/lifestyle shows The View and The Chew and the soap opera General Hospital. ABC News programming includes Good Morning America from 7:00 to 9:00 a.m. weekdays (along with one-hour weekend editions); nightly editions of ABC World News Tonight (whose weekend editions are occasionally subject to abbreviation or preemption due to sports telecasts overrunning into the program's timeslot), the Sunday political talk show This Week, early morning news programs World News Now and America This Morning and the late night newsmagazine Nightline. Late nights feature the weeknight talk show Jimmy Kimmel Live!.",IRRELEVANT,True,True,True
56e11996e3433e1400422bdf,easy,6,para:1162,In how many countries did Tesla hold patents?,['26'],"As a result, by 1206 Temüjin had managed to unite or subdue the Merkits, Naimans, Mongols, Keraites, Tatars, Uyghurs, and other disparate smaller tribes under his rule. It was a monumental feat for the ""Mongols"" (as they became known collectively). At a Khuruldai, a council of Mongol chiefs, Temüjin was acknowledged as ""Khan"" of the consolidated tribes and took the new title ""Genghis Khan"". The title Khagan was not conferred on Genghis until after his death, when his son and successor, Ögedei, took the title for himself and extended it posthumously to his father (as he was also to be posthumously declared the founder of the Yuan dynasty). This unification of all confederations by Genghis Khan established peace between previously warring tribes and a single political and military force under Genghis Khan.",IRRELEVANT,True,True,True
56e11996e3433e1400422bdf,easy,7,para:1165,In how many countries did Tesla hold patents?,['26'],"With such a small force, the invading Mongols were forced to change strategies and resort to inciting internal revolt among Kuchlug's supporters, leaving the Qara Khitai more vulnerable to Mongol conquest. As a result, Kuchlug's army was defeated west of Kashgar. Kuchlug fled again, but was soon hunted down by Jebe's army and executed. By 1218, as a result of defeat of Qara Khitai, the Mongol Empire and its control extended as far west as Lake Balkhash, which bordered the Khwarezmia (Khwarezmid Empire), a Muslim state that reached the Caspian Sea to the west and Persian Gulf and the Arabian Sea to the south.",IRRELEVANT,True,True,True
56e11996e3433e1400422bdf,easy,8,para:1169,In how many countries did Tesla hold patents?,['26'],"The Mongols' conquest, even by their own standards, was brutal. After the capital Samarkand fell, the capital was moved to Bukhara by the remaining men, while Genghis Khan ordered two of his generals and their forces to completely destroy the remnants of the Khwarezmid Empire, including not only royal buildings, but entire towns, populations, and even vast swaths of farmland. According to legend, Genghis Khan even went so far as to divert a river through the Khwarezmid emperor's birthplace, erasing it from the map.[citation needed]",IRRELEVANT,True,True,True
56e11996e3433e1400422bdf,easy,9,para:1184,In how many countries did Tesla hold patents?,['26'],"There were tax exemptions for religious figures and, to some extent, teachers and doctors. The Mongol Empire practiced religious tolerance because Mongol tradition had long held that religion was a personal concept, and not subject to law or interference.[citation needed] Sometime before the rise of Genghis Khan, Ong Khan, his mentor and eventual rival, had converted to Nestorian Christianity. Various Mongol tribes were Shamanist, Buddhist or Christian. Religious tolerance was thus a well established concept on the Asian steppe.",IRRELEVANT,True,True,True
56e11996e3433e1400422bdf,easy,10,para:1211,In how many countries did Tesla hold patents?,['26'],"The clinical pharmacist's role involves creating a comprehensive drug therapy plan for patient-specific problems, identifying goals of therapy, and reviewing all prescribed medications prior to dispensing and administration to the patient. The review process often involves an evaluation of the appropriateness of the drug therapy (e.g., drug choice, dose, route, frequency, and duration of therapy) and its efficacy. The pharmacist must also monitor for potential drug interactions, adverse drug reactions, and assess patient drug allergies while designing and initiating a drug therapy plan.",IRRELEVANT,True,True,True
56e11996e3433e1400422bdf,easy,11,para:1250,In how many countries did Tesla hold patents?,['26'],"Hormones can act as immunomodulators, altering the sensitivity of the immune system. For example, female sex hormones are known immunostimulators of both adaptive and innate immune responses. Some autoimmune diseases such as lupus erythematosus strike women preferentially, and their onset often coincides with puberty. By contrast, male sex hormones such as testosterone seem to be immunosuppressive. Other hormones appear to regulate the immune system as well, most notably prolactin, growth hormone and vitamin D.",IRRELEVANT,True,True,True
56e11996e3433e1400422bdf,easy,12,para:1258,In how many countries did Tesla hold patents?,['26'],"The success of any pathogen depends on its ability to elude host immune responses. Therefore, pathogens evolved several methods that allow them to successfully infect a host, while evading detection or destruction by the immune system. Bacteria often overcome physical barriers by secreting enzymes that digest the barrier, for example, by using a type II secretion system. Alternatively, using a type III secretion system, they may insert a hollow tube into the host cell, providing a direct route for proteins to move from the pathogen to the host. These proteins are often used to shut down host defenses.",IRRELEVANT,True,True,True
56e11996e3433e1400422bdf,easy,13,para:1346,In how many countries did Tesla hold patents?,['26'],"Funding for private schools is generally provided through student tuition, endowments, scholarship/voucher funds, and donations and grants from religious organizations or private individuals. Government funding for religious schools is either subject to restrictions or possibly forbidden, according to the courts' interpretation of the Establishment Clause of the First Amendment or individual state Blaine Amendments. Non-religious private schools theoretically could qualify for such funding without hassle, preferring the advantages of independent control of their student admissions and course content instead of the public funding they could get with charter status.",IRRELEVANT,True,True,True
56e11996e3433e1400422bdf,easy,14,para:1350,In how many countries did Tesla hold patents?,['26'],"Harvard is a large, highly residential research university. The nominal cost of attendance is high, but the University's large endowment allows it to offer generous financial aid packages. It operates several arts, cultural, and scientific museums, alongside the Harvard Library, which is the world's largest academic and private library system, comprising 79 individual libraries with over 18 million volumes. Harvard's alumni include eight U.S. presidents, several foreign heads of state, 62 living billionaires, 335 Rhodes Scholars, and 242 Marshall Scholars. To date, some 150 Nobel laureates, 18 Fields Medalists and 13 Turing Award winners have been affiliated as students, faculty, or staff.",IRRELEVANT,True,True,True
56e11996e3433e1400422bdf,easy,15,para:1376,In how many countries did Tesla hold patents?,['26'],"Politics: U.N. Secretary General Ban Ki-moon; American political leaders John Hancock, John Adams, John Quincy Adams, Rutherford B. Hayes, Theodore Roosevelt, Franklin D. Roosevelt, John F. Kennedy, Al Gore, George W. Bush and Barack Obama; Chilean President Sebastián Piñera; Colombian President Juan Manuel Santos; Costa Rican President José María Figueres; Mexican Presidents Felipe Calderón, Carlos Salinas de Gortari and Miguel de la Madrid; Mongolian President Tsakhiagiin Elbegdorj; Peruvian President Alejandro Toledo; Taiwanese President Ma Ying-jeou; Canadian Governor General David Lloyd Johnston; Indian Member of Parliament Jayant Sinha; Albanian Prime Minister Fan S. Noli; Canadian Prime Ministers Mackenzie King and Pierre Trudeau; Greek Prime Minister Antonis Samaras; Israeli Prime Minister Benjamin Netanyahu; former Pakistani Prime Minister Benazir Bhutto; U. S. Secretary of Housing and Urban Development Shaun Donovan; Canadian political leader Michael Ignatieff; Pakistani Members of Provincial Assembly Murtaza Bhutto and Sanam Bhutto; Bangladesh Minister of Finance Abul Maal Abdul Muhith; President of Puntland Abdiweli Mohamed Ali; U.S. Ambassador to the European Union Anthony Luzzatto Gardner.",IRRELEVANT,True,True,True
56e11996e3433e1400422bdf,easy,16,para:1377,In how many countries did Tesla hold patents?,['26'],"Other: Civil rights leader W. E. B. Du Bois; philosopher Henry David Thoreau; authors Ralph Waldo Emerson and William S. Burroughs; educators Werner Baer, Harlan Hanson; poets Wallace Stevens, T. S. Eliot and E. E. Cummings; conductor Leonard Bernstein; cellist Yo Yo Ma; pianist and composer Charlie Albright; composer John Alden Carpenter; comedian, television show host and writer Conan O'Brien; actors Tatyana Ali, Nestor Carbonell, Matt Damon, Fred Gwynne, Hill Harper, Rashida Jones, Tommy Lee Jones, Ashley Judd, Jack Lemmon, Natalie Portman, Mira Sorvino, Elisabeth Shue, and Scottie Thompson; film directors Darren Aronofsky, Terrence Malick, Mira Nair, and Whit Stillman; architect Philip Johnson; musicians Rivers Cuomo, Tom Morello, and Gram Parsons; musician, producer and composer Ryan Leslie; serial killer Ted Kaczynski; programmer and activist Richard Stallman; NFL quarterback Ryan Fitzpatrick; NFL center Matt Birk; NBA player Jeremy Lin; US Ski Team skier Ryan Max Riley; physician Sachin H. Jain; physicist J. Robert Oppenheimer; computer pioneer and inventor An Wang; Tibetologist George de Roerich; and Marshall Admiral Isoroku Yamamoto.",IRRELEVANT,True,True,True
56e11996e3433e1400422bdf,easy,17,para:1378,In how many countries did Tesla hold patents?,['26'],"Harvard's faculty includes scholars such as biologist E. O. Wilson, cognitive scientist Steven Pinker, physicists Lisa Randall and Roy Glauber, chemists Elias Corey, Dudley R. Herschbach and George M. Whitesides, computer scientists Michael O. Rabin and Leslie Valiant, Shakespeare scholar Stephen Greenblatt, writer Louis Menand, critic Helen Vendler, historians Henry Louis Gates, Jr. and Niall Ferguson, economists Amartya Sen, N. Gregory Mankiw, Robert Barro, Stephen A. Marglin, Don M. Wilson III and Martin Feldstein, political philosophers Harvey Mansfield, Baroness Shirley Williams and Michael Sandel, Fields Medalist mathematician Shing-Tung Yau, political scientists Robert Putnam, Joseph Nye, and Stanley Hoffmann, scholar/composers Robert Levin and Bernard Rands, astrophysicist Alyssa A. Goodman, and legal scholars Alan Dershowitz and Lawrence Lessig.",IRRELEVANT,True,True,True
56e11996e3433e1400422bdf,easy,18,para:1406,In how many countries did Tesla hold patents?,['26'],"On the other hand, higher economic inequality tends to increase entrepreneurship rates at the individual level (self-employment). However, most of it is often based on necessity rather than opportunity. Necessity-based entrepreneurship is motivated by survival needs such as income for food and shelter (""push"" motivations), whereas opportunity-based entrepreneurship is driven by achievement-oriented motivations (""pull"") such as vocation and more likely to involve the pursue of new products, services, or underserved market needs. The economic impact of the former type of entrepreneurialism tends to be redistributive while the latter is expected to foster technological progress and thus have a more positive impact on economic growth.",IRRELEVANT,True,True,True
56e11996e3433e1400422bdf,easy,19,para:1418,In how many countries did Tesla hold patents?,['26'],"Economist Joseph Stiglitz argues that rather than explaining concentrations of wealth and income, market forces should serve as a brake on such concentration, which may better be explained by the non-market force known as ""rent-seeking"". While the market will bid up compensation for rare and desired skills to reward wealth creation, greater productivity, etc., it will also prevent successful entrepreneurs from earning excess profits by fostering competition to cut prices, profits and large compensation. A better explainer of growing inequality, according to Stiglitz, is the use of political power generated by wealth by certain groups to shape government policies financially beneficial to them. This process, known to economists as rent-seeking, brings income not from creation of wealth but from ""grabbing a larger share of the wealth that would otherwise have been produced without their effort""",IRRELEVANT,True,True,True
56e11996e3433e1400422bdf,easy,20,para:1438,In how many countries did Tesla hold patents?,['26'],"Firstly, certain costs are difficult to avoid and are shared by everyone, such as the costs of housing, pensions, education and health care. If the state does not provide these services, then for those on lower incomes, the costs must be borrowed and often those on lower incomes are those who are worse equipped to manage their finances. Secondly, aspirational consumption describes the process of middle income earners aspiring to achieve the standards of living enjoyed by their wealthier counterparts and one method of achieving this aspiration is by taking on debt. The result leads to even greater inequality and potential economic instability.",IRRELEVANT,True,True,True
56e11996e3433e1400422bdf,easy,21,para:1442,In how many countries did Tesla hold patents?,['26'],"The capabilities approach – sometimes called the human development approach – looks at income inequality and poverty as form of “capability deprivation”. Unlike neoliberalism, which “defines well-being as utility maximization”, economic growth and income are considered a means to an end rather than the end itself. Its goal is to “wid[en] people’s choices and the level of their achieved well-being” through increasing functionings (the things a person values doing), capabilities (the freedom to enjoy functionings) and agency (the ability to pursue valued goals).",IRRELEVANT,True,True,True
56e11996e3433e1400422bdf,easy,22,para:1448,In how many countries did Tesla hold patents?,['26'],"The Doctor rarely travels alone and often brings one or more companions to share these adventures. His companions are usually humans, as he has found a fascination with planet Earth. He often finds events that pique his curiosity as he tries to prevent evil forces from harming innocent people or changing history, using only his ingenuity and minimal resources, such as his versatile sonic screwdriver. As a Time Lord, the Doctor has the ability to regenerate when his body is mortally damaged, taking on a new appearance and personality. The Doctor has gained numerous reoccurring enemies during his travels, including the Daleks, the Cybermen, and the Master, another renegade Time Lord.",IRRELEVANT,True,True,True
56e11996e3433e1400422bdf,easy,23,para:1472,In how many countries did Tesla hold patents?,['26'],"Since the 2005 revival, the Doctor generally travels with a primary female companion, who occupies a larger narrative role. Steven Moffat described the companion as the main character of the show, as the story begins anew with each companion and she undergoes more change than the Doctor. The primary companions of the Ninth and Tenth Doctors were Rose Tyler (Billie Piper), Martha Jones (Freema Agyeman), and Donna Noble (Catherine Tate) with Mickey Smith (Noel Clarke) and Jack Harkness (John Barrowman) recurring as secondary companion figures. The Eleventh Doctor became the first to travel with a married couple, Amy Pond (Karen Gillan) and Rory Williams (Arthur Darvill), whilst out-of-sync meetings with River Song (Alex Kingston) and Clara Oswald (Jenna Coleman) provided ongoing story arcs. The tenth series will introduce Pearl Mackie as Bill, the Doctor's newest traveling companion.",IRRELEVANT,True,True,True
56e11996e3433e1400422bdf,easy,24,para:1521,In how many countries did Tesla hold patents?,['26'],"The academic bodies of the University of Chicago consist of the College, four divisions of graduate research and seven professional schools. The university also contains a library system, the University of Chicago Press, the University of Chicago Laboratory Schools, and the University of Chicago Medical Center, and holds ties with a number of independent academic institutions, including Fermilab, Argonne National Laboratory, and the Marine Biological Laboratory. The university is accredited by The Higher Learning Commission.",IRRELEVANT,True,True,True
56e11996e3433e1400422bdf,easy,25,para:1544,In how many countries did Tesla hold patents?,['26'],"Current faculty include the anthropologist Marshall Sahlins, historian Dipesh Chakrabarty, paleontologists Neil Shubin and Paul Sereno, evolutionary biologist Jerry Coyne, Nobel prize winning physicist Yoichiro Nambu, Nobel prize winning physicist James Cronin, Nobel Prize winning economists Eugene Fama, James Heckman, Lars Peter Hansen, Roger Myerson and Robert Lucas, Jr., Freakonomics author and noted economist Steven Levitt, current governor of India's central bank Raghuram Rajan, the 74th United States Secretary of the Treasury and former Goldman Sachs Chairman and CEO Hank Paulson, former Chairman of President Barack Obama's Council of Economic Advisors Austan Goolsbee, Shakespeare scholar David Bevington, and renowned political scientists John Mearsheimer and Robert Pape.",IRRELEVANT,True,True,True
56e11996e3433e1400422bdf,easy,26,para:1580,In how many countries did Tesla hold patents?,['26'],"The physicians of the Yuan court came from diverse cultures. Healers were divided into non-Mongol physicians called otachi and traditional Mongol shamans. The Mongols characterized otachi doctors by their use of herbal remedies, which was distinguished from the spiritual cures of Mongol shamanism. Physicians received official support from the Yuan government and were given special legal privileges. Kublai created the Imperial Academy of Medicine to manage medical treatises and the education of new doctors. Confucian scholars were attracted to the medical profession because it ensured a high income and medical ethics were compatible with Confucian virtues.",IRRELEVANT,True,True,True
56e11996e3433e1400422bdf,easy,27,para:1591,In how many countries did Tesla hold patents?,['26'],"The Central Region, consisting of present-day Hebei, Shandong, Shanxi, the south-eastern part of present-day Inner Mongolia and the Henan areas to the north of the Yellow River, was considered the most important region of the dynasty and directly governed by the Central Secretariat (or Zhongshu Sheng) at Khanbaliq (modern Beijing); similarly, another top-level administrative department called the Bureau of Buddhist and Tibetan Affairs (or Xuanzheng Yuan) held administrative rule over the whole of modern-day Tibet and a part of Sichuan, Qinghai and Kashmir.",IRRELEVANT,True,True,True
56e11996e3433e1400422bdf,easy,28,para:1596,In how many countries did Tesla hold patents?,['26'],"Ludwig Krapf recorded the name as both Kenia and Kegnia believed by most to be a corruption of the Kamba version. Others say that this was—on the contrary—a very precise notation of a correct African pronunciation /ˈkɛnjə/. An 1882 map drawn by Joseph Thompsons, a Scottish geologist and naturalist, indicated Mt. Kenya as Mt. Kenia, 1862. Controversy over the actual meaning of the word Kenya notwithstanding, it is clear that the mountain's name became widely accepted, pars pro toto, as the name of the country.",IRRELEVANT,True,True,True
56e11996e3433e1400422bdf,easy,29,para:1650,In how many countries did Tesla hold patents?,['26'],"The IPCC does not carry out research nor does it monitor climate related data. Lead authors of IPCC reports assess the available information about climate change based on published sources. According to IPCC guidelines, authors should give priority to peer-reviewed sources. Authors may refer to non-peer-reviewed sources (the ""grey literature""), provided that they are of sufficient quality. Examples of non-peer-reviewed sources include model results, reports from government agencies and non-governmental organizations, and industry journals. Each subsequent IPCC report notes areas where the science has improved since the previous report and also notes areas where further research is required.",IRRELEVANT,True,True,True
56e11996e3433e1400422bdf,easy,30,para:1651,In how many countries did Tesla hold patents?,['26'],"Each chapter has a number of authors who are responsible for writing and editing the material. A chapter typically has two ""coordinating lead authors"", ten to fifteen ""lead authors"", and a somewhat larger number of ""contributing authors"". The coordinating lead authors are responsible for assembling the contributions of the other authors, ensuring that they meet stylistic and formatting requirements, and reporting to the Working Group chairs. Lead authors are responsible for writing sections of chapters. Contributing authors prepare text, graphs or data for inclusion by the lead authors.",IRRELEVANT,True,True,True
57373d0cc3c5551400e51e89,hard,1,para:825,What did Aristotle refer to forced motion as?,"['unnatural', 'natural motion', 'continued application of a force']","The Cestida (""belt animals"") are ribbon-shaped planktonic animals, with the mouth and aboral organ aligned in the middle of opposite edges of the ribbon. There is a pair of comb-rows along each aboral edge, and tentilla emerging from a groove all along the oral edge, which stream back across most of the wing-like body surface. Cestids can swim by undulating their bodies as well as by the beating of their comb-rows. There are two known species, with worldwide distribution in warm, and warm-temperate waters: Cestum veneris (""Venus' girdle"") is among the largest ctenophores – up to 1.5 meters (4.9 ft) long, and can undulate slowly or quite rapidly. Velamen parallelum, which is typically less than 20 centimeters (0.66 ft) long, can move much faster in what has been described as a ""darting motion"".",IRRELEVANT,True,True,True
57373d0cc3c5551400e51e89,hard,2,para:450,What did Aristotle refer to forced motion as?,"['unnatural', 'natural motion', 'continued application of a force']","The motion picture, television, and music industry is centered on the Los Angeles in southern California. Hollywood, a district within Los Angeles, is also a name associated with the motion picture industry. Headquartered in southern California are The Walt Disney Company (which also owns ABC), Sony Pictures, Universal, MGM, Paramount Pictures, 20th Century Fox, and Warner Brothers. Universal, Warner Brothers, and Sony also run major record companies as well.",IRRELEVANT,True,True,True
57373d0cc3c5551400e51e89,hard,3,para:553,What did Aristotle refer to forced motion as?,"['unnatural', 'natural motion', 'continued application of a force']","Some Huguenots settled in Bedfordshire, one of the main centres of the British lace industry at the time. Although 19th century sources have asserted that some of these refugees were lacemakers and contributed to the East Midlands lace industry, this is contentious. The only reference to immigrant lacemakers in this period is of twenty-five widows who settled in Dover, and there is no contemporary documentation to support there being Huguenot lacemakers in Bedfordshire. The implication that the style of lace known as 'Bucks Point' demonstrates a Huguenot influence, being a ""combination of Mechlin patterns on Lille ground"", is fallacious: what is now known as Mechlin lace did not develop until first half of the eighteenth century and lace with Mechlin patterns and Lille ground did not appear until the end of the 18th century, when it was widely copied throughout Europe.",IRRELEVANT,True,True,True
57373d0cc3c5551400e51e89,hard,4,para:219,What did Aristotle refer to forced motion as?,"['unnatural', 'natural motion', 'continued application of a force']","In an interview with newspaper editor Arthur Brisbane, Tesla said that he did not believe in telepathy, stating, ""Suppose I made up my mind to murder you,"" he said, ""In a second you would know it. Now, isn't that wonderful? By what process does the mind get at all this?"" In the same interview, Tesla said that he believed that all fundamental laws could be reduced to one.",IRRELEVANT,True,True,True
57373d0cc3c5551400e51e89,hard,5,para:1825,What did Aristotle refer to forced motion as?,"['unnatural', 'natural motion', 'continued application of a force']","Immediately after Decision Time a ""Members Debate"" is held, which lasts for 45 minutes. Members Business is a debate on a motion proposed by an MSP who is not a Scottish minister. Such motions are on issues which may be of interest to a particular area such as a member's own constituency, an upcoming or past event or any other item which would otherwise not be accorded official parliamentary time. As well as the proposer, other members normally contribute to the debate. The relevant minister, whose department the debate and motion relate to ""winds up"" the debate by speaking after all other participants.",IRRELEVANT,True,True,True
57373d0cc3c5551400e51e89,hard,6,para:351,What did Aristotle refer to forced motion as?,"['unnatural', 'natural motion', 'continued application of a force']","In accordance with his father's wishes, Luther enrolled in law school at the same university that year but dropped out almost immediately, believing that law represented uncertainty. Luther sought assurances about life and was drawn to theology and philosophy, expressing particular interest in Aristotle, William of Ockham, and Gabriel Biel. He was deeply influenced by two tutors, Bartholomaeus Arnoldi von Usingen and Jodocus Trutfetter, who taught him to be suspicious of even the greatest thinkers and to test everything himself by experience. Philosophy proved to be unsatisfying, offering assurance about the use of reason but none about loving God, which to Luther was more important. Reason could not lead men to God, he felt, and he thereafter developed a love-hate relationship with Aristotle over the latter's emphasis on reason. For Luther, reason could be used to question men and institutions, but not God. Human beings could learn about God only through divine revelation, he believed, and Scripture therefore became increasingly important to him.",IRRELEVANT,True,True,True
57373d0cc3c5551400e51e89,hard,7,para:259,What did Aristotle refer to forced motion as?,"['unnatural', 'natural motion', 'continued application of a force']","The best, worst and average case complexity refer to three different ways of measuring the time complexity (or any other complexity measure) of different inputs of the same size. Since some inputs of size n may be faster to solve than others, we define the following complexities:",IRRELEVANT,True,True,True
57373d0cc3c5551400e51e89,hard,8,para:1182,What did Aristotle refer to forced motion as?,"['unnatural', 'natural motion', 'continued application of a force']","On October 6, 2004, a joint Japanese-Mongolian archaeological dig uncovered what is believed to be Genghis Khan's palace in rural Mongolia, which raises the possibility of actually locating the ruler's long-lost burial site. Folklore says that a river was diverted over his grave to make it impossible to find (the same manner of burial as the Sumerian King Gilgamesh of Uruk and Atilla the Hun). Other tales state that his grave was stampeded over by many horses, and that trees were then planted over the site, and the permafrost also did its part in hiding the burial site.",IRRELEVANT,True,True,True
57373d0cc3c5551400e51e89,hard,9,para:2,What did Aristotle refer to forced motion as?,"['unnatural', 'natural motion', 'continued application of a force']","The Broncos took an early lead in Super Bowl 50 and never trailed. Newton was limited by Denver's defense, which sacked him seven times and forced him into three turnovers, including a fumble which they recovered for a touchdown. Denver linebacker Von Miller was named Super Bowl MVP, recording five solo tackles, 2½ sacks, and two forced fumbles.",IRRELEVANT,True,True,True
57373d0cc3c5551400e51e89,hard,10,para:629,What did Aristotle refer to forced motion as?,"['unnatural', 'natural motion', 'continued application of a force']","Highly combustible materials that leave little residue, such as wood or coal, were thought to be made mostly of phlogiston; whereas non-combustible substances that corrode, such as iron, contained very little. Air did not play a role in phlogiston theory, nor were any initial quantitative experiments conducted to test the idea; instead, it was based on observations of what happens when something burns, that most common objects appear to become lighter and seem to lose something in the process. The fact that a substance like wood gains overall weight in burning was hidden by the buoyancy of the gaseous combustion products. Indeed, one of the first clues that the phlogiston theory was incorrect was that metals, too, gain weight in rusting (when they were supposedly losing phlogiston).",IRRELEVANT,True,True,True
57373d0cc3c5551400e51e89,hard,11,para:684,What did Aristotle refer to forced motion as?,"['unnatural', 'natural motion', 'continued application of a force']","An increase in imported cars into North America forced General Motors, Ford and Chrysler to introduce smaller and fuel-efficient models for domestic sales. The Dodge Omni / Plymouth Horizon from Chrysler, the Ford Fiesta and the Chevrolet Chevette all had four-cylinder engines and room for at least four passengers by the late 1970s. By 1985, the average American vehicle moved 17.4 miles per gallon, compared to 13.5 in 1970. The improvements stayed even though the price of a barrel of oil remained constant at $12 from 1974 to 1979. Sales of large sedans for most makes (except Chrysler products) recovered within two model years of the 1973 crisis. The Cadillac DeVille and Fleetwood, Buick Electra, Oldsmobile 98, Lincoln Continental, Mercury Marquis, and various other luxury oriented sedans became popular again in the mid-1970s. The only full-size models that did not recover were lower price models such as the Chevrolet Bel Air, and Ford Galaxie 500. Slightly smaller, mid-size models such as the Oldsmobile Cutlass, Chevrolet Monte Carlo, Ford Thunderbird and various other models sold well.",IRRELEVANT,True,True,True
57373d0cc3c5551400e51e89,hard,12,para:1185,What did Aristotle refer to forced motion as?,"['unnatural', 'natural motion', 'continued application of a force']","Modern Mongolian historians say that towards the end of his life, Genghis Khan attempted to create a civil state under the Great Yassa that would have established the legal equality of all individuals, including women. However, there is no evidence of this, or of the lifting of discriminatory policies towards sedentary peoples such as the Chinese. Women played a relatively important role in Mongol Empire and in family, for example Töregene Khatun was briefly in charge of the Mongol Empire when next male Khagan was being chosen. Modern scholars refer to the alleged policy of encouraging trade and communication as the Pax Mongolica (Mongol Peace).",IRRELEVANT,True,True,True
57373d0cc3c5551400e51e89,hard,13,para:1960,What did Aristotle refer to forced motion as?,"['unnatural', 'natural motion', 'continued application of a force']","The Annual Conference, roughly the equivalent of a diocese in the Anglican Communion and the Roman Catholic Church or a synod in some Lutheran denominations such as the Evangelical Lutheran Church in America, is the basic unit of organization within the UMC. The term Annual Conference is often used to refer to the geographical area it covers as well as the frequency of meeting. Clergy are members of their Annual Conference rather than of any local congregation, and are appointed to a local church or other charge annually by the conference's resident Bishop at the meeting of the Annual Conference. In many ways, the United Methodist Church operates in a connectional organization of the Annual Conferences, and actions taken by one conference are not binding upon another.",IRRELEVANT,True,True,True
57373d0cc3c5551400e51e89,hard,14,para:79,What did Aristotle refer to forced motion as?,"['unnatural', 'natural motion', 'continued application of a force']","Warsaw was occupied by Germany from 4 August 1915 until November 1918. The Allied Armistice terms required in Article 12 that Germany withdraw from areas controlled by Russia in 1914, which included Warsaw. Germany did so, and underground leader Piłsudski returned to Warsaw on 11 November and set up what became the Second Polish Republic, with Warsaw the capital. In the course of the Polish-Bolshevik War of 1920, the huge Battle of Warsaw was fought on the eastern outskirts of the city in which the capital was successfully defended and the Red Army defeated. Poland stopped by itself the full brunt of the Red Army and defeated an idea of the ""export of the revolution"".",IRRELEVANT,True,True,True
57373d0cc3c5551400e51e89,hard,15,para:1416,What did Aristotle refer to forced motion as?,"['unnatural', 'natural motion', 'continued application of a force']","Plotting the relationship between level of income and inequality, Kuznets saw middle-income developing economies level of inequality bulging out to form what is now known as the Kuznets curve. Kuznets demonstrated this relationship using cross-sectional data. However, more recent testing of this theory with superior panel data has shown it to be very weak. Kuznets' curve predicts that income inequality will eventually decrease given time. As an example, income inequality did fall in the United States during its High school movement from 1910 to 1940 and thereafter.[citation needed] However, recent data shows that the level of income inequality began to rise after the 1970s. This does not necessarily disprove Kuznets' theory.[citation needed] It may be possible that another Kuznets' cycle is occurring, specifically the move from the manufacturing sector to the service sector.[citation needed] This implies that it may be possible for multiple Kuznets' cycles to be in effect at any given time.",IRRELEVANT,True,True,True
57373d0cc3c5551400e51e89,hard,16,para:1281,What did Aristotle refer to forced motion as?,"['unnatural', 'natural motion', 'continued application of a force']","However, this definition is disputed by Thoreau's political philosophy pitching the conscience vs. the collective. The individual is the final judge of right and wrong. More than this, since only individuals act, only individuals can act unjustly. When the government knocks on the door, it is an individual in the form of a postman or tax collector whose hand hits the wood. Before Thoreau’s imprisonment, when a confused taxman had wondered aloud about how to handle his refusal to pay, Thoreau had advised, “Resign.” If a man chose to be an agent of injustice, then Thoreau insisted on confronting him with the fact that he was making a choice. But if government is “the voice of the people,” as it is often called, shouldn’t that voice be heeded? Thoreau admits that government may express the will of the majority but it may also express nothing more than the will of elite politicians. Even a good form of government is “liable to be abused and perverted before the people can act through it.” Moreover, even if a government did express the voice of the people, this fact would not compel the obedience of individuals who disagree with what is being said. The majority may be powerful but it is not necessarily right. What, then, is the proper relationship between the individual and the government?",IRRELEVANT,True,True,True
57373d0cc3c5551400e51e89,hard,17,para:1191,What did Aristotle refer to forced motion as?,"['unnatural', 'natural motion', 'continued application of a force']","In the early 1990s the memory of Genghis Khan with the Mongolian national identity has had a powerful revival partly because of his perception during the Mongolian People's Republic period. Genghis Khan became one of the central figures of the national identity. He is looked upon positively by Mongolians for his role in uniting warring tribes. For example, it is not uncommon for Mongolians to refer to their country as ""Genghis Khan's Mongolia"", to themselves as ""Genghis Khan's children"", and to Genghis Khan as the ""father of the Mongols"" especially among the younger generation. However, there is a chasm in the perception of his brutality. Mongolians maintain that the historical records written by non-Mongolians are unfairly biased against Genghis Khan and that his butchery is exaggerated, while his positive role is underrated.",IRRELEVANT,True,True,True
57373d0cc3c5551400e51e89,hard,18,para:469,What did Aristotle refer to forced motion as?,"['unnatural', 'natural motion', 'continued application of a force']","Since the 1920s, motion pictures, petroleum and aircraft manufacturing have been major industries. In one of the richest agricultural regions in the U.S., cattle and citrus were major industries until farmlands were turned into suburbs. Although military spending cutbacks have had an impact, aerospace continues to be a major factor.",IRRELEVANT,True,True,True
57373d0cc3c5551400e51e89,hard,19,para:174,What did Aristotle refer to forced motion as?,"['unnatural', 'natural motion', 'continued application of a force']","The mid 1890s saw the conglomerate General Electric, backed by financier J. P. Morgan, involved in takeover attempts and patent battles with Westinghouse Electric. Although a patent-sharing agreement was signed between the two companies in 1896 Westinghouse was still cash-strapped from the financial warfare. To secure further loans, Westinghouse was forced to revisit Tesla's AC patent, which bankers considered a financial strain on the company (at that point Westinghouse had paid out an estimated $200,000 in licenses and royalties to Tesla, Brown, and Peck). In 1897, Westinghouse explained his financial difficulties to Tesla in stark terms, saying that if things continue the way they were he would no longer be in control of Westinghouse Electric and Tesla would have to ""deal with the bankers"" to try to collect future royalties. Westinghouse convinced Tesla to release his company from the licensing agreement over Tesla's AC patents in exchange for Westinghouse Electric purchasing the patents for a lump sum payment of $216,000; this provided Westinghouse a break from what, due to alternating current's rapid gain in popularity, had turned out to be an overly generous $2.50 per AC horsepower royalty.",IRRELEVANT,True,True,True
57373d0cc3c5551400e51e89,hard,20,para:1650,What did Aristotle refer to forced motion as?,"['unnatural', 'natural motion', 'continued application of a force']","The IPCC does not carry out research nor does it monitor climate related data. Lead authors of IPCC reports assess the available information about climate change based on published sources. According to IPCC guidelines, authors should give priority to peer-reviewed sources. Authors may refer to non-peer-reviewed sources (the ""grey literature""), provided that they are of sufficient quality. Examples of non-peer-reviewed sources include model results, reports from government agencies and non-governmental organizations, and industry journals. Each subsequent IPCC report notes areas where the science has improved since the previous report and also notes areas where further research is required.",IRRELEVANT,True,True,True
57373d0cc3c5551400e51e89,hard,21,para:52,What did Aristotle refer to forced motion as?,"['unnatural', 'natural motion', 'continued application of a force']","Manning finished the game 13 of 23 for 141 yards with one interception and zero touchdowns. Sanders was his top receiver with six receptions for 83 yards. Anderson was the game's leading rusher with 90 yards and a touchdown, along with four receptions for 10 yards. Miller had six total tackles (five solo), 2½ sacks, and two forced fumbles. Ware had five total tackles and two sacks. Ward had seven total tackles, a fumble recovery, and an interception. McManus made all four of his field goals, making him perfect on all 11 attempts during the post-season. Newton completed 18 of 41 passes for 265 yards, with one interception. He was also the team's leading rusher with 45 yards on six carries. Brown caught four passes for 80 yards, while Ginn had four receptions for 74. Ealy was the top defensive performer for Carolina with four total tackles, three sacks, a forced fumble, a fumble recovery, and an interception. Defensive End Charles Johnson had four total tackles, a sack, and a forced fumble. Linebacker Luke Kuechly had 11 total tackles, while Thomas Davis had seven, despite playing just two weeks after breaking his right arm in the NFC title game.",IRRELEVANT,True,True,True
57373d0cc3c5551400e51e89,hard,22,para:308,What did Aristotle refer to forced motion as?,"['unnatural', 'natural motion', 'continued application of a force']","A modern example of school discipline in North America and Western Europe relies upon the idea of an assertive teacher who is prepared to impose their will upon a class. Positive reinforcement is balanced with immediate and fair punishment for misbehavior and firm, clear boundaries define what is appropriate and inappropriate behavior. Teachers are expected to respect their students; sarcasm and attempts to humiliate pupils are seen as falling outside of what constitutes reasonable discipline.[verification needed]",IRRELEVANT,True,True,True
57373d0cc3c5551400e51e89,hard,23,para:189,What did Aristotle refer to forced motion as?,"['unnatural', 'natural motion', 'continued application of a force']","While experimenting, Tesla inadvertently faulted a power station generator, causing a power outage. In August 1917, Tesla explained what had happened in The Electrical Experimenter: ""As an example of what has been done with several hundred kilowatts of high frequency energy liberated, it was found that the dynamos in a power house six miles away were repeatedly burned out, due to the powerful high frequency currents set up in them, and which caused heavy sparks to jump through the windings and destroy the insulation!""",IRRELEVANT,True,True,True
57373d0cc3c5551400e51e89,hard,24,para:1165,What did Aristotle refer to forced motion as?,"['unnatural', 'natural motion', 'continued application of a force']","With such a small force, the invading Mongols were forced to change strategies and resort to inciting internal revolt among Kuchlug's supporters, leaving the Qara Khitai more vulnerable to Mongol conquest. As a result, Kuchlug's army was defeated west of Kashgar. Kuchlug fled again, but was soon hunted down by Jebe's army and executed. By 1218, as a result of defeat of Qara Khitai, the Mongol Empire and its control extended as far west as Lake Balkhash, which bordered the Khwarezmia (Khwarezmid Empire), a Muslim state that reached the Caspian Sea to the west and Persian Gulf and the Arabian Sea to the south.",IRRELEVANT,True,True,True
57373d0cc3c5551400e51e89,hard,25,para:160,What did Aristotle refer to forced motion as?,"['unnatural', 'natural motion', 'continued application of a force']","In January 1880, two of Tesla's uncles put together enough money to help him leave Gospić for Prague where he was to study. Unfortunately, he arrived too late to enroll at Charles-Ferdinand University; he never studied Greek, a required subject; and he was illiterate in Czech, another required subject. Tesla did, however, attend lectures at the university, although, as an auditor, he did not receive grades for the courses.",IRRELEVANT,True,True,True
57373d0cc3c5551400e51e89,hard,26,para:1836,What did Aristotle refer to forced motion as?,"['unnatural', 'natural motion', 'continued application of a force']","Royal assent: After the bill has been passed, the Presiding Officer submits it to the Monarch for royal assent and it becomes an Act of the Scottish Parliament. However he cannot do so until a 4-week period has elapsed, during which the Law Officers of the Scottish Government or UK Government can refer the bill to the Supreme Court of the United Kingdom for a ruling on whether it is within the powers of the Parliament. Acts of the Scottish Parliament do not begin with a conventional enacting formula. Instead they begin with a phrase that reads: ""The Bill for this Act of the Scottish Parliament was passed by the Parliament on [Date] and received royal assent on [Date]"".",IRRELEVANT,True,True,True
57373d0cc3c5551400e51e89,hard,27,para:1014,What did Aristotle refer to forced motion as?,"['unnatural', 'natural motion', 'continued application of a force']","One of the great treasures in the library is the Codex Forster, some of Leonardo da Vinci's note books. The Codex consists of three parchment-bound manuscripts, Forster I, Forster II, and Forster III, quite small in size, dated between 1490 and 1505. Their contents include a large collection of sketches and references to the equestrian sculpture commissioned by the Duke of Milan Ludovico Sforza to commemorate his father Francesco Sforza. These were bequeathed with over 18,000 books to the museum in 1876 by John Forster. The Reverend Alexander Dyce was another benefactor of the library, leaving over 14,000 books to the museum in 1869. Amongst the books he collected are early editions in Greek and Latin of the poets and playwrights Aeschylus, Aristotle, Homer, Livy, Ovid, Pindar, Sophocles and Virgil. More recent authors include Giovanni Boccaccio, Dante, Racine, Rabelais and Molière.",IRRELEVANT,True,True,True
57373d0cc3c5551400e51e89,hard,28,para:863,What did Aristotle refer to forced motion as?,"['unnatural', 'natural motion', 'continued application of a force']","Fresno is the largest U.S. city not directly linked to an Interstate highway. When the Interstate Highway System was created in the 1950s, the decision was made to build what is now Interstate 5 on the west side of the Central Valley, and thus bypass many of the population centers in the region, instead of upgrading what is now State Route 99. Due to rapidly raising population and traffic in cities along SR 99, as well as the desirability of Federal funding, much discussion has been made to upgrade it to interstate standards and eventually incorporate it into the interstate system, most likely as Interstate 9. Major improvements to signage, lane width, median separation, vertical clearance, and other concerns are currently underway.",IRRELEVANT,True,True,True
57373d0cc3c5551400e51e89,hard,29,para:1057,What did Aristotle refer to forced motion as?,"['unnatural', 'natural motion', 'continued application of a force']","The idea was to create a network of wholly and partially owned channels, and affiliates to rebroadcast the network's programs. In 1959, this rerun activity was completed with program syndication, with ABC Films selling programs to networks not owned by ABC. The arrival of satellite television ended the need for ABC to hold interests in other countries; many governments also wanted to increase their independence and strengthen legislation to limit foreign ownership of broadcasting properties. As a result, ABC was forced to sell all of its interests in international networks, mainly in Japan and Latin America, in the 1970s.",IRRELEVANT,True,True,True
57373d0cc3c5551400e51e89,hard,30,para:165,What did Aristotle refer to forced motion as?,"['unnatural', 'natural motion', 'continued application of a force']","The investors showed little interest in Tesla's ideas for new types of motors and electrical transmission equipment and also seemed to think it was better to develop an electrical utility than invent new systems. They eventually forced Tesla out leaving him penniless. He even lost control of the patents he had generated since he had assigned them to the company in lieu of stock. He had to work at various electrical repair jobs and even as a ditch digger for $2 per day. Tesla considered the winter of 1886/1887 as a time of ""terrible headaches and bitter tears."" During this time, he questioned the value of his education.",IRRELEVANT,True,True,True
57373d0cc3c5551400e51e89,easy,1,para:10,What did Aristotle refer to forced motion as?,"['unnatural', 'natural motion', 'continued application of a force']","The Panthers offense, which led the NFL in scoring (500 points), was loaded with talent, boasting six Pro Bowl selections. Pro Bowl quarterback Cam Newton had one of his best seasons, throwing for 3,837 yards and rushing for 636, while recording a career-high and league-leading 45 total touchdowns (35 passing, 10 rushing), a career-low 10 interceptions, and a career-best quarterback rating of 99.4. Newton's leading receivers were tight end Greg Olsen, who caught a career-high 77 passes for 1,104 yards and seven touchdowns, and wide receiver Ted Ginn, Jr., who caught 44 passes for 739 yards and 10 touchdowns; Ginn also rushed for 60 yards and returned 27 punts for 277 yards. Other key receivers included veteran Jerricho Cotchery (39 receptions for 485 yards), rookie Devin Funchess (31 receptions for 473 yards and five touchdowns), and second-year receiver Corey Brown (31 receptions for 447 yards). The Panthers backfield featured Pro Bowl running back Jonathan Stewart, who led the team with 989 rushing yards and six touchdowns in 13 games, along with Pro Bowl fullback Mike Tolbert, who rushed for 256 yards and caught 18 passes for another 154 yards. Carolina's offensive line also featured two Pro Bowl selections: center Ryan Kalil and guard Trai Turner.",IRRELEVANT,True,True,True
57373d0cc3c5551400e51e89,easy,2,para:1007,What did Aristotle refer to forced motion as?,"['unnatural', 'natural motion', 'continued application of a force']","Not only are all the major British architects of the last four hundred years represented, but many European (especially Italian) and American architects' drawings are held in the collection. The RIBA's holdings of over 330 drawings by Andrea Palladio are the largest in the world, other Europeans well represented are Jacques Gentilhatre and Antonio Visentini. British architects whose drawings, and in some cases models of their buildings, in the collection, include: Inigo Jones, Sir Christopher Wren, Sir John Vanbrugh, Nicholas Hawksmoor, William Kent, James Gibbs, Robert Adam, Sir William Chambers, James Wyatt, Henry Holland, John Nash, Sir John Soane, Sir Charles Barry, Charles Robert Cockerell, Augustus Welby Northmore Pugin, Sir George Gilbert Scott, John Loughborough Pearson, George Edmund Street, Richard Norman Shaw, Alfred Waterhouse, Sir Edwin Lutyens, Charles Rennie Mackintosh, Charles Holden, Frank Hoar, Lord Richard Rogers, Lord Norman Foster, Sir Nicholas Grimshaw, Zaha Hadid and Alick Horsnell.",IRRELEVANT,True,True,True
57373d0cc3c5551400e51e89,easy,3,para:102,What did Aristotle refer to forced motion as?,"['unnatural', 'natural motion', 'continued application of a force']","Warsaw (Polish: Warszawa [varˈʂava] ( listen); see also other names) is the capital and largest city of Poland. It stands on the Vistula River in east-central Poland, roughly 260 kilometres (160 mi) from the Baltic Sea and 300 kilometres (190 mi) from the Carpathian Mountains. Its population is estimated at 1.740 million residents within a greater metropolitan area of 2.666 million residents, which makes Warsaw the 9th most-populous capital city in the European Union. The city limits cover 516.9 square kilometres (199.6 sq mi), while the metropolitan area covers 6,100.43 square kilometres (2,355.39 sq mi).",IRRELEVANT,True,True,True
57373d0cc3c5551400e51e89,easy,4,para:1025,What did Aristotle refer to forced motion as?,"['unnatural', 'natural motion', 'continued application of a force']","The collection of drawings includes over 10,000 British and 2,000 old master works, including works by: Dürer, Giovanni Benedetto Castiglione, Bernardo Buontalenti, Rembrandt, Antonio Verrio, Paul Sandby, John Russell, Angelica Kauffman, John Flaxman, Hugh Douglas Hamilton, Thomas Rowlandson, William Kilburn, Thomas Girtin, Jean Auguste Dominique Ingres, David Wilkie, John Martin, Samuel Palmer, Sir Edwin Henry Landseer, Lord Frederic Leighton, Sir Samuel Luke Fildes and Aubrey Beardsley. Modern British artists represented in the collection include: Paul Nash, Percy Wyndham Lewis, Eric Gill, Stanley Spencer, John Piper, Graham Sutherland, Lucian Freud and David Hockney.",IRRELEVANT,True,True,True
57373d0cc3c5551400e51e89,easy,5,para:1039,What did Aristotle refer to forced motion as?,"['unnatural', 'natural motion', 'continued application of a force']","The collection of Italian, Medieval, Renaissance, Baroque and Neoclassical sculpture (both original and in cast form) is unequalled outside of Italy. It includes Canova's The Three Graces, which the museum jointly owns with National Galleries of Scotland. Italian sculptors whose work is held by the museum include: Bartolomeo Bon, Bartolomeo Bellano, Luca della Robbia, Giovanni Pisano, Donatello, Agostino di Duccio, Andrea Riccio, Antonio Rossellino, Andrea del Verrocchio, Antonio Lombardo, Pier Jacopo Alari Bonacolsi, Andrea della Robbia, Michelozzo di Bartolomeo, Michelangelo (represented by a freehand wax model and casts of his most famous sculptures), Jacopo Sansovino, Alessandro Algardi, Antonio Calcagni, Benvenuto Cellini (Medusa's head dated c. 1547), Agostino Busti, Bartolomeo Ammannati, Giacomo della Porta, Giambologna (Samson Slaying a Philistine (Giambologna) c. 1562, his finest work outside Italy), Bernini (Neptune and Triton c. 1622–3), Giovanni Battista Foggini, Vincenzo Foggini (Samson and the Philistines), Massimiliano Soldani Benzi, Antonio Corradini, Andrea Brustolon, Giovanni Battista Piranesi, Innocenzo Spinazzi, Canova, Carlo Marochetti and Raffaelle Monti. An unusual sculpture is the ancient Roman statue of Narcissus restored by Valerio Cioli c1564 with plaster. There are several small scale bronzes by Donatello, Alessandro Vittoria, Tiziano Aspetti and Francesco Fanelli in the collection. The largest item from Italy is the Chancel Chapel from Santa Chiara Florence dated 1493–1500, designed by Giuliano da Sangallo it is 11.1 metres in height by 5.4 metres square, it includes a grand sculpted tabernacle by Antonio Rossellino and coloured terracotta decoration.",IRRELEVANT,True,True,True
57373d0cc3c5551400e51e89,easy,6,para:1041,What did Aristotle refer to forced motion as?,"['unnatural', 'natural motion', 'continued application of a force']","Sculptors both British and Europeans who were based in Britain and whose work is in the collection include Nicholas Stone, Caius Gabriel Cibber, Grinling Gibbons, John Michael Rysbrack, Louis-François Roubiliac, Peter Scheemakers, Sir Henry Cheere, Agostino Carlini, Thomas Banks, Joseph Nollekens, Joseph Wilton, John Flaxman, Sir Francis Chantrey, John Gibson, Edward Hodges Baily, Lord Leighton, Alfred Stevens, Thomas Brock, Alfred Gilbert, George Frampton, and Eric Gill. A sample of some of these sculptors' work is on display in the British Galleries.",IRRELEVANT,True,True,True
57373d0cc3c5551400e51e89,easy,7,para:1044,What did Aristotle refer to forced motion as?,"['unnatural', 'natural motion', 'continued application of a force']","The tapestry collection includes a fragment of the Cloth of St Gereon, the oldest known surviving European tapestry. A highlight of the collection is the four Devonshire Hunting Tapestries, very rare 15th-century tapestries, woven in the Netherlands, depicting the hunting of various animals; not just their age but their size make these unique. Both of the major English centres of tapestry weaving of the 16th and 17th centuries respectively, Sheldon & Mortlake are represented in the collection by several examples. Also included are tapestries from John Vanderbank's workshop which was the leading English tapestry manufactory in the late 17th century and early 18th century. Some of the finest tapestries are examples from the Gobelins workshop, including a set of 'Jason and the Argonauts' dating from the 1750s. Other continental centres of tapestry weaving with work in the collection include Brussels, Tournai, Beauvais, Strasbourg and Florence.",IRRELEVANT,True,True,True
57373d0cc3c5551400e51e89,easy,8,para:1046,What did Aristotle refer to forced motion as?,"['unnatural', 'natural motion', 'continued application of a force']","The V&A Theatre & Performance galleries, formerly the Theatre Museum, opened in March 2009. The collections are stored by the V&A, and are available for research, exhibitions and other shows. They hold the UK's biggest national collection of material about live performance in the UK since Shakespeare's day, covering drama, dance, musical theatre, circus, music hall, rock and pop, and most other forms of live entertainment. Types of items displayed include costumes, set models, wigs, prompt books, and posters.",IRRELEVANT,True,True,True
57373d0cc3c5551400e51e89,easy,9,para:1126,What did Aristotle refer to forced motion as?,"['unnatural', 'natural motion', 'continued application of a force']","ABC also owns the Times Square Studios at 1500 Broadway on land in Times Square owned by a development fund for the 42nd Street Project; opened in 1999, Good Morning America and Nightline are broadcast from this particular facility. ABC News has premises a little further on West 66th Street, in a six-story building occupying a 196 feet (60 m) × 379 feet (116 m) plot at 121–135 West End Avenue. The block of West End Avenue housing the ABC News building was renamed Peter Jennings Way in 2006 in honor of the recently deceased longtime ABC News chief anchor and anchor of World News Tonight.",IRRELEVANT,True,True,True
57373d0cc3c5551400e51e89,easy,10,para:1203,What did Aristotle refer to forced motion as?,"['unnatural', 'natural motion', 'continued application of a force']","In Ancient Greece, Diocles of Carystus (4th century BC) was one of several men studying the medicinal properties of plants. He wrote several treatises on the topic. The Greek physician Pedanius Dioscorides is famous for writing a five volume book in his native Greek Περί ύλης ιατρικής in the 1st century AD. The Latin translation De Materia Medica (Concerning medical substances) was used a basis for many medieval texts, and was built upon by many middle eastern scientists during the Islamic Golden Age. The title coined the term materia medica.",IRRELEVANT,True,True,True
57373d0cc3c5551400e51e89,easy,11,para:1239,What did Aristotle refer to forced motion as?,"['unnatural', 'natural motion', 'continued application of a force']","Leukocytes (white blood cells) act like independent, single-celled organisms and are the second arm of the innate immune system. The innate leukocytes include the phagocytes (macrophages, neutrophils, and dendritic cells), mast cells, eosinophils, basophils, and natural killer cells. These cells identify and eliminate pathogens, either by attacking larger pathogens through contact or by engulfing and then killing microorganisms. Innate cells are also important mediators in the activation of the adaptive immune system.",IRRELEVANT,True,True,True
57373d0cc3c5551400e51e89,easy,12,para:131,What did Aristotle refer to forced motion as?,"['unnatural', 'natural motion', 'continued application of a force']","In 1096, Crusaders passing by the siege of Amalfi were joined by Bohemond of Taranto and his nephew Tancred with an army of Italo-Normans. Bohemond was the de facto leader of the Crusade during its passage through Asia Minor. After the successful Siege of Antioch in 1097, Bohemond began carving out an independent principality around that city. Tancred was instrumental in the conquest of Jerusalem and he worked for the expansion of the Crusader kingdom in Transjordan and the region of Galilee.[citation needed]",IRRELEVANT,True,True,True
57373d0cc3c5551400e51e89,easy,13,para:132,What did Aristotle refer to forced motion as?,"['unnatural', 'natural motion', 'continued application of a force']","The conquest of Cyprus by the Anglo-Norman forces of the Third Crusade opened a new chapter in the history of the island, which would be under Western European domination for the following 380 years. Although not part of a planned operation, the conquest had much more permanent results than initially expected.",IRRELEVANT,True,True,True
57373d0cc3c5551400e51e89,easy,14,para:1341,What did Aristotle refer to forced motion as?,"['unnatural', 'natural motion', 'continued application of a force']","Some of the oldest schools in South Africa are private church schools that were established by missionaries in the early nineteenth century. The private sector has grown ever since. After the abolition of apartheid, the laws governing private education in South Africa changed significantly. The South African Schools Act of 1996 recognises two categories of schools: ""public"" (state-controlled) and ""independent"" (which includes traditional private schools and schools which are privately governed[clarification needed].)",IRRELEVANT,True,True,True
57373d0cc3c5551400e51e89,easy,15,para:1351,What did Aristotle refer to forced motion as?,"['unnatural', 'natural motion', 'continued application of a force']","The University is organized into eleven separate academic units—ten faculties and the Radcliffe Institute for Advanced Study—with campuses throughout the Boston metropolitan area: its 209-acre (85 ha) main campus is centered on Harvard Yard in Cambridge, approximately 3 miles (5 km) northwest of Boston; the business school and athletics facilities, including Harvard Stadium, are located across the Charles River in the Allston neighborhood of Boston and the medical, dental, and public health schools are in the Longwood Medical Area. Harvard's $37.6 billion financial endowment is the largest of any academic institution.",IRRELEVANT,True,True,True
57373d0cc3c5551400e51e89,easy,16,para:1352,What did Aristotle refer to forced motion as?,"['unnatural', 'natural motion', 'continued application of a force']","Harvard was formed in 1636 by vote of the Great and General Court of the Massachusetts Bay Colony. It was initially called ""New College"" or ""the college at New Towne"". In 1638, the college became home for North America's first known printing press, carried by the ship John of London. In 1639, the college was renamed Harvard College after deceased clergyman John Harvard, who was an alumnus of the University of Cambridge. He had left the school £779 and his library of some 400 books. The charter creating the Harvard Corporation was granted in 1650.",IRRELEVANT,True,True,True
57373d0cc3c5551400e51e89,easy,17,para:1358,What did Aristotle refer to forced motion as?,"['unnatural', 'natural motion', 'continued application of a force']","Women remained segregated at Radcliffe, though more and more took Harvard classes. Nonetheless, Harvard's undergraduate population remained predominantly male, with about four men attending Harvard College for every woman studying at Radcliffe. Following the merger of Harvard and Radcliffe admissions in 1977, the proportion of female undergraduates steadily increased, mirroring a trend throughout higher education in the United States. Harvard's graduate schools, which had accepted females and other groups in greater numbers even before the college, also became more diverse in the post-World War II period.",IRRELEVANT,True,True,True
57373d0cc3c5551400e51e89,easy,18,para:1360,What did Aristotle refer to forced motion as?,"['unnatural', 'natural motion', 'continued application of a force']","The Harvard Business School and many of the university's athletics facilities, including Harvard Stadium, are located on a 358-acre (145 ha) campus opposite the Cambridge campus in Allston. The John W. Weeks Bridge is a pedestrian bridge over the Charles River connecting both campuses. The Harvard Medical School, Harvard School of Dental Medicine, and the Harvard School of Public Health are located on a 21-acre (8.5 ha) campus in the Longwood Medical and Academic Area approximately 3.3 miles (5.3 km) southwest of downtown Boston and 3.3 miles (5.3 km) south of the Cambridge campus.",IRRELEVANT,True,True,True
57373d0cc3c5551400e51e89,easy,19,para:137,What did Aristotle refer to forced motion as?,"['unnatural', 'natural motion', 'continued application of a force']","Between 1402 and 1405, the expedition led by the Norman noble Jean de Bethencourt and the Poitevine Gadifer de la Salle conquered the Canarian islands of Lanzarote, Fuerteventura and El Hierro off the Atlantic coast of Africa. Their troops were gathered in Normandy, Gascony and were later reinforced by Castilian colonists.",IRRELEVANT,True,True,True
57373d0cc3c5551400e51e89,easy,20,para:1377,What did Aristotle refer to forced motion as?,"['unnatural', 'natural motion', 'continued application of a force']","Other: Civil rights leader W. E. B. Du Bois; philosopher Henry David Thoreau; authors Ralph Waldo Emerson and William S. Burroughs; educators Werner Baer, Harlan Hanson; poets Wallace Stevens, T. S. Eliot and E. E. Cummings; conductor Leonard Bernstein; cellist Yo Yo Ma; pianist and composer Charlie Albright; composer John Alden Carpenter; comedian, television show host and writer Conan O'Brien; actors Tatyana Ali, Nestor Carbonell, Matt Damon, Fred Gwynne, Hill Harper, Rashida Jones, Tommy Lee Jones, Ashley Judd, Jack Lemmon, Natalie Portman, Mira Sorvino, Elisabeth Shue, and Scottie Thompson; film directors Darren Aronofsky, Terrence Malick, Mira Nair, and Whit Stillman; architect Philip Johnson; musicians Rivers Cuomo, Tom Morello, and Gram Parsons; musician, producer and composer Ryan Leslie; serial killer Ted Kaczynski; programmer and activist Richard Stallman; NFL quarterback Ryan Fitzpatrick; NFL center Matt Birk; NBA player Jeremy Lin; US Ski Team skier Ryan Max Riley; physician Sachin H. Jain; physicist J. Robert Oppenheimer; computer pioneer and inventor An Wang; Tibetologist George de Roerich; and Marshall Admiral Isoroku Yamamoto.",IRRELEVANT,True,True,True
57373d0cc3c5551400e51e89,easy,21,para:1379,What did Aristotle refer to forced motion as?,"['unnatural', 'natural motion', 'continued application of a force']","Jacksonville is the largest city by population in the U.S. state of Florida, and the largest city by area in the contiguous United States. It is the county seat of Duval County, with which the city government consolidated in 1968. Consolidation gave Jacksonville its great size and placed most of its metropolitan population within the city limits; with an estimated population of 853,382 in 2014, it is the most populous city proper in Florida and the Southeast, and the 12th most populous in the United States. Jacksonville is the principal city in the Jacksonville metropolitan area, with a population of 1,345,596 in 2010.",IRRELEVANT,True,True,True
57373d0cc3c5551400e51e89,easy,22,para:139,What did Aristotle refer to forced motion as?,"['unnatural', 'natural motion', 'continued application of a force']","The customary law of Normandy was developed between the 10th and 13th centuries and survives today through the legal systems of Jersey and Guernsey in the Channel Islands. Norman customary law was transcribed in two customaries in Latin by two judges for use by them and their colleagues: These are the Très ancien coutumier (Very ancient customary), authored between 1200 and 1245; and the Grand coutumier de Normandie (Great customary of Normandy, originally Summa de legibus Normanniae in curia laïcali), authored between 1235 and 1245.",IRRELEVANT,True,True,True
57373d0cc3c5551400e51e89,easy,23,para:1412,What did Aristotle refer to forced motion as?,"['unnatural', 'natural motion', 'continued application of a force']","Sociologist Jake Rosenfield of the University of Washington asserts that the decline of organized labor in the United States has played a more significant role in expanding the income gap than technological changes and globalization, which were also experienced by other industrialized nations that didn't experience steep surges in inequality. He points out that nations with high rates of unionization, particularly in Scandinavia, have very low levels of inequality, and concludes ""the historical pattern is clear; the cross-national pattern is clear: high inequality goes hand-in-hand with weak labor movements and vice-versa.""",IRRELEVANT,True,True,True
57373d0cc3c5551400e51e89,easy,24,para:1419,What did Aristotle refer to forced motion as?,"['unnatural', 'natural motion', 'continued application of a force']","Effects of inequality researchers have found include higher rates of health and social problems, and lower rates of social goods, a lower level of economic utility in society from resources devoted on high-end consumption, and even a lower level of economic growth when human capital is neglected for high-end consumption. For the top 21 industrialised countries, counting each person equally, life expectancy is lower in more unequal countries (r = -.907). A similar relationship exists among US states (r = -.620).",IRRELEVANT,True,True,True
57373d0cc3c5551400e51e89,easy,25,para:1421,What did Aristotle refer to forced motion as?,"['unnatural', 'natural motion', 'continued application of a force']","British researchers Richard G. Wilkinson and Kate Pickett have found higher rates of health and social problems (obesity, mental illness, homicides, teenage births, incarceration, child conflict, drug use), and lower rates of social goods (life expectancy by country, educational performance, trust among strangers, women's status, social mobility, even numbers of patents issued) in countries and states with higher inequality. Using statistics from 23 developed countries and the 50 states of the US, they found social/health problems lower in countries like Japan and Finland and states like Utah and New Hampshire with high levels of equality, than in countries (US and UK) and states (Mississippi and New York) with large differences in household income.",IRRELEVANT,True,True,True
57373d0cc3c5551400e51e89,easy,26,para:1423,What did Aristotle refer to forced motion as?,"['unnatural', 'natural motion', 'continued application of a force']","In recent years the characteristic that has strongly correlated with health in developed countries is income inequality. Creating an index of ""Health and Social Problems"" from nine factors, authors Richard Wilkinson and Kate Pickett found health and social problems ""more common in countries with bigger income inequalities"", and more common among states in the US with larger income inequalities. Other studies have confirmed this relationship. The UNICEF index of ""child well-being in rich countries"", studying 40 indicators in 22 countries, correlates with greater equality but not per capita income.",IRRELEVANT,True,True,True
57373d0cc3c5551400e51e89,easy,27,para:144,What did Aristotle refer to forced motion as?,"['unnatural', 'natural motion', 'continued application of a force']","By far the most famous work of Norman art is the Bayeux Tapestry, which is not a tapestry but a work of embroidery. It was commissioned by Odo, the Bishop of Bayeux and first Earl of Kent, employing natives from Kent who were learned in the Nordic traditions imported in the previous half century by the Danish Vikings.",IRRELEVANT,True,True,True
57373d0cc3c5551400e51e89,easy,28,para:146,What did Aristotle refer to forced motion as?,"['unnatural', 'natural motion', 'continued application of a force']","Normandy was the site of several important developments in the history of classical music in the 11th century. Fécamp Abbey and Saint-Evroul Abbey were centres of musical production and education. At Fécamp, under two Italian abbots, William of Volpiano and John of Ravenna, the system of denoting notes by letters was developed and taught. It is still the most common form of pitch representation in English- and German-speaking countries today. Also at Fécamp, the staff, around which neumes were oriented, was first developed and taught in the 11th century. Under the German abbot Isembard, La Trinité-du-Mont became a centre of musical composition.",IRRELEVANT,True,True,True
57373d0cc3c5551400e51e89,easy,29,para:1478,What did Aristotle refer to forced motion as?,"['unnatural', 'natural motion', 'continued application of a force']","A different arrangement was recorded by Peter Howell for season 18 (1980), which was in turn replaced by Dominic Glynn's arrangement for the season-long serial The Trial of a Time Lord in season 23 (1986). Keff McCulloch provided the new arrangement for the Seventh Doctor's era which lasted from season 24 (1987) until the series' suspension in 1989. American composer John Debney created a new arrangement of Ron Grainer's original theme for Doctor Who in 1996. For the return of the series in 2005, Murray Gold provided a new arrangement which featured samples from the 1963 original with further elements added; in the 2005 Christmas episode ""The Christmas Invasion"", Gold introduced a modified closing credits arrangement that was used up until the conclusion of the 2007 series.[citation needed]",IRRELEVANT,True,True,True
57373d0cc3c5551400e51e89,easy,30,para:1488,What did Aristotle refer to forced motion as?,"['unnatural', 'natural motion', 'continued application of a force']","In Australia, the show has had a strong fan base since its inception, having been exclusively first run by the Australian Broadcasting Corporation (ABC) since January 1965. The ABC has periodically repeated episodes; of note were the weekly screenings of all available classic episodes starting in 2003, for the show's 40th anniversary, and the weekdaily screenings of all available revived episodes in 2013 for the show's 50th anniversary. The ABC broadcasts the modern series first run on ABC1, with repeats on ABC2. The ABC also provided partial funding for the 20th anniversary special The Five Doctors in 1983. Repeats of both the classic and modern series have also been shown on subscription television channels BBC UKTV, SF and later on SyFy upon SF's closure.[citation needed]",IRRELEVANT,True,True,True
5705ec1675f01819005e7772,hard,1,para:965,What is the shortened name of the annual yacht race that takes place?,['Transpac'],"The Hoppings, reputedly the largest travelling fair in Europe, takes place on Newcastle Town Moor every June. The event has its origins in the Temperance Movement during the early 1880s and coincides with the annual race week at High Gosforth Park. Newcastle Community Green Festival, which claims to be the UK's biggest free community environmental festival, also takes place every June, in Leazes Park. The Northern Rock Cyclone, a cycling festival, takes place within, or starting from, Newcastle in June. The Northern Pride Festival and Parade is held in Leazes Park and in the city's Gay Community in mid July. The Ouseburn Festival, a family oriented weekend festival near the city centre, incorporating a ""Family Fun Day"" and ""Carnival Day"", is held in late July.",IRRELEVANT,True,True,True
5705ec1675f01819005e7772,hard,2,para:971,What is the shortened name of the annual yacht race that takes place?,['Transpac'],"Newcastle has a horse racing course at Gosforth Park. The city is also home to the Newcastle Eagles basketball team who play their home games at the new Sport Central complex at Northumbria University. The Eagles are the most successful team in the history of the British Basketball League (BBL). The city's speedway team Newcastle Diamonds are based at Brough Park in Byker, a venue that is also home to greyhound racing. Newcastle also hosts the start of the annual Great North Run, the world's largest half-marathon in which participants race over the Tyne Bridge into Gateshead and then towards the finish line 13.1 miles (21.1 km) away on the coast at South Shields. Another famous athletic event is the 5.9-mile (9.5 km) Blaydon Race (a road race from Newcastle to Blaydon), which has taken place on 9 June annually since 1981, to commemorate the celebrated Blaydon Races horse racing.",IRRELEVANT,True,True,True
5705ec1675f01819005e7772,hard,3,para:1840,What is the shortened name of the annual yacht race that takes place?,['Transpac'],"Parliamentary time is also set aside for question periods in the debating chamber. A ""General Question Time"" takes place on a Thursday between 11:40 a.m. and 12 p.m. where members can direct questions to any member of the Scottish Government. At 2.30pm, a 40-minute long themed ""Question Time"" takes place, where members can ask questions of ministers in departments that are selected for questioning that sitting day, such as health and justice or education and transport. Between 12 p.m. and 12:30 p.m. on Thursdays, when Parliament is sitting, First Minister's Question Time takes place. This gives members an opportunity to question the First Minister directly on issues under their jurisdiction. Opposition leaders ask a general question of the First Minister and then supplementary questions. Such a practice enables a ""lead-in"" to the questioner, who then uses their supplementary question to ask the First Minister any issue. The four general questions available to opposition leaders are:",IRRELEVANT,True,True,True
5705ec1675f01819005e7772,hard,4,para:75,What is the shortened name of the annual yacht race that takes place?,['Transpac'],"Warsaw's name in the Polish language is Warszawa, approximately /vɑːrˈʃɑːvə/ (also formerly spelled Warszewa and Warszowa), meaning ""belonging to Warsz"", Warsz being a shortened form of the masculine name of Slavic origin Warcisław; see also etymology of Wrocław. Folk etymology attributes the city name to a fisherman, Wars, and his wife, Sawa. According to legend, Sawa was a mermaid living in the Vistula River with whom Wars fell in love. In actuality, Warsz was a 12th/13th-century nobleman who owned a village located at the modern-day site of Mariensztat neighbourhood. See also the Vršovci family which had escaped to Poland. The official city name in full is miasto stołeczne Warszawa (English: ""The Capital City of Warsaw""). A native or resident of Warsaw is known as a Varsovian – in Polish warszawiak (male), warszawianka (female), warszawiacy (plural).",IRRELEVANT,True,True,True
5705ec1675f01819005e7772,hard,5,para:1301,What is the shortened name of the annual yacht race that takes place?,['Transpac'],"Construction is the process of constructing a building or infrastructure. Construction differs from manufacturing in that manufacturing typically involves mass production of similar items without a designated purchaser, while construction typically takes place on location for a known client. Construction as an industry comprises six to nine percent of the gross domestic product of developed countries. Construction starts with planning,[citation needed] design, and financing and continues until the project is built and ready for use.",IRRELEVANT,True,True,True
5705ec1675f01819005e7772,hard,6,para:964,What is the shortened name of the annual yacht race that takes place?,['Transpac'],"The Newcastle Beer Festival, organized by CAMRA, takes place in April. In May, Newcastle and Gateshead host the Evolution Festival, a music festival held on the Newcastle and Gateshead Quaysides over the Spring bank holiday, with performances by acts from the world of Rock, Indie and Dance music. The biennial AV Festival of international electronic art, featuring exhibitions, concerts, conferences and film screenings, is held in March. The North East Art Expo, a festival of art and design from the regions professional artists, is held in late May. EAT! NewcastleGateshead, a festival of food and drink, runs for 2 weeks each year in mid June.",IRRELEVANT,True,True,True
5705ec1675f01819005e7772,hard,7,para:1906,What is the shortened name of the annual yacht race that takes place?,['Transpac'],"The concept environmental determinism served as a moral justification for domination of certain territories and peoples. It was believed that a certain person's behaviours were determined by the environment in which they lived and thus validated their domination. For example, people living in tropical environments were seen as ""less civilized"" therefore justifying colonial control as a civilizing mission. Across the three waves of European colonialism (first in the Americas, second in Asia and lastly in Africa), environmental determinism was used to categorically place indigenous people in a racial hierarchy. This takes two forms, orientalism and tropicality.",IRRELEVANT,True,True,True
5705ec1675f01819005e7772,hard,8,para:1295,What is the shortened name of the annual yacht race that takes place?,['Transpac'],"Sometimes the prosecution proposes a plea bargain to civil disobedients, as in the case of the Camden 28, in which the defendants were offered an opportunity to plead guilty to one misdemeanor count and receive no jail time. In some mass arrest situations, the activists decide to use solidarity tactics to secure the same plea bargain for everyone. But some activists have opted to enter a blind plea, pleading guilty without any plea agreement in place. Mohandas Gandhi pleaded guilty and told the court, ""I am here to . . . submit cheerfully to the highest penalty that can be inflicted upon me for what in law is a deliberate crime and what appears to me to be the highest duty of a citizen.""",IRRELEVANT,True,True,True
5705ec1675f01819005e7772,hard,9,para:1964,What is the shortened name of the annual yacht race that takes place?,['Transpac'],"All clergy appointments are made and fixed annually by the resident bishop on the advice of the Annual Conference Cabinet, which is composed of the Area Provost/Dean (if one is appointed) and the several District Superintendents of the Districts of the Annual Conference. Until the bishop has read the appointments at the session of the Annual Conference, no appointments are officially fixed. Many Annual Conferences try to avoid making appointment changes between sessions of Annual Conference. While an appointment is made one year at a time, it is most common for an appointment to be continued for multiple years. Appointment tenures in extension ministries, such as military chaplaincy, campus ministry, missions, higher education and other ministries beyond the local church are often even longer.",IRRELEVANT,True,True,True
5705ec1675f01819005e7772,hard,10,para:299,What is the shortened name of the annual yacht race that takes place?,['Transpac'],"Teaching using pedagogy also involve assessing the educational levels of the students on particular skills. Understanding the pedagogy of the students in a classroom involves using differentiated instruction as well as supervision to meet the needs of all students in the classroom. Pedagogy can be thought of in two manners. First, teaching itself can be taught in many different ways, hence, using a pedagogy of teaching styles. Second, the pedagogy of the learners comes into play when a teacher assesses the pedagogic diversity of his/her students and differentiates for the individual students accordingly. For example, an experienced teacher and parent described the place of a teacher in learning as follows: ""The real bulk of learning takes place in self-study and problem solving with a lot of feedback around that loop. The function of the teacher is to pressure the lazy, inspire the bored, deflate the cocky, encourage the timid, detect and correct individual flaws, and broaden the viewpoint of all. This function looks like that of a coach using the whole gamut of psychology to get each new class of rookies off the bench and into the game.""",IRRELEVANT,True,True,True
5705ec1675f01819005e7772,hard,11,para:544,What is the shortened name of the annual yacht race that takes place?,['Transpac'],"In this last connection, the name could suggest the derogatory inference of superstitious worship; popular fancy held that Huguon, the gate of King Hugo, was haunted by the ghost of le roi Huguet (regarded by Roman Catholics as an infamous scoundrel) and other spirits, who instead of being in Purgatory came back to harm the living at night. It was in this place in Tours that the prétendus réformés (""these supposedly 'reformed'"") habitually gathered at night, both for political purposes, and for prayer and singing psalms. Such explanations have been traced to the contemporary, Reguier de la Plancha (d. 1560), who in De l'Estat de France offered the following account as to the origin of the name, as cited by The Cape Monthly:",IRRELEVANT,True,True,True
5705ec1675f01819005e7772,hard,12,para:1960,What is the shortened name of the annual yacht race that takes place?,['Transpac'],"The Annual Conference, roughly the equivalent of a diocese in the Anglican Communion and the Roman Catholic Church or a synod in some Lutheran denominations such as the Evangelical Lutheran Church in America, is the basic unit of organization within the UMC. The term Annual Conference is often used to refer to the geographical area it covers as well as the frequency of meeting. Clergy are members of their Annual Conference rather than of any local congregation, and are appointed to a local church or other charge annually by the conference's resident Bishop at the meeting of the Annual Conference. In many ways, the United Methodist Church operates in a connectional organization of the Annual Conferences, and actions taken by one conference are not binding upon another.",IRRELEVANT,True,True,True
5705ec1675f01819005e7772,hard,13,para:854,What is the shortened name of the annual yacht race that takes place?,['Transpac'],"In the north eastern part of Fresno, Woodward Park was founded by the late Ralph Woodward, a long-time Fresno resident. He bequeathed a major portion of his estate in 1968 to provide a regional park and bird sanctuary in Northeast Fresno. The park lies on the South bank of the San Joaquin River between Highway 41 and Friant Road. The initial 235 acres (0.95 km2), combined with additional acres acquired later by the City, brings the park to a sizable 300 acres (1.2 km2). Now packed with amenities, Woodward Park is the only Regional Park of its size in the Central Valley. The Southeast corner of the park harbors numerous bird species offering bird enthusiasts an excellent opportunity for viewing. The park has a multi-use amphitheatre that seats up to 2,500 people, authentic Japanese Garden, fenced dog park, two-mile (3 km) equestrian trail, exercise par course, three children's playgrounds, a lake, 3 small ponds, 7 picnic areas and five miles (8 km) of multipurpose trails that are part of the San Joaquin River Parkway's Lewis S. Eaton Trail. When complete, the Lewis S. Eaton trail system will cover 22 miles (35 km) between Highway 99 and Friant Dam. The park's numerous picnic tables make for a great picnic destination and a convenient escape from city life. The park's amphetheatre was renovated in 2010, and has hosted performances by acts such as Deftones, Tech N9ne, and Sevendust as well as numerous others. The park is open April through October, 6am to 10pm and November through March, 6am to 7pm. Woodward Park is home to the annual CIF(California Interscholastic Federation) State Championship cross country meet, which takes place in late November. It is also the home of the Woodward Shakespeare Festival which began performances in the park in 2005.",IRRELEVANT,True,True,True
5705ec1675f01819005e7772,hard,14,para:1834,What is the shortened name of the annual yacht race that takes place?,['Transpac'],"Stage 1 is the first, or introductory stage of the bill, where the minister or member in charge of the bill will formally introduce it to Parliament together with its accompanying documents – Explanatory Notes, a Policy Memorandum setting out the policy underlying the bill, and a Financial Memorandum setting out the costs and savings associated with it. Statements from the Presiding Officer and the member in charge of the bill are also lodged indicating whether the bill is within the legislative competence of the Parliament. Stage 1 usually takes place, initially, in the relevant committee or committees and is then submitted to the whole Parliament for a full debate in the chamber on the general principles of the bill. If the whole Parliament agrees in a vote to the general principles of the bill, it then proceeds to Stage 2.",IRRELEVANT,True,True,True
5705ec1675f01819005e7772,hard,15,para:1595,What is the shortened name of the annual yacht race that takes place?,['Transpac'],"The Republic of Kenya is named after Mount Kenya. The origin of the name Kenya is not clear, but perhaps linked to the Kikuyu, Embu and Kamba words Kirinyaga, Kirenyaa and Kiinyaa which mean ""God's resting place"" in all three languages. If so, then the British may not so much have mispronounced it ('Keenya'), as misspelled it. Prehistoric volcanic eruptions of Mount Kenya (now extinct) may have resulted in its association with divinity and creation among the indigenous Bantu ethnic groups, who are the native inhabitants of the agricultural land surrounding Mount Kenya.[original research?]",IRRELEVANT,True,True,True
5705ec1675f01819005e7772,hard,16,para:966,What is the shortened name of the annual yacht race that takes place?,['Transpac'],"Newcastle Mela, held on the late August bank holiday weekend, is an annual two-day multicultural event, blending drama, music and food from Punjabi, Pakistani, Bengali and Hindu cultures. NewcastleGateshead also holds an annual International Arts Fair. The 2009 event will be in the Norman Foster designed Sage Gateshead Music and Arts Centre in September. In October, there is the Design Event festival—an annual festival providing the public with an opportunity to see work by regional, national and international designers. The SAMA Festival, an East Asian cultural festival is also held in early October.",IRRELEVANT,True,True,True
5705ec1675f01819005e7772,hard,17,para:1766,What is the shortened name of the annual yacht race that takes place?,['Transpac'],"The length of the Rhine is conventionally measured in ""Rhine-kilometers"" (Rheinkilometer), a scale introduced in 1939 which runs from the Old Rhine Bridge at Constance (0 km) to Hoek van Holland (1036.20 km). The river length is significantly shortened from the river's natural course due to number of canalisation projects completed in the 19th and 20th century.[note 7] The ""total length of the Rhine"", to the inclusion of Lake Constance and the Alpine Rhine is more difficult to measure objectively; it was cited as 1,232 kilometres (766 miles) by the Dutch Rijkswaterstaat in 2010.[note 1]",IRRELEVANT,True,True,True
5705ec1675f01819005e7772,hard,18,para:1991,What is the shortened name of the annual yacht race that takes place?,['Transpac'],"In his extensively detailed report, Céloron wrote, ""All I can say is that the Natives of these localities are very badly disposed towards the French, and are entirely devoted to the English. I don't know in what way they could be brought back."" Even before his return to Montreal, reports on the situation in the Ohio Country were making their way to London and Paris, each side proposing that action be taken. William Shirley, the expansionist governor of the Province of Massachusetts Bay, was particularly forceful, stating that British colonists would not be safe as long as the French were present. Conflicts between the colonies, accomplished through raiding parties that included Indian allies, had taken place for decades, leading to a brisk trade in European colonial captives from either side.",IRRELEVANT,True,True,True
5705ec1675f01819005e7772,hard,19,para:1091,What is the shortened name of the annual yacht race that takes place?,['Transpac'],"In the early 1970s, ABC completed its transition to color; the decade as a whole would mark a turning point for ABC, as it began to pass CBS and NBC in the ratings to become the first place network. It also began to use behavioral and demographic data to better determine what types of sponsors to sell advertising slots to and provide programming that would appeal towards certain audiences. ABC's gains in audience share were greatly helped by the fact that several smaller markets had grown large enough to allow full-time affiliations from all three networks.",IRRELEVANT,True,True,True
5705ec1675f01819005e7772,hard,20,para:418,What is the shortened name of the annual yacht race that takes place?,['Transpac'],"In 1523, Luther wrote that Jesus Christ was born a Jew which discouraged mistreatment of the Jews and advocated their conversion by proving that the Old Testament could be shown to speak of Jesus Christ. However, as the Reformation continued, Luther began to lose hope in large-scale Jewish conversion to Christianity. In his later years, Luther grew more hostile toward the Jews, writing against them with the kind of venom he had already unleashed on the Anabaptists, Zwinglianism, and the papacy. His 1543 treatise Von den Juden und ihren Lügen (On the Jews and Their Lies) took its place among other anti-Jewish literature of the times, although historians acknowledge that this treatise was particularly extreme, even by the standards of sixteenth century Europe. In it, he takes a hardline against Judaism, writing that synagogues and Jewish homes should be destroyed, their money confiscated, and liberty curtailed. These statements and their influence on antisemitism have contributed to his controversial status.",IRRELEVANT,True,True,True
5705ec1675f01819005e7772,hard,21,para:1596,What is the shortened name of the annual yacht race that takes place?,['Transpac'],"Ludwig Krapf recorded the name as both Kenia and Kegnia believed by most to be a corruption of the Kamba version. Others say that this was—on the contrary—a very precise notation of a correct African pronunciation /ˈkɛnjə/. An 1882 map drawn by Joseph Thompsons, a Scottish geologist and naturalist, indicated Mt. Kenya as Mt. Kenia, 1862. Controversy over the actual meaning of the word Kenya notwithstanding, it is clear that the mountain's name became widely accepted, pars pro toto, as the name of the country.",IRRELEVANT,True,True,True
5705ec1675f01819005e7772,hard,22,para:1382,What is the shortened name of the annual yacht race that takes place?,['Transpac'],"The area of the modern city of Jacksonville has been inhabited for thousands of years. On Black Hammock Island in the national Timucuan Ecological and Historic Preserve, a University of North Florida team discovered some of the oldest remnants of pottery in the United States, dating to 2500 BC. In the 16th century, the beginning of the historical era, the region was inhabited by the Mocama, a coastal subgroup of the Timucua people. At the time of contact with Europeans, all Mocama villages in present-day Jacksonville were part of the powerful chiefdom known as the Saturiwa, centered around the mouth of the St. Johns River. One early map shows a village called Ossachite at the site of what is now downtown Jacksonville; this may be the earliest recorded name for that area.",IRRELEVANT,True,True,True
5705ec1675f01819005e7772,hard,23,para:260,What is the shortened name of the annual yacht race that takes place?,['Transpac'],"For example, consider the deterministic sorting algorithm quicksort. This solves the problem of sorting a list of integers that is given as the input. The worst-case is when the input is sorted or sorted in reverse order, and the algorithm takes time O(n2) for this case. If we assume that all possible permutations of the input list are equally likely, the average time taken for sorting is O(n log n). The best case occurs when each pivoting divides the list in half, also needing O(n log n) time.",IRRELEVANT,True,True,True
5705ec1675f01819005e7772,hard,24,para:1649,What is the shortened name of the annual yacht race that takes place?,['Transpac'],"The IPCC receives funding through the IPCC Trust Fund, established in 1989 by the United Nations Environment Programme (UNEP) and the World Meteorological Organization (WMO), Costs of the Secretary and of housing the secretariat are provided by the WMO, while UNEP meets the cost of the Depute Secretary. Annual cash contributions to the Trust Fund are made by the WMO, by UNEP, and by IPCC Members; the scale of payments is determined by the IPCC Panel, which is also responsible for considering and adopting by consensus the annual budget. The organisation is required to comply with the Financial Regulations and Rules of the WMO.",IRRELEVANT,True,True,True
5705ec1675f01819005e7772,hard,25,para:846,What is the shortened name of the annual yacht race that takes place?,['Transpac'],"The popular neighborhood known as the Tower District is centered around the historic Tower Theatre, which is included on the National List of Historic Places. The theater was built in 1939 and is at Olive and Wishon Avenues in the heart of the Tower District. (The name of the theater refers to a well-known landmark water tower, which is actually in another nearby area). The Tower District neighborhood is just north of downtown Fresno proper, and one-half mile south of Fresno City College. Although the neighborhood was known as a residential area prior, the early commercial establishments of the Tower District began with small shops and services that flocked to the area shortly after World War II. The character of small local businesses largely remains today. To some extent, the businesses of the Tower District were developed due to the proximity of the original Fresno Normal School, (later renamed California State University at Fresno). In 1916 the college moved to what is now the site of Fresno City College one-half mile north of the Tower District.",IRRELEVANT,True,True,True
5705ec1675f01819005e7772,hard,26,para:270,What is the shortened name of the annual yacht race that takes place?,['Transpac'],"The most commonly used reduction is a polynomial-time reduction. This means that the reduction process takes polynomial time. For example, the problem of squaring an integer can be reduced to the problem of multiplying two integers. This means an algorithm for multiplying two integers can be used to square an integer. Indeed, this can be done by giving the same input to both inputs of the multiplication algorithm. Thus we see that squaring is not more difficult than multiplication, since squaring can be reduced to multiplication.",IRRELEVANT,True,True,True
5705ec1675f01819005e7772,hard,27,para:753,What is the shortened name of the annual yacht race that takes place?,['Transpac'],"The second main legislative body is the Council, which is composed of different ministers of the member states. The heads of government of member states also convene a ""European Council"" (a distinct body) that the TEU article 15 defines as providing the 'necessary impetus for its development and shall define the general political directions and priorities'. It meets each six months and its President (currently former Poland Prime Minister Donald Tusk) is meant to 'drive forward its work', but it does not itself 'legislative functions'. The Council does this: in effect this is the governments of the member states, but there will be a different minister at each meeting, depending on the topic discussed (e.g. for environmental issues, the member states' environment ministers attend and vote; for foreign affairs, the foreign ministers, etc.). The minister must have the authority to represent and bin the member states in decisions. When voting takes place it is weighted inversely to member state size, so smaller member states are not dominated by larger member states. In total there are 352 votes, but for most acts there must be a qualified majority vote, if not consensus. TEU article 16(4) and TFEU article 238(3) define this to mean at least 55 per cent of the Council members (not votes) representing 65 per cent of the population of the EU: currently this means around 74 per cent, or 260 of the 352 votes. This is critical during the legislative process.",IRRELEVANT,True,True,True
5705ec1675f01819005e7772,hard,28,para:1604,What is the shortened name of the annual yacht race that takes place?,['Transpac'],"The first direct elections for native Kenyans to the Legislative Council took place in 1957. Despite British hopes of handing power to ""moderate"" local rivals, it was the Kenya African National Union (KANU) of Jomo Kenyatta that formed a government. The Colony of Kenya and the Protectorate of Kenya each came to an end on 12 December 1963 with independence being conferred on all of Kenya. The United Kingdom ceded sovereignty over the Colony of Kenya and, under an agreement dated 8 October 1963, the Sultan of Zanzibar agreed that simultaneous with independence for the Colony of Kenya, the Sultan would cease to have sovereignty over the Protectorate of Kenya so that all of Kenya would be one sovereign, independent state. In this way, Kenya became an independent country under the Kenya Independence Act 1963 of the United Kingdom. Exactly 12 months later on 12 December 1964, Kenya became a republic under the name ""Republic of Kenya"".",IRRELEVANT,True,True,True
5705ec1675f01819005e7772,hard,29,para:231,What is the shortened name of the annual yacht race that takes place?,['Transpac'],"Tesla, like many of his era, became a proponent of an imposed selective breeding version of eugenics. His opinion stemmed from the belief that humans' ""pity"" had interfered with the natural ""ruthless workings of nature,"" rather than from conceptions of a ""master race"" or inherent superiority of one person over another. His advocacy of it was, however, to push it further. In a 1937 interview, he stated:",IRRELEVANT,True,True,True
5705ec1675f01819005e7772,hard,30,para:566,What is the shortened name of the annual yacht race that takes place?,['Transpac'],"In what became known as the St. Bartholomew's Day Massacre of 24 August – 3 October 1572, Catholics killed thousands of Huguenots in Paris. Similar massacres took place in other towns in the weeks following. The main provincial towns and cities experiencing the Massacre were Aix, Bordeaux, Bourges, Lyons, Meaux, Orleans, Rouen, Toulouse, and Troyes. Nearly 3,000 Protestants were slaughtered in Toulouse alone. The exact number of fatalities throughout the country is not known. On 23–24 August, between about 2,000 and 3,000 Protestants were killed in Paris and between 3,000 and 7,000 more in the French provinces. By 17 September, almost 25,000 Protestants had been massacred in Paris alone. Beyond Paris, the killings continued until 3 October. An amnesty granted in 1573 pardoned the perpetrators.[citation needed]",IRRELEVANT,True,True,True
5705ec1675f01819005e7772,easy,1,para:1377,What is the shortened name of the annual yacht race that takes place?,['Transpac'],"Other: Civil rights leader W. E. B. Du Bois; philosopher Henry David Thoreau; authors Ralph Waldo Emerson and William S. Burroughs; educators Werner Baer, Harlan Hanson; poets Wallace Stevens, T. S. Eliot and E. E. Cummings; conductor Leonard Bernstein; cellist Yo Yo Ma; pianist and composer Charlie Albright; composer John Alden Carpenter; comedian, television show host and writer Conan O'Brien; actors Tatyana Ali, Nestor Carbonell, Matt Damon, Fred Gwynne, Hill Harper, Rashida Jones, Tommy Lee Jones, Ashley Judd, Jack Lemmon, Natalie Portman, Mira Sorvino, Elisabeth Shue, and Scottie Thompson; film directors Darren Aronofsky, Terrence Malick, Mira Nair, and Whit Stillman; architect Philip Johnson; musicians Rivers Cuomo, Tom Morello, and Gram Parsons; musician, producer and composer Ryan Leslie; serial killer Ted Kaczynski; programmer and activist Richard Stallman; NFL quarterback Ryan Fitzpatrick; NFL center Matt Birk; NBA player Jeremy Lin; US Ski Team skier Ryan Max Riley; physician Sachin H. Jain; physicist J. Robert Oppenheimer; computer pioneer and inventor An Wang; Tibetologist George de Roerich; and Marshall Admiral Isoroku Yamamoto.",IRRELEVANT,True,True,True
5705ec1675f01819005e7772,easy,2,para:1378,What is the shortened name of the annual yacht race that takes place?,['Transpac'],"Harvard's faculty includes scholars such as biologist E. O. Wilson, cognitive scientist Steven Pinker, physicists Lisa Randall and Roy Glauber, chemists Elias Corey, Dudley R. Herschbach and George M. Whitesides, computer scientists Michael O. Rabin and Leslie Valiant, Shakespeare scholar Stephen Greenblatt, writer Louis Menand, critic Helen Vendler, historians Henry Louis Gates, Jr. and Niall Ferguson, economists Amartya Sen, N. Gregory Mankiw, Robert Barro, Stephen A. Marglin, Don M. Wilson III and Martin Feldstein, political philosophers Harvey Mansfield, Baroness Shirley Williams and Michael Sandel, Fields Medalist mathematician Shing-Tung Yau, political scientists Robert Putnam, Joseph Nye, and Stanley Hoffmann, scholar/composers Robert Levin and Bernard Rands, astrophysicist Alyssa A. Goodman, and legal scholars Alan Dershowitz and Lawrence Lessig.",IRRELEVANT,True,True,True
5705ec1675f01819005e7772,easy,3,para:192,What is the shortened name of the annual yacht race that takes place?,['Transpac'],"On 7 January 1900, Tesla left Colorado Springs.[citation needed] His lab was torn down in 1904, and its contents were sold two years later to satisfy a debt.",IRRELEVANT,True,True,True
5705ec1675f01819005e7772,easy,4,para:221,What is the shortened name of the annual yacht race that takes place?,['Transpac'],"Tesla was 6 feet 2 inches (1.88 m) tall and weighed 142 pounds (64 kg), with almost no weight variance from 1888 to about 1926.:292 He was an elegant, stylish figure in New York City, meticulous in his grooming, clothing, and regimented in his daily activities.",IRRELEVANT,True,True,True
5705ec1675f01819005e7772,easy,5,para:296,What is the shortened name of the annual yacht race that takes place?,['Transpac'],"In education, teachers facilitate student learning, often in a school or academy or perhaps in another environment such as outdoors. A teacher who teaches on an individual basis may be described as a tutor.",IRRELEVANT,True,True,True
5705ec1675f01819005e7772,easy,6,para:333,What is the shortened name of the annual yacht race that takes place?,['Transpac'],"Salaries for Nursery, Primary and Secondary School teachers ranged from £20,133 to £41,004 in September 2007, although some salaries can go much higher depending on experience and extra responsibilities. Preschool teachers may earn £20,980 annually.[citation needed] Teachers in state schools must have at least a bachelor's degree, complete an approved teacher education program, and be licensed.",IRRELEVANT,True,True,True
5705ec1675f01819005e7772,easy,7,para:334,What is the shortened name of the annual yacht race that takes place?,['Transpac'],"Many counties offer alternative licensing programs to attract people into teaching, especially for hard-to-fill positions. Excellent job opportunities are expected as retirements, especially among secondary school teachers, outweigh slowing enrollment growth; opportunities will vary by geographic area and subject taught.[citation needed]",IRRELEVANT,True,True,True
5705ec1675f01819005e7772,easy,8,para:162,What is the shortened name of the annual yacht race that takes place?,['Transpac'],"In 1882, Tesla began working for the Continental Edison Company in France, designing and making improvements to electrical equipment. In June 1884, he relocated to New York City:57–60 where he was hired by Thomas Edison to work at his Edison Machine Works on Manhattan's lower east side. Tesla's work for Edison began with simple electrical engineering and quickly progressed to solving more difficult problems.",IRRELEVANT,True,True,True
5705ec1675f01819005e7772,easy,9,para:436,What is the shortened name of the annual yacht race that takes place?,['Transpac'],"His poor physical health made him short-tempered and even harsher in his writings and comments. His wife Katharina was overheard saying, ""Dear husband, you are too rude,"" and he responded, ""They are teaching me to be rude."" In 1545 and 1546 Luther preached three times in the Market Church in Halle, staying with his friend Justus Jonas during Christmas.",IRRELEVANT,True,True,True
5705ec1675f01819005e7772,easy,10,para:2,What is the shortened name of the annual yacht race that takes place?,['Transpac'],"The Broncos took an early lead in Super Bowl 50 and never trailed. Newton was limited by Denver's defense, which sacked him seven times and forced him into three turnovers, including a fumble which they recovered for a touchdown. Denver linebacker Von Miller was named Super Bowl MVP, recording five solo tackles, 2½ sacks, and two forced fumbles.",IRRELEVANT,True,True,True
5705ec1675f01819005e7772,easy,11,para:234,What is the shortened name of the annual yacht race that takes place?,['Transpac'],"Tesla was raised an Orthodox Christian. Later in his life, he did not consider himself to be a ""believer in the orthodox sense,"" and opposed religious fanaticism. Despite this, he had a profound respect for both Buddhism and Christianity.",IRRELEVANT,True,True,True
5705ec1675f01819005e7772,easy,12,para:191,What is the shortened name of the annual yacht race that takes place?,['Transpac'],"In 1899, John Jacob Astor IV invested $100,000 for Tesla to further develop and produce a new lighting system. Instead, Tesla used the money to fund his Colorado Springs experiments.",IRRELEVANT,True,True,True
5705ec1675f01819005e7772,easy,13,para:289,What is the shortened name of the annual yacht race that takes place?,['Transpac'],"A teacher's role may vary among cultures. Teachers may provide instruction in literacy and numeracy, craftsmanship or vocational training, the arts, religion, civics, community roles, or life skills.",IRRELEVANT,True,True,True
5705ec1675f01819005e7772,easy,14,para:321,What is the shortened name of the annual yacht race that takes place?,['Transpac'],"In the United States especially, several high-profile cases such as Debra LaFave, Pamela Rogers, and Mary Kay Letourneau have caused increased scrutiny on teacher misconduct.",IRRELEVANT,True,True,True
5705ec1675f01819005e7772,easy,15,para:43,What is the shortened name of the annual yacht race that takes place?,['Transpac'],"Six-time Grammy winner and Academy Award nominee Lady Gaga performed the national anthem, while Academy Award winner Marlee Matlin provided American Sign Language (ASL) translation.",IRRELEVANT,True,True,True
5705ec1675f01819005e7772,easy,16,para:291,What is the shortened name of the annual yacht race that takes place?,['Transpac'],"Religious and spiritual teachers, such as gurus, mullahs, rabbis, pastors/youth pastors and lamas, may teach religious texts such as the Quran, Torah or Bible.",IRRELEVANT,True,True,True
5705ec1675f01819005e7772,easy,17,para:17,What is the shortened name of the annual yacht race that takes place?,['Transpac'],"Carolina suffered a major setback when Thomas Davis, an 11-year veteran who had already overcome three ACL tears in his career, went down with a broken arm in the NFC Championship Game. Despite this, he insisted he would still find a way to play in the Super Bowl. His prediction turned out to be accurate.",IRRELEVANT,True,True,True
5705ec1675f01819005e7772,easy,18,para:258,What is the shortened name of the annual yacht race that takes place?,['Transpac'],"Analogous definitions can be made for space requirements. Although time and space are the most well-known complexity resources, any complexity measure can be viewed as a computational resource. Complexity measures are very generally defined by the Blum complexity axioms. Other complexity measures used in complexity theory include communication complexity, circuit complexity, and decision tree complexity.",IRRELEVANT,True,True,True
5705ec1675f01819005e7772,easy,19,para:329,What is the shortened name of the annual yacht race that takes place?,['Transpac'],"In Germany, teachers are mainly civil servants recruited in special university classes, called Lehramtstudien (Teaching Education Studies). There are many differences between the teachers for elementary schools (Grundschule), lower secondary schools (Hauptschule), middle level secondary schools (Realschule) and higher level secondary schools (Gymnasium). Salaries for teachers depend on the civil servants' salary index scale (Bundesbesoldungsordnung).",IRRELEVANT,True,True,True
5705ec1675f01819005e7772,easy,20,para:332,What is the shortened name of the annual yacht race that takes place?,['Transpac'],"From 2006 Garda vetting has been introduced for new entrants to the teaching profession. These procedures apply to teaching and also to non-teaching posts and those who refuse vetting ""cannot be appointed or engaged by the school in any capacity including in a voluntary role"". Existing staff will be vetted on a phased basis.",IRRELEVANT,True,True,True
5705ec1675f01819005e7772,easy,21,para:239,What is the shortened name of the annual yacht race that takes place?,['Transpac'],"On Tesla's 75th birthday in 1931, Time magazine put him on its cover. The cover caption ""All the world's his power house"" noted his contribution to electrical power generation. He received congratulatory letters from more than 70 pioneers in science and engineering, including Albert Einstein.",IRRELEVANT,True,True,True
5705ec1675f01819005e7772,easy,22,para:39,What is the shortened name of the annual yacht race that takes place?,['Transpac'],"Westwood One will carry the game throughout North America, with Kevin Harlan as play-by-play announcer, Boomer Esiason and Dan Fouts as color analysts, and James Lofton and Mark Malone as sideline reporters. Jim Gray will anchor the pre-game and halftime coverage.",IRRELEVANT,True,True,True
5705ec1675f01819005e7772,easy,23,para:1234,What is the shortened name of the annual yacht race that takes place?,['Transpac'],"Chemical barriers also protect against infection. The skin and respiratory tract secrete antimicrobial peptides such as the β-defensins. Enzymes such as lysozyme and phospholipase A2 in saliva, tears, and breast milk are also antibacterials. Vaginal secretions serve as a chemical barrier following menarche, when they become slightly acidic, while semen contains defensins and zinc to kill pathogens. In the stomach, gastric acid and proteases serve as powerful chemical defenses against ingested pathogens.",IRRELEVANT,True,True,True
5705ec1675f01819005e7772,easy,24,para:215,What is the shortened name of the annual yacht race that takes place?,['Transpac'],"In 1952, following pressure from Tesla's nephew, Sava Kosanović, Tesla's entire estate was shipped to Belgrade in 80 trunks marked N.T. In 1957, Kosanović's secretary Charlotte Muzar transported Tesla's ashes from the United States to Belgrade. The ashes are displayed in a gold-plated sphere on a marble pedestal in the Nikola Tesla Museum.",IRRELEVANT,True,True,True
5705ec1675f01819005e7772,easy,25,para:593,What is the shortened name of the annual yacht race that takes place?,['Transpac'],"Steam engines can be said to have been the moving force behind the Industrial Revolution and saw widespread commercial use driving machinery in factories, mills and mines; powering pumping stations; and propelling transport appliances such as railway locomotives, ships, steamboats and road vehicles. Their use in agriculture led to an increase in the land available for cultivation. There have at one time or another been steam-powered farm tractors, motorcycles (without much success) and even automobiles as the Stanley Steamer.",IRRELEVANT,True,True,True
5705ec1675f01819005e7772,easy,26,para:718,What is the shortened name of the annual yacht race that takes place?,['Transpac'],"After an unmanned LM test flight AS-206, a crew would fly the first Block II CSM and LM in a dual mission known as AS-207/208, or AS-278 (each spacecraft would be launched on a separate Saturn IB.) The Block II crew positions were titled Commander (CDR) Command Module Pilot (CMP) and Lunar Module Pilot (LMP). The astronauts would begin wearing a new Apollo spacesuit, designed to accommodate lunar extravehicular activity (EVA). The traditional visor helmet was replaced with a clear ""fishbowl"" type for greater visibility, and the lunar surface EVA suit would include a water-cooled undergarment.",IRRELEVANT,True,True,True
5705ec1675f01819005e7772,easy,27,para:217,What is the shortened name of the annual yacht race that takes place?,['Transpac'],"Tesla worked every day from 9:00 a.m. until 6:00 p.m. or later, with dinner from exactly 8:10 p.m., at Delmonico's restaurant and later the Waldorf-Astoria Hotel. Tesla would telephone his dinner order to the headwaiter, who also could be the only one to serve him. ""The meal was required to be ready at eight o'clock ... He dined alone, except on the rare occasions when he would give a dinner to a group to meet his social obligations. Tesla would then resume his work, often until 3:00 a.m."":283, 286",IRRELEVANT,True,True,True
5705ec1675f01819005e7772,easy,28,para:708,What is the shortened name of the annual yacht race that takes place?,['Transpac'],"A cylindrical Service Module (SM) supported the Command Module, with a service propulsion engine and an RCS with propellants, and a fuel cell power generation system with liquid hydrogen and liquid oxygen reactants. A high-gain S-band antenna was used for long-distance communications on the lunar flights. On the extended lunar missions, an orbital scientific instrument package was carried. The Service Module was discarded just before re-entry. The module was 24.6 feet (7.5 m) long and 12.83 feet (3.91 m) in diameter. The initial lunar flight version weighed approximately 51,300 pounds (23,300 kg) fully fueled, while a later version designed to carry a lunar orbit scientific instrument package weighed just over 54,000 pounds (24,000 kg).",IRRELEVANT,True,True,True
5705ec1675f01819005e7772,easy,29,para:41,What is the shortened name of the annual yacht race that takes place?,['Transpac'],"In the United Kingdom, BBC Radio 5 Live and 5 Live Sports Extra will carry the contest. The BBC will carry its own British English broadcast, with Greg Brady, Darren Fletcher and Rocky Boiman on commentary.",IRRELEVANT,True,True,True
5705ec1675f01819005e7772,easy,30,para:1507,What is the shortened name of the annual yacht race that takes place?,['Transpac'],"Doctor Who has been satirised and spoofed on many occasions by comedians including Spike Milligan (a Dalek invades his bathroom — Milligan, naked, hurls a soap sponge at it) and Lenny Henry. Jon Culshaw frequently impersonates the Fourth Doctor in the BBC Dead Ringers series. Doctor Who fandom has also been lampooned on programs such as Saturday Night Live, The Chaser's War on Everything, Mystery Science Theater 3000, Family Guy, American Dad!, Futurama, South Park, Community as Inspector Spacetime, The Simpsons and The Big Bang Theory.",IRRELEVANT,True,True,True
5727fc7f4b864d1900164162,hard,1,para:1069,Who long was the broadcast delay claimed to be the first time the series premiered?,"['ten minutes', 'eighty seconds']","The 1960s would be marked by the rise of family-oriented series in an attempt by ABC to counterprogram its established competitors, but the decade was also marked by the network's gradual transition to color. On September 30, 1960, ABC premiered The Flintstones, another example of counterprogramming; although the animated series from William Hanna and Joseph Barbera was filmed in color from the beginning, it was initially broadcast in black-and-white, as ABC had not made the necessary technical upgrades to broadcast its programming in color at the time. The Flintstones allowed ABC to present a novelty, that of prime-time animated programming, but it also allowed the network to begin filling the hole opened by the conclusion of the Disney partnership by carrying family-oriented programming from other producers.",IRRELEVANT,True,True,True
5727fc7f4b864d1900164162,hard,2,para:1078,Who long was the broadcast delay claimed to be the first time the series premiered?,"['ten minutes', 'eighty seconds']","Networks affiliates approved a two-year affiliate agreement in 2002. In September, Disney Chairman/CEO Michael Eisner outlined a proposed realignment of the ABC broadcast network day parts with the similar unit in its cable channels: ABC Saturday mornings with Disney Channels (Toon & Playhouse), ABC daytime with Soapnet and ABC prime time with ABC Family. 2002 saw the debut of the network's first hit reality series, The Bachelor (the elimination-style dating show's success led to a spinoff, The Bachelorette, which premiered the following year, as well as two additional spinoffs that later debuted in the early 2010s).",IRRELEVANT,True,True,True
5727fc7f4b864d1900164162,hard,3,para:1102,Who long was the broadcast delay claimed to be the first time the series premiered?,"['ten minutes', 'eighty seconds']","The Writers Guild of America strike that halted production of network programs for much of the 2007–08 season affected the network in 2007–08 and 2008–09, as various ABC shows that premiered in 2007, such as Dirty Sexy Money, Pushing Daisies, Eli Stone and Samantha Who?, did not live to see a third season; other series such as Boston Legal and the U.S. version of Life on Mars suffered from low viewership, despite the former, a spin off of The Practice, being a once-highlighted breakout series when it debuted in 2005. One of the network's strike-replacement programs during that time was the game show Duel, which premiered in December 2007. The program would become a minor success for the network during its initial six-episode run, which led ABC to renew Duel as a regular series starting in April 2008. However, Duel suffered from low viewership during its run as a regular series, and ABC canceled the program after sixteen episodes. On August 15, 2008, Disney denied rumors started by Caris & Co. that it would be selling the ten ABC owned-and-operated stations.",IRRELEVANT,True,True,True
5727fc7f4b864d1900164162,hard,4,para:1081,Who long was the broadcast delay claimed to be the first time the series premiered?,"['ten minutes', 'eighty seconds']","In August 1999, ABC premiered a special series event, Who Wants to Be a Millionaire, a game show based on the British program of the same title. Hosted throughout its ABC tenure by Regis Philbin, the program became a major ratings success throughout its initial summer run, which led ABC to renew Millionaire as a regular series, returning on January 18, 2000. At its peak, the program aired as much as six nights a week. Buoyed by Millionaire, during the 1999–2000 season, ABC became the first network to move from third to first place in the ratings during a single television season. Millionaire ended its run on the network's primetime lineup after three years in 2002, with Buena Vista Television relaunching the show as a syndicated program (under that incarnation's original host Meredith Vieira) in September of that year.",IRRELEVANT,True,True,True
5727fc7f4b864d1900164162,hard,5,para:1096,Who long was the broadcast delay claimed to be the first time the series premiered?,"['ten minutes', 'eighty seconds']","In the spring of 1975, Fred Pierce, the newly appointed president of ABC Television, convinced Fred Silverman to become the first president and director of programming of the independent television production subsidiary ABC Entertainment, created from the network's namesake programming division. In 1974, ABC premiered the detective series S.W.A.T. That same year, the network made the decision to compete with NBC's morning news-talk program Today. Its first attempt at such competition was AM America; however, that show's success was not straightforward. One of its affiliates, WCVB-TV premiered morning show Good Day!. First premiering in 1973 as Good Morning!, it was groundbreaking for being entirely produced on the road and broadcasting from locations outside of the Boston area. Also, in the summer of 1975, ABC discovered that its Cleveland affiliate WEWS-TV was producing its own morning program The Morning Exchange, which debuted in 1972 and was now locally pre-empting AM America; it was the first morning show to utilize a set modeled after a living room, and established a concept now commonplace among network morning shows in which news and weather updates were featured at the top and bottom of each hour. Discovering that their formats seemed to appeal to their viewers, the network became the first to adopt them for a new national morning show, Good Morning America, which debuted on November 3, 1975.",IRRELEVANT,True,True,True
5727fc7f4b864d1900164162,hard,6,para:1133,Who long was the broadcast delay claimed to be the first time the series premiered?,"['ten minutes', 'eighty seconds']","Due to pressure from film studios wanting to increase their production, as the major networks began airing theatrically released films, ABC joined CBS and NBC in broadcasting films on Sunday nights in 1962, with the launch of the ABC Sunday Night Movie, which debuted a year behind its competitors and was initially presented in black-and-white. Despite a significant increase in viewership (with its audience share having increased to 33% from the 15% share it had in 1953), ABC remained in third place; the company had a total revenue of $15.5 million, a third of the revenue pulled in by CBS at the same period. To catch up, ABC followed up The Flintstones with another animated series from Hanna-Barbera, The Jetsons, which debuted on September 23, 1962 as the first television series to be broadcast in color on the network. On April 1, 1963, ABC debuted the soap opera General Hospital, which would go on to become the television network's long-running entertainment program. That year also saw the premiere of The Fugitive (on September 17), a drama series centering on a man on the run after being accused of committing a murder he did not commit.",IRRELEVANT,True,True,True
5727fc7f4b864d1900164162,hard,7,para:1109,Who long was the broadcast delay claimed to be the first time the series premiered?,"['ten minutes', 'eighty seconds']","With the 2011 cancellation of Supernanny, Extreme Makeover: Home Edition became the only remaining program on the network's schedule that was broadcast in 4:3 standard definition. All of the network's programming has been presented in HD since January 2012 (with the exception of certain holiday specials produced prior to 2005 – such as the Peanuts specials and Rudolph's Shiny New Year – which continue to be presented in 4:3 SD), when Extreme Makeover: Home Edition ended its run as a regular series and One Life to Live (which had been presented in 16:9 standard definition since 2010) also ended its ABC run. The affiliate-syndicated Saturday morning E/I block Litton's Weekend Aventure is also broadcast in HD, and was the first children's program block on any U.S. broadcast network to feature programs available in the format upon its September 2011 debut.",IRRELEVANT,True,True,True
5727fc7f4b864d1900164162,hard,8,para:1315,Who long was the broadcast delay claimed to be the first time the series premiered?,"['ten minutes', 'eighty seconds']","A construction project is a complex net of contracts and other legal obligations, each of which all parties must carefully consider. A contract is the exchange of a set of obligations between two or more parties, but it is not so simple a matter as trying to get the other side to agree to as much as possible in exchange for as little as possible. The time element in construction means that a delay costs money, and in cases of bottlenecks, the delay can be extremely expensive. Thus, the contracts must be designed to ensure that each side is capable of performing the obligations set out. Contracts that set out clear expectations and clear paths to accomplishing those expectations are far more likely to result in the project flowing smoothly, whereas poorly drafted contracts lead to confusion and collapse.",IRRELEVANT,True,True,True
5727fc7f4b864d1900164162,hard,9,para:1120,Who long was the broadcast delay claimed to be the first time the series premiered?,"['ten minutes', 'eighty seconds']","ABC dominated the American television landscape during the 1970s and early 1980s (by 1980, the three major networks represented 90% of all prime-time television viewership in the U.S.). Several flagship series debuted on the network during this time including Dynasty, an opulent drama from Aaron Spelling that became a hit when it premiered as a midseason series in 1981, five months before Spelling's other ABC hit Charlie's Angels ended its run. The network was also propelled during the early 1980s by the continued successes of Happy Days, Three's Company, Laverne & Shirley and Fantasy Island, and gained new hits in Too Close for Comfort, Soap spinoff Benson and Happy Days spinoff Mork & Mindy. In 1981, ABC (through its ABC Video Services division) launched the Alpha Repertory Television Service (ARTS), a cable channel operated as a joint venture with the Hearst Corporation offering cultural and arts programming, which aired as a nighttime service over the channel space of Nickelodeon.",IRRELEVANT,True,True,True
5727fc7f4b864d1900164162,hard,10,para:790,Who long was the broadcast delay claimed to be the first time the series premiered?,"['ten minutes', 'eighty seconds']","For a long time, it was thought that the Amazon rainforest was only ever sparsely populated, as it was impossible to sustain a large population through agriculture given the poor soil. Archeologist Betty Meggers was a prominent proponent of this idea, as described in her book Amazonia: Man and Culture in a Counterfeit Paradise. She claimed that a population density of 0.2 inhabitants per square kilometre (0.52/sq mi) is the maximum that can be sustained in the rainforest through hunting, with agriculture needed to host a larger population. However, recent anthropological findings have suggested that the region was actually densely populated. Some 5 million people may have lived in the Amazon region in AD 1500, divided between dense coastal settlements, such as that at Marajó, and inland dwellers. By 1900 the population had fallen to 1 million and by the early 1980s it was less than 200,000.",IRRELEVANT,True,True,True
5727fc7f4b864d1900164162,hard,11,para:1098,Who long was the broadcast delay claimed to be the first time the series premiered?,"['ten minutes', 'eighty seconds']","For its part, the television network produced a few new hits during 1977: January saw the premiere of Roots, a miniseries based on an Alex Haley novel that was published the previous year; in September, The Love Boat, a comedy-drama anthology series produced by Aaron Spelling which was based around the crew of a cruise ship and featured three stories centered partly on the ship's various passengers; although critically lambasted, the series turned out to be a ratings success and lasted nine seasons. Roots went on to become one of the highest-rated programs in American television history, with unprecedented ratings for its finale. The success of Roots, Happy Days and The Love Boat allowed the network to take first place in the ratings for the first time in the 1976–77 season. On September 13, 1977, the network debuted Soap, a controversial soap opera parody which became known for being the first television series to feature an openly gay main character (played by a then-unknown Billy Crystal); it last ran on the network on April 20, 1981.",IRRELEVANT,True,True,True
5727fc7f4b864d1900164162,hard,12,para:1840,Who long was the broadcast delay claimed to be the first time the series premiered?,"['ten minutes', 'eighty seconds']","Parliamentary time is also set aside for question periods in the debating chamber. A ""General Question Time"" takes place on a Thursday between 11:40 a.m. and 12 p.m. where members can direct questions to any member of the Scottish Government. At 2.30pm, a 40-minute long themed ""Question Time"" takes place, where members can ask questions of ministers in departments that are selected for questioning that sitting day, such as health and justice or education and transport. Between 12 p.m. and 12:30 p.m. on Thursdays, when Parliament is sitting, First Minister's Question Time takes place. This gives members an opportunity to question the First Minister directly on issues under their jurisdiction. Opposition leaders ask a general question of the First Minister and then supplementary questions. Such a practice enables a ""lead-in"" to the questioner, who then uses their supplementary question to ask the First Minister any issue. The four general questions available to opposition leaders are:",IRRELEVANT,True,True,True
5727fc7f4b864d1900164162,hard,13,para:167,Who long was the broadcast delay claimed to be the first time the series premiered?,"['ten minutes', 'eighty seconds']","One of the things Tesla developed at that laboratory in 1887 was an induction motor that ran on alternating current, a power system format that was starting to be built in Europe and the United States because of its advantages in long-distance, high-voltage transmission. The motor used polyphase current which generated a rotating magnetic field to turn the motor (a principle Tesla claimed to have conceived in 1882). This innovative electric motor, patented in May 1888, was a simple self-starting design that did not need a commutator, thus avoiding sparking and the high maintenance of constantly servicing and replacing mechanical brushes.",IRRELEVANT,True,True,True
5727fc7f4b864d1900164162,hard,14,para:421,Who long was the broadcast delay claimed to be the first time the series premiered?,"['ten minutes', 'eighty seconds']","Early in 1537, Johannes Agricola (1494–1566) – serving at the time as pastor in Luther's birthplace, Eisleben – preached a sermon in which he claimed that God's gospel, not God's moral law (the Ten Commandments), revealed God's wrath to Christians. Based on this sermon and others by Agricola, Luther suspected that Agricola was behind certain anonymous antinomian theses circulating in Wittenberg. These theses asserted that the law is no longer to be taught to Christians but belonged only to city hall. Luther responded to these theses with six series of theses against Agricola and the antinomians, four of which became the basis for disputations between 1538 and 1540. He also responded to these assertions in other writings, such as his 1539 open letter to C. Güttel Against the Antinomians, and his book On the Councils and the Church from the same year.",IRRELEVANT,True,True,True
5727fc7f4b864d1900164162,hard,15,para:742,Who long was the broadcast delay claimed to be the first time the series premiered?,"['ten minutes', 'eighty seconds']","The Moon landing data was recorded by a special Apollo TV camera which recorded in a format incompatible with broadcast TV. This resulted in lunar footage that had to be converted for the live television broadcast and stored on magnetic telemetry tapes. During the following years, a magnetic tape shortage prompted NASA to remove massive numbers of magnetic tapes from the National Archives and Records Administration to be recorded over with newer satellite data. Stan Lebar, who led the team that designed and built the lunar television camera at Westinghouse Electric Corporation, also worked with Nafzger to try to locate the missing tapes.",IRRELEVANT,True,True,True
5727fc7f4b864d1900164162,hard,16,para:1122,Who long was the broadcast delay claimed to be the first time the series premiered?,"['ten minutes', 'eighty seconds']","In 1990, Thomas S. Murphy delegated his position as president to Daniel B. Burke while remaining ABC's chairman and CEO. Capital Cities/ABC reported revenues of $465 million. Now at a strong second place, the network entered the 1990s with additional family-friendly hits including America's Funniest Home Videos (which has gone on to become the longest-running prime time entertainment program in the network's history), Step by Step, Hangin' with Mr. Cooper, Boy Meets World and Perfect Strangers spinoff Family Matters, as well as series such as Doogie Howser, M.D., Life Goes On, cult favorite Twin Peaks and The Commish. In September 1991, the network premiered Home Improvement, a sitcom starring stand-up comic Tim Allen centering on the family and work life of an accident-prone host of a cable-access home improvement show. Lasting nine seasons, its success led ABC to greenlight additional sitcom projects helmed by comedians during the 1990s including The Drew Carey Show; Brett Butler vehicle Grace Under Fire; and Ellen, which became notable for a 1997 episode which served as the coming out of series star Ellen DeGeneres (as well as her character in the series) as a lesbian.",IRRELEVANT,True,True,True
5727fc7f4b864d1900164162,hard,17,para:1967,Who long was the broadcast delay claimed to be the first time the series premiered?,"['ten minutes', 'eighty seconds']","At the 1996 General Conference the ordination order of transitional deacon was abolished. This created new orders known as ""provisional elder"" or ""provisional deacon"" for those who seek to be ordained in the respective orders. The provisional elder/deacon is a seminary graduate who serves a two-three-year term in a full-time appointment after being commissioned. During this two or three-year period, the provisional elder is granted sacramental ministry in their local appointment. For the first time in its history non-ordained pastors became a normal expectation, rather than an extraordinary provision for ministry.",IRRELEVANT,True,True,True
5727fc7f4b864d1900164162,hard,18,para:1119,Who long was the broadcast delay claimed to be the first time the series premiered?,"['ten minutes', 'eighty seconds']","In 1965, the corporate entity, American Broadcasting-Paramount Theatres, was renamed as the American Broadcasting Companies, while its cinema division became ABC Theatres;[citation needed] its recording division was renamed ABC Records in 1966. In December of that year, the ABC television network premiered The Dating Game, a pioneer series in its genre, which was a reworking of the blind date concept in which a suitor selected one of three contestants sight unseen based on the answers to selected questions. This was followed up in July 1966 by The Newlywed Game, featuring three recently married couples who guessed the responses to their partner's questions (some of which were fairly risque). As ABC began to outgrow its facilities at 7 West 66th Street, Goldenson found a new headquarters for ABC in a 44 story building located at 1330 Avenue of the Americas in Manhattan, at the corner of 54th Street (now occupied by The Financial Times's New York office). This operation allowed for the conversion of the premises at 66th Street into production facilities for television and radio programs.",IRRELEVANT,True,True,True
5727fc7f4b864d1900164162,hard,19,para:1062,Who long was the broadcast delay claimed to be the first time the series premiered?,"['ten minutes', 'eighty seconds']","Sports programming is also provided on some weekend afternoons at any time from 12:00 to 6:00 p.m. Eastern Time (9:00 a.m. to 3:00 p.m. Pacific) and, during college football season, during prime time on Saturday nights as part of the Saturday Night Football package. Due to the erratic and (outside of college football season) highly inconsistent scheduling of sports programming on weekend afternoons since ESPN took over responsibilities for ABC's sports division in 2006, ABC carries the ESPN Sports Saturday block on Saturday late afternoons (featuring various ESPN-produced documentaries), and on Sundays either encores of primetime reality series, cancelled series being burned off that had no room on the primetime schedule, occasional theatrical films which were acquired by the network in the early to mid-2000s that no longer have a primetime slot to air in or more recently, figure skating and gymnastics specials supplied by Disson Skating, when no sports telecasts are scheduled, usually airing between 4:00 and 6:00 p.m. Eastern and Pacific Time. During the summer, ABC airs ESPN-produced highlight compilation programs for The Open Championship golf and The Wimbledon tennis tournaments to provide some presence for both events on American broadcast television. ABC also carries various X Games weekend events not broadcast by ESPN. ABC airs NBA games on Sundays, normally starting in January as ""NBA Sunday Showcase"" during the regular season, and shows Christmas Day games, regularly between 2–7 PM ET, and NBA playoff games during the weekends, and exclusive rights to the NBA Finals.",IRRELEVANT,True,True,True
5727fc7f4b864d1900164162,hard,20,para:32,Who long was the broadcast delay claimed to be the first time the series premiered?,"['ten minutes', 'eighty seconds']","In the United States, the game was televised by CBS, as part of a cycle between the three main broadcast television partners of the NFL. The network's lead broadcast team of Jim Nantz and Phil Simms called the contest, with Tracy Wolfson and Evan Washburn on the sidelines. CBS introduced new features during the telecast, including pylon cameras and microphones along with EyeVision 360—an array of 36 cameras along the upper deck that can be used to provide a 360-degree view of plays and ""bullet time"" effects. (An earlier version of EyeVision was last used in Super Bowl XXXV; for Super Bowl 50, the cameras were upgraded to 5K resolution.)",IRRELEVANT,True,True,True
5727fc7f4b864d1900164162,hard,21,para:1913,Who long was the broadcast delay claimed to be the first time the series premiered?,"['ten minutes', 'eighty seconds']","Not a maritime power, and not a nation-state, as it would eventually become, Germany’s participation in Western imperialism was negligible until the late 19th century. The participation of Austria was primarily as a result of Habsburg control of the First Empire, the Spanish throne, and other royal houses.[further explanation needed] After the defeat of Napoleon, who caused the dissolution of that Holy Roman Empire, Prussia and the German states continued to stand aloof from imperialism, preferring to manipulate the European system through the Concert of Europe. After Prussia unified the other states into the second German Empire after the Franco-German War, its long-time Chancellor, Otto von Bismarck (1862–90), long opposed colonial acquisitions, arguing that the burden of obtaining, maintaining, and defending such possessions would outweigh any potential benefits. He felt that colonies did not pay for themselves, that the German bureaucratic system would not work well in the tropics and the diplomatic disputes over colonies would distract Germany from its central interest, Europe itself.",IRRELEVANT,True,True,True
5727fc7f4b864d1900164162,hard,22,para:359,Who long was the broadcast delay claimed to be the first time the series premiered?,"['ten minutes', 'eighty seconds']","He insisted that, since forgiveness was God's alone to grant, those who claimed that indulgences absolved buyers from all punishments and granted them salvation were in error. Christians, he said, must not slacken in following Christ on account of such false assurances.",IRRELEVANT,True,True,True
5727fc7f4b864d1900164162,hard,23,para:3,Who long was the broadcast delay claimed to be the first time the series premiered?,"['ten minutes', 'eighty seconds']","CBS broadcast Super Bowl 50 in the U.S., and charged an average of $5 million for a 30-second commercial during the game. The Super Bowl 50 halftime show was headlined by the British rock group Coldplay with special guest performers Beyoncé and Bruno Mars, who headlined the Super Bowl XLVII and Super Bowl XLVIII halftime shows, respectively. It was the third-most watched U.S. broadcast ever.",IRRELEVANT,True,True,True
5727fc7f4b864d1900164162,hard,24,para:129,Who long was the broadcast delay claimed to be the first time the series premiered?,"['ten minutes', 'eighty seconds']","Subsequent to the Conquest, however, the Marches came completely under the dominance of William's most trusted Norman barons, including Bernard de Neufmarché, Roger of Montgomery in Shropshire and Hugh Lupus in Cheshire. These Normans began a long period of slow conquest during which almost all of Wales was at some point subject to Norman interference. Norman words, such as baron (barwn), first entered Welsh at that time.",IRRELEVANT,True,True,True
5727fc7f4b864d1900164162,hard,25,para:1092,Who long was the broadcast delay claimed to be the first time the series premiered?,"['ten minutes', 'eighty seconds']","In 1970, ABC debuted Monday Night Football as part of its Monday prime time schedule; the program became a hit for the network and served as the National Football League (NFL)'s premier game of the week until 2006, when Sunday Night Football, which moved to NBC that year as part of a broadcast deal that in turn saw MNF move to ESPN, took over as the league's marquee game. According to Goldenson, Monday Night Football helped earn ABC regularly score an audience share of 15%–16%; ABC Sports managed the budget for the Monday night time slot to reallocate the weekly budget for ABC's prime time schedule to just six days, as opposed to seven on competing networks. 1970 also saw the premieres of several soap operas including the long-running All My Children, which ran on the network for 41 years.",IRRELEVANT,True,True,True
5727fc7f4b864d1900164162,hard,26,para:1113,Who long was the broadcast delay claimed to be the first time the series premiered?,"['ten minutes', 'eighty seconds']","The 2013–14 season was a slight improvement for ABC with three new hits in The Goldbergs, Agents of S.H.I.E.L.D. and Resurrection, all of which were renewed; however, that season saw the cancellations of holdovers The Neighbors (which languished in its new Friday time slot despite being bookended by Last Man Standing and Shark Tank) and Suburgatory. NBC, which had lagged behind ABC for eight years, finished the season in first place in the 18–49 demographic for the first time since 2004, and in second place in total viewership behind long-dominant CBS. ABC itself would finish the season in third place as Fox crashed to fourth in both demographics.",IRRELEVANT,True,True,True
5727fc7f4b864d1900164162,hard,27,para:564,Who long was the broadcast delay claimed to be the first time the series premiered?,"['ten minutes', 'eighty seconds']","Some disagree with such double or triple non-French linguistic origins, arguing that for the word to have spread into common use in France, it must have originated in the French language. The ""Hugues hypothesis"" argues that the name was derived by association with Hugues Capet, king of France, who reigned long before the Reformation. He was regarded by the Gallicans and Protestants as a noble man who respected people's dignity and lives. Janet Gray and other supporters of the hypothesis suggest that the name huguenote would be roughly equivalent to little Hugos, or those who want Hugo.",IRRELEVANT,True,True,True
5727fc7f4b864d1900164162,hard,28,para:1511,Who long was the broadcast delay claimed to be the first time the series premiered?,"['ten minutes', 'eighty seconds']","The University of Chicago was created and incorporated as a coeducational, secular institution in 1890 by the American Baptist Education Society and a donation from oil magnate and philanthropist John D. Rockefeller on land donated by Marshall Field. While the Rockefeller donation provided money for academic operations and long-term endowment, it was stipulated that such money could not be used for buildings. The original physical campus was financed by donations from wealthy Chicagoans like Silas B. Cobb who provided the funds for the campus' first building, Cobb Lecture Hall, and matched Marshall Field's pledge of $100,000. Other early benefactors included businessmen Charles L. Hutchinson (trustee, treasurer and donor of Hutchinson Commons), Martin A. Ryerson (president of the board of trustees and donor of the Ryerson Physical Laboratory) Adolphus Clay Bartlett and Leon Mandel, who funded the construction of the gymnasium and assembly hall, and George C. Walker of the Walker Museum, a relative of Cobb who encouraged his inaugural donation for facilities.",IRRELEVANT,True,True,True
5727fc7f4b864d1900164162,hard,29,para:959,Who long was the broadcast delay claimed to be the first time the series premiered?,"['ten minutes', 'eighty seconds']","In a report, published in early February 2007 by the Ear Institute at the University College London, and Widex, a Danish hearing aid manufacturer, Newcastle was named as the noisiest city in the whole of the UK, with an average level of 80.4 decibels. The report claimed that these noise levels would have a negative long-term impact on the health of the city's residents. The report was criticized, however, for attaching too much weight to readings at arbitrarily selected locations, which in Newcastle's case included a motorway underpass without pedestrian access.",IRRELEVANT,True,True,True
5727fc7f4b864d1900164162,hard,30,para:778,Who long was the broadcast delay claimed to be the first time the series premiered?,"['ten minutes', 'eighty seconds']","Since its foundation, the Treaties sought to enable people to pursue their life goals in any country through free movement. Reflecting the economic nature of the project, the European Community originally focused upon free movement of workers: as a ""factor of production"". However, from the 1970s, this focus shifted towards developing a more ""social"" Europe. Free movement was increasingly based on ""citizenship"", so that people had rights to empower them to become economically and socially active, rather than economic activity being a precondition for rights. This means the basic ""worker"" rights in TFEU article 45 function as a specific expression of the general rights of citizens in TFEU articles 18 to 21. According to the Court of Justice, a ""worker"" is anybody who is economically active, which includes everyone in an employment relationship, ""under the direction of another person"" for ""remuneration"". A job, however, need not be paid in money for someone to be protected as a worker. For example, in Steymann v Staatssecretaris van Justitie, a German man claimed the right to residence in the Netherlands, while he volunteered plumbing and household duties in the Bhagwan community, which provided for everyone's material needs irrespective of their contributions. The Court of Justice held that Mr Steymann was entitled to stay, so long as there was at least an ""indirect quid pro quo"" for the work he did. Having ""worker"" status means protection against all forms of discrimination by governments, and employers, in access to employment, tax, and social security rights. By contrast a citizen, who is ""any person having the nationality of a Member State"" (TFEU article 20(1)), has rights to seek work, vote in local and European elections, but more restricted rights to claim social security. In practice, free movement has become politically contentious as nationalist political parties have manipulated fears about immigrants taking away people's jobs and benefits (paradoxically at the same time). Nevertheless, practically ""all available research finds little impact"" of ""labour mobility on wages and employment of local workers"".",IRRELEVANT,True,True,True
5727fc7f4b864d1900164162,easy,1,para:1377,Who long was the broadcast delay claimed to be the first time the series premiered?,"['ten minutes', 'eighty seconds']","Other: Civil rights leader W. E. B. Du Bois; philosopher Henry David Thoreau; authors Ralph Waldo Emerson and William S. Burroughs; educators Werner Baer, Harlan Hanson; poets Wallace Stevens, T. S. Eliot and E. E. Cummings; conductor Leonard Bernstein; cellist Yo Yo Ma; pianist and composer Charlie Albright; composer John Alden Carpenter; comedian, television show host and writer Conan O'Brien; actors Tatyana Ali, Nestor Carbonell, Matt Damon, Fred Gwynne, Hill Harper, Rashida Jones, Tommy Lee Jones, Ashley Judd, Jack Lemmon, Natalie Portman, Mira Sorvino, Elisabeth Shue, and Scottie Thompson; film directors Darren Aronofsky, Terrence Malick, Mira Nair, and Whit Stillman; architect Philip Johnson; musicians Rivers Cuomo, Tom Morello, and Gram Parsons; musician, producer and composer Ryan Leslie; serial killer Ted Kaczynski; programmer and activist Richard Stallman; NFL quarterback Ryan Fitzpatrick; NFL center Matt Birk; NBA player Jeremy Lin; US Ski Team skier Ryan Max Riley; physician Sachin H. Jain; physicist J. Robert Oppenheimer; computer pioneer and inventor An Wang; Tibetologist George de Roerich; and Marshall Admiral Isoroku Yamamoto.",IRRELEVANT,True,True,True
5727fc7f4b864d1900164162,easy,2,para:1378,Who long was the broadcast delay claimed to be the first time the series premiered?,"['ten minutes', 'eighty seconds']","Harvard's faculty includes scholars such as biologist E. O. Wilson, cognitive scientist Steven Pinker, physicists Lisa Randall and Roy Glauber, chemists Elias Corey, Dudley R. Herschbach and George M. Whitesides, computer scientists Michael O. Rabin and Leslie Valiant, Shakespeare scholar Stephen Greenblatt, writer Louis Menand, critic Helen Vendler, historians Henry Louis Gates, Jr. and Niall Ferguson, economists Amartya Sen, N. Gregory Mankiw, Robert Barro, Stephen A. Marglin, Don M. Wilson III and Martin Feldstein, political philosophers Harvey Mansfield, Baroness Shirley Williams and Michael Sandel, Fields Medalist mathematician Shing-Tung Yau, political scientists Robert Putnam, Joseph Nye, and Stanley Hoffmann, scholar/composers Robert Levin and Bernard Rands, astrophysicist Alyssa A. Goodman, and legal scholars Alan Dershowitz and Lawrence Lessig.",IRRELEVANT,True,True,True
5727fc7f4b864d1900164162,easy,3,para:306,Who long was the broadcast delay claimed to be the first time the series premiered?,"['ten minutes', 'eighty seconds']","Official corporal punishment, often by caning, remains commonplace in schools in some Asian, African and Caribbean countries. For details of individual countries see School corporal punishment.",IRRELEVANT,True,True,True
5727fc7f4b864d1900164162,easy,4,para:1887,Who long was the broadcast delay claimed to be the first time the series premiered?,"['ten minutes', 'eighty seconds']","Imperialism is defined as ""A policy of extending a country’s power and influence through diplomacy or military force."" Imperialism is particularly focused on the control that one group, often a state power, has on another group of people. This is often through various forms of ""othering"" (see other) based on racial, religious, or cultural stereotypes. There are ""formal"" or ""informal"" imperialisms. ""Formal imperialism"" is defined as ""physical control or full-fledged colonial rule"". ""Informal imperialism"" is less direct; however, it is still a powerful form of dominance.",IRRELEVANT,True,True,True
5727fc7f4b864d1900164162,easy,5,para:1419,Who long was the broadcast delay claimed to be the first time the series premiered?,"['ten minutes', 'eighty seconds']","Effects of inequality researchers have found include higher rates of health and social problems, and lower rates of social goods, a lower level of economic utility in society from resources devoted on high-end consumption, and even a lower level of economic growth when human capital is neglected for high-end consumption. For the top 21 industrialised countries, counting each person equally, life expectancy is lower in more unequal countries (r = -.907). A similar relationship exists among US states (r = -.620).",IRRELEVANT,True,True,True
5727fc7f4b864d1900164162,easy,6,para:1199,Who long was the broadcast delay claimed to be the first time the series premiered?,"['ten minutes', 'eighty seconds']","Genghis Khan, the title is spelled in variety of ways in different languages such as Mongolian Chinggis Khaan, English Chinghiz, Chinghis, and Chingiz, Chinese: 成吉思汗; pinyin: Chéngjísī Hán, Turkic: Cengiz Han, Çingiz Xan, Çingiz Han, Chingizxon, Çıñğız Xan, Chengez Khan, Chinggis Khan, Chinggis Xaan, Chingis Khan, Jenghis Khan, Chinggis Qan, Djingis Kahn, Russian: Чингисхан (Čingiskhan) or Чингиз-хан (Čingiz-khan), etc. Temüjin is written in Chinese as simplified Chinese: 铁木真; traditional Chinese: 鐵木眞; pinyin: Tiěmùzhēn.",IRRELEVANT,True,True,True
5727fc7f4b864d1900164162,easy,7,para:266,Who long was the broadcast delay claimed to be the first time the series premiered?,"['ten minutes', 'eighty seconds']","Other important complexity classes include BPP, ZPP and RP, which are defined using probabilistic Turing machines; AC and NC, which are defined using Boolean circuits; and BQP and QMA, which are defined using quantum Turing machines. #P is an important complexity class of counting problems (not decision problems). Classes like IP and AM are defined using Interactive proof systems. ALL is the class of all decision problems.",IRRELEVANT,True,True,True
5727fc7f4b864d1900164162,easy,8,para:479,Who long was the broadcast delay claimed to be the first time the series premiered?,"['ten minutes', 'eighty seconds']","Professional sports teams in Southern California include teams from the NFL (Los Angeles Rams, San Diego Chargers); NBA (Los Angeles Lakers, Los Angeles Clippers); MLB (Los Angeles Dodgers, Los Angeles Angels of Anaheim, San Diego Padres); NHL (Los Angeles Kings, Anaheim Ducks); and MLS (LA Galaxy).",IRRELEVANT,True,True,True
5727fc7f4b864d1900164162,easy,9,para:196,Who long was the broadcast delay claimed to be the first time the series premiered?,"['ten minutes', 'eighty seconds']","On his 50th birthday in 1906, Tesla demonstrated his 200 horsepower (150 kilowatts) 16,000 rpm bladeless turbine. During 1910–1911 at the Waterside Power Station in New York, several of his bladeless turbine engines were tested at 100–5,000 hp.",IRRELEVANT,True,True,True
5727fc7f4b864d1900164162,easy,10,para:206,Who long was the broadcast delay claimed to be the first time the series premiered?,"['ten minutes', 'eighty seconds']","In 1935, in an annual birthday celebration interview, Tesla announced a method of transmitting mechanical energy with minimal loss over any terrestrial distance, a related new means of communication, and a method of accurately determining the location of underground mineral deposits.",IRRELEVANT,True,True,True
5727fc7f4b864d1900164162,easy,11,para:1124,Who long was the broadcast delay claimed to be the first time the series premiered?,"['ten minutes', 'eighty seconds']","Currently, New Jersey, Rhode Island and Delaware are the only U.S. states where ABC does not have a locally licensed affiliate (New Jersey is served by New York City O&O WABC-TV and Philadelphia O&O WPVI-TV; Rhode Island is served by New Bedford, Massachusetts-licensed WLNE; and Delaware is served by WPVI and Salisbury, Maryland affiliate WMDT). ABC maintains affiliations with low-power stations (broadcasting either in analog or digital) in a few markets, such as Birmingham, Alabama (WBMA-LD), Lima, Ohio (WLQP-LP) and South Bend, Indiana (WBND-LD). In some markets, including the former two mentioned, these stations also maintain digital simulcasts on a subchannel of a co-owned/co-managed full-power television station.",IRRELEVANT,True,True,True
5727fc7f4b864d1900164162,easy,12,para:512,Who long was the broadcast delay claimed to be the first time the series premiered?,"['ten minutes', 'eighty seconds']","More than 26,000 square kilometres (10,000 sq mi) of Victorian farmland are sown for grain, mostly in the state's west. More than 50% of this area is sown for wheat, 33% for barley and 7% for oats. A further 6,000 square kilometres (2,300 sq mi) is sown for hay. In 2003–04, Victorian farmers produced more than 3 million tonnes of wheat and 2 million tonnes of barley. Victorian farms produce nearly 90% of Australian pears and third of apples. It is also a leader in stone fruit production. The main vegetable crops include asparagus, broccoli, carrots, potatoes and tomatoes. Last year, 121,200 tonnes of pears and 270,000 tonnes of tomatoes were produced.",IRRELEVANT,True,True,True
5727fc7f4b864d1900164162,easy,13,para:1421,Who long was the broadcast delay claimed to be the first time the series premiered?,"['ten minutes', 'eighty seconds']","British researchers Richard G. Wilkinson and Kate Pickett have found higher rates of health and social problems (obesity, mental illness, homicides, teenage births, incarceration, child conflict, drug use), and lower rates of social goods (life expectancy by country, educational performance, trust among strangers, women's status, social mobility, even numbers of patents issued) in countries and states with higher inequality. Using statistics from 23 developed countries and the 50 states of the US, they found social/health problems lower in countries like Japan and Finland and states like Utah and New Hampshire with high levels of equality, than in countries (US and UK) and states (Mississippi and New York) with large differences in household income.",IRRELEVANT,True,True,True
5727fc7f4b864d1900164162,easy,14,para:289,Who long was the broadcast delay claimed to be the first time the series premiered?,"['ten minutes', 'eighty seconds']","A teacher's role may vary among cultures. Teachers may provide instruction in literacy and numeracy, craftsmanship or vocational training, the arts, religion, civics, community roles, or life skills.",IRRELEVANT,True,True,True
5727fc7f4b864d1900164162,easy,15,para:482,Who long was the broadcast delay claimed to be the first time the series premiered?,"['ten minutes', 'eighty seconds']","Rugby is also a growing sport in southern California, particularly at the high school level, with increasing numbers of schools adding rugby as an official school sport.",IRRELEVANT,True,True,True
5727fc7f4b864d1900164162,easy,16,para:1025,Who long was the broadcast delay claimed to be the first time the series premiered?,"['ten minutes', 'eighty seconds']","The collection of drawings includes over 10,000 British and 2,000 old master works, including works by: Dürer, Giovanni Benedetto Castiglione, Bernardo Buontalenti, Rembrandt, Antonio Verrio, Paul Sandby, John Russell, Angelica Kauffman, John Flaxman, Hugh Douglas Hamilton, Thomas Rowlandson, William Kilburn, Thomas Girtin, Jean Auguste Dominique Ingres, David Wilkie, John Martin, Samuel Palmer, Sir Edwin Henry Landseer, Lord Frederic Leighton, Sir Samuel Luke Fildes and Aubrey Beardsley. Modern British artists represented in the collection include: Paul Nash, Percy Wyndham Lewis, Eric Gill, Stanley Spencer, John Piper, Graham Sutherland, Lucian Freud and David Hockney.",IRRELEVANT,True,True,True
5727fc7f4b864d1900164162,easy,17,para:812,Who long was the broadcast delay claimed to be the first time the series premiered?,"['ten minutes', 'eighty seconds']","Like sponges and cnidarians, ctenophores have two main layers of cells that sandwich a middle layer of jelly-like material, which is called the mesoglea in cnidarians and ctenophores; more complex animals have three main cell layers and no intermediate jelly-like layer. Hence ctenophores and cnidarians have traditionally been labelled diploblastic, along with sponges. Both ctenophores and cnidarians have a type of muscle that, in more complex animals, arises from the middle cell layer, and as a result some recent text books classify ctenophores as triploblastic, while others still regard them as diploblastic.",IRRELEVANT,True,True,True
5727fc7f4b864d1900164162,easy,18,para:263,Who long was the broadcast delay claimed to be the first time the series premiered?,"['ten minutes', 'eighty seconds']","Of course, some complexity classes have complicated definitions that do not fit into this framework. Thus, a typical complexity class has a definition like the following:",IRRELEVANT,True,True,True
5727fc7f4b864d1900164162,easy,19,para:321,Who long was the broadcast delay claimed to be the first time the series premiered?,"['ten minutes', 'eighty seconds']","In the United States especially, several high-profile cases such as Debra LaFave, Pamela Rogers, and Mary Kay Letourneau have caused increased scrutiny on teacher misconduct.",IRRELEVANT,True,True,True
5727fc7f4b864d1900164162,easy,20,para:291,Who long was the broadcast delay claimed to be the first time the series premiered?,"['ten minutes', 'eighty seconds']","Religious and spiritual teachers, such as gurus, mullahs, rabbis, pastors/youth pastors and lamas, may teach religious texts such as the Quran, Torah or Bible.",IRRELEVANT,True,True,True
5727fc7f4b864d1900164162,easy,21,para:1711,Who long was the broadcast delay claimed to be the first time the series premiered?,"['ten minutes', 'eighty seconds']","Phycobilins are a third group of pigments found in cyanobacteria, and glaucophyte, red algal, and cryptophyte chloroplasts. Phycobilins come in all colors, though phycoerytherin is one of the pigments that makes many red algae red. Phycobilins often organize into relatively large protein complexes about 40 nanometers across called phycobilisomes. Like photosystem I and ATP synthase, phycobilisomes jut into the stroma, preventing thylakoid stacking in red algal chloroplasts. Cryptophyte chloroplasts and some cyanobacteria don't have their phycobilin pigments organized into phycobilisomes, and keep them in their thylakoid space instead.",IRRELEVANT,True,True,True
5727fc7f4b864d1900164162,easy,22,para:1338,Who long was the broadcast delay claimed to be the first time the series premiered?,"['ten minutes', 'eighty seconds']","Private schools are often Anglican, such as King's College and Diocesan School for Girls in Auckland, St Paul's Collegiate School in Hamilton, St Peter's School in Cambridge, Samuel Marsden Collegiate School in Wellington, and Christ's College and St Margaret's College in Christchurch; or Presbyterian, such as Saint Kentigern College and St Cuthbert's College in Auckland, Scots College and Queen Margaret College in Wellington, and St Andrew's College and Rangi Ruru Girls' School in Christchurch. Academic Colleges Group is a recent group of private schools run as a business, with schools throughout Auckland, including ACG Senior College in Auckland’s CBD, ACG Parnell College in Parnell, and international school ACG New Zealand International College. There are three private schools (including the secondary school, St Dominic's College) operated by the Catholic schismatic group, the Society of St Pius X in Wanganui.",IRRELEVANT,True,True,True
5727fc7f4b864d1900164162,easy,23,para:1704,Who long was the broadcast delay claimed to be the first time the series premiered?,"['ten minutes', 'eighty seconds']","Plastoglobuli (singular plastoglobulus, sometimes spelled plastoglobule(s)), are spherical bubbles of lipids and proteins about 45–60 nanometers across. They are surrounded by a lipid monolayer. Plastoglobuli are found in all chloroplasts, but become more common when the chloroplast is under oxidative stress, or when it ages and transitions into a gerontoplast. Plastoglobuli also exhibit a greater size variation under these conditions. They are also common in etioplasts, but decrease in number as the etioplasts mature into chloroplasts.",IRRELEVANT,True,True,True
5727fc7f4b864d1900164162,easy,24,para:658,Who long was the broadcast delay claimed to be the first time the series premiered?,"['ten minutes', 'eighty seconds']","Among the most important classes of organic compounds that contain oxygen are (where ""R"" is an organic group): alcohols (R-OH); ethers (R-O-R); ketones (R-CO-R); aldehydes (R-CO-H); carboxylic acids (R-COOH); esters (R-COO-R); acid anhydrides (R-CO-O-CO-R); and amides (R-C(O)-NR 2). There are many important organic solvents that contain oxygen, including: acetone, methanol, ethanol, isopropanol, furan, THF, diethyl ether, dioxane, ethyl acetate, DMF, DMSO, acetic acid, and formic acid. Acetone ((CH 3) 2CO) and phenol (C 6H 5OH) are used as feeder materials in the synthesis of many different substances. Other important organic compounds that contain oxygen are: glycerol, formaldehyde, glutaraldehyde, citric acid, acetic anhydride, and acetamide. Epoxides are ethers in which the oxygen atom is part of a ring of three atoms.",IRRELEVANT,True,True,True
5727fc7f4b864d1900164162,easy,25,para:1544,Who long was the broadcast delay claimed to be the first time the series premiered?,"['ten minutes', 'eighty seconds']","Current faculty include the anthropologist Marshall Sahlins, historian Dipesh Chakrabarty, paleontologists Neil Shubin and Paul Sereno, evolutionary biologist Jerry Coyne, Nobel prize winning physicist Yoichiro Nambu, Nobel prize winning physicist James Cronin, Nobel Prize winning economists Eugene Fama, James Heckman, Lars Peter Hansen, Roger Myerson and Robert Lucas, Jr., Freakonomics author and noted economist Steven Levitt, current governor of India's central bank Raghuram Rajan, the 74th United States Secretary of the Treasury and former Goldman Sachs Chairman and CEO Hank Paulson, former Chairman of President Barack Obama's Council of Economic Advisors Austan Goolsbee, Shakespeare scholar David Bevington, and renowned political scientists John Mearsheimer and Robert Pape.",IRRELEVANT,True,True,True
5727fc7f4b864d1900164162,easy,26,para:329,Who long was the broadcast delay claimed to be the first time the series premiered?,"['ten minutes', 'eighty seconds']","In Germany, teachers are mainly civil servants recruited in special university classes, called Lehramtstudien (Teaching Education Studies). There are many differences between the teachers for elementary schools (Grundschule), lower secondary schools (Hauptschule), middle level secondary schools (Realschule) and higher level secondary schools (Gymnasium). Salaries for teachers depend on the civil servants' salary index scale (Bundesbesoldungsordnung).",IRRELEVANT,True,True,True
5727fc7f4b864d1900164162,easy,27,para:180,Who long was the broadcast delay claimed to be the first time the series premiered?,"['ten minutes', 'eighty seconds']","At the beginning of 1893 Westinghouse engineer Benjamin Lamme had made great progress developing an efficient version of Tesla's induction motor and Westinghouse Electric started branding their complete polyphase phase AC system as the ""Tesla Polyphase System"", noting how they believed Tesla's patents gave them patent priority over other AC systems.",IRRELEVANT,True,True,True
5727fc7f4b864d1900164162,easy,28,para:474,Who long was the broadcast delay claimed to be the first time the series premiered?,"['ten minutes', 'eighty seconds']","Downtown San Diego is the central business district of San Diego, though the city is filled with business districts. These include Carmel Valley, Del Mar Heights, Mission Valley, Rancho Bernardo, Sorrento Mesa, and University City. Most of these districts are located in Northern San Diego and some within North County regions.",IRRELEVANT,True,True,True
5727fc7f4b864d1900164162,easy,29,para:293,Who long was the broadcast delay claimed to be the first time the series premiered?,"['ten minutes', 'eighty seconds']","A teacher's professional duties may extend beyond formal teaching. Outside of the classroom teachers may accompany students on field trips, supervise study halls, help with the organization of school functions, and serve as supervisors for extracurricular activities. In some education systems, teachers may have responsibility for student discipline.",IRRELEVANT,True,True,True
5727fc7f4b864d1900164162,easy,30,para:1423,Who long was the broadcast delay claimed to be the first time the series premiered?,"['ten minutes', 'eighty seconds']","In recent years the characteristic that has strongly correlated with health in developed countries is income inequality. Creating an index of ""Health and Social Problems"" from nine factors, authors Richard Wilkinson and Kate Pickett found health and social problems ""more common in countries with bigger income inequalities"", and more common among states in the US with larger income inequalities. Other studies have confirmed this relationship. The UNICEF index of ""child well-being in rich countries"", studying 40 indicators in 22 countries, correlates with greater equality but not per capita income.",IRRELEVANT,True,True,True
572977fbaf94a219006aa4b0,hard,1,para:242,What can proplastids become?,['chromoplasts'],"Closely related fields in theoretical computer science are analysis of algorithms and computability theory. A key distinction between analysis of algorithms and computational complexity theory is that the former is devoted to analyzing the amount of resources needed by a particular algorithm to solve a problem, whereas the latter asks a more general question about all possible algorithms that could be used to solve the same problem. More precisely, it tries to classify problems that can or cannot be solved with appropriately restricted resources. In turn, imposing restrictions on the available resources is what distinguishes computational complexity from computability theory: the latter theory asks what kind of problems can, in principle, be solved algorithmically.",IRRELEVANT,True,True,True
572977fbaf94a219006aa4b0,hard,2,para:1091,What can proplastids become?,['chromoplasts'],"In the early 1970s, ABC completed its transition to color; the decade as a whole would mark a turning point for ABC, as it began to pass CBS and NBC in the ratings to become the first place network. It also began to use behavioral and demographic data to better determine what types of sponsors to sell advertising slots to and provide programming that would appeal towards certain audiences. ABC's gains in audience share were greatly helped by the fact that several smaller markets had grown large enough to allow full-time affiliations from all three networks.",IRRELEVANT,True,True,True
572977fbaf94a219006aa4b0,hard,3,para:1658,What can proplastids become?,['chromoplasts'],"Former IPCC chairman Robert Watson has said ""The mistakes all appear to have gone in the direction of making it seem like climate change is more serious by overstating the impact. That is worrying. The IPCC needs to look at this trend in the errors and ask why it happened"". Martin Parry, a climate expert who had been co-chair of the IPCC working group II, said that ""What began with a single unfortunate error over Himalayan glaciers has become a clamour without substance"" and the IPCC had investigated the other alleged mistakes, which were ""generally unfounded and also marginal to the assessment"".",IRRELEVANT,True,True,True
572977fbaf94a219006aa4b0,hard,4,para:1248,What can proplastids become?,['chromoplasts'],"When B cells and T cells are activated and begin to replicate, some of their offspring become long-lived memory cells. Throughout the lifetime of an animal, these memory cells remember each specific pathogen encountered and can mount a strong response if the pathogen is detected again. This is ""adaptive"" because it occurs during the lifetime of an individual as an adaptation to infection with that pathogen and prepares the immune system for future challenges. Immunological memory can be in the form of either passive short-term memory or active long-term memory.",IRRELEVANT,True,True,True
572977fbaf94a219006aa4b0,hard,5,para:255,What can proplastids become?,['chromoplasts'],"Many machine models different from the standard multi-tape Turing machines have been proposed in the literature, for example random access machines. Perhaps surprisingly, each of these models can be converted to another without providing any extra computational power. The time and memory consumption of these alternate models may vary. What all these models have in common is that the machines operate deterministically.",IRRELEVANT,True,True,True
572977fbaf94a219006aa4b0,hard,6,para:1295,What can proplastids become?,['chromoplasts'],"Sometimes the prosecution proposes a plea bargain to civil disobedients, as in the case of the Camden 28, in which the defendants were offered an opportunity to plead guilty to one misdemeanor count and receive no jail time. In some mass arrest situations, the activists decide to use solidarity tactics to secure the same plea bargain for everyone. But some activists have opted to enter a blind plea, pleading guilty without any plea agreement in place. Mohandas Gandhi pleaded guilty and told the court, ""I am here to . . . submit cheerfully to the highest penalty that can be inflicted upon me for what in law is a deliberate crime and what appears to me to be the highest duty of a citizen.""",IRRELEVANT,True,True,True
572977fbaf94a219006aa4b0,hard,7,para:1430,What can proplastids become?,['chromoplasts'],"Economist Joseph Stiglitz presented evidence in 2009 that both global inequality and inequality within countries prevent growth by limiting aggregate demand. Economist Branko Milanovic, wrote in 2001 that, ""The view that income inequality harms growth – or that improved equality can help sustain growth – has become more widely held in recent years. ... The main reason for this shift is the increasing importance of human capital in development. When physical capital mattered most, savings and investments were key. Then it was important to have a large contingent of rich people who could save a greater proportion of their income than the poor and invest it in physical capital. But now that human capital is scarcer than machines, widespread education has become the secret to growth.""",IRRELEVANT,True,True,True
572977fbaf94a219006aa4b0,hard,8,para:922,What can proplastids become?,['chromoplasts'],"Extension causes the rock units as a whole to become longer and thinner. This is primarily accomplished through normal faulting and through the ductile stretching and thinning. Normal faults drop rock units that are higher below those that are lower. This typically results in younger units being placed below older units. Stretching of units can result in their thinning; in fact, there is a location within the Maria Fold and Thrust Belt in which the entire sedimentary sequence of the Grand Canyon can be seen over a length of less than a meter. Rocks at the depth to be ductilely stretched are often also metamorphosed. These stretched rocks can also pinch into lenses, known as boudins, after the French word for ""sausage"", because of their visual similarity.",IRRELEVANT,True,True,True
572977fbaf94a219006aa4b0,hard,9,para:825,What can proplastids become?,['chromoplasts'],"The Cestida (""belt animals"") are ribbon-shaped planktonic animals, with the mouth and aboral organ aligned in the middle of opposite edges of the ribbon. There is a pair of comb-rows along each aboral edge, and tentilla emerging from a groove all along the oral edge, which stream back across most of the wing-like body surface. Cestids can swim by undulating their bodies as well as by the beating of their comb-rows. There are two known species, with worldwide distribution in warm, and warm-temperate waters: Cestum veneris (""Venus' girdle"") is among the largest ctenophores – up to 1.5 meters (4.9 ft) long, and can undulate slowly or quite rapidly. Velamen parallelum, which is typically less than 20 centimeters (0.66 ft) long, can move much faster in what has been described as a ""darting motion"".",IRRELEVANT,True,True,True
572977fbaf94a219006aa4b0,hard,10,para:629,What can proplastids become?,['chromoplasts'],"Highly combustible materials that leave little residue, such as wood or coal, were thought to be made mostly of phlogiston; whereas non-combustible substances that corrode, such as iron, contained very little. Air did not play a role in phlogiston theory, nor were any initial quantitative experiments conducted to test the idea; instead, it was based on observations of what happens when something burns, that most common objects appear to become lighter and seem to lose something in the process. The fact that a substance like wood gains overall weight in burning was hidden by the buoyancy of the gaseous combustion products. Indeed, one of the first clues that the phlogiston theory was incorrect was that metals, too, gain weight in rusting (when they were supposedly losing phlogiston).",IRRELEVANT,True,True,True
572977fbaf94a219006aa4b0,hard,11,para:311,What can proplastids become?,['chromoplasts'],"Where school class sizes are typically 40 to 50 students, maintaining order in the classroom can divert the teacher from instruction, leaving little opportunity for concentration and focus on what is being taught. In response, teachers may concentrate their attention on motivated students, ignoring attention-seeking and disruptive students. The result of this is that motivated students, facing demanding university entrance examinations, receive disproportionate resources. Given the emphasis on attainment of university places, administrators and governors may regard this policy as appropriate.",IRRELEVANT,True,True,True
572977fbaf94a219006aa4b0,hard,12,para:2030,What can proplastids become?,['chromoplasts'],"Newton's Second Law asserts the direct proportionality of acceleration to force and the inverse proportionality of acceleration to mass. Accelerations can be defined through kinematic measurements. However, while kinematics are well-described through reference frame analysis in advanced physics, there are still deep questions that remain as to what is the proper definition of mass. General relativity offers an equivalence between space-time and mass, but lacking a coherent theory of quantum gravity, it is unclear as to how or whether this connection is relevant on microscales. With some justification, Newton's second law can be taken as a quantitative definition of mass by writing the law as an equality; the relative units of force and mass then are fixed.",IRRELEVANT,True,True,True
572977fbaf94a219006aa4b0,hard,13,para:1894,What can proplastids become?,['chromoplasts'],"Geographical theories such as environmental determinism also suggested that tropical environments created uncivilized people in need of European guidance. For instance, American geographer Ellen Churchill Semple argued that even though human beings originated in the tropics they were only able to become fully human in the temperate zone. Tropicality can be paralleled with Edward Said’s Orientalism as the west’s construction of the east as the “other”. According to Siad, orientalism allowed Europe to establish itself as the superior and the norm, which justified its dominance over the essentialized Orient.",IRRELEVANT,True,True,True
572977fbaf94a219006aa4b0,hard,14,para:1281,What can proplastids become?,['chromoplasts'],"However, this definition is disputed by Thoreau's political philosophy pitching the conscience vs. the collective. The individual is the final judge of right and wrong. More than this, since only individuals act, only individuals can act unjustly. When the government knocks on the door, it is an individual in the form of a postman or tax collector whose hand hits the wood. Before Thoreau’s imprisonment, when a confused taxman had wondered aloud about how to handle his refusal to pay, Thoreau had advised, “Resign.” If a man chose to be an agent of injustice, then Thoreau insisted on confronting him with the fact that he was making a choice. But if government is “the voice of the people,” as it is often called, shouldn’t that voice be heeded? Thoreau admits that government may express the will of the majority but it may also express nothing more than the will of elite politicians. Even a good form of government is “liable to be abused and perverted before the people can act through it.” Moreover, even if a government did express the voice of the people, this fact would not compel the obedience of individuals who disagree with what is being said. The majority may be powerful but it is not necessarily right. What, then, is the proper relationship between the individual and the government?",IRRELEVANT,True,True,True
572977fbaf94a219006aa4b0,hard,15,para:1223,What can proplastids become?,['chromoplasts'],"In the coming decades, pharmacists are expected to become more integral within the health care system. Rather than simply dispensing medication, pharmacists are increasingly expected to be compensated for their patient care skills. In particular, Medication Therapy Management (MTM) includes the clinical services that pharmacists can provide for their patients. Such services include the thorough analysis of all medication (prescription, non-prescription, and herbals) currently being taken by an individual. The result is a reconciliation of medication and patient education resulting in increased patient health outcomes and decreased costs to the health care system.",IRRELEVANT,True,True,True
572977fbaf94a219006aa4b0,hard,16,para:177,What can proplastids become?,['chromoplasts'],"Starting in 1894, Tesla began investigating what he referred to as radiant energy of ""invisible"" kinds after he had noticed damaged film in his laboratory in previous experiments (later identified as ""Roentgen rays"" or ""X-Rays""). His early experiments were with Crookes tubes, a cold cathode electrical discharge tube. Soon after, much of Tesla's early research—hundreds of invention models, plans, notes, laboratory data, tools, photographs, valued at $50,000—was lost in the 5th Avenue laboratory fire of March 1895. Tesla is quoted by The New York Times as saying, ""I am in too much grief to talk. What can I say?"" Tesla may have inadvertently captured an X-ray image—predating, by a few weeks, Wilhelm Röntgen's December 1895 announcement of the discovery of x-rays—when he tried to photograph Mark Twain illuminated by a Geissler tube, an earlier type of gas discharge tube. The only thing captured in the image was the metal locking screw on the camera lens.:134",IRRELEVANT,True,True,True
572977fbaf94a219006aa4b0,hard,17,para:1969,What can proplastids become?,['chromoplasts'],"The United Methodist Church (UMC) practices infant and adult baptism. Baptized Members are those who have been baptized as an infant or child, but who have not subsequently professed their own faith. These Baptized Members become Professing Members through confirmation and sometimes the profession of faith. Individuals who were not previously baptized are baptized as part of their profession of faith and thus become Professing Members in this manner. Individuals may also become a Professing Member through transfer from another Christian denomination.",IRRELEVANT,True,True,True
572977fbaf94a219006aa4b0,hard,18,para:352,What can proplastids become?,['chromoplasts'],"He later attributed his decision to an event: on 2 July 1505, he was returning to university on horseback after a trip home. During a thunderstorm, a lightning bolt struck near him. Later telling his father he was terrified of death and divine judgment, he cried out, ""Help! Saint Anna, I will become a monk!"" He came to view his cry for help as a vow he could never break. He left law school, sold his books, and entered a closed Augustinian cloister in Erfurt on 17 July 1505. One friend blamed the decision on Luther's sadness over the deaths of two friends. Luther himself seemed saddened by the move. Those who attended a farewell supper walked him to the door of the Black Cloister. ""This day you see me, and then, not ever again,"" he said. His father was furious over what he saw as a waste of Luther's education.",IRRELEVANT,True,True,True
572977fbaf94a219006aa4b0,hard,19,para:282,What can proplastids become?,['chromoplasts'],"What intractability means in practice is open to debate. Saying that a problem is not in P does not imply that all large cases of the problem are hard or even that most of them are. For example, the decision problem in Presburger arithmetic has been shown not to be in P, yet algorithms have been written that solve the problem in reasonable times in most cases. Similarly, algorithms can solve the NP-complete knapsack problem over a wide range of sizes in less than quadratic time and SAT solvers routinely handle large instances of the NP-complete Boolean satisfiability problem.",IRRELEVANT,True,True,True
572977fbaf94a219006aa4b0,hard,20,para:241,What can proplastids become?,['chromoplasts'],"A problem is regarded as inherently difficult if its solution requires significant resources, whatever the algorithm used. The theory formalizes this intuition, by introducing mathematical models of computation to study these problems and quantifying the amount of resources needed to solve them, such as time and storage. Other complexity measures are also used, such as the amount of communication (used in communication complexity), the number of gates in a circuit (used in circuit complexity) and the number of processors (used in parallel computing). One of the roles of computational complexity theory is to determine the practical limits on what computers can and cannot do.",IRRELEVANT,True,True,True
572977fbaf94a219006aa4b0,hard,21,para:921,What can proplastids become?,['chromoplasts'],"When rock units are placed under horizontal compression, they shorten and become thicker. Because rock units, other than muds, do not significantly change in volume, this is accomplished in two primary ways: through faulting and folding. In the shallow crust, where brittle deformation can occur, thrust faults form, which cause deeper rock to move on top of shallower rock. Because deeper rock is often older, as noted by the principle of superposition, this can result in older rocks moving on top of younger ones. Movement along faults can result in folding, either because the faults are not planar or because rock layers are dragged along, forming drag folds as slip occurs along the fault. Deeper in the Earth, rocks behave plastically, and fold instead of faulting. These folds can either be those where the material in the center of the fold buckles upwards, creating ""antiforms"", or where it buckles downwards, creating ""synforms"". If the tops of the rock units within the folds remain pointing upwards, they are called anticlines and synclines, respectively. If some of the units in the fold are facing downward, the structure is called an overturned anticline or syncline, and if all of the rock units are overturned or the correct up-direction is unknown, they are simply called by the most general terms, antiforms and synforms.",IRRELEVANT,True,True,True
572977fbaf94a219006aa4b0,hard,22,para:1362,What can proplastids become?,['chromoplasts'],"Harvard's 2,400 professors, lecturers, and instructors instruct 7,200 undergraduates and 14,000 graduate students. The school color is crimson, which is also the name of the Harvard sports teams and the daily newspaper, The Harvard Crimson. The color was unofficially adopted (in preference to magenta) by an 1875 vote of the student body, although the association with some form of red can be traced back to 1858, when Charles William Eliot, a young graduate student who would later become Harvard's 21st and longest-serving president (1869–1909), bought red bandanas for his crew so they could more easily be distinguished by spectators at a regatta.",IRRELEVANT,True,True,True
572977fbaf94a219006aa4b0,hard,23,para:2036,What can proplastids become?,['chromoplasts'],"As well as being added, forces can also be resolved into independent components at right angles to each other. A horizontal force pointing northeast can therefore be split into two forces, one pointing north, and one pointing east. Summing these component forces using vector addition yields the original force. Resolving force vectors into components of a set of basis vectors is often a more mathematically clean way to describe forces than using magnitudes and directions. This is because, for orthogonal components, the components of the vector sum are uniquely determined by the scalar addition of the components of the individual vectors. Orthogonal components are independent of each other because forces acting at ninety degrees to each other have no effect on the magnitude or direction of the other. Choosing a set of orthogonal basis vectors is often done by considering what set of basis vectors will make the mathematics most convenient. Choosing a basis vector that is in the same direction as one of the forces is desirable, since that force would then have only one non-zero component. Orthogonal force vectors can be three-dimensional with the third component being at right-angles to the other two.",IRRELEVANT,True,True,True
572977fbaf94a219006aa4b0,hard,24,para:1849,What can proplastids become?,['chromoplasts'],"Another major division within Islamism is between what Graham E. Fuller has described as the fundamentalist ""guardians of the tradition"" (Salafis, such as those in the Wahhabi movement) and the ""vanguard of change and Islamic reform"" centered around the Muslim Brotherhood. Olivier Roy argues that ""Sunni pan-Islamism underwent a remarkable shift in the second half of the 20th century"" when the Muslim Brotherhood movement and its focus on Islamisation of pan-Arabism was eclipsed by the Salafi movement with its emphasis on ""sharia rather than the building of Islamic institutions,"" and rejection of Shia Islam. Following the Arab Spring, Roy has described Islamism as ""increasingly interdependent"" with democracy in much of the Arab Muslim world, such that ""neither can now survive without the other."" While Islamist political culture itself may not be democratic, Islamists need democratic elections to maintain their legitimacy. At the same time, their popularity is such that no government can call itself democratic that excludes mainstream Islamist groups.",IRRELEVANT,True,True,True
572977fbaf94a219006aa4b0,hard,25,para:511,What can proplastids become?,['chromoplasts'],"Prior to European settlement, the area now constituting Victoria was inhabited by a large number of Aboriginal peoples, collectively known as the Koori. With Great Britain having claimed the entire Australian continent east of the 135th meridian east in 1788, Victoria was included in the wider colony of New South Wales. The first settlement in the area occurred in 1803 at Sullivan Bay, and much of what is now Victoria was included in the Port Phillip District in 1836, an administrative division of New South Wales. Victoria was officially created a separate colony in 1851, and achieved self-government in 1855. The Victorian gold rush in the 1850s and 1860s significantly increased both the population and wealth of the colony, and by the Federation of Australia in 1901, Melbourne had become the largest city and leading financial centre in Australasia. Melbourne also served as capital of Australia until the construction of Canberra in 1927, with the Federal Parliament meeting in Melbourne's Parliament House and all principal offices of the federal government being based in Melbourne.",IRRELEVANT,True,True,True
572977fbaf94a219006aa4b0,hard,26,para:1337,What can proplastids become?,['chromoplasts'],"As of April 2014, there are 88 private schools in New Zealand, catering for around 28,000 students or 3.7% of the entire student population. Private school numbers have been in decline since the mid-1970s as a result of many private schools opting to become state-integrated schools, mostly due of financial difficulties stemming from changes in student numbers and/or the economy. State-integrated schools keep their private school special character and receives state funds in return for having to operate like a state school, e.g. they must teach the state curriculum, they must employ registered teachers, and they can't charge tuition fees (they can charge ""attendance dues"" for the upkeep on the still-private school land and buildings). The largest decline in private school numbers occurred between 1979 and 1984, when the nation's then-private Catholic school system integrated. As a result, private schools in New Zealand are now largely restricted to the largest cities (Auckland, Hamilton, Wellington and Christchurch) and niche markets.",IRRELEVANT,True,True,True
572977fbaf94a219006aa4b0,hard,27,para:308,What can proplastids become?,['chromoplasts'],"A modern example of school discipline in North America and Western Europe relies upon the idea of an assertive teacher who is prepared to impose their will upon a class. Positive reinforcement is balanced with immediate and fair punishment for misbehavior and firm, clear boundaries define what is appropriate and inappropriate behavior. Teachers are expected to respect their students; sarcasm and attempts to humiliate pupils are seen as falling outside of what constitutes reasonable discipline.[verification needed]",IRRELEVANT,True,True,True
572977fbaf94a219006aa4b0,hard,28,para:1748,What can proplastids become?,['chromoplasts'],"can have infinitely many primes only when a and q are coprime, i.e., their greatest common divisor is one. If this necessary condition is satisfied, Dirichlet's theorem on arithmetic progressions asserts that the progression contains infinitely many primes. The picture below illustrates this with q = 9: the numbers are ""wrapped around"" as soon as a multiple of 9 is passed. Primes are highlighted in red. The rows (=progressions) starting with a = 3, 6, or 9 contain at most one prime number. In all other rows (a = 1, 2, 4, 5, 7, and 8) there are infinitely many prime numbers. What is more, the primes are distributed equally among those rows in the long run—the density of all primes congruent a modulo 9 is 1/6.",IRRELEVANT,True,True,True
572977fbaf94a219006aa4b0,hard,29,para:1278,What can proplastids become?,['chromoplasts'],"It has been argued that the term ""civil disobedience"" has always suffered from ambiguity and in modern times, become utterly debased. Marshall Cohen notes, ""It has been used to describe everything from bringing a test-case in the federal courts to taking aim at a federal official. Indeed, for Vice President Agnew it has become a code-word describing the activities of muggers, arsonists, draft evaders, campaign hecklers, campus militants, anti-war demonstrators, juvenile delinquents and political assassins.""",IRRELEVANT,True,True,True
572977fbaf94a219006aa4b0,hard,30,para:1991,What can proplastids become?,['chromoplasts'],"In his extensively detailed report, Céloron wrote, ""All I can say is that the Natives of these localities are very badly disposed towards the French, and are entirely devoted to the English. I don't know in what way they could be brought back."" Even before his return to Montreal, reports on the situation in the Ohio Country were making their way to London and Paris, each side proposing that action be taken. William Shirley, the expansionist governor of the Province of Massachusetts Bay, was particularly forceful, stating that British colonists would not be safe as long as the French were present. Conflicts between the colonies, accomplished through raiding parties that included Indian allies, had taken place for decades, leading to a brisk trade in European colonial captives from either side.",IRRELEVANT,True,True,True
572977fbaf94a219006aa4b0,easy,1,para:0,What can proplastids become?,['chromoplasts'],"Super Bowl 50 was an American football game to determine the champion of the National Football League (NFL) for the 2015 season. The American Football Conference (AFC) champion Denver Broncos defeated the National Football Conference (NFC) champion Carolina Panthers 24–10 to earn their third Super Bowl title. The game was played on February 7, 2016, at Levi's Stadium in the San Francisco Bay Area at Santa Clara, California. As this was the 50th Super Bowl, the league emphasized the ""golden anniversary"" with various gold-themed initiatives, as well as temporarily suspending the tradition of naming each Super Bowl game with Roman numerals (under which the game would have been known as ""Super Bowl L""), so that the logo could prominently feature the Arabic numerals 50.",IRRELEVANT,True,True,True
572977fbaf94a219006aa4b0,easy,2,para:1,What can proplastids become?,['chromoplasts'],"The Panthers finished the regular season with a 15–1 record, and quarterback Cam Newton was named the NFL Most Valuable Player (MVP). They defeated the Arizona Cardinals 49–15 in the NFC Championship Game and advanced to their second Super Bowl appearance since the franchise was founded in 1995. The Broncos finished the regular season with a 12–4 record, and denied the New England Patriots a chance to defend their title from Super Bowl XLIX by defeating them 20–18 in the AFC Championship Game. They joined the Patriots, Dallas Cowboys, and Pittsburgh Steelers as one of four teams that have made eight appearances in the Super Bowl.",IRRELEVANT,True,True,True
572977fbaf94a219006aa4b0,easy,3,para:10,What can proplastids become?,['chromoplasts'],"The Panthers offense, which led the NFL in scoring (500 points), was loaded with talent, boasting six Pro Bowl selections. Pro Bowl quarterback Cam Newton had one of his best seasons, throwing for 3,837 yards and rushing for 636, while recording a career-high and league-leading 45 total touchdowns (35 passing, 10 rushing), a career-low 10 interceptions, and a career-best quarterback rating of 99.4. Newton's leading receivers were tight end Greg Olsen, who caught a career-high 77 passes for 1,104 yards and seven touchdowns, and wide receiver Ted Ginn, Jr., who caught 44 passes for 739 yards and 10 touchdowns; Ginn also rushed for 60 yards and returned 27 punts for 277 yards. Other key receivers included veteran Jerricho Cotchery (39 receptions for 485 yards), rookie Devin Funchess (31 receptions for 473 yards and five touchdowns), and second-year receiver Corey Brown (31 receptions for 447 yards). The Panthers backfield featured Pro Bowl running back Jonathan Stewart, who led the team with 989 rushing yards and six touchdowns in 13 games, along with Pro Bowl fullback Mike Tolbert, who rushed for 256 yards and caught 18 passes for another 154 yards. Carolina's offensive line also featured two Pro Bowl selections: center Ryan Kalil and guard Trai Turner.",IRRELEVANT,True,True,True
572977fbaf94a219006aa4b0,easy,4,para:100,What can proplastids become?,['chromoplasts'],"Warsaw's first stock exchange was established in 1817 and continued trading until World War II. It was re-established in April 1991, following the end of the post-war communist control of the country and the reintroduction of a free-market economy. Today, the Warsaw Stock Exchange (WSE) is, according to many indicators, the largest market in the region, with 374 companies listed and total capitalization of 162 584 mln EUR as of 31 August 2009. From 1991 until 2000, the stock exchange was, ironically, located in the building previously used as the headquarters of the Polish United Workers' Party (PZPR).",IRRELEVANT,True,True,True
572977fbaf94a219006aa4b0,easy,5,para:1001,What can proplastids become?,['chromoplasts'],"The main façade, built from red brick and Portland stone, stretches 720 feet (220 m) along Cromwell Gardens and was designed by Aston Webb after winning a competition in 1891 to extend the museum. Construction took place between 1899 and 1909. Stylistically it is a strange hybrid, although much of the detail belongs to the Renaissance there are medieval influences at work. The main entrance consisting of a series of shallow arches supported by slender columns and niches with twin doors separated by pier is Romanesque in form but Classical in detail. Likewise the tower above the main entrance has an open work crown surmounted by a statue of fame, a feature of late Gothic architecture and a feature common in Scotland, but the detail is Classical. The main windows to the galleries are also mullioned and transomed, again a Gothic feature, the top row of windows are interspersed with statues of many of the British artists whose work is displayed in the museum.",IRRELEVANT,True,True,True
572977fbaf94a219006aa4b0,easy,6,para:1002,What can proplastids become?,['chromoplasts'],"Prince Albert appears within the main arch above the twin entrances, Queen Victoria above the frame around the arches and entrance, sculpted by Alfred Drury. These façades surround four levels of galleries. Other areas designed by Webb include the Entrance Hall and Rotunda, the East and West Halls, the areas occupied by the shop and Asian Galleries as well as the Costume Gallery. The interior makes much use of marble in the entrance hall and flanking staircases, although the galleries as originally designed were white with restrained classical detail and mouldings, very much in contrast to the elaborate decoration of the Victorian galleries, although much of this decoration was removed in the early 20th century.",IRRELEVANT,True,True,True
572977fbaf94a219006aa4b0,easy,7,para:1004,What can proplastids become?,['chromoplasts'],"A few galleries were redesigned in the 1990s including the Indian, Japanese, Chinese, iron work, the main glass galleries and the main silverware gallery which was further enhanced in 2002 when some of the Victorian decoration was recreated. This included two of the ten columns having their ceramic decoration replaced and the elaborate painted designs restored on the ceiling. As part of the 2006 renovation the mosaic floors in the sculpture gallery were restored—most of the Victorian floors were covered in linoleum after the Second World War. After the success of the British Galleries, opened in 2001, it was decided to embark on a major redesign of all the galleries in the museum; this is known as ""FuturePlan"", and was created in consultation with the exhibition designers and masterplanners Metaphor. The plan is expected to take about ten years and was started in 2002. To date several galleries have been redesigned, notably, in 2002: the main Silver Gallery, Contemporary; in 2003: Photography, the main entrance, The Painting Galleries; in 2004: the tunnel to the subway leading to South Kensington tube station, New signage throughout the museum, architecture, V&A and RIBA reading rooms and stores, metalware, Members' Room, contemporary glass, the Gilbert Bayes sculpture gallery; in 2005: portrait miniatures, prints and drawings, displays in Room 117, the garden, sacred silver and stained glass; in 2006: Central Hall Shop, Islamic Middle East, the new café, sculpture galleries. Several designers and architects have been involved in this work. Eva Jiřičná designed the enhancements to the main entrance and rotunda, the new shop, the tunnel and the sculpture galleries. Gareth Hoskins was responsible for contemporary and architecture, Softroom, Islamic Middle East and the Members' Room, McInnes Usher McKnight Architects (MUMA) were responsible for the new Cafe and designed the new Medieval and Renaissance galleries which opened in 2009.",IRRELEVANT,True,True,True
572977fbaf94a219006aa4b0,easy,8,para:1005,What can proplastids become?,['chromoplasts'],"The central garden was redesigned by Kim Wilkie and opened as the John Madejski Garden, on 5 July 2005. The design is a subtle blend of the traditional and modern, the layout is formal; there is an elliptical water feature lined in stone with steps around the edge which may be drained to use the area for receptions, gatherings or exhibition purposes. This is in front of the bronze doors leading to the refreshment rooms, a central path flanked by lawns leads to the sculpture gallery; the north, east and west sides have herbaceous borders along the museum walls with paths in front which continues along the south façade; in the two corners by the north façade there is planted an American Sweetgum tree; the southern, eastern and western edges of the lawns have glass planters which contain orange and lemon trees in summer, these are replaced by bay trees in winter.",IRRELEVANT,True,True,True
572977fbaf94a219006aa4b0,easy,9,para:1006,What can proplastids become?,['chromoplasts'],"In 2004, the V&A alongside Royal Institute of British Architects opened the first permanent gallery in the UK covering the history of architecture with displays using models, photographs, elements from buildings and original drawings. With the opening of the new gallery, the RIBA Drawings and Archives Collection has been transferred to the museum, joining the already extensive collection held by the V&A. With over 600,000 drawings, over 750,000 papers and paraphernalia, and over 700,000 photographs from around the world, together they form the world's most comprehensive architectural resource.",IRRELEVANT,True,True,True
572977fbaf94a219006aa4b0,easy,10,para:1007,What can proplastids become?,['chromoplasts'],"Not only are all the major British architects of the last four hundred years represented, but many European (especially Italian) and American architects' drawings are held in the collection. The RIBA's holdings of over 330 drawings by Andrea Palladio are the largest in the world, other Europeans well represented are Jacques Gentilhatre and Antonio Visentini. British architects whose drawings, and in some cases models of their buildings, in the collection, include: Inigo Jones, Sir Christopher Wren, Sir John Vanbrugh, Nicholas Hawksmoor, William Kent, James Gibbs, Robert Adam, Sir William Chambers, James Wyatt, Henry Holland, John Nash, Sir John Soane, Sir Charles Barry, Charles Robert Cockerell, Augustus Welby Northmore Pugin, Sir George Gilbert Scott, John Loughborough Pearson, George Edmund Street, Richard Norman Shaw, Alfred Waterhouse, Sir Edwin Lutyens, Charles Rennie Mackintosh, Charles Holden, Frank Hoar, Lord Richard Rogers, Lord Norman Foster, Sir Nicholas Grimshaw, Zaha Hadid and Alick Horsnell.",IRRELEVANT,True,True,True
572977fbaf94a219006aa4b0,easy,11,para:1008,What can proplastids become?,['chromoplasts'],"As well as period rooms, the collection includes parts of buildings, for example the two top stories of the facade of Sir Paul Pindar's house dated c1600 from Bishopsgate with elaborately carved wood work and leaded windows, a rare survivor of the Great Fire of London, there is a brick portal from a London house of the English Restoration period and a fireplace from the gallery of Northumberland house. European examples include a dormer window dated 1523–35 from the chateau of Montal. There are several examples from Italian Renaissance buildings including, portals, fireplaces, balconies and a stone buffet that used to have a built in fountain. The main architecture gallery has a series of pillars from various buildings and different periods, for example a column from the Alhambra. Examples covering Asia are in those galleries concerned with those countries, as well as models and photographs in the main architecture gallery.",IRRELEVANT,True,True,True
572977fbaf94a219006aa4b0,easy,12,para:1009,What can proplastids become?,['chromoplasts'],"The V&A holds over 19,000 items from the Islamic world, ranging from the early Islamic period (the 7th century) to the early 20th century. The Jameel Gallery of Islamic Art, opened in 2006, houses a representative display of 400 objects with the highlight being the Ardabil Carpet, the centrepiece of the gallery. The displays in this gallery cover objects from Spain, North Africa, the Middle East, Central Asia and Afghanistan. A masterpiece of Islamic art is a 10th-century Rock crystal ewer. Many examples of Qur'āns with exquisite calligraphy dating from various periods are on display. A 15th-century minbar from a Cairo mosque with ivory forming complex geometrical patterns inlaid in wood is one of the larger objects on display. Extensive examples of ceramics especially Iznik pottery, glasswork including 14th-century lamps from mosques and metalwork are on display. The collection of Middle Eastern and Persian rugs and carpets is amongst the finest in the world, many were part of the Salting Bequest of 1909. Examples of tile work from various buildings including a fireplace dated 1731 from Istanbul made of intricately decorated blue and white tiles and turquoise tiles from the exterior of buildings from Samarkand are also displayed.",IRRELEVANT,True,True,True
572977fbaf94a219006aa4b0,easy,13,para:101,What can proplastids become?,['chromoplasts'],"The FSO Car Factory was established in 1951. A number of vehicles have been assembled there over the decades, including the Warszawa, Syrena, Fiat 125p (under license from Fiat, later renamed FSO 125p when the license expired) and the Polonez. The last two models listed were also sent abroad and assembled in a number of other countries, including Egypt and Colombia. In 1995 the factory was purchased by the South Korean car manufacturer Daewoo, which assembled the Tico, Espero, Nubia, Tacuma, Leganza, Lanos and Matiz there for the European market. In 2005 the factory was sold to AvtoZAZ, a Ukrainian car manufacturer which assembled there the Chevrolet Aveo. The license for the production of the Aveo expired in February 2011 and has since not been renewed. Currently the company is defunct.",IRRELEVANT,True,True,True
572977fbaf94a219006aa4b0,easy,14,para:1010,What can proplastids become?,['chromoplasts'],"The Museum's collections of South and South-East Asian art are the most comprehensive and important in the West comprising nearly 60,000 objects, including about 10,000 textiles and 6000 paintings, the range of the collection is immense. The Jawaharlal Nehru gallery of Indian art, opened in 1991, contains art from about 500 BC to the 19th century. There is an extensive collection of sculpture, mainly of a religious nature, Hindu, Buddhist and Jain. The gallery is richly endowed with art of the Mughal Empire and the Marathas, including fine portraits of the emperors and other paintings and drawings, jade wine cups and gold spoons inset with emeralds, diamonds and rubies, also from this period are parts of buildings such as a jaali and pillars. India was a large producer of textiles, from dyed cotton chintz, muslin to rich embroidery work using gold and silver thread, coloured sequins and beads is displayed, as are carpets from Agra and Lahore. Examples of clothing are also displayed.",IRRELEVANT,True,True,True
572977fbaf94a219006aa4b0,easy,15,para:1011,What can proplastids become?,['chromoplasts'],"The Far Eastern collections include more than 70,000 works of art from the countries of East Asia: China, Japan and Korea. The T. T. Tsui Gallery of Chinese art opened in 1991, displaying a representative collection of the V&As approximately 16,000 objects from China, dating from the 4th millennium BC to the present day. Though the majority of art works on display date from the Ming and Qing dynasties, there are exquisite examples of objects dating from the Tang dynasty and earlier periods. Notably, a metre-high bronze head of the Buddha dated to c.750 AD and one of the oldest items a 2,000-year-old jade horse head from a burial, other sculptures include life-size tomb guardians. Classic examples of Chinese manufacturing are displayed that include lacquer, silk, porcelain, jade and cloisonné enamel. Two large ancestor portraits of a husband and wife painted in watercolour on silk date from the 18th century. There is a unique Chinese lacquerware table, made in the imperial workshops during the reign of the Xuande Emperor in the Ming dynasty. Examples of clothing are also displayed. One of the largest objects is a bed from the mid-17th century. The work of contemporary Chinese designers is also displayed.",IRRELEVANT,True,True,True
572977fbaf94a219006aa4b0,easy,16,para:1012,What can proplastids become?,['chromoplasts'],"The Toshiba gallery of Japanese art opened in December 1986. The majority of exhibits date from 1550 to 1900, but one of the oldest pieces displayed is the 13th-century sculpture of Amida Nyorai. Examples of classic Japanese armour from the mid-19th century, steel sword blades (Katana), Inrō, lacquerware including the Mazarin Chest dated c1640 is one of the finest surviving pieces from Kyoto, porcelain including Imari, Netsuke, woodblock prints including the work of Ando Hiroshige, graphic works include printed books, as well as a few paintings, scrolls and screens, textiles and dress including kimonos are some of the objects on display. One of the finest objects displayed is Suzuki Chokichi's bronze incense burner (koro) dated 1875, standing at over 2.25 metres high and 1.25 metres in diameter it is also one of the largest examples made. The museum also holds some cloisonné pieces from the Japanese art production company, Ando Cloisonné.",IRRELEVANT,True,True,True
572977fbaf94a219006aa4b0,easy,17,para:1013,What can proplastids become?,['chromoplasts'],"The smaller galleries cover Korea, the Himalayan kingdoms and South East Asia. Korean displays include green-glazed ceramics, silk embroideries from officials' robes and gleaming boxes inlaid with mother-of-pearl made between 500 AD and 2000. Himalayan items include important early Nepalese bronze sculptures, repoussé work and embroidery. Tibetan art from the 14th to the 19th century is represented by notable 14th- and 15th-century religious images in wood and bronze, scroll paintings and ritual objects. Art from Thailand, Burma, Cambodia, Indonesia and Sri Lanka in gold, silver, bronze, stone, terracotta and ivory represents these rich and complex cultures, the displays span the 6th to 19th centuries. Refined Hindu and Buddhist sculptures reflect the influence of India; items on show include betel-nut cutters, ivory combs and bronze palanquin hooks.",IRRELEVANT,True,True,True
572977fbaf94a219006aa4b0,easy,18,para:1014,What can proplastids become?,['chromoplasts'],"One of the great treasures in the library is the Codex Forster, some of Leonardo da Vinci's note books. The Codex consists of three parchment-bound manuscripts, Forster I, Forster II, and Forster III, quite small in size, dated between 1490 and 1505. Their contents include a large collection of sketches and references to the equestrian sculpture commissioned by the Duke of Milan Ludovico Sforza to commemorate his father Francesco Sforza. These were bequeathed with over 18,000 books to the museum in 1876 by John Forster. The Reverend Alexander Dyce was another benefactor of the library, leaving over 14,000 books to the museum in 1869. Amongst the books he collected are early editions in Greek and Latin of the poets and playwrights Aeschylus, Aristotle, Homer, Livy, Ovid, Pindar, Sophocles and Virgil. More recent authors include Giovanni Boccaccio, Dante, Racine, Rabelais and Molière.",IRRELEVANT,True,True,True
572977fbaf94a219006aa4b0,easy,19,para:1015,What can proplastids become?,['chromoplasts'],"Writers whose papers are in the library are as diverse as Charles Dickens and Beatrix Potter. Illuminated manuscripts in the library dating from the 12th to 16th centuries include: the Eadwine Psalter[citation needed], Canterbury; Pocket Book of Hours, Reims; Missal from the Royal Abbey of Saint Denis, Paris; the Simon Marmion Book of Hours, Bruges; 1524 Charter illuminated by Lucas Horenbout, London; the Armagnac manuscript of the trial and rehabilitation of Joan of Arc, Rouen. also the Victorian period is represented by William Morris.",IRRELEVANT,True,True,True
572977fbaf94a219006aa4b0,easy,20,para:1016,What can proplastids become?,['chromoplasts'],"The National Art Library (also called Word and Image Department) at the Victoria and Albert Museum collection catalog used to be kept in different formats including printed exhibit catalogs, and card catalogs. A computer system called MODES cataloging system was used from the 1980s to the 1990s, but those electronic files were not available to the library users. All of the archival material at the National Art Library is using Encoded Archival Description (EAD). The Victoria and Albert Museum has a computer system but most of the items in the collection, unless those were newly accessioned into the collection, probably do not show up in the computer system. There is a feature on the Victoria and Albert Museum web-site called ""Search the Collections,"" but not everything is listed there.",IRRELEVANT,True,True,True
572977fbaf94a219006aa4b0,easy,21,para:1017,What can proplastids become?,['chromoplasts'],"The Victoria and Albert Museum’s Word and Image Department was under the same pressure being felt in archives around the world, to digitize their collection. A large scale digitization project began in 2007 in that department. That project was entitled the Factory Project to reference Andy Warhol and to create a factory to completely digitize the collection. The first step of the Factory Project was to take photographs utilizing digital cameras. The Word and Image Department had a collection of old photos but they were in black and white and in variant conditions, so new photos were shot. Those new photographs will be accessible to researchers to the Victoria and Albert Museum web-site. 15,000 images were taken during the first year of the Factory Project, including drawings, watercolors, computer-generated art, photographs, posters, and woodcuts. The second step of the Factory Project is to catalog everything. The third step of the Factory Project is to audit the collection. All of those items which were photographed and cataloged, must be audited to make sure everything listed as being in the collection was physically found during the creation of the Factory Project. The fourth goal of the Factory Project is conservation, which means performing some basic preventable procedures to those items in the department. There is a ""Search the Collections"" feature on the Victoria and Albert web-site. The main impetus behind the large-scale digitization project called the Factory Project was to list more items in the collections in those computer databases.",IRRELEVANT,True,True,True
572977fbaf94a219006aa4b0,easy,22,para:1018,What can proplastids become?,['chromoplasts'],"Not only the work of British artists and craftspeople is on display, but also work produced by European artists that was purchased or commissioned by British patrons, as well as imports from Asia, including porcelain, cloth and wallpaper. Designers and artists whose work is on display in the galleries include Gian Lorenzo Bernini, Grinling Gibbons, Daniel Marot, Louis Laguerre, Antonio Verrio, Sir James Thornhill, William Kent, Robert Adam, Josiah Wedgwood, Matthew Boulton, Canova, Thomas Chippendale, Pugin, William Morris. Patrons who have influenced taste are also represented by works of art from their collections, these include: Horace Walpole (a major influence on the Gothic Revival), William Thomas Beckford and Thomas Hope.",IRRELEVANT,True,True,True
572977fbaf94a219006aa4b0,easy,23,para:1019,What can proplastids become?,['chromoplasts'],"The galleries also link design to wider trends in British culture. For instance, design in the Tudor period was influenced by the spread of printed books and the work of European artists and craftsmen employed in Britain. In the Stuart period, increasing trade, especially with Asia, enabled wider access to luxuries like carpets, lacquered furniture, silks and porcelain. In the Georgian age there was increasing emphasis on entertainment and leisure. For example, the increase in tea drinking led to the production of tea paraphernalia such as china and caddies. European styles seen on the Grand Tour also influenced taste. As the Industrial Revolution took hold, the growth of mass production produced entrepreneurs such as Josiah Wedgwood, Matthew Boulton and Eleanor Coade. In the Victorian era new technology and machinery had a significant effect on manufacturing, and for the first time since the reformation, the Anglican and Roman Catholic Churches had a major effect on art and design such as the Gothic Revival. There is a large display on the Great Exhibition which, among other things, led to the founding of the V&A. In the later 19th century, the increasing backlash against industrialization, led by John Ruskin, contributed to the Arts and Crafts movement.",IRRELEVANT,True,True,True
572977fbaf94a219006aa4b0,easy,24,para:102,What can proplastids become?,['chromoplasts'],"Warsaw (Polish: Warszawa [varˈʂava] ( listen); see also other names) is the capital and largest city of Poland. It stands on the Vistula River in east-central Poland, roughly 260 kilometres (160 mi) from the Baltic Sea and 300 kilometres (190 mi) from the Carpathian Mountains. Its population is estimated at 1.740 million residents within a greater metropolitan area of 2.666 million residents, which makes Warsaw the 9th most-populous capital city in the European Union. The city limits cover 516.9 square kilometres (199.6 sq mi), while the metropolitan area covers 6,100.43 square kilometres (2,355.39 sq mi).",IRRELEVANT,True,True,True
572977fbaf94a219006aa4b0,easy,25,para:1020,What can proplastids become?,['chromoplasts'],"One of the most dramatic parts of the museum is the Cast Courts in the sculpture wing, comprising two large, skylighted rooms two storeys high housing hundreds of plaster casts of sculptures, friezes and tombs. One of these is dominated by a full-scale replica of Trajan's Column, cut in half in order to fit under the ceiling. The other includes reproductions of various works of Italian Renaissance sculpture and architecture, including a full-size replica of Michelangelo's David. Replicas of two earlier Davids by Donatello's David and Verrocchio's David, are also included, although for conservation reasons the Verrocchio replica is displayed in a glass case.",IRRELEVANT,True,True,True
572977fbaf94a219006aa4b0,easy,26,para:1021,What can proplastids become?,['chromoplasts'],"Well represented in the collection is Meissen porcelain, from the first factory in Europe to discover the Chinese method of making porcelain. Among the finest examples are the Meissen Vulture from 1731 and the Möllendorff Dinner Service, designed in 1762 by Frederick II the Great. Ceramics from the Manufacture nationale de Sèvres are extensive, especially from the 18th and 19th centuries. The collection of 18th-century British porcelain is the largest and finest in the world. Examples from every factory are represented, the collections of Chelsea porcelain and Worcester Porcelain being especially fine. All the major 19th-century British factories are also represented. A major boost to the collections was the Salting Bequest made in 1909, which enriched the museum's stock of Chinese and Japanese ceramics. This bequest forms part of the finest collection of East Asian pottery and porcelain in the world, including Kakiemon ware.",IRRELEVANT,True,True,True
572977fbaf94a219006aa4b0,easy,27,para:1022,What can proplastids become?,['chromoplasts'],"Many famous potters, such as Josiah Wedgwood, William De Morgan and Bernard Leach as well as Mintons & Royal Doulton are represented in the collection. There is an extensive collection of Delftware produced in both Britain and Holland, which includes a circa 1695 flower pyramid over a metre in height. Bernard Palissy has several examples of his work in the collection including dishes, jugs and candlesticks. The largest objects in the collection are a series of elaborately ornamented ceramic stoves from the 16th and 17th centuries, made in Germany and Switzerland. There is an unrivalled collection of Italian maiolica and lustreware from Spain. The collection of Iznik pottery from Turkey is the largest in the world.",IRRELEVANT,True,True,True
572977fbaf94a219006aa4b0,easy,28,para:1023,What can proplastids become?,['chromoplasts'],"The glass collection covers 4000 years of glass making, and has over 6000 items from Africa, Britain, Europe, America and Asia. The earliest glassware on display comes from Ancient Egypt and continues through the Ancient Roman, Medieval, Renaissance covering areas such as Venetian glass and Bohemian glass and more recent periods, including Art Nouveau glass by Louis Comfort Tiffany and Émile Gallé, the Art Deco style is represented by several examples by René Lalique. There are many examples of crystal chandeliers both English, displayed in the British galleries and foreign for example Venetian (attributed to Giuseppe Briati) dated c1750 are in the collection. The stained glass collection is possibly the finest in the world, covering the medieval to modern periods, and covering Europe as well as Britain. Several examples of English 16th-century heraldic glass is displayed in the British Galleries. Many well-known designers of stained glass are represented in the collection including, from the 19th century: Dante Gabriel Rossetti, Edward Burne-Jones and William Morris. There is also an example of Frank Lloyd Wright's work in the collection. 20th-century designers include Harry Clarke, John Piper, Patrick Reyntiens, Veronica Whall and Brian Clarke.",IRRELEVANT,True,True,True
572977fbaf94a219006aa4b0,easy,29,para:1024,What can proplastids become?,['chromoplasts'],"The main gallery was redesigned in 1994, the glass balustrade on the staircase and mezzanine are the work of Danny Lane, the gallery covering contemporary glass opened in 2004 and the sacred silver and stained-glass gallery in 2005. In this latter gallery stained glass is displayed alongside silverware starting in the 12th century and continuing to the present. Some of the most outstanding stained glass, dated 1243–48 comes from the Sainte-Chapelle, is displayed along with other examples in the new Medieval & Renaissance galleries. The important 13th-century glass beaker known as the Luck of Edenhall is also displayed in these galleries. Examples of British stained glass are displayed in the British Galleries. One of the most spectacular items in the collection is the chandelier by Dale Chihuly in the rotunda at the Museum's main entrance.",IRRELEVANT,True,True,True
572977fbaf94a219006aa4b0,easy,30,para:1025,What can proplastids become?,['chromoplasts'],"The collection of drawings includes over 10,000 British and 2,000 old master works, including works by: Dürer, Giovanni Benedetto Castiglione, Bernardo Buontalenti, Rembrandt, Antonio Verrio, Paul Sandby, John Russell, Angelica Kauffman, John Flaxman, Hugh Douglas Hamilton, Thomas Rowlandson, William Kilburn, Thomas Girtin, Jean Auguste Dominique Ingres, David Wilkie, John Martin, Samuel Palmer, Sir Edwin Henry Landseer, Lord Frederic Leighton, Sir Samuel Luke Fildes and Aubrey Beardsley. Modern British artists represented in the collection include: Paul Nash, Percy Wyndham Lewis, Eric Gill, Stanley Spencer, John Piper, Graham Sutherland, Lucian Freud and David Hockney.",IRRELEVANT,True,True,True
56d728e00d65d2140019841e,hard,1,para:2028,"Who, according to the text, caused Cam Newton to lose the ball during a tackle?","['Von Miller', 'Miller']","For instance, while traveling in a moving vehicle at a constant velocity, the laws of physics do not change from being at rest. A person can throw a ball straight up in the air and catch it as it falls down without worrying about applying a force in the direction the vehicle is moving. This is true even though another person who is observing the moving vehicle pass by also observes the ball follow a curving parabolic path in the same direction as the motion of the vehicle. It is the inertia of the ball associated with its constant velocity in the direction of the vehicle's motion that ensures the ball continues to move forward even as it is thrown up and falls back down. From the perspective of the person in the car, the vehicle and everything inside of it is at rest: It is the outside world that is moving with a constant speed in the opposite direction. Since there is no experiment that can distinguish whether it is the vehicle that is at rest or the outside world that is at rest, the two situations are considered to be physically indistinguishable. Inertia therefore applies equally well to constant velocity motion as it does to rest.",IRRELEVANT,True,True,True
56d728e00d65d2140019841e,hard,2,para:1651,"Who, according to the text, caused Cam Newton to lose the ball during a tackle?","['Von Miller', 'Miller']","Each chapter has a number of authors who are responsible for writing and editing the material. A chapter typically has two ""coordinating lead authors"", ten to fifteen ""lead authors"", and a somewhat larger number of ""contributing authors"". The coordinating lead authors are responsible for assembling the contributions of the other authors, ensuring that they meet stylistic and formatting requirements, and reporting to the Working Group chairs. Lead authors are responsible for writing sections of chapters. Contributing authors prepare text, graphs or data for inclusion by the lead authors.",IRRELEVANT,True,True,True
56d728e00d65d2140019841e,hard,3,para:894,"Who, according to the text, caused Cam Newton to lose the ball during a tackle?","['Von Miller', 'Miller']","Medical knowledge had stagnated during the Middle Ages. The most authoritative account at the time came from the medical faculty in Paris in a report to the king of France that blamed the heavens, in the form of a conjunction of three planets in 1345 that caused a ""great pestilence in the air"". This report became the first and most widely circulated of a series of plague tracts that sought to give advice to sufferers. That the plague was caused by bad air became the most widely accepted theory. Today, this is known as the Miasma theory. The word 'plague' had no special significance at this time, and only the recurrence of outbreaks during the Middle Ages gave it the name that has become the medical term.",IRRELEVANT,True,True,True
56d728e00d65d2140019841e,hard,4,para:1939,"Who, according to the text, caused Cam Newton to lose the ball during a tackle?","['Von Miller', 'Miller']","Sanctifying Grace is that grace of God which sustains the believers in the journey toward Christian Perfection: a genuine love of God with heart, soul, mind, and strength, and a genuine love of our neighbors as ourselves. Sanctifying grace enables us to respond to God by leading a Spirit-filled and Christ-like life aimed toward love. Wesley never claimed this state of perfection for himself but instead insisted the attainment of perfection was possible for all Christians. Here the English Reformer parted company with both Luther and Calvin, who denied that a man would ever reach a state in this life in which he could not fall into sin. Such a man can lose all inclination to evil and can gain perfection in this life.",IRRELEVANT,True,True,True
56d728e00d65d2140019841e,hard,5,para:1401,"Who, according to the text, caused Cam Newton to lose the ball during a tackle?","['Von Miller', 'Miller']","According to PolitiFact the top 400 richest Americans ""have more wealth than half of all Americans combined."" According to the New York Times on July 22, 2014, the ""richest 1 percent in the United States now own more wealth than the bottom 90 percent"". Inherited wealth may help explain why many Americans who have become rich may have had a ""substantial head start"". In September 2012, according to the Institute for Policy Studies, ""over 60 percent"" of the Forbes richest 400 Americans ""grew up in substantial privilege"".",IRRELEVANT,True,True,True
56d728e00d65d2140019841e,hard,6,para:2048,"Who, according to the text, caused Cam Newton to lose the ball during a tackle?","['Von Miller', 'Miller']","In this equation, a dimensional constant is used to describe the relative strength of gravity. This constant has come to be known as Newton's Universal Gravitation Constant, though its value was unknown in Newton's lifetime. Not until 1798 was Henry Cavendish able to make the first measurement of using a torsion balance; this was widely reported in the press as a measurement of the mass of the Earth since knowing could allow one to solve for the Earth's mass given the above equation. Newton, however, realized that since all celestial bodies followed the same laws of motion, his law of gravity had to be universal. Succinctly stated, Newton's Law of Gravitation states that the force on a spherical object of mass due to the gravitational pull of mass is",IRRELEVANT,True,True,True
56d728e00d65d2140019841e,hard,7,para:2047,"Who, according to the text, caused Cam Newton to lose the ball during a tackle?","['Von Miller', 'Miller']","Newton came to realize that the effects of gravity might be observed in different ways at larger distances. In particular, Newton determined that the acceleration of the Moon around the Earth could be ascribed to the same force of gravity if the acceleration due to gravity decreased as an inverse square law. Further, Newton realized that the acceleration due to gravity is proportional to the mass of the attracting body. Combining these ideas gives a formula that relates the mass () and the radius () of the Earth to the gravitational acceleration:",IRRELEVANT,True,True,True
56d728e00d65d2140019841e,hard,8,para:764,"Who, according to the text, caused Cam Newton to lose the ball during a tackle?","['Von Miller', 'Miller']","Proportionality is recognised one of the general principles of European Union law by the European Court of Justice since the 1950s. According to the general principle of proportionality the lawfulness of an action depends on whether it was appropriate and necessary to achieve the objectives legitimately pursued. When there is a choice between several appropriate measures the least onerous must be adopted, and any disadvantage caused must not be disproportionate to the aims pursued. The principle of proportionality is also recognised in Article 5 of the EC Treaty, stating that ""any action by the Community shall not go beyond what is necessary to achieve the objectives of this Treaty"".",IRRELEVANT,True,True,True
56d728e00d65d2140019841e,hard,9,para:1824,"Who, according to the text, caused Cam Newton to lose the ball during a tackle?","['Von Miller', 'Miller']","The outcome of most votes can be predicted beforehand since political parties normally instruct members which way to vote. Parties entrust some MSPs, known as whips, with the task of ensuring that party members vote according to the party line. MSPs do not tend to vote against such instructions, since those who do are unlikely to reach higher political ranks in their parties. Errant members can be deselected as official party candidates during future elections, and, in serious cases, may be expelled from their parties outright. Thus, as with many Parliaments, the independence of Members of the Scottish Parliament tends to be low, and backbench rebellions by members who are discontent with their party's policies are rare. In some circumstances, however, parties announce ""free votes"", which allows Members to vote as they please. This is typically done on moral issues.",IRRELEVANT,True,True,True
56d728e00d65d2140019841e,hard,10,para:2061,"Who, according to the text, caused Cam Newton to lose the ball during a tackle?","['Von Miller', 'Miller']","Torque is the rotation equivalent of force in the same way that angle is the rotational equivalent for position, angular velocity for velocity, and angular momentum for momentum. As a consequence of Newton's First Law of Motion, there exists rotational inertia that ensures that all bodies maintain their angular momentum unless acted upon by an unbalanced torque. Likewise, Newton's Second Law of Motion can be used to derive an analogous equation for the instantaneous angular acceleration of the rigid body:",IRRELEVANT,True,True,True
56d728e00d65d2140019841e,hard,11,para:425,"Who, according to the text, caused Cam Newton to lose the ball during a tackle?","['Von Miller', 'Miller']","From December 1539, Luther became implicated in the bigamy of Philip I, Landgrave of Hesse, who wanted to marry one of his wife's ladies-in-waiting. Philip solicited the approval of Luther, Melanchthon, and Bucer, citing as a precedent the polygamy of the patriarchs. The theologians were not prepared to make a general ruling, and they reluctantly advised the landgrave that if he was determined, he should marry secretly and keep quiet about the matter. As a result, on 4 March 1540, Philip married a second wife, Margarethe von der Saale, with Melanchthon and Bucer among the witnesses. However, Philip was unable to keep the marriage secret, and he threatened to make Luther's advice public. Luther told him to ""tell a good, strong lie"" and deny the marriage completely, which Philip did during the subsequent public controversy. In the view of Luther's biographer Martin Brecht, ""giving confessional advice for Philip of Hesse was one of the worst mistakes Luther made, and, next to the landgrave himself, who was directly responsible for it, history chiefly holds Luther accountable"". Brecht argues that Luther's mistake was not that he gave private pastoral advice, but that he miscalculated the political implications. The affair caused lasting damage to Luther's reputation.",IRRELEVANT,True,True,True
56d728e00d65d2140019841e,hard,12,para:1195,"Who, according to the text, caused Cam Newton to lose the ball during a tackle?","['Von Miller', 'Miller']","In the Middle East, and particularly in Iran, Genghis Khan is almost universally condemned as a destructive and genocidal warlord who caused enormous damage and destruction to the population of these areas. Steven R. Ward wrote that ""Overall, the Mongol violence and depredations killed up to three-fourths of the population of the Iranian Plateau, possibly 10 to 15 million people. Some historians have estimated that Iran's population did not again reach its pre-Mongol levels until the mid-20th century.""",IRRELEVANT,True,True,True
56d728e00d65d2140019841e,hard,13,para:1997,"Who, according to the text, caused Cam Newton to lose the ball during a tackle?","['Von Miller', 'Miller']","Governor Robert Dinwiddie of Virginia was an investor in the Ohio Company, which stood to lose money if the French held their claim. To counter the French military presence in Ohio, in October 1753 Dinwiddie ordered the 21-year-old Major George Washington (whose brother was another Ohio Company investor) of the Virginia Regiment to warn the French to leave Virginia territory. Washington left with a small party, picking up along the way Jacob Van Braam as an interpreter; Christopher Gist, a company surveyor working in the area; and a few Mingo led by Tanaghrisson. On December 12, Washington and his men reached Fort Le Boeuf.",IRRELEVANT,True,True,True
56d728e00d65d2140019841e,hard,14,para:889,"Who, according to the text, caused Cam Newton to lose the ball during a tackle?","['Von Miller', 'Miller']","The plague disease, caused by Yersinia pestis, is enzootic (commonly present) in populations of fleas carried by ground rodents, including marmots, in various areas including Central Asia, Kurdistan, Western Asia, Northern India and Uganda. Nestorian graves dating to 1338–39 near Lake Issyk Kul in Kyrgyzstan have inscriptions referring to plague and are thought by many epidemiologists to mark the outbreak of the epidemic, from which it could easily have spread to China and India. In October 2010, medical geneticists suggested that all three of the great waves of the plague originated in China. In China, the 13th century Mongol conquest caused a decline in farming and trading. However, economic recovery had been observed at the beginning of the 14th century. In the 1330s a large number of natural disasters and plagues led to widespread famine, starting in 1331, with a deadly plague arriving soon after. Epidemics that may have included plague killed an estimated 25 million Chinese and other Asians during the 15 years before it reached Constantinople in 1347.",IRRELEVANT,True,True,True
56d728e00d65d2140019841e,hard,15,para:1196,"Who, according to the text, caused Cam Newton to lose the ball during a tackle?","['Von Miller', 'Miller']","The invasions of Baghdad, Samarkand, Urgench, Kiev, Vladimir among others caused mass murders, such as when portions of southern Khuzestan were completely destroyed. His descendant Hulagu Khan destroyed much of Iran's northern part and sacked Baghdad although his forces were halted by the Mamluks of Egypt, but Hulagu's descendant Ghazan Khan would return to beat the Egyptian Mamluks right out of Levant, Palestine and even Gaza. According to the works of the Persian historian Rashid-al-Din Hamadani, the Mongols killed more than 70,000 people in Merv and more than 190,000 in Nishapur. In 1237 Batu Khan, a grandson of Genghis Khan, launched an invasion into Kievan Rus'. Over the course of three years, the Mongols destroyed and annihilated all of the major cities of Eastern Europe with the exceptions of Novgorod and Pskov.",IRRELEVANT,True,True,True
56d728e00d65d2140019841e,hard,16,para:1032,"Who, according to the text, caused Cam Newton to lose the ball during a tackle?","['Von Miller', 'Miller']","One of the rarest items in the collection is the 58 cm high Gloucester Candlestick, dated to c1110, made from gilt bronze; with highly elaborate and intricate intertwining branches containing small figures and inscriptions, it is a tour de force of bronze casting. Also of importance is the Becket Casket dated c1180 to contain relics of St Thomas Becket, made from gilt copper, with enamelled scenes of the saint's martyrdom. Another highlight is the 1351 Reichenau Crozier. The Burghley Nef, a salt-cellar, French, dated 1527–28, uses a nautilus shell to form the hull of a vessel, which rests on the tail of a parcelgilt mermaid, who rests on a hexagonal gilt plinth on six claw-and-ball feet. Both masts have main and top-sails, and battlemented fighting-tops are made from gold. These items are displayed in the new Medieval & Renaissance galleries.",IRRELEVANT,True,True,True
56d728e00d65d2140019841e,hard,17,para:2049,"Who, according to the text, caused Cam Newton to lose the ball during a tackle?","['Von Miller', 'Miller']","It was only the orbit of the planet Mercury that Newton's Law of Gravitation seemed not to fully explain. Some astrophysicists predicted the existence of another planet (Vulcan) that would explain the discrepancies; however, despite some early indications, no such planet could be found. When Albert Einstein formulated his theory of general relativity (GR) he turned his attention to the problem of Mercury's orbit and found that his theory added a correction, which could account for the discrepancy. This was the first time that Newton's Theory of Gravity had been shown to be less correct than an alternative.",IRRELEVANT,True,True,True
56d728e00d65d2140019841e,hard,18,para:1396,"Who, according to the text, caused Cam Newton to lose the ball during a tackle?","['Von Miller', 'Miller']","Mean monthly temperatures range from around 53 F in January to 82 F in July. High temperatures average 64 to 92 °F (18 to 33 °C) throughout the year. High heat indices are common for the summer months in the area, with indices above 110 °F (43.3 °C) possible. The highest temperature recorded was 104 °F (40 °C) on July 11, 1879 and July 28, 1872. It is common for thunderstorms to erupt during a typical summer afternoon. These are caused by the rapid heating of the land relative to the water, combined with extremely high humidity.",IRRELEVANT,True,True,True
56d728e00d65d2140019841e,hard,19,para:1791,"Who, according to the text, caused Cam Newton to lose the ball during a tackle?","['Von Miller', 'Miller']","Around 2.5 million years ago (ending 11,600 years ago) was the geological period of the Ice Ages. Since approximately 600,000 years ago, six major Ice Ages have occurred, in which sea level dropped 120 m (390 ft) and much of the continental margins became exposed. In the Early Pleistocene, the Rhine followed a course to the northwest, through the present North Sea. During the so-called Anglian glaciation (~450,000 yr BP, marine oxygen isotope stage 12), the northern part of the present North Sea was blocked by the ice and a large lake developed, that overflowed through the English Channel. This caused the Rhine's course to be diverted through the English Channel. Since then, during glacial times, the river mouth was located offshore of Brest, France and rivers, like the Thames and the Seine, became tributaries to the Rhine. During interglacials, when sea level rose to approximately the present level, the Rhine built deltas, in what is now the Netherlands.",IRRELEVANT,True,True,True
56d728e00d65d2140019841e,hard,20,para:2027,"Who, according to the text, caused Cam Newton to lose the ball during a tackle?","['Von Miller', 'Miller']","Newton's First Law of Motion states that objects continue to move in a state of constant velocity unless acted upon by an external net force or resultant force. This law is an extension of Galileo's insight that constant velocity was associated with a lack of net force (see a more detailed description of this below). Newton proposed that every object with mass has an innate inertia that functions as the fundamental equilibrium ""natural state"" in place of the Aristotelian idea of the ""natural state of rest"". That is, the first law contradicts the intuitive Aristotelian belief that a net force is required to keep an object moving with constant velocity. By making rest physically indistinguishable from non-zero constant velocity, Newton's First Law directly connects inertia with the concept of relative velocities. Specifically, in systems where objects are moving with different velocities, it is impossible to determine which object is ""in motion"" and which object is ""at rest"". In other words, to phrase matters more technically, the laws of physics are the same in every inertial frame of reference, that is, in all frames related by a Galilean transformation.",IRRELEVANT,True,True,True
56d728e00d65d2140019841e,hard,21,para:1417,"Who, according to the text, caused Cam Newton to lose the ball during a tackle?","['Von Miller', 'Miller']","Wealth concentration is a theoretical[according to whom?] process by which, under certain conditions, newly created wealth concentrates in the possession of already-wealthy individuals or entities. According to this theory, those who already hold wealth have the means to invest in new sources of creating wealth or to otherwise leverage the accumulation of wealth, thus are the beneficiaries of the new wealth. Over time, wealth condensation can significantly contribute to the persistence of inequality within society. Thomas Piketty in his book Capital in the Twenty-First Century argues that the fundamental force for divergence is the usually greater return of capital (r) than economic growth (g), and that larger fortunes generate higher returns [pp. 384 Table 12.2, U.S. university endowment size vs. real annual rate of return]",IRRELEVANT,True,True,True
56d728e00d65d2140019841e,hard,22,para:1633,"Who, according to the text, caused Cam Newton to lose the ball during a tackle?","['Von Miller', 'Miller']","Nurses treat 80% of the population who visit dispensaries, health centres and private clinics in rural and under-served urban areas. Complicated cases are referred to clinical officers, medical officers and medical practitioners. According to the Kenya National Bureau of Statistics, in 2011 there were 65,000 qualified nurses registered in the country; 8,600 clinical officers and 7,000 doctors for the population of 43 million people (These figures from official registers include those who have died or left the profession hence the actual number of these workers may be lower).",IRRELEVANT,True,True,True
56d728e00d65d2140019841e,hard,23,para:2030,"Who, according to the text, caused Cam Newton to lose the ball during a tackle?","['Von Miller', 'Miller']","Newton's Second Law asserts the direct proportionality of acceleration to force and the inverse proportionality of acceleration to mass. Accelerations can be defined through kinematic measurements. However, while kinematics are well-described through reference frame analysis in advanced physics, there are still deep questions that remain as to what is the proper definition of mass. General relativity offers an equivalence between space-time and mass, but lacking a coherent theory of quantum gravity, it is unclear as to how or whether this connection is relevant on microscales. With some justification, Newton's second law can be taken as a quantitative definition of mass by writing the law as an equality; the relative units of force and mass then are fixed.",IRRELEVANT,True,True,True
56d728e00d65d2140019841e,hard,24,para:1908,"Who, according to the text, caused Cam Newton to lose the ball during a tackle?","['Von Miller', 'Miller']","Britain's imperialist ambitions can be seen as early as the sixteenth century. In 1599 the British East India Company was established and was chartered by Queen Elizabeth in the following year. With the establishment of trading posts in India, the British were able to maintain strength relative to others empires such as the Portuguese who already had set up trading posts in India. In 1767 political activity caused exploitation of the East India Company causing the plundering of the local economy, almost bringing the company into bankruptcy.",IRRELEVANT,True,True,True
56d728e00d65d2140019841e,hard,25,para:538,"Who, according to the text, caused Cam Newton to lose the ball during a tackle?","['Von Miller', 'Miller']","Renewed religious warfare in the 1620s caused the political and military privileges of the Huguenots to be abolished following their defeat. They retained the religious provisions of the Edict of Nantes until the rule of Louis XIV, who progressively increased persecution of them until he issued the Edict of Fontainebleau (1685), which abolished all legal recognition of Protestantism in France, and forced the Huguenots to convert. While nearly three-quarters eventually were killed or submitted, roughly 500,000 Huguenots had fled France by the early 18th century[citation needed].",IRRELEVANT,True,True,True
56d728e00d65d2140019841e,hard,26,para:1155,"Who, according to the text, caused Cam Newton to lose the ball during a tackle?","['Von Miller', 'Miller']","Temüjin began his ascent to power by offering himself as an ally (or, according to other sources, a vassal) to his father's anda (sworn brother or blood brother) Toghrul, who was Khan of the Keraites, and is better known by the Chinese title ""Wang Khan"", which the Jurchen Jin dynasty granted him in 1197. This relationship was first reinforced when Börte was captured by the Merkits. Temüjin turned to Toghrul for support, and in response, Toghrul offered his vassal 20,000 of his Keraite warriors and suggested that he also involve his childhood friend Jamukha, who had himself become Khan (ruler) of his own tribe, the Jadaran.",IRRELEVANT,True,True,True
56d728e00d65d2140019841e,hard,27,para:629,"Who, according to the text, caused Cam Newton to lose the ball during a tackle?","['Von Miller', 'Miller']","Highly combustible materials that leave little residue, such as wood or coal, were thought to be made mostly of phlogiston; whereas non-combustible substances that corrode, such as iron, contained very little. Air did not play a role in phlogiston theory, nor were any initial quantitative experiments conducted to test the idea; instead, it was based on observations of what happens when something burns, that most common objects appear to become lighter and seem to lose something in the process. The fact that a substance like wood gains overall weight in burning was hidden by the buoyancy of the gaseous combustion products. Indeed, one of the first clues that the phlogiston theory was incorrect was that metals, too, gain weight in rusting (when they were supposedly losing phlogiston).",IRRELEVANT,True,True,True
56d728e00d65d2140019841e,hard,28,para:1410,"Who, according to the text, caused Cam Newton to lose the ball during a tackle?","['Von Miller', 'Miller']","During the mass high school education movement from 1910–1940, there was an increase in skilled workers, which led to a decrease in the price of skilled labor. High school education during the period was designed to equip students with necessary skill sets to be able to perform at work. In fact, it differs from the present high school education, which is regarded as a stepping-stone to acquire college and advanced degrees. This decrease in wages caused a period of compression and decreased inequality between skilled and unskilled workers. Education is very important for the growth of the economy, however educational inequality in gender also influence towards the economy. Lagerlof and Galor stated that gender inequality in education can result to low economic growth, and continued gender inequality in education, thus creating a poverty trap. It is suggested that a large gap in male and female education may indicate backwardness and so may be associated with lower economic growth, which can explain why there is economic inequality between countries.",IRRELEVANT,True,True,True
56d728e00d65d2140019841e,hard,29,para:812,"Who, according to the text, caused Cam Newton to lose the ball during a tackle?","['Von Miller', 'Miller']","Like sponges and cnidarians, ctenophores have two main layers of cells that sandwich a middle layer of jelly-like material, which is called the mesoglea in cnidarians and ctenophores; more complex animals have three main cell layers and no intermediate jelly-like layer. Hence ctenophores and cnidarians have traditionally been labelled diploblastic, along with sponges. Both ctenophores and cnidarians have a type of muscle that, in more complex animals, arises from the middle cell layer, and as a result some recent text books classify ctenophores as triploblastic, while others still regard them as diploblastic.",IRRELEVANT,True,True,True
56d728e00d65d2140019841e,hard,30,para:1296,"Who, according to the text, caused Cam Newton to lose the ball during a tackle?","['Von Miller', 'Miller']","Some civil disobedience defendants choose to make a defiant speech, or a speech explaining their actions, in allocution. In U.S. v. Burgos-Andujar, a defendant who was involved in a movement to stop military exercises by trespassing on U.S. Navy property argued to the court in allocution that ""the ones who are violating the greater law are the members of the Navy"". As a result, the judge increased her sentence from 40 to 60 days. This action was upheld because, according to the U.S. Court of Appeals for the First Circuit, her statement suggested a lack of remorse, an attempt to avoid responsibility for her actions, and even a likelihood of repeating her illegal actions. Some of the other allocution speeches given by the protesters complained about mistreatment from government officials.",IRRELEVANT,True,True,True
56d728e00d65d2140019841e,easy,1,para:1377,"Who, according to the text, caused Cam Newton to lose the ball during a tackle?","['Von Miller', 'Miller']","Other: Civil rights leader W. E. B. Du Bois; philosopher Henry David Thoreau; authors Ralph Waldo Emerson and William S. Burroughs; educators Werner Baer, Harlan Hanson; poets Wallace Stevens, T. S. Eliot and E. E. Cummings; conductor Leonard Bernstein; cellist Yo Yo Ma; pianist and composer Charlie Albright; composer John Alden Carpenter; comedian, television show host and writer Conan O'Brien; actors Tatyana Ali, Nestor Carbonell, Matt Damon, Fred Gwynne, Hill Harper, Rashida Jones, Tommy Lee Jones, Ashley Judd, Jack Lemmon, Natalie Portman, Mira Sorvino, Elisabeth Shue, and Scottie Thompson; film directors Darren Aronofsky, Terrence Malick, Mira Nair, and Whit Stillman; architect Philip Johnson; musicians Rivers Cuomo, Tom Morello, and Gram Parsons; musician, producer and composer Ryan Leslie; serial killer Ted Kaczynski; programmer and activist Richard Stallman; NFL quarterback Ryan Fitzpatrick; NFL center Matt Birk; NBA player Jeremy Lin; US Ski Team skier Ryan Max Riley; physician Sachin H. Jain; physicist J. Robert Oppenheimer; computer pioneer and inventor An Wang; Tibetologist George de Roerich; and Marshall Admiral Isoroku Yamamoto.",IRRELEVANT,True,True,True
56d728e00d65d2140019841e,easy,2,para:306,"Who, according to the text, caused Cam Newton to lose the ball during a tackle?","['Von Miller', 'Miller']","Official corporal punishment, often by caning, remains commonplace in schools in some Asian, African and Caribbean countries. For details of individual countries see School corporal punishment.",IRRELEVANT,True,True,True
56d728e00d65d2140019841e,easy,3,para:522,"Who, according to the text, caused Cam Newton to lose the ball during a tackle?","['Von Miller', 'Miller']","As of August 2010, Victoria had 1,548 public schools, 489 Catholic schools and 214 independent schools. Just under 540,800 students were enrolled in public schools, and just over 311,800 in private schools. Over 61 per cent of private students attend Catholic schools. More than 462,000 students were enrolled in primary schools and more than 390,000 in secondary schools. Retention rates for the final two years of secondary school were 77 per cent for public school students and 90 per cent for private school students. Victoria has about 63,519 full-time teachers.",IRRELEVANT,True,True,True
56d728e00d65d2140019841e,easy,4,para:1199,"Who, according to the text, caused Cam Newton to lose the ball during a tackle?","['Von Miller', 'Miller']","Genghis Khan, the title is spelled in variety of ways in different languages such as Mongolian Chinggis Khaan, English Chinghiz, Chinghis, and Chingiz, Chinese: 成吉思汗; pinyin: Chéngjísī Hán, Turkic: Cengiz Han, Çingiz Xan, Çingiz Han, Chingizxon, Çıñğız Xan, Chengez Khan, Chinggis Khan, Chinggis Xaan, Chingis Khan, Jenghis Khan, Chinggis Qan, Djingis Kahn, Russian: Чингисхан (Čingiskhan) or Чингиз-хан (Čingiz-khan), etc. Temüjin is written in Chinese as simplified Chinese: 铁木真; traditional Chinese: 鐵木眞; pinyin: Tiěmùzhēn.",IRRELEVANT,True,True,True
56d728e00d65d2140019841e,easy,5,para:266,"Who, according to the text, caused Cam Newton to lose the ball during a tackle?","['Von Miller', 'Miller']","Other important complexity classes include BPP, ZPP and RP, which are defined using probabilistic Turing machines; AC and NC, which are defined using Boolean circuits; and BQP and QMA, which are defined using quantum Turing machines. #P is an important complexity class of counting problems (not decision problems). Classes like IP and AM are defined using Interactive proof systems. ALL is the class of all decision problems.",IRRELEVANT,True,True,True
56d728e00d65d2140019841e,easy,6,para:479,"Who, according to the text, caused Cam Newton to lose the ball during a tackle?","['Von Miller', 'Miller']","Professional sports teams in Southern California include teams from the NFL (Los Angeles Rams, San Diego Chargers); NBA (Los Angeles Lakers, Los Angeles Clippers); MLB (Los Angeles Dodgers, Los Angeles Angels of Anaheim, San Diego Padres); NHL (Los Angeles Kings, Anaheim Ducks); and MLS (LA Galaxy).",IRRELEVANT,True,True,True
56d728e00d65d2140019841e,easy,7,para:1421,"Who, according to the text, caused Cam Newton to lose the ball during a tackle?","['Von Miller', 'Miller']","British researchers Richard G. Wilkinson and Kate Pickett have found higher rates of health and social problems (obesity, mental illness, homicides, teenage births, incarceration, child conflict, drug use), and lower rates of social goods (life expectancy by country, educational performance, trust among strangers, women's status, social mobility, even numbers of patents issued) in countries and states with higher inequality. Using statistics from 23 developed countries and the 50 states of the US, they found social/health problems lower in countries like Japan and Finland and states like Utah and New Hampshire with high levels of equality, than in countries (US and UK) and states (Mississippi and New York) with large differences in household income.",IRRELEVANT,True,True,True
56d728e00d65d2140019841e,easy,8,para:1025,"Who, according to the text, caused Cam Newton to lose the ball during a tackle?","['Von Miller', 'Miller']","The collection of drawings includes over 10,000 British and 2,000 old master works, including works by: Dürer, Giovanni Benedetto Castiglione, Bernardo Buontalenti, Rembrandt, Antonio Verrio, Paul Sandby, John Russell, Angelica Kauffman, John Flaxman, Hugh Douglas Hamilton, Thomas Rowlandson, William Kilburn, Thomas Girtin, Jean Auguste Dominique Ingres, David Wilkie, John Martin, Samuel Palmer, Sir Edwin Henry Landseer, Lord Frederic Leighton, Sir Samuel Luke Fildes and Aubrey Beardsley. Modern British artists represented in the collection include: Paul Nash, Percy Wyndham Lewis, Eric Gill, Stanley Spencer, John Piper, Graham Sutherland, Lucian Freud and David Hockney.",IRRELEVANT,True,True,True
56d728e00d65d2140019841e,easy,9,para:229,"Who, according to the text, caused Cam Newton to lose the ball during a tackle?","['Von Miller', 'Miller']","Tesla was generally antagonistic towards theories about the conversion of matter into energy.:247 He was also critical of Einstein's theory of relativity, saying:",IRRELEVANT,True,True,True
56d728e00d65d2140019841e,easy,10,para:291,"Who, according to the text, caused Cam Newton to lose the ball during a tackle?","['Von Miller', 'Miller']","Religious and spiritual teachers, such as gurus, mullahs, rabbis, pastors/youth pastors and lamas, may teach religious texts such as the Quran, Torah or Bible.",IRRELEVANT,True,True,True
56d728e00d65d2140019841e,easy,11,para:1690,"Who, according to the text, caused Cam Newton to lose the ball during a tackle?","['Von Miller', 'Miller']","Chloroplasts have their own DNA, often abbreviated as ctDNA, or cpDNA. It is also known as the plastome. Its existence was first proved in 1962, and first sequenced in 1986—when two Japanese research teams sequenced the chloroplast DNA of liverwort and tobacco. Since then, hundreds of chloroplast DNAs from various species have been sequenced, but they're mostly those of land plants and green algae—glaucophytes, red algae, and other algal groups are extremely underrepresented, potentially introducing some bias in views of ""typical"" chloroplast DNA structure and content.",IRRELEVANT,True,True,True
56d728e00d65d2140019841e,easy,12,para:1535,"Who, according to the text, caused Cam Newton to lose the ball during a tackle?","['Von Miller', 'Miller']","In business, notable alumni include Microsoft CEO Satya Nadella, Oracle Corporation founder and the third richest man in America Larry Ellison, Goldman Sachs and MF Global CEO as well as former Governor of New Jersey Jon Corzine, McKinsey & Company founder and author of the first management accounting textbook James O. McKinsey, Arley D. Cathey, Bloomberg L.P. CEO Daniel Doctoroff, Credit Suisse CEO Brady Dougan, Morningstar, Inc. founder and CEO Joe Mansueto, Chicago Cubs owner and chairman Thomas S. Ricketts, and NBA commissioner Adam Silver.",IRRELEVANT,True,True,True
56d728e00d65d2140019841e,easy,13,para:1544,"Who, according to the text, caused Cam Newton to lose the ball during a tackle?","['Von Miller', 'Miller']","Current faculty include the anthropologist Marshall Sahlins, historian Dipesh Chakrabarty, paleontologists Neil Shubin and Paul Sereno, evolutionary biologist Jerry Coyne, Nobel prize winning physicist Yoichiro Nambu, Nobel prize winning physicist James Cronin, Nobel Prize winning economists Eugene Fama, James Heckman, Lars Peter Hansen, Roger Myerson and Robert Lucas, Jr., Freakonomics author and noted economist Steven Levitt, current governor of India's central bank Raghuram Rajan, the 74th United States Secretary of the Treasury and former Goldman Sachs Chairman and CEO Hank Paulson, former Chairman of President Barack Obama's Council of Economic Advisors Austan Goolsbee, Shakespeare scholar David Bevington, and renowned political scientists John Mearsheimer and Robert Pape.",IRRELEVANT,True,True,True
56d728e00d65d2140019841e,easy,14,para:329,"Who, according to the text, caused Cam Newton to lose the ball during a tackle?","['Von Miller', 'Miller']","In Germany, teachers are mainly civil servants recruited in special university classes, called Lehramtstudien (Teaching Education Studies). There are many differences between the teachers for elementary schools (Grundschule), lower secondary schools (Hauptschule), middle level secondary schools (Realschule) and higher level secondary schools (Gymnasium). Salaries for teachers depend on the civil servants' salary index scale (Bundesbesoldungsordnung).",IRRELEVANT,True,True,True
56d728e00d65d2140019841e,easy,15,para:180,"Who, according to the text, caused Cam Newton to lose the ball during a tackle?","['Von Miller', 'Miller']","At the beginning of 1893 Westinghouse engineer Benjamin Lamme had made great progress developing an efficient version of Tesla's induction motor and Westinghouse Electric started branding their complete polyphase phase AC system as the ""Tesla Polyphase System"", noting how they believed Tesla's patents gave them patent priority over other AC systems.",IRRELEVANT,True,True,True
56d728e00d65d2140019841e,easy,16,para:474,"Who, according to the text, caused Cam Newton to lose the ball during a tackle?","['Von Miller', 'Miller']","Downtown San Diego is the central business district of San Diego, though the city is filled with business districts. These include Carmel Valley, Del Mar Heights, Mission Valley, Rancho Bernardo, Sorrento Mesa, and University City. Most of these districts are located in Northern San Diego and some within North County regions.",IRRELEVANT,True,True,True
56d728e00d65d2140019841e,easy,17,para:1423,"Who, according to the text, caused Cam Newton to lose the ball during a tackle?","['Von Miller', 'Miller']","In recent years the characteristic that has strongly correlated with health in developed countries is income inequality. Creating an index of ""Health and Social Problems"" from nine factors, authors Richard Wilkinson and Kate Pickett found health and social problems ""more common in countries with bigger income inequalities"", and more common among states in the US with larger income inequalities. Other studies have confirmed this relationship. The UNICEF index of ""child well-being in rich countries"", studying 40 indicators in 22 countries, correlates with greater equality but not per capita income.",IRRELEVANT,True,True,True
56d728e00d65d2140019841e,easy,18,para:310,"Who, according to the text, caused Cam Newton to lose the ball during a tackle?","['Von Miller', 'Miller']","It's not clear, however that this stereotypical view reflects the reality of East Asian classrooms or that the educational goals in these countries are commensurable with those in Western countries. In Japan, for example, although average attainment on standardized tests may exceed those in Western countries, classroom discipline and behavior is highly problematic. Although, officially, schools have extremely rigid codes of behavior, in practice many teachers find the students unmanageable and do not enforce discipline at all.",IRRELEVANT,True,True,True
56d728e00d65d2140019841e,easy,19,para:203,"Who, according to the text, caused Cam Newton to lose the ball during a tackle?","['Von Miller', 'Miller']","In the years after these rumors, neither Tesla nor Edison won the prize (although Edison did receive one of 38 possible bids in 1915 and Tesla did receive one of 38 possible bids in 1937).",IRRELEVANT,True,True,True
56d728e00d65d2140019841e,easy,20,para:452,"Who, according to the text, caused Cam Newton to lose the ball during a tackle?","['Von Miller', 'Miller']","Many locals and tourists frequent the southern California coast for its popular beaches, and the desert city of Palm Springs is popular for its resort feel and nearby open spaces.",IRRELEVANT,True,True,True
56d728e00d65d2140019841e,easy,21,para:472,"Who, according to the text, caused Cam Newton to lose the ball during a tackle?","['Von Miller', 'Miller']","The San Bernardino-Riverside area maintains the business districts of Downtown San Bernardino, Hospitality Business/Financial Centre, University Town which are in San Bernardino and Downtown Riverside.",IRRELEVANT,True,True,True
56d728e00d65d2140019841e,easy,22,para:988,"Who, according to the text, caused Cam Newton to lose the ball during a tackle?","['Von Miller', 'Miller']","Musicians Eric Burdon, Sting, Mark Knopfler, Alan Hull, Cheryl Cole and Neil Tennant lived in Newcastle. Hank Marvin and Bruce Welch were both former pupils of Rutherford Grammar School, actors Charlie Hunnam and James Scott, entertainers Ant and Dec and international footballers Michael Carrick and Alan Shearer were born in Newcastle. Multiple circumnavigator David Scott Cowper, Nobel Prize winning physicist Peter Higgs, and former WWE NXT champion Neville were born in the city. John Dunn, inventor of keyed Northumbrian smallpipes, the most characteristic musical instrument in the region, lived and worked in the city.",IRRELEVANT,True,True,True
56d728e00d65d2140019841e,easy,23,para:327,"Who, according to the text, caused Cam Newton to lose the ball during a tackle?","['Von Miller', 'Miller']","Education in Australia is primarily the responsibility of the individual states and territories. Generally, education in Australia follows the three-tier model which includes primary education (primary schools), followed by secondary education (secondary schools/high schools) and tertiary education (universities and/or TAFE colleges).",IRRELEVANT,True,True,True
56d728e00d65d2140019841e,easy,24,para:724,"Who, according to the text, caused Cam Newton to lose the ball during a tackle?","['Von Miller', 'Miller']","NASA immediately convened an accident review board, overseen by both houses of Congress. While the determination of responsibility for the accident was complex, the review board concluded that ""deficiencies existed in Command Module design, workmanship and quality control."" At the insistence of NASA Administrator Webb, North American removed Harrison Storms as Command Module program manager. Webb also reassigned Apollo Spacecraft Program Office (ASPO) Manager Joseph Francis Shea, replacing him with George Low.",IRRELEVANT,True,True,True
56d728e00d65d2140019841e,easy,25,para:476,"Who, according to the text, caused Cam Newton to lose the ball during a tackle?","['Von Miller', 'Miller']","Six of the seven lines of the commuter rail system, Metrolink, run out of Downtown Los Angeles, connecting Los Angeles, Ventura, San Bernardino, Riverside, Orange, and San Diego counties with the other line connecting San Bernardino, Riverside, and Orange counties directly.",IRRELEVANT,True,True,True
56d728e00d65d2140019841e,easy,26,para:1007,"Who, according to the text, caused Cam Newton to lose the ball during a tackle?","['Von Miller', 'Miller']","Not only are all the major British architects of the last four hundred years represented, but many European (especially Italian) and American architects' drawings are held in the collection. The RIBA's holdings of over 330 drawings by Andrea Palladio are the largest in the world, other Europeans well represented are Jacques Gentilhatre and Antonio Visentini. British architects whose drawings, and in some cases models of their buildings, in the collection, include: Inigo Jones, Sir Christopher Wren, Sir John Vanbrugh, Nicholas Hawksmoor, William Kent, James Gibbs, Robert Adam, Sir William Chambers, James Wyatt, Henry Holland, John Nash, Sir John Soane, Sir Charles Barry, Charles Robert Cockerell, Augustus Welby Northmore Pugin, Sir George Gilbert Scott, John Loughborough Pearson, George Edmund Street, Richard Norman Shaw, Alfred Waterhouse, Sir Edwin Lutyens, Charles Rennie Mackintosh, Charles Holden, Frank Hoar, Lord Richard Rogers, Lord Norman Foster, Sir Nicholas Grimshaw, Zaha Hadid and Alick Horsnell.",IRRELEVANT,True,True,True
56d728e00d65d2140019841e,easy,27,para:1157,"Who, according to the text, caused Cam Newton to lose the ball during a tackle?","['Von Miller', 'Miller']","As an incentive for absolute obedience and following his rule of law, the Yassa code, Temüjin promised civilians and soldiers wealth from future possible war spoils. As he defeated rival tribes, he did not drive away enemy soldiers and abandon the rest. Instead, he took the conquered tribe under his protection and integrated its members into his own tribe. He would even have his mother adopt orphans from the conquered tribe, bringing them into his family. These political innovations inspired great loyalty among the conquered people, making Temüjin stronger with each victory.",IRRELEVANT,True,True,True
56d728e00d65d2140019841e,easy,28,para:1537,"Who, according to the text, caused Cam Newton to lose the ball during a tackle?","['Von Miller', 'Miller']","In literature, author of the New York Times bestseller Before I Fall Lauren Oliver, Pulitzer Prize winning novelist Philip Roth, Canadian-born Pulitzer Prize and Nobel Prize for Literature winning writer Saul Bellow, political philosopher, literary critic and author of the New York Times bestseller ""The Closing of the American Mind"" Allan Bloom, ''The Good War"" author Studs Terkel, American writer, essayist, filmmaker, teacher, and political activist Susan Sontag, analytic philosopher and Stanford University Professor of Comparative Literature Richard Rorty, and American writer and satirist Kurt Vonnegut are notable alumni.",IRRELEVANT,True,True,True
56d728e00d65d2140019841e,easy,29,para:1954,"Who, according to the text, caused Cam Newton to lose the ball during a tackle?","['Von Miller', 'Miller']","Like other historic Christian churches, The United Methodist Church has official liturgies for services of Holy Communion, baptism, weddings, funerals, ordination, anointing of the sick and daily office prayer services. Some clergy offer healing services, while exorcism is an occasional practice by some clergy in The United Methodist Church in Africa. These services involve the laying on of hands and anointing with oil. Along with these, there are also special services for holy days such as All Saints Day, Ash Wednesday, Maundy Thursday, Good Friday, and Easter Vigil. These services are contained in The United Methodist Hymnal and The United Methodist Book of Worship (1992). Many of these liturgies are derived from the Anglican tradition's Book of Common Prayer. In most cases, congregations also use other elements of liturgical worship, such as candles, vestments, paraments, banners, and liturgical art.",IRRELEVANT,True,True,True
56d728e00d65d2140019841e,easy,30,para:1538,"Who, according to the text, caused Cam Newton to lose the ball during a tackle?","['Von Miller', 'Miller']","In the arts and entertainment, minimalist composer Philip Glass, dancer, choreographer and leader in the field of dance anthropology Katherine Dunham, Bungie founder and developer of the Halo video game series Alex Seropian, Serial host Sarah Koenig, actor Ed Asner, Pulitzer Prize for Criticism winning film critic and the subject of the 2014 documentary film Life Itself Roger Ebert, director, writer, and comedian Mike Nichols, film director and screenwriter Philip Kaufman, and Carl Van Vechten, photographer and writer, are graduates.",IRRELEVANT,True,True,True
56e11996e3433e1400422bde,hard,1,para:495,What was the total number of patents that Tesla had?,['around 300'],"BSkyB launched its HDTV service, Sky+ HD, on 22 May 2006. Prior to its launch, BSkyB claimed that 40,000 people had registered to receive the HD service. In the week before the launch, rumours started to surface that BSkyB was having supply issues with its set top box (STB) from manufacturer Thomson. On Thursday 18 May 2006, and continuing through the weekend before launch, people were reporting that BSkyB had either cancelled or rescheduled its installation. Finally, the BBC reported that 17,000 customers had yet to receive the service due to failed deliveries. On 31 March 2012, Sky announced the total number of homes with Sky+HD was 4,222,000.",IRRELEVANT,True,True,True
56e11996e3433e1400422bde,hard,2,para:52,What was the total number of patents that Tesla had?,['around 300'],"Manning finished the game 13 of 23 for 141 yards with one interception and zero touchdowns. Sanders was his top receiver with six receptions for 83 yards. Anderson was the game's leading rusher with 90 yards and a touchdown, along with four receptions for 10 yards. Miller had six total tackles (five solo), 2½ sacks, and two forced fumbles. Ware had five total tackles and two sacks. Ward had seven total tackles, a fumble recovery, and an interception. McManus made all four of his field goals, making him perfect on all 11 attempts during the post-season. Newton completed 18 of 41 passes for 265 yards, with one interception. He was also the team's leading rusher with 45 yards on six carries. Brown caught four passes for 80 yards, while Ginn had four receptions for 74. Ealy was the top defensive performer for Carolina with four total tackles, three sacks, a forced fumble, a fumble recovery, and an interception. Defensive End Charles Johnson had four total tackles, a sack, and a forced fumble. Linebacker Luke Kuechly had 11 total tackles, while Thomas Davis had seven, despite playing just two weeks after breaking his right arm in the NFC title game.",IRRELEVANT,True,True,True
56e11996e3433e1400422bde,hard,3,para:1811,What was the total number of patents that Tesla had?,['around 300'],"Under the terms of the Scotland Act 1978, an elected assembly would be set up in Edinburgh provided that the majority of the Scottish electorate voted for it in a referendum to be held on 1 March 1979 that represented at least 40% of the total electorate. The 1979 Scottish devolution referendum to establish a devolved Scottish Assembly failed. Although the vote was 51.6% in favour of a Scottish Assembly, this figure did not equal the 40% of the total electorate threshold deemed necessary to pass the measure, as 32.9% of the eligible voting population did not, or had been unable to, vote.",IRRELEVANT,True,True,True
56e11996e3433e1400422bde,hard,4,para:1842,What was the total number of patents that Tesla had?,['around 300'],"The total number of seats in the Parliament are allocated to parties proportionally to the number of votes received in the second vote of the ballot using the d'Hondt method. For example, to determine who is awarded the first list seat, the number of list votes cast for each party is divided by one plus the number of seats the party won in the region (at this point just constituency seats). The party with the highest quotient is awarded the seat, which is then added to its constituency seats in allocating the second seat. This is repeated iteratively until all available list seats are allocated.",IRRELEVANT,True,True,True
56e11996e3433e1400422bde,hard,5,para:257,What was the total number of patents that Tesla had?,['around 300'],"For a precise definition of what it means to solve a problem using a given amount of time and space, a computational model such as the deterministic Turing machine is used. The time required by a deterministic Turing machine M on input x is the total number of state transitions, or steps, the machine makes before it halts and outputs the answer (""yes"" or ""no""). A Turing machine M is said to operate within time f(n), if the time required by M on each input of length n is at most f(n). A decision problem A can be solved in time f(n) if there exists a Turing machine operating in time f(n) that solves the problem. Since complexity theory is interested in classifying problems based on their difficulty, one defines sets of problems based on some criteria. For instance, the set of problems solvable within time f(n) on a deterministic Turing machine is then denoted by DTIME(f(n)).",IRRELEVANT,True,True,True
56e11996e3433e1400422bde,hard,6,para:1107,What was the total number of patents that Tesla had?,['around 300'],"Since its inception, ABC has had many affiliated stations, which include WABC-TV and WPVI-TV, the first two stations to carry the network's programming. As of March 2015[update], ABC has eight owned-and-operated stations, and current and pending affiliation agreements with 235 additional television stations encompassing 49 states, the District of Columbia, four U.S. possessions, Bermuda and Saba; this makes ABC the largest U.S. broadcast television network by total number of affiliates. The network has an estimated national reach of 96.26% of all households in the United States (or 300,794,157 Americans with at least one television set).",IRRELEVANT,True,True,True
56e11996e3433e1400422bde,hard,7,para:1753,What was the total number of patents that Tesla had?,['around 300'],"For a long time, number theory in general, and the study of prime numbers in particular, was seen as the canonical example of pure mathematics, with no applications outside of the self-interest of studying the topic with the exception of use of prime numbered gear teeth to distribute wear evenly. In particular, number theorists such as British mathematician G. H. Hardy prided themselves on doing work that had absolutely no military significance. However, this vision was shattered in the 1970s, when it was publicly announced that prime numbers could be used as the basis for the creation of public key cryptography algorithms. Prime numbers are also used for hash tables and pseudorandom number generators.",IRRELEVANT,True,True,True
56e11996e3433e1400422bde,hard,8,para:12,What was the total number of patents that Tesla had?,['around 300'],"Following their loss in the divisional round of the previous season's playoffs, the Denver Broncos underwent numerous coaching changes, including a mutual parting with head coach John Fox (who had won four divisional championships in his four years as Broncos head coach), and the hiring of Gary Kubiak as the new head coach. Under Kubiak, the Broncos planned to install a run-oriented offense with zone blocking to blend in with quarterback Peyton Manning's shotgun passing skills, but struggled with numerous changes and injuries to the offensive line, as well as Manning having his worst statistical season since his rookie year with the Indianapolis Colts in 1998, due to a plantar fasciitis injury in his heel that he had suffered since the summer, and the simple fact that Manning was getting old, as he turned 39 in the 2015 off-season. Although the team had a 7–0 start, Manning led the NFL in interceptions. In week 10, Manning suffered a partial tear of the plantar fasciitis in his left foot. He set the NFL's all-time record for career passing yards in this game, but was benched after throwing four interceptions in favor of backup quarterback Brock Osweiler, who took over as the starter for most of the remainder of the regular season. Osweiler was injured, however, leading to Manning's return during the Week 17 regular season finale, where the Broncos were losing 13–7 against the 4–11 San Diego Chargers, resulting in Manning re-claiming the starting quarterback position for the playoffs by leading the team to a key 27–20 win that enabled the team to clinch the number one overall AFC seed. Under defensive coordinator Wade Phillips, the Broncos' defense ranked number one in total yards allowed, passing yards allowed and sacks, and like the previous three seasons, the team has continued to set numerous individual, league and franchise records. With the defense carrying the team despite the issues with the offense, the Broncos finished the regular season with a 12–4 record and earned home-field advantage throughout the AFC playoffs.",IRRELEVANT,True,True,True
56e11996e3433e1400422bde,hard,9,para:507,What was the total number of patents that Tesla had?,['around 300'],"In November 2006, the Victorian Legislative Council elections were held under a new multi-member proportional representation system. The State of Victoria was divided into eight electorates with each electorate represented by five representatives elected by Single Transferable Vote. The total number of upper house members was reduced from 44 to 40 and their term of office is now the same as the lower house members—four years. Elections for the Victorian Parliament are now fixed and occur in November every four years. Prior to the 2006 election, the Legislative Council consisted of 44 members elected to eight-year terms from 22 two-member electorates.",IRRELEVANT,True,True,True
56e11996e3433e1400422bde,hard,10,para:1140,What was the total number of patents that Tesla had?,['around 300'],"It was not until the late 1950s that the ABC network became a serious contender to NBC and CBS, and this was in large part due to the diverse range of programming that met the expectations of the public, such as westerns and detective series. Despite an almost 500% increase in advertising revenues between 1953 and 1958, the network only had a national reach of between 10% and 18% of the total U.S. population, as it still had relatively fewer affiliates than NBC and CBS. In 1957, ABC Entertainment president Ollie Treiz discovered that the locally produced variety show Bandstand had pulled very strong ratings in the Philadelphia market on WFIL-TV; Treiz ultimately negotiated a deal to take the show national, under the revised title American Bandstand; the show quickly became a social phenomenon by presenting new musical talent and dances to America's youth and helped make a star out of its host, Dick Clark.",IRRELEVANT,True,True,True
56e11996e3433e1400422bde,hard,11,para:1363,What was the total number of patents that Tesla had?,['around 300'],"Harvard has the largest university endowment in the world. As of September 2011[update], it had nearly regained the loss suffered during the 2008 recession. It was worth $32 billion in 2011, up from $28 billion in September 2010 and $26 billion in 2009. It suffered about 30% loss in 2008-09. In December 2008, Harvard announced that its endowment had lost 22% (approximately $8 billion) from July to October 2008, necessitating budget cuts. Later reports suggest the loss was actually more than double that figure, a reduction of nearly 50% of its endowment in the first four months alone. Forbes in March 2009 estimated the loss to be in the range of $12 billion. One of the most visible results of Harvard's attempt to re-balance its budget was their halting of construction of the $1.2 billion Allston Science Complex that had been scheduled to be completed by 2011, resulting in protests from local residents. As of 2012[update], Harvard University had a total financial aid reserve of $159 million for students, and a Pell Grant reserve of $4.093 million available for disbursement.",IRRELEVANT,True,True,True
56e11996e3433e1400422bde,hard,12,para:2000,What was the total number of patents that Tesla had?,['around 300'],"After Washington had returned to Williamsburg, Dinwiddie ordered him to lead a larger force to assist Trent in his work. While en route, Washington learned of Trent's retreat. Since Tanaghrisson had promised support to the British, Washington continued toward Fort Duquesne and met with the Mingo leader. Learning of a French scouting party in the area, Washington, with Tanaghrisson and his party, surprised the Canadians on May 28 in what became known as the Battle of Jumonville Glen. They killed many of the Canadians, including their commanding officer, Joseph Coulon de Jumonville, whose head was reportedly split open by Tanaghrisson with a tomahawk. The historian Fred Anderson suggests that Tanaghrisson was acting to gain the support of the British and regain authority over his own people. They had been inclined to support the French, with whom they had long trading relationships. One of Tanaghrisson's men told Contrecoeur that Jumonville had been killed by British musket fire.",IRRELEVANT,True,True,True
56e11996e3433e1400422bde,hard,13,para:1766,What was the total number of patents that Tesla had?,['around 300'],"The length of the Rhine is conventionally measured in ""Rhine-kilometers"" (Rheinkilometer), a scale introduced in 1939 which runs from the Old Rhine Bridge at Constance (0 km) to Hoek van Holland (1036.20 km). The river length is significantly shortened from the river's natural course due to number of canalisation projects completed in the 19th and 20th century.[note 7] The ""total length of the Rhine"", to the inclusion of Lake Constance and the Alpine Rhine is more difficult to measure objectively; it was cited as 1,232 kilometres (766 miles) by the Dutch Rijkswaterstaat in 2010.[note 1]",IRRELEVANT,True,True,True
56e11996e3433e1400422bde,easy,1,para:1377,What was the total number of patents that Tesla had?,['around 300'],"Other: Civil rights leader W. E. B. Du Bois; philosopher Henry David Thoreau; authors Ralph Waldo Emerson and William S. Burroughs; educators Werner Baer, Harlan Hanson; poets Wallace Stevens, T. S. Eliot and E. E. Cummings; conductor Leonard Bernstein; cellist Yo Yo Ma; pianist and composer Charlie Albright; composer John Alden Carpenter; comedian, television show host and writer Conan O'Brien; actors Tatyana Ali, Nestor Carbonell, Matt Damon, Fred Gwynne, Hill Harper, Rashida Jones, Tommy Lee Jones, Ashley Judd, Jack Lemmon, Natalie Portman, Mira Sorvino, Elisabeth Shue, and Scottie Thompson; film directors Darren Aronofsky, Terrence Malick, Mira Nair, and Whit Stillman; architect Philip Johnson; musicians Rivers Cuomo, Tom Morello, and Gram Parsons; musician, producer and composer Ryan Leslie; serial killer Ted Kaczynski; programmer and activist Richard Stallman; NFL quarterback Ryan Fitzpatrick; NFL center Matt Birk; NBA player Jeremy Lin; US Ski Team skier Ryan Max Riley; physician Sachin H. Jain; physicist J. Robert Oppenheimer; computer pioneer and inventor An Wang; Tibetologist George de Roerich; and Marshall Admiral Isoroku Yamamoto.",IRRELEVANT,True,True,True
56e11996e3433e1400422bde,easy,2,para:1378,What was the total number of patents that Tesla had?,['around 300'],"Harvard's faculty includes scholars such as biologist E. O. Wilson, cognitive scientist Steven Pinker, physicists Lisa Randall and Roy Glauber, chemists Elias Corey, Dudley R. Herschbach and George M. Whitesides, computer scientists Michael O. Rabin and Leslie Valiant, Shakespeare scholar Stephen Greenblatt, writer Louis Menand, critic Helen Vendler, historians Henry Louis Gates, Jr. and Niall Ferguson, economists Amartya Sen, N. Gregory Mankiw, Robert Barro, Stephen A. Marglin, Don M. Wilson III and Martin Feldstein, political philosophers Harvey Mansfield, Baroness Shirley Williams and Michael Sandel, Fields Medalist mathematician Shing-Tung Yau, political scientists Robert Putnam, Joseph Nye, and Stanley Hoffmann, scholar/composers Robert Levin and Bernard Rands, astrophysicist Alyssa A. Goodman, and legal scholars Alan Dershowitz and Lawrence Lessig.",IRRELEVANT,True,True,True
56e11996e3433e1400422bde,easy,3,para:296,What was the total number of patents that Tesla had?,['around 300'],"In education, teachers facilitate student learning, often in a school or academy or perhaps in another environment such as outdoors. A teacher who teaches on an individual basis may be described as a tutor.",IRRELEVANT,True,True,True
56e11996e3433e1400422bde,easy,4,para:333,What was the total number of patents that Tesla had?,['around 300'],"Salaries for Nursery, Primary and Secondary School teachers ranged from £20,133 to £41,004 in September 2007, although some salaries can go much higher depending on experience and extra responsibilities. Preschool teachers may earn £20,980 annually.[citation needed] Teachers in state schools must have at least a bachelor's degree, complete an approved teacher education program, and be licensed.",IRRELEVANT,True,True,True
56e11996e3433e1400422bde,easy,5,para:334,What was the total number of patents that Tesla had?,['around 300'],"Many counties offer alternative licensing programs to attract people into teaching, especially for hard-to-fill positions. Excellent job opportunities are expected as retirements, especially among secondary school teachers, outweigh slowing enrollment growth; opportunities will vary by geographic area and subject taught.[citation needed]",IRRELEVANT,True,True,True
56e11996e3433e1400422bde,easy,6,para:410,What was the total number of patents that Tesla had?,['around 300'],"Luther's hymns inspired composers to write music. Johann Sebastian Bach included several verses as chorales in his cantatas and based chorale cantatas entirely on them, namely Christ lag in Todes Banden, BWV 4, as early as possibly 1707, in his second annual cycle (1724 to 1725) Ach Gott, vom Himmel sieh darein, BWV 2, Christ unser Herr zum Jordan kam, BWV 7, Nun komm, der Heiden Heiland, BWV 62, Gelobet seist du, Jesu Christ, BWV 91, and Aus tiefer Not schrei ich zu dir, BWV 38, later Ein feste Burg ist unser Gott, BWV 80, and in 1735 Wär Gott nicht mit uns diese Zeit, BWV 14.",IRRELEVANT,True,True,True
56e11996e3433e1400422bde,easy,7,para:470,What was the total number of patents that Tesla had?,['around 300'],"Southern California is home to many major business districts. Central business districts (CBD) include Downtown Los Angeles, Downtown San Diego, Downtown San Bernardino, Downtown Bakersfield, South Coast Metro and Downtown Riverside.",IRRELEVANT,True,True,True
56e11996e3433e1400422bde,easy,8,para:290,What was the total number of patents that Tesla had?,['around 300'],"In some countries, formal education can take place through home schooling. Informal learning may be assisted by a teacher occupying a transient or ongoing role, such as a family member, or by anyone with knowledge or skills in the wider community setting.",IRRELEVANT,True,True,True
56e11996e3433e1400422bde,easy,9,para:289,What was the total number of patents that Tesla had?,['around 300'],"A teacher's role may vary among cultures. Teachers may provide instruction in literacy and numeracy, craftsmanship or vocational training, the arts, religion, civics, community roles, or life skills.",IRRELEVANT,True,True,True
56e11996e3433e1400422bde,easy,10,para:321,What was the total number of patents that Tesla had?,['around 300'],"In the United States especially, several high-profile cases such as Debra LaFave, Pamela Rogers, and Mary Kay Letourneau have caused increased scrutiny on teacher misconduct.",IRRELEVANT,True,True,True
56e11996e3433e1400422bde,easy,11,para:43,What was the total number of patents that Tesla had?,['around 300'],"Six-time Grammy winner and Academy Award nominee Lady Gaga performed the national anthem, while Academy Award winner Marlee Matlin provided American Sign Language (ASL) translation.",IRRELEVANT,True,True,True
56e11996e3433e1400422bde,easy,12,para:291,What was the total number of patents that Tesla had?,['around 300'],"Religious and spiritual teachers, such as gurus, mullahs, rabbis, pastors/youth pastors and lamas, may teach religious texts such as the Quran, Torah or Bible.",IRRELEVANT,True,True,True
56e11996e3433e1400422bde,easy,13,para:519,What was the total number of patents that Tesla had?,['around 300'],"Rail transport in Victoria is provided by several private and public railway operators who operate over government-owned lines. Major operators include: Metro Trains Melbourne which runs an extensive, electrified, passenger system throughout Melbourne and suburbs; V/Line which is now owned by the Victorian Government, operates a concentrated service to major regional centres, as well as long distance services on other lines; Pacific National, CFCL Australia which operate freight services; Great Southern Rail which operates The Overland Melbourne—Adelaide; and NSW TrainLink which operates XPTs Melbourne—Sydney.",IRRELEVANT,True,True,True
56e11996e3433e1400422bde,easy,14,para:258,What was the total number of patents that Tesla had?,['around 300'],"Analogous definitions can be made for space requirements. Although time and space are the most well-known complexity resources, any complexity measure can be viewed as a computational resource. Complexity measures are very generally defined by the Blum complexity axioms. Other complexity measures used in complexity theory include communication complexity, circuit complexity, and decision tree complexity.",IRRELEVANT,True,True,True
56e11996e3433e1400422bde,easy,15,para:329,What was the total number of patents that Tesla had?,['around 300'],"In Germany, teachers are mainly civil servants recruited in special university classes, called Lehramtstudien (Teaching Education Studies). There are many differences between the teachers for elementary schools (Grundschule), lower secondary schools (Hauptschule), middle level secondary schools (Realschule) and higher level secondary schools (Gymnasium). Salaries for teachers depend on the civil servants' salary index scale (Bundesbesoldungsordnung).",IRRELEVANT,True,True,True
56e11996e3433e1400422bde,easy,16,para:332,What was the total number of patents that Tesla had?,['around 300'],"From 2006 Garda vetting has been introduced for new entrants to the teaching profession. These procedures apply to teaching and also to non-teaching posts and those who refuse vetting ""cannot be appointed or engaged by the school in any capacity including in a voluntary role"". Existing staff will be vetted on a phased basis.",IRRELEVANT,True,True,True
56e11996e3433e1400422bde,easy,17,para:292,What was the total number of patents that Tesla had?,['around 300'],"Teaching may be carried out informally, within the family, which is called homeschooling, or in the wider community. Formal teaching may be carried out by paid professionals. Such professionals enjoy a status in some societies on a par with physicians, lawyers, engineers, and accountants (Chartered or CPA).",IRRELEVANT,True,True,True
56e11996e3433e1400422bde,easy,18,para:39,What was the total number of patents that Tesla had?,['around 300'],"Westwood One will carry the game throughout North America, with Kevin Harlan as play-by-play announcer, Boomer Esiason and Dan Fouts as color analysts, and James Lofton and Mark Malone as sideline reporters. Jim Gray will anchor the pre-game and halftime coverage.",IRRELEVANT,True,True,True
56e11996e3433e1400422bde,easy,19,para:1234,What was the total number of patents that Tesla had?,['around 300'],"Chemical barriers also protect against infection. The skin and respiratory tract secrete antimicrobial peptides such as the β-defensins. Enzymes such as lysozyme and phospholipase A2 in saliva, tears, and breast milk are also antibacterials. Vaginal secretions serve as a chemical barrier following menarche, when they become slightly acidic, while semen contains defensins and zinc to kill pathogens. In the stomach, gastric acid and proteases serve as powerful chemical defenses against ingested pathogens.",IRRELEVANT,True,True,True
56e11996e3433e1400422bde,easy,20,para:593,What was the total number of patents that Tesla had?,['around 300'],"Steam engines can be said to have been the moving force behind the Industrial Revolution and saw widespread commercial use driving machinery in factories, mills and mines; powering pumping stations; and propelling transport appliances such as railway locomotives, ships, steamboats and road vehicles. Their use in agriculture led to an increase in the land available for cultivation. There have at one time or another been steam-powered farm tractors, motorcycles (without much success) and even automobiles as the Stanley Steamer.",IRRELEVANT,True,True,True
56e11996e3433e1400422bde,easy,21,para:245,What was the total number of patents that Tesla had?,['around 300'],"When considering computational problems, a problem instance is a string over an alphabet. Usually, the alphabet is taken to be the binary alphabet (i.e., the set {0,1}), and thus the strings are bitstrings. As in a real-world computer, mathematical objects other than bitstrings must be suitably encoded. For example, integers can be represented in binary notation, and graphs can be encoded directly via their adjacency matrices, or by encoding their adjacency lists in binary.",IRRELEVANT,True,True,True
56e11996e3433e1400422bde,easy,22,para:450,What was the total number of patents that Tesla had?,['around 300'],"The motion picture, television, and music industry is centered on the Los Angeles in southern California. Hollywood, a district within Los Angeles, is also a name associated with the motion picture industry. Headquartered in southern California are The Walt Disney Company (which also owns ABC), Sony Pictures, Universal, MGM, Paramount Pictures, 20th Century Fox, and Warner Brothers. Universal, Warner Brothers, and Sony also run major record companies as well.",IRRELEVANT,True,True,True
56e11996e3433e1400422bde,easy,23,para:41,What was the total number of patents that Tesla had?,['around 300'],"In the United Kingdom, BBC Radio 5 Live and 5 Live Sports Extra will carry the contest. The BBC will carry its own British English broadcast, with Greg Brady, Darren Fletcher and Rocky Boiman on commentary.",IRRELEVANT,True,True,True
56e11996e3433e1400422bde,easy,24,para:1507,What was the total number of patents that Tesla had?,['around 300'],"Doctor Who has been satirised and spoofed on many occasions by comedians including Spike Milligan (a Dalek invades his bathroom — Milligan, naked, hurls a soap sponge at it) and Lenny Henry. Jon Culshaw frequently impersonates the Fourth Doctor in the BBC Dead Ringers series. Doctor Who fandom has also been lampooned on programs such as Saturday Night Live, The Chaser's War on Everything, Mystery Science Theater 3000, Family Guy, American Dad!, Futurama, South Park, Community as Inspector Spacetime, The Simpsons and The Big Bang Theory.",IRRELEVANT,True,True,True
56e11996e3433e1400422bde,easy,25,para:1973,What was the total number of patents that Tesla had?,['around 300'],"The United Methodist Church has since 1985 been exploring a possible merger with three historically African-American Methodist denominations: the African Methodist Episcopal Church, the African Methodist Episcopal Zion Church, and the Christian Methodist Episcopal Church. A Commission on Pan Methodist Cooperation and Union formed in 2000 to carry out work on such a merger. In May 2012, The United Methodist Church entered into full communion with the African Methodist Episcopal Church, African Methodist Episcopal Zion Church, African Union Methodist Protestant Church, Christian Methodist Episcopal Church, and Union American Methodist Episcopal Church, in which these Churches agreed to ""recognize each other's churches, share sacraments, and affirm their clergy and ministries.""",IRRELEVANT,True,True,True
56e11996e3433e1400422bde,easy,26,para:5,What was the total number of patents that Tesla had?,['around 300'],"The league eventually narrowed the bids to three sites: New Orleans' Mercedes-Benz Superdome, Miami's Sun Life Stadium, and the San Francisco Bay Area's Levi's Stadium.",IRRELEVANT,True,True,True
56e11996e3433e1400422bde,easy,27,para:966,What was the total number of patents that Tesla had?,['around 300'],"Newcastle Mela, held on the late August bank holiday weekend, is an annual two-day multicultural event, blending drama, music and food from Punjabi, Pakistani, Bengali and Hindu cultures. NewcastleGateshead also holds an annual International Arts Fair. The 2009 event will be in the Norman Foster designed Sage Gateshead Music and Arts Centre in September. In October, there is the Design Event festival—an annual festival providing the public with an opportunity to see work by regional, national and international designers. The SAMA Festival, an East Asian cultural festival is also held in early October.",IRRELEVANT,True,True,True
56e11996e3433e1400422bde,easy,28,para:7,What was the total number of patents that Tesla had?,['around 300'],"On May 21, 2013, NFL owners at their spring meetings in Boston voted and awarded the game to Levi's Stadium. The $1.2 billion stadium opened in 2014. It is the first Super Bowl held in the San Francisco Bay Area since Super Bowl XIX in 1985, and the first in California since Super Bowl XXXVII took place in San Diego in 2003.",IRRELEVANT,True,True,True
56e11996e3433e1400422bde,easy,29,para:481,What was the total number of patents that Tesla had?,['around 300'],"College sports are also popular in southern California. The UCLA Bruins and the USC Trojans both field teams in NCAA Division I in the Pac-12 Conference, and there is a longtime rivalry between the schools.",IRRELEVANT,True,True,True
56e11996e3433e1400422bde,easy,30,para:463,What was the total number of patents that Tesla had?,['around 300'],"Many faults are able to produce a magnitude 6.7+ earthquake, such as the San Andreas Fault, which can produce a magnitude 8.0 event. Other faults include the San Jacinto Fault, the Puente Hills Fault, and the Elsinore Fault Zone. The USGS has released a California Earthquake forecast which models Earthquake occurrence in California.",IRRELEVANT,True,True,True
56e7477700c9c71400d76f24,hard,1,para:1366,What is another name to describe the science of teaching?,"['pedagogy', 'formal education']","The four-year, full-time undergraduate program comprises a minority of enrollments at the university and emphasizes instruction with an ""arts and sciences focus"". Between 1978 and 2008, entering students were required to complete a core curriculum of seven classes outside of their concentration. Since 2008, undergraduate students have been required to complete courses in eight General Education categories: Aesthetic and Interpretive Understanding, Culture and Belief, Empirical and Mathematical Reasoning, Ethical Reasoning, Science of Living Systems, Science of the Physical Universe, Societies of the World, and United States in the World. Harvard offers a comprehensive doctoral graduate program and there is a high level of coexistence between graduate and undergraduate degrees. The Carnegie Foundation for the Advancement of Teaching, The New York Times, and some students have criticized Harvard for its reliance on teaching fellows for some aspects of undergraduate education; they consider this to adversely affect the quality of education.",IRRELEVANT,True,True,True
56e7477700c9c71400d76f24,hard,2,para:1326,What is another name to describe the science of teaching?,"['pedagogy', 'formal education']","Religiously affiliated and denominational schools form a subcategory of private schools. Some such schools teach religious education, together with the usual academic subjects to impress their particular faith's beliefs and traditions in the students who attend. Others use the denomination as more of a general label to describe on what the founders based their belief, while still maintaining a fine distinction between academics and religion. They include parochial schools, a term which is often used to denote Roman Catholic schools. Other religious groups represented in the K-12 private education sector include Protestants, Jews, Muslims and the Orthodox Christians.",IRRELEVANT,True,True,True
56e7477700c9c71400d76f24,hard,3,para:242,What is another name to describe the science of teaching?,"['pedagogy', 'formal education']","Closely related fields in theoretical computer science are analysis of algorithms and computability theory. A key distinction between analysis of algorithms and computational complexity theory is that the former is devoted to analyzing the amount of resources needed by a particular algorithm to solve a problem, whereas the latter asks a more general question about all possible algorithms that could be used to solve the same problem. More precisely, it tries to classify problems that can or cannot be solved with appropriately restricted resources. In turn, imposing restrictions on the available resources is what distinguishes computational complexity from computability theory: the latter theory asks what kind of problems can, in principle, be solved algorithmically.",IRRELEVANT,True,True,True
56e7477700c9c71400d76f24,hard,4,para:1886,What is another name to describe the science of teaching?,"['pedagogy', 'formal education']","Imperialism is a type of advocacy of empire. Its name originated from the Latin word ""imperium"", which means to rule over large territories. Imperialism is ""a policy of extending a country's power and influence through colonization, use of military force, or other means"". Imperialism has greatly shaped the contemporary world. It has also allowed for the rapid spread of technologies and ideas. The term imperialism has been applied to Western (and Japanese) political and economic dominance especially in Asia and Africa in the 19th and 20th centuries. Its precise meaning continues to be debated by scholars. Some writers, such as Edward Said, use the term more broadly to describe any system of domination and subordination organised with an imperial center and a periphery.",IRRELEVANT,True,True,True
56e7477700c9c71400d76f24,hard,5,para:846,What is another name to describe the science of teaching?,"['pedagogy', 'formal education']","The popular neighborhood known as the Tower District is centered around the historic Tower Theatre, which is included on the National List of Historic Places. The theater was built in 1939 and is at Olive and Wishon Avenues in the heart of the Tower District. (The name of the theater refers to a well-known landmark water tower, which is actually in another nearby area). The Tower District neighborhood is just north of downtown Fresno proper, and one-half mile south of Fresno City College. Although the neighborhood was known as a residential area prior, the early commercial establishments of the Tower District began with small shops and services that flocked to the area shortly after World War II. The character of small local businesses largely remains today. To some extent, the businesses of the Tower District were developed due to the proximity of the original Fresno Normal School, (later renamed California State University at Fresno). In 1916 the college moved to what is now the site of Fresno City College one-half mile north of the Tower District.",IRRELEVANT,True,True,True
56e7477700c9c71400d76f24,hard,6,para:886,What is another name to describe the science of teaching?,"['pedagogy', 'formal education']","The National Science Foundation Network (NSFNET) was a program of coordinated, evolving projects sponsored by the National Science Foundation (NSF) beginning in 1985 to promote advanced research and education networking in the United States. NSFNET was also the name given to several nationwide backbone networks operating at speeds of 56 kbit/s, 1.5 Mbit/s (T1), and 45 Mbit/s (T3) that were constructed to support NSF's networking initiatives from 1985-1995. Initially created to link researchers to the nation's NSF-funded supercomputing centers, through further public funding and private industry partnerships it developed into a major part of the Internet backbone.",IRRELEVANT,True,True,True
56e7477700c9c71400d76f24,hard,7,para:2059,What is another name to describe the science of teaching?,"['pedagogy', 'formal education']","Newton's laws and Newtonian mechanics in general were first developed to describe how forces affect idealized point particles rather than three-dimensional objects. However, in real life, matter has extended structure and forces that act on one part of an object might affect other parts of an object. For situations where lattice holding together the atoms in an object is able to flow, contract, expand, or otherwise change shape, the theories of continuum mechanics describe the way forces affect the material. For example, in extended fluids, differences in pressure result in forces being directed along the pressure gradients as follows:",IRRELEVANT,True,True,True
56e7477700c9c71400d76f24,hard,8,para:395,What is another name to describe the science of teaching?,"['pedagogy', 'formal education']","Luther and his colleagues introduced the new order of worship during their visitation of the Electorate of Saxony, which began in 1527. They also assessed the standard of pastoral care and Christian education in the territory. ""Merciful God, what misery I have seen,"" Luther wrote, ""the common people knowing nothing at all of Christian doctrine ... and unfortunately many pastors are well-nigh unskilled and incapable of teaching.""",IRRELEVANT,True,True,True
56e7477700c9c71400d76f24,hard,9,para:255,What is another name to describe the science of teaching?,"['pedagogy', 'formal education']","Many machine models different from the standard multi-tape Turing machines have been proposed in the literature, for example random access machines. Perhaps surprisingly, each of these models can be converted to another without providing any extra computational power. The time and memory consumption of these alternate models may vary. What all these models have in common is that the machines operate deterministically.",IRRELEVANT,True,True,True
56e7477700c9c71400d76f24,hard,10,para:2036,What is another name to describe the science of teaching?,"['pedagogy', 'formal education']","As well as being added, forces can also be resolved into independent components at right angles to each other. A horizontal force pointing northeast can therefore be split into two forces, one pointing north, and one pointing east. Summing these component forces using vector addition yields the original force. Resolving force vectors into components of a set of basis vectors is often a more mathematically clean way to describe forces than using magnitudes and directions. This is because, for orthogonal components, the components of the vector sum are uniquely determined by the scalar addition of the components of the individual vectors. Orthogonal components are independent of each other because forces acting at ninety degrees to each other have no effect on the magnitude or direction of the other. Choosing a set of orthogonal basis vectors is often done by considering what set of basis vectors will make the mathematics most convenient. Choosing a basis vector that is in the same direction as one of the forces is desirable, since that force would then have only one non-zero component. Orthogonal force vectors can be three-dimensional with the third component being at right-angles to the other two.",IRRELEVANT,True,True,True
56e7477700c9c71400d76f24,hard,11,para:970,What is another name to describe the science of teaching?,"['pedagogy', 'formal education']","The earliest known movie featuring some exterior scenes filmed in the city is On the Night of the Fire (1939), though by and large the action is studio-bound. Later came The Clouded Yellow (1951) and Payroll (1961), both of which feature more extensive scenes filmed in the city. The 1971 film Get Carter was shot on location in and around Newcastle and offers an opportunity to see what Newcastle looked like in the 1960s and early 1970s. The city was also backdrop to another gangster film, the 1988 film noir thriller Stormy Monday, directed by Mike Figgis and starring Tommy Lee Jones, Melanie Griffith, Sting and Sean Bean.",IRRELEVANT,True,True,True
56e7477700c9c71400d76f24,hard,12,para:919,What is another name to describe the science of teaching?,"['pedagogy', 'formal education']","At the beginning of the 20th century, important advancement in geological science was facilitated by the ability to obtain accurate absolute dates to geologic events using radioactive isotopes and other methods. This changed the understanding of geologic time. Previously, geologists could only use fossils and stratigraphic correlation to date sections of rock relative to one another. With isotopic dates it became possible to assign absolute ages to rock units, and these absolute dates could be applied to fossil sequences in which there was datable material, converting the old relative ages into new absolute ages.",IRRELEVANT,True,True,True
56e7477700c9c71400d76f24,hard,13,para:509,What is another name to describe the science of teaching?,"['pedagogy', 'formal education']","About 61.1% of Victorians describe themselves as Christian. Roman Catholics form the single largest religious group in the state with 26.7% of the Victorian population, followed by Anglicans and members of the Uniting Church. Buddhism is the state's largest non-Christian religion, with 168,637 members as of the most recent census. Victoria is also home of 152,775 Muslims and 45,150 Jews. Hinduism is the fastest growing religion. Around 20% of Victorians claim no religion. Amongst those who declare a religious affiliation, church attendance is low.",IRRELEVANT,True,True,True
56e7477700c9c71400d76f24,hard,14,para:628,What is another name to describe the science of teaching?,"['pedagogy', 'formal education']","John Dalton's original atomic hypothesis assumed that all elements were monatomic and that the atoms in compounds would normally have the simplest atomic ratios with respect to one another. For example, Dalton assumed that water's formula was HO, giving the atomic mass of oxygen as 8 times that of hydrogen, instead of the modern value of about 16. In 1805, Joseph Louis Gay-Lussac and Alexander von Humboldt showed that water is formed of two volumes of hydrogen and one volume of oxygen; and by 1811 Amedeo Avogadro had arrived at the correct interpretation of water's composition, based on what is now called Avogadro's law and the assumption of diatomic elemental molecules.[a]",IRRELEVANT,True,True,True
56e7477700c9c71400d76f24,hard,15,para:1218,What is another name to describe the science of teaching?,"['pedagogy', 'formal education']","Pharmacy informatics is the combination of pharmacy practice science and applied information science. Pharmacy informaticists work in many practice areas of pharmacy, however, they may also work in information technology departments or for healthcare information technology vendor companies. As a practice area and specialist domain, pharmacy informatics is growing quickly to meet the needs of major national and international patient information projects and health system interoperability goals. Pharmacists in this area are trained to participate in medication management system development, deployment and optimization.",IRRELEVANT,True,True,True
56e7477700c9c71400d76f24,hard,16,para:1653,What is another name to describe the science of teaching?,"['pedagogy', 'formal education']","In 2001, 16 national science academies issued a joint statement on climate change. The joint statement was made by the Australian Academy of Science, the Royal Flemish Academy of Belgium for Science and the Arts, the Brazilian Academy of Sciences, the Royal Society of Canada, the Caribbean Academy of Sciences, the Chinese Academy of Sciences, the French Academy of Sciences, the German Academy of Natural Scientists Leopoldina, the Indian National Science Academy, the Indonesian Academy of Sciences, the Royal Irish Academy, Accademia Nazionale dei Lincei (Italy), the Academy of Sciences Malaysia, the Academy Council of the Royal Society of New Zealand, the Royal Swedish Academy of Sciences, and the Royal Society (UK). The statement, also published as an editorial in the journal Science, stated ""we support the [TAR's] conclusion that it is at least 90% certain that temperatures will continue to rise, with average global surface temperature projected to increase by between 1.4 and 5.8 °C above 1990 levels by 2100"". The TAR has also been endorsed by the Canadian Foundation for Climate and Atmospheric Sciences, Canadian Meteorological and Oceanographic Society, and European Geosciences Union (refer to ""Endorsements of the IPCC"").",IRRELEVANT,True,True,True
56e7477700c9c71400d76f24,hard,17,para:1668,What is another name to describe the science of teaching?,"['pedagogy', 'formal education']","Since the IPCC does not carry out its own research, it operates on the basis of scientific papers and independently documented results from other scientific bodies, and its schedule for producing reports requires a deadline for submissions prior to the report's final release. In principle, this means that any significant new evidence or events that change our understanding of climate science between this deadline and publication of an IPCC report cannot be included. In an area of science where our scientific understanding is rapidly changing, this has been raised as a serious shortcoming in a body which is widely regarded as the ultimate authority on the science. However, there has generally been a steady evolution of key findings and levels of scientific confidence from one assessment report to the next.[citation needed]",IRRELEVANT,True,True,True
56e7477700c9c71400d76f24,hard,18,para:453,What is another name to describe the science of teaching?,"['pedagogy', 'formal education']","""Southern California"" is not a formal geographic designation, and definitions of what constitutes southern California vary. Geographically, California's north-south midway point lies at exactly 37° 9' 58.23"" latitude, around 11 miles (18 km) south of San Jose; however, this does not coincide with popular use of the term. When the state is divided into two areas (northern and southern California), the term ""southern California"" usually refers to the ten southern-most counties of the state. This definition coincides neatly with the county lines at 35° 47′ 28″ north latitude, which form the northern borders of San Luis Obispo, Kern, and San Bernardino counties. Another definition for southern California uses Point Conception and the Tehachapi Mountains as the northern boundary.",IRRELEVANT,True,True,True
56e7477700c9c71400d76f24,hard,19,para:805,What is another name to describe the science of teaching?,"['pedagogy', 'formal education']","In 2010 the Amazon rainforest experienced another severe drought, in some ways more extreme than the 2005 drought. The affected region was approximate 1,160,000 square miles (3,000,000 km2) of rainforest, compared to 734,000 square miles (1,900,000 km2) in 2005. The 2010 drought had three epicenters where vegetation died off, whereas in 2005 the drought was focused on the southwestern part. The findings were published in the journal Science. In a typical year the Amazon absorbs 1.5 gigatons of carbon dioxide; during 2005 instead 5 gigatons were released and in 2010 8 gigatons were released.",IRRELEVANT,True,True,True
56e7477700c9c71400d76f24,hard,20,para:75,What is another name to describe the science of teaching?,"['pedagogy', 'formal education']","Warsaw's name in the Polish language is Warszawa, approximately /vɑːrˈʃɑːvə/ (also formerly spelled Warszewa and Warszowa), meaning ""belonging to Warsz"", Warsz being a shortened form of the masculine name of Slavic origin Warcisław; see also etymology of Wrocław. Folk etymology attributes the city name to a fisherman, Wars, and his wife, Sawa. According to legend, Sawa was a mermaid living in the Vistula River with whom Wars fell in love. In actuality, Warsz was a 12th/13th-century nobleman who owned a village located at the modern-day site of Mariensztat neighbourhood. See also the Vršovci family which had escaped to Poland. The official city name in full is miasto stołeczne Warszawa (English: ""The Capital City of Warsaw""). A native or resident of Warsaw is known as a Varsovian – in Polish warszawiak (male), warszawianka (female), warszawiacy (plural).",IRRELEVANT,True,True,True
56e7477700c9c71400d76f24,hard,21,para:1382,What is another name to describe the science of teaching?,"['pedagogy', 'formal education']","The area of the modern city of Jacksonville has been inhabited for thousands of years. On Black Hammock Island in the national Timucuan Ecological and Historic Preserve, a University of North Florida team discovered some of the oldest remnants of pottery in the United States, dating to 2500 BC. In the 16th century, the beginning of the historical era, the region was inhabited by the Mocama, a coastal subgroup of the Timucua people. At the time of contact with Europeans, all Mocama villages in present-day Jacksonville were part of the powerful chiefdom known as the Saturiwa, centered around the mouth of the St. Johns River. One early map shows a village called Ossachite at the site of what is now downtown Jacksonville; this may be the earliest recorded name for that area.",IRRELEVANT,True,True,True
56e7477700c9c71400d76f24,hard,22,para:360,What is another name to describe the science of teaching?,"['pedagogy', 'formal education']","However, this oft-quoted saying of Tetzel was by no means representative of contemporary Catholic teaching on indulgences, but rather a reflection of his capacity to exaggerate. Yet if Tetzel overstated the matter in regard to indulgences for the dead, his teaching on indulgences for the living was in line with Catholic dogma of the time.",IRRELEVANT,True,True,True
56e7477700c9c71400d76f24,hard,23,para:1765,What is another name to describe the science of teaching?,"['pedagogy', 'formal education']","The variant forms of the name of the Rhine in modern languages are all derived from the Gaulish name Rēnos, which was adapted in Roman-era geography (1st century BC) as Greek Ῥῆνος (Rhēnos), Latin Rhenus.[note 3] The spelling with Rh- in English Rhine as well as in German Rhein and French Rhin is due to the influence of Greek orthography, while the vocalisation -i- is due to the Proto-Germanic adoption of the Gaulish name as *Rīnaz, via Old Frankish giving Old English Rín, Old High German Rīn, Dutch Rijn (formerly also spelled Rhijn)). The diphthong in modern German Rhein (also adopted in Romansh Rein, Rain) is a Central German development of the early modern period, the Alemannic name Rī(n) retaining the older vocalism,[note 4] as does Ripuarian Rhing, while Palatine has diphthongized Rhei, Rhoi. Spanish is with French in adopting the Germanic vocalism Rin-, while Italian, Occitan and Portuguese retain the Latin Ren-.",IRRELEVANT,True,True,True
56e7477700c9c71400d76f24,hard,24,para:884,What is another name to describe the science of teaching?,"['pedagogy', 'formal education']","The Computer Science Network (CSNET) was a computer network funded by the U.S. National Science Foundation (NSF) that began operation in 1981. Its purpose was to extend networking benefits, for computer science departments at academic and research institutions that could not be directly connected to ARPANET, due to funding or authorization limitations. It played a significant role in spreading awareness of, and access to, national networking and was a major milestone on the path to development of the global Internet.",IRRELEVANT,True,True,True
56e7477700c9c71400d76f24,hard,25,para:992,What is another name to describe the science of teaching?,"['pedagogy', 'formal education']","The official opening by Queen Victoria was on 22 June 1857. In the following year, late night openings were introduced, made possible by the use of gas lighting. This was to enable in the words of Cole ""to ascertain practically what hours are most convenient to the working classes""—this was linked to the use of the collections of both applied art and science as educational resources to help boost productive industry. In these early years the practical use of the collection was very much emphasised as opposed to that of ""High Art"" at the National Gallery and scholarship at the British Museum. George Wallis (1811–1891), the first Keeper of Fine Art Collection, passionately promoted the idea of wide art education through the museum collections. This led to the transfer to the museum of the School of Design that had been founded in 1837 at Somerset House; after the transfer it was referred to as the Art School or Art Training School, later to become the Royal College of Art which finally achieved full independence in 1949. From the 1860s to the 1880s the scientific collections had been moved from the main museum site to various improvised galleries to the west of Exhibition Road. In 1893 the ""Science Museum"" had effectively come into existence when a separate director was appointed.",IRRELEVANT,True,True,True
56e7477700c9c71400d76f24,hard,26,para:1596,What is another name to describe the science of teaching?,"['pedagogy', 'formal education']","Ludwig Krapf recorded the name as both Kenia and Kegnia believed by most to be a corruption of the Kamba version. Others say that this was—on the contrary—a very precise notation of a correct African pronunciation /ˈkɛnjə/. An 1882 map drawn by Joseph Thompsons, a Scottish geologist and naturalist, indicated Mt. Kenya as Mt. Kenia, 1862. Controversy over the actual meaning of the word Kenya notwithstanding, it is clear that the mountain's name became widely accepted, pars pro toto, as the name of the country.",IRRELEVANT,True,True,True
56e7477700c9c71400d76f24,hard,27,para:1525,What is another name to describe the science of teaching?,"['pedagogy', 'formal education']","The University of Chicago Library system encompasses six libraries that contain a total of 9.8 million volumes, the 11th most among library systems in the United States. The university's main library is the Regenstein Library, which contains one of the largest collections of print volumes in the United States. The Joe and Rika Mansueto Library, built in 2011, houses a large study space and an automatic book storage and retrieval system. The John Crerar Library contains more than 1.3 million volumes in the biological, medical and physical sciences and collections in general science and the philosophy and history of science, medicine, and technology. The university also operates a number of special libraries, including the D'Angelo Law Library, the Social Service Administration Library, and the Eckhart Library for mathematics and computer science, which closed temporarily for renovation on July 8, 2013. Harper Memorial Library no longer contains any volumes; however it is, in addition to the Regenstein Library, a 24-hour study space on campus.",IRRELEVANT,True,True,True
56e7477700c9c71400d76f24,hard,28,para:1416,What is another name to describe the science of teaching?,"['pedagogy', 'formal education']","Plotting the relationship between level of income and inequality, Kuznets saw middle-income developing economies level of inequality bulging out to form what is now known as the Kuznets curve. Kuznets demonstrated this relationship using cross-sectional data. However, more recent testing of this theory with superior panel data has shown it to be very weak. Kuznets' curve predicts that income inequality will eventually decrease given time. As an example, income inequality did fall in the United States during its High school movement from 1910 to 1940 and thereafter.[citation needed] However, recent data shows that the level of income inequality began to rise after the 1970s. This does not necessarily disprove Kuznets' theory.[citation needed] It may be possible that another Kuznets' cycle is occurring, specifically the move from the manufacturing sector to the service sector.[citation needed] This implies that it may be possible for multiple Kuznets' cycles to be in effect at any given time.",IRRELEVANT,True,True,True
56e7477700c9c71400d76f24,hard,29,para:852,What is another name to describe the science of teaching?,"['pedagogy', 'formal education']","The neighborhood includes Kearney Boulevard, named after early 20th century entrepreneur and millionaire M. Theo Kearney, which extends from Fresno Street in Southwest Fresno about 20 mi (32 km) west to Kerman, California. A small, two-lane rural road for most of its length, Kearney Boulevard is lined with tall palm trees. The roughly half-mile stretch of Kearney Boulevard between Fresno Street and Thorne Ave was at one time the preferred neighborhood for Fresno's elite African-American families. Another section, Brookhaven, on the southern edge of the West Side south of Jensen and west of Elm, was given the name by the Fresno City Council in an effort to revitalize the neighborhood's image. The isolated subdivision was for years known as the ""Dogg Pound"" in reference to a local gang, and as of late 2008 was still known for high levels of violent crime.",IRRELEVANT,True,True,True
56e7477700c9c71400d76f24,hard,30,para:1278,What is another name to describe the science of teaching?,"['pedagogy', 'formal education']","It has been argued that the term ""civil disobedience"" has always suffered from ambiguity and in modern times, become utterly debased. Marshall Cohen notes, ""It has been used to describe everything from bringing a test-case in the federal courts to taking aim at a federal official. Indeed, for Vice President Agnew it has become a code-word describing the activities of muggers, arsonists, draft evaders, campaign hecklers, campus militants, anti-war demonstrators, juvenile delinquents and political assassins.""",IRRELEVANT,True,True,True
56e7477700c9c71400d76f24,easy,1,para:1377,What is another name to describe the science of teaching?,"['pedagogy', 'formal education']","Other: Civil rights leader W. E. B. Du Bois; philosopher Henry David Thoreau; authors Ralph Waldo Emerson and William S. Burroughs; educators Werner Baer, Harlan Hanson; poets Wallace Stevens, T. S. Eliot and E. E. Cummings; conductor Leonard Bernstein; cellist Yo Yo Ma; pianist and composer Charlie Albright; composer John Alden Carpenter; comedian, television show host and writer Conan O'Brien; actors Tatyana Ali, Nestor Carbonell, Matt Damon, Fred Gwynne, Hill Harper, Rashida Jones, Tommy Lee Jones, Ashley Judd, Jack Lemmon, Natalie Portman, Mira Sorvino, Elisabeth Shue, and Scottie Thompson; film directors Darren Aronofsky, Terrence Malick, Mira Nair, and Whit Stillman; architect Philip Johnson; musicians Rivers Cuomo, Tom Morello, and Gram Parsons; musician, producer and composer Ryan Leslie; serial killer Ted Kaczynski; programmer and activist Richard Stallman; NFL quarterback Ryan Fitzpatrick; NFL center Matt Birk; NBA player Jeremy Lin; US Ski Team skier Ryan Max Riley; physician Sachin H. Jain; physicist J. Robert Oppenheimer; computer pioneer and inventor An Wang; Tibetologist George de Roerich; and Marshall Admiral Isoroku Yamamoto.",IRRELEVANT,True,True,True
56e7477700c9c71400d76f24,easy,2,para:1378,What is another name to describe the science of teaching?,"['pedagogy', 'formal education']","Harvard's faculty includes scholars such as biologist E. O. Wilson, cognitive scientist Steven Pinker, physicists Lisa Randall and Roy Glauber, chemists Elias Corey, Dudley R. Herschbach and George M. Whitesides, computer scientists Michael O. Rabin and Leslie Valiant, Shakespeare scholar Stephen Greenblatt, writer Louis Menand, critic Helen Vendler, historians Henry Louis Gates, Jr. and Niall Ferguson, economists Amartya Sen, N. Gregory Mankiw, Robert Barro, Stephen A. Marglin, Don M. Wilson III and Martin Feldstein, political philosophers Harvey Mansfield, Baroness Shirley Williams and Michael Sandel, Fields Medalist mathematician Shing-Tung Yau, political scientists Robert Putnam, Joseph Nye, and Stanley Hoffmann, scholar/composers Robert Levin and Bernard Rands, astrophysicist Alyssa A. Goodman, and legal scholars Alan Dershowitz and Lawrence Lessig.",IRRELEVANT,True,True,True
56e7477700c9c71400d76f24,easy,3,para:2,What is another name to describe the science of teaching?,"['pedagogy', 'formal education']","The Broncos took an early lead in Super Bowl 50 and never trailed. Newton was limited by Denver's defense, which sacked him seven times and forced him into three turnovers, including a fumble which they recovered for a touchdown. Denver linebacker Von Miller was named Super Bowl MVP, recording five solo tackles, 2½ sacks, and two forced fumbles.",IRRELEVANT,True,True,True
56e7477700c9c71400d76f24,easy,4,para:43,What is another name to describe the science of teaching?,"['pedagogy', 'formal education']","Six-time Grammy winner and Academy Award nominee Lady Gaga performed the national anthem, while Academy Award winner Marlee Matlin provided American Sign Language (ASL) translation.",IRRELEVANT,True,True,True
56e7477700c9c71400d76f24,easy,5,para:258,What is another name to describe the science of teaching?,"['pedagogy', 'formal education']","Analogous definitions can be made for space requirements. Although time and space are the most well-known complexity resources, any complexity measure can be viewed as a computational resource. Complexity measures are very generally defined by the Blum complexity axioms. Other complexity measures used in complexity theory include communication complexity, circuit complexity, and decision tree complexity.",IRRELEVANT,True,True,True
56e7477700c9c71400d76f24,easy,6,para:39,What is another name to describe the science of teaching?,"['pedagogy', 'formal education']","Westwood One will carry the game throughout North America, with Kevin Harlan as play-by-play announcer, Boomer Esiason and Dan Fouts as color analysts, and James Lofton and Mark Malone as sideline reporters. Jim Gray will anchor the pre-game and halftime coverage.",IRRELEVANT,True,True,True
56e7477700c9c71400d76f24,easy,7,para:41,What is another name to describe the science of teaching?,"['pedagogy', 'formal education']","In the United Kingdom, BBC Radio 5 Live and 5 Live Sports Extra will carry the contest. The BBC will carry its own British English broadcast, with Greg Brady, Darren Fletcher and Rocky Boiman on commentary.",IRRELEVANT,True,True,True
56e7477700c9c71400d76f24,easy,8,para:29,What is another name to describe the science of teaching?,"['pedagogy', 'formal education']","For the first time, the Super Bowl 50 Host Committee and the NFL have openly sought disabled veteran and lesbian, gay, bisexual and transgender-owned businesses in Business Connect, the Super Bowl program that provides local companies with contracting opportunities in and around the Super Bowl. The host committee has already raised over $40 million through sponsors including Apple, Google, Yahoo!, Intel, Gap, Chevron, and Dignity Health.",IRRELEVANT,True,True,True
56e7477700c9c71400d76f24,easy,9,para:23,What is another name to describe the science of teaching?,"['pedagogy', 'formal education']",The Panthers used the San Jose State practice facility and stayed at the San Jose Marriott. The Broncos practiced at Stanford University and stayed at the Santa Clara Marriott.,IRRELEVANT,True,True,True
56e7477700c9c71400d76f24,easy,10,para:683,What is another name to describe the science of teaching?,"['pedagogy', 'formal education']","Compact trucks were introduced, such as the Toyota Hilux and the Datsun Truck, followed by the Mazda Truck (sold as the Ford Courier), and the Isuzu-built Chevrolet LUV. Mitsubishi rebranded its Forte as the Dodge D-50 a few years after the oil crisis. Mazda, Mitsubishi and Isuzu had joint partnerships with Ford, Chrysler, and GM, respectively. Later the American makers introduced their domestic replacements (Ford Ranger, Dodge Dakota and the Chevrolet S10/GMC S-15), ending their captive import policy.",IRRELEVANT,True,True,True
56e7477700c9c71400d76f24,easy,11,para:937,What is another name to describe the science of teaching?,"['pedagogy', 'formal education']","The city developed around the Roman settlement Pons Aelius and was named after the castle built in 1080 by Robert Curthose, William the Conqueror's eldest son. The city grew as an important centre for the wool trade in the 14th century, and later became a major coal mining area. The port developed in the 16th century and, along with the shipyards lower down the River Tyne, was amongst the world's largest shipbuilding and ship-repairing centres. Newcastle's economy includes corporate headquarters, learning, digital technology, retail, tourism and cultural centres, from which the city contributes £13 billion towards the United Kingdom's GVA. Among its icons are Newcastle Brown Ale; Newcastle United football club; and the Tyne Bridge. It has hosted the world's most popular half marathon, the Great North Run, since it began in 1981.",IRRELEVANT,True,True,True
56e7477700c9c71400d76f24,easy,12,para:681,What is another name to describe the science of teaching?,"['pedagogy', 'formal education']","The crisis reduced the demand for large cars. Japanese imports, primarily the Toyota Corona, the Toyota Corolla, the Datsun B210, the Datsun 510, the Honda Civic, the Mitsubishi Galant (a captive import from Chrysler sold as the Dodge Colt), the Subaru DL, and later the Honda Accord all had four cylinder engines that were more fuel efficient than the typical American V8 and six cylinder engines. Japanese imports became mass-market leaders with unibody construction and front-wheel drive, which became de facto standards.",IRRELEVANT,True,True,True
56e7477700c9c71400d76f24,easy,13,para:1025,What is another name to describe the science of teaching?,"['pedagogy', 'formal education']","The collection of drawings includes over 10,000 British and 2,000 old master works, including works by: Dürer, Giovanni Benedetto Castiglione, Bernardo Buontalenti, Rembrandt, Antonio Verrio, Paul Sandby, John Russell, Angelica Kauffman, John Flaxman, Hugh Douglas Hamilton, Thomas Rowlandson, William Kilburn, Thomas Girtin, Jean Auguste Dominique Ingres, David Wilkie, John Martin, Samuel Palmer, Sir Edwin Henry Landseer, Lord Frederic Leighton, Sir Samuel Luke Fildes and Aubrey Beardsley. Modern British artists represented in the collection include: Paul Nash, Percy Wyndham Lewis, Eric Gill, Stanley Spencer, John Piper, Graham Sutherland, Lucian Freud and David Hockney.",IRRELEVANT,True,True,True
56e7477700c9c71400d76f24,easy,14,para:107,What is another name to describe the science of teaching?,"['pedagogy', 'formal education']","Before Rollo's arrival, its populations did not differ from Picardy or the Île-de-France, which were considered ""Frankish"". Earlier Viking settlers had begun arriving in the 880s, but were divided between colonies in the east (Roumois and Pays de Caux) around the low Seine valley and in the west in the Cotentin Peninsula, and were separated by traditional pagii, where the population remained about the same with almost no foreign settlers. Rollo's contingents who raided and ultimately settled Normandy and parts of the Atlantic coast included Danes, Norwegians, Norse–Gaels, Orkney Vikings, possibly Swedes, and Anglo-Danes from the English Danelaw under Norse control.",IRRELEVANT,True,True,True
56e7477700c9c71400d76f24,easy,15,para:514,What is another name to describe the science of teaching?,"['pedagogy', 'formal education']","The Mallee and upper Wimmera are Victoria's warmest regions with hot winds blowing from nearby semi-deserts. Average temperatures exceed 32 °C (90 °F) during summer and 15 °C (59 °F) in winter. Except at cool mountain elevations, the inland monthly temperatures are 2–7 °C (4–13 °F) warmer than around Melbourne (see chart). Victoria's highest maximum temperature since World War II, of 48.8 °C (119.8 °F) was recorded in Hopetoun on 7 February 2009, during the 2009 southeastern Australia heat wave.",IRRELEVANT,True,True,True
56e7477700c9c71400d76f24,easy,16,para:1157,What is another name to describe the science of teaching?,"['pedagogy', 'formal education']","As an incentive for absolute obedience and following his rule of law, the Yassa code, Temüjin promised civilians and soldiers wealth from future possible war spoils. As he defeated rival tribes, he did not drive away enemy soldiers and abandon the rest. Instead, he took the conquered tribe under his protection and integrated its members into his own tribe. He would even have his mother adopt orphans from the conquered tribe, bringing them into his family. These political innovations inspired great loyalty among the conquered people, making Temüjin stronger with each victory.",IRRELEVANT,True,True,True
56e7477700c9c71400d76f24,easy,17,para:717,What is another name to describe the science of teaching?,"['pedagogy', 'formal education']","Two Block I CSMs were launched from LC-34 on suborbital flights in 1966 with the Saturn IB. The first, AS-201 launched on February 26, reached an altitude of 265.7 nautical miles (492.1 km) and splashed down 4,577 nautical miles (8,477 km) downrange in the Atlantic ocean. The second, AS-202 on August 25, reached 617.1 nautical miles (1,142.9 km) altitude and was recovered 13,900 nautical miles (25,700 km) downrange in the Pacific ocean. These flights validated the Service Module engine and the Command Module heat shield.",IRRELEVANT,True,True,True
56e7477700c9c71400d76f24,easy,18,para:1212,What is another name to describe the science of teaching?,"['pedagogy', 'formal education']","In the U.S. federal health care system (including the VA, the Indian Health Service, and NIH) ambulatory care pharmacists are given full independent prescribing authority. In some states such North Carolina and New Mexico these pharmacist clinicians are given collaborative prescriptive and diagnostic authority. In 2011 the board of Pharmaceutical Specialties approved ambulatory care pharmacy practice as a separate board certification. The official designation for pharmacists who pass the ambulatory care pharmacy specialty certification exam will be Board Certified Ambulatory Care Pharmacist and these pharmacists will carry the initials BCACP.",IRRELEVANT,True,True,True
56e7477700c9c71400d76f24,easy,19,para:529,What is another name to describe the science of teaching?,"['pedagogy', 'formal education']","Major events also play a big part in tourism in Victoria, particularly cultural tourism and sports tourism. Most of these events are centred on Melbourne, but others occur in regional cities, such as the V8 Supercars and Australian Motorcycle Grand Prix at Phillip Island, the Grand Annual Steeplechase at Warrnambool and the Australian International Airshow at Geelong and numerous local festivals such as the popular Port Fairy Folk Festival, Queenscliff Music Festival, Bells Beach SurfClassic and the Bright Autumn Festival.",IRRELEVANT,True,True,True
56e7477700c9c71400d76f24,easy,20,para:1807,What is another name to describe the science of teaching?,"['pedagogy', 'formal education']","Until 1932 the generally accepted length of the Rhine was 1,230 kilometres (764 miles). In 1932 the German encyclopedia Knaurs Lexikon stated the length as 1,320 kilometres (820 miles), presumably a typographical error. After this number was placed into the authoritative Brockhaus Enzyklopädie, it became generally accepted and found its way into numerous textbooks and official publications. The error was discovered in 2010, and the Dutch Rijkswaterstaat confirms the length at 1,232 kilometres (766 miles).[note 1]",IRRELEVANT,True,True,True
56e7477700c9c71400d76f24,easy,21,para:16,What is another name to describe the science of teaching?,"['pedagogy', 'formal education']","The Broncos defeated the Pittsburgh Steelers in the divisional round, 23–16, by scoring 11 points in the final three minutes of the game. They then beat the defending Super Bowl XLIX champion New England Patriots in the AFC Championship Game, 20–18, by intercepting a pass on New England's 2-point conversion attempt with 17 seconds left on the clock. Despite Manning's problems with interceptions during the season, he didn't throw any in their two playoff games.",IRRELEVANT,True,True,True
56e7477700c9c71400d76f24,easy,22,para:479,What is another name to describe the science of teaching?,"['pedagogy', 'formal education']","Professional sports teams in Southern California include teams from the NFL (Los Angeles Rams, San Diego Chargers); NBA (Los Angeles Lakers, Los Angeles Clippers); MLB (Los Angeles Dodgers, Los Angeles Angels of Anaheim, San Diego Padres); NHL (Los Angeles Kings, Anaheim Ducks); and MLS (LA Galaxy).",IRRELEVANT,True,True,True
56e7477700c9c71400d76f24,easy,23,para:3,What is another name to describe the science of teaching?,"['pedagogy', 'formal education']","CBS broadcast Super Bowl 50 in the U.S., and charged an average of $5 million for a 30-second commercial during the game. The Super Bowl 50 halftime show was headlined by the British rock group Coldplay with special guest performers Beyoncé and Bruno Mars, who headlined the Super Bowl XLVII and Super Bowl XLVIII halftime shows, respectively. It was the third-most watched U.S. broadcast ever.",IRRELEVANT,True,True,True
56e7477700c9c71400d76f24,easy,24,para:196,What is another name to describe the science of teaching?,"['pedagogy', 'formal education']","On his 50th birthday in 1906, Tesla demonstrated his 200 horsepower (150 kilowatts) 16,000 rpm bladeless turbine. During 1910–1911 at the Waterside Power Station in New York, several of his bladeless turbine engines were tested at 100–5,000 hp.",IRRELEVANT,True,True,True
56e7477700c9c71400d76f24,easy,25,para:471,What is another name to describe the science of teaching?,"['pedagogy', 'formal education']","Within the Los Angeles Area are the major business districts of Downtown Burbank, Downtown Santa Monica, Downtown Glendale and Downtown Long Beach. Los Angeles itself has many business districts including the Downtown Los Angeles central business district as well as those lining the Wilshire Boulevard Miracle Mile including Century City, Westwood and Warner Center in the San Fernando Valley.",IRRELEVANT,True,True,True
56e7477700c9c71400d76f24,easy,26,para:52,What is another name to describe the science of teaching?,"['pedagogy', 'formal education']","Manning finished the game 13 of 23 for 141 yards with one interception and zero touchdowns. Sanders was his top receiver with six receptions for 83 yards. Anderson was the game's leading rusher with 90 yards and a touchdown, along with four receptions for 10 yards. Miller had six total tackles (five solo), 2½ sacks, and two forced fumbles. Ware had five total tackles and two sacks. Ward had seven total tackles, a fumble recovery, and an interception. McManus made all four of his field goals, making him perfect on all 11 attempts during the post-season. Newton completed 18 of 41 passes for 265 yards, with one interception. He was also the team's leading rusher with 45 yards on six carries. Brown caught four passes for 80 yards, while Ginn had four receptions for 74. Ealy was the top defensive performer for Carolina with four total tackles, three sacks, a forced fumble, a fumble recovery, and an interception. Defensive End Charles Johnson had four total tackles, a sack, and a forced fumble. Linebacker Luke Kuechly had 11 total tackles, while Thomas Davis had seven, despite playing just two weeks after breaking his right arm in the NFC title game.",IRRELEVANT,True,True,True
56e7477700c9c71400d76f24,easy,27,para:20,What is another name to describe the science of teaching?,"['pedagogy', 'formal education']","With Rivera having been a linebacker with the Chicago Bears in Super Bowl XX, and Kubiak replacing Elway at the end of the Broncos' defeats in Super Bowls XXI and XXIV, this will be the first Super Bowl in which both head coaches played in the game themselves.",IRRELEVANT,True,True,True
56e7477700c9c71400d76f24,easy,28,para:441,What is another name to describe the science of teaching?,"['pedagogy', 'formal education']","A piece of paper was later found on which Luther had written his last statement. The statement was in Latin, apart from ""We are beggars,"" which was in German.",IRRELEVANT,True,True,True
56e7477700c9c71400d76f24,easy,29,para:1505,What is another name to describe the science of teaching?,"['pedagogy', 'formal education']","The revived series has received recognition from critics and the public, across various awards ceremonies. It won five BAFTA TV Awards, including Best Drama Series, the highest-profile and most prestigious British television award for which the series has ever been nominated. It was very popular at the BAFTA Cymru Awards, with 25 wins overall including Best Drama Series (twice), Best Screenplay/Screenwriter (thrice) and Best Actor. It was also nominated for 7 Saturn Awards, winning the only Best International Series in the ceremony's history. In 2009, Doctor Who was voted the 3rd greatest show of the 2000s by Channel 4, behind Top Gear and The Apprentice. The episode ""Vincent and the Doctor"" was shortlisted for a Mind Award at the 2010 Mind Mental Health Media Awards for its ""touching"" portrayal of Vincent van Gogh.",IRRELEVANT,True,True,True
56e7477700c9c71400d76f24,easy,30,para:263,What is another name to describe the science of teaching?,"['pedagogy', 'formal education']","Of course, some complexity classes have complicated definitions that do not fit into this framework. Thus, a typical complexity class has a definition like the following:",IRRELEVANT,True,True,True
571cb27fdd7acb1400e4c134,hard,1,para:250,How much heavier is oxygen 18 than oxygen 16?,['12%'],"To measure the difficulty of solving a computational problem, one may wish to see how much time the best algorithm requires to solve the problem. However, the running time may, in general, depend on the instance. In particular, larger instances will require more time to solve. Thus the time required to solve a problem (or the space required, or any measure of complexity) is calculated as a function of the size of the instance. This is usually taken to be the size of the input in bits. Complexity theory is interested in how algorithms scale with an increase in the input size. For instance, in the problem of finding whether a graph is connected, how much more time does it take to solve a problem for a graph with 2n vertices compared to the time taken for a graph with n vertices?",IRRELEVANT,True,True,True
571cb27fdd7acb1400e4c134,hard,2,para:1689,How much heavier is oxygen 18 than oxygen 16?,['12%'],"While most chloroplasts originate from that first set of endosymbiotic events, Paulinella chromatophora is an exception that acquired a photosynthetic cyanobacterial endosymbiont more recently. It is not clear whether that symbiont is closely related to the ancestral chloroplast of other eukaryotes. Being in the early stages of endosymbiosis, Paulinella chromatophora can offer some insights into how chloroplasts evolved. Paulinella cells contain one or two sausage shaped blue-green photosynthesizing structures called chromatophores, descended from the cyanobacterium Synechococcus. Chromatophores cannot survive outside their host. Chromatophore DNA is about a million base pairs long, containing around 850 protein encoding genes—far less than the three million base pair Synechococcus genome, but much larger than the approximately 150,000 base pair genome of the more assimilated chloroplast. Chromatophores have transferred much less of their DNA to the nucleus of their host. About 0.3–0.8% of the nuclear DNA in Paulinella is from the chromatophore, compared with 11–14% from the chloroplast in plants.",IRRELEVANT,True,True,True
571cb27fdd7acb1400e4c134,hard,3,para:16,How much heavier is oxygen 18 than oxygen 16?,['12%'],"The Broncos defeated the Pittsburgh Steelers in the divisional round, 23–16, by scoring 11 points in the final three minutes of the game. They then beat the defending Super Bowl XLIX champion New England Patriots in the AFC Championship Game, 20–18, by intercepting a pass on New England's 2-point conversion attempt with 17 seconds left on the clock. Despite Manning's problems with interceptions during the season, he didn't throw any in their two playoff games.",IRRELEVANT,True,True,True
571cb27fdd7acb1400e4c134,hard,4,para:313,How much heavier is oxygen 18 than oxygen 16?,['12%'],"Since teachers can affect how students perceive the course materials, it has been found that teachers who showed enthusiasm towards the course materials and students can affect a positive learning experience towards the course materials. On teacher/course evaluations, it was found that teachers who have a positive disposition towards the course content tend to transfer their passion to receptive students. These teachers do not teach by rote but attempt to find new invigoration for the course materials on a daily basis. One of the difficulties in this approach is that teachers may have repeatedly covered a curriculum until they begin to feel bored with the subject which in turn bores the students as well. Students who had enthusiastic teachers tend to rate them higher than teachers who didn't show much enthusiasm for the course materials.",IRRELEVANT,True,True,True
571cb27fdd7acb1400e4c134,hard,5,para:1486,How much heavier is oxygen 18 than oxygen 16?,['12%'],"During the ITV network strike of 1979, viewership peaked at 16 million.[citation needed] Figures remained respectable into the 1980s, but fell noticeably after the programme's 23rd series was postponed in 1985 and the show was off the air for 18 months. Its late 1980s performance of three to five million viewers was seen as poor at the time and was, according to the BBC Board of Control, a leading cause of the programme's 1989 suspension. Some fans considered this disingenuous, since the programme was scheduled against the soap opera Coronation Street, the most popular show at the time. After the series' revival in 2005 (the third notable period of high ratings), it has consistently had high viewership levels for the evening on which the episode is broadcast.",IRRELEVANT,True,True,True
571cb27fdd7acb1400e4c134,hard,6,para:957,How much heavier is oxygen 18 than oxygen 16?,['12%'],"The dialect of Newcastle is known as Geordie, and contains a large amount of vocabulary and distinctive word pronunciations not used in other parts of the United Kingdom. The Geordie dialect has much of its origins in the language spoken by the Anglo-Saxon populations who migrated to and conquered much of England after the end of Roman Imperial rule. This language was the forerunner of Modern English; but while the dialects of other English regions have been heavily altered by the influences of other foreign languages—particularly Latin and Norman French—the Geordie dialect retains many elements of the old language. An example of this is the pronunciation of certain words: ""dead"", ""cow"", ""house"" and ""strong"" are pronounced ""deed"", ""coo"", ""hoos"" and ""strang""—which is how they were pronounced in the Anglo-Saxon language. Other Geordie words with Anglo-Saxon origins include: ""larn"" (from the Anglo-Saxon ""laeran"", meaning ""teach""), ""burn"" (""stream"") and ""gan"" (""go"").",IRRELEVANT,True,True,True
571cb27fdd7acb1400e4c134,hard,7,para:1670,How much heavier is oxygen 18 than oxygen 16?,['12%'],"Chloroplasts' main role is to conduct photosynthesis, where the photosynthetic pigment chlorophyll captures the energy from sunlight and converts it and stores it in the energy-storage molecules ATP and NADPH while freeing oxygen from water. They then use the ATP and NADPH to make organic molecules from carbon dioxide in a process known as the Calvin cycle. Chloroplasts carry out a number of other functions, including fatty acid synthesis, much amino acid synthesis, and the immune response in plants. The number of chloroplasts per cell varies from 1 in algae up to 100 in plants like Arabidopsis and wheat.",IRRELEVANT,True,True,True
571cb27fdd7acb1400e4c134,hard,8,para:1712,How much heavier is oxygen 18 than oxygen 16?,['12%'],"To fix carbon dioxide into sugar molecules in the process of photosynthesis, chloroplasts use an enzyme called rubisco. Rubisco has a problem—it has trouble distinguishing between carbon dioxide and oxygen, so at high oxygen concentrations, rubisco starts accidentally adding oxygen to sugar precursors. This has the end result of ATP energy being wasted and CO2 being released, all with no sugar being produced. This is a big problem, since O2 is produced by the initial light reactions of photosynthesis, causing issues down the line in the Calvin cycle which uses rubisco.",IRRELEVANT,True,True,True
571cb27fdd7acb1400e4c134,hard,9,para:794,How much heavier is oxygen 18 than oxygen 16?,['12%'],"The biodiversity of plant species is the highest on Earth with one 2001 study finding a quarter square kilometer (62 acres) of Ecuadorian rainforest supports more than 1,100 tree species. A study in 1999 found one square kilometer (247 acres) of Amazon rainforest can contain about 90,790 tonnes of living plants. The average plant biomass is estimated at 356 ± 47 tonnes per hectare. To date, an estimated 438,000 species of plants of economic and social interest have been registered in the region with many more remaining to be discovered or catalogued. The total number of tree species in the region is estimated at 16,000.",IRRELEVANT,True,True,True
571cb27fdd7acb1400e4c134,hard,10,para:423,How much heavier is oxygen 18 than oxygen 16?,['12%'],"On the other hand, Luther also points out that the Ten Commandments – when considered not as God's condemning judgment but as an expression of his eternal will, that is, of the natural law – also positively teach how the Christian ought to live. This has traditionally been called the ""third use of the law."" For Luther, also Christ's life, when understood as an example, is nothing more than an illustration of the Ten Commandments, which a Christian should follow in his or her vocations on a daily basis.",IRRELEVANT,True,True,True
571cb27fdd7acb1400e4c134,hard,11,para:1276,How much heavier is oxygen 18 than oxygen 16?,['12%'],"One of the oldest depictions of civil disobedience is in Sophocles' play Antigone, in which Antigone, one of the daughters of former King of Thebes, Oedipus, defies Creon, the current King of Thebes, who is trying to stop her from giving her brother Polynices a proper burial. She gives a stirring speech in which she tells him that she must obey her conscience rather than human law. She is not at all afraid of the death he threatens her with (and eventually carries out), but she is afraid of how her conscience will smite her if she does not do this.",IRRELEVANT,True,True,True
571cb27fdd7acb1400e4c134,hard,12,para:267,How much heavier is oxygen 18 than oxygen 16?,['12%'],"For the complexity classes defined in this way, it is desirable to prove that relaxing the requirements on (say) computation time indeed defines a bigger set of problems. In particular, although DTIME(n) is contained in DTIME(n2), it would be interesting to know if the inclusion is strict. For time and space requirements, the answer to such questions is given by the time and space hierarchy theorems respectively. They are called hierarchy theorems because they induce a proper hierarchy on the classes defined by constraining the respective resources. Thus there are pairs of complexity classes such that one is properly included in the other. Having deduced such proper set inclusions, we can proceed to make quantitative statements about how much more additional time or space is needed in order to increase the number of problems that can be solved.",IRRELEVANT,True,True,True
571cb27fdd7acb1400e4c134,hard,13,para:1724,How much heavier is oxygen 18 than oxygen 16?,['12%'],"Photorespiration can occur when the oxygen concentration is too high. Rubisco cannot distinguish between oxygen and carbon dioxide very well, so it can accidentally add O2 instead of CO2 to RuBP. This process reduces the efficiency of photosynthesis—it consumes ATP and oxygen, releases CO2, and produces no sugar. It can waste up to half the carbon fixed by the Calvin cycle. Several mechanisms have evolved in different lineages that raise the carbon dioxide concentration relative to oxygen within the chloroplast, increasing the efficiency of photosynthesis. These mechanisms are called carbon dioxide concentrating mechanisms, or CCMs. These include Crassulacean acid metabolism, C4 carbon fixation, and pyrenoids. Chloroplasts in C4 plants are notable as they exhibit a distinct chloroplast dimorphism.",IRRELEVANT,True,True,True
571cb27fdd7acb1400e4c134,hard,14,para:598,How much heavier is oxygen 18 than oxygen 16?,['12%'],"The historical measure of a steam engine's energy efficiency was its ""duty"". The concept of duty was first introduced by Watt in order to illustrate how much more efficient his engines were over the earlier Newcomen designs. Duty is the number of foot-pounds of work delivered by burning one bushel (94 pounds) of coal. The best examples of Newcomen designs had a duty of about 7 million, but most were closer to 5 million. Watt's original low-pressure designs were able to deliver duty as high as 25 million, but averaged about 17. This was a three-fold improvement over the average Newcomen design. Early Watt engines equipped with high-pressure steam improved this to 65 million.",IRRELEVANT,True,True,True
571cb27fdd7acb1400e4c134,hard,15,para:369,How much heavier is oxygen 18 than oxygen 16?,['12%'],"In January 1519, at Altenburg in Saxony, the papal nuncio Karl von Miltitz adopted a more conciliatory approach. Luther made certain concessions to the Saxon, who was a relative of the Elector, and promised to remain silent if his opponents did. The theologian Johann Eck, however, was determined to expose Luther's doctrine in a public forum. In June and July 1519, he staged a disputation with Luther's colleague Andreas Karlstadt at Leipzig and invited Luther to speak. Luther's boldest assertion in the debate was that Matthew 16:18 does not confer on popes the exclusive right to interpret scripture, and that therefore neither popes nor church councils were infallible. For this, Eck branded Luther a new Jan Hus, referring to the Czech reformer and heretic burned at the stake in 1415. From that moment, he devoted himself to Luther's defeat.",IRRELEVANT,True,True,True
571cb27fdd7acb1400e4c134,hard,16,para:788,How much heavier is oxygen 18 than oxygen 16?,['12%'],"There is evidence that there have been significant changes in Amazon rainforest vegetation over the last 21,000 years through the Last Glacial Maximum (LGM) and subsequent deglaciation. Analyses of sediment deposits from Amazon basin paleolakes and from the Amazon Fan indicate that rainfall in the basin during the LGM was lower than for the present, and this was almost certainly associated with reduced moist tropical vegetation cover in the basin. There is debate, however, over how extensive this reduction was. Some scientists argue that the rainforest was reduced to small, isolated refugia separated by open forest and grassland; other scientists argue that the rainforest remained largely intact but extended less far to the north, south, and east than is seen today. This debate has proved difficult to resolve because the practical limitations of working in the rainforest mean that data sampling is biased away from the center of the Amazon basin, and both explanations are reasonably well supported by the available data.",IRRELEVANT,True,True,True
571cb27fdd7acb1400e4c134,hard,17,para:249,How much heavier is oxygen 18 than oxygen 16?,['12%'],"It is tempting to think that the notion of function problems is much richer than the notion of decision problems. However, this is not really the case, since function problems can be recast as decision problems. For example, the multiplication of two integers can be expressed as the set of triples (a, b, c) such that the relation a × b = c holds. Deciding whether a given triple is a member of this set corresponds to solving the problem of multiplying two numbers.",IRRELEVANT,True,True,True
571cb27fdd7acb1400e4c134,hard,18,para:1719,How much heavier is oxygen 18 than oxygen 16?,['12%'],"One of the main functions of the chloroplast is its role in photosynthesis, the process by which light is transformed into chemical energy, to subsequently produce food in the form of sugars. Water (H2O) and carbon dioxide (CO2) are used in photosynthesis, and sugar and oxygen (O2) is made, using light energy. Photosynthesis is divided into two stages—the light reactions, where water is split to produce oxygen, and the dark reactions, or Calvin cycle, which builds sugar molecules from carbon dioxide. The two phases are linked by the energy carriers adenosine triphosphate (ATP) and nicotinamide adenine dinucleotide phosphate (NADP+).",IRRELEVANT,True,True,True
571cb27fdd7acb1400e4c134,hard,19,para:1717,How much heavier is oxygen 18 than oxygen 16?,['12%'],"Plants have two main immune responses—the hypersensitive response, in which infected cells seal themselves off and undergo programmed cell death, and systemic acquired resistance, where infected cells release signals warning the rest of the plant of a pathogen's presence. Chloroplasts stimulate both responses by purposely damaging their photosynthetic system, producing reactive oxygen species. High levels of reactive oxygen species will cause the hypersensitive response. The reactive oxygen species also directly kill any pathogens within the cell. Lower levels of reactive oxygen species initiate systemic acquired resistance, triggering defense-molecule production in the rest of the plant.",IRRELEVANT,True,True,True
571cb27fdd7acb1400e4c134,hard,20,para:2059,How much heavier is oxygen 18 than oxygen 16?,['12%'],"Newton's laws and Newtonian mechanics in general were first developed to describe how forces affect idealized point particles rather than three-dimensional objects. However, in real life, matter has extended structure and forces that act on one part of an object might affect other parts of an object. For situations where lattice holding together the atoms in an object is able to flow, contract, expand, or otherwise change shape, the theories of continuum mechanics describe the way forces affect the material. For example, in extended fluids, differences in pressure result in forces being directed along the pressure gradients as follows:",IRRELEVANT,True,True,True
571cb27fdd7acb1400e4c134,hard,21,para:1284,How much heavier is oxygen 18 than oxygen 16?,['12%'],"There have been debates as to whether civil disobedience must necessarily be non-violent. Black's Law Dictionary includes non-violence in its definition of civil disobedience. Christian Bay's encyclopedia article states that civil disobedience requires ""carefully chosen and legitimate means,"" but holds that they do not have to be non-violent. It has been argued that, while both civil disobedience and civil rebellion are justified by appeal to constitutional defects, rebellion is much more destructive; therefore, the defects justifying rebellion must be much more serious than those justifying disobedience, and if one cannot justify civil rebellion, then one cannot justify a civil disobedients' use of force and violence and refusal to submit to arrest. Civil disobedients' refraining from violence is also said to help preserve society's tolerance of civil disobedience.",IRRELEVANT,True,True,True
571cb27fdd7acb1400e4c134,hard,22,para:1350,How much heavier is oxygen 18 than oxygen 16?,['12%'],"Harvard is a large, highly residential research university. The nominal cost of attendance is high, but the University's large endowment allows it to offer generous financial aid packages. It operates several arts, cultural, and scientific museums, alongside the Harvard Library, which is the world's largest academic and private library system, comprising 79 individual libraries with over 18 million volumes. Harvard's alumni include eight U.S. presidents, several foreign heads of state, 62 living billionaires, 335 Rhodes Scholars, and 242 Marshall Scholars. To date, some 150 Nobel laureates, 18 Fields Medalists and 13 Turing Award winners have been affiliated as students, faculty, or staff.",IRRELEVANT,True,True,True
571cb27fdd7acb1400e4c134,hard,23,para:2008,How much heavier is oxygen 18 than oxygen 16?,['12%'],"Newcastle replaced him in January 1756 with Lord Loudoun, with Major General James Abercrombie as his second in command. Neither of these men had as much campaign experience as the trio of officers France sent to North America. French regular army reinforcements arrived in New France in May 1756, led by Major General Louis-Joseph de Montcalm and seconded by the Chevalier de Lévis and Colonel François-Charles de Bourlamaque, all experienced veterans from the War of the Austrian Succession. During that time in Europe, on May 18, 1756, England formally declared war on France, which expanded the war into Europe, which was later to be known as the Seven Years' War.",IRRELEVANT,True,True,True
571cb27fdd7acb1400e4c134,hard,24,para:1283,How much heavier is oxygen 18 than oxygen 16?,['12%'],"It is usually recognized that lawbreaking, if it is not done publicly, at least must be publicly announced in order to constitute civil disobedience. But Stephen Eilmann argues that if it is necessary to disobey rules that conflict with morality, we might ask why disobedience should take the form of public civil disobedience rather than simply covert lawbreaking. If a lawyer wishes to help a client overcome legal obstacles to securing her or his natural rights, he might, for instance, find that assisting in fabricating evidence or committing perjury is more effective than open disobedience. This assumes that common morality does not have a prohibition on deceit in such situations. The Fully Informed Jury Association's publication ""A Primer for Prospective Jurors"" notes, ""Think of the dilemma faced by German citizens when Hitler's secret police demanded to know if they were hiding a Jew in their house."" By this definition, civil disobedience could be traced back to the Book of Exodus, where Shiphrah and Puah refused a direct order of Pharaoh but misrepresented how they did it. (Exodus 1: 15-19)",IRRELEVANT,True,True,True
571cb27fdd7acb1400e4c134,hard,25,para:1826,How much heavier is oxygen 18 than oxygen 16?,['12%'],"Much of the work of the Scottish Parliament is done in committee. The role of committees is stronger in the Scottish Parliament than in other parliamentary systems, partly as a means of strengthening the role of backbenchers in their scrutiny of the government and partly to compensate for the fact that there is no revising chamber. The principal role of committees in the Scottish Parliament is to take evidence from witnesses, conduct inquiries and scrutinise legislation. Committee meetings take place on Tuesday, Wednesday and Thursday morning when Parliament is sitting. Committees can also meet at other locations throughout Scotland.",IRRELEVANT,True,True,True
571cb27fdd7acb1400e4c134,hard,26,para:1458,How much heavier is oxygen 18 than oxygen 16?,['12%'],"Doctor Who originally ran for 26 seasons on BBC One, from 23 November 1963 until 6 December 1989. During the original run, each weekly episode formed part of a story (or ""serial"") — usually of four to six parts in earlier years and three to four in later years. Notable exceptions were: The Daleks' Master Plan, which aired in 12 episodes (plus an earlier one-episode teaser, ""Mission to the Unknown"", featuring none of the regular cast); almost an entire season of seven-episode serials (season 7); the 10-episode serial The War Games; and The Trial of a Time Lord, which ran for 14 episodes (albeit divided into three production codes and four narrative segments) during season 23. Occasionally serials were loosely connected by a storyline, such as season 8 being devoted to the Doctor battling a rogue Time Lord called The Master, season 16's quest for The Key to Time, season 18's journey through E-Space and the theme of entropy, and season 20's Black Guardian Trilogy.",IRRELEVANT,True,True,True
571cb27fdd7acb1400e4c134,hard,27,para:443,How much heavier is oxygen 18 than oxygen 16?,['12%'],Luther is honoured on 18 February with a commemoration in the Lutheran Calendar of Saints and in the Episcopal (United States) Calendar of Saints. In the Church of England's Calendar of Saints he is commemorated on 31 October.,IRRELEVANT,True,True,True
571cb27fdd7acb1400e4c134,hard,28,para:57,How much heavier is oxygen 18 than oxygen 16?,['12%'],"Demographically, it was the most diverse city in Poland, with significant numbers of foreign-born inhabitants. In addition to the Polish majority, there was a significant Jewish minority in Warsaw. According to Russian census of 1897, out of the total population of 638,000, Jews constituted 219,000 (around 34% percent). Warsaw's prewar Jewish population of more than 350,000 constituted about 30 percent of the city's total population. In 1933, out of 1,178,914 inhabitants 833,500 were of Polish mother tongue. World War II changed the demographics of the city, and to this day there is much less ethnic diversity than in the previous 300 years of Warsaw's history. Most of the modern day population growth is based on internal migration and urbanisation.",IRRELEVANT,True,True,True
571cb27fdd7acb1400e4c134,easy,1,para:0,How much heavier is oxygen 18 than oxygen 16?,['12%'],"Super Bowl 50 was an American football game to determine the champion of the National Football League (NFL) for the 2015 season. The American Football Conference (AFC) champion Denver Broncos defeated the National Football Conference (NFC) champion Carolina Panthers 24–10 to earn their third Super Bowl title. The game was played on February 7, 2016, at Levi's Stadium in the San Francisco Bay Area at Santa Clara, California. As this was the 50th Super Bowl, the league emphasized the ""golden anniversary"" with various gold-themed initiatives, as well as temporarily suspending the tradition of naming each Super Bowl game with Roman numerals (under which the game would have been known as ""Super Bowl L""), so that the logo could prominently feature the Arabic numerals 50.",IRRELEVANT,True,True,True
571cb27fdd7acb1400e4c134,easy,2,para:1006,How much heavier is oxygen 18 than oxygen 16?,['12%'],"In 2004, the V&A alongside Royal Institute of British Architects opened the first permanent gallery in the UK covering the history of architecture with displays using models, photographs, elements from buildings and original drawings. With the opening of the new gallery, the RIBA Drawings and Archives Collection has been transferred to the museum, joining the already extensive collection held by the V&A. With over 600,000 drawings, over 750,000 papers and paraphernalia, and over 700,000 photographs from around the world, together they form the world's most comprehensive architectural resource.",IRRELEVANT,True,True,True
571cb27fdd7acb1400e4c134,easy,3,para:1007,How much heavier is oxygen 18 than oxygen 16?,['12%'],"Not only are all the major British architects of the last four hundred years represented, but many European (especially Italian) and American architects' drawings are held in the collection. The RIBA's holdings of over 330 drawings by Andrea Palladio are the largest in the world, other Europeans well represented are Jacques Gentilhatre and Antonio Visentini. British architects whose drawings, and in some cases models of their buildings, in the collection, include: Inigo Jones, Sir Christopher Wren, Sir John Vanbrugh, Nicholas Hawksmoor, William Kent, James Gibbs, Robert Adam, Sir William Chambers, James Wyatt, Henry Holland, John Nash, Sir John Soane, Sir Charles Barry, Charles Robert Cockerell, Augustus Welby Northmore Pugin, Sir George Gilbert Scott, John Loughborough Pearson, George Edmund Street, Richard Norman Shaw, Alfred Waterhouse, Sir Edwin Lutyens, Charles Rennie Mackintosh, Charles Holden, Frank Hoar, Lord Richard Rogers, Lord Norman Foster, Sir Nicholas Grimshaw, Zaha Hadid and Alick Horsnell.",IRRELEVANT,True,True,True
571cb27fdd7acb1400e4c134,easy,4,para:1025,How much heavier is oxygen 18 than oxygen 16?,['12%'],"The collection of drawings includes over 10,000 British and 2,000 old master works, including works by: Dürer, Giovanni Benedetto Castiglione, Bernardo Buontalenti, Rembrandt, Antonio Verrio, Paul Sandby, John Russell, Angelica Kauffman, John Flaxman, Hugh Douglas Hamilton, Thomas Rowlandson, William Kilburn, Thomas Girtin, Jean Auguste Dominique Ingres, David Wilkie, John Martin, Samuel Palmer, Sir Edwin Henry Landseer, Lord Frederic Leighton, Sir Samuel Luke Fildes and Aubrey Beardsley. Modern British artists represented in the collection include: Paul Nash, Percy Wyndham Lewis, Eric Gill, Stanley Spencer, John Piper, Graham Sutherland, Lucian Freud and David Hockney.",IRRELEVANT,True,True,True
571cb27fdd7acb1400e4c134,easy,5,para:1027,How much heavier is oxygen 18 than oxygen 16?,['12%'],"In 2002, the Museum acquired the Costiff collection of 178 Vivienne Westwood costumes. Other famous designers with work in the collection include Coco Chanel, Hubert de Givenchy, Christian Dior, Cristóbal Balenciaga, Yves Saint Laurent, Guy Laroche, Irene Galitzine, Mila Schön, Valentino Garavani, Norman Norell, Norman Hartnell, Zandra Rhodes, Hardy Amies, Mary Quant, Christian Lacroix, Jean Muir and Pierre Cardin. The museum continues to acquire examples of modern fashion to add to the collection.",IRRELEVANT,True,True,True
571cb27fdd7acb1400e4c134,easy,6,para:103,How much heavier is oxygen 18 than oxygen 16?,['12%'],"The Normans (Norman: Nourmands; French: Normands; Latin: Normanni) were the people who in the 10th and 11th centuries gave their name to Normandy, a region in France. They were descended from Norse (""Norman"" comes from ""Norseman"") raiders and pirates from Denmark, Iceland and Norway who, under their leader Rollo, agreed to swear fealty to King Charles III of West Francia. Through generations of assimilation and mixing with the native Frankish and Roman-Gaulish populations, their descendants would gradually merge with the Carolingian-based cultures of West Francia. The distinct cultural and ethnic identity of the Normans emerged initially in the first half of the 10th century, and it continued to evolve over the succeeding centuries.",IRRELEVANT,True,True,True
571cb27fdd7acb1400e4c134,easy,7,para:1033,How much heavier is oxygen 18 than oxygen 16?,['12%'],"The Musical Instruments gallery closed 25 February 2010, a decision which was highly controversial. An online petition of over 5,100 names on the Parliamentary website led to Chris Smith asking Parliament about the future of the collection. The answer, from Bryan Davies was that the museum intended to preserve and care for the collection and keep it available to the public, with items being redistributed to the British Galleries, the Medieval & Renaissance Galleries, and the planned new galleries for Furniture and Europe 1600–1800, and that the Horniman Museum and other institutions were possible candidates for loans of material to ensure that the instruments remained publicly viewable. The Horniman went on to host a joint exhibition with the V&A of musical instruments, and has the loan of 35 instruments from the museum.",IRRELEVANT,True,True,True
571cb27fdd7acb1400e4c134,easy,8,para:1035,How much heavier is oxygen 18 than oxygen 16?,['12%'],"In 1857 John Sheepshanks donated 233 paintings, mainly by contemporary British artists, and a similar number of drawings to the museum with the intention of forming a 'A National Gallery of British Art', a role since taken on by Tate Britain; artists represented are William Blake, James Barry, Henry Fuseli, Sir Edwin Henry Landseer, Sir David Wilkie, William Mulready, William Powell Frith, Millais and Hippolyte Delaroche. Although some of Constable's works came to the museum with the Sheepshanks bequest, the majority of the artist's works were donated by his daughter Isabel in 1888, including the large number of sketches in oil, the most significant being the 1821 full size oil sketch for The Hay Wain. Other artists with works in the collection include: Bernardino Fungai, Marcus Gheeraerts the Younger, Domenico di Pace Beccafumi, Fioravante Ferramola, Jan Brueghel the Elder, Anthony van Dyck, Ludovico Carracci, Antonio Verrio, Giovanni Battista Tiepolo, Domenico Tiepolo, Canaletto, Francis Hayman, Pompeo Batoni, Benjamin West, Paul Sandby, Richard Wilson, William Etty, Henry Fuseli, Sir Thomas Lawrence, James Barry, Francis Danby, Richard Parkes Bonington and Alphonse Legros.",IRRELEVANT,True,True,True
571cb27fdd7acb1400e4c134,easy,9,para:1036,How much heavier is oxygen 18 than oxygen 16?,['12%'],"Several French paintings entered the collection as part of the 260 paintings and miniatures (not all the works were French, for example Carlo Crivelli's Virgin and Child) that formed part of the Jones bequest of 1882 and as such are displayed in the galleries of continental art 1600–1800, including the portrait of François, Duc d'Alençon by François Clouet, Gaspard Dughet and works by François Boucher including his portrait of Madame de Pompadour dated 1758, Jean François de Troy, Jean-Baptiste Pater and their contemporaries.",IRRELEVANT,True,True,True
571cb27fdd7acb1400e4c134,easy,10,para:104,How much heavier is oxygen 18 than oxygen 16?,['12%'],"The Norman dynasty had a major political, cultural and military impact on medieval Europe and even the Near East. The Normans were famed for their martial spirit and eventually for their Christian piety, becoming exponents of the Catholic orthodoxy into which they assimilated. They adopted the Gallo-Romance language of the Frankish land they settled, their dialect becoming known as Norman, Normaund or Norman French, an important literary language. The Duchy of Normandy, which they formed by treaty with the French crown, was a great fief of medieval France, and under Richard I of Normandy was forged into a cohesive and formidable principality in feudal tenure. The Normans are noted both for their culture, such as their unique Romanesque architecture and musical traditions, and for their significant military accomplishments and innovations. Norman adventurers founded the Kingdom of Sicily under Roger II after conquering southern Italy on the Saracens and Byzantines, and an expedition on behalf of their duke, William the Conqueror, led to the Norman conquest of England at the Battle of Hastings in 1066. Norman cultural and military influence spread from these new European centres to the Crusader states of the Near East, where their prince Bohemond I founded the Principality of Antioch in the Levant, to Scotland and Wales in Great Britain, to Ireland, and to the coasts of north Africa and the Canary Islands.",IRRELEVANT,True,True,True
571cb27fdd7acb1400e4c134,easy,11,para:1046,How much heavier is oxygen 18 than oxygen 16?,['12%'],"The V&A Theatre & Performance galleries, formerly the Theatre Museum, opened in March 2009. The collections are stored by the V&A, and are available for research, exhibitions and other shows. They hold the UK's biggest national collection of material about live performance in the UK since Shakespeare's day, covering drama, dance, musical theatre, circus, music hall, rock and pop, and most other forms of live entertainment. Types of items displayed include costumes, set models, wigs, prompt books, and posters.",IRRELEVANT,True,True,True
571cb27fdd7acb1400e4c134,easy,12,para:1049,How much heavier is oxygen 18 than oxygen 16?,['12%'],"ABC originally launched on October 12, 1943 as a radio network, separated from and serving as the successor to the NBC Blue Network, which had been purchased by Edward J. Noble. It extended its operations to television in 1948, following in the footsteps of established broadcast networks CBS and NBC. In the mid-1950s, ABC merged with United Paramount Theatres, a chain of movie theaters that formerly operated as a subsidiary of Paramount Pictures. Leonard Goldenson, who had been the head of UPT, made the new television network profitable by helping develop and greenlight many successful series. In the 1980s, after purchasing an 80% interest in cable sports channel ESPN, the network's parent merged with Capital Cities Communications, owner of several print publications, and television and radio stations. In 1996, most of Capital Cities/ABC's assets were purchased by The Walt Disney Company.",IRRELEVANT,True,True,True
571cb27fdd7acb1400e4c134,easy,13,para:1050,How much heavier is oxygen 18 than oxygen 16?,['12%'],"The television network has eight owned-and-operated and over 232 affiliated television stations throughout the United States and its territories. Most Canadians have access to at least one U.S.-based ABC affiliate, either over-the-air (in areas located within proximity to the Canada–United States border) or through a cable, satellite or IPTV provider, although most ABC programs are subject to simultaneous substitution regulations imposed by the Canadian Radio-television and Telecommunications Commission that allow pay television providers to replace an American station's signal with the feed of a Canadian broadcaster to protect domestic programming rights and advertising revenue. ABC News provides news and features content for select radio stations owned by Citadel Broadcasting, which purchased the ABC Radio properties in 2007.",IRRELEVANT,True,True,True
571cb27fdd7acb1400e4c134,easy,14,para:1052,How much heavier is oxygen 18 than oxygen 16?,['12%'],"In 1934, Mutual filed a complaint with the Federal Communications Commission (FCC) regarding its difficulties in establishing new stations, in a radio market that was already being saturated by NBC and CBS. In 1938, the FCC began a series of investigations into the practices of radio networks and published its report on the broadcasting of network radio programs in 1940. The report recommended that RCA give up control of either NBC Red or NBC Blue. At that time, the NBC Red Network was the principal radio network in the United States and, according to the FCC, RCA was using NBC Blue to eliminate any hint of competition. Having no power over the networks themselves, the FCC established a regulation forbidding licenses to be issued for radio stations if they were affiliated with a network which already owned multiple networks that provided content of public interest.",IRRELEVANT,True,True,True
571cb27fdd7acb1400e4c134,easy,15,para:1053,How much heavier is oxygen 18 than oxygen 16?,['12%'],"Once Mutual's appeals against the FCC were rejected, RCA decided to sell NBC Blue in 1941, and gave the mandate to do so to Mark Woods. RCA converted the NBC Blue Network into an independent subsidiary, formally divorcing the operations of NBC Red and NBC Blue on January 8, 1942, with the Blue Network being referred to on-air as either ""Blue"" or ""Blue Network"". The newly separated NBC Red and NBC Blue divided their respective corporate assets. Between 1942 and 1943, Woods offered to sell the entire NBC Blue Network, a package that included leases on landlines, three pending television licenses (WJZ-TV in New York City, KGO-TV in San Francisco and WENR-TV in Chicago), 60 affiliates, four operations facilities (in New York City, Chicago, Los Angeles and Washington D.C.), contracts with actors, and the brand associated with the Blue Network. Investment firm Dillon, Read & Co. (which was later acquired by the Swiss Bank Corporation in 1997) offered $7.5 million to purchase the network, but the offer was rejected by Woods and RCA president David Sarnoff.",IRRELEVANT,True,True,True
571cb27fdd7acb1400e4c134,easy,16,para:1054,How much heavier is oxygen 18 than oxygen 16?,['12%'],"Edward John Noble, the owner of Life Savers candy, drugstore chain Rexall and New York City radio station WMCA, purchased the network for $8 million. Due to FCC ownership rules, the transaction, which was to include the purchase of three RCA stations by Noble, would require him to resell his station with the FCC's approval. The Commission authorized the transaction on October 12, 1943. Soon afterward, the Blue Network was purchased by the new company Noble founded, the American Broadcasting System. Noble subsequently acquired the rights to the ""American Broadcasting Company"" name from George B. Storer in 1944; its parent company adopted the corporate name American Broadcasting Companies, Inc. Woods retained his position as president and CEO of ABC until December 1949, and was subsequently promoted to vice-chairman of the board before leaving ABC altogether on June 30, 1951.",IRRELEVANT,True,True,True
571cb27fdd7acb1400e4c134,easy,17,para:1055,How much heavier is oxygen 18 than oxygen 16?,['12%'],"ABC became an aggressive competitor to NBC and CBS when, continuing NBC Blue's traditions of public service, it aired symphony performances conducted by Paul Whiteman, performances from the Metropolitan Opera, and jazz concerts aired as part of its broadcast of The Chamber Music Society of Lower Basin Street announced by Milton Cross. The network also became known for such suspenseful dramas as Sherlock Holmes, Gang Busters and Counterspy, as well as several mid-afternoon youth-oriented programs. However, ABC made a name for itself by utilizing the practice of counterprogramming, with which it often placed shows of its own against the offerings of NBC and CBS, adopting the use of the Magnetophon tape recorder, brought to the U.S. from Nazi Germany after its conquest, to pre-record its programming. With the help of the Magnetophon, ABC was able to provide its stars with greater freedom in terms of time, and also attract several big names, such as Bing Crosby at a time when NBC and CBS did not allow pre-taped shows.",IRRELEVANT,True,True,True
571cb27fdd7acb1400e4c134,easy,18,para:1057,How much heavier is oxygen 18 than oxygen 16?,['12%'],"The idea was to create a network of wholly and partially owned channels, and affiliates to rebroadcast the network's programs. In 1959, this rerun activity was completed with program syndication, with ABC Films selling programs to networks not owned by ABC. The arrival of satellite television ended the need for ABC to hold interests in other countries; many governments also wanted to increase their independence and strengthen legislation to limit foreign ownership of broadcasting properties. As a result, ABC was forced to sell all of its interests in international networks, mainly in Japan and Latin America, in the 1970s.",IRRELEVANT,True,True,True
571cb27fdd7acb1400e4c134,easy,19,para:1058,How much heavier is oxygen 18 than oxygen 16?,['12%'],"The first attempts to internationalize the ABC television network date back to the 1950s, after Leonard Goldenson, following the United Paramount Theatres model, tried to use on ABC the same strategies he had made in expanding UPT's theater operation to the international market. Leonard Goldenson said that ABC's first international activity was broadcasting the coronation of Queen Elizabeth II in June 1953; CBS and NBC were unable to cover the coronation live due to respective issues with technical problems and flight delays. NBC's plane landed in Latin America[where?], leading ABC to learn of subsidiaries in that region. Goldenson tried international investing, having ABC invest in the Latin American market, acquiring a 51% interest in a network covering Central America. Goldenson also cited interest in Japan in the early 1950s, acquiring a 5% stake in two new domestic networks, the Mainichi Broadcasting System in 1951 and Nihon Educational Television in 1957. Goldenson also invested in broadcasting properties in Beirut in the mid-1960s.",IRRELEVANT,True,True,True
571cb27fdd7acb1400e4c134,easy,20,para:1059,How much heavier is oxygen 18 than oxygen 16?,['12%'],"ABC currently holds the broadcast rights to the Academy Awards, Emmy Awards (which are rotated across all four major networks on a year-to-year basis), American Music Awards, Disney Parks Christmas Day Parade, Tournament of Roses Parade, Country Music Association Awards and the CMA Music Festival. Since 2000, ABC has also owned the television rights to most of the Peanuts television specials, having acquired the broadcast rights from CBS, which originated the specials in 1965 with the debut of A Charlie Brown Christmas (other Peanuts specials broadcast annually by ABC, including A Charlie Brown Christmas, include It's the Great Pumpkin, Charlie Brown and A Charlie Brown Thanksgiving).",IRRELEVANT,True,True,True
571cb27fdd7acb1400e4c134,easy,21,para:106,How much heavier is oxygen 18 than oxygen 16?,['12%'],"In the course of the 10th century, the initially destructive incursions of Norse war bands into the rivers of France evolved into more permanent encampments that included local women and personal property. The Duchy of Normandy, which began in 911 as a fiefdom, was established by the treaty of Saint-Clair-sur-Epte between King Charles III of West Francia and the famed Viking ruler Rollo, and was situated in the former Frankish kingdom of Neustria. The treaty offered Rollo and his men the French lands between the river Epte and the Atlantic coast in exchange for their protection against further Viking incursions. The area corresponded to the northern part of present-day Upper Normandy down to the river Seine, but the Duchy would eventually extend west beyond the Seine. The territory was roughly equivalent to the old province of Rouen, and reproduced the Roman administrative structure of Gallia Lugdunensis II (part of the former Gallia Lugdunensis).",IRRELEVANT,True,True,True
571cb27fdd7acb1400e4c134,easy,22,para:1060,How much heavier is oxygen 18 than oxygen 16?,['12%'],"Since 1974, ABC has generally aired Dick Clark's New Year's Rockin' Eve on New Year's Eve (hosted first by its creator Dick Clark, and later by his successor Ryan Seacrest); the only exception was in 1999, when ABC put it on a one-year hiatus to provide coverage of the international millennium festivities, though Clark's traditional countdown from Times Square was still featured within the coverage. ABC has also aired the Miss America pageant from 1954 to 1956, 1997 to 2005 (with the television rights being assumed by cable channel TLC in 2006, when the pageant moved from its longtime homebase in Atlantic City to Las Vegas, before returning to Atlantic City in 2013) and since 2011. Under its current contract with the Miss America Organization, ABC will continue to broadcast the pageant through 2016.",IRRELEVANT,True,True,True
571cb27fdd7acb1400e4c134,easy,23,para:1063,How much heavier is oxygen 18 than oxygen 16?,['12%'],"While its radio network was undergoing reconstruction, ABC found it difficult to avoid falling behind on the new medium of television. To ensure a space, in 1947, ABC submitted five applications for television station licenses, one for each market where it owned and operated a radio station (New York City, Los Angeles, Chicago, San Francisco and Detroit). These applications all requested for the stations to broadcast on VHF channel 7, as Frank Marx, then ABC's vice-president of engineering, thought that the low-band VHF frequencies (corresponding to channels 2 through 6) would be requisitioned from broadcasting use and reallocated for the U.S. Army.",IRRELEVANT,True,True,True
571cb27fdd7acb1400e4c134,easy,24,para:1065,How much heavier is oxygen 18 than oxygen 16?,['12%'],"At the end of 1949, movie theater operator United Paramount Theatres (UPT) was forced by the U.S. Supreme Court to become an independent entity, separating itself from Paramount Pictures. For its part, ABC was on the verge of bankruptcy, with only five owned-and-operated stations and nine full-time affiliates. Its revenues, which were related to advertising and were indexed compared to the number of listeners/viewers, failed to compensate for its heavy investments in purchasing and building stations. In 1951, a rumor even mentioned that the network would be sold to CBS. In 1951, Noble held a 58% ownership stake in ABC, giving him $5 million with which to prevent ABC from going bankrupt; as banks refused further credit, that amount was obtained through a loan from the Prudential Insurance Company of America.",IRRELEVANT,True,True,True
571cb27fdd7acb1400e4c134,easy,25,para:1066,How much heavier is oxygen 18 than oxygen 16?,['12%'],"Leonard Goldenson, the president of UPT (which sought to diversify itself at the time), approached Noble in 1951 on a proposal for UPT to purchase ABC. Noble received other offers, including one from CBS founder William S. Paley; however, a merger with CBS would have forced that network to sell its New York City and Los Angeles stations at the very least. Goldenson and Noble reached a tentative agreement in the late spring of 1951 in which UPT would acquire ABC and turn it into a subsidiary of the company that would retain autonomy in its management. On June 6, 1951, the tentative agreement was approved by UPT's board of directors. However, the transaction had to be approved by the FCC because of the presence of television networks and the recent separation between Paramount and UPT. Insofar as Paramount Pictures was already a shareholder in the DuMont Television Network, the FCC conducted a series of hearings to ensure whether Paramount was truly separated from United Paramount Theatres, and whether it was violating antitrust laws.",IRRELEVANT,True,True,True
571cb27fdd7acb1400e4c134,easy,26,para:1067,How much heavier is oxygen 18 than oxygen 16?,['12%'],"In 1952, when the release of the FCC's Sixth Report and Order announced the end of its freeze on new station license applications, among the issues the Commission was slated to address was whether to approve the UPT-ABC merger. One FCC Commissioner saw the possibility of ABC, funded by UPT, becoming a viable and competitive third television network. On February 9, 1953, the FCC approved UPT's purchase of ABC in exchange for $25 million in shares. The merged company, renamed American Broadcasting-Paramount Theatres, Inc. and headquartered in the Paramount Building at 1501 Broadway in Manhattan, owned six AM and several FM radio stations, five television stations and 644 cinemas in 300 U.S. cities. To comply with FCC ownership restrictions in effect at the time that barred common ownership of two television stations in the same market, UPT sold its Chicago television station, WBKB-TV, to CBS (which subsequently changed the station's call letters to WBBM-TV) for $6 million, while it kept ABC's existing Chicago station, WENR-TV. The merged company acquired the WBKB call letters for channel 7, which would eventually become WLS-TV. Goldenson began to sell some of the older theaters to help finance the new television network.",IRRELEVANT,True,True,True
571cb27fdd7acb1400e4c134,easy,27,para:1069,How much heavier is oxygen 18 than oxygen 16?,['12%'],"The 1960s would be marked by the rise of family-oriented series in an attempt by ABC to counterprogram its established competitors, but the decade was also marked by the network's gradual transition to color. On September 30, 1960, ABC premiered The Flintstones, another example of counterprogramming; although the animated series from William Hanna and Joseph Barbera was filmed in color from the beginning, it was initially broadcast in black-and-white, as ABC had not made the necessary technical upgrades to broadcast its programming in color at the time. The Flintstones allowed ABC to present a novelty, that of prime-time animated programming, but it also allowed the network to begin filling the hole opened by the conclusion of the Disney partnership by carrying family-oriented programming from other producers.",IRRELEVANT,True,True,True
571cb27fdd7acb1400e4c134,easy,28,para:107,How much heavier is oxygen 18 than oxygen 16?,['12%'],"Before Rollo's arrival, its populations did not differ from Picardy or the Île-de-France, which were considered ""Frankish"". Earlier Viking settlers had begun arriving in the 880s, but were divided between colonies in the east (Roumois and Pays de Caux) around the low Seine valley and in the west in the Cotentin Peninsula, and were separated by traditional pagii, where the population remained about the same with almost no foreign settlers. Rollo's contingents who raided and ultimately settled Normandy and parts of the Atlantic coast included Danes, Norwegians, Norse–Gaels, Orkney Vikings, possibly Swedes, and Anglo-Danes from the English Danelaw under Norse control.",IRRELEVANT,True,True,True
571cb27fdd7acb1400e4c134,easy,29,para:1070,How much heavier is oxygen 18 than oxygen 16?,['12%'],"In 1959, Walt Disney Productions, having improved its financial situation, had purchased ABC's shares in the Disneyland theme park for $7.5 million and initiated discussions to renew ABC's television contract for Walt Disney Presents, which was due to expire in 1961. Walt Disney was approached by NBC to produce color broadcasts of his anthology series (which would be renamed Walt Disney's Wonderful World of Color). Goldenson said ABC could not counter the offer, because the network did not have the technical and financial resources to carry the program in the format. As a result, ABC and Disney's first television collaboration ended in 1961 (the network would resume its relationship with Disney in 1985, when the anthology series returned to the network for a three-season run as the Disney Sunday Movie until it lost the rights to NBC again in 1988; the Disney anthology series would return to ABC in 1996, following the company's purchase of the future Capital Cities/ABC, as The Wonderful World of Disney).",IRRELEVANT,True,True,True
571cb27fdd7acb1400e4c134,easy,30,para:1071,How much heavier is oxygen 18 than oxygen 16?,['12%'],"In 2000, ABC launched a web-based promotional campaign focused around its circle logo, also called ""the dot"", in which comic book character Little Dot prompted visitors to ""download the dot"", a program which would cause the ABC logo to fly around the screen and settle in the bottom-right corner. The network hired the Troika Design Group to design and produce its 2001–02 identity, which continued using the black-and-yellow coloring of the logo and featured dots and stripes in various promotional and identification spots.",IRRELEVANT,True,True,True
57264586f1498d1400e8dac7,hard,1,para:268,Strictly speaking who was included in DATANET 1,"['Datanet 1 only referred to the network and the connected users via leased lines', 'the network', 'the network and the connected users']","The time and space hierarchy theorems form the basis for most separation results of complexity classes. For instance, the time hierarchy theorem tells us that P is strictly contained in EXPTIME, and the space hierarchy theorem tells us that L is strictly contained in PSPACE.",IRRELEVANT,True,True,True
57264586f1498d1400e8dac7,hard,2,para:1986,Strictly speaking who was included in DATANET 1,"['Datanet 1 only referred to the network and the connected users via leased lines', 'the network', 'the network and the connected users']","In between the French and the British, large areas were dominated by native tribes. To the north, the Mi'kmaq and the Abenaki were engaged in Father Le Loutre's War and still held sway in parts of Nova Scotia, Acadia, and the eastern portions of the province of Canada, as well as much of present-day Maine. The Iroquois Confederation dominated much of present-day Upstate New York and the Ohio Country, although the latter also included Algonquian-speaking populations of Delaware and Shawnee, as well as Iroquoian-speaking Mingo. These tribes were formally under Iroquois rule, and were limited by them in authority to make agreements.",IRRELEVANT,True,True,True
57264586f1498d1400e8dac7,hard,3,para:1738,Strictly speaking who was included in DATANET 1,"['Datanet 1 only referred to the network and the connected users via leased lines', 'the network', 'the network and the connected users']","Most early Greeks did not even consider 1 to be a number, so they could not consider it to be a prime. By the Middle Ages and Renaissance many mathematicians included 1 as the first prime number. In the mid-18th century Christian Goldbach listed 1 as the first prime in his famous correspondence with Leonhard Euler -- who did not agree. In the 19th century many mathematicians still considered the number 1 to be a prime. For example, Derrick Norman Lehmer's list of primes up to 10,006,721, reprinted as late as 1956, started with 1 as its first prime. Henri Lebesgue is said to be the last professional mathematician to call 1 prime. By the early 20th century, mathematicians began to accept that 1 is not a prime number, but rather forms its own special category as a ""unit"".",IRRELEVANT,True,True,True
57264586f1498d1400e8dac7,hard,4,para:1985,Strictly speaking who was included in DATANET 1,"['Datanet 1 only referred to the network and the connected users via leased lines', 'the network', 'the network and the connected users']","British settlers outnumbered the French 20 to 1 with a population of about 1.5 million ranged along the eastern coast of the continent, from Nova Scotia and Newfoundland in the north, to Georgia in the south. Many of the older colonies had land claims that extended arbitrarily far to the west, as the extent of the continent was unknown at the time their provincial charters were granted. While their population centers were along the coast, the settlements were growing into the interior. Nova Scotia, which had been captured from France in 1713, still had a significant French-speaking population. Britain also claimed Rupert's Land, where the Hudson's Bay Company traded for furs with local tribes.",IRRELEVANT,True,True,True
57264586f1498d1400e8dac7,hard,5,para:2042,Strictly speaking who was included in DATANET 1,"['Datanet 1 only referred to the network and the connected users via leased lines', 'the network', 'the network and the connected users']","However, already in quantum mechanics there is one ""caveat"", namely the particles acting onto each other do not only possess the spatial variable, but also a discrete intrinsic angular momentum-like variable called the ""spin"", and there is the Pauli principle relating the space and the spin variables. Depending on the value of the spin, identical particles split into two different classes, fermions and bosons. If two identical fermions (e.g. electrons) have a symmetric spin function (e.g. parallel spins) the spatial variables must be antisymmetric (i.e. they exclude each other from their places much as if there was a repulsive force), and vice versa, i.e. for antiparallel spins the position variables must be symmetric (i.e. the apparent force must be attractive). Thus in the case of two fermions there is a strictly negative correlation between spatial and spin variables, whereas for two bosons (e.g. quanta of electromagnetic waves, photons) the correlation is strictly positive.",IRRELEVANT,True,True,True
57264586f1498d1400e8dac7,hard,6,para:280,Strictly speaking who was included in DATANET 1,"['Datanet 1 only referred to the network and the connected users via leased lines', 'the network', 'the network and the connected users']","Similarly, it is not known if L (the set of all problems that can be solved in logarithmic space) is strictly contained in P or equal to P. Again, there are many complexity classes between the two, such as NL and NC, and it is not known if they are distinct or equal classes.",IRRELEVANT,True,True,True
57264586f1498d1400e8dac7,hard,7,para:10,Strictly speaking who was included in DATANET 1,"['Datanet 1 only referred to the network and the connected users via leased lines', 'the network', 'the network and the connected users']","The Panthers offense, which led the NFL in scoring (500 points), was loaded with talent, boasting six Pro Bowl selections. Pro Bowl quarterback Cam Newton had one of his best seasons, throwing for 3,837 yards and rushing for 636, while recording a career-high and league-leading 45 total touchdowns (35 passing, 10 rushing), a career-low 10 interceptions, and a career-best quarterback rating of 99.4. Newton's leading receivers were tight end Greg Olsen, who caught a career-high 77 passes for 1,104 yards and seven touchdowns, and wide receiver Ted Ginn, Jr., who caught 44 passes for 739 yards and 10 touchdowns; Ginn also rushed for 60 yards and returned 27 punts for 277 yards. Other key receivers included veteran Jerricho Cotchery (39 receptions for 485 yards), rookie Devin Funchess (31 receptions for 473 yards and five touchdowns), and second-year receiver Corey Brown (31 receptions for 447 yards). The Panthers backfield featured Pro Bowl running back Jonathan Stewart, who led the team with 989 rushing yards and six touchdowns in 13 games, along with Pro Bowl fullback Mike Tolbert, who rushed for 256 yards and caught 18 passes for another 154 yards. Carolina's offensive line also featured two Pro Bowl selections: center Ryan Kalil and guard Trai Turner.",IRRELEVANT,True,True,True
57264586f1498d1400e8dac7,hard,8,para:1987,Strictly speaking who was included in DATANET 1,"['Datanet 1 only referred to the network and the connected users via leased lines', 'the network', 'the network and the connected users']","Further south the Southeast interior was dominated by Siouan-speaking Catawba, Muskogee-speaking Creek and Choctaw, and the Iroquoian-speaking Cherokee tribes. When war broke out, the French used their trading connections to recruit fighters from tribes in western portions of the Great Lakes region (an area not directly subject to the conflict between the French and British), including the Huron, Mississauga, Ojibwa, Winnebago, and Potawatomi. The British were supported in the war by the Iroquois Six Nations, and also by the Cherokee – until differences sparked the Anglo-Cherokee War in 1758. In 1758 the Pennsylvania government successfully negotiated the Treaty of Easton, in which a number of tribes in the Ohio Country promised neutrality in exchange for land concessions and other considerations. Most of the other northern tribes sided with the French, their primary trading partner and supplier of arms. The Creek and Cherokee were subject to diplomatic efforts by both the French and British to gain either their support or neutrality in the conflict. It was not uncommon for small bands to participate on the ""other side"" of the conflict from formally negotiated agreements, as most tribes were decentralized and bands made their own decisions about warfare.",IRRELEVANT,True,True,True
57264586f1498d1400e8dac7,hard,9,para:537,Strictly speaking who was included in DATANET 1,"['Datanet 1 only referred to the network and the connected users via leased lines', 'the network', 'the network and the connected users']","Stadtholder William III of Orange, who later became King of England, emerged as the strongest opponent of king Louis XIV after the French attacked the Dutch Republic in 1672. William formed the League of Augsburg as a coalition to oppose Louis and the French state. Consequently, many Huguenots considered the wealthy and Calvinist Dutch Republic, which led the opposition to Louis XIV, as the most attractive country for exile after the revocation of the Edict of Nantes. They also found many French-speaking Calvinist churches there.",IRRELEVANT,True,True,True
57264586f1498d1400e8dac7,hard,10,para:19,Strictly speaking who was included in DATANET 1,"['Datanet 1 only referred to the network and the connected users via leased lines', 'the network', 'the network and the connected users']","This was the first Super Bowl to feature a quarterback on both teams who was the #1 pick in their draft classes. Manning was the #1 selection of the 1998 NFL draft, while Newton was picked first in 2011. The matchup also pits the top two picks of the 2011 draft against each other: Newton for Carolina and Von Miller for Denver. Manning and Newton also set the record for the largest age difference between opposing Super Bowl quarterbacks at 13 years and 48 days (Manning was 39, Newton was 26).",IRRELEVANT,True,True,True
57264586f1498d1400e8dac7,hard,11,para:943,Strictly speaking who was included in DATANET 1,"['Datanet 1 only referred to the network and the connected users via leased lines', 'the network', 'the network and the connected users']","In the 19th century, shipbuilding and heavy engineering were central to the city's prosperity; and the city was a powerhouse of the Industrial Revolution. This revolution resulted in the urbanization of the city. In 1817 the Maling company, at one time the largest pottery company in the world, moved to the city. The Victorian industrial revolution brought industrial structures that included the 2 1⁄2-mile (4.0 km) Victoria Tunnelling, built in 1842, which provided underground wagon ways to the staithes. On 3 February 1879, Mosley Street in the city, was the first public road in the world to be lit up by the incandescent lightbulb. Newcastle was one of the first cities in the world to be lit up by electric lighting. Innovations in Newcastle and surrounding areas included the development of safety lamps, Stephenson's Rocket, Lord Armstrong's artillery, Be-Ro flour, Joseph Swan's electric light bulbs, and Charles Parsons' invention of the steam turbine, which led to the revolution of marine propulsion and the production of cheap electricity. In 1882, Newcastle became the seat of an Anglican diocese, with St. Nicholas' Church becoming its cathedral.",IRRELEVANT,True,True,True
57264586f1498d1400e8dac7,hard,12,para:859,Strictly speaking who was included in DATANET 1,"['Datanet 1 only referred to the network and the connected users via leased lines', 'the network', 'the network and the connected users']","There were 158,349 households, of which 68,511 (43.3%) had children under the age of 18 living in them, 69,284 (43.8%) were opposite-sex married couples living together, 30,547 (19.3%) had a female householder with no husband present, 11,698 (7.4%) had a male householder with no wife present. There were 12,843 (8.1%) unmarried opposite-sex partnerships, and 1,388 (0.9%) same-sex married couples or partnerships. 35,064 households (22.1%) were made up of individuals and 12,344 (7.8%) had someone living alone who was 65 years of age or older. The average household size was 3.07. There were 111,529 families (70.4% of all households); the average family size was 3.62.",IRRELEVANT,True,True,True
57264586f1498d1400e8dac7,hard,13,para:1511,Strictly speaking who was included in DATANET 1,"['Datanet 1 only referred to the network and the connected users via leased lines', 'the network', 'the network and the connected users']","The University of Chicago was created and incorporated as a coeducational, secular institution in 1890 by the American Baptist Education Society and a donation from oil magnate and philanthropist John D. Rockefeller on land donated by Marshall Field. While the Rockefeller donation provided money for academic operations and long-term endowment, it was stipulated that such money could not be used for buildings. The original physical campus was financed by donations from wealthy Chicagoans like Silas B. Cobb who provided the funds for the campus' first building, Cobb Lecture Hall, and matched Marshall Field's pledge of $100,000. Other early benefactors included businessmen Charles L. Hutchinson (trustee, treasurer and donor of Hutchinson Commons), Martin A. Ryerson (president of the board of trustees and donor of the Ryerson Physical Laboratory) Adolphus Clay Bartlett and Leon Mandel, who funded the construction of the gymnasium and assembly hall, and George C. Walker of the Walker Museum, a relative of Cobb who encouraged his inaugural donation for facilities.",IRRELEVANT,True,True,True
57264586f1498d1400e8dac7,hard,14,para:1825,Strictly speaking who was included in DATANET 1,"['Datanet 1 only referred to the network and the connected users via leased lines', 'the network', 'the network and the connected users']","Immediately after Decision Time a ""Members Debate"" is held, which lasts for 45 minutes. Members Business is a debate on a motion proposed by an MSP who is not a Scottish minister. Such motions are on issues which may be of interest to a particular area such as a member's own constituency, an upcoming or past event or any other item which would otherwise not be accorded official parliamentary time. As well as the proposer, other members normally contribute to the debate. The relevant minister, whose department the debate and motion relate to ""winds up"" the debate by speaking after all other participants.",IRRELEVANT,True,True,True
57264586f1498d1400e8dac7,hard,15,para:691,Strictly speaking who was included in DATANET 1,"['Datanet 1 only referred to the network and the connected users via leased lines', 'the network', 'the network and the connected users']","The Apollo program was conceived during the Eisenhower administration in early 1960, as a follow-up to Project Mercury. While the Mercury capsule could only support one astronaut on a limited Earth orbital mission, Apollo would carry three astronauts. Possible missions included ferrying crews to a space station, circumlunar flights, and eventual manned lunar landings. The program was named after the Greek god of light, music, and the sun by NASA manager Abe Silverstein, who later said that ""I was naming the spacecraft like I'd name my baby."" Silverstein chose the name at home one evening, early in 1960, because he felt ""Apollo riding his chariot across the Sun was appropriate to the grand scale of the proposed program.""",IRRELEVANT,True,True,True
57264586f1498d1400e8dac7,hard,16,para:623,Strictly speaking who was included in DATANET 1,"['Datanet 1 only referred to the network and the connected users via leased lines', 'the network', 'the network and the connected users']","In the meantime, on August 1, 1774, an experiment conducted by the British clergyman Joseph Priestley focused sunlight on mercuric oxide (HgO) inside a glass tube, which liberated a gas he named ""dephlogisticated air"". He noted that candles burned brighter in the gas and that a mouse was more active and lived longer while breathing it. After breathing the gas himself, he wrote: ""The feeling of it to my lungs was not sensibly different from that of common air, but I fancied that my breast felt peculiarly light and easy for some time afterwards."" Priestley published his findings in 1775 in a paper titled ""An Account of Further Discoveries in Air"" which was included in the second volume of his book titled Experiments and Observations on Different Kinds of Air. Because he published his findings first, Priestley is usually given priority in the discovery.",IRRELEVANT,True,True,True
57264586f1498d1400e8dac7,hard,17,para:1451,Strictly speaking who was included in DATANET 1,"['Datanet 1 only referred to the network and the connected users via leased lines', 'the network', 'the network and the connected users']","While in-house production had ceased, the BBC hoped to find an independent production company to relaunch the show. Philip Segal, a British expatriate who worked for Columbia Pictures' television arm in the United States, had approached the BBC about such a venture as early as July 1989, while the 26th series was still in production. Segal's negotiations eventually led to a Doctor Who television film, broadcast on the Fox Network in 1996 as a co-production between Fox, Universal Pictures, the BBC and BBC Worldwide. Although the film was successful in the UK (with 9.1 million viewers), it was less so in the United States and did not lead to a series.",IRRELEVANT,True,True,True
57264586f1498d1400e8dac7,hard,18,para:1450,Strictly speaking who was included in DATANET 1,"['Datanet 1 only referred to the network and the connected users via leased lines', 'the network', 'the network and the connected users']","The BBC drama department's serials division produced the programme for 26 seasons, broadcast on BBC 1. Falling viewing numbers, a decline in the public perception of the show and a less-prominent transmission slot saw production suspended in 1989 by Jonathan Powell, controller of BBC 1. Although (as series co-star Sophie Aldred reported in the documentary Doctor Who: More Than 30 Years in the TARDIS) it was effectively, if not formally, cancelled with the decision not to commission a planned 27th series of the show for transmission in 1990, the BBC repeatedly affirmed that the series would return.",IRRELEVANT,True,True,True
57264586f1498d1400e8dac7,hard,19,para:1598,Strictly speaking who was included in DATANET 1,"['Datanet 1 only referred to the network and the connected users via leased lines', 'the network', 'the network and the connected users']","Fossils found in Kenya suggest that primates roamed the area more than 20 million years ago. Recent findings near Lake Turkana indicate that hominids such as Homo habilis (1.8 and 2.5 million years ago) and Homo erectus (1.8 million to 350,000 years ago) are possible direct ancestors of modern Homo sapiens, and lived in Kenya in the Pleistocene epoch. During excavations at Lake Turkana in 1984, paleoanthropologist Richard Leakey assisted by Kamoya Kimeu discovered the Turkana Boy, a 1.6-million-year-old fossil belonging to Homo erectus. Previous research on early hominids is particularly identified with Mary Leakey and Louis Leakey, who were responsible for the preliminary archaeological research at Olorgesailie and Hyrax Hill. Later work at the former site was undertaken by Glynn Isaac.",IRRELEVANT,True,True,True
57264586f1498d1400e8dac7,hard,20,para:372,Strictly speaking who was included in DATANET 1,"['Datanet 1 only referred to the network and the connected users via leased lines', 'the network', 'the network and the connected users']","Johann Eck, speaking on behalf of the Empire as assistant of the Archbishop of Trier, presented Luther with copies of his writings laid out on a table and asked him if the books were his, and whether he stood by their contents. Luther confirmed he was their author, but requested time to think about the answer to the second question. He prayed, consulted friends, and gave his response the next day:",IRRELEVANT,True,True,True
57264586f1498d1400e8dac7,hard,21,para:486,Strictly speaking who was included in DATANET 1,"['Datanet 1 only referred to the network and the connected users via leased lines', 'the network', 'the network and the connected users']","BSkyB initially charged additional subscription fees for using a Sky+ PVR with their service; waiving the charge for subscribers whose package included two or more premium channels. This changed as from 1 July 2007, and now customers that have Sky+ and subscribe to any BSkyB subscription package get Sky+ included at no extra charge. Customers that do not subscribe to BSkyB's channels can still pay a monthly fee to enable Sky+ functions. In January 2010 BSkyB discontinued the Sky+ Box, limited the standard Sky Box to Multiroom upgrade only and started to issue the Sky+HD Box as standard, thus giving all new subscribers the functions of Sky+. In February 2011 BSkyB discontinued the non-HD variant of its Multiroom box, offering a smaller version of the SkyHD box without Sky+ functionality. In September 2007, Sky launched a new TV advertising campaign targeting Sky+ at women. As of 31 March 2008, Sky had 3,393,000 Sky+ users.",IRRELEVANT,True,True,True
57264586f1498d1400e8dac7,hard,22,para:2006,Strictly speaking who was included in DATANET 1,"['Datanet 1 only referred to the network and the connected users via leased lines', 'the network', 'the network and the connected users']","Colonel Monckton, in the sole British success that year, captured Fort Beauséjour in June 1755, cutting the French fortress at Louisbourg off from land-based reinforcements. To cut vital supplies to Louisbourg, Nova Scotia's Governor Charles Lawrence ordered the deportation of the French-speaking Acadian population from the area. Monckton's forces, including companies of Rogers' Rangers, forcibly removed thousands of Acadians, chasing down many who resisted, and sometimes committing atrocities. More than any other factor, the cutting off of supplies to Louisbourg led to its demise. The Acadian resistance, in concert with native allies, including the Mi'kmaq, was sometimes quite stiff, with ongoing frontier raids (against Dartmouth and Lunenburg among others). Other than the campaigns to expel the Acadians (ranging around the Bay of Fundy, on the Petitcodiac and St. John rivers, and Île Saint-Jean), the only clashes of any size were at Petitcodiac in 1755 and at Bloody Creek near Annapolis Royal in 1757.",IRRELEVANT,True,True,True
57264586f1498d1400e8dac7,hard,23,para:554,Strictly speaking who was included in DATANET 1,"['Datanet 1 only referred to the network and the connected users via leased lines', 'the network', 'the network and the connected users']","In Berlin, the Huguenots created two new neighbourhoods: Dorotheenstadt and Friedrichstadt. By 1700, one-fifth of the city's population was French speaking. The Berlin Huguenots preserved the French language in their church services for nearly a century. They ultimately decided to switch to German in protest against the occupation of Prussia by Napoleon in 1806-07. Many of their descendents rose to positions of prominence. Several congregations were founded, such as those of Fredericia (Denmark), Berlin, Stockholm, Hamburg, Frankfurt, Helsinki, and Emden.",IRRELEVANT,True,True,True
57264586f1498d1400e8dac7,hard,24,para:146,Strictly speaking who was included in DATANET 1,"['Datanet 1 only referred to the network and the connected users via leased lines', 'the network', 'the network and the connected users']","Normandy was the site of several important developments in the history of classical music in the 11th century. Fécamp Abbey and Saint-Evroul Abbey were centres of musical production and education. At Fécamp, under two Italian abbots, William of Volpiano and John of Ravenna, the system of denoting notes by letters was developed and taught. It is still the most common form of pitch representation in English- and German-speaking countries today. Also at Fécamp, the staff, around which neumes were oriented, was first developed and taught in the 11th century. Under the German abbot Isembard, La Trinité-du-Mont became a centre of musical composition.",IRRELEVANT,True,True,True
57264586f1498d1400e8dac7,hard,25,para:1392,Strictly speaking who was included in DATANET 1,"['Datanet 1 only referred to the network and the connected users via leased lines', 'the network', 'the network and the connected users']","When a consolidation referendum was held in 1967, voters approved the plan. On October 1, 1968, the governments merged to create the Consolidated City of Jacksonville. Fire, police, health & welfare, recreation, public works, and housing & urban development were all combined under the new government. In honor of the occasion, then-Mayor Hans Tanzler posed with actress Lee Meredith behind a sign marking the new border of the ""Bold New City of the South"" at Florida 13 and Julington Creek. The Better Jacksonville Plan, promoted as a blueprint for Jacksonville's future and approved by Jacksonville voters in 2000, authorized a half-penny sales tax. This would generate most of the revenue required for the $2.25 billion package of major projects that included road & infrastructure improvements, environmental preservation, targeted economic development and new or improved public facilities.",IRRELEVANT,True,True,True
57264586f1498d1400e8dac7,hard,26,para:108,Strictly speaking who was included in DATANET 1,"['Datanet 1 only referred to the network and the connected users via leased lines', 'the network', 'the network and the connected users']","The descendants of Rollo's Vikings and their Frankish wives would replace the Norse religion and Old Norse language with Catholicism (Christianity) and the Gallo-Romance language of the local people, blending their maternal Frankish heritage with Old Norse traditions and customs to synthesize a unique ""Norman"" culture in the north of France. The Norman language was forged by the adoption of the indigenous langue d'oïl branch of Romance by a Norse-speaking ruling class, and it developed into the regional language that survives today.",IRRELEVANT,True,True,True
57264586f1498d1400e8dac7,hard,27,para:1971,Strictly speaking who was included in DATANET 1,"['Datanet 1 only referred to the network and the connected users via leased lines', 'the network', 'the network and the connected users']","Another position in the United Methodist Church is that of the lay servant. Although not considered clergy, lay speakers often preach during services of worship when an ordained elder, Local Pastor, Associate Member or deacon is unavailable. There are two categories of lay servants: local church lay servant, who serve in and through their local churches, and certified lay servants, who serve in their own churches, in other churches, and through district or conference projects and programs. To be recognized as local church lay servant, they must be recommended by their pastor and Church Council or Charge Conference, and complete the basic course for lay servant. Each year they must reapply, reporting how they have served and continued to learn during that year. To be recognized as certified lay servant, they must be recommended by their pastor and Church Council or Charge Conference, complete the basic course and one advanced lay servant course, and be interviewed by the District or Conference Committee on Lay Speaking. They must report and reapply annually; and they must complete at least one advanced course every three years.",IRRELEVANT,True,True,True
57264586f1498d1400e8dac7,hard,28,para:376,Strictly speaking who was included in DATANET 1,"['Datanet 1 only referred to the network and the connected users via leased lines', 'the network', 'the network and the connected users']","Luther's disappearance during his return trip back to Wittenberg was planned. Frederick III had him intercepted on his way home in the forest near Wittenberg by masked horsemen who were made to appear as armed highwaymen. They escorted Luther to the security of the Wartburg Castle at Eisenach. During his stay at Wartburg, which he referred to as ""my Patmos"", Luther translated the New Testament from Greek into German and poured out doctrinal and polemical writings. These included a renewed attack on Archbishop Albrecht of Mainz, whom he shamed into halting the sale of indulgences in his episcopates, and a ""Refutation of the Argument of Latomus,"" in which he expounded the principle of justification to Jacobus Latomus, an orthodox theologian from Louvain.",IRRELEVANT,True,True,True
57264586f1498d1400e8dac7,hard,29,para:1807,Strictly speaking who was included in DATANET 1,"['Datanet 1 only referred to the network and the connected users via leased lines', 'the network', 'the network and the connected users']","Until 1932 the generally accepted length of the Rhine was 1,230 kilometres (764 miles). In 1932 the German encyclopedia Knaurs Lexikon stated the length as 1,320 kilometres (820 miles), presumably a typographical error. After this number was placed into the authoritative Brockhaus Enzyklopädie, it became generally accepted and found its way into numerous textbooks and official publications. The error was discovered in 2010, and the Dutch Rijkswaterstaat confirms the length at 1,232 kilometres (766 miles).[note 1]",IRRELEVANT,True,True,True
57264586f1498d1400e8dac7,hard,30,para:1822,Strictly speaking who was included in DATANET 1,"['Datanet 1 only referred to the network and the connected users via leased lines', 'the network', 'the network and the connected users']","The Presiding Officer (or Deputy Presiding Officer) decides who speaks in chamber debates and the amount of time for which they are allowed to speak. Normally, the Presiding Officer tries to achieve a balance between different viewpoints and political parties when selecting members to speak. Typically, ministers or party leaders open debates, with opening speakers given between 5 and 20 minutes, and succeeding speakers allocated less time. The Presiding Officer can reduce speaking time if a large number of members wish to participate in the debate. Debate is more informal than in some parliamentary systems. Members may call each other directly by name, rather than by constituency or cabinet position, and hand clapping is allowed. Speeches to the chamber are normally delivered in English, but members may use Scots, Gaelic, or any other language with the agreement of the Presiding Officer. The Scottish Parliament has conducted debates in the Gaelic language.",IRRELEVANT,True,True,True
57264586f1498d1400e8dac7,easy,1,para:1045,Strictly speaking who was included in DATANET 1,"['Datanet 1 only referred to the network and the connected users via leased lines', 'the network', 'the network and the connected users']","One of the earliest surviving examples of European quilting, the late 14th-century Sicilian Tristan Quilt, is also held by the collection. The collection has numerous examples of various types of textiles designed by William Morris, including, embroidery, woven fabrics, tapestries (Including 'The Forest' tapestry of 1887), rugs and carpets, as well as pattern books and paper designs. The art deco period is covered by rugs and fabrics designed by Marion Dorn. From the same period there is a rug designed by Serge Chermayeff.",IRRELEVANT,True,True,True
57264586f1498d1400e8dac7,easy,2,para:1123,Strictly speaking who was included in DATANET 1,"['Datanet 1 only referred to the network and the connected users via leased lines', 'the network', 'the network and the connected users']","Daytime programming is also provided from 11:00 a.m. to 3:00 p.m. weekdays (with a one-hour break at 12:00 p.m. Eastern/Pacific for stations to air newscasts, other locally produced programming such as talk shows, or syndicated programs) featuring the talk/lifestyle shows The View and The Chew and the soap opera General Hospital. ABC News programming includes Good Morning America from 7:00 to 9:00 a.m. weekdays (along with one-hour weekend editions); nightly editions of ABC World News Tonight (whose weekend editions are occasionally subject to abbreviation or preemption due to sports telecasts overrunning into the program's timeslot), the Sunday political talk show This Week, early morning news programs World News Now and America This Morning and the late night newsmagazine Nightline. Late nights feature the weeknight talk show Jimmy Kimmel Live!.",IRRELEVANT,True,True,True
57264586f1498d1400e8dac7,easy,3,para:1154,Strictly speaking who was included in DATANET 1,"['Datanet 1 only referred to the network and the connected users via leased lines', 'the network', 'the network and the connected users']","Börte had three more sons, Chagatai (1187—1241), Ögedei (1189—1241), and Tolui (1190–1232). Genghis Khan also had many other children with his other wives, but they were excluded from the succession. While the names of sons were documented, daughters were not. The names of at least six daughters are known, and while they played significant roles behind the scenes during his lifetime, no documents have survived that definitively provide the number or names of daughters born to the consorts of Genghis Khan.",IRRELEVANT,True,True,True
57264586f1498d1400e8dac7,easy,4,para:1157,Strictly speaking who was included in DATANET 1,"['Datanet 1 only referred to the network and the connected users via leased lines', 'the network', 'the network and the connected users']","As an incentive for absolute obedience and following his rule of law, the Yassa code, Temüjin promised civilians and soldiers wealth from future possible war spoils. As he defeated rival tribes, he did not drive away enemy soldiers and abandon the rest. Instead, he took the conquered tribe under his protection and integrated its members into his own tribe. He would even have his mother adopt orphans from the conquered tribe, bringing them into his family. These political innovations inspired great loyalty among the conquered people, making Temüjin stronger with each victory.",IRRELEVANT,True,True,True
57264586f1498d1400e8dac7,easy,5,para:1197,Strictly speaking who was included in DATANET 1,"['Datanet 1 only referred to the network and the connected users via leased lines', 'the network', 'the network and the connected users']","Although the famous Mughal emperors were proud descendants of Genghis Khan and particularly Timur, they clearly distanced themselves from the Mongol atrocities committed against the Khwarizim Shahs, Turks, Persians, the citizens of Baghdad and Damascus, Nishapur, Bukhara and historical figures such as Attar of Nishapur and many other notable Muslims. However, Mughal Emperors directly patronized the legacies of Genghis Khan and Timur; together their names were synonymous with the names of other distinguished personalities particularly among the Muslim populations of South Asia.",IRRELEVANT,True,True,True
57264586f1498d1400e8dac7,easy,6,para:1211,Strictly speaking who was included in DATANET 1,"['Datanet 1 only referred to the network and the connected users via leased lines', 'the network', 'the network and the connected users']","The clinical pharmacist's role involves creating a comprehensive drug therapy plan for patient-specific problems, identifying goals of therapy, and reviewing all prescribed medications prior to dispensing and administration to the patient. The review process often involves an evaluation of the appropriateness of the drug therapy (e.g., drug choice, dose, route, frequency, and duration of therapy) and its efficacy. The pharmacist must also monitor for potential drug interactions, adverse drug reactions, and assess patient drug allergies while designing and initiating a drug therapy plan.",IRRELEVANT,True,True,True
57264586f1498d1400e8dac7,easy,7,para:1250,Strictly speaking who was included in DATANET 1,"['Datanet 1 only referred to the network and the connected users via leased lines', 'the network', 'the network and the connected users']","Hormones can act as immunomodulators, altering the sensitivity of the immune system. For example, female sex hormones are known immunostimulators of both adaptive and innate immune responses. Some autoimmune diseases such as lupus erythematosus strike women preferentially, and their onset often coincides with puberty. By contrast, male sex hormones such as testosterone seem to be immunosuppressive. Other hormones appear to regulate the immune system as well, most notably prolactin, growth hormone and vitamin D.",IRRELEVANT,True,True,True
57264586f1498d1400e8dac7,easy,8,para:1258,Strictly speaking who was included in DATANET 1,"['Datanet 1 only referred to the network and the connected users via leased lines', 'the network', 'the network and the connected users']","The success of any pathogen depends on its ability to elude host immune responses. Therefore, pathogens evolved several methods that allow them to successfully infect a host, while evading detection or destruction by the immune system. Bacteria often overcome physical barriers by secreting enzymes that digest the barrier, for example, by using a type II secretion system. Alternatively, using a type III secretion system, they may insert a hollow tube into the host cell, providing a direct route for proteins to move from the pathogen to the host. These proteins are often used to shut down host defenses.",IRRELEVANT,True,True,True
57264586f1498d1400e8dac7,easy,9,para:1316,Strictly speaking who was included in DATANET 1,"['Datanet 1 only referred to the network and the connected users via leased lines', 'the network', 'the network and the connected users']","There is also a growing number of new forms of procurement that involve relationship contracting where the emphasis is on a co-operative relationship between the principal and contractor and other stakeholders within a construction project. New forms include partnering such as Public-Private Partnering (PPPs) aka private finance initiatives (PFIs) and alliances such as ""pure"" or ""project"" alliances and ""impure"" or ""strategic"" alliances. The focus on co-operation is to ameliorate the many problems that arise from the often highly competitive and adversarial practices within the construction industry.",IRRELEVANT,True,True,True
57264586f1498d1400e8dac7,easy,10,para:1325,Strictly speaking who was included in DATANET 1,"['Datanet 1 only referred to the network and the connected users via leased lines', 'the network', 'the network and the connected users']","The secondary level includes schools offering years 7 through 12 (year twelve is known as lower sixth) and year 13 (upper sixth). This category includes university-preparatory schools or ""prep schools"", boarding schools and day schools. Tuition at private secondary schools varies from school to school and depends on many factors, including the location of the school, the willingness of parents to pay, peer tuitions and the school's financial endowment. High tuition, schools claim, is used to pay higher salaries for the best teachers and also used to provide enriched learning environments, including a low student to teacher ratio, small class sizes and services, such as libraries, science laboratories and computers. Some private schools are boarding schools and many military academies are privately owned or operated as well.",IRRELEVANT,True,True,True
57264586f1498d1400e8dac7,easy,11,para:1346,Strictly speaking who was included in DATANET 1,"['Datanet 1 only referred to the network and the connected users via leased lines', 'the network', 'the network and the connected users']","Funding for private schools is generally provided through student tuition, endowments, scholarship/voucher funds, and donations and grants from religious organizations or private individuals. Government funding for religious schools is either subject to restrictions or possibly forbidden, according to the courts' interpretation of the Establishment Clause of the First Amendment or individual state Blaine Amendments. Non-religious private schools theoretically could qualify for such funding without hassle, preferring the advantages of independent control of their student admissions and course content instead of the public funding they could get with charter status.",IRRELEVANT,True,True,True
57264586f1498d1400e8dac7,easy,12,para:1350,Strictly speaking who was included in DATANET 1,"['Datanet 1 only referred to the network and the connected users via leased lines', 'the network', 'the network and the connected users']","Harvard is a large, highly residential research university. The nominal cost of attendance is high, but the University's large endowment allows it to offer generous financial aid packages. It operates several arts, cultural, and scientific museums, alongside the Harvard Library, which is the world's largest academic and private library system, comprising 79 individual libraries with over 18 million volumes. Harvard's alumni include eight U.S. presidents, several foreign heads of state, 62 living billionaires, 335 Rhodes Scholars, and 242 Marshall Scholars. To date, some 150 Nobel laureates, 18 Fields Medalists and 13 Turing Award winners have been affiliated as students, faculty, or staff.",IRRELEVANT,True,True,True
57264586f1498d1400e8dac7,easy,13,para:1376,Strictly speaking who was included in DATANET 1,"['Datanet 1 only referred to the network and the connected users via leased lines', 'the network', 'the network and the connected users']","Politics: U.N. Secretary General Ban Ki-moon; American political leaders John Hancock, John Adams, John Quincy Adams, Rutherford B. Hayes, Theodore Roosevelt, Franklin D. Roosevelt, John F. Kennedy, Al Gore, George W. Bush and Barack Obama; Chilean President Sebastián Piñera; Colombian President Juan Manuel Santos; Costa Rican President José María Figueres; Mexican Presidents Felipe Calderón, Carlos Salinas de Gortari and Miguel de la Madrid; Mongolian President Tsakhiagiin Elbegdorj; Peruvian President Alejandro Toledo; Taiwanese President Ma Ying-jeou; Canadian Governor General David Lloyd Johnston; Indian Member of Parliament Jayant Sinha; Albanian Prime Minister Fan S. Noli; Canadian Prime Ministers Mackenzie King and Pierre Trudeau; Greek Prime Minister Antonis Samaras; Israeli Prime Minister Benjamin Netanyahu; former Pakistani Prime Minister Benazir Bhutto; U. S. Secretary of Housing and Urban Development Shaun Donovan; Canadian political leader Michael Ignatieff; Pakistani Members of Provincial Assembly Murtaza Bhutto and Sanam Bhutto; Bangladesh Minister of Finance Abul Maal Abdul Muhith; President of Puntland Abdiweli Mohamed Ali; U.S. Ambassador to the European Union Anthony Luzzatto Gardner.",IRRELEVANT,True,True,True
57264586f1498d1400e8dac7,easy,14,para:1377,Strictly speaking who was included in DATANET 1,"['Datanet 1 only referred to the network and the connected users via leased lines', 'the network', 'the network and the connected users']","Other: Civil rights leader W. E. B. Du Bois; philosopher Henry David Thoreau; authors Ralph Waldo Emerson and William S. Burroughs; educators Werner Baer, Harlan Hanson; poets Wallace Stevens, T. S. Eliot and E. E. Cummings; conductor Leonard Bernstein; cellist Yo Yo Ma; pianist and composer Charlie Albright; composer John Alden Carpenter; comedian, television show host and writer Conan O'Brien; actors Tatyana Ali, Nestor Carbonell, Matt Damon, Fred Gwynne, Hill Harper, Rashida Jones, Tommy Lee Jones, Ashley Judd, Jack Lemmon, Natalie Portman, Mira Sorvino, Elisabeth Shue, and Scottie Thompson; film directors Darren Aronofsky, Terrence Malick, Mira Nair, and Whit Stillman; architect Philip Johnson; musicians Rivers Cuomo, Tom Morello, and Gram Parsons; musician, producer and composer Ryan Leslie; serial killer Ted Kaczynski; programmer and activist Richard Stallman; NFL quarterback Ryan Fitzpatrick; NFL center Matt Birk; NBA player Jeremy Lin; US Ski Team skier Ryan Max Riley; physician Sachin H. Jain; physicist J. Robert Oppenheimer; computer pioneer and inventor An Wang; Tibetologist George de Roerich; and Marshall Admiral Isoroku Yamamoto.",IRRELEVANT,True,True,True
57264586f1498d1400e8dac7,easy,15,para:1378,Strictly speaking who was included in DATANET 1,"['Datanet 1 only referred to the network and the connected users via leased lines', 'the network', 'the network and the connected users']","Harvard's faculty includes scholars such as biologist E. O. Wilson, cognitive scientist Steven Pinker, physicists Lisa Randall and Roy Glauber, chemists Elias Corey, Dudley R. Herschbach and George M. Whitesides, computer scientists Michael O. Rabin and Leslie Valiant, Shakespeare scholar Stephen Greenblatt, writer Louis Menand, critic Helen Vendler, historians Henry Louis Gates, Jr. and Niall Ferguson, economists Amartya Sen, N. Gregory Mankiw, Robert Barro, Stephen A. Marglin, Don M. Wilson III and Martin Feldstein, political philosophers Harvey Mansfield, Baroness Shirley Williams and Michael Sandel, Fields Medalist mathematician Shing-Tung Yau, political scientists Robert Putnam, Joseph Nye, and Stanley Hoffmann, scholar/composers Robert Levin and Bernard Rands, astrophysicist Alyssa A. Goodman, and legal scholars Alan Dershowitz and Lawrence Lessig.",IRRELEVANT,True,True,True
57264586f1498d1400e8dac7,easy,16,para:1406,Strictly speaking who was included in DATANET 1,"['Datanet 1 only referred to the network and the connected users via leased lines', 'the network', 'the network and the connected users']","On the other hand, higher economic inequality tends to increase entrepreneurship rates at the individual level (self-employment). However, most of it is often based on necessity rather than opportunity. Necessity-based entrepreneurship is motivated by survival needs such as income for food and shelter (""push"" motivations), whereas opportunity-based entrepreneurship is driven by achievement-oriented motivations (""pull"") such as vocation and more likely to involve the pursue of new products, services, or underserved market needs. The economic impact of the former type of entrepreneurialism tends to be redistributive while the latter is expected to foster technological progress and thus have a more positive impact on economic growth.",IRRELEVANT,True,True,True
57264586f1498d1400e8dac7,easy,17,para:1418,Strictly speaking who was included in DATANET 1,"['Datanet 1 only referred to the network and the connected users via leased lines', 'the network', 'the network and the connected users']","Economist Joseph Stiglitz argues that rather than explaining concentrations of wealth and income, market forces should serve as a brake on such concentration, which may better be explained by the non-market force known as ""rent-seeking"". While the market will bid up compensation for rare and desired skills to reward wealth creation, greater productivity, etc., it will also prevent successful entrepreneurs from earning excess profits by fostering competition to cut prices, profits and large compensation. A better explainer of growing inequality, according to Stiglitz, is the use of political power generated by wealth by certain groups to shape government policies financially beneficial to them. This process, known to economists as rent-seeking, brings income not from creation of wealth but from ""grabbing a larger share of the wealth that would otherwise have been produced without their effort""",IRRELEVANT,True,True,True
57264586f1498d1400e8dac7,easy,18,para:1442,Strictly speaking who was included in DATANET 1,"['Datanet 1 only referred to the network and the connected users via leased lines', 'the network', 'the network and the connected users']","The capabilities approach – sometimes called the human development approach – looks at income inequality and poverty as form of “capability deprivation”. Unlike neoliberalism, which “defines well-being as utility maximization”, economic growth and income are considered a means to an end rather than the end itself. Its goal is to “wid[en] people’s choices and the level of their achieved well-being” through increasing functionings (the things a person values doing), capabilities (the freedom to enjoy functionings) and agency (the ability to pursue valued goals).",IRRELEVANT,True,True,True
57264586f1498d1400e8dac7,easy,19,para:1448,Strictly speaking who was included in DATANET 1,"['Datanet 1 only referred to the network and the connected users via leased lines', 'the network', 'the network and the connected users']","The Doctor rarely travels alone and often brings one or more companions to share these adventures. His companions are usually humans, as he has found a fascination with planet Earth. He often finds events that pique his curiosity as he tries to prevent evil forces from harming innocent people or changing history, using only his ingenuity and minimal resources, such as his versatile sonic screwdriver. As a Time Lord, the Doctor has the ability to regenerate when his body is mortally damaged, taking on a new appearance and personality. The Doctor has gained numerous reoccurring enemies during his travels, including the Daleks, the Cybermen, and the Master, another renegade Time Lord.",IRRELEVANT,True,True,True
57264586f1498d1400e8dac7,easy,20,para:1521,Strictly speaking who was included in DATANET 1,"['Datanet 1 only referred to the network and the connected users via leased lines', 'the network', 'the network and the connected users']","The academic bodies of the University of Chicago consist of the College, four divisions of graduate research and seven professional schools. The university also contains a library system, the University of Chicago Press, the University of Chicago Laboratory Schools, and the University of Chicago Medical Center, and holds ties with a number of independent academic institutions, including Fermilab, Argonne National Laboratory, and the Marine Biological Laboratory. The university is accredited by The Higher Learning Commission.",IRRELEVANT,True,True,True
57264586f1498d1400e8dac7,easy,21,para:1544,Strictly speaking who was included in DATANET 1,"['Datanet 1 only referred to the network and the connected users via leased lines', 'the network', 'the network and the connected users']","Current faculty include the anthropologist Marshall Sahlins, historian Dipesh Chakrabarty, paleontologists Neil Shubin and Paul Sereno, evolutionary biologist Jerry Coyne, Nobel prize winning physicist Yoichiro Nambu, Nobel prize winning physicist James Cronin, Nobel Prize winning economists Eugene Fama, James Heckman, Lars Peter Hansen, Roger Myerson and Robert Lucas, Jr., Freakonomics author and noted economist Steven Levitt, current governor of India's central bank Raghuram Rajan, the 74th United States Secretary of the Treasury and former Goldman Sachs Chairman and CEO Hank Paulson, former Chairman of President Barack Obama's Council of Economic Advisors Austan Goolsbee, Shakespeare scholar David Bevington, and renowned political scientists John Mearsheimer and Robert Pape.",IRRELEVANT,True,True,True
57264586f1498d1400e8dac7,easy,22,para:1650,Strictly speaking who was included in DATANET 1,"['Datanet 1 only referred to the network and the connected users via leased lines', 'the network', 'the network and the connected users']","The IPCC does not carry out research nor does it monitor climate related data. Lead authors of IPCC reports assess the available information about climate change based on published sources. According to IPCC guidelines, authors should give priority to peer-reviewed sources. Authors may refer to non-peer-reviewed sources (the ""grey literature""), provided that they are of sufficient quality. Examples of non-peer-reviewed sources include model results, reports from government agencies and non-governmental organizations, and industry journals. Each subsequent IPCC report notes areas where the science has improved since the previous report and also notes areas where further research is required.",IRRELEVANT,True,True,True
57264586f1498d1400e8dac7,easy,23,para:1692,Strictly speaking who was included in DATANET 1,"['Datanet 1 only referred to the network and the connected users via leased lines', 'the network', 'the network and the connected users']","The mechanism for chloroplast DNA (cpDNA) replication has not been conclusively determined, but two main models have been proposed. Scientists have attempted to observe chloroplast replication via electron microscopy since the 1970s. The results of the microscopy experiments led to the idea that chloroplast DNA replicates using a double displacement loop (D-loop). As the D-loop moves through the circular DNA, it adopts a theta intermediary form, also known as a Cairns replication intermediate, and completes replication with a rolling circle mechanism. Transcription starts at specific points of origin. Multiple replication forks open up, allowing replication machinery to transcribe the DNA. As replication continues, the forks grow and eventually converge. The new cpDNA structures separate, creating daughter cpDNA chromosomes.",IRRELEVANT,True,True,True
57264586f1498d1400e8dac7,easy,24,para:1699,Strictly speaking who was included in DATANET 1,"['Datanet 1 only referred to the network and the connected users via leased lines', 'the network', 'the network and the connected users']",There are some common misconceptions about the outer and inner chloroplast membranes. The fact that chloroplasts are surrounded by a double membrane is often cited as evidence that they are the descendants of endosymbiotic cyanobacteria. This is often interpreted as meaning the outer chloroplast membrane is the product of the host's cell membrane infolding to form a vesicle to surround the ancestral cyanobacterium—which is not true—both chloroplast membranes are homologous to the cyanobacterium's original double membranes.,IRRELEVANT,True,True,True
57264586f1498d1400e8dac7,easy,25,para:1729,Strictly speaking who was included in DATANET 1,"['Datanet 1 only referred to the network and the connected users via leased lines', 'the network', 'the network and the connected users']","The division process starts when the proteins FtsZ1 and FtsZ2 assemble into filaments, and with the help of a protein ARC6, form a structure called a Z-ring within the chloroplast's stroma. The Min system manages the placement of the Z-ring, ensuring that the chloroplast is cleaved more or less evenly. The protein MinD prevents FtsZ from linking up and forming filaments. Another protein ARC3 may also be involved, but it is not very well understood. These proteins are active at the poles of the chloroplast, preventing Z-ring formation there, but near the center of the chloroplast, MinE inhibits them, allowing the Z-ring to form.",IRRELEVANT,True,True,True
57264586f1498d1400e8dac7,easy,26,para:1731,Strictly speaking who was included in DATANET 1,"['Datanet 1 only referred to the network and the connected users via leased lines', 'the network', 'the network and the connected users']","Light has been shown to be a requirement for chloroplast division. Chloroplasts can grow and progress through some of the constriction stages under poor quality green light, but are slow to complete division—they require exposure to bright white light to complete division. Spinach leaves grown under green light have been observed to contain many large dumbbell-shaped chloroplasts. Exposure to white light can stimulate these chloroplasts to divide and reduce the population of dumbbell-shaped chloroplasts.",IRRELEVANT,True,True,True
57264586f1498d1400e8dac7,easy,27,para:1744,Strictly speaking who was included in DATANET 1,"['Datanet 1 only referred to the network and the connected users via leased lines', 'the network', 'the network and the connected users']","A particularly simple example of a probabilistic test is the Fermat primality test, which relies on the fact (Fermat's little theorem) that np≡n (mod p) for any n if p is a prime number. If we have a number b that we want to test for primality, then we work out nb (mod b) for a random value of n as our test. A flaw with this test is that there are some composite numbers (the Carmichael numbers) that satisfy the Fermat identity even though they are not prime, so the test has no way of distinguishing between prime numbers and Carmichael numbers. Carmichael numbers are substantially rarer than prime numbers, though, so this test can be useful for practical purposes. More powerful extensions of the Fermat primality test, such as the Baillie-PSW, Miller-Rabin, and Solovay-Strassen tests, are guaranteed to fail at least some of the time when applied to a composite number.",IRRELEVANT,True,True,True
57264586f1498d1400e8dac7,easy,28,para:1755,Strictly speaking who was included in DATANET 1,"['Datanet 1 only referred to the network and the connected users via leased lines', 'the network', 'the network and the connected users']","Several public-key cryptography algorithms, such as RSA and the Diffie–Hellman key exchange, are based on large prime numbers (for example, 512-bit primes are frequently used for RSA and 1024-bit primes are typical for Diffie–Hellman.). RSA relies on the assumption that it is much easier (i.e., more efficient) to perform the multiplication of two (large) numbers x and y than to calculate x and y (assumed coprime) if only the product xy is known. The Diffie–Hellman key exchange relies on the fact that there are efficient algorithms for modular exponentiation, while the reverse operation the discrete logarithm is thought to be a hard problem.",IRRELEVANT,True,True,True
57264586f1498d1400e8dac7,easy,29,para:176,Strictly speaking who was included in DATANET 1,"['Datanet 1 only referred to the network and the connected users via leased lines', 'the network', 'the network and the connected users']","Tesla served as a vice president of the American Institute of Electrical Engineers, the forerunner (along with the Institute of Radio Engineers) of the modern-day IEEE, from 1892 to 1894.",IRRELEVANT,True,True,True
57264586f1498d1400e8dac7,easy,30,para:1771,Strictly speaking who was included in DATANET 1,"['Datanet 1 only referred to the network and the connected users via leased lines', 'the network', 'the network and the connected users']","The flow of cold, gray mountain water continues for some distance into the lake. The cold water flows near the surface and at first doesn't mix with the warmer, green waters of Upper Lake. But then, at the so-called Rheinbrech, the Rhine water abruptly falls into the depths because of the greater density of cold water. The flow reappears on the surface at the northern (German) shore of the lake, off the island of Lindau. The water then follows the northern shore until Hagnau am Bodensee. A small fraction of the flow is diverted off the island of Mainau into Lake Überlingen. Most of the water flows via the Constance hopper into the Rheinrinne (""Rhine Gutter"") and Seerhein. Depending on the water level, this flow of the Rhine water is clearly visible along the entire length of the lake.",IRRELEVANT,True,True,True
57269016708984140094ca41,hard,1,para:1675,Recent studies believe  that ctenophores are the sister lineage to what?,"['all other animals', 'Bilateria']","These chloroplasts, which can be traced back directly to a cyanobacterial ancestor, are known as primary plastids (""plastid"" in this context means almost the same thing as chloroplast). All primary chloroplasts belong to one of three chloroplast lineages—the glaucophyte chloroplast lineage, the rhodophyte, or red algal chloroplast lineage, or the chloroplastidan, or green chloroplast lineage. The second two are the largest, and the green chloroplast lineage is the one that contains the land plants.",IRRELEVANT,True,True,True
57269016708984140094ca41,hard,2,para:374,Recent studies believe  that ctenophores are the sister lineage to what?,"['all other animals', 'Bilateria']","Luther refused to recant his writings. He is sometimes also quoted as saying: ""Here I stand. I can do no other"". Recent scholars consider the evidence for these words to be unreliable, since they were inserted before ""May God help me"" only in later versions of the speech and not recorded in witness accounts of the proceedings. However, Mullett suggests that given his nature, ""we are free to believe that Luther would tend to select the more dramatic form of words.""",IRRELEVANT,True,True,True
57269016708984140094ca41,hard,3,para:314,Recent studies believe  that ctenophores are the sister lineage to what?,"['all other animals', 'Bilateria']","Teachers that exhibit enthusiasm can lead to students who are more likely to be engaged, interested, energetic, and curious about learning the subject matter. Recent research has found a correlation between teacher enthusiasm and students' intrinsic motivation to learn and vitality in the classroom. Controlled, experimental studies exploring intrinsic motivation of college students has shown that nonverbal expressions of enthusiasm, such as demonstrative gesturing, dramatic movements which are varied, and emotional facial expressions, result in college students reporting higher levels of intrinsic motivation to learn. Students who experienced a very enthusiastic teacher were more likely to read lecture material outside of the classroom.",IRRELEVANT,True,True,True
57269016708984140094ca41,hard,4,para:219,Recent studies believe  that ctenophores are the sister lineage to what?,"['all other animals', 'Bilateria']","In an interview with newspaper editor Arthur Brisbane, Tesla said that he did not believe in telepathy, stating, ""Suppose I made up my mind to murder you,"" he said, ""In a second you would know it. Now, isn't that wonderful? By what process does the mind get at all this?"" In the same interview, Tesla said that he believed that all fundamental laws could be reduced to one.",IRRELEVANT,True,True,True
57269016708984140094ca41,hard,5,para:1423,Recent studies believe  that ctenophores are the sister lineage to what?,"['all other animals', 'Bilateria']","In recent years the characteristic that has strongly correlated with health in developed countries is income inequality. Creating an index of ""Health and Social Problems"" from nine factors, authors Richard Wilkinson and Kate Pickett found health and social problems ""more common in countries with bigger income inequalities"", and more common among states in the US with larger income inequalities. Other studies have confirmed this relationship. The UNICEF index of ""child well-being in rich countries"", studying 40 indicators in 22 countries, correlates with greater equality but not per capita income.",IRRELEVANT,True,True,True
57269016708984140094ca41,hard,6,para:1416,Recent studies believe  that ctenophores are the sister lineage to what?,"['all other animals', 'Bilateria']","Plotting the relationship between level of income and inequality, Kuznets saw middle-income developing economies level of inequality bulging out to form what is now known as the Kuznets curve. Kuznets demonstrated this relationship using cross-sectional data. However, more recent testing of this theory with superior panel data has shown it to be very weak. Kuznets' curve predicts that income inequality will eventually decrease given time. As an example, income inequality did fall in the United States during its High school movement from 1910 to 1940 and thereafter.[citation needed] However, recent data shows that the level of income inequality began to rise after the 1970s. This does not necessarily disprove Kuznets' theory.[citation needed] It may be possible that another Kuznets' cycle is occurring, specifically the move from the manufacturing sector to the service sector.[citation needed] This implies that it may be possible for multiple Kuznets' cycles to be in effect at any given time.",IRRELEVANT,True,True,True
57269016708984140094ca41,hard,7,para:1291,Recent studies believe  that ctenophores are the sister lineage to what?,"['all other animals', 'Bilateria']","Some civil disobedients feel it is incumbent upon them to accept punishment because of their belief in the validity of the social contract, which is held to bind all to obey the laws that a government meeting certain standards of legitimacy has established, or else suffer the penalties set out in the law. Other civil disobedients who favor the existence of government still don't believe in the legitimacy of their particular government, or don't believe in the legitimacy of a particular law it has enacted. And still other civil disobedients, being anarchists, don't believe in the legitimacy of any government, and therefore see no need to accept punishment for a violation of criminal law that does not infringe the rights of others.",IRRELEVANT,True,True,True
57269016708984140094ca41,hard,8,para:1688,Recent studies believe  that ctenophores are the sister lineage to what?,"['all other animals', 'Bilateria']","Lepidodinium viride and its close relatives are dinophytes that lost their original peridinin chloroplast and replaced it with a green algal derived chloroplast (more specifically, a prasinophyte). Lepidodinium is the only dinophyte that has a chloroplast that's not from the rhodoplast lineage. The chloroplast is surrounded by two membranes and has no nucleomorph—all the nucleomorph genes have been transferred to the dinophyte nucleus. The endosymbiotic event that led to this chloroplast was serial secondary endosymbiosis rather than tertiary endosymbiosis—the endosymbiont was a green alga containing a primary chloroplast (making a secondary chloroplast).",IRRELEVANT,True,True,True
57269016708984140094ca41,hard,9,para:1272,Recent studies believe  that ctenophores are the sister lineage to what?,"['all other animals', 'Bilateria']","Larger drugs (>500 Da) can provoke a neutralizing immune response, particularly if the drugs are administered repeatedly, or in larger doses. This limits the effectiveness of drugs based on larger peptides and proteins (which are typically larger than 6000 Da). In some cases, the drug itself is not immunogenic, but may be co-administered with an immunogenic compound, as is sometimes the case for Taxol. Computational methods have been developed to predict the immunogenicity of peptides and proteins, which are particularly useful in designing therapeutic antibodies, assessing likely virulence of mutations in viral coat particles, and validation of proposed peptide-based drug treatments. Early techniques relied mainly on the observation that hydrophilic amino acids are overrepresented in epitope regions than hydrophobic amino acids; however, more recent developments rely on machine learning techniques using databases of existing known epitopes, usually on well-studied virus proteins, as a training set. A publicly accessible database has been established for the cataloguing of epitopes from pathogens known to be recognizable by B cells. The emerging field of bioinformatics-based studies of immunogenicity is referred to as immunoinformatics. Immunoproteomics is the study of large sets of proteins (proteomics) involved in the immune response.",IRRELEVANT,True,True,True
57269016708984140094ca41,hard,10,para:1678,Recent studies believe  that ctenophores are the sister lineage to what?,"['all other animals', 'Bilateria']","The chloroplastidan chloroplasts, or green chloroplasts, are another large, highly diverse primary chloroplast lineage. Their host organisms are commonly known as the green algae and land plants. They differ from glaucophyte and red algal chloroplasts in that they have lost their phycobilisomes, and contain chlorophyll b instead. Most green chloroplasts are (obviously) green, though some aren't, like some forms of Hæmatococcus pluvialis, due to accessory pigments that override the chlorophylls' green colors. Chloroplastidan chloroplasts have lost the peptidoglycan wall between their double membrane, and have replaced it with an intermembrane space. Some plants seem to have kept the genes for the synthesis of the peptidoglycan layer, though they've been repurposed for use in chloroplast division instead.",IRRELEVANT,True,True,True
57269016708984140094ca41,hard,11,para:1850,Recent studies believe  that ctenophores are the sister lineage to what?,"['all other animals', 'Bilateria']","Islamism is a controversial concept not just because it posits a political role for Islam but also because its supporters believe their views merely reflect Islam, while the contrary idea that Islam is, or can be, apolitical is an error. Scholars and observers who do not believe that Islam is merely a political ideology include Fred Halliday, John Esposito and Muslim intellectuals like Javed Ahmad Ghamidi. Hayri Abaza argues the failure to distinguish between Islam and Islamism leads many in the West to support illiberal Islamic regimes, to the detriment of progressive moderates who seek to separate religion from politics.",IRRELEVANT,True,True,True
57269016708984140094ca41,hard,12,para:1424,Recent studies believe  that ctenophores are the sister lineage to what?,"['all other animals', 'Bilateria']","Crime rate has also been shown to be correlated with inequality in society. Most studies looking into the relationship have concentrated on homicides – since homicides are almost identically defined across all nations and jurisdictions. There have been over fifty studies showing tendencies for violence to be more common in societies where income differences are larger. Research has been conducted comparing developed countries with undeveloped countries, as well as studying areas within countries. Daly et al. 2001 found that among U.S States and Canadian Provinces there is a tenfold difference in homicide rates related to inequality. They estimated that about half of all variation in homicide rates can be accounted for by differences in the amount of inequality in each province or state. Fajnzylber et al. (2002) found a similar relationship worldwide. Among comments in academic literature on the relationship between homicides and inequality are:",IRRELEVANT,True,True,True
57269016708984140094ca41,hard,13,para:915,Recent studies believe  that ctenophores are the sister lineage to what?,"['all other animals', 'Bilateria']","The following four timelines show the geologic time scale. The first shows the entire time from the formation of the Earth to the present, but this compresses the most recent eon. Therefore, the second scale shows the most recent eon with an expanded scale. The second scale compresses the most recent era, so the most recent era is expanded in the third scale. Since the Quaternary is a very short period with short epochs, it is further expanded in the fourth scale. The second, third, and fourth timelines are therefore each subsections of their preceding timeline as indicated by asterisks. The Holocene (the latest epoch) is too small to be shown clearly on the third timeline on the right, another reason for expanding the fourth scale. The Pleistocene (P) epoch. Q stands for the Quaternary period.",IRRELEVANT,True,True,True
57269016708984140094ca41,hard,14,para:1851,Recent studies believe  that ctenophores are the sister lineage to what?,"['all other animals', 'Bilateria']","Islamists have asked the question, ""If Islam is a way of life, how can we say that those who want to live by its principles in legal, social, political, economic, and political spheres of life are not Muslims, but Islamists and believe in Islamism, not [just] Islam?"" Similarly, a writer for the International Crisis Group maintains that ""the conception of 'political Islam'"" is a creation of Americans to explain the Iranian Islamic Revolution and apolitical Islam was a historical fluke of the ""short-lived era of the heyday of secular Arab nationalism between 1945 and 1970"", and it is quietist/non-political Islam, not Islamism, that requires explanation.",IRRELEVANT,True,True,True
57269016708984140094ca41,hard,15,para:338,Recent studies believe  that ctenophores are the sister lineage to what?,"['all other animals', 'Bilateria']","Teachers in Wales can be registered members of trade unions such as ATL, NUT or NASUWT and reports in recent years suggest that the average age of teachers in Wales is falling with teachers being younger than in previous years. A growing cause of concern are that attacks on teachers in Welsh schools which reached an all-time high between 2005 and 2010.",IRRELEVANT,True,True,True
57269016708984140094ca41,hard,16,para:329,Recent studies believe  that ctenophores are the sister lineage to what?,"['all other animals', 'Bilateria']","In Germany, teachers are mainly civil servants recruited in special university classes, called Lehramtstudien (Teaching Education Studies). There are many differences between the teachers for elementary schools (Grundschule), lower secondary schools (Hauptschule), middle level secondary schools (Realschule) and higher level secondary schools (Gymnasium). Salaries for teachers depend on the civil servants' salary index scale (Bundesbesoldungsordnung).",IRRELEVANT,True,True,True
57269016708984140094ca41,hard,17,para:1441,Recent studies believe  that ctenophores are the sister lineage to what?,"['all other animals', 'Bilateria']","Robert Nozick argued that government redistributes wealth by force (usually in the form of taxation), and that the ideal moral society would be one where all individuals are free from force. However, Nozick recognized that some modern economic inequalities were the result of forceful taking of property, and a certain amount of redistribution would be justified to compensate for this force but not because of the inequalities themselves. John Rawls argued in A Theory of Justice that inequalities in the distribution of wealth are only justified when they improve society as a whole, including the poorest members. Rawls does not discuss the full implications of his theory of justice. Some see Rawls's argument as a justification for capitalism since even the poorest members of society theoretically benefit from increased innovations under capitalism; others believe only a strong welfare state can satisfy Rawls's theory of justice.",IRRELEVANT,True,True,True
57269016708984140094ca41,hard,18,para:242,Recent studies believe  that ctenophores are the sister lineage to what?,"['all other animals', 'Bilateria']","Closely related fields in theoretical computer science are analysis of algorithms and computability theory. A key distinction between analysis of algorithms and computational complexity theory is that the former is devoted to analyzing the amount of resources needed by a particular algorithm to solve a problem, whereas the latter asks a more general question about all possible algorithms that could be used to solve the same problem. More precisely, it tries to classify problems that can or cannot be solved with appropriately restricted resources. In turn, imposing restrictions on the available resources is what distinguishes computational complexity from computability theory: the latter theory asks what kind of problems can, in principle, be solved algorithmically.",IRRELEVANT,True,True,True
57269016708984140094ca41,hard,19,para:308,Recent studies believe  that ctenophores are the sister lineage to what?,"['all other animals', 'Bilateria']","A modern example of school discipline in North America and Western Europe relies upon the idea of an assertive teacher who is prepared to impose their will upon a class. Positive reinforcement is balanced with immediate and fair punishment for misbehavior and firm, clear boundaries define what is appropriate and inappropriate behavior. Teachers are expected to respect their students; sarcasm and attempts to humiliate pupils are seen as falling outside of what constitutes reasonable discipline.[verification needed]",IRRELEVANT,True,True,True
57269016708984140094ca41,hard,20,para:652,Recent studies believe  that ctenophores are the sister lineage to what?,"['all other animals', 'Bilateria']","Oxygen, as a supposed mild euphoric, has a history of recreational use in oxygen bars and in sports. Oxygen bars are establishments, found in Japan, California, and Las Vegas, Nevada since the late 1990s that offer higher than normal O 2 exposure for a fee. Professional athletes, especially in American football, also sometimes go off field between plays to wear oxygen masks in order to get a ""boost"" in performance. The pharmacological effect is doubtful; a placebo effect is a more likely explanation. Available studies support a performance boost from enriched O 2 mixtures only if they are breathed during aerobic exercise.",IRRELEVANT,True,True,True
57269016708984140094ca41,hard,21,para:1414,Recent studies believe  that ctenophores are the sister lineage to what?,"['all other animals', 'Bilateria']","In many countries, there is a Gender pay gap in favor of males in the labor market. Several factors other than discrimination may contribute to this gap. On average, women are more likely than men to consider factors other than pay when looking for work, and may be less willing to travel or relocate. Thomas Sowell, in his book Knowledge and Decisions, claims that this difference is due to women not taking jobs due to marriage or pregnancy, but income studies show that that does not explain the entire difference. A U.S. Census's report stated that in US once other factors are accounted for there is still a difference in earnings between women and men. The income gap in other countries ranges from 53% in Botswana to -40% in Bahrain.",IRRELEVANT,True,True,True
57269016708984140094ca41,hard,22,para:1526,Recent studies believe  that ctenophores are the sister lineage to what?,"['all other animals', 'Bilateria']","The university operates 12 research institutes and 113 research centers on campus. Among these are the Oriental Institute—a museum and research center for Near Eastern studies owned and operated by the university—and a number of National Resource Centers, including the Center for Middle Eastern Studies. Chicago also operates or is affiliated with a number of research institutions apart from the university proper. The university partially manages Argonne National Laboratory, part of the United States Department of Energy's national laboratory system, and has a joint stake in Fermilab, a nearby particle physics laboratory, as well as a stake in the Apache Point Observatory in Sunspot, New Mexico. Faculty and students at the adjacent Toyota Technological Institute at Chicago collaborate with the university, In 2013, the university announced that it was affiliating the formerly independent Marine Biological Laboratory in Woods Hole, Mass. Although formally unrelated, the National Opinion Research Center is located on Chicago's campus.",IRRELEVANT,True,True,True
57269016708984140094ca41,hard,23,para:154,Recent studies believe  that ctenophores are the sister lineage to what?,"['all other animals', 'Bilateria']","In 1870, Tesla moved to Karlovac, to attend school at the Higher Real Gymnasium, where he was profoundly influenced by a math teacher Martin Sekulić.:32 The classes were held in German, as it was a school within the Austro-Hungarian Military Frontier. Tesla was able to perform integral calculus in his head, which prompted his teachers to believe that he was cheating. He finished a four-year term in three years, graduating in 1873.:33",IRRELEVANT,True,True,True
57269016708984140094ca41,hard,24,para:1292,Recent studies believe  that ctenophores are the sister lineage to what?,"['all other animals', 'Bilateria']","An important decision for civil disobedients is whether or not to plead guilty. There is much debate on this point, as some believe that it is a civil disobedient's duty to submit to the punishment prescribed by law, while others believe that defending oneself in court will increase the possibility of changing the unjust law. It has also been argued that either choice is compatible with the spirit of civil disobedience. ACT-UP's Civil Disobedience Training handbook states that a civil disobedient who pleads guilty is essentially stating, ""Yes, I committed the act of which you accuse me. I don't deny it; in fact, I am proud of it. I feel I did the right thing by violating this particular law; I am guilty as charged,"" but that pleading not guilty sends a message of, ""Guilt implies wrong-doing. I feel I have done no wrong. I may have violated some specific laws, but I am guilty of doing no wrong. I therefore plead not guilty."" A plea of no contest is sometimes regarded as a compromise between the two. One defendant accused of illegally protesting nuclear power, when asked to enter his plea, stated, ""I plead for the beauty that surrounds us""; this is known as a ""creative plea,"" and will usually be interpreted as a plea of not guilty.",IRRELEVANT,True,True,True
57269016708984140094ca41,hard,25,para:1265,Recent studies believe  that ctenophores are the sister lineage to what?,"['all other animals', 'Bilateria']","It is likely that a multicomponent, adaptive immune system arose with the first vertebrates, as invertebrates do not generate lymphocytes or an antibody-based humoral response. Many species, however, utilize mechanisms that appear to be precursors of these aspects of vertebrate immunity. Immune systems appear even in the structurally most simple forms of life, with bacteria using a unique defense mechanism, called the restriction modification system to protect themselves from viral pathogens, called bacteriophages. Prokaryotes also possess acquired immunity, through a system that uses CRISPR sequences to retain fragments of the genomes of phage that they have come into contact with in the past, which allows them to block virus replication through a form of RNA interference. Offensive elements of the immune systems are also present in unicellular eukaryotes, but studies of their roles in defense are few.",IRRELEVANT,True,True,True
57269016708984140094ca41,hard,26,para:994,Recent studies believe  that ctenophores are the sister lineage to what?,"['all other animals', 'Bilateria']","In July 1973, as part of its outreach programme to young people, the V&A became the first museum in Britain to present a rock concert. The V&A presented a combined concert/lecture by British progressive folk-rock band Gryphon, who explored the lineage of mediaeval music and instrumentation and related how those contributed to contemporary music 500 years later. This innovative approach to bringing young people to museums was a hallmark of the directorship of Roy Strong and was subsequently emulated by some other British museums.",IRRELEVANT,True,True,True
57269016708984140094ca41,hard,27,para:920,Recent studies believe  that ctenophores are the sister lineage to what?,"['all other animals', 'Bilateria']","For many geologic applications, isotope ratios of radioactive elements are measured in minerals that give the amount of time that has passed since a rock passed through its particular closure temperature, the point at which different radiometric isotopes stop diffusing into and out of the crystal lattice. These are used in geochronologic and thermochronologic studies. Common methods include uranium-lead dating, potassium-argon dating, argon-argon dating and uranium-thorium dating. These methods are used for a variety of applications. Dating of lava and volcanic ash layers found within a stratigraphic sequence can provide absolute age data for sedimentary rock units which do not contain radioactive isotopes and calibrate relative dating techniques. These methods can also be used to determine ages of pluton emplacement. Thermochemical techniques can be used to determine temperature profiles within the crust, the uplift of mountain ranges, and paleotopography.",IRRELEVANT,True,True,True
57269016708984140094ca41,hard,28,para:133,Recent studies believe  that ctenophores are the sister lineage to what?,"['all other animals', 'Bilateria']","In April 1191 Richard the Lion-hearted left Messina with a large fleet in order to reach Acre. But a storm dispersed the fleet. After some searching, it was discovered that the boat carrying his sister and his fiancée Berengaria was anchored on the south coast of Cyprus, together with the wrecks of several other ships, including the treasure ship. Survivors of the wrecks had been taken prisoner by the island's despot Isaac Komnenos. On 1 May 1191, Richard's fleet arrived in the port of Limassol on Cyprus. He ordered Isaac to release the prisoners and the treasure. Isaac refused, so Richard landed his troops and took Limassol.",IRRELEVANT,True,True,True
57269016708984140094ca41,hard,29,para:1732,Recent studies believe  that ctenophores are the sister lineage to what?,"['all other animals', 'Bilateria']","Recently, chloroplasts have caught attention by developers of genetically modified crops. Since, in most flowering plants, chloroplasts are not inherited from the male parent, transgenes in these plastids cannot be disseminated by pollen. This makes plastid transformation a valuable tool for the creation and cultivation of genetically modified plants that are biologically contained, thus posing significantly lower environmental risks. This biological containment strategy is therefore suitable for establishing the coexistence of conventional and organic agriculture. While the reliability of this mechanism has not yet been studied for all relevant crop species, recent results in tobacco plants are promising, showing a failed containment rate of transplastomic plants at 3 in 1,000,000.",IRRELEVANT,True,True,True
57269016708984140094ca41,hard,30,para:1128,Recent studies believe  that ctenophores are the sister lineage to what?,"['all other animals', 'Bilateria']","The most recent episodes of the network's shows are usually made available on WATCH ABC, Hulu and ABC on Demand the day after their original broadcast. In addition, ABC on Demand (like the video-on-demand television services provided by the other U.S. broadcast networks) disallows fast forwarding of accessed content. Restrictions implemented by Disney–ABC Television Group on January 7, 2014 restrict streaming of the most recent episode of any ABC program on Hulu and WATCH ABC until eight days after their initial broadcast, in order to encourage live or same-week (via both DVR and cable on demand) viewing, with day-after-air streaming on either service limited to subscribers of participating pay television providers (such as Comcast, Verizon FiOS and Time Warner Cable) using an ISP account via an authenticated user login.",IRRELEVANT,True,True,True
57269016708984140094ca41,easy,1,para:1377,Recent studies believe  that ctenophores are the sister lineage to what?,"['all other animals', 'Bilateria']","Other: Civil rights leader W. E. B. Du Bois; philosopher Henry David Thoreau; authors Ralph Waldo Emerson and William S. Burroughs; educators Werner Baer, Harlan Hanson; poets Wallace Stevens, T. S. Eliot and E. E. Cummings; conductor Leonard Bernstein; cellist Yo Yo Ma; pianist and composer Charlie Albright; composer John Alden Carpenter; comedian, television show host and writer Conan O'Brien; actors Tatyana Ali, Nestor Carbonell, Matt Damon, Fred Gwynne, Hill Harper, Rashida Jones, Tommy Lee Jones, Ashley Judd, Jack Lemmon, Natalie Portman, Mira Sorvino, Elisabeth Shue, and Scottie Thompson; film directors Darren Aronofsky, Terrence Malick, Mira Nair, and Whit Stillman; architect Philip Johnson; musicians Rivers Cuomo, Tom Morello, and Gram Parsons; musician, producer and composer Ryan Leslie; serial killer Ted Kaczynski; programmer and activist Richard Stallman; NFL quarterback Ryan Fitzpatrick; NFL center Matt Birk; NBA player Jeremy Lin; US Ski Team skier Ryan Max Riley; physician Sachin H. Jain; physicist J. Robert Oppenheimer; computer pioneer and inventor An Wang; Tibetologist George de Roerich; and Marshall Admiral Isoroku Yamamoto.",IRRELEVANT,True,True,True
57269016708984140094ca41,easy,2,para:1378,Recent studies believe  that ctenophores are the sister lineage to what?,"['all other animals', 'Bilateria']","Harvard's faculty includes scholars such as biologist E. O. Wilson, cognitive scientist Steven Pinker, physicists Lisa Randall and Roy Glauber, chemists Elias Corey, Dudley R. Herschbach and George M. Whitesides, computer scientists Michael O. Rabin and Leslie Valiant, Shakespeare scholar Stephen Greenblatt, writer Louis Menand, critic Helen Vendler, historians Henry Louis Gates, Jr. and Niall Ferguson, economists Amartya Sen, N. Gregory Mankiw, Robert Barro, Stephen A. Marglin, Don M. Wilson III and Martin Feldstein, political philosophers Harvey Mansfield, Baroness Shirley Williams and Michael Sandel, Fields Medalist mathematician Shing-Tung Yau, political scientists Robert Putnam, Joseph Nye, and Stanley Hoffmann, scholar/composers Robert Levin and Bernard Rands, astrophysicist Alyssa A. Goodman, and legal scholars Alan Dershowitz and Lawrence Lessig.",IRRELEVANT,True,True,True
57269016708984140094ca41,easy,3,para:296,Recent studies believe  that ctenophores are the sister lineage to what?,"['all other animals', 'Bilateria']","In education, teachers facilitate student learning, often in a school or academy or perhaps in another environment such as outdoors. A teacher who teaches on an individual basis may be described as a tutor.",IRRELEVANT,True,True,True
57269016708984140094ca41,easy,4,para:306,Recent studies believe  that ctenophores are the sister lineage to what?,"['all other animals', 'Bilateria']","Official corporal punishment, often by caning, remains commonplace in schools in some Asian, African and Caribbean countries. For details of individual countries see School corporal punishment.",IRRELEVANT,True,True,True
57269016708984140094ca41,easy,5,para:866,Recent studies believe  that ctenophores are the sister lineage to what?,"['all other animals', 'Bilateria']","Packet switching contrasts with another principal networking paradigm, circuit switching, a method which pre-allocates dedicated network bandwidth specifically for each communication session, each having a constant bit rate and latency between nodes. In cases of billable services, such as cellular communication services, circuit switching is characterized by a fee per unit of connection time, even when no data is transferred, while packet switching may be characterized by a fee per unit of information transmitted, such as characters, packets, or messages.",IRRELEVANT,True,True,True
57269016708984140094ca41,easy,6,para:522,Recent studies believe  that ctenophores are the sister lineage to what?,"['all other animals', 'Bilateria']","As of August 2010, Victoria had 1,548 public schools, 489 Catholic schools and 214 independent schools. Just under 540,800 students were enrolled in public schools, and just over 311,800 in private schools. Over 61 per cent of private students attend Catholic schools. More than 462,000 students were enrolled in primary schools and more than 390,000 in secondary schools. Retention rates for the final two years of secondary school were 77 per cent for public school students and 90 per cent for private school students. Victoria has about 63,519 full-time teachers.",IRRELEVANT,True,True,True
57269016708984140094ca41,easy,7,para:1419,Recent studies believe  that ctenophores are the sister lineage to what?,"['all other animals', 'Bilateria']","Effects of inequality researchers have found include higher rates of health and social problems, and lower rates of social goods, a lower level of economic utility in society from resources devoted on high-end consumption, and even a lower level of economic growth when human capital is neglected for high-end consumption. For the top 21 industrialised countries, counting each person equally, life expectancy is lower in more unequal countries (r = -.907). A similar relationship exists among US states (r = -.620).",IRRELEVANT,True,True,True
57269016708984140094ca41,easy,8,para:1199,Recent studies believe  that ctenophores are the sister lineage to what?,"['all other animals', 'Bilateria']","Genghis Khan, the title is spelled in variety of ways in different languages such as Mongolian Chinggis Khaan, English Chinghiz, Chinghis, and Chingiz, Chinese: 成吉思汗; pinyin: Chéngjísī Hán, Turkic: Cengiz Han, Çingiz Xan, Çingiz Han, Chingizxon, Çıñğız Xan, Chengez Khan, Chinggis Khan, Chinggis Xaan, Chingis Khan, Jenghis Khan, Chinggis Qan, Djingis Kahn, Russian: Чингисхан (Čingiskhan) or Чингиз-хан (Čingiz-khan), etc. Temüjin is written in Chinese as simplified Chinese: 铁木真; traditional Chinese: 鐵木眞; pinyin: Tiěmùzhēn.",IRRELEVANT,True,True,True
57269016708984140094ca41,easy,9,para:2,Recent studies believe  that ctenophores are the sister lineage to what?,"['all other animals', 'Bilateria']","The Broncos took an early lead in Super Bowl 50 and never trailed. Newton was limited by Denver's defense, which sacked him seven times and forced him into three turnovers, including a fumble which they recovered for a touchdown. Denver linebacker Von Miller was named Super Bowl MVP, recording five solo tackles, 2½ sacks, and two forced fumbles.",IRRELEVANT,True,True,True
57269016708984140094ca41,easy,10,para:479,Recent studies believe  that ctenophores are the sister lineage to what?,"['all other animals', 'Bilateria']","Professional sports teams in Southern California include teams from the NFL (Los Angeles Rams, San Diego Chargers); NBA (Los Angeles Lakers, Los Angeles Clippers); MLB (Los Angeles Dodgers, Los Angeles Angels of Anaheim, San Diego Padres); NHL (Los Angeles Kings, Anaheim Ducks); and MLS (LA Galaxy).",IRRELEVANT,True,True,True
57269016708984140094ca41,easy,11,para:196,Recent studies believe  that ctenophores are the sister lineage to what?,"['all other animals', 'Bilateria']","On his 50th birthday in 1906, Tesla demonstrated his 200 horsepower (150 kilowatts) 16,000 rpm bladeless turbine. During 1910–1911 at the Waterside Power Station in New York, several of his bladeless turbine engines were tested at 100–5,000 hp.",IRRELEVANT,True,True,True
57269016708984140094ca41,easy,12,para:290,Recent studies believe  that ctenophores are the sister lineage to what?,"['all other animals', 'Bilateria']","In some countries, formal education can take place through home schooling. Informal learning may be assisted by a teacher occupying a transient or ongoing role, such as a family member, or by anyone with knowledge or skills in the wider community setting.",IRRELEVANT,True,True,True
57269016708984140094ca41,easy,13,para:206,Recent studies believe  that ctenophores are the sister lineage to what?,"['all other animals', 'Bilateria']","In 1935, in an annual birthday celebration interview, Tesla announced a method of transmitting mechanical energy with minimal loss over any terrestrial distance, a related new means of communication, and a method of accurately determining the location of underground mineral deposits.",IRRELEVANT,True,True,True
57269016708984140094ca41,easy,14,para:1421,Recent studies believe  that ctenophores are the sister lineage to what?,"['all other animals', 'Bilateria']","British researchers Richard G. Wilkinson and Kate Pickett have found higher rates of health and social problems (obesity, mental illness, homicides, teenage births, incarceration, child conflict, drug use), and lower rates of social goods (life expectancy by country, educational performance, trust among strangers, women's status, social mobility, even numbers of patents issued) in countries and states with higher inequality. Using statistics from 23 developed countries and the 50 states of the US, they found social/health problems lower in countries like Japan and Finland and states like Utah and New Hampshire with high levels of equality, than in countries (US and UK) and states (Mississippi and New York) with large differences in household income.",IRRELEVANT,True,True,True
57269016708984140094ca41,easy,15,para:289,Recent studies believe  that ctenophores are the sister lineage to what?,"['all other animals', 'Bilateria']","A teacher's role may vary among cultures. Teachers may provide instruction in literacy and numeracy, craftsmanship or vocational training, the arts, religion, civics, community roles, or life skills.",IRRELEVANT,True,True,True
57269016708984140094ca41,easy,16,para:482,Recent studies believe  that ctenophores are the sister lineage to what?,"['all other animals', 'Bilateria']","Rugby is also a growing sport in southern California, particularly at the high school level, with increasing numbers of schools adding rugby as an official school sport.",IRRELEVANT,True,True,True
57269016708984140094ca41,easy,17,para:1025,Recent studies believe  that ctenophores are the sister lineage to what?,"['all other animals', 'Bilateria']","The collection of drawings includes over 10,000 British and 2,000 old master works, including works by: Dürer, Giovanni Benedetto Castiglione, Bernardo Buontalenti, Rembrandt, Antonio Verrio, Paul Sandby, John Russell, Angelica Kauffman, John Flaxman, Hugh Douglas Hamilton, Thomas Rowlandson, William Kilburn, Thomas Girtin, Jean Auguste Dominique Ingres, David Wilkie, John Martin, Samuel Palmer, Sir Edwin Henry Landseer, Lord Frederic Leighton, Sir Samuel Luke Fildes and Aubrey Beardsley. Modern British artists represented in the collection include: Paul Nash, Percy Wyndham Lewis, Eric Gill, Stanley Spencer, John Piper, Graham Sutherland, Lucian Freud and David Hockney.",IRRELEVANT,True,True,True
57269016708984140094ca41,easy,18,para:321,Recent studies believe  that ctenophores are the sister lineage to what?,"['all other animals', 'Bilateria']","In the United States especially, several high-profile cases such as Debra LaFave, Pamela Rogers, and Mary Kay Letourneau have caused increased scrutiny on teacher misconduct.",IRRELEVANT,True,True,True
57269016708984140094ca41,easy,19,para:43,Recent studies believe  that ctenophores are the sister lineage to what?,"['all other animals', 'Bilateria']","Six-time Grammy winner and Academy Award nominee Lady Gaga performed the national anthem, while Academy Award winner Marlee Matlin provided American Sign Language (ASL) translation.",IRRELEVANT,True,True,True
57269016708984140094ca41,easy,20,para:229,Recent studies believe  that ctenophores are the sister lineage to what?,"['all other animals', 'Bilateria']","Tesla was generally antagonistic towards theories about the conversion of matter into energy.:247 He was also critical of Einstein's theory of relativity, saying:",IRRELEVANT,True,True,True
57269016708984140094ca41,easy,21,para:291,Recent studies believe  that ctenophores are the sister lineage to what?,"['all other animals', 'Bilateria']","Religious and spiritual teachers, such as gurus, mullahs, rabbis, pastors/youth pastors and lamas, may teach religious texts such as the Quran, Torah or Bible.",IRRELEVANT,True,True,True
57269016708984140094ca41,easy,22,para:10,Recent studies believe  that ctenophores are the sister lineage to what?,"['all other animals', 'Bilateria']","The Panthers offense, which led the NFL in scoring (500 points), was loaded with talent, boasting six Pro Bowl selections. Pro Bowl quarterback Cam Newton had one of his best seasons, throwing for 3,837 yards and rushing for 636, while recording a career-high and league-leading 45 total touchdowns (35 passing, 10 rushing), a career-low 10 interceptions, and a career-best quarterback rating of 99.4. Newton's leading receivers were tight end Greg Olsen, who caught a career-high 77 passes for 1,104 yards and seven touchdowns, and wide receiver Ted Ginn, Jr., who caught 44 passes for 739 yards and 10 touchdowns; Ginn also rushed for 60 yards and returned 27 punts for 277 yards. Other key receivers included veteran Jerricho Cotchery (39 receptions for 485 yards), rookie Devin Funchess (31 receptions for 473 yards and five touchdowns), and second-year receiver Corey Brown (31 receptions for 447 yards). The Panthers backfield featured Pro Bowl running back Jonathan Stewart, who led the team with 989 rushing yards and six touchdowns in 13 games, along with Pro Bowl fullback Mike Tolbert, who rushed for 256 yards and caught 18 passes for another 154 yards. Carolina's offensive line also featured two Pro Bowl selections: center Ryan Kalil and guard Trai Turner.",IRRELEVANT,True,True,True
57269016708984140094ca41,easy,23,para:1535,Recent studies believe  that ctenophores are the sister lineage to what?,"['all other animals', 'Bilateria']","In business, notable alumni include Microsoft CEO Satya Nadella, Oracle Corporation founder and the third richest man in America Larry Ellison, Goldman Sachs and MF Global CEO as well as former Governor of New Jersey Jon Corzine, McKinsey & Company founder and author of the first management accounting textbook James O. McKinsey, Arley D. Cathey, Bloomberg L.P. CEO Daniel Doctoroff, Credit Suisse CEO Brady Dougan, Morningstar, Inc. founder and CEO Joe Mansueto, Chicago Cubs owner and chairman Thomas S. Ricketts, and NBA commissioner Adam Silver.",IRRELEVANT,True,True,True
57269016708984140094ca41,easy,24,para:1041,Recent studies believe  that ctenophores are the sister lineage to what?,"['all other animals', 'Bilateria']","Sculptors both British and Europeans who were based in Britain and whose work is in the collection include Nicholas Stone, Caius Gabriel Cibber, Grinling Gibbons, John Michael Rysbrack, Louis-François Roubiliac, Peter Scheemakers, Sir Henry Cheere, Agostino Carlini, Thomas Banks, Joseph Nollekens, Joseph Wilton, John Flaxman, Sir Francis Chantrey, John Gibson, Edward Hodges Baily, Lord Leighton, Alfred Stevens, Thomas Brock, Alfred Gilbert, George Frampton, and Eric Gill. A sample of some of these sculptors' work is on display in the British Galleries.",IRRELEVANT,True,True,True
57269016708984140094ca41,easy,25,para:859,Recent studies believe  that ctenophores are the sister lineage to what?,"['all other animals', 'Bilateria']","There were 158,349 households, of which 68,511 (43.3%) had children under the age of 18 living in them, 69,284 (43.8%) were opposite-sex married couples living together, 30,547 (19.3%) had a female householder with no husband present, 11,698 (7.4%) had a male householder with no wife present. There were 12,843 (8.1%) unmarried opposite-sex partnerships, and 1,388 (0.9%) same-sex married couples or partnerships. 35,064 households (22.1%) were made up of individuals and 12,344 (7.8%) had someone living alone who was 65 years of age or older. The average household size was 3.07. There were 111,529 families (70.4% of all households); the average family size was 3.62.",IRRELEVANT,True,True,True
57269016708984140094ca41,easy,26,para:1858,Recent studies believe  that ctenophores are the sister lineage to what?,"['all other animals', 'Bilateria']","Sayyid Abul Ala Maududi was an important early twentieth-century figure in the Islamic revival in India, and then after independence from Britain, in Pakistan. Trained as a lawyer he chose the profession of journalism, and wrote about contemporary issues and most importantly about Islam and Islamic law. Maududi founded the Jamaat-e-Islami party in 1941 and remained its leader until 1972. However, Maududi had much more impact through his writing than through his political organising. His extremely influential books (translated into many languages) placed Islam in a modern context, and influenced not only conservative ulema but liberal modernizer Islamists such as al-Faruqi, whose ""Islamization of Knowledge"" carried forward some of Maududi's key principles.",IRRELEVANT,True,True,True
57269016708984140094ca41,easy,27,para:285,Recent studies believe  that ctenophores are the sister lineage to what?,"['all other animals', 'Bilateria']","Earlier papers studying problems solvable by Turing machines with specific bounded resources include John Myhill's definition of linear bounded automata (Myhill 1960), Raymond Smullyan's study of rudimentary sets (1961), as well as Hisao Yamada's paper on real-time computations (1962). Somewhat earlier, Boris Trakhtenbrot (1956), a pioneer in the field from the USSR, studied another specific complexity measure. As he remembers:",IRRELEVANT,True,True,True
57269016708984140094ca41,easy,28,para:1544,Recent studies believe  that ctenophores are the sister lineage to what?,"['all other animals', 'Bilateria']","Current faculty include the anthropologist Marshall Sahlins, historian Dipesh Chakrabarty, paleontologists Neil Shubin and Paul Sereno, evolutionary biologist Jerry Coyne, Nobel prize winning physicist Yoichiro Nambu, Nobel prize winning physicist James Cronin, Nobel Prize winning economists Eugene Fama, James Heckman, Lars Peter Hansen, Roger Myerson and Robert Lucas, Jr., Freakonomics author and noted economist Steven Levitt, current governor of India's central bank Raghuram Rajan, the 74th United States Secretary of the Treasury and former Goldman Sachs Chairman and CEO Hank Paulson, former Chairman of President Barack Obama's Council of Economic Advisors Austan Goolsbee, Shakespeare scholar David Bevington, and renowned political scientists John Mearsheimer and Robert Pape.",IRRELEVANT,True,True,True
57269016708984140094ca41,easy,29,para:180,Recent studies believe  that ctenophores are the sister lineage to what?,"['all other animals', 'Bilateria']","At the beginning of 1893 Westinghouse engineer Benjamin Lamme had made great progress developing an efficient version of Tesla's induction motor and Westinghouse Electric started branding their complete polyphase phase AC system as the ""Tesla Polyphase System"", noting how they believed Tesla's patents gave them patent priority over other AC systems.",IRRELEVANT,True,True,True
57269016708984140094ca41,easy,30,para:293,Recent studies believe  that ctenophores are the sister lineage to what?,"['all other animals', 'Bilateria']","A teacher's professional duties may extend beyond formal teaching. Outside of the classroom teachers may accompany students on field trips, supervise study halls, help with the organization of school functions, and serve as supervisors for extracurricular activities. In some education systems, teachers may have responsibility for student discipline.",IRRELEVANT,True,True,True
56bf3a223aeaaa14008c9575,hard,1,para:222,"What injury did Thomas Davis suffer from repeatedly, for a total of three times, during his career?","['ACL tears', 'ACL']","Tesla read many works, memorizing complete books, and supposedly possessed a photographic memory.:33 He was a polyglot, speaking eight languages: Serbo-Croatian, Czech, English, French, German, Hungarian, Italian, and Latin.:282 Tesla related in his autobiography that he experienced detailed moments of inspiration. During his early life, Tesla was repeatedly stricken with illness. He suffered a peculiar affliction in which blinding flashes of light would appear before his eyes, often accompanied by visions.:33 Often, the visions were linked to a word or idea he might have come across; at other times they would provide the solution to a particular problem he had encountered. Just by hearing the name of an item, he would be able to envision it in realistic detail.:33 Tesla would visualize an invention in his mind with extreme precision, including all dimensions, before moving to the construction stage, a technique sometimes known as picture thinking. He typically did not make drawings by hand but worked from memory. Beginning in his childhood, Tesla had frequent flashbacks to events that had happened previously in his life.:33",IRRELEVANT,True,True,True
56bf3a223aeaaa14008c9575,hard,2,para:1364,"What injury did Thomas Davis suffer from repeatedly, for a total of three times, during his career?","['ACL tears', 'ACL']","During the divestment from South Africa movement in the late 1980s, student activists erected a symbolic ""shantytown"" on Harvard Yard and blockaded a speech given by South African Vice Consul Duke Kent-Brown. The Harvard Management Company repeatedly refused to divest, stating that ""operating expenses must not be subject to financially unrealistic strictures or carping by the unsophisticated or by special interest groups."" However, the university did eventually reduce its South African holdings by $230 million (out of $400 million) in response to the pressure.",IRRELEVANT,True,True,True
56bf3a223aeaaa14008c9575,hard,3,para:436,"What injury did Thomas Davis suffer from repeatedly, for a total of three times, during his career?","['ACL tears', 'ACL']","His poor physical health made him short-tempered and even harsher in his writings and comments. His wife Katharina was overheard saying, ""Dear husband, you are too rude,"" and he responded, ""They are teaching me to be rude."" In 1545 and 1546 Luther preached three times in the Market Church in Halle, staying with his friend Justus Jonas during Christmas.",IRRELEVANT,True,True,True
56bf3a223aeaaa14008c9575,hard,4,para:1322,"What injury did Thomas Davis suffer from repeatedly, for a total of three times, during his career?","['ACL tears', 'ACL']","Construction is one of the most dangerous occupations in the world, incurring more occupational fatalities than any other sector in both the United States and in the European Union. In 2009, the fatal occupational injury rate among construction workers in the United States was nearly three times that for all workers. Falls are one of the most common causes of fatal and non-fatal injuries among construction workers. Proper safety equipment such as harnesses and guardrails and procedures such as securing ladders and inspecting scaffolding can curtail the risk of occupational injuries in the construction industry. Other major causes of fatalities in the construction industry include electrocution, transportation accidents, and trench cave-ins.",IRRELEVANT,True,True,True
56bf3a223aeaaa14008c9575,hard,5,para:1179,"What injury did Thomas Davis suffer from repeatedly, for a total of three times, during his career?","['ACL tears', 'ACL']","In August 1227, during the fall of Yinchuan, the capital of Western Xia, Genghis Khan died. The exact cause of his death remains a mystery, and is variously attributed to being killed in action against the Western Xia, illness, falling from his horse, or wounds sustained in hunting or battle. According to The Secret History of the Mongols Genghis Khan fell from his horse while hunting and died because of the injury. He was already old and tired from his journeys. The Galician–Volhynian Chronicle alleges he was killed by the Western Xia in battle, while Marco Polo wrote that he died after the infection of an arrow wound he received during his final campaign. Later Mongol chronicles connect Genghis' death with a Western Xia princess taken as war booty. One chronicle from the early 17th century even relates the legend that the princess hid a small dagger and stabbed him, though some Mongol authors have doubted this version and suspected it to be an invention by the rival Oirads.",IRRELEVANT,True,True,True
56bf3a223aeaaa14008c9575,hard,6,para:363,"What injury did Thomas Davis suffer from repeatedly, for a total of three times, during his career?","['ACL tears', 'ACL']","Luther's writings circulated widely, reaching France, England, and Italy as early as 1519. Students thronged to Wittenberg to hear Luther speak. He published a short commentary on Galatians and his Work on the Psalms. This early part of Luther's career was one of his most creative and productive. Three of his best-known works were published in 1520: To the Christian Nobility of the German Nation, On the Babylonian Captivity of the Church, and On the Freedom of a Christian.",IRRELEVANT,True,True,True
56bf3a223aeaaa14008c9575,hard,7,para:1312,"What injury did Thomas Davis suffer from repeatedly, for a total of three times, during his career?","['ACL tears', 'ACL']","Construction projects can suffer from preventable financial problems. Underbids happen when builders ask for too little money to complete the project. Cash flow problems exist when the present amount of funding cannot cover the current costs for labour and materials, and because they are a matter of having sufficient funds at a specific time, can arise even when the overall total is enough. Fraud is a problem in many fields, but is notoriously prevalent in the construction field. Financial planning for the project is intended to ensure that a solid plan with adequate safeguards and contingency plans are in place before the project is started and is required to ensure that the plan is properly executed over the life of the project.",IRRELEVANT,True,True,True
56bf3a223aeaaa14008c9575,hard,8,para:187,"What injury did Thomas Davis suffer from repeatedly, for a total of three times, during his career?","['ACL tears', 'ACL']","Tesla investigated atmospheric electricity, observing lightning signals via his receivers. He stated that he observed stationary waves during this time. The great distances and the nature of what Tesla was detecting from lightning storms confirmed his belief that the earth had a resonant frequency.",IRRELEVANT,True,True,True
56bf3a223aeaaa14008c9575,hard,9,para:426,"What injury did Thomas Davis suffer from repeatedly, for a total of three times, during his career?","['ACL tears', 'ACL']","Luther wrote about the Jews throughout his career, though only a few of his works dealt with them directly. Luther rarely encountered Jews during his life, but his attitudes reflected a theological and cultural tradition which saw Jews as a rejected people guilty of the murder of Christ, and he lived within a local community that had expelled Jews some ninety years earlier. He considered the Jews blasphemers and liars because they rejected the divinity of Jesus, whereas Christians believed Jesus was the Messiah. But Luther believed that all human beings who set themselves against God were equally guilty. As early as 1516, he wrote that many people ""are proud with marvelous stupidity when they call the Jews dogs, evildoers, or whatever they like, while they too, and equally, do not realize who or what they are in the sight of God"". In 1523, Luther advised kindness toward the Jews in That Jesus Christ was Born a Jew and also aimed to convert them to Christianity. When his efforts at conversion failed, he grew increasingly bitter toward them. In his 2010 book Bonhoeffer: Pastor, Martyr, Prophet, Spy, Christian author Eric Metaxas claimed that Luther's attitude towards Jews ""unraveled along with his health.""",IRRELEVANT,True,True,True
56bf3a223aeaaa14008c9575,hard,10,para:435,"What injury did Thomas Davis suffer from repeatedly, for a total of three times, during his career?","['ACL tears', 'ACL']","Luther had been suffering from ill health for years, including Ménière's disease, vertigo, fainting, tinnitus, and a cataract in one eye. From 1531 to 1546, his health deteriorated further. The years of struggle with Rome, the antagonisms with and among his fellow reformers, and the scandal which ensued from the bigamy of the Philip of Hesse incident, in which Luther had played a leading role, all may have contributed. In 1536, he began to suffer from kidney and bladder stones, and arthritis, and an ear infection ruptured an ear drum. In December 1544, he began to feel the effects of angina.",IRRELEVANT,True,True,True
56bf3a223aeaaa14008c9575,hard,11,para:189,"What injury did Thomas Davis suffer from repeatedly, for a total of three times, during his career?","['ACL tears', 'ACL']","While experimenting, Tesla inadvertently faulted a power station generator, causing a power outage. In August 1917, Tesla explained what had happened in The Electrical Experimenter: ""As an example of what has been done with several hundred kilowatts of high frequency energy liberated, it was found that the dynamos in a power house six miles away were repeatedly burned out, due to the powerful high frequency currents set up in them, and which caused heavy sparks to jump through the windings and destroy the insulation!""",IRRELEVANT,True,True,True
56bf3a223aeaaa14008c9575,hard,12,para:1861,"What injury did Thomas Davis suffer from repeatedly, for a total of three times, during his career?","['ACL tears', 'ACL']","Some elements of the Brotherhood, though perhaps against orders, did engage in violence against the government, and its founder Al-Banna was assassinated in 1949 in retaliation for the assassination of Egypt's premier Mahmud Fami Naqrashi three months earlier. The Brotherhood has suffered periodic repression in Egypt and has been banned several times, in 1948 and several years later following confrontations with Egyptian president Gamal Abdul Nasser, who jailed thousands of members for several years.",IRRELEVANT,True,True,True
56bf3a223aeaaa14008c9575,hard,13,para:319,"What injury did Thomas Davis suffer from repeatedly, for a total of three times, during his career?","['ACL tears', 'ACL']","Misconduct by teachers, especially sexual misconduct, has been getting increased scrutiny from the media and the courts. A study by the American Association of University Women reported that 9.6% of students in the United States claim to have received unwanted sexual attention from an adult associated with education; be they a volunteer, bus driver, teacher, administrator or other adult; sometime during their educational career.",IRRELEVANT,True,True,True
56bf3a223aeaaa14008c9575,hard,14,para:77,"What injury did Thomas Davis suffer from repeatedly, for a total of three times, during his career?","['ACL tears', 'ACL']","In 1529, Warsaw for the first time became the seat of the General Sejm, permanent from 1569. In 1573 the city gave its name to the Warsaw Confederation, formally establishing religious freedom in the Polish–Lithuanian Commonwealth. Due to its central location between the Commonwealth's capitals of Kraków and Vilnius, Warsaw became the capital of the Commonwealth and the Crown of the Kingdom of Poland when King Sigismund III Vasa moved his court from Kraków to Warsaw in 1596. In the following years the town expanded towards the suburbs. Several private independent districts were established, the property of aristocrats and the gentry, which were ruled by their own laws. Three times between 1655–1658 the city was under siege and three times it was taken and pillaged by the Swedish, Brandenburgian and Transylvanian forces.",IRRELEVANT,True,True,True
56bf3a223aeaaa14008c9575,hard,15,para:1811,"What injury did Thomas Davis suffer from repeatedly, for a total of three times, during his career?","['ACL tears', 'ACL']","Under the terms of the Scotland Act 1978, an elected assembly would be set up in Edinburgh provided that the majority of the Scottish electorate voted for it in a referendum to be held on 1 March 1979 that represented at least 40% of the total electorate. The 1979 Scottish devolution referendum to establish a devolved Scottish Assembly failed. Although the vote was 51.6% in favour of a Scottish Assembly, this figure did not equal the 40% of the total electorate threshold deemed necessary to pass the measure, as 32.9% of the eligible voting population did not, or had been unable to, vote.",IRRELEVANT,True,True,True
56bf3a223aeaaa14008c9575,hard,16,para:1261,"What injury did Thomas Davis suffer from repeatedly, for a total of three times, during his career?","['ACL tears', 'ACL']","In contrast, during wake periods differentiated effector cells, such as cytotoxic natural killer cells and CTLs (cytotoxic T lymphocytes), peak in order to elicit an effective response against any intruding pathogens. As well during awake active times, anti-inflammatory molecules, such as cortisol and catecholamines, peak. There are two theories as to why the pro-inflammatory state is reserved for sleep time. First, inflammation would cause serious cognitive and physical impairments if it were to occur during wake times. Second, inflammation may occur during sleep times due to the presence of melatonin. Inflammation causes a great deal of oxidative stress and the presence of melatonin during sleep times could actively counteract free radical production during this time.",IRRELEVANT,True,True,True
56bf3a223aeaaa14008c9575,hard,17,para:157,"What injury did Thomas Davis suffer from repeatedly, for a total of three times, during his career?","['ACL tears', 'ACL']","In 1875, Tesla enrolled at Austrian Polytechnic in Graz, Austria, on a Military Frontier scholarship. During his first year, Tesla never missed a lecture, earned the highest grades possible, passed nine exams (nearly twice as many required), started a Serbian culture club, and even received a letter of commendation from the dean of the technical faculty to his father, which stated, ""Your son is a star of first rank."" Tesla claimed that he worked from 3 a.m. to 11 p.m., no Sundays or holidays excepted. He was ""mortified when [his] father made light of [those] hard won honors."" After his father's death in 1879, Tesla found a package of letters from his professors to his father, warning that unless he were removed from the school, Tesla would be killed through overwork. During his second year, Tesla came into conflict with Professor Poeschl over the Gramme dynamo, when Tesla suggested that commutators weren't necessary. At the end of his second year, Tesla lost his scholarship and became addicted to gambling. During his third year, Tesla gambled away his allowance and his tuition money, later gambling back his initial losses and returning the balance to his family. Tesla said that he ""conquered [his] passion then and there,"" but later he was known to play billiards in the US. When exam time came, Tesla was unprepared and asked for an extension to study, but was denied. He never graduated from the university and did not receive grades for the last semester.",IRRELEVANT,True,True,True
56bf3a223aeaaa14008c9575,hard,18,para:939,"What injury did Thomas Davis suffer from repeatedly, for a total of three times, during his career?","['ACL tears', 'ACL']","Throughout the Middle Ages, Newcastle was England's northern fortress. Incorporated first by Henry II, the city had a new charter granted by Elizabeth in 1589. A 25-foot (7.6 m) high stone wall was built around the town in the 13th century, to defend it from invaders during the Border war against Scotland. The Scots king William the Lion was imprisoned in Newcastle in 1174, and Edward I brought the Stone of Scone and William Wallace south through the town. Newcastle was successfully defended against the Scots three times during the 14th century, and was created a county corporate with its own sheriff by Henry IV in 1400.",IRRELEVANT,True,True,True
56bf3a223aeaaa14008c9575,hard,19,para:355,"What injury did Thomas Davis suffer from repeatedly, for a total of three times, during his career?","['ACL tears', 'ACL']","On 19 October 1512, he was awarded his Doctor of Theology and, on 21 October 1512, was received into the senate of the theological faculty of the University of Wittenberg, having been called to the position of Doctor in Bible. He spent the rest of his career in this position at the University of Wittenberg.",IRRELEVANT,True,True,True
56bf3a223aeaaa14008c9575,hard,20,para:908,"What injury did Thomas Davis suffer from repeatedly, for a total of three times, during his career?","['ACL tears', 'ACL']","In 1466, perhaps 40,000 people died of the plague in Paris. During the 16th and 17th centuries, the plague was present in Paris around 30 per cent of the time. The Black Death ravaged Europe for three years before it continued on into Russia, where the disease was present somewhere in the country 25 times between 1350 to 1490. Plague epidemics ravaged London in 1563, 1593, 1603, 1625, 1636, and 1665, reducing its population by 10 to 30% during those years. Over 10% of Amsterdam's population died in 1623–25, and again in 1635–36, 1655, and 1664. Plague occurred in Venice 22 times between 1361 and 1528. The plague of 1576–77 killed 50,000 in Venice, almost a third of the population. Late outbreaks in central Europe included the Italian Plague of 1629–1631, which is associated with troop movements during the Thirty Years' War, and the Great Plague of Vienna in 1679. Over 60% of Norway's population died in 1348–50. The last plague outbreak ravaged Oslo in 1654.",IRRELEVANT,True,True,True
56bf3a223aeaaa14008c9575,hard,21,para:888,"What injury did Thomas Davis suffer from repeatedly, for a total of three times, during his career?","['ACL tears', 'ACL']","The Black Death is thought to have originated in the arid plains of Central Asia, where it then travelled along the Silk Road, reaching Crimea by 1343. From there, it was most likely carried by Oriental rat fleas living on the black rats that were regular passengers on merchant ships. Spreading throughout the Mediterranean and Europe, the Black Death is estimated to have killed 30–60% of Europe's total population. In total, the plague reduced the world population from an estimated 450 million down to 350–375 million in the 14th century. The world population as a whole did not recover to pre-plague levels until the 17th century. The plague recurred occasionally in Europe until the 19th century.",IRRELEVANT,True,True,True
56bf3a223aeaaa14008c9575,hard,22,para:60,"What injury did Thomas Davis suffer from repeatedly, for a total of three times, during his career?","['ACL tears', 'ACL']","Like many cities in Central and Eastern Europe, infrastructure in Warsaw suffered considerably during its time as an Eastern Bloc economy – though it is worth mentioning that the initial Three-Year Plan to rebuild Poland (especially Warsaw) was a major success, but what followed was very much the opposite. However, over the past decade Warsaw has seen many improvements due to solid economic growth, an increase in foreign investment as well as funding from the European Union. In particular, the city's metro, roads, sidewalks, health care facilities and sanitation facilities have improved markedly.",IRRELEVANT,True,True,True
56bf3a223aeaaa14008c9575,hard,23,para:1921,"What injury did Thomas Davis suffer from repeatedly, for a total of three times, during his career?","['ACL tears', 'ACL']","One key figure in the plans for what would come to be known as American Empire, was a geographer named Isiah Bowman. Bowman was the director of the American Geographical Society in 1914. Three years later in 1917, he was appointed to then President Woodrow Wilson's inquiry in 1917. The inquiry was the idea of President Wilson and the American delegation from the Paris Peace Conference. The point of this inquiry was to build a premise that would allow for U.S authorship of a 'new world' which was to be characterized by geographical order. As a result of his role in the inquiry, Isiah Bowman would come to be known as Wilson's geographer.",IRRELEVANT,True,True,True
56bf3a223aeaaa14008c9575,hard,24,para:528,"What injury did Thomas Davis suffer from repeatedly, for a total of three times, during his career?","['ACL tears', 'ACL']","During 2003–04, the gross value of Victorian agricultural production increased by 17% to $8.7 billion. This represented 24% of national agricultural production total gross value. As of 2004, an estimated 32,463 farms occupied around 136,000 square kilometres (52,500 sq mi) of Victorian land. This comprises more than 60% of the state's total land surface. Victorian farms range from small horticultural outfits to large-scale livestock and grain productions. A quarter of farmland is used to grow consumable crops.",IRRELEVANT,True,True,True
56bf3a223aeaaa14008c9575,hard,25,para:1182,"What injury did Thomas Davis suffer from repeatedly, for a total of three times, during his career?","['ACL tears', 'ACL']","On October 6, 2004, a joint Japanese-Mongolian archaeological dig uncovered what is believed to be Genghis Khan's palace in rural Mongolia, which raises the possibility of actually locating the ruler's long-lost burial site. Folklore says that a river was diverted over his grave to make it impossible to find (the same manner of burial as the Sumerian King Gilgamesh of Uruk and Atilla the Hun). Other tales state that his grave was stampeded over by many horses, and that trees were then planted over the site, and the permafrost also did its part in hiding the burial site.",IRRELEVANT,True,True,True
56bf3a223aeaaa14008c9575,hard,26,para:1935,"What injury did Thomas Davis suffer from repeatedly, for a total of three times, during his career?","['ACL tears', 'ACL']","Some argue that The United Methodist Church can lay a claim on apostolic succession, as understood in the traditional sense. As a result of the American Revolution, John Wesley was compelled in 1784 to break with standard practice and ordain two of his lay preachers as presbyters, Thomas Vasey and Richard Whatcoat. Dr. Thomas Coke, already an Anglican priest, assisted Wesley in this action. Coke was then ""set apart"" as a superintendent (bishop) by Wesley and dispatched with Vasey and Whatcoat to America to take charge of Methodist activities there. In defense of his action to ordain, Wesley himself cited an ancient opinion from the Church of Alexandria, which held that bishops and presbyters constituted one order and therefore, bishops are to be elected from and by the presbyterate. He knew that for two centuries the succession of bishops in the Church of Alexandria was preserved through ordination by presbyters alone and was considered valid by the ancient church. Methodists today who would argue for apostolic succession would do so on these grounds.",IRRELEVANT,True,True,True
56bf3a223aeaaa14008c9575,hard,27,para:1456,"What injury did Thomas Davis suffer from repeatedly, for a total of three times, during his career?","['ACL tears', 'ACL']","A BBC audience research survey conducted in 1972 found that, by their own definition of violence (""any act[s] which may cause physical and/or psychological injury, hurt or death to persons, animals or property, whether intentional or accidental"") Doctor Who was the most violent of the drama programmes the corporation produced at the time. The same report found that 3% of the surveyed audience regarded the show as ""very unsuitable"" for family viewing. Responding to the findings of the survey in The Times newspaper, journalist Philip Howard maintained that, ""to compare the violence of Dr Who, sired by a horse-laugh out of a nightmare, with the more realistic violence of other television series, where actors who look like human beings bleed paint that looks like blood, is like comparing Monopoly with the property market in London: both are fantasies, but one is meant to be taken seriously.""",IRRELEVANT,True,True,True
56bf3a223aeaaa14008c9575,hard,28,para:177,"What injury did Thomas Davis suffer from repeatedly, for a total of three times, during his career?","['ACL tears', 'ACL']","Starting in 1894, Tesla began investigating what he referred to as radiant energy of ""invisible"" kinds after he had noticed damaged film in his laboratory in previous experiments (later identified as ""Roentgen rays"" or ""X-Rays""). His early experiments were with Crookes tubes, a cold cathode electrical discharge tube. Soon after, much of Tesla's early research—hundreds of invention models, plans, notes, laboratory data, tools, photographs, valued at $50,000—was lost in the 5th Avenue laboratory fire of March 1895. Tesla is quoted by The New York Times as saying, ""I am in too much grief to talk. What can I say?"" Tesla may have inadvertently captured an X-ray image—predating, by a few weeks, Wilhelm Röntgen's December 1895 announcement of the discovery of x-rays—when he tried to photograph Mark Twain illuminated by a Geissler tube, an earlier type of gas discharge tube. The only thing captured in the image was the metal locking screw on the camera lens.:134",IRRELEVANT,True,True,True
56bf3a223aeaaa14008c9575,hard,29,para:155,"What injury did Thomas Davis suffer from repeatedly, for a total of three times, during his career?","['ACL tears', 'ACL']","In 1873, Tesla returned to his birthtown, Smiljan. Shortly after he arrived, Tesla contracted cholera; he was bedridden for nine months and was near death multiple times. Tesla's father, in a moment of despair, promised to send him to the best engineering school if he recovered from the illness (his father had originally wanted him to enter the priesthood).",IRRELEVANT,True,True,True
56bf3a223aeaaa14008c9575,hard,30,para:455,"What injury did Thomas Davis suffer from repeatedly, for a total of three times, during his career?","['ACL tears', 'ACL']","Subsequently, Californios (dissatisfied with inequitable taxes and land laws) and pro-slavery southerners in the lightly populated ""Cow Counties"" of southern California attempted three times in the 1850s to achieve a separate statehood or territorial status separate from Northern California. The last attempt, the Pico Act of 1859, was passed by the California State Legislature and signed by the State governor John B. Weller. It was approved overwhelmingly by nearly 75% of voters in the proposed Territory of Colorado. This territory was to include all the counties up to the then much larger Tulare County (that included what is now Kings, most of Kern, and part of Inyo counties) and San Luis Obispo County. The proposal was sent to Washington, D.C. with a strong advocate in Senator Milton Latham. However, the secession crisis following the election of Abraham Lincoln in 1860 led to the proposal never coming to a vote.",IRRELEVANT,True,True,True
56bf3a223aeaaa14008c9575,easy,1,para:1377,"What injury did Thomas Davis suffer from repeatedly, for a total of three times, during his career?","['ACL tears', 'ACL']","Other: Civil rights leader W. E. B. Du Bois; philosopher Henry David Thoreau; authors Ralph Waldo Emerson and William S. Burroughs; educators Werner Baer, Harlan Hanson; poets Wallace Stevens, T. S. Eliot and E. E. Cummings; conductor Leonard Bernstein; cellist Yo Yo Ma; pianist and composer Charlie Albright; composer John Alden Carpenter; comedian, television show host and writer Conan O'Brien; actors Tatyana Ali, Nestor Carbonell, Matt Damon, Fred Gwynne, Hill Harper, Rashida Jones, Tommy Lee Jones, Ashley Judd, Jack Lemmon, Natalie Portman, Mira Sorvino, Elisabeth Shue, and Scottie Thompson; film directors Darren Aronofsky, Terrence Malick, Mira Nair, and Whit Stillman; architect Philip Johnson; musicians Rivers Cuomo, Tom Morello, and Gram Parsons; musician, producer and composer Ryan Leslie; serial killer Ted Kaczynski; programmer and activist Richard Stallman; NFL quarterback Ryan Fitzpatrick; NFL center Matt Birk; NBA player Jeremy Lin; US Ski Team skier Ryan Max Riley; physician Sachin H. Jain; physicist J. Robert Oppenheimer; computer pioneer and inventor An Wang; Tibetologist George de Roerich; and Marshall Admiral Isoroku Yamamoto.",IRRELEVANT,True,True,True
56bf3a223aeaaa14008c9575,easy,2,para:291,"What injury did Thomas Davis suffer from repeatedly, for a total of three times, during his career?","['ACL tears', 'ACL']","Religious and spiritual teachers, such as gurus, mullahs, rabbis, pastors/youth pastors and lamas, may teach religious texts such as the Quran, Torah or Bible.",IRRELEVANT,True,True,True
56bf3a223aeaaa14008c9575,easy,3,para:321,"What injury did Thomas Davis suffer from repeatedly, for a total of three times, during his career?","['ACL tears', 'ACL']","In the United States especially, several high-profile cases such as Debra LaFave, Pamela Rogers, and Mary Kay Letourneau have caused increased scrutiny on teacher misconduct.",IRRELEVANT,True,True,True
56bf3a223aeaaa14008c9575,easy,4,para:470,"What injury did Thomas Davis suffer from repeatedly, for a total of three times, during his career?","['ACL tears', 'ACL']","Southern California is home to many major business districts. Central business districts (CBD) include Downtown Los Angeles, Downtown San Diego, Downtown San Bernardino, Downtown Bakersfield, South Coast Metro and Downtown Riverside.",IRRELEVANT,True,True,True
56bf3a223aeaaa14008c9575,easy,5,para:475,"What injury did Thomas Davis suffer from repeatedly, for a total of three times, during his career?","['ACL tears', 'ACL']","Southern California is home to Los Angeles International Airport, the second-busiest airport in the United States by passenger volume (see World's busiest airports by passenger traffic) and the third by international passenger volume (see Busiest airports in the United States by international passenger traffic); San Diego International Airport the busiest single runway airport in the world; Van Nuys Airport, the world's busiest general aviation airport; major commercial airports at Orange County, Bakersfield, Ontario, Burbank and Long Beach; and numerous smaller commercial and general aviation airports.",IRRELEVANT,True,True,True
56bf3a223aeaaa14008c9575,easy,6,para:1831,"What injury did Thomas Davis suffer from repeatedly, for a total of three times, during his career?","['ACL tears', 'ACL']","The specific devolved matters are all subjects which are not explicitly stated in Schedule 5 to the Scotland Act as reserved matters. All matters that are not specifically reserved are automatically devolved to the Scottish Parliament. Most importantly, this includes agriculture, fisheries and forestry, economic development, education, environment, food standards, health, home affairs, Scots law – courts, police and fire services, local government, sport and the arts, transport, training, tourism, research and statistics and social work. The Scottish Parliament has the ability to alter income tax in Scotland by up to 3 pence in the pound. The 2012 Act conferred further fiscal devolution including borrowing powers and some other unconnected matters such as setting speed limits and control of air guns.",IRRELEVANT,True,True,True
56bf3a223aeaaa14008c9575,easy,7,para:1721,"What injury did Thomas Davis suffer from repeatedly, for a total of three times, during his career?","['ACL tears', 'ACL']","While photosystem II photolyzes water to obtain and energize new electrons, photosystem I simply reenergizes depleted electrons at the end of an electron transport chain. Normally, the reenergized electrons are taken by NADP+, though sometimes they can flow back down more H+-pumping electron transport chains to transport more hydrogen ions into the thylakoid space to generate more ATP. This is termed cyclic photophosphorylation because the electrons are recycled. Cyclic photophosphorylation is common in C4 plants, which need more ATP than NADPH.",IRRELEVANT,True,True,True
56bf3a223aeaaa14008c9575,easy,8,para:1106,"What injury did Thomas Davis suffer from repeatedly, for a total of three times, during his career?","['ACL tears', 'ACL']","Also part of the library is the aforementioned Selznick library, the Cinerama Productions/Palomar theatrical library and the Selmur Productions catalog that the network acquired some years back, and the in-house productions it continues to produce (such as America's Funniest Home Videos, General Hospital, and ABC News productions), although Disney–ABC Domestic Television (formerly known as Buena Vista Television) handles domestic television distribution, while Disney–ABC International Television (formerly known as Buena Vista International Television) handles international television distribution.",IRRELEVANT,True,True,True
56bf3a223aeaaa14008c9575,easy,9,para:952,"What injury did Thomas Davis suffer from repeatedly, for a total of three times, during his career?","['ACL tears', 'ACL']","Other shopping destinations in Newcastle include Grainger Street and the area around Grey's Monument, the relatively modern Eldon Garden and Monument Mall complexes, the Newgate Centre, Central Arcade and the traditional Grainger Market. Outside the city centre, the largest suburban shopping areas are Gosforth and Byker. The largest Tesco store in the United Kingdom is located in Kingston Park on the edge of Newcastle. Close to Newcastle, the largest indoor shopping centre in Europe, the MetroCentre, is located in Gateshead.",IRRELEVANT,True,True,True
56bf3a223aeaaa14008c9575,easy,10,para:1199,"What injury did Thomas Davis suffer from repeatedly, for a total of three times, during his career?","['ACL tears', 'ACL']","Genghis Khan, the title is spelled in variety of ways in different languages such as Mongolian Chinggis Khaan, English Chinghiz, Chinghis, and Chingiz, Chinese: 成吉思汗; pinyin: Chéngjísī Hán, Turkic: Cengiz Han, Çingiz Xan, Çingiz Han, Chingizxon, Çıñğız Xan, Chengez Khan, Chinggis Khan, Chinggis Xaan, Chingis Khan, Jenghis Khan, Chinggis Qan, Djingis Kahn, Russian: Чингисхан (Čingiskhan) or Чингиз-хан (Čingiz-khan), etc. Temüjin is written in Chinese as simplified Chinese: 铁木真; traditional Chinese: 鐵木眞; pinyin: Tiěmùzhēn.",IRRELEVANT,True,True,True
56bf3a223aeaaa14008c9575,easy,11,para:279,"What injury did Thomas Davis suffer from repeatedly, for a total of three times, during his career?","['ACL tears', 'ACL']","Along the same lines, co-NP is the class containing the complement problems (i.e. problems with the yes/no answers reversed) of NP problems. It is believed that NP is not equal to co-NP; however, it has not yet been proven. It has been shown that if these two complexity classes are not equal then P is not equal to NP.",IRRELEVANT,True,True,True
56bf3a223aeaaa14008c9575,easy,12,para:325,"What injury did Thomas Davis suffer from repeatedly, for a total of three times, during his career?","['ACL tears', 'ACL']","There are several ways to mitigate the occupational hazards of teaching. Organizational interventions, like changing teachers' schedules, providing support networks and mentoring, changing the work environment, and offering promotions and bonuses, may be effective in helping to reduce occupational stress among teachers. Individual-level interventions, including stress-management training and counseling, are also used to relieve occupational stress among teachers.",IRRELEVANT,True,True,True
56bf3a223aeaaa14008c9575,easy,13,para:280,"What injury did Thomas Davis suffer from repeatedly, for a total of three times, during his career?","['ACL tears', 'ACL']","Similarly, it is not known if L (the set of all problems that can be solved in logarithmic space) is strictly contained in P or equal to P. Again, there are many complexity classes between the two, such as NL and NC, and it is not known if they are distinct or equal classes.",IRRELEVANT,True,True,True
56bf3a223aeaaa14008c9575,easy,14,para:447,"What injury did Thomas Davis suffer from repeatedly, for a total of three times, during his career?","['ACL tears', 'ACL']","To the east is the Colorado Desert and the Colorado River at the border with Arizona, and the Mojave Desert at the border with the state of Nevada. To the south is the Mexico–United States border.",IRRELEVANT,True,True,True
56bf3a223aeaaa14008c9575,easy,15,para:1909,"What injury did Thomas Davis suffer from repeatedly, for a total of three times, during his career?","['ACL tears', 'ACL']","France took control of Algeria in 1830 but began in earnest to rebuild its worldwide empire after 1850, concentrating chiefly in North and West Africa, as well as South-East Asia, with other conquests in Central and East Africa, as well as the South Pacific. Republicans, at first hostile to empire, only became supportive when Germany started to build her own colonial empire. As it developed, the new empire took on roles of trade with France, supplying raw materials and purchasing manufactured items, as well as lending prestige to the motherland and spreading French civilization and language as well as Catholicism. It also provided crucial manpower in both World Wars.",IRRELEVANT,True,True,True
56bf3a223aeaaa14008c9575,easy,16,para:449,"What injury did Thomas Davis suffer from repeatedly, for a total of three times, during his career?","['ACL tears', 'ACL']","Its counties of Los Angeles, Orange, San Diego, San Bernardino, and Riverside are the five most populous in the state and all are in the top 15 most populous counties in the United States.",IRRELEVANT,True,True,True
56bf3a223aeaaa14008c9575,easy,17,para:1468,"What injury did Thomas Davis suffer from repeatedly, for a total of three times, during his career?","['ACL tears', 'ACL']","Additionally, multiple Doctors have returned in new adventures together in audio dramas based on the series. Peter Davison, Colin Baker and Sylvester McCoy appeared together in the 1999 audio adventure The Sirens of Time. To celebrate the 40th anniversary in 2003, an audio drama titled Zagreus featuring Paul McGann, Colin Baker, Sylvester McCoy and Peter Davison was released with additional archive recordings of Jon Pertwee. Again in 2003, Colin Baker and Sylvester McCoy appeared together in the audio adventure Project: Lazarus. In 2010, Peter Davison, Colin Baker, Sylvester McCoy and Paul McGann came together again to star in the audio drama The Four Doctors.",IRRELEVANT,True,True,True
56bf3a223aeaaa14008c9575,easy,18,para:265,"What injury did Thomas Davis suffer from repeatedly, for a total of three times, during his career?","['ACL tears', 'ACL']",Many important complexity classes can be defined by bounding the time or space used by the algorithm. Some important complexity classes of decision problems defined in this manner are the following:,IRRELEVANT,True,True,True
56bf3a223aeaaa14008c9575,easy,19,para:59,"What injury did Thomas Davis suffer from repeatedly, for a total of three times, during his career?","['ACL tears', 'ACL']","Another important library – the University Library, founded in 1816, is home to over two million items. The building was designed by architects Marek Budzyński and Zbigniew Badowski and opened on 15 December 1999. It is surrounded by green. The University Library garden, designed by Irena Bajerska, was opened on 12 June 2002. It is one of the largest and most beautiful roof gardens in Europe with an area of more than 10,000 m2 (107,639.10 sq ft), and plants covering 5,111 m2 (55,014.35 sq ft). As the university garden it is open to the public every day.",IRRELEVANT,True,True,True
56bf3a223aeaaa14008c9575,easy,20,para:502,"What injury did Thomas Davis suffer from repeatedly, for a total of three times, during his career?","['ACL tears', 'ACL']","BSkyB's direct-to-home satellite service became available in 10 million homes in 2010, Europe's first pay-TV platform in to achieve that milestone. Confirming it had reached its target, the broadcaster said its reach into 36% of households in the UK represented an audience of more than 25m people. The target was first announced in August 2004, since then an additional 2.4m customers had subscribed to BSkyB's direct-to-home service. Media commentators had debated whether the figure could be reached as the growth in subscriber numbers elsewhere in Europe flattened.",IRRELEVANT,True,True,True
56bf3a223aeaaa14008c9575,easy,21,para:472,"What injury did Thomas Davis suffer from repeatedly, for a total of three times, during his career?","['ACL tears', 'ACL']","The San Bernardino-Riverside area maintains the business districts of Downtown San Bernardino, Hospitality Business/Financial Centre, University Town which are in San Bernardino and Downtown Riverside.",IRRELEVANT,True,True,True
56bf3a223aeaaa14008c9575,easy,22,para:62,"What injury did Thomas Davis suffer from repeatedly, for a total of three times, during his career?","['ACL tears', 'ACL']","Thanks to numerous musical venues, including the Teatr Wielki, the Polish National Opera, the Chamber Opera, the National Philharmonic Hall and the National Theatre, as well as the Roma and Buffo music theatres and the Congress Hall in the Palace of Culture and Science, Warsaw hosts many events and festivals. Among the events worth particular attention are: the International Frédéric Chopin Piano Competition, the International Contemporary Music Festival Warsaw Autumn, the Jazz Jamboree, Warsaw Summer Jazz Days, the International Stanisław Moniuszko Vocal Competition, the Mozart Festival, and the Festival of Old Music.",IRRELEVANT,True,True,True
56bf3a223aeaaa14008c9575,easy,23,para:988,"What injury did Thomas Davis suffer from repeatedly, for a total of three times, during his career?","['ACL tears', 'ACL']","Musicians Eric Burdon, Sting, Mark Knopfler, Alan Hull, Cheryl Cole and Neil Tennant lived in Newcastle. Hank Marvin and Bruce Welch were both former pupils of Rutherford Grammar School, actors Charlie Hunnam and James Scott, entertainers Ant and Dec and international footballers Michael Carrick and Alan Shearer were born in Newcastle. Multiple circumnavigator David Scott Cowper, Nobel Prize winning physicist Peter Higgs, and former WWE NXT champion Neville were born in the city. John Dunn, inventor of keyed Northumbrian smallpipes, the most characteristic musical instrument in the region, lived and worked in the city.",IRRELEVANT,True,True,True
56bf3a223aeaaa14008c9575,easy,24,para:1933,"What injury did Thomas Davis suffer from repeatedly, for a total of three times, during his career?","['ACL tears', 'ACL']","On April 23, 1968, the United Methodist Church was created when the Evangelical United Brethren Church (represented by Bishop Reuben H. Mueller) and The Methodist Church (represented by Bishop Lloyd Christ Wicke) joined hands at the constituting General Conference in Dallas, Texas. With the words, ""Lord of the Church, we are united in Thee, in Thy Church and now in The United Methodist Church"" the new denomination was given birth by the two churches that had distinguished histories and influential ministries in various parts of the world.",IRRELEVANT,True,True,True
56bf3a223aeaaa14008c9575,easy,25,para:829,"What injury did Thomas Davis suffer from repeatedly, for a total of three times, during his career?","['ACL tears', 'ACL']","When some species, including Bathyctena chuni, Euplokamis stationis and Eurhamphaea vexilligera, are disturbed, they produce secretions (ink) that luminesce at much the same wavelengths as their bodies. Juveniles will luminesce more brightly in relation to their body size than adults, whose luminescence is diffused over their bodies. Detailed statistical investigation has not suggested the function of ctenophores' bioluminescence nor produced any correlation between its exact color and any aspect of the animals' environments, such as depth or whether they live in coastal or mid-ocean waters.",IRRELEVANT,True,True,True
56bf3a223aeaaa14008c9575,easy,26,para:1007,"What injury did Thomas Davis suffer from repeatedly, for a total of three times, during his career?","['ACL tears', 'ACL']","Not only are all the major British architects of the last four hundred years represented, but many European (especially Italian) and American architects' drawings are held in the collection. The RIBA's holdings of over 330 drawings by Andrea Palladio are the largest in the world, other Europeans well represented are Jacques Gentilhatre and Antonio Visentini. British architects whose drawings, and in some cases models of their buildings, in the collection, include: Inigo Jones, Sir Christopher Wren, Sir John Vanbrugh, Nicholas Hawksmoor, William Kent, James Gibbs, Robert Adam, Sir William Chambers, James Wyatt, Henry Holland, John Nash, Sir John Soane, Sir Charles Barry, Charles Robert Cockerell, Augustus Welby Northmore Pugin, Sir George Gilbert Scott, John Loughborough Pearson, George Edmund Street, Richard Norman Shaw, Alfred Waterhouse, Sir Edwin Lutyens, Charles Rennie Mackintosh, Charles Holden, Frank Hoar, Lord Richard Rogers, Lord Norman Foster, Sir Nicholas Grimshaw, Zaha Hadid and Alick Horsnell.",IRRELEVANT,True,True,True
56bf3a223aeaaa14008c9575,easy,27,para:927,"What injury did Thomas Davis suffer from repeatedly, for a total of three times, during his career?","['ACL tears', 'ACL']","Petrologists can also use fluid inclusion data and perform high temperature and pressure physical experiments to understand the temperatures and pressures at which different mineral phases appear, and how they change through igneous and metamorphic processes. This research can be extrapolated to the field to understand metamorphic processes and the conditions of crystallization of igneous rocks. This work can also help to explain processes that occur within the Earth, such as subduction and magma chamber evolution.",IRRELEVANT,True,True,True
56bf3a223aeaaa14008c9575,easy,28,para:1027,"What injury did Thomas Davis suffer from repeatedly, for a total of three times, during his career?","['ACL tears', 'ACL']","In 2002, the Museum acquired the Costiff collection of 178 Vivienne Westwood costumes. Other famous designers with work in the collection include Coco Chanel, Hubert de Givenchy, Christian Dior, Cristóbal Balenciaga, Yves Saint Laurent, Guy Laroche, Irene Galitzine, Mila Schön, Valentino Garavani, Norman Norell, Norman Hartnell, Zandra Rhodes, Hardy Amies, Mary Quant, Christian Lacroix, Jean Muir and Pierre Cardin. The museum continues to acquire examples of modern fashion to add to the collection.",IRRELEVANT,True,True,True
56bf3a223aeaaa14008c9575,easy,29,para:1239,"What injury did Thomas Davis suffer from repeatedly, for a total of three times, during his career?","['ACL tears', 'ACL']","Leukocytes (white blood cells) act like independent, single-celled organisms and are the second arm of the innate immune system. The innate leukocytes include the phagocytes (macrophages, neutrophils, and dendritic cells), mast cells, eosinophils, basophils, and natural killer cells. These cells identify and eliminate pathogens, either by attacking larger pathogens through contact or by engulfing and then killing microorganisms. Innate cells are also important mediators in the activation of the adaptive immune system.",IRRELEVANT,True,True,True
56bf3a223aeaaa14008c9575,easy,30,para:275,"What injury did Thomas Davis suffer from repeatedly, for a total of three times, during his career?","['ACL tears', 'ACL']","It was shown by Ladner that if P ≠ NP then there exist problems in NP that are neither in P nor NP-complete. Such problems are called NP-intermediate problems. The graph isomorphism problem, the discrete logarithm problem and the integer factorization problem are examples of problems believed to be NP-intermediate. They are some of the very few NP problems not known to be in P or to be NP-complete.",IRRELEVANT,True,True,True
5725d7e438643c19005acdfb,hard,1,para:1815,What former building is currently known as Grand 1401?,['San Joaquin Light & Power Building'],"In addition to the General Assembly Hall, the Parliament also used buildings rented from the City of Edinburgh Council. The former administrative building of Lothian Regional Council on George IV Bridge was used for the MSP's offices. Following the move to Holyrood in 2004 this building was demolished. The former Midlothian County Buildings facing Parliament Square, High Street and George IV Bridge in Edinburgh (originally built as the headquarters of the pre-1975 Midlothian County Council) housed the Parliament's visitors' centre and shop, whilst the main hall was used as the Parliament's principal committee room.",IRRELEVANT,True,True,True
5725d7e438643c19005acdfb,hard,2,para:1003,What former building is currently known as Grand 1401?,['San Joaquin Light & Power Building'],"In the immediate post-war years there was little money available for other than essential repairs. The 1950s and early 1960s saw little in the way of building work; the first major work was the creation of new storage space for books in the Art Library in 1966 and 1967. This involved flooring over Aston Webb's main hall to form the book stacks, with a new medieval gallery on the ground floor (now the shop, opened in 2006). Then the lower ground-floor galleries in the south-west part of the museum were redesigned, opening in 1978 to form the new galleries covering Continental art 1600–1800 (late Renaissance, Baroque through Rococo and neo-Classical). In 1974 the museum had acquired what is now the Henry Cole wing from the Royal College of Science. In order to adapt the building as galleries, all the Victorian interiors except for the staircase were recast during the remodelling. To link this to the rest of the museum, a new entrance building was constructed on the site of the former boiler house, the intended site of the Spiral, between 1978 and 1982. This building is of concrete and very functional, the only embellishment being the iron gates by Christopher Hay and Douglas Coyne of the Royal College of Art. These are set in the columned screen wall designed by Aston Webb that forms the façade.",IRRELEVANT,True,True,True
5725d7e438643c19005acdfb,hard,3,para:968,What former building is currently known as Grand 1401?,['San Joaquin Light & Power Building'],"The Pilgrim Street building was refurbished between November 2006 and May 2008; during the refurbishment works, the cinema relocated to the Old Town Hall, Gateshead. In May 2008 the Tyneside Cinema reopened in the restored and refurbished original building. The site currently houses three cinemas, including the restored Classic —the United Kingdom's last surviving news cinema still in full-time operation—alongside two new screens, a roof extension containing the Tyneside Bar, and dedicated education and teaching suites.",IRRELEVANT,True,True,True
5725d7e438643c19005acdfb,hard,4,para:1814,What former building is currently known as Grand 1401?,['San Joaquin Light & Power Building'],"Whilst the permanent building at Holyrood was being constructed, the Parliament's temporary home was the General Assembly Hall of the Church of Scotland on the Royal Mile in Edinburgh. Official photographs and television interviews were held in the courtyard adjoining the Assembly Hall, which is part of the School of Divinity of the University of Edinburgh. This building was vacated twice to allow for the meeting of the Church's General Assembly. In May 2000, the Parliament was temporarily relocated to the former Strathclyde Regional Council debating chamber in Glasgow, and to the University of Aberdeen in May 2002.",IRRELEVANT,True,True,True
5725d7e438643c19005acdfb,hard,5,para:1786,What former building is currently known as Grand 1401?,['San Joaquin Light & Power Building'],"The hydrography of the current delta is characterized by the delta's main arms, disconnected arms (Hollandse IJssel, Linge, Vecht, etc.) and smaller rivers and streams. Many rivers have been closed (""dammed"") and now serve as drainage channels for the numerous polders. The construction of Delta Works changed the Delta in the second half of the 20th Century fundamentally. Currently Rhine water runs into the sea, or into former marine bays now separated from the sea, in five places, namely at the mouths of the Nieuwe Merwede, Nieuwe Waterway (Nieuwe Maas), Dordtse Kil, Spui and IJssel.",IRRELEVANT,True,True,True
5725d7e438643c19005acdfb,hard,6,para:963,What former building is currently known as Grand 1401?,['San Joaquin Light & Power Building'],"The Literary and Philosophical Society of Newcastle upon Tyne (popularly known as the 'Lit & Phil') is the largest independent library outside London, housing more than 150,000 books. Its music library contains 8000 CDs and 10,000 LPs. The current Lit and Phil premises were built in 1825 and the building was designed by John and Benjamin Green. Operating since 1793 and founded as a ‘conversation club,’ its lecture theatre was the first public building to be lit by electric light, during a lecture by Joseph Swan on 20 October 1880.",IRRELEVANT,True,True,True
5725d7e438643c19005acdfb,hard,7,para:242,What former building is currently known as Grand 1401?,['San Joaquin Light & Power Building'],"Closely related fields in theoretical computer science are analysis of algorithms and computability theory. A key distinction between analysis of algorithms and computational complexity theory is that the former is devoted to analyzing the amount of resources needed by a particular algorithm to solve a problem, whereas the latter asks a more general question about all possible algorithms that could be used to solve the same problem. More precisely, it tries to classify problems that can or cannot be solved with appropriately restricted resources. In turn, imposing restrictions on the available resources is what distinguishes computational complexity from computability theory: the latter theory asks what kind of problems can, in principle, be solved algorithmically.",IRRELEVANT,True,True,True
5725d7e438643c19005acdfb,hard,8,para:1124,What former building is currently known as Grand 1401?,['San Joaquin Light & Power Building'],"Currently, New Jersey, Rhode Island and Delaware are the only U.S. states where ABC does not have a locally licensed affiliate (New Jersey is served by New York City O&O WABC-TV and Philadelphia O&O WPVI-TV; Rhode Island is served by New Bedford, Massachusetts-licensed WLNE; and Delaware is served by WPVI and Salisbury, Maryland affiliate WMDT). ABC maintains affiliations with low-power stations (broadcasting either in analog or digital) in a few markets, such as Birmingham, Alabama (WBMA-LD), Lima, Ohio (WLQP-LP) and South Bend, Indiana (WBND-LD). In some markets, including the former two mentioned, these stations also maintain digital simulcasts on a subchannel of a co-owned/co-managed full-power television station.",IRRELEVANT,True,True,True
5725d7e438643c19005acdfb,hard,9,para:1518,What former building is currently known as Grand 1401?,['San Joaquin Light & Power Building'],"After the 1940s, the Gothic style on campus began to give way to modern styles. In 1955, Eero Saarinen was contracted to develop a second master plan, which led to the construction of buildings both north and south of the Midway, including the Laird Bell Law Quadrangle (a complex designed by Saarinen); a series of arts buildings; a building designed by Ludwig Mies van der Rohe for the university's School of Social Service Administration;, a building which is to become the home of the Harris School of Public Policy Studies by Edward Durrell Stone, and the Regenstein Library, the largest building on campus, a brutalist structure designed by Walter Netsch of the Chicago firm Skidmore, Owings & Merrill. Another master plan, designed in 1999 and updated in 2004, produced the Gerald Ratner Athletics Center (2003), the Max Palevsky Residential Commons (2001), South Campus Residence Hall and dining commons (2009), a new children's hospital, and other construction, expansions, and restorations. In 2011, the university completed the glass dome-shaped Joe and Rika Mansueto Library, which provides a grand reading room for the university library and prevents the need for an off-campus book depository.",IRRELEVANT,True,True,True
5725d7e438643c19005acdfb,hard,10,para:1099,What former building is currently known as Grand 1401?,['San Joaquin Light & Power Building'],"Meanwhile, ABC News, which formed as a newly separate division, sought to become a global leader in television news. In 1977, Roone Arledge was named president of the new ABC News in addition to being president of ABC Sports. That same year, ABC launched a major expansion of its office facilities in New York City. The company first constructed a new 10-story building on land previously occupied by an abandoned warehouse on the corner of Columbus Avenue and West 66th Street; the facility that was built in its place is nicknamed ""7 Lincoln Square"" (although it is actually located at 149 Columbus Avenue). Meanwhile, a former parking lot, located at 30 West 67th Street, was transformed into an impressive 15-story building. Both buildings were completed in June 1979. WABC-TV moved its operations from offices at 77 West 66th Street to 149 Columbus Avenue, freeing up space for the ABC network to house some of its operations.",IRRELEVANT,True,True,True
5725d7e438643c19005acdfb,hard,11,para:1301,What former building is currently known as Grand 1401?,['San Joaquin Light & Power Building'],"Construction is the process of constructing a building or infrastructure. Construction differs from manufacturing in that manufacturing typically involves mass production of similar items without a designated purchaser, while construction typically takes place on location for a known client. Construction as an industry comprises six to nine percent of the gross domestic product of developed countries. Construction starts with planning,[citation needed] design, and financing and continues until the project is built and ready for use.",IRRELEVANT,True,True,True
5725d7e438643c19005acdfb,hard,12,para:1308,What former building is currently known as Grand 1401?,['San Joaquin Light & Power Building'],"New techniques of building construction are being researched, made possible by advances in 3D printing technology. In a form of additive building construction, similar to the additive manufacturing techniques for manufactured parts, building printing is making it possible to flexibly construct small commercial buildings and private habitations in around 20 hours, with built-in plumbing and electrical facilities, in one continuous build, using large 3D printers. Working versions of 3D-printing building technology are already printing 2 metres (6 ft 7 in) of building material per hour as of January 2013[update], with the next-generation printers capable of 3.5 metres (11 ft) per hour, sufficient to complete a building in a week. Dutch architect Janjaap Ruijssenaars's performative architecture 3D-printed building is scheduled to be built in 2014.",IRRELEVANT,True,True,True
5725d7e438643c19005acdfb,hard,13,para:141,What former building is currently known as Grand 1401?,['San Joaquin Light & Power Building'],"In England, the period of Norman architecture immediately succeeds that of the Anglo-Saxon and precedes the Early Gothic. In southern Italy, the Normans incorporated elements of Islamic, Lombard, and Byzantine building techniques into their own, initiating a unique style known as Norman-Arab architecture within the Kingdom of Sicily.",IRRELEVANT,True,True,True
5725d7e438643c19005acdfb,hard,14,para:753,What former building is currently known as Grand 1401?,['San Joaquin Light & Power Building'],"The second main legislative body is the Council, which is composed of different ministers of the member states. The heads of government of member states also convene a ""European Council"" (a distinct body) that the TEU article 15 defines as providing the 'necessary impetus for its development and shall define the general political directions and priorities'. It meets each six months and its President (currently former Poland Prime Minister Donald Tusk) is meant to 'drive forward its work', but it does not itself 'legislative functions'. The Council does this: in effect this is the governments of the member states, but there will be a different minister at each meeting, depending on the topic discussed (e.g. for environmental issues, the member states' environment ministers attend and vote; for foreign affairs, the foreign ministers, etc.). The minister must have the authority to represent and bin the member states in decisions. When voting takes place it is weighted inversely to member state size, so smaller member states are not dominated by larger member states. In total there are 352 votes, but for most acts there must be a qualified majority vote, if not consensus. TEU article 16(4) and TFEU article 238(3) define this to mean at least 55 per cent of the Council members (not votes) representing 65 per cent of the population of the EU: currently this means around 74 per cent, or 260 of the 352 votes. This is critical during the legislative process.",IRRELEVANT,True,True,True
5725d7e438643c19005acdfb,hard,15,para:922,What former building is currently known as Grand 1401?,['San Joaquin Light & Power Building'],"Extension causes the rock units as a whole to become longer and thinner. This is primarily accomplished through normal faulting and through the ductile stretching and thinning. Normal faults drop rock units that are higher below those that are lower. This typically results in younger units being placed below older units. Stretching of units can result in their thinning; in fact, there is a location within the Maria Fold and Thrust Belt in which the entire sedimentary sequence of the Grand Canyon can be seen over a length of less than a meter. Rocks at the depth to be ductilely stretched are often also metamorphosed. These stretched rocks can also pinch into lenses, known as boudins, after the French word for ""sausage"", because of their visual similarity.",IRRELEVANT,True,True,True
5725d7e438643c19005acdfb,hard,16,para:1145,What former building is currently known as Grand 1401?,['San Joaquin Light & Power Building'],"The network has the unusual distinction of having separately owned and operated affiliates which serve the same market in Tampa, Florida (WFTS-TV and WWSB) and Grand Rapids, Michigan (WZZM and WOTV), with an analogous situation arising in Kansas City, Missouri (KMBC-TV and KQTV). KQTV is licensed to St. Joseph, Missouri, which is designated by Nielsen as a separate market from Kansas City despite being located within 55 miles (89 km) of one another, while WWSB and WOTV serve areas that do not receive an adequate signal from their market's primary ABC affiliate (in the case of WWSB, this dates back to when WTSP was Tampa's primary ABC affiliate prior to 1994, with the former being necessitated to serve the southern part of the Tampa market including the station's city of license, Sarasota, due to WTSP's transmitter being short-spaced to avoid interfering with the analog signal of Miami affiliate WPLG – which like WTSP, broadcast on VHF channel 10).",IRRELEVANT,True,True,True
5725d7e438643c19005acdfb,hard,17,para:1993,What former building is currently known as Grand 1401?,['San Joaquin Light & Power Building'],"The War of the Austrian Succession (whose North American theater is known as King George's War) formally ended in 1748 with the signing of the Treaty of Aix-la-Chapelle. The treaty was primarily focused on resolving issues in Europe. The issues of conflicting territorial claims between British and French colonies in North America were turned over to a commission to resolve, but it reached no decision. Frontiers from between Nova Scotia and Acadia in the north, to the Ohio Country in the south, were claimed by both sides. The disputes also extended into the Atlantic Ocean, where both powers wanted access to the rich fisheries of the Grand Banks off Newfoundland.",IRRELEVANT,True,True,True
5725d7e438643c19005acdfb,hard,18,para:2034,What former building is currently known as Grand 1401?,['San Joaquin Light & Power Building'],"Forces act in a particular direction and have sizes dependent upon how strong the push or pull is. Because of these characteristics, forces are classified as ""vector quantities"". This means that forces follow a different set of mathematical rules than physical quantities that do not have direction (denoted scalar quantities). For example, when determining what happens when two forces act on the same object, it is necessary to know both the magnitude and the direction of both forces to calculate the result. If both of these pieces of information are not known for each force, the situation is ambiguous. For example, if you know that two people are pulling on the same rope with known magnitudes of force but you do not know which direction either person is pulling, it is impossible to determine what the acceleration of the rope will be. The two people could be pulling against each other as in tug of war or the two people could be pulling in the same direction. In this simple one-dimensional example, without knowing the direction of the forces it is impossible to decide whether the net force is the result of adding the two force magnitudes or subtracting one from the other. Associating forces with vectors avoids such problems.",IRRELEVANT,True,True,True
5725d7e438643c19005acdfb,hard,19,para:1658,What former building is currently known as Grand 1401?,['San Joaquin Light & Power Building'],"Former IPCC chairman Robert Watson has said ""The mistakes all appear to have gone in the direction of making it seem like climate change is more serious by overstating the impact. That is worrying. The IPCC needs to look at this trend in the errors and ask why it happened"". Martin Parry, a climate expert who had been co-chair of the IPCC working group II, said that ""What began with a single unfortunate error over Himalayan glaciers has become a clamour without substance"" and the IPCC had investigated the other alleged mistakes, which were ""generally unfounded and also marginal to the assessment"".",IRRELEVANT,True,True,True
5725d7e438643c19005acdfb,hard,20,para:143,What former building is currently known as Grand 1401?,['San Joaquin Light & Power Building'],"The French Wars of Religion in the 16th century and French Revolution in the 18th successively destroyed much of what existed in the way of the architectural and artistic remnant of this Norman creativity. The former, with their violence, caused the wanton destruction of many Norman edifices; the latter, with its assault on religion, caused the purposeful destruction of religious objects of any type, and its destabilisation of society resulted in rampant pillaging.",IRRELEVANT,True,True,True
5725d7e438643c19005acdfb,hard,21,para:553,What former building is currently known as Grand 1401?,['San Joaquin Light & Power Building'],"Some Huguenots settled in Bedfordshire, one of the main centres of the British lace industry at the time. Although 19th century sources have asserted that some of these refugees were lacemakers and contributed to the East Midlands lace industry, this is contentious. The only reference to immigrant lacemakers in this period is of twenty-five widows who settled in Dover, and there is no contemporary documentation to support there being Huguenot lacemakers in Bedfordshire. The implication that the style of lace known as 'Bucks Point' demonstrates a Huguenot influence, being a ""combination of Mechlin patterns on Lille ground"", is fallacious: what is now known as Mechlin lace did not develop until first half of the eighteenth century and lace with Mechlin patterns and Lille ground did not appear until the end of the 18th century, when it was widely copied throughout Europe.",IRRELEVANT,True,True,True
5725d7e438643c19005acdfb,hard,22,para:529,What former building is currently known as Grand 1401?,['San Joaquin Light & Power Building'],"Major events also play a big part in tourism in Victoria, particularly cultural tourism and sports tourism. Most of these events are centred on Melbourne, but others occur in regional cities, such as the V8 Supercars and Australian Motorcycle Grand Prix at Phillip Island, the Grand Annual Steeplechase at Warrnambool and the Australian International Airshow at Geelong and numerous local festivals such as the popular Port Fairy Folk Festival, Queenscliff Music Festival, Bells Beach SurfClassic and the Bright Autumn Festival.",IRRELEVANT,True,True,True
5725d7e438643c19005acdfb,hard,23,para:924,What former building is currently known as Grand 1401?,['San Joaquin Light & Power Building'],"All of these processes do not necessarily occur in a single environment, and do not necessarily occur in a single order. The Hawaiian Islands, for example, consist almost entirely of layered basaltic lava flows. The sedimentary sequences of the mid-continental United States and the Grand Canyon in the southwestern United States contain almost-undeformed stacks of sedimentary rocks that have remained in place since Cambrian time. Other areas are much more geologically complex. In the southwestern United States, sedimentary, volcanic, and intrusive rocks have been metamorphosed, faulted, foliated, and folded. Even older rocks, such as the Acasta gneiss of the Slave craton in northwestern Canada, the oldest known rock in the world have been metamorphosed to the point where their origin is undiscernable without laboratory analysis. In addition, these processes can occur in stages. In many places, the Grand Canyon in the southwestern United States being a very visible example, the lower rock units were metamorphosed and deformed, and then deformation ended and the upper, undeformed units were deposited. Although any amount of rock emplacement and rock deformation can occur, and they can occur any number of times, these concepts provide a guide to understanding the geological history of an area.",IRRELEVANT,True,True,True
5725d7e438643c19005acdfb,hard,24,para:1714,What former building is currently known as Grand 1401?,['San Joaquin Light & Power Building'],"Not all cells in a multicellular plant contain chloroplasts. All green parts of a plant contain chloroplasts—the chloroplasts, or more specifically, the chlorophyll in them are what make the photosynthetic parts of a plant green. The plant cells which contain chloroplasts are usually parenchyma cells, though chloroplasts can also be found in collenchyma tissue. A plant cell which contains chloroplasts is known as a chlorenchyma cell. A typical chlorenchyma cell of a land plant contains about 10 to 100 chloroplasts.",IRRELEVANT,True,True,True
5725d7e438643c19005acdfb,hard,25,para:985,What former building is currently known as Grand 1401?,['San Joaquin Light & Power Building'],"ITV Tyne Tees was based at City Road for over 40 years after its launch in January 1959. In 2005 it moved to a new facility on The Watermark business park next to the MetroCentre in Gateshead. The entrance to studio 5 at the City Road complex gave its name to the 1980s music television programme, The Tube. BBC North East and Cumbria is located to the north of the city on Barrack Road, Spital Tongues, in a building known, as the result of its colouring, as the Pink Palace. It is from here that the Corporation broadcasts the Look North television regional news programme and local radio station BBC Radio Newcastle.",IRRELEVANT,True,True,True
5725d7e438643c19005acdfb,hard,26,para:1641,What former building is currently known as Grand 1401?,['San Joaquin Light & Power Building'],"Kenya is active in several sports, among them cricket, rallying, football, rugby union and boxing. The country is known chiefly for its dominance in middle-distance and long-distance athletics, having consistently produced Olympic and Commonwealth Games champions in various distance events, especially in 800 m, 1,500 m, 3,000 m steeplechase, 5,000 m, 10,000 m and the marathon. Kenyan athletes (particularly Kalenjin) continue to dominate the world of distance running, although competition from Morocco and Ethiopia has reduced this supremacy. Kenya's best-known athletes included the four-time women's Boston Marathon winner and two-time world champion Catherine Ndereba, 800m world record holder David Rudisha, former Marathon world record-holder Paul Tergat, and John Ngugi.",IRRELEVANT,True,True,True
5725d7e438643c19005acdfb,hard,27,para:1611,What former building is currently known as Grand 1401?,['San Joaquin Light & Power Building'],"The new office of the PM will have power and authority to co-ordinate and supervise the functions of the Government and will be occupied by an elected MP who will be the leader of the party or coalition with majority members in Parliament. The world watched Annan and his UN-backed panel and African Union chairman Jakaya Kikwete as they brought together the former rivals to the signing ceremony, beamed live on national TV from the steps of Nairobi's Harambee House. On 29 February 2008, representatives of PNU and ODM began working on the finer details of the power-sharing agreement. Kenyan lawmakers unanimously approved a power-sharing deal 18 March 2008, aimed at salvaging a country usually seen as one of the most stable and prosperous in Africa. The deal brought Kibaki's PNU and Odinga's ODM together and heralded the formation of the grand coalition, in which the two political parties would share power equally.",IRRELEVANT,True,True,True
5725d7e438643c19005acdfb,hard,28,para:2045,What former building is currently known as Grand 1401?,['San Joaquin Light & Power Building'],"The development of fundamental theories for forces proceeded along the lines of unification of disparate ideas. For example, Isaac Newton unified the force responsible for objects falling at the surface of the Earth with the force responsible for the orbits of celestial mechanics in his universal theory of gravitation. Michael Faraday and James Clerk Maxwell demonstrated that electric and magnetic forces were unified through one consistent theory of electromagnetism. In the 20th century, the development of quantum mechanics led to a modern understanding that the first three fundamental forces (all except gravity) are manifestations of matter (fermions) interacting by exchanging virtual particles called gauge bosons. This standard model of particle physics posits a similarity between the forces and led scientists to predict the unification of the weak and electromagnetic forces in electroweak theory subsequently confirmed by observation. The complete formulation of the standard model predicts an as yet unobserved Higgs mechanism, but observations such as neutrino oscillations indicate that the standard model is incomplete. A Grand Unified Theory allowing for the combination of the electroweak interaction with the strong force is held out as a possibility with candidate theories such as supersymmetry proposed to accommodate some of the outstanding unsolved problems in physics. Physicists are still attempting to develop self-consistent unification models that would combine all four fundamental interactions into a theory of everything. Einstein tried and failed at this endeavor, but currently the most popular approach to answering this question is string theory.:212–219",IRRELEVANT,True,True,True
5725d7e438643c19005acdfb,hard,29,para:1306,What former building is currently known as Grand 1401?,['San Joaquin Light & Power Building'],"Building construction is the process of adding structure to real property or construction of buildings. The majority of building construction jobs are small renovations, such as addition of a room, or renovation of a bathroom. Often, the owner of the property acts as laborer, paymaster, and design team for the entire project. Although building construction projects typically include various common elements, such as design, financial, estimating and legal considerations, many projects of varying sizes reach undesirable end results, such as structural collapse, cost overruns, and/or litigation. For this reason, those with experience in the field make detailed plans and maintain careful oversight during the project to ensure a positive outcome.",IRRELEVANT,True,True,True
5725d7e438643c19005acdfb,hard,30,para:1508,What former building is currently known as Grand 1401?,['San Joaquin Light & Power Building'],"The University of Chicago (UChicago, Chicago, or U of C) is a private research university in Chicago. The university, established in 1890, consists of The College, various graduate programs, interdisciplinary committees organized into four academic research divisions and seven professional schools. Beyond the arts and sciences, Chicago is also well known for its professional schools, which include the Pritzker School of Medicine, the University of Chicago Booth School of Business, the Law School, the School of Social Service Administration, the Harris School of Public Policy Studies, the Graham School of Continuing Liberal and Professional Studies and the Divinity School. The university currently enrolls approximately 5,000 students in the College and around 15,000 students overall.",IRRELEVANT,True,True,True
5725d7e438643c19005acdfb,easy,1,para:10,What former building is currently known as Grand 1401?,['San Joaquin Light & Power Building'],"The Panthers offense, which led the NFL in scoring (500 points), was loaded with talent, boasting six Pro Bowl selections. Pro Bowl quarterback Cam Newton had one of his best seasons, throwing for 3,837 yards and rushing for 636, while recording a career-high and league-leading 45 total touchdowns (35 passing, 10 rushing), a career-low 10 interceptions, and a career-best quarterback rating of 99.4. Newton's leading receivers were tight end Greg Olsen, who caught a career-high 77 passes for 1,104 yards and seven touchdowns, and wide receiver Ted Ginn, Jr., who caught 44 passes for 739 yards and 10 touchdowns; Ginn also rushed for 60 yards and returned 27 punts for 277 yards. Other key receivers included veteran Jerricho Cotchery (39 receptions for 485 yards), rookie Devin Funchess (31 receptions for 473 yards and five touchdowns), and second-year receiver Corey Brown (31 receptions for 447 yards). The Panthers backfield featured Pro Bowl running back Jonathan Stewart, who led the team with 989 rushing yards and six touchdowns in 13 games, along with Pro Bowl fullback Mike Tolbert, who rushed for 256 yards and caught 18 passes for another 154 yards. Carolina's offensive line also featured two Pro Bowl selections: center Ryan Kalil and guard Trai Turner.",IRRELEVANT,True,True,True
5725d7e438643c19005acdfb,easy,2,para:1006,What former building is currently known as Grand 1401?,['San Joaquin Light & Power Building'],"In 2004, the V&A alongside Royal Institute of British Architects opened the first permanent gallery in the UK covering the history of architecture with displays using models, photographs, elements from buildings and original drawings. With the opening of the new gallery, the RIBA Drawings and Archives Collection has been transferred to the museum, joining the already extensive collection held by the V&A. With over 600,000 drawings, over 750,000 papers and paraphernalia, and over 700,000 photographs from around the world, together they form the world's most comprehensive architectural resource.",IRRELEVANT,True,True,True
5725d7e438643c19005acdfb,easy,3,para:1007,What former building is currently known as Grand 1401?,['San Joaquin Light & Power Building'],"Not only are all the major British architects of the last four hundred years represented, but many European (especially Italian) and American architects' drawings are held in the collection. The RIBA's holdings of over 330 drawings by Andrea Palladio are the largest in the world, other Europeans well represented are Jacques Gentilhatre and Antonio Visentini. British architects whose drawings, and in some cases models of their buildings, in the collection, include: Inigo Jones, Sir Christopher Wren, Sir John Vanbrugh, Nicholas Hawksmoor, William Kent, James Gibbs, Robert Adam, Sir William Chambers, James Wyatt, Henry Holland, John Nash, Sir John Soane, Sir Charles Barry, Charles Robert Cockerell, Augustus Welby Northmore Pugin, Sir George Gilbert Scott, John Loughborough Pearson, George Edmund Street, Richard Norman Shaw, Alfred Waterhouse, Sir Edwin Lutyens, Charles Rennie Mackintosh, Charles Holden, Frank Hoar, Lord Richard Rogers, Lord Norman Foster, Sir Nicholas Grimshaw, Zaha Hadid and Alick Horsnell.",IRRELEVANT,True,True,True
5725d7e438643c19005acdfb,easy,4,para:1025,What former building is currently known as Grand 1401?,['San Joaquin Light & Power Building'],"The collection of drawings includes over 10,000 British and 2,000 old master works, including works by: Dürer, Giovanni Benedetto Castiglione, Bernardo Buontalenti, Rembrandt, Antonio Verrio, Paul Sandby, John Russell, Angelica Kauffman, John Flaxman, Hugh Douglas Hamilton, Thomas Rowlandson, William Kilburn, Thomas Girtin, Jean Auguste Dominique Ingres, David Wilkie, John Martin, Samuel Palmer, Sir Edwin Henry Landseer, Lord Frederic Leighton, Sir Samuel Luke Fildes and Aubrey Beardsley. Modern British artists represented in the collection include: Paul Nash, Percy Wyndham Lewis, Eric Gill, Stanley Spencer, John Piper, Graham Sutherland, Lucian Freud and David Hockney.",IRRELEVANT,True,True,True
5725d7e438643c19005acdfb,easy,5,para:1027,What former building is currently known as Grand 1401?,['San Joaquin Light & Power Building'],"In 2002, the Museum acquired the Costiff collection of 178 Vivienne Westwood costumes. Other famous designers with work in the collection include Coco Chanel, Hubert de Givenchy, Christian Dior, Cristóbal Balenciaga, Yves Saint Laurent, Guy Laroche, Irene Galitzine, Mila Schön, Valentino Garavani, Norman Norell, Norman Hartnell, Zandra Rhodes, Hardy Amies, Mary Quant, Christian Lacroix, Jean Muir and Pierre Cardin. The museum continues to acquire examples of modern fashion to add to the collection.",IRRELEVANT,True,True,True
5725d7e438643c19005acdfb,easy,6,para:103,What former building is currently known as Grand 1401?,['San Joaquin Light & Power Building'],"The Normans (Norman: Nourmands; French: Normands; Latin: Normanni) were the people who in the 10th and 11th centuries gave their name to Normandy, a region in France. They were descended from Norse (""Norman"" comes from ""Norseman"") raiders and pirates from Denmark, Iceland and Norway who, under their leader Rollo, agreed to swear fealty to King Charles III of West Francia. Through generations of assimilation and mixing with the native Frankish and Roman-Gaulish populations, their descendants would gradually merge with the Carolingian-based cultures of West Francia. The distinct cultural and ethnic identity of the Normans emerged initially in the first half of the 10th century, and it continued to evolve over the succeeding centuries.",IRRELEVANT,True,True,True
5725d7e438643c19005acdfb,easy,7,para:1033,What former building is currently known as Grand 1401?,['San Joaquin Light & Power Building'],"The Musical Instruments gallery closed 25 February 2010, a decision which was highly controversial. An online petition of over 5,100 names on the Parliamentary website led to Chris Smith asking Parliament about the future of the collection. The answer, from Bryan Davies was that the museum intended to preserve and care for the collection and keep it available to the public, with items being redistributed to the British Galleries, the Medieval & Renaissance Galleries, and the planned new galleries for Furniture and Europe 1600–1800, and that the Horniman Museum and other institutions were possible candidates for loans of material to ensure that the instruments remained publicly viewable. The Horniman went on to host a joint exhibition with the V&A of musical instruments, and has the loan of 35 instruments from the museum.",IRRELEVANT,True,True,True
5725d7e438643c19005acdfb,easy,8,para:1035,What former building is currently known as Grand 1401?,['San Joaquin Light & Power Building'],"In 1857 John Sheepshanks donated 233 paintings, mainly by contemporary British artists, and a similar number of drawings to the museum with the intention of forming a 'A National Gallery of British Art', a role since taken on by Tate Britain; artists represented are William Blake, James Barry, Henry Fuseli, Sir Edwin Henry Landseer, Sir David Wilkie, William Mulready, William Powell Frith, Millais and Hippolyte Delaroche. Although some of Constable's works came to the museum with the Sheepshanks bequest, the majority of the artist's works were donated by his daughter Isabel in 1888, including the large number of sketches in oil, the most significant being the 1821 full size oil sketch for The Hay Wain. Other artists with works in the collection include: Bernardino Fungai, Marcus Gheeraerts the Younger, Domenico di Pace Beccafumi, Fioravante Ferramola, Jan Brueghel the Elder, Anthony van Dyck, Ludovico Carracci, Antonio Verrio, Giovanni Battista Tiepolo, Domenico Tiepolo, Canaletto, Francis Hayman, Pompeo Batoni, Benjamin West, Paul Sandby, Richard Wilson, William Etty, Henry Fuseli, Sir Thomas Lawrence, James Barry, Francis Danby, Richard Parkes Bonington and Alphonse Legros.",IRRELEVANT,True,True,True
5725d7e438643c19005acdfb,easy,9,para:1046,What former building is currently known as Grand 1401?,['San Joaquin Light & Power Building'],"The V&A Theatre & Performance galleries, formerly the Theatre Museum, opened in March 2009. The collections are stored by the V&A, and are available for research, exhibitions and other shows. They hold the UK's biggest national collection of material about live performance in the UK since Shakespeare's day, covering drama, dance, musical theatre, circus, music hall, rock and pop, and most other forms of live entertainment. Types of items displayed include costumes, set models, wigs, prompt books, and posters.",IRRELEVANT,True,True,True
5725d7e438643c19005acdfb,easy,10,para:1050,What former building is currently known as Grand 1401?,['San Joaquin Light & Power Building'],"The television network has eight owned-and-operated and over 232 affiliated television stations throughout the United States and its territories. Most Canadians have access to at least one U.S.-based ABC affiliate, either over-the-air (in areas located within proximity to the Canada–United States border) or through a cable, satellite or IPTV provider, although most ABC programs are subject to simultaneous substitution regulations imposed by the Canadian Radio-television and Telecommunications Commission that allow pay television providers to replace an American station's signal with the feed of a Canadian broadcaster to protect domestic programming rights and advertising revenue. ABC News provides news and features content for select radio stations owned by Citadel Broadcasting, which purchased the ABC Radio properties in 2007.",IRRELEVANT,True,True,True
5725d7e438643c19005acdfb,easy,11,para:1051,What former building is currently known as Grand 1401?,['San Joaquin Light & Power Building'],"In the 1930s, radio in the United States was dominated by three companies: the Columbia Broadcasting System (CBS), the Mutual Broadcasting System and the National Broadcasting Company (NBC). The last was owned by electronics manufacturer Radio Corporation of America (RCA), which owned two radio networks that each ran different varieties of programming, NBC Blue and NBC Red. The NBC Blue Network was created in 1927 for the primary purpose of testing new programs on markets of lesser importance than those served by NBC Red, which served the major cities, and to test drama series.",IRRELEVANT,True,True,True
5725d7e438643c19005acdfb,easy,12,para:1052,What former building is currently known as Grand 1401?,['San Joaquin Light & Power Building'],"In 1934, Mutual filed a complaint with the Federal Communications Commission (FCC) regarding its difficulties in establishing new stations, in a radio market that was already being saturated by NBC and CBS. In 1938, the FCC began a series of investigations into the practices of radio networks and published its report on the broadcasting of network radio programs in 1940. The report recommended that RCA give up control of either NBC Red or NBC Blue. At that time, the NBC Red Network was the principal radio network in the United States and, according to the FCC, RCA was using NBC Blue to eliminate any hint of competition. Having no power over the networks themselves, the FCC established a regulation forbidding licenses to be issued for radio stations if they were affiliated with a network which already owned multiple networks that provided content of public interest.",IRRELEVANT,True,True,True
5725d7e438643c19005acdfb,easy,13,para:1058,What former building is currently known as Grand 1401?,['San Joaquin Light & Power Building'],"The first attempts to internationalize the ABC television network date back to the 1950s, after Leonard Goldenson, following the United Paramount Theatres model, tried to use on ABC the same strategies he had made in expanding UPT's theater operation to the international market. Leonard Goldenson said that ABC's first international activity was broadcasting the coronation of Queen Elizabeth II in June 1953; CBS and NBC were unable to cover the coronation live due to respective issues with technical problems and flight delays. NBC's plane landed in Latin America[where?], leading ABC to learn of subsidiaries in that region. Goldenson tried international investing, having ABC invest in the Latin American market, acquiring a 51% interest in a network covering Central America. Goldenson also cited interest in Japan in the early 1950s, acquiring a 5% stake in two new domestic networks, the Mainichi Broadcasting System in 1951 and Nihon Educational Television in 1957. Goldenson also invested in broadcasting properties in Beirut in the mid-1960s.",IRRELEVANT,True,True,True
5725d7e438643c19005acdfb,easy,14,para:1060,What former building is currently known as Grand 1401?,['San Joaquin Light & Power Building'],"Since 1974, ABC has generally aired Dick Clark's New Year's Rockin' Eve on New Year's Eve (hosted first by its creator Dick Clark, and later by his successor Ryan Seacrest); the only exception was in 1999, when ABC put it on a one-year hiatus to provide coverage of the international millennium festivities, though Clark's traditional countdown from Times Square was still featured within the coverage. ABC has also aired the Miss America pageant from 1954 to 1956, 1997 to 2005 (with the television rights being assumed by cable channel TLC in 2006, when the pageant moved from its longtime homebase in Atlantic City to Las Vegas, before returning to Atlantic City in 2013) and since 2011. Under its current contract with the Miss America Organization, ABC will continue to broadcast the pageant through 2016.",IRRELEVANT,True,True,True
5725d7e438643c19005acdfb,easy,15,para:107,What former building is currently known as Grand 1401?,['San Joaquin Light & Power Building'],"Before Rollo's arrival, its populations did not differ from Picardy or the Île-de-France, which were considered ""Frankish"". Earlier Viking settlers had begun arriving in the 880s, but were divided between colonies in the east (Roumois and Pays de Caux) around the low Seine valley and in the west in the Cotentin Peninsula, and were separated by traditional pagii, where the population remained about the same with almost no foreign settlers. Rollo's contingents who raided and ultimately settled Normandy and parts of the Atlantic coast included Danes, Norwegians, Norse–Gaels, Orkney Vikings, possibly Swedes, and Anglo-Danes from the English Danelaw under Norse control.",IRRELEVANT,True,True,True
5725d7e438643c19005acdfb,easy,16,para:1071,What former building is currently known as Grand 1401?,['San Joaquin Light & Power Building'],"In 2000, ABC launched a web-based promotional campaign focused around its circle logo, also called ""the dot"", in which comic book character Little Dot prompted visitors to ""download the dot"", a program which would cause the ABC logo to fly around the screen and settle in the bottom-right corner. The network hired the Troika Design Group to design and produce its 2001–02 identity, which continued using the black-and-yellow coloring of the logo and featured dots and stripes in various promotional and identification spots.",IRRELEVANT,True,True,True
5725d7e438643c19005acdfb,easy,17,para:108,What former building is currently known as Grand 1401?,['San Joaquin Light & Power Building'],"The descendants of Rollo's Vikings and their Frankish wives would replace the Norse religion and Old Norse language with Catholicism (Christianity) and the Gallo-Romance language of the local people, blending their maternal Frankish heritage with Old Norse traditions and customs to synthesize a unique ""Norman"" culture in the north of France. The Norman language was forged by the adoption of the indigenous langue d'oïl branch of Romance by a Norse-speaking ruling class, and it developed into the regional language that survives today.",IRRELEVANT,True,True,True
5725d7e438643c19005acdfb,easy,18,para:1084,What former building is currently known as Grand 1401?,['San Joaquin Light & Power Building'],"On May 1, 1953, ABC's New York City flagship stations – WJZ, WJZ-FM and WJZ-TV – changed their respective callsigns to WABC, WABC-FM and WABC-TV, and moved their operations to facilities at 7 West 66th Street, one block away from Central Park. The WABC call letters were previously used by the flagship station of CBS Radio (now WCBS (AM)) until 1946. The WJZ calls would later be reassigned to the then-ABC affiliate in Baltimore in 1959, in an historical nod to the fact that WJZ was originally established by the Baltimore station's owner at the time, Westinghouse.",IRRELEVANT,True,True,True
5725d7e438643c19005acdfb,easy,19,para:1086,What former building is currently known as Grand 1401?,['San Joaquin Light & Power Building'],"At the same time he made attempts to help grow ABC, Goldenson had been trying since mid-1953 to provide content for the network by contacting his old acquaintances in Hollywood, with whom he had worked when UPT was a subsidiary of Paramount Pictures. ABC's merger with UPT led to the creation of relationships with Hollywood's film production studios, breaking a quarantine that had existed at that time between film and television, the latter of which had previously been more connected to radio. ABC's flagship productions at the time were The Lone Ranger, based on the radio program of the same title, and The Adventures of Ozzie and Harriet, the latter of which (at 13 seasons, running from 1952 to 1965) held the record for the longest-running prime time comedy in U.S. television history, until it was surpassed by The Simpsons in 2002.",IRRELEVANT,True,True,True
5725d7e438643c19005acdfb,easy,20,para:1094,What former building is currently known as Grand 1401?,['San Joaquin Light & Power Building'],"In April 1970, Congress passed the Public Health Cigarette Smoking Act which banned cigarette advertising from all television and radio networks, including ABC, when it took effect on January 2, 1971. Citing limited profitability of its cinemas, ABC Great States, the Central West division of ABC Theatres, was sold to Henry Plitt in 1974. On January 17, 1972, Elton Rule was named President and Chief Operating Officer of ABC a few months after Goldenson reduced his role in the company after suffering a heart attack.",IRRELEVANT,True,True,True
5725d7e438643c19005acdfb,easy,21,para:11,What former building is currently known as Grand 1401?,['San Joaquin Light & Power Building'],"The Panthers defense gave up just 308 points, ranking sixth in the league, while also leading the NFL in interceptions with 24 and boasting four Pro Bowl selections. Pro Bowl defensive tackle Kawann Short led the team in sacks with 11, while also forcing three fumbles and recovering two. Fellow lineman Mario Addison added 6½ sacks. The Panthers line also featured veteran defensive end Jared Allen, a 5-time pro bowler who was the NFL's active career sack leader with 136, along with defensive end Kony Ealy, who had 5 sacks in just 9 starts. Behind them, two of the Panthers three starting linebackers were also selected to play in the Pro Bowl: Thomas Davis and Luke Kuechly. Davis compiled 5½ sacks, four forced fumbles, and four interceptions, while Kuechly led the team in tackles (118) forced two fumbles, and intercepted four passes of his own. Carolina's secondary featured Pro Bowl safety Kurt Coleman, who led the team with a career high seven interceptions, while also racking up 88 tackles and Pro Bowl cornerback Josh Norman, who developed into a shutdown corner during the season and had four interceptions, two of which were returned for touchdowns.",IRRELEVANT,True,True,True
5725d7e438643c19005acdfb,easy,22,para:1111,What former building is currently known as Grand 1401?,['San Joaquin Light & Power Building'],"The network's troubles with sustaining existing series and gaining new hits spilled over into its 2010–11 schedule: ABC's dramas during that season continued to fail, with the midseason forensic investigation drama Body of Proof being the only one that was renewed for a second season. The network also struggled to establish new comedies to support the previous year's debuts, with only late-season premiere Happy Endings earning a second season. Meanwhile, the new lows hit by Brothers & Sisters led to its cancellation, and the previous year's only drama renewal, V, also failed to earn another season after a low-rated midseason run. Despite this and another noticeable ratings decline, ABC would manage to outrate NBC for third place by a larger margin than the previous year.",IRRELEVANT,True,True,True
5725d7e438643c19005acdfb,easy,23,para:1112,What former building is currently known as Grand 1401?,['San Joaquin Light & Power Building'],"On April 14, 2011, ABC canceled the long-running soap operas All My Children and One Life to Live after 41 and 43 years on the air, respectively (following backlash from fans, ABC sold the rights to both shows to Prospect Park, which eventually revived the soaps on Hulu for one additional season in 2013 and with both companies suing one another for allegations of interference with the process of reviving the shows, failure to pay licensing fees and issues over ABC's use of certain characters from One Live to Live on General Hospital during the transition). The talk/lifestyle show that replaced One Life to Live, The Revolution, failed to generate satisfactory ratings and was in turn canceled after only seven months. The 2011–12 season saw ABC drop to fourth place in the 18–49 demographic despite renewing a handful of new shows (including freshmen dramas Scandal, Revenge and Once Upon a Time) for second seasons.",IRRELEVANT,True,True,True
5725d7e438643c19005acdfb,easy,24,para:1116,What former building is currently known as Grand 1401?,['San Joaquin Light & Power Building'],"In 1993, the FCC repealed the Financial Interest and Syndication Rules, once again allowing networks to hold interests in television production studios. That same year, Capital Cities/ABC purchased the French animation studio DIC Entertainment; it also signed an agreement with Time Warner Cable to carry its owned-and-operated television stations on the provider's systems in ABC O&O markets. By that year, ABC had a total viewership share of 23.63% of American households, just below the limit of 25% imposed by the FCC.",IRRELEVANT,True,True,True
5725d7e438643c19005acdfb,easy,25,para:1121,What former building is currently known as Grand 1401?,['San Joaquin Light & Power Building'],"In 1983, ABC sold KXYZ to the Infinity Broadcasting Corporation. On January 4, 1984, The New York Times reported that ABC, through its subsidiary ABC Video Enterprises, had exercised its option to purchase up to 15% (or between $25 million and $30 million) of Getty Oil's shares in ESPN, which would allow it to expand its shares at a later date. In June 1984, ABC's executive committee approved the company's interest acquisition in ESPN, and ABC arranged with Getty Oil to obtain an 80% stake in the channel, while selling the remaining 20% to Nabisco. That year, ABC and Hearst reached an agreement with RCA to merge ARTS and competing arts service, The Entertainment Channel, into a single cable channel called Arts & Entertainment Television (A&E); the new channel subsequently leased a separate satellite transponder, ending its sharing agreement with Nickelodeon to become a 24-hour service. Meanwhile, ABC withdrew from the theme park business for good when it sold the Silver Springs Nature Theme Park.",IRRELEVANT,True,True,True
5725d7e438643c19005acdfb,easy,26,para:1130,What former building is currently known as Grand 1401?,['San Joaquin Light & Power Building'],"By 1954, all U.S. networks had regained control of their programming, with higher advertising revenues: ABC's revenue increased by 67% (earning $26 million), NBC's went up by 30% ($100 million) and CBS's rose by 44% ($117 million). However that year, ABC had only 14 primary affiliates compared to the 74 that carried the majority of CBS programs and the 71 that were primarily affiliated with NBC. Most markets outside the largest ones were not large enough to support three full-time network affiliates. In some markets that were large enough for a third full-time affiliate, the only available commercial allocation was on the less-desirable UHF band. Until the All-Channel Receiver Act (passed by Congress in 1961) mandated the inclusion of UHF tuning, most viewers needed to purchase a converter to be able to watch UHF stations, and the signal quality was marginal at best even with a converter. Additionally, during the analog television era, UHF stations were not adequately receivable in rugged terrain. These factors made many prospective station owners skittish about investing in a UHF station, especially one that would have had to take on an affiliation with a weaker network.",IRRELEVANT,True,True,True
5725d7e438643c19005acdfb,easy,27,para:1139,What former building is currently known as Grand 1401?,['San Joaquin Light & Power Building'],"In 1968, ABC took advantage of new FCC ownership regulations that allowed broadcasting companies to own a maximum of seven radio stations nationwide in order to purchase Houston radio stations KXYZ and KXYZ-FM for $1 million in shares and $1.5 million in bonds. That year, Roone Arledge was named president of ABC Sports; the company also founded ABC Pictures, a film production company which released its first picture that year, the Ralph Nelson-directed Charly. It was renamed ABC Motion Pictures in 1979; the unit was dissolved in 1985. The studio also operated two subsidiaries, Palomar Pictures International and Selmur Pictures. In July 1968, ABC continued its acquisitions in the amusement parks sector with the opening of ABC Marine World in Redwood City, California; that park was sold in 1972 and demolished in 1986, with the land that occupied the park later becoming home to the headquarters of Oracle Corporation.",IRRELEVANT,True,True,True
5725d7e438643c19005acdfb,easy,28,para:1142,What former building is currently known as Grand 1401?,['San Joaquin Light & Power Building'],"In May 2013, ABC launched ""WATCH ABC"", a revamp of its traditional multi-platform streaming services encompassing the network's existing streaming portal at ABC.com and a mobile app for smartphones and tablet computers; in addition to providing full-length episodes of ABC programs, the service allows live programming streams of local ABC affiliates in select markets (the first such offering by a U.S. broadcast network). Similar to sister network ESPN's WatchESPN service (which originated the ""WATCH"" brand used by the streaming services of Disney's television networks), live streams of ABC stations are only available to authenticated subscribers of participating pay television providers in certain markets. New York City O&O WABC-TV and Philadelphia O&O WPVI-TV were the first stations to offer streams of their programming on the service (with a free preview for non-subscribers through June 2013), with the six remaining ABC O&Os offering streams by the start of the 2013–14 season. Hearst Television also reached a deal to offer streams of its ABC affiliates (including stations in Boston, Kansas City, Milwaukee and West Palm Beach) on the service.",IRRELEVANT,True,True,True
5725d7e438643c19005acdfb,easy,29,para:1146,What former building is currently known as Grand 1401?,['San Joaquin Light & Power Building'],"He came to power by uniting many of the nomadic tribes of Northeast Asia. After founding the Mongol Empire and being proclaimed ""Genghis Khan"", he started the Mongol invasions that resulted in the conquest of most of Eurasia. These included raids or invasions of the Qara Khitai, Caucasus, Khwarezmid Empire, Western Xia and Jin dynasties. These campaigns were often accompanied by wholesale massacres of the civilian populations – especially in the Khwarezmian and Xia controlled lands. By the end of his life, the Mongol Empire occupied a substantial portion of Central Asia and China.",IRRELEVANT,True,True,True
5725d7e438643c19005acdfb,easy,30,para:1148,What former building is currently known as Grand 1401?,['San Joaquin Light & Power Building'],"Temüjin was probably born in 1162 in Delüün Boldog, near Burkhan Khaldun mountain and the Onon and Kherlen rivers in modern-day northern Mongolia, not far from the current capital Ulaanbaatar. The Secret History of the Mongols reports that Temüjin was born with a blood clot grasped in his fist, a traditional sign that he was destined to become a great leader. He was the second-oldest son of his father Yesügei, a Khamag Mongol's major chief of the Kiyad and an ally of Toghrul Khan of the Keraite tribe, and the oldest son of his mother Hoelun. According to the Secret History, Temüjin was named after a Tatar chieftain, Temüjin-üge, whom his father had just captured.",IRRELEVANT,True,True,True
5726c9b0dd62a815002e9046,hard,1,para:1898,What year did the Khwarezmian Empire fall to Genghis Khan?,"['1220', '1220,']","Imperialism has played an important role in the histories of Japan, Korea, the Assyrian Empire, the Chinese Empire, the Roman Empire, Greece, the Byzantine Empire, the Persian Empire, the Ottoman Empire, Ancient Egypt, the British Empire, India, and many other empires. Imperialism was a basic component to the conquests of Genghis Khan during the Mongol Empire, and of other war-lords. Historically recognized Muslim empires number in the dozens. Sub-Saharan Africa has also featured dozens of empires that predate the European colonial era, for example the Ethiopian Empire, Oyo Empire, Asante Union, Luba Empire, Lunda Empire, and Mutapa Empire. The Americas during the pre-Columbian era also had large empires such as the Aztec Empire and the Incan Empire.",IRRELEVANT,True,True,True
5726c9b0dd62a815002e9046,hard,2,para:1548,What year did the Khwarezmian Empire fall to Genghis Khan?,"['1220', '1220,']","Genghis Khan united the Mongol and Turkic tribes of the steppes and became Great Khan in 1206. He and his successors expanded the Mongol empire across Asia. Under the reign of Genghis' third son, Ögedei Khan, the Mongols destroyed the weakened Jin dynasty in 1234, conquering most of northern China. Ögedei offered his nephew Kublai a position in Xingzhou, Hebei. Kublai was unable to read Chinese but had several Han Chinese teachers attached to him since his early years by his mother Sorghaghtani. He sought the counsel of Chinese Buddhist and Confucian advisers. Möngke Khan succeeded Ögedei's son, Güyük, as Great Khan in 1251. He granted his brother Kublai control over Mongol held territories in China. Kublai built schools for Confucian scholars, issued paper money, revived Chinese rituals, and endorsed policies that stimulated agricultural and commercial growth. He adopted as his capital city Kaiping in Inner Mongolia, later renamed Shangdu.",IRRELEVANT,True,True,True
5726c9b0dd62a815002e9046,hard,3,para:1546,What year did the Khwarezmian Empire fall to Genghis Khan?,"['1220', '1220,']","The Yuan dynasty is considered both a successor to the Mongol Empire and an imperial Chinese dynasty. It was the khanate ruled by the successors of Möngke Khan after the division of the Mongol Empire. In official Chinese histories, the Yuan dynasty bore the Mandate of Heaven, following the Song dynasty and preceding the Ming dynasty. The dynasty was established by Kublai Khan, yet he placed his grandfather Genghis Khan on the imperial records as the official founder of the dynasty as Taizu.[b] In the Proclamation of the Dynastic Name (《建國號詔》), Kublai announced the name of the new dynasty as Great Yuan and claimed the succession of former Chinese dynasties from the Three Sovereigns and Five Emperors to the Tang dynasty.",IRRELEVANT,True,True,True
5726c9b0dd62a815002e9046,hard,4,para:1571,What year did the Khwarezmian Empire fall to Genghis Khan?,"['1220', '1220,']","The Yuan dynasty was the first time that non-native Chinese people ruled all of China. In the historiography of Mongolia, it is generally considered to be the continuation of the Mongol Empire. Mongols are widely known to worship the Eternal Heaven, and according to the traditional Mongolian ideology Yuan is considered to be ""the beginning of an infinite number of beings, the foundation of peace and happiness, state power, the dream of many peoples, besides it there is nothing great or precious."" In traditional historiography of China, on the other hand, the Yuan dynasty is usually considered to be the legitimate dynasty between the Song dynasty and the Ming dynasty. Note, however, Yuan dynasty is traditionally often extended to cover the Mongol Empire before Kublai Khan's formal establishment of the Yuan in 1271, partly because Kublai had his grandfather Genghis Khan placed on the official record as the founder of the dynasty or Taizu (Chinese: 太祖). Despite the traditional historiography as well as the official views (including the government of the Ming dynasty which overthrew the Yuan dynasty), there also exist Chinese people[who?] who did not consider the Yuan dynasty as a legitimate dynasty of China, but rather as a period of foreign domination. The latter believe that Han Chinese were treated as second-class citizens,[citation needed] and that China stagnated economically and scientifically.",IRRELEVANT,True,True,True
5726c9b0dd62a815002e9046,hard,5,para:1547,What year did the Khwarezmian Empire fall to Genghis Khan?,"['1220', '1220,']","In 1271, Kublai Khan imposed the name Great Yuan (Chinese: 大元; pinyin: Dà Yuán; Wade–Giles: Ta-Yüan), establishing the Yuan dynasty. ""Dà Yuán"" (大元) is from the sentence ""大哉乾元"" (dà zai Qián Yuán / ""Great is Qián, the Primal"") in the Commentaries on the Classic of Changes (I Ching) section regarding Qián (乾). The counterpart in Mongolian language was Dai Ön Ulus, also rendered as Ikh Yuan Üls or Yekhe Yuan Ulus. In Mongolian, Dai Ön (Great Yuan) is often used in conjunction with the ""Yeke Mongghul Ulus"" (lit. ""Great Mongol State""), resulting in Dai Ön Yeke Mongghul Ulus (Mongolian script: ), meaning ""Great Yuan Great Mongol State"". The Yuan dynasty is also known as the ""Mongol dynasty"" or ""Mongol Dynasty of China"", similar to the names ""Manchu dynasty"" or ""Manchu Dynasty of China"" for the Qing dynasty. Furthermore, the Yuan is sometimes known as the ""Empire of the Great Khan"" or ""Khanate of the Great Khan"", which particularly appeared on some Yuan maps, since Yuan emperors held the nominal title of Great Khan. Nevertheless, both terms can also refer to the khanate within the Mongol Empire directly ruled by Great Khans before the actual establishment of the Yuan dynasty by Kublai Khan in 1271.",IRRELEVANT,True,True,True
5726c9b0dd62a815002e9046,hard,6,para:1416,What year did the Khwarezmian Empire fall to Genghis Khan?,"['1220', '1220,']","Plotting the relationship between level of income and inequality, Kuznets saw middle-income developing economies level of inequality bulging out to form what is now known as the Kuznets curve. Kuznets demonstrated this relationship using cross-sectional data. However, more recent testing of this theory with superior panel data has shown it to be very weak. Kuznets' curve predicts that income inequality will eventually decrease given time. As an example, income inequality did fall in the United States during its High school movement from 1910 to 1940 and thereafter.[citation needed] However, recent data shows that the level of income inequality began to rise after the 1970s. This does not necessarily disprove Kuznets' theory.[citation needed] It may be possible that another Kuznets' cycle is occurring, specifically the move from the manufacturing sector to the service sector.[citation needed] This implies that it may be possible for multiple Kuznets' cycles to be in effect at any given time.",IRRELEVANT,True,True,True
5726c9b0dd62a815002e9046,hard,7,para:1141,What year did the Khwarezmian Empire fall to Genghis Khan?,"['1220', '1220,']","These kinds of programs presented ABC with an image of the ""philosophy of counterprogramming against its competitors"", offering a strong lineup of programs that contrasted with those seen on its rival networks, which helped Goldenson give the network a continuum between film and television. ABC's western series (as well as series such as the actioner Zorro) went up against and defeated the variety shows aired by NBC and CBS in the fall of 1957, and its detective shows did the same in the fall of 1959. To captivate the network's audiences, short 66-minute series were scheduled a half-hour before their hour-long competition. In May 1961, Life criticized the public enthusiasm and sponsorship for these types of shows at the expense of news programming and denounced an unofficial law ""replacing the good programs with the bad ones"".",IRRELEVANT,True,True,True
5726c9b0dd62a815002e9046,hard,8,para:2046,What year did the Khwarezmian Empire fall to Genghis Khan?,"['1220', '1220,']","What we now call gravity was not identified as a universal force until the work of Isaac Newton. Before Newton, the tendency for objects to fall towards the Earth was not understood to be related to the motions of celestial objects. Galileo was instrumental in describing the characteristics of falling objects by determining that the acceleration of every object in free-fall was constant and independent of the mass of the object. Today, this acceleration due to gravity towards the surface of the Earth is usually designated as and has a magnitude of about 9.81 meters per second squared (this measurement is taken from sea level and may vary depending on location), and points toward the center of the Earth. This observation means that the force of gravity on an object at the Earth's surface is directly proportional to the object's mass. Thus an object that has a mass of will experience a force:",IRRELEVANT,True,True,True
5726c9b0dd62a815002e9046,hard,9,para:1551,What year did the Khwarezmian Empire fall to Genghis Khan?,"['1220', '1220,']","Möngke Khan commenced a military campaign against the Chinese Song dynasty in southern China. The Mongol force that invaded southern China was far greater than the force they sent to invade the Middle East in 1256. He died in 1259 without a successor. Kublai returned from fighting the Song in 1260 when he learned that his brother, Ariq Böke, was challenging his claim to the throne. Kublai convened a kurultai in Kaiping that elected him Great Khan. A rival kurultai in Mongolia proclaimed Ariq Böke Great Khan, beginning a civil war. Kublai depended on the cooperation of his Chinese subjects to ensure that his army received ample resources. He bolstered his popularity among his subjects by modeling his government on the bureaucracy of traditional Chinese dynasties and adopting the Chinese era name of Zhongtong. Ariq Böke was hampered by inadequate supplies and surrendered in 1264. All of the three western khanates (Golden Horde, Chagatai Khanate and Ilkhanate) became functionally autonomous, although only the Ilkhans truly recognized Kublai as Great Khan. Civil strife had permanently divided the Mongol Empire.",IRRELEVANT,True,True,True
5726c9b0dd62a815002e9046,hard,10,para:2029,What year did the Khwarezmian Empire fall to Genghis Khan?,"['1220', '1220,']","The concept of inertia can be further generalized to explain the tendency of objects to continue in many different forms of constant motion, even those that are not strictly constant velocity. The rotational inertia of planet Earth is what fixes the constancy of the length of a day and the length of a year. Albert Einstein extended the principle of inertia further when he explained that reference frames subject to constant acceleration, such as those free-falling toward a gravitating object, were physically equivalent to inertial reference frames. This is why, for example, astronauts experience weightlessness when in free-fall orbit around the Earth, and why Newton's Laws of Motion are more easily discernible in such environments. If an astronaut places an object with mass in mid-air next to himself, it will remain stationary with respect to the astronaut due to its inertia. This is the same thing that would occur if the astronaut and the object were in intergalactic space with no net force of gravity acting on their shared reference frame. This principle of equivalence was one of the foundational underpinnings for the development of the general theory of relativity.",IRRELEVANT,True,True,True
5726c9b0dd62a815002e9046,hard,11,para:1570,What year did the Khwarezmian Empire fall to Genghis Khan?,"['1220', '1220,']","The Yuan undertook extensive public works. Among Kublai Khan's top engineers and scientists was the astronomer Guo Shoujing, who was tasked with many public works projects and helped the Yuan reform the lunisolar calendar to provide an accuracy of 365.2425 days of the year, which was only 26 seconds off the modern Gregorian calendar's measurement. Road and water communications were reorganized and improved. To provide against possible famines, granaries were ordered built throughout the empire. The city of Beijing was rebuilt with new palace grounds that included artificial lakes, hills and mountains, and parks. During the Yuan period, Beijing became the terminus of the Grand Canal of China, which was completely renovated. These commercially oriented improvements encouraged overland and maritime commerce throughout Asia and facilitated direct Chinese contacts with Europe. Chinese travelers to the West were able to provide assistance in such areas as hydraulic engineering. Contacts with the West also brought the introduction to China of a major food crop, sorghum, along with other foreign food products and methods of preparation.",IRRELEVANT,True,True,True
5726c9b0dd62a815002e9046,hard,12,para:219,What year did the Khwarezmian Empire fall to Genghis Khan?,"['1220', '1220,']","In an interview with newspaper editor Arthur Brisbane, Tesla said that he did not believe in telepathy, stating, ""Suppose I made up my mind to murder you,"" he said, ""In a second you would know it. Now, isn't that wonderful? By what process does the mind get at all this?"" In the same interview, Tesla said that he believed that all fundamental laws could be reduced to one.",IRRELEVANT,True,True,True
5726c9b0dd62a815002e9046,hard,13,para:1913,What year did the Khwarezmian Empire fall to Genghis Khan?,"['1220', '1220,']","Not a maritime power, and not a nation-state, as it would eventually become, Germany’s participation in Western imperialism was negligible until the late 19th century. The participation of Austria was primarily as a result of Habsburg control of the First Empire, the Spanish throne, and other royal houses.[further explanation needed] After the defeat of Napoleon, who caused the dissolution of that Holy Roman Empire, Prussia and the German states continued to stand aloof from imperialism, preferring to manipulate the European system through the Concert of Europe. After Prussia unified the other states into the second German Empire after the Franco-German War, its long-time Chancellor, Otto von Bismarck (1862–90), long opposed colonial acquisitions, arguing that the burden of obtaining, maintaining, and defending such possessions would outweigh any potential benefits. He felt that colonies did not pay for themselves, that the German bureaucratic system would not work well in the tropics and the diplomatic disputes over colonies would distract Germany from its central interest, Europe itself.",IRRELEVANT,True,True,True
5726c9b0dd62a815002e9046,hard,14,para:1545,What year did the Khwarezmian Empire fall to Genghis Khan?,"['1220', '1220,']","The Yuan dynasty (Chinese: 元朝; pinyin: Yuán Cháo), officially the Great Yuan (Chinese: 大元; pinyin: Dà Yuán; Mongolian: Yehe Yuan Ulus[a]), was the empire or ruling dynasty of China established by Kublai Khan, leader of the Mongolian Borjigin clan. Although the Mongols had ruled territories including today's North China for decades, it was not until 1271 that Kublai Khan officially proclaimed the dynasty in the traditional Chinese style. His realm was, by this point, isolated from the other khanates and controlled most of present-day China and its surrounding areas, including modern Mongolia and Korea. It was the first foreign dynasty to rule all of China and lasted until 1368, after which its Genghisid rulers returned to their Mongolian homeland and continued to rule the Northern Yuan dynasty. Some of the Mongolian Emperors of the Yuan mastered the Chinese language, while others only used their native language (i.e. Mongolian) and the 'Phags-pa script.",IRRELEVANT,True,True,True
5726c9b0dd62a815002e9046,hard,15,para:789,What year did the Khwarezmian Empire fall to Genghis Khan?,"['1220', '1220,']","NASA's CALIPSO satellite has measured the amount of dust transported by wind from the Sahara to the Amazon: an average 182 million tons of dust are windblown out of the Sahara each year, at 15 degrees west longitude, across 1,600 miles (2,600 km) over the Atlantic Ocean (some dust falls into the Atlantic), then at 35 degrees West longitude at the eastern coast of South America, 27.7 million tons (15%) of dust fall over the Amazon basin, 132 million tons of dust remain in the air, 43 million tons of dust are windblown and falls on the Caribbean Sea, past 75 degrees west longitude.",IRRELEVANT,True,True,True
5726c9b0dd62a815002e9046,hard,16,para:416,What year did the Khwarezmian Empire fall to Genghis Khan?,"['1220', '1220,']","Despite the disagreements on the Eucharist, the Marburg Colloquy paved the way for the signing in 1530 of the Augsburg Confession, and for the formation of the Schmalkaldic League the following year by leading Protestant nobles such as John of Saxony, Philip of Hesse, and George, Margrave of Brandenburg-Ansbach. The Swiss cities, however, did not sign these agreements.",IRRELEVANT,True,True,True
5726c9b0dd62a815002e9046,hard,17,para:1028,What year did the Khwarezmian Empire fall to Genghis Khan?,"['1220', '1220,']","The Soulages collection of Italian and French Renaissance objects was acquired between 1859 and 1865, and includes several cassone. The John Jones Collection of French 18th-century art and furnishings was left to the museum in 1882, then valued at £250,000. One of the most important pieces in this collection is a marquetry commode by the ébéniste Jean Henri Riesener dated c1780. Other signed pieces of furniture in the collection include a bureau by Jean-François Oeben, a pair of pedestals with inlaid brass work by André Charles Boulle, a commode by Bernard Vanrisamburgh and a work-table by Martin Carlin. Other 18th-century ébénistes represented in the Museum collection include Adam Weisweiler, David Roentgen, Gilles Joubert & Pierre Langlois. In 1901, Sir George Donaldson donated several pieces of art Nouveau furniture to the museum, which he had acquired the previous year at the Paris Exposition Universelle. This was criticized at the time, with the result that the museum ceased to collect contemporary items and did not do so again until the 1960s. In 1986 the Lady Abingdon collection of French Empire furniture was bequeathed by Mrs T. R. P. Hole.",IRRELEVANT,True,True,True
5726c9b0dd62a815002e9046,hard,18,para:73,What year did the Khwarezmian Empire fall to Genghis Khan?,"['1220', '1220,']","The first historical reference to Warsaw dates back to the year 1313, at a time when Kraków served as the Polish capital city. Due to its central location between the Polish–Lithuanian Commonwealth's capitals of Kraków and Vilnius, Warsaw became the capital of the Commonwealth and of the Crown of the Kingdom of Poland when King Sigismund III Vasa moved his court from Kraków to Warsaw in 1596. After the Third Partition of Poland in 1795, Warsaw was incorporated into the Kingdom of Prussia. In 1806 during the Napoleonic Wars, the city became the official capital of the Grand Duchy of Warsaw, a puppet state of the First French Empire established by Napoleon Bonaparte. In accordance with the decisions of the Congress of Vienna, the Russian Empire annexed Warsaw in 1815 and it became part of the ""Congress Kingdom"". Only in 1918 did it regain independence from the foreign rule and emerge as a new capital of the independent Republic of Poland. The German invasion in 1939, the massacre of the Jewish population and deportations to concentration camps led to the uprising in the Warsaw ghetto in 1943 and to the major and devastating Warsaw Uprising between August and October 1944. Warsaw gained the title of the ""Phoenix City"" because it has survived many wars, conflicts and invasions throughout its long history. Most notably, the city required painstaking rebuilding after the extensive damage it suffered in World War II, which destroyed 85% of its buildings. On 9 November 1940, the city was awarded Poland's highest military decoration for heroism, the Virtuti Militari, during the Siege of Warsaw (1939).",IRRELEVANT,True,True,True
5726c9b0dd62a815002e9046,hard,19,para:1569,What year did the Khwarezmian Empire fall to Genghis Khan?,"['1220', '1220,']","The first recorded travels by Europeans to China and back date from this time. The most famous traveler of the period was the Venetian Marco Polo, whose account of his trip to ""Cambaluc,"" the capital of the Great Khan, and of life there astounded the people of Europe. The account of his travels, Il milione (or, The Million, known in English as the Travels of Marco Polo), appeared about the year 1299. Some argue over the accuracy of Marco Polo's accounts due to the lack of mentioning the Great Wall of China, tea houses, which would have been a prominent sight since Europeans had yet to adopt a tea culture, as well the practice of foot binding by the women in capital of the Great Khan. Some suggest that Marco Polo acquired much of his knowledge through contact with Persian traders since many of the places he named were in Persian.",IRRELEVANT,True,True,True
5726c9b0dd62a815002e9046,hard,20,para:553,What year did the Khwarezmian Empire fall to Genghis Khan?,"['1220', '1220,']","Some Huguenots settled in Bedfordshire, one of the main centres of the British lace industry at the time. Although 19th century sources have asserted that some of these refugees were lacemakers and contributed to the East Midlands lace industry, this is contentious. The only reference to immigrant lacemakers in this period is of twenty-five widows who settled in Dover, and there is no contemporary documentation to support there being Huguenot lacemakers in Bedfordshire. The implication that the style of lace known as 'Bucks Point' demonstrates a Huguenot influence, being a ""combination of Mechlin patterns on Lille ground"", is fallacious: what is now known as Mechlin lace did not develop until first half of the eighteenth century and lace with Mechlin patterns and Lille ground did not appear until the end of the 18th century, when it was widely copied throughout Europe.",IRRELEVANT,True,True,True
5726c9b0dd62a815002e9046,easy,1,para:1377,What year did the Khwarezmian Empire fall to Genghis Khan?,"['1220', '1220,']","Other: Civil rights leader W. E. B. Du Bois; philosopher Henry David Thoreau; authors Ralph Waldo Emerson and William S. Burroughs; educators Werner Baer, Harlan Hanson; poets Wallace Stevens, T. S. Eliot and E. E. Cummings; conductor Leonard Bernstein; cellist Yo Yo Ma; pianist and composer Charlie Albright; composer John Alden Carpenter; comedian, television show host and writer Conan O'Brien; actors Tatyana Ali, Nestor Carbonell, Matt Damon, Fred Gwynne, Hill Harper, Rashida Jones, Tommy Lee Jones, Ashley Judd, Jack Lemmon, Natalie Portman, Mira Sorvino, Elisabeth Shue, and Scottie Thompson; film directors Darren Aronofsky, Terrence Malick, Mira Nair, and Whit Stillman; architect Philip Johnson; musicians Rivers Cuomo, Tom Morello, and Gram Parsons; musician, producer and composer Ryan Leslie; serial killer Ted Kaczynski; programmer and activist Richard Stallman; NFL quarterback Ryan Fitzpatrick; NFL center Matt Birk; NBA player Jeremy Lin; US Ski Team skier Ryan Max Riley; physician Sachin H. Jain; physicist J. Robert Oppenheimer; computer pioneer and inventor An Wang; Tibetologist George de Roerich; and Marshall Admiral Isoroku Yamamoto.",IRRELEVANT,True,True,True
5726c9b0dd62a815002e9046,easy,2,para:1378,What year did the Khwarezmian Empire fall to Genghis Khan?,"['1220', '1220,']","Harvard's faculty includes scholars such as biologist E. O. Wilson, cognitive scientist Steven Pinker, physicists Lisa Randall and Roy Glauber, chemists Elias Corey, Dudley R. Herschbach and George M. Whitesides, computer scientists Michael O. Rabin and Leslie Valiant, Shakespeare scholar Stephen Greenblatt, writer Louis Menand, critic Helen Vendler, historians Henry Louis Gates, Jr. and Niall Ferguson, economists Amartya Sen, N. Gregory Mankiw, Robert Barro, Stephen A. Marglin, Don M. Wilson III and Martin Feldstein, political philosophers Harvey Mansfield, Baroness Shirley Williams and Michael Sandel, Fields Medalist mathematician Shing-Tung Yau, political scientists Robert Putnam, Joseph Nye, and Stanley Hoffmann, scholar/composers Robert Levin and Bernard Rands, astrophysicist Alyssa A. Goodman, and legal scholars Alan Dershowitz and Lawrence Lessig.",IRRELEVANT,True,True,True
5726c9b0dd62a815002e9046,easy,3,para:296,What year did the Khwarezmian Empire fall to Genghis Khan?,"['1220', '1220,']","In education, teachers facilitate student learning, often in a school or academy or perhaps in another environment such as outdoors. A teacher who teaches on an individual basis may be described as a tutor.",IRRELEVANT,True,True,True
5726c9b0dd62a815002e9046,easy,4,para:306,What year did the Khwarezmian Empire fall to Genghis Khan?,"['1220', '1220,']","Official corporal punishment, often by caning, remains commonplace in schools in some Asian, African and Caribbean countries. For details of individual countries see School corporal punishment.",IRRELEVANT,True,True,True
5726c9b0dd62a815002e9046,easy,5,para:866,What year did the Khwarezmian Empire fall to Genghis Khan?,"['1220', '1220,']","Packet switching contrasts with another principal networking paradigm, circuit switching, a method which pre-allocates dedicated network bandwidth specifically for each communication session, each having a constant bit rate and latency between nodes. In cases of billable services, such as cellular communication services, circuit switching is characterized by a fee per unit of connection time, even when no data is transferred, while packet switching may be characterized by a fee per unit of information transmitted, such as characters, packets, or messages.",IRRELEVANT,True,True,True
5726c9b0dd62a815002e9046,easy,6,para:522,What year did the Khwarezmian Empire fall to Genghis Khan?,"['1220', '1220,']","As of August 2010, Victoria had 1,548 public schools, 489 Catholic schools and 214 independent schools. Just under 540,800 students were enrolled in public schools, and just over 311,800 in private schools. Over 61 per cent of private students attend Catholic schools. More than 462,000 students were enrolled in primary schools and more than 390,000 in secondary schools. Retention rates for the final two years of secondary school were 77 per cent for public school students and 90 per cent for private school students. Victoria has about 63,519 full-time teachers.",IRRELEVANT,True,True,True
5726c9b0dd62a815002e9046,easy,7,para:1887,What year did the Khwarezmian Empire fall to Genghis Khan?,"['1220', '1220,']","Imperialism is defined as ""A policy of extending a country’s power and influence through diplomacy or military force."" Imperialism is particularly focused on the control that one group, often a state power, has on another group of people. This is often through various forms of ""othering"" (see other) based on racial, religious, or cultural stereotypes. There are ""formal"" or ""informal"" imperialisms. ""Formal imperialism"" is defined as ""physical control or full-fledged colonial rule"". ""Informal imperialism"" is less direct; however, it is still a powerful form of dominance.",IRRELEVANT,True,True,True
5726c9b0dd62a815002e9046,easy,8,para:1419,What year did the Khwarezmian Empire fall to Genghis Khan?,"['1220', '1220,']","Effects of inequality researchers have found include higher rates of health and social problems, and lower rates of social goods, a lower level of economic utility in society from resources devoted on high-end consumption, and even a lower level of economic growth when human capital is neglected for high-end consumption. For the top 21 industrialised countries, counting each person equally, life expectancy is lower in more unequal countries (r = -.907). A similar relationship exists among US states (r = -.620).",IRRELEVANT,True,True,True
5726c9b0dd62a815002e9046,easy,9,para:266,What year did the Khwarezmian Empire fall to Genghis Khan?,"['1220', '1220,']","Other important complexity classes include BPP, ZPP and RP, which are defined using probabilistic Turing machines; AC and NC, which are defined using Boolean circuits; and BQP and QMA, which are defined using quantum Turing machines. #P is an important complexity class of counting problems (not decision problems). Classes like IP and AM are defined using Interactive proof systems. ALL is the class of all decision problems.",IRRELEVANT,True,True,True
5726c9b0dd62a815002e9046,easy,10,para:338,What year did the Khwarezmian Empire fall to Genghis Khan?,"['1220', '1220,']","Teachers in Wales can be registered members of trade unions such as ATL, NUT or NASUWT and reports in recent years suggest that the average age of teachers in Wales is falling with teachers being younger than in previous years. A growing cause of concern are that attacks on teachers in Welsh schools which reached an all-time high between 2005 and 2010.",IRRELEVANT,True,True,True
5726c9b0dd62a815002e9046,easy,11,para:2,What year did the Khwarezmian Empire fall to Genghis Khan?,"['1220', '1220,']","The Broncos took an early lead in Super Bowl 50 and never trailed. Newton was limited by Denver's defense, which sacked him seven times and forced him into three turnovers, including a fumble which they recovered for a touchdown. Denver linebacker Von Miller was named Super Bowl MVP, recording five solo tackles, 2½ sacks, and two forced fumbles.",IRRELEVANT,True,True,True
5726c9b0dd62a815002e9046,easy,12,para:479,What year did the Khwarezmian Empire fall to Genghis Khan?,"['1220', '1220,']","Professional sports teams in Southern California include teams from the NFL (Los Angeles Rams, San Diego Chargers); NBA (Los Angeles Lakers, Los Angeles Clippers); MLB (Los Angeles Dodgers, Los Angeles Angels of Anaheim, San Diego Padres); NHL (Los Angeles Kings, Anaheim Ducks); and MLS (LA Galaxy).",IRRELEVANT,True,True,True
5726c9b0dd62a815002e9046,easy,13,para:196,What year did the Khwarezmian Empire fall to Genghis Khan?,"['1220', '1220,']","On his 50th birthday in 1906, Tesla demonstrated his 200 horsepower (150 kilowatts) 16,000 rpm bladeless turbine. During 1910–1911 at the Waterside Power Station in New York, several of his bladeless turbine engines were tested at 100–5,000 hp.",IRRELEVANT,True,True,True
5726c9b0dd62a815002e9046,easy,14,para:290,What year did the Khwarezmian Empire fall to Genghis Khan?,"['1220', '1220,']","In some countries, formal education can take place through home schooling. Informal learning may be assisted by a teacher occupying a transient or ongoing role, such as a family member, or by anyone with knowledge or skills in the wider community setting.",IRRELEVANT,True,True,True
5726c9b0dd62a815002e9046,easy,15,para:206,What year did the Khwarezmian Empire fall to Genghis Khan?,"['1220', '1220,']","In 1935, in an annual birthday celebration interview, Tesla announced a method of transmitting mechanical energy with minimal loss over any terrestrial distance, a related new means of communication, and a method of accurately determining the location of underground mineral deposits.",IRRELEVANT,True,True,True
5726c9b0dd62a815002e9046,easy,16,para:1124,What year did the Khwarezmian Empire fall to Genghis Khan?,"['1220', '1220,']","Currently, New Jersey, Rhode Island and Delaware are the only U.S. states where ABC does not have a locally licensed affiliate (New Jersey is served by New York City O&O WABC-TV and Philadelphia O&O WPVI-TV; Rhode Island is served by New Bedford, Massachusetts-licensed WLNE; and Delaware is served by WPVI and Salisbury, Maryland affiliate WMDT). ABC maintains affiliations with low-power stations (broadcasting either in analog or digital) in a few markets, such as Birmingham, Alabama (WBMA-LD), Lima, Ohio (WLQP-LP) and South Bend, Indiana (WBND-LD). In some markets, including the former two mentioned, these stations also maintain digital simulcasts on a subchannel of a co-owned/co-managed full-power television station.",IRRELEVANT,True,True,True
5726c9b0dd62a815002e9046,easy,17,para:1421,What year did the Khwarezmian Empire fall to Genghis Khan?,"['1220', '1220,']","British researchers Richard G. Wilkinson and Kate Pickett have found higher rates of health and social problems (obesity, mental illness, homicides, teenage births, incarceration, child conflict, drug use), and lower rates of social goods (life expectancy by country, educational performance, trust among strangers, women's status, social mobility, even numbers of patents issued) in countries and states with higher inequality. Using statistics from 23 developed countries and the 50 states of the US, they found social/health problems lower in countries like Japan and Finland and states like Utah and New Hampshire with high levels of equality, than in countries (US and UK) and states (Mississippi and New York) with large differences in household income.",IRRELEVANT,True,True,True
5726c9b0dd62a815002e9046,easy,18,para:289,What year did the Khwarezmian Empire fall to Genghis Khan?,"['1220', '1220,']","A teacher's role may vary among cultures. Teachers may provide instruction in literacy and numeracy, craftsmanship or vocational training, the arts, religion, civics, community roles, or life skills.",IRRELEVANT,True,True,True
5726c9b0dd62a815002e9046,easy,19,para:441,What year did the Khwarezmian Empire fall to Genghis Khan?,"['1220', '1220,']","A piece of paper was later found on which Luther had written his last statement. The statement was in Latin, apart from ""We are beggars,"" which was in German.",IRRELEVANT,True,True,True
5726c9b0dd62a815002e9046,easy,20,para:482,What year did the Khwarezmian Empire fall to Genghis Khan?,"['1220', '1220,']","Rugby is also a growing sport in southern California, particularly at the high school level, with increasing numbers of schools adding rugby as an official school sport.",IRRELEVANT,True,True,True
5726c9b0dd62a815002e9046,easy,21,para:1025,What year did the Khwarezmian Empire fall to Genghis Khan?,"['1220', '1220,']","The collection of drawings includes over 10,000 British and 2,000 old master works, including works by: Dürer, Giovanni Benedetto Castiglione, Bernardo Buontalenti, Rembrandt, Antonio Verrio, Paul Sandby, John Russell, Angelica Kauffman, John Flaxman, Hugh Douglas Hamilton, Thomas Rowlandson, William Kilburn, Thomas Girtin, Jean Auguste Dominique Ingres, David Wilkie, John Martin, Samuel Palmer, Sir Edwin Henry Landseer, Lord Frederic Leighton, Sir Samuel Luke Fildes and Aubrey Beardsley. Modern British artists represented in the collection include: Paul Nash, Percy Wyndham Lewis, Eric Gill, Stanley Spencer, John Piper, Graham Sutherland, Lucian Freud and David Hockney.",IRRELEVANT,True,True,True
5726c9b0dd62a815002e9046,easy,22,para:812,What year did the Khwarezmian Empire fall to Genghis Khan?,"['1220', '1220,']","Like sponges and cnidarians, ctenophores have two main layers of cells that sandwich a middle layer of jelly-like material, which is called the mesoglea in cnidarians and ctenophores; more complex animals have three main cell layers and no intermediate jelly-like layer. Hence ctenophores and cnidarians have traditionally been labelled diploblastic, along with sponges. Both ctenophores and cnidarians have a type of muscle that, in more complex animals, arises from the middle cell layer, and as a result some recent text books classify ctenophores as triploblastic, while others still regard them as diploblastic.",IRRELEVANT,True,True,True
5726c9b0dd62a815002e9046,easy,23,para:263,What year did the Khwarezmian Empire fall to Genghis Khan?,"['1220', '1220,']","Of course, some complexity classes have complicated definitions that do not fit into this framework. Thus, a typical complexity class has a definition like the following:",IRRELEVANT,True,True,True
5726c9b0dd62a815002e9046,easy,24,para:321,What year did the Khwarezmian Empire fall to Genghis Khan?,"['1220', '1220,']","In the United States especially, several high-profile cases such as Debra LaFave, Pamela Rogers, and Mary Kay Letourneau have caused increased scrutiny on teacher misconduct.",IRRELEVANT,True,True,True
5726c9b0dd62a815002e9046,easy,25,para:43,What year did the Khwarezmian Empire fall to Genghis Khan?,"['1220', '1220,']","Six-time Grammy winner and Academy Award nominee Lady Gaga performed the national anthem, while Academy Award winner Marlee Matlin provided American Sign Language (ASL) translation.",IRRELEVANT,True,True,True
5726c9b0dd62a815002e9046,easy,26,para:229,What year did the Khwarezmian Empire fall to Genghis Khan?,"['1220', '1220,']","Tesla was generally antagonistic towards theories about the conversion of matter into energy.:247 He was also critical of Einstein's theory of relativity, saying:",IRRELEVANT,True,True,True
5726c9b0dd62a815002e9046,easy,27,para:291,What year did the Khwarezmian Empire fall to Genghis Khan?,"['1220', '1220,']","Religious and spiritual teachers, such as gurus, mullahs, rabbis, pastors/youth pastors and lamas, may teach religious texts such as the Quran, Torah or Bible.",IRRELEVANT,True,True,True
5726c9b0dd62a815002e9046,easy,28,para:1690,What year did the Khwarezmian Empire fall to Genghis Khan?,"['1220', '1220,']","Chloroplasts have their own DNA, often abbreviated as ctDNA, or cpDNA. It is also known as the plastome. Its existence was first proved in 1962, and first sequenced in 1986—when two Japanese research teams sequenced the chloroplast DNA of liverwort and tobacco. Since then, hundreds of chloroplast DNAs from various species have been sequenced, but they're mostly those of land plants and green algae—glaucophytes, red algae, and other algal groups are extremely underrepresented, potentially introducing some bias in views of ""typical"" chloroplast DNA structure and content.",IRRELEVANT,True,True,True
5726c9b0dd62a815002e9046,easy,29,para:1711,What year did the Khwarezmian Empire fall to Genghis Khan?,"['1220', '1220,']","Phycobilins are a third group of pigments found in cyanobacteria, and glaucophyte, red algal, and cryptophyte chloroplasts. Phycobilins come in all colors, though phycoerytherin is one of the pigments that makes many red algae red. Phycobilins often organize into relatively large protein complexes about 40 nanometers across called phycobilisomes. Like photosystem I and ATP synthase, phycobilisomes jut into the stroma, preventing thylakoid stacking in red algal chloroplasts. Cryptophyte chloroplasts and some cyanobacteria don't have their phycobilin pigments organized into phycobilisomes, and keep them in their thylakoid space instead.",IRRELEVANT,True,True,True
5726c9b0dd62a815002e9046,easy,30,para:1535,What year did the Khwarezmian Empire fall to Genghis Khan?,"['1220', '1220,']","In business, notable alumni include Microsoft CEO Satya Nadella, Oracle Corporation founder and the third richest man in America Larry Ellison, Goldman Sachs and MF Global CEO as well as former Governor of New Jersey Jon Corzine, McKinsey & Company founder and author of the first management accounting textbook James O. McKinsey, Arley D. Cathey, Bloomberg L.P. CEO Daniel Doctoroff, Credit Suisse CEO Brady Dougan, Morningstar, Inc. founder and CEO Joe Mansueto, Chicago Cubs owner and chairman Thomas S. Ricketts, and NBA commissioner Adam Silver.",IRRELEVANT,True,True,True
56dfb0c8231d4119001abc86,hard,1,para:1996,Who hired Tesla when he moved to New York?,['Thomas Edison'],"The Iroquois sent runners to the manor of William Johnson in upstate New York. The British Superintendent for Indian Affairs in the New York region and beyond, Johnson was known to the Iroquois as Warraghiggey, meaning ""He who does great things."" He spoke their languages and had become a respected honorary member of the Iroquois Confederacy in the area. In 1746, Johnson was made a colonel of the Iroquois. Later he was commissioned as a colonel of the Western New York Militia. They met at Albany, New York with Governor Clinton and officials from some of the other American colonies. Mohawk Chief Hendrick, Speaker of their tribal council, insisted that the British abide by their obligations and block French expansion. When Clinton did not respond to his satisfaction, Chief Hendrick said that the ""Covenant Chain"", a long-standing friendly relationship between the Iroquois Confederacy and the British Crown, was broken.",IRRELEVANT,True,True,True
56dfb0c8231d4119001abc86,hard,2,para:54,Who hired Tesla when he moved to New York?,['Thomas Edison'],"One of the most famous people born in Warsaw was Maria Skłodowska-Curie, who achieved international recognition for her research on radioactivity and was the first female recipient of the Nobel Prize. Famous musicians include Władysław Szpilman and Frédéric Chopin. Though Chopin was born in the village of Żelazowa Wola, about 60 km (37 mi) from Warsaw, he moved to the city with his family when he was seven months old. Casimir Pulaski, a Polish general and hero of the American Revolutionary War, was born here in 1745.",IRRELEVANT,True,True,True
56dfb0c8231d4119001abc86,hard,3,para:1989,Who hired Tesla when he moved to New York?,['Thomas Edison'],"Céloron's expedition force consisted of about 200 Troupes de la marine and 30 Indians. The expedition covered about 3,000 miles (4,800 km) between June and November 1749. It went up the St. Lawrence, continued along the northern shore of Lake Ontario, crossed the portage at Niagara, and followed the southern shore of Lake Erie. At the Chautauqua Portage (near present-day Barcelona, New York), the expedition moved inland to the Allegheny River, which it followed to the site of present-day Pittsburgh. There Céloron buried lead plates engraved with the French claim to the Ohio Country. Whenever he encountered British merchants or fur-traders, Céloron informed them of the French claims on the territory and told them to leave.",IRRELEVANT,True,True,True
56dfb0c8231d4119001abc86,hard,4,para:1084,Who hired Tesla when he moved to New York?,['Thomas Edison'],"On May 1, 1953, ABC's New York City flagship stations – WJZ, WJZ-FM and WJZ-TV – changed their respective callsigns to WABC, WABC-FM and WABC-TV, and moved their operations to facilities at 7 West 66th Street, one block away from Central Park. The WABC call letters were previously used by the flagship station of CBS Radio (now WCBS (AM)) until 1946. The WJZ calls would later be reassigned to the then-ABC affiliate in Baltimore in 1959, in an historical nod to the fact that WJZ was originally established by the Baltimore station's owner at the time, Westinghouse.",IRRELEVANT,True,True,True
56dfb0c8231d4119001abc86,hard,5,para:542,Who hired Tesla when he moved to New York?,['Thomas Edison'],"Huguenot immigrants did not disperse or settle in different parts of the country, but rather, formed three societies or congregations; one in the city of New York, another 21 miles north of New York in a town which they named New Rochelle, and a third further upstate in New Paltz. The ""Huguenot Street Historic District"" in New Paltz has been designated a National Historic Landmark site and contains the oldest street in the United States of America. A small group of Huguenots also settled on the south shore of Staten Island along the New York Harbor, for which the current neighborhood of Huguenot was named.",IRRELEVANT,True,True,True
56dfb0c8231d4119001abc86,hard,6,para:2004,Who hired Tesla when he moved to New York?,['Thomas Edison'],"The French acquired a copy of the British war plans, including the activities of Shirley and Johnson. Shirley's efforts to fortify Oswego were bogged down in logistical difficulties, exacerbated by Shirley's inexperience in managing large expeditions. In conjunction, Shirley was made aware that the French were massing for an attack on Fort Oswego in his absence when he planned to attack Fort Niagara. As a response, Shirley left garrisons at Oswego, Fort Bull, and Fort Williams (the latter two located on the Oneida Carry between the Mohawk River and Wood Creek at present-day Rome, New York). Supplies for use in the projected attack on Niagara were cached at Fort Bull.",IRRELEVANT,True,True,True
56dfb0c8231d4119001abc86,hard,7,para:392,Who hired Tesla when he moved to New York?,['Thomas Edison'],"By 1526, Luther found himself increasingly occupied in organising a new church. His Biblical ideal of congregations' choosing their own ministers had proved unworkable. According to Bainton: ""Luther's dilemma was that he wanted both a confessional church based on personal faith and experience and a territorial church including all in a given locality. If he were forced to choose, he would take his stand with the masses, and this was the direction in which he moved."" From 1525 to 1529, he established a supervisory church body, laid down a new form of worship service, and wrote a clear summary of the new faith in the form of two catechisms. Luther's thought is revolutionary to the extent that it is a theology of the cross, the negation of every affirmation: as long as the cross is at the center, the system building tendency of reason is held in check, and system building does not degenerate into System.",IRRELEVANT,True,True,True
56dfb0c8231d4119001abc86,hard,8,para:1099,Who hired Tesla when he moved to New York?,['Thomas Edison'],"Meanwhile, ABC News, which formed as a newly separate division, sought to become a global leader in television news. In 1977, Roone Arledge was named president of the new ABC News in addition to being president of ABC Sports. That same year, ABC launched a major expansion of its office facilities in New York City. The company first constructed a new 10-story building on land previously occupied by an abandoned warehouse on the corner of Columbus Avenue and West 66th Street; the facility that was built in its place is nicknamed ""7 Lincoln Square"" (although it is actually located at 149 Columbus Avenue). Meanwhile, a former parking lot, located at 30 West 67th Street, was transformed into an impressive 15-story building. Both buildings were completed in June 1979. WABC-TV moved its operations from offices at 77 West 66th Street to 149 Columbus Avenue, freeing up space for the ABC network to house some of its operations.",IRRELEVANT,True,True,True
56dfb0c8231d4119001abc86,hard,9,para:1060,Who hired Tesla when he moved to New York?,['Thomas Edison'],"Since 1974, ABC has generally aired Dick Clark's New Year's Rockin' Eve on New Year's Eve (hosted first by its creator Dick Clark, and later by his successor Ryan Seacrest); the only exception was in 1999, when ABC put it on a one-year hiatus to provide coverage of the international millennium festivities, though Clark's traditional countdown from Times Square was still featured within the coverage. ABC has also aired the Miss America pageant from 1954 to 1956, 1997 to 2005 (with the television rights being assumed by cable channel TLC in 2006, when the pageant moved from its longtime homebase in Atlantic City to Las Vegas, before returning to Atlantic City in 2013) and since 2011. Under its current contract with the Miss America Organization, ABC will continue to broadcast the pageant through 2016.",IRRELEVANT,True,True,True
56dfb0c8231d4119001abc86,hard,10,para:2011,Who hired Tesla when he moved to New York?,['Thomas Edison'],"Loudoun, a capable administrator but a cautious field commander, planned one major operation for 1757: an attack on New France's capital, Quebec. Leaving a sizable force at Fort William Henry to distract Montcalm, he began organizing for the expedition to Quebec. He was then ordered by William Pitt, the Secretary of State responsible for the colonies, to attack Louisbourg first. Beset by delays of all kinds, the expedition was finally ready to sail from Halifax, Nova Scotia in early August. In the meantime French ships had escaped the British blockade of the French coast, and a fleet outnumbering the British one awaited Loudoun at Louisbourg. Faced with this strength, Loudoun returned to New York amid news that a massacre had occurred at Fort William Henry.",IRRELEVANT,True,True,True
56dfb0c8231d4119001abc86,hard,11,para:1085,Who hired Tesla when he moved to New York?,['Thomas Edison'],"However, a problem emerged regarding the directions taken by ABC and UPT. In 1950, Noble appointed Robert Kintner to be ABC's president while he himself served as its CEO, a position he would hold until his death in 1958. Despite the promise of non-interference between ABC and UPT, Goldenson had to intervene in ABC's decisions because of financial problems and the FCC's long period of indecision. Goldenson added to the confusion when, in October 1954, he proposed a merger between UPT and the DuMont Television Network, which was also mired in financial trouble. As part of this merger, the network would have been renamed ""ABC-DuMont"" for five years, and DuMont would have received $5 million in cash, room on the schedule for existing DuMont programming, and guaranteed advertising time for DuMont Laboratories receivers. In addition, to comply with FCC ownership restrictions, it would have been required to sell either WABC-TV or DuMont owned-and-operated station WABD in the New York City market, as well as two other stations. The merged ABC-DuMont would have had the resources to compete with CBS and NBC.",IRRELEVANT,True,True,True
56dfb0c8231d4119001abc86,hard,12,para:1995,Who hired Tesla when he moved to New York?,['Thomas Edison'],"In the spring of 1753, Paul Marin de la Malgue was given command of a 2,000-man force of Troupes de la Marine and Indians. His orders were to protect the King's land in the Ohio Valley from the British. Marin followed the route that Céloron had mapped out four years earlier, but where Céloron had limited the record of French claims to the burial of lead plates, Marin constructed and garrisoned forts. He first constructed Fort Presque Isle (near present-day Erie, Pennsylvania) on Lake Erie's south shore. He had a road built to the headwaters of LeBoeuf Creek. Marin constructed a second fort at Fort Le Boeuf (present-day Waterford, Pennsylvania), designed to guard the headwaters of LeBoeuf Creek. As he moved south, he drove off or captured British traders, alarming both the British and the Iroquois. Tanaghrisson, a chief of the Mingo, who were remnants of Iroquois and other tribes who had been driven west by colonial expansion. He intensely disliked the French (whom he accused of killing and eating his father). Traveling to Fort Le Boeuf, he threatened the French with military action, which Marin contemptuously dismissed.",IRRELEVANT,True,True,True
56dfb0c8231d4119001abc86,hard,13,para:2007,Who hired Tesla when he moved to New York?,['Thomas Edison'],"Following the death of Braddock, William Shirley assumed command of British forces in North America. At a meeting in Albany in December 1755, he laid out his plans for 1756. In addition to renewing the efforts to capture Niagara, Crown Point and Duquesne, he proposed attacks on Fort Frontenac on the north shore of Lake Ontario and an expedition through the wilderness of the Maine district and down the Chaudière River to attack the city of Quebec. Bogged down by disagreements and disputes with others, including William Johnson and New York's Governor Sir Charles Hardy, Shirley's plan had little support.",IRRELEVANT,True,True,True
56dfb0c8231d4119001abc86,hard,14,para:703,Who hired Tesla when he moved to New York?,['Thomas Edison'],"But even after NASA reached internal agreement, it was far from smooth sailing. Kennedy's science advisor Jerome Wiesner, who had expressed his opposition to manned spaceflight to Kennedy before the President took office, and had opposed the decision to land men on the Moon, hired Golovin, who had left NASA, to chair his own ""Space Vehicle Panel"", ostensibly to monitor, but actually to second-guess NASA's decisions on the Saturn V launch vehicle and LOR by forcing Shea, Seamans, and even Webb to defend themselves, delaying its formal announcement to the press on July 11, 1962, and forcing Webb to still hedge the decision as ""tentative"".",IRRELEVANT,True,True,True
56dfb0c8231d4119001abc86,hard,15,para:383,Who hired Tesla when he moved to New York?,['Thomas Edison'],"Luther next set about reversing or modifying the new church practices. By working alongside the authorities to restore public order, he signalled his reinvention as a conservative force within the Reformation. After banishing the Zwickau prophets, he now faced a battle against not only the established Church but also the radical reformers who threatened the new order by fomenting social unrest and violence.",IRRELEVANT,True,True,True
56dfb0c8231d4119001abc86,hard,16,para:1401,Who hired Tesla when he moved to New York?,['Thomas Edison'],"According to PolitiFact the top 400 richest Americans ""have more wealth than half of all Americans combined."" According to the New York Times on July 22, 2014, the ""richest 1 percent in the United States now own more wealth than the bottom 90 percent"". Inherited wealth may help explain why many Americans who have become rich may have had a ""substantial head start"". In September 2012, according to the Institute for Policy Studies, ""over 60 percent"" of the Forbes richest 400 Americans ""grew up in substantial privilege"".",IRRELEVANT,True,True,True
56dfb0c8231d4119001abc86,hard,17,para:1979,Who hired Tesla when he moved to New York?,['Thomas Edison'],"In 1755, six colonial governors in North America met with General Edward Braddock, the newly arrived British Army commander, and planned a four-way attack on the French. None succeeded and the main effort by Braddock was a disaster; he was defeated in the Battle of the Monongahela on July 9, 1755 and died a few days later. British operations in 1755, 1756 and 1757 in the frontier areas of Pennsylvania and New York all failed, due to a combination of poor management, internal divisions, and effective Canadian scouts, French regular forces, and Indian warrior allies. In 1755, the British captured Fort Beauséjour on the border separating Nova Scotia from Acadia; soon afterward they ordered the expulsion of the Acadians. Orders for the deportation were given by William Shirley, Commander-in-Chief, North America, without direction from Great Britain. The Acadians, both those captured in arms and those who had sworn the loyalty oath to His Britannic Majesty, were expelled. Native Americans were likewise driven off their land to make way for settlers from New England.",IRRELEVANT,True,True,True
56dfb0c8231d4119001abc86,easy,1,para:1007,Who hired Tesla when he moved to New York?,['Thomas Edison'],"Not only are all the major British architects of the last four hundred years represented, but many European (especially Italian) and American architects' drawings are held in the collection. The RIBA's holdings of over 330 drawings by Andrea Palladio are the largest in the world, other Europeans well represented are Jacques Gentilhatre and Antonio Visentini. British architects whose drawings, and in some cases models of their buildings, in the collection, include: Inigo Jones, Sir Christopher Wren, Sir John Vanbrugh, Nicholas Hawksmoor, William Kent, James Gibbs, Robert Adam, Sir William Chambers, James Wyatt, Henry Holland, John Nash, Sir John Soane, Sir Charles Barry, Charles Robert Cockerell, Augustus Welby Northmore Pugin, Sir George Gilbert Scott, John Loughborough Pearson, George Edmund Street, Richard Norman Shaw, Alfred Waterhouse, Sir Edwin Lutyens, Charles Rennie Mackintosh, Charles Holden, Frank Hoar, Lord Richard Rogers, Lord Norman Foster, Sir Nicholas Grimshaw, Zaha Hadid and Alick Horsnell.",IRRELEVANT,True,True,True
56dfb0c8231d4119001abc86,easy,2,para:102,Who hired Tesla when he moved to New York?,['Thomas Edison'],"Warsaw (Polish: Warszawa [varˈʂava] ( listen); see also other names) is the capital and largest city of Poland. It stands on the Vistula River in east-central Poland, roughly 260 kilometres (160 mi) from the Baltic Sea and 300 kilometres (190 mi) from the Carpathian Mountains. Its population is estimated at 1.740 million residents within a greater metropolitan area of 2.666 million residents, which makes Warsaw the 9th most-populous capital city in the European Union. The city limits cover 516.9 square kilometres (199.6 sq mi), while the metropolitan area covers 6,100.43 square kilometres (2,355.39 sq mi).",IRRELEVANT,True,True,True
56dfb0c8231d4119001abc86,easy,3,para:1022,Who hired Tesla when he moved to New York?,['Thomas Edison'],"Many famous potters, such as Josiah Wedgwood, William De Morgan and Bernard Leach as well as Mintons & Royal Doulton are represented in the collection. There is an extensive collection of Delftware produced in both Britain and Holland, which includes a circa 1695 flower pyramid over a metre in height. Bernard Palissy has several examples of his work in the collection including dishes, jugs and candlesticks. The largest objects in the collection are a series of elaborately ornamented ceramic stoves from the 16th and 17th centuries, made in Germany and Switzerland. There is an unrivalled collection of Italian maiolica and lustreware from Spain. The collection of Iznik pottery from Turkey is the largest in the world.",IRRELEVANT,True,True,True
56dfb0c8231d4119001abc86,easy,4,para:1025,Who hired Tesla when he moved to New York?,['Thomas Edison'],"The collection of drawings includes over 10,000 British and 2,000 old master works, including works by: Dürer, Giovanni Benedetto Castiglione, Bernardo Buontalenti, Rembrandt, Antonio Verrio, Paul Sandby, John Russell, Angelica Kauffman, John Flaxman, Hugh Douglas Hamilton, Thomas Rowlandson, William Kilburn, Thomas Girtin, Jean Auguste Dominique Ingres, David Wilkie, John Martin, Samuel Palmer, Sir Edwin Henry Landseer, Lord Frederic Leighton, Sir Samuel Luke Fildes and Aubrey Beardsley. Modern British artists represented in the collection include: Paul Nash, Percy Wyndham Lewis, Eric Gill, Stanley Spencer, John Piper, Graham Sutherland, Lucian Freud and David Hockney.",IRRELEVANT,True,True,True
56dfb0c8231d4119001abc86,easy,5,para:1036,Who hired Tesla when he moved to New York?,['Thomas Edison'],"Several French paintings entered the collection as part of the 260 paintings and miniatures (not all the works were French, for example Carlo Crivelli's Virgin and Child) that formed part of the Jones bequest of 1882 and as such are displayed in the galleries of continental art 1600–1800, including the portrait of François, Duc d'Alençon by François Clouet, Gaspard Dughet and works by François Boucher including his portrait of Madame de Pompadour dated 1758, Jean François de Troy, Jean-Baptiste Pater and their contemporaries.",IRRELEVANT,True,True,True
56dfb0c8231d4119001abc86,easy,6,para:1039,Who hired Tesla when he moved to New York?,['Thomas Edison'],"The collection of Italian, Medieval, Renaissance, Baroque and Neoclassical sculpture (both original and in cast form) is unequalled outside of Italy. It includes Canova's The Three Graces, which the museum jointly owns with National Galleries of Scotland. Italian sculptors whose work is held by the museum include: Bartolomeo Bon, Bartolomeo Bellano, Luca della Robbia, Giovanni Pisano, Donatello, Agostino di Duccio, Andrea Riccio, Antonio Rossellino, Andrea del Verrocchio, Antonio Lombardo, Pier Jacopo Alari Bonacolsi, Andrea della Robbia, Michelozzo di Bartolomeo, Michelangelo (represented by a freehand wax model and casts of his most famous sculptures), Jacopo Sansovino, Alessandro Algardi, Antonio Calcagni, Benvenuto Cellini (Medusa's head dated c. 1547), Agostino Busti, Bartolomeo Ammannati, Giacomo della Porta, Giambologna (Samson Slaying a Philistine (Giambologna) c. 1562, his finest work outside Italy), Bernini (Neptune and Triton c. 1622–3), Giovanni Battista Foggini, Vincenzo Foggini (Samson and the Philistines), Massimiliano Soldani Benzi, Antonio Corradini, Andrea Brustolon, Giovanni Battista Piranesi, Innocenzo Spinazzi, Canova, Carlo Marochetti and Raffaelle Monti. An unusual sculpture is the ancient Roman statue of Narcissus restored by Valerio Cioli c1564 with plaster. There are several small scale bronzes by Donatello, Alessandro Vittoria, Tiziano Aspetti and Francesco Fanelli in the collection. The largest item from Italy is the Chancel Chapel from Santa Chiara Florence dated 1493–1500, designed by Giuliano da Sangallo it is 11.1 metres in height by 5.4 metres square, it includes a grand sculpted tabernacle by Antonio Rossellino and coloured terracotta decoration.",IRRELEVANT,True,True,True
56dfb0c8231d4119001abc86,easy,7,para:1044,Who hired Tesla when he moved to New York?,['Thomas Edison'],"The tapestry collection includes a fragment of the Cloth of St Gereon, the oldest known surviving European tapestry. A highlight of the collection is the four Devonshire Hunting Tapestries, very rare 15th-century tapestries, woven in the Netherlands, depicting the hunting of various animals; not just their age but their size make these unique. Both of the major English centres of tapestry weaving of the 16th and 17th centuries respectively, Sheldon & Mortlake are represented in the collection by several examples. Also included are tapestries from John Vanderbank's workshop which was the leading English tapestry manufactory in the late 17th century and early 18th century. Some of the finest tapestries are examples from the Gobelins workshop, including a set of 'Jason and the Argonauts' dating from the 1750s. Other continental centres of tapestry weaving with work in the collection include Brussels, Tournai, Beauvais, Strasbourg and Florence.",IRRELEVANT,True,True,True
56dfb0c8231d4119001abc86,easy,8,para:1045,Who hired Tesla when he moved to New York?,['Thomas Edison'],"One of the earliest surviving examples of European quilting, the late 14th-century Sicilian Tristan Quilt, is also held by the collection. The collection has numerous examples of various types of textiles designed by William Morris, including, embroidery, woven fabrics, tapestries (Including 'The Forest' tapestry of 1887), rugs and carpets, as well as pattern books and paper designs. The art deco period is covered by rugs and fabrics designed by Marion Dorn. From the same period there is a rug designed by Serge Chermayeff.",IRRELEVANT,True,True,True
56dfb0c8231d4119001abc86,easy,9,para:1046,Who hired Tesla when he moved to New York?,['Thomas Edison'],"The V&A Theatre & Performance galleries, formerly the Theatre Museum, opened in March 2009. The collections are stored by the V&A, and are available for research, exhibitions and other shows. They hold the UK's biggest national collection of material about live performance in the UK since Shakespeare's day, covering drama, dance, musical theatre, circus, music hall, rock and pop, and most other forms of live entertainment. Types of items displayed include costumes, set models, wigs, prompt books, and posters.",IRRELEVANT,True,True,True
56dfb0c8231d4119001abc86,easy,10,para:1064,Who hired Tesla when he moved to New York?,['Thomas Edison'],"In the fall of 1949, ABC found itself in the position of an outsider, with less coverage than two of its competing networks, CBS and NBC, even though it was on par with them in some major cities and had a headstart over its third rival at the time, the DuMont Television Network. Before the freeze ended in 1952, there were only 108 existing television stations in the United States; a few major cities (such as Boston) had only two television stations, many other cities (such as Pittsburgh and St. Louis) had only one, and still many others (such as Denver and Portland) did not yet have any television service. The result was a strange period where television flourished in certain areas and network radio remained the main source of broadcast entertainment and news in others.",IRRELEVANT,True,True,True
56dfb0c8231d4119001abc86,easy,11,para:1090,Who hired Tesla when he moved to New York?,['Thomas Edison'],"On the television side, in September 1969, ABC launched the Movie of the Week, a weekly showcase aimed at capitalizing on the growing success of made-for-TV movies since the early 1960s. The Movie of the Week broadcast feature-length dramatic films directed by such talented filmmakers as Aaron Spelling, David Wolper and Steven Spielberg (the latter of whom gained early success through the showcase for his 1971 film Duel) that were produced on an average budget of $400,000–$450,000. Hits for the television network during the late 1960s and early 1970s included The Courtship of Eddie's Father, The Brady Bunch and The Partridge Family.",IRRELEVANT,True,True,True
56dfb0c8231d4119001abc86,easy,12,para:1114,Who hired Tesla when he moved to New York?,['Thomas Edison'],"Among the few bright spots during this season were the midseason crime dramedy Castle as well as the success of two family sitcoms that anchored the network's revamped Wednesday comedy lineup, The Middle and Modern Family, the latter of which was both a critical and commercial success. Shark Tank (based on the Dragon's Den reality format) also became a midseason sleeper hit on Sundays in the spring of 2010; the following season, it became the tentpole of the network's Friday night schedule, gradually helping make ABC a strong competitor (after being paired with 20/20 and beginning with the 2012–13 season, the Tim Allen sitcom Last Man Standing) against CBS' long-dominant drama/reality lineup on that night for the first time since the ""TGIF"" lineup ended in 2000.",IRRELEVANT,True,True,True
56dfb0c8231d4119001abc86,easy,13,para:1126,Who hired Tesla when he moved to New York?,['Thomas Edison'],"ABC also owns the Times Square Studios at 1500 Broadway on land in Times Square owned by a development fund for the 42nd Street Project; opened in 1999, Good Morning America and Nightline are broadcast from this particular facility. ABC News has premises a little further on West 66th Street, in a six-story building occupying a 196 feet (60 m) × 379 feet (116 m) plot at 121–135 West End Avenue. The block of West End Avenue housing the ABC News building was renamed Peter Jennings Way in 2006 in honor of the recently deceased longtime ABC News chief anchor and anchor of World News Tonight.",IRRELEVANT,True,True,True
56dfb0c8231d4119001abc86,easy,14,para:1183,Who hired Tesla when he moved to New York?,['Thomas Edison'],"The Mongol Empire was governed by a civilian and military code, called the Yassa, created by Genghis Khan. The Mongol Empire did not emphasize the importance of ethnicity and race in the administrative realm, instead adopting an approach grounded in meritocracy. The exception was the role of Genghis Khan and his family. The Mongol Empire was one of the most ethnically and culturally diverse empires in history, as befitted its size. Many of the empire's nomadic inhabitants considered themselves Mongols in military and civilian life, including Mongols, Turks and others and included many diverse Khans of various ethnicities as part of the Mongol Empire such as Muhammad Khan.",IRRELEVANT,True,True,True
56dfb0c8231d4119001abc86,easy,15,para:1197,Who hired Tesla when he moved to New York?,['Thomas Edison'],"Although the famous Mughal emperors were proud descendants of Genghis Khan and particularly Timur, they clearly distanced themselves from the Mongol atrocities committed against the Khwarizim Shahs, Turks, Persians, the citizens of Baghdad and Damascus, Nishapur, Bukhara and historical figures such as Attar of Nishapur and many other notable Muslims. However, Mughal Emperors directly patronized the legacies of Genghis Khan and Timur; together their names were synonymous with the names of other distinguished personalities particularly among the Muslim populations of South Asia.",IRRELEVANT,True,True,True
56dfb0c8231d4119001abc86,easy,16,para:1199,Who hired Tesla when he moved to New York?,['Thomas Edison'],"Genghis Khan, the title is spelled in variety of ways in different languages such as Mongolian Chinggis Khaan, English Chinghiz, Chinghis, and Chingiz, Chinese: 成吉思汗; pinyin: Chéngjísī Hán, Turkic: Cengiz Han, Çingiz Xan, Çingiz Han, Chingizxon, Çıñğız Xan, Chengez Khan, Chinggis Khan, Chinggis Xaan, Chingis Khan, Jenghis Khan, Chinggis Qan, Djingis Kahn, Russian: Чингисхан (Čingiskhan) or Чингиз-хан (Čingiz-khan), etc. Temüjin is written in Chinese as simplified Chinese: 铁木真; traditional Chinese: 鐵木眞; pinyin: Tiěmùzhēn.",IRRELEVANT,True,True,True
56dfb0c8231d4119001abc86,easy,17,para:1225,Who hired Tesla when he moved to New York?,['Thomas Edison'],"The two symbols most commonly associated with pharmacy in English-speaking countries are the mortar and pestle and the ℞ (recipere) character, which is often written as ""Rx"" in typed text. The show globe was also used until the early 20th century. Pharmacy organizations often use other symbols, such as the Bowl of Hygieia which is often used in the Netherlands, conical measures, and caduceuses in their logos. Other symbols are common in different countries: the green Greek cross in France, Argentina, the United Kingdom, Belgium, Ireland, Italy, Spain, and India, the increasingly rare Gaper in the Netherlands, and a red stylized letter A in Germany and Austria (from Apotheke, the German word for pharmacy, from the same Greek root as the English word 'apothecary').",IRRELEVANT,True,True,True
56dfb0c8231d4119001abc86,easy,18,para:1239,Who hired Tesla when he moved to New York?,['Thomas Edison'],"Leukocytes (white blood cells) act like independent, single-celled organisms and are the second arm of the innate immune system. The innate leukocytes include the phagocytes (macrophages, neutrophils, and dendritic cells), mast cells, eosinophils, basophils, and natural killer cells. These cells identify and eliminate pathogens, either by attacking larger pathogens through contact or by engulfing and then killing microorganisms. Innate cells are also important mediators in the activation of the adaptive immune system.",IRRELEVANT,True,True,True
56dfb0c8231d4119001abc86,easy,19,para:124,Who hired Tesla when he moved to New York?,['Thomas Edison'],"Eventually, the Normans merged with the natives, combining languages and traditions. In the course of the Hundred Years' War, the Norman aristocracy often identified themselves as English. The Anglo-Norman language became distinct from the Latin language, something that was the subject of some humour by Geoffrey Chaucer. The Anglo-Norman language was eventually absorbed into the Anglo-Saxon language of their subjects (see Old English) and influenced it, helping (along with the Norse language of the earlier Anglo-Norse settlers and the Latin used by the church) in the development of Middle English. It in turn evolved into Modern English.",IRRELEVANT,True,True,True
56dfb0c8231d4119001abc86,easy,20,para:13,Who hired Tesla when he moved to New York?,['Thomas Edison'],"Manning finished the year with a career-low 67.9 passer rating, throwing for 2,249 yards and nine touchdowns, with 17 interceptions. In contrast, Osweiler threw for 1,967 yards, 10 touchdowns and six interceptions for a rating of 86.4. Veteran receiver Demaryius Thomas led the team with 105 receptions for 1,304 yards and six touchdowns, while Emmanuel Sanders caught 76 passes for 1,135 yards and six scores, while adding another 106 yards returning punts. Tight end Owen Daniels was also a big element of the passing game with 46 receptions for 517 yards. Running back C. J. Anderson was the team's leading rusher 863 yards and seven touchdowns, while also catching 25 passes for 183 yards. Running back Ronnie Hillman also made a big impact with 720 yards, five touchdowns, 24 receptions, and a 4.7 yards per carry average. Overall, the offense ranked 19th in scoring with 355 points and did not have any Pro Bowl selections.",IRRELEVANT,True,True,True
56dfb0c8231d4119001abc86,easy,21,para:1322,Who hired Tesla when he moved to New York?,['Thomas Edison'],"Construction is one of the most dangerous occupations in the world, incurring more occupational fatalities than any other sector in both the United States and in the European Union. In 2009, the fatal occupational injury rate among construction workers in the United States was nearly three times that for all workers. Falls are one of the most common causes of fatal and non-fatal injuries among construction workers. Proper safety equipment such as harnesses and guardrails and procedures such as securing ladders and inspecting scaffolding can curtail the risk of occupational injuries in the construction industry. Other major causes of fatalities in the construction industry include electrocution, transportation accidents, and trench cave-ins.",IRRELEVANT,True,True,True
56dfb0c8231d4119001abc86,easy,22,para:1341,Who hired Tesla when he moved to New York?,['Thomas Edison'],"Some of the oldest schools in South Africa are private church schools that were established by missionaries in the early nineteenth century. The private sector has grown ever since. After the abolition of apartheid, the laws governing private education in South Africa changed significantly. The South African Schools Act of 1996 recognises two categories of schools: ""public"" (state-controlled) and ""independent"" (which includes traditional private schools and schools which are privately governed[clarification needed].)",IRRELEVANT,True,True,True
56dfb0c8231d4119001abc86,easy,23,para:1351,Who hired Tesla when he moved to New York?,['Thomas Edison'],"The University is organized into eleven separate academic units—ten faculties and the Radcliffe Institute for Advanced Study—with campuses throughout the Boston metropolitan area: its 209-acre (85 ha) main campus is centered on Harvard Yard in Cambridge, approximately 3 miles (5 km) northwest of Boston; the business school and athletics facilities, including Harvard Stadium, are located across the Charles River in the Allston neighborhood of Boston and the medical, dental, and public health schools are in the Longwood Medical Area. Harvard's $37.6 billion financial endowment is the largest of any academic institution.",IRRELEVANT,True,True,True
56dfb0c8231d4119001abc86,easy,24,para:1358,Who hired Tesla when he moved to New York?,['Thomas Edison'],"Women remained segregated at Radcliffe, though more and more took Harvard classes. Nonetheless, Harvard's undergraduate population remained predominantly male, with about four men attending Harvard College for every woman studying at Radcliffe. Following the merger of Harvard and Radcliffe admissions in 1977, the proportion of female undergraduates steadily increased, mirroring a trend throughout higher education in the United States. Harvard's graduate schools, which had accepted females and other groups in greater numbers even before the college, also became more diverse in the post-World War II period.",IRRELEVANT,True,True,True
56dfb0c8231d4119001abc86,easy,25,para:1360,Who hired Tesla when he moved to New York?,['Thomas Edison'],"The Harvard Business School and many of the university's athletics facilities, including Harvard Stadium, are located on a 358-acre (145 ha) campus opposite the Cambridge campus in Allston. The John W. Weeks Bridge is a pedestrian bridge over the Charles River connecting both campuses. The Harvard Medical School, Harvard School of Dental Medicine, and the Harvard School of Public Health are located on a 21-acre (8.5 ha) campus in the Longwood Medical and Academic Area approximately 3.3 miles (5.3 km) southwest of downtown Boston and 3.3 miles (5.3 km) south of the Cambridge campus.",IRRELEVANT,True,True,True
56dfb0c8231d4119001abc86,easy,26,para:137,Who hired Tesla when he moved to New York?,['Thomas Edison'],"Between 1402 and 1405, the expedition led by the Norman noble Jean de Bethencourt and the Poitevine Gadifer de la Salle conquered the Canarian islands of Lanzarote, Fuerteventura and El Hierro off the Atlantic coast of Africa. Their troops were gathered in Normandy, Gascony and were later reinforced by Castilian colonists.",IRRELEVANT,True,True,True
56dfb0c8231d4119001abc86,easy,27,para:1377,Who hired Tesla when he moved to New York?,['Thomas Edison'],"Other: Civil rights leader W. E. B. Du Bois; philosopher Henry David Thoreau; authors Ralph Waldo Emerson and William S. Burroughs; educators Werner Baer, Harlan Hanson; poets Wallace Stevens, T. S. Eliot and E. E. Cummings; conductor Leonard Bernstein; cellist Yo Yo Ma; pianist and composer Charlie Albright; composer John Alden Carpenter; comedian, television show host and writer Conan O'Brien; actors Tatyana Ali, Nestor Carbonell, Matt Damon, Fred Gwynne, Hill Harper, Rashida Jones, Tommy Lee Jones, Ashley Judd, Jack Lemmon, Natalie Portman, Mira Sorvino, Elisabeth Shue, and Scottie Thompson; film directors Darren Aronofsky, Terrence Malick, Mira Nair, and Whit Stillman; architect Philip Johnson; musicians Rivers Cuomo, Tom Morello, and Gram Parsons; musician, producer and composer Ryan Leslie; serial killer Ted Kaczynski; programmer and activist Richard Stallman; NFL quarterback Ryan Fitzpatrick; NFL center Matt Birk; NBA player Jeremy Lin; US Ski Team skier Ryan Max Riley; physician Sachin H. Jain; physicist J. Robert Oppenheimer; computer pioneer and inventor An Wang; Tibetologist George de Roerich; and Marshall Admiral Isoroku Yamamoto.",IRRELEVANT,True,True,True
56dfb0c8231d4119001abc86,easy,28,para:1378,Who hired Tesla when he moved to New York?,['Thomas Edison'],"Harvard's faculty includes scholars such as biologist E. O. Wilson, cognitive scientist Steven Pinker, physicists Lisa Randall and Roy Glauber, chemists Elias Corey, Dudley R. Herschbach and George M. Whitesides, computer scientists Michael O. Rabin and Leslie Valiant, Shakespeare scholar Stephen Greenblatt, writer Louis Menand, critic Helen Vendler, historians Henry Louis Gates, Jr. and Niall Ferguson, economists Amartya Sen, N. Gregory Mankiw, Robert Barro, Stephen A. Marglin, Don M. Wilson III and Martin Feldstein, political philosophers Harvey Mansfield, Baroness Shirley Williams and Michael Sandel, Fields Medalist mathematician Shing-Tung Yau, political scientists Robert Putnam, Joseph Nye, and Stanley Hoffmann, scholar/composers Robert Levin and Bernard Rands, astrophysicist Alyssa A. Goodman, and legal scholars Alan Dershowitz and Lawrence Lessig.",IRRELEVANT,True,True,True
56dfb0c8231d4119001abc86,easy,29,para:1379,Who hired Tesla when he moved to New York?,['Thomas Edison'],"Jacksonville is the largest city by population in the U.S. state of Florida, and the largest city by area in the contiguous United States. It is the county seat of Duval County, with which the city government consolidated in 1968. Consolidation gave Jacksonville its great size and placed most of its metropolitan population within the city limits; with an estimated population of 853,382 in 2014, it is the most populous city proper in Florida and the Southeast, and the 12th most populous in the United States. Jacksonville is the principal city in the Jacksonville metropolitan area, with a population of 1,345,596 in 2010.",IRRELEVANT,True,True,True
56dfb0c8231d4119001abc86,easy,30,para:139,Who hired Tesla when he moved to New York?,['Thomas Edison'],"The customary law of Normandy was developed between the 10th and 13th centuries and survives today through the legal systems of Jersey and Guernsey in the Channel Islands. Norman customary law was transcribed in two customaries in Latin by two judges for use by them and their colleagues: These are the Très ancien coutumier (Very ancient customary), authored between 1200 and 1245; and the Grand coutumier de Normandie (Great customary of Normandy, originally Summa de legibus Normanniae in curia laïcali), authored between 1235 and 1245.",IRRELEVANT,True,True,True
5729ef266aef05140015511e,hard,1,para:1740,In lands attributed to what tribe are found remains of large settlements?,"['Xingu tribe', 'Xingu']","There are hints in the surviving records of the ancient Egyptians that they had some knowledge of prime numbers: the Egyptian fraction expansions in the Rhind papyrus, for instance, have quite different forms for primes and for composites. However, the earliest surviving records of the explicit study of prime numbers come from the Ancient Greeks. Euclid's Elements (circa 300 BC) contain important theorems about primes, including the infinitude of primes and the fundamental theorem of arithmetic. Euclid also showed how to construct a perfect number from a Mersenne prime. The Sieve of Eratosthenes, attributed to Eratosthenes, is a simple method to compute primes, although the large primes found today with computers are not generated this way.",IRRELEVANT,True,True,True
5729ef266aef05140015511e,hard,2,para:899,In lands attributed to what tribe are found remains of large settlements?,"['Xingu tribe', 'Xingu']","The study also found that there were two previously unknown but related clades (genetic branches) of the Y. pestis genome associated with medieval mass graves. These clades (which are thought to be extinct) were found to be ancestral to modern isolates of the modern Y. pestis strains Y. p. orientalis and Y. p. medievalis, suggesting the plague may have entered Europe in two waves. Surveys of plague pit remains in France and England indicate the first variant entered Europe through the port of Marseille around November 1347 and spread through France over the next two years, eventually reaching England in the spring of 1349, where it spread through the country in three epidemics. Surveys of plague pit remains from the Dutch town of Bergen op Zoom showed the Y. pestis genotype responsible for the pandemic that spread through the Low Countries from 1350 differed from that found in Britain and France, implying Bergen op Zoom (and possibly other parts of the southern Netherlands) was not directly infected from England or France in 1349 and suggesting a second wave of plague, different from those in Britain and France, may have been carried to the Low Countries from Norway, the Hanseatic cities or another site.",IRRELEVANT,True,True,True
5729ef266aef05140015511e,hard,3,para:282,In lands attributed to what tribe are found remains of large settlements?,"['Xingu tribe', 'Xingu']","What intractability means in practice is open to debate. Saying that a problem is not in P does not imply that all large cases of the problem are hard or even that most of them are. For example, the decision problem in Presburger arithmetic has been shown not to be in P, yet algorithms have been written that solve the problem in reasonable times in most cases. Similarly, algorithms can solve the NP-complete knapsack problem over a wide range of sizes in less than quadratic time and SAT solvers routinely handle large instances of the NP-complete Boolean satisfiability problem.",IRRELEVANT,True,True,True
5729ef266aef05140015511e,hard,4,para:1157,In lands attributed to what tribe are found remains of large settlements?,"['Xingu tribe', 'Xingu']","As an incentive for absolute obedience and following his rule of law, the Yassa code, Temüjin promised civilians and soldiers wealth from future possible war spoils. As he defeated rival tribes, he did not drive away enemy soldiers and abandon the rest. Instead, he took the conquered tribe under his protection and integrated its members into his own tribe. He would even have his mother adopt orphans from the conquered tribe, bringing them into his family. These political innovations inspired great loyalty among the conquered people, making Temüjin stronger with each victory.",IRRELEVANT,True,True,True
5729ef266aef05140015511e,hard,5,para:1714,In lands attributed to what tribe are found remains of large settlements?,"['Xingu tribe', 'Xingu']","Not all cells in a multicellular plant contain chloroplasts. All green parts of a plant contain chloroplasts—the chloroplasts, or more specifically, the chlorophyll in them are what make the photosynthetic parts of a plant green. The plant cells which contain chloroplasts are usually parenchyma cells, though chloroplasts can also be found in collenchyma tissue. A plant cell which contains chloroplasts is known as a chlorenchyma cell. A typical chlorenchyma cell of a land plant contains about 10 to 100 chloroplasts.",IRRELEVANT,True,True,True
5729ef266aef05140015511e,hard,6,para:831,In lands attributed to what tribe are found remains of large settlements?,"['Xingu tribe', 'Xingu']","Ctenophores used to be regarded as ""dead ends"" in marine food chains because it was thought their low ratio of organic matter to salt and water made them a poor diet for other animals. It is also often difficult to identify the remains of ctenophores in the guts of possible predators, although the combs sometimes remain intact long enough to provide a clue. Detailed investigation of chum salmon, Oncorhynchus keta, showed that these fish digest ctenophores 20 times as fast as an equal weight of shrimps, and that ctenophores can provide a good diet if there are enough of them around. Beroids prey mainly on other ctenophores. Some jellyfish and turtles eat large quantities of ctenophores, and jellyfish may temporarily wipe out ctenophore populations. Since ctenophores and jellyfish often have large seasonal variations in population, most fish that prey on them are generalists, and may have a greater effect on populations than the specialist jelly-eaters. This is underlined by an observation of herbivorous fishes deliberately feeding on gelatinous zooplankton during blooms in the Red Sea. The larvae of some sea anemones are parasites on ctenophores, as are the larvae of some flatworms that parasitize fish when they reach adulthood.",IRRELEVANT,True,True,True
5729ef266aef05140015511e,hard,7,para:1179,In lands attributed to what tribe are found remains of large settlements?,"['Xingu tribe', 'Xingu']","In August 1227, during the fall of Yinchuan, the capital of Western Xia, Genghis Khan died. The exact cause of his death remains a mystery, and is variously attributed to being killed in action against the Western Xia, illness, falling from his horse, or wounds sustained in hunting or battle. According to The Secret History of the Mongols Genghis Khan fell from his horse while hunting and died because of the injury. He was already old and tired from his journeys. The Galician–Volhynian Chronicle alleges he was killed by the Western Xia in battle, while Marco Polo wrote that he died after the infection of an arrow wound he received during his final campaign. Later Mongol chronicles connect Genghis' death with a Western Xia princess taken as war booty. One chronicle from the early 17th century even relates the legend that the princess hid a small dagger and stabbed him, though some Mongol authors have doubted this version and suspected it to be an invention by the rival Oirads.",IRRELEVANT,True,True,True
5729ef266aef05140015511e,hard,8,para:189,In lands attributed to what tribe are found remains of large settlements?,"['Xingu tribe', 'Xingu']","While experimenting, Tesla inadvertently faulted a power station generator, causing a power outage. In August 1917, Tesla explained what had happened in The Electrical Experimenter: ""As an example of what has been done with several hundred kilowatts of high frequency energy liberated, it was found that the dynamos in a power house six miles away were repeatedly burned out, due to the powerful high frequency currents set up in them, and which caused heavy sparks to jump through the windings and destroy the insulation!""",IRRELEVANT,True,True,True
5729ef266aef05140015511e,hard,9,para:1380,In lands attributed to what tribe are found remains of large settlements?,"['Xingu tribe', 'Xingu']","Jacksonville is in the First Coast region of northeast Florida and is centered on the banks of the St. Johns River, about 25 miles (40 km) south of the Georgia state line and about 340 miles (550 km) north of Miami. The Jacksonville Beaches communities are along the adjacent Atlantic coast. The area was originally inhabited by the Timucua people, and in 1564 was the site of the French colony of Fort Caroline, one of the earliest European settlements in what is now the continental United States. Under British rule, settlement grew at the narrow point in the river where cattle crossed, known as Wacca Pilatka to the Seminole and the Cow Ford to the British. A platted town was established there in 1822, a year after the United States gained Florida from Spain; it was named after Andrew Jackson, the first military governor of the Florida Territory and seventh President of the United States.",IRRELEVANT,True,True,True
5729ef266aef05140015511e,hard,10,para:358,In lands attributed to what tribe are found remains of large settlements?,"['Xingu tribe', 'Xingu']","Luther objected to a saying attributed to Johann Tetzel that ""As soon as the coin in the coffer rings, the soul from purgatory (also attested as 'into heaven') springs.""",IRRELEVANT,True,True,True
5729ef266aef05140015511e,hard,11,para:1153,In lands attributed to what tribe are found remains of large settlements?,"['Xingu tribe', 'Xingu']","As previously arranged by his father, Temüjin married Börte of the Onggirat tribe when he was around 16 in order to cement alliances between their respective tribes. Soon after Börte's marriage to Temüjin, she was kidnapped by the Merkits and reportedly given away as a wife. Temüjin rescued her with the help of his friend and future rival, Jamukha, and his protector, Toghrul Khan of the Keraite tribe. She gave birth to a son, Jochi (1185–1226), nine months later, clouding the issue of his parentage. Despite speculation over Jochi, Börte would be Temüjin's only empress, though he did follow tradition by taking several morganatic wives.",IRRELEVANT,True,True,True
5729ef266aef05140015511e,hard,12,para:212,In lands attributed to what tribe are found remains of large settlements?,"['Xingu tribe', 'Xingu']","On 7 January 1943, at the age of 86, Tesla died alone in room 3327 of the New Yorker Hotel. His body was later found by maid Alice Monaghan after she had entered Tesla's room, ignoring the ""do not disturb"" sign that Tesla had placed on his door two days earlier. Assistant medical examiner H.W. Wembly examined the body and ruled that the cause of death had been coronary thrombosis. Tesla's remains were taken to the Frank E. Campbell Funeral Home at Madison Ave. and 81st St. A long-time friend and supporter of Tesla, Hugo Gernsback, commissioned a sculptor to create a death mask, now displayed in the Nikola Tesla Museum.",IRRELEVANT,True,True,True
5729ef266aef05140015511e,hard,13,para:561,In lands attributed to what tribe are found remains of large settlements?,"['Xingu tribe', 'Xingu']","Following the French Crown's revocation of the Edict of Nantes, many Huguenots settled in Ireland in the late 17th and early 18th centuries, encouraged by an act of parliament for Protestants' settling in Ireland. Huguenot regiments fought for William of Orange in the Williamite war in Ireland, for which they were rewarded with land grants and titles, many settling in Dublin. Significant Huguenot settlements were in Dublin, Cork, Portarlington, Lisburn, Waterford and Youghal. Smaller settlements, which included Killeshandra in County Cavan, contributed to the expansion of flax cultivation and the growth of the Irish linen industry.",IRRELEVANT,True,True,True
5729ef266aef05140015511e,hard,14,para:352,In lands attributed to what tribe are found remains of large settlements?,"['Xingu tribe', 'Xingu']","He later attributed his decision to an event: on 2 July 1505, he was returning to university on horseback after a trip home. During a thunderstorm, a lightning bolt struck near him. Later telling his father he was terrified of death and divine judgment, he cried out, ""Help! Saint Anna, I will become a monk!"" He came to view his cry for help as a vow he could never break. He left law school, sold his books, and entered a closed Augustinian cloister in Erfurt on 17 July 1505. One friend blamed the decision on Luther's sadness over the deaths of two friends. Luther himself seemed saddened by the move. Those who attended a farewell supper walked him to the door of the Black Cloister. ""This day you see me, and then, not ever again,"" he said. His father was furious over what he saw as a waste of Luther's education.",IRRELEVANT,True,True,True
5729ef266aef05140015511e,hard,15,para:1711,In lands attributed to what tribe are found remains of large settlements?,"['Xingu tribe', 'Xingu']","Phycobilins are a third group of pigments found in cyanobacteria, and glaucophyte, red algal, and cryptophyte chloroplasts. Phycobilins come in all colors, though phycoerytherin is one of the pigments that makes many red algae red. Phycobilins often organize into relatively large protein complexes about 40 nanometers across called phycobilisomes. Like photosystem I and ATP synthase, phycobilisomes jut into the stroma, preventing thylakoid stacking in red algal chloroplasts. Cryptophyte chloroplasts and some cyanobacteria don't have their phycobilin pigments organized into phycobilisomes, and keep them in their thylakoid space instead.",IRRELEVANT,True,True,True
5729ef266aef05140015511e,hard,16,para:905,In lands attributed to what tribe are found remains of large settlements?,"['Xingu tribe', 'Xingu']","The most widely accepted estimate for the Middle East, including Iraq, Iran and Syria, during this time, is for a death rate of about a third. The Black Death killed about 40% of Egypt's population. Half of Paris's population of 100,000 people died. In Italy, the population of Florence was reduced from 110–120 thousand inhabitants in 1338 down to 50 thousand in 1351. At least 60% of the population of Hamburg and Bremen perished, and a similar percentage of Londoners may have died from the disease as well. Interestingly while contemporary reports account of mass burial pits being created in response to the large numbers of dead, recent scientific investigations of a burial pit in Central London found well-preserved individuals to be buried in isolated, evenly spaced graves, suggesting at least some pre-planning and Christian burials at this time. Before 1350, there were about 170,000 settlements in Germany, and this was reduced by nearly 40,000 by 1450. In 1348, the plague spread so rapidly that before any physicians or government authorities had time to reflect upon its origins, about a third of the European population had already perished. In crowded cities, it was not uncommon for as much as 50% of the population to die. The disease bypassed some areas, and the most isolated areas were less vulnerable to contagion. Monks and priests were especially hard hit since they cared for victims of the Black Death.",IRRELEVANT,True,True,True
5729ef266aef05140015511e,hard,17,para:2009,In lands attributed to what tribe are found remains of large settlements?,"['Xingu tribe', 'Xingu']","Governor Vaudreuil, who harboured ambitions to become the French commander in chief (in addition to his role as governor), acted during the winter of 1756 before those reinforcements arrived. Scouts had reported the weakness of the British supply chain, so he ordered an attack against the forts Shirley had erected at the Oneida Carry. In the March Battle of Fort Bull, French forces destroyed the fort and large quantities of supplies, including 45,000 pounds of gunpowder. They set back any British hopes for campaigns on Lake Ontario, and endangered the Oswego garrison, already short on supplies. French forces in the Ohio valley also continued to intrigue with Indians throughout the area, encouraging them to raid frontier settlements. This led to ongoing alarms along the western frontiers, with streams of refugees returning east to get away from the action.",IRRELEVANT,True,True,True
5729ef266aef05140015511e,hard,18,para:1710,In lands attributed to what tribe are found remains of large settlements?,"['Xingu tribe', 'Xingu']","In addition to chlorophylls, another group of yellow–orange pigments called carotenoids are also found in the photosystems. There are about thirty photosynthetic carotenoids. They help transfer and dissipate excess energy, and their bright colors sometimes override the chlorophyll green, like during the fall, when the leaves of some land plants change color. β-carotene is a bright red-orange carotenoid found in nearly all chloroplasts, like chlorophyll a. Xanthophylls, especially the orange-red zeaxanthin, are also common. Many other forms of carotenoids exist that are only found in certain groups of chloroplasts.",IRRELEVANT,True,True,True
5729ef266aef05140015511e,hard,19,para:833,In lands attributed to what tribe are found remains of large settlements?,"['Xingu tribe', 'Xingu']","Because of their soft, gelatinous bodies, ctenophores are extremely rare as fossils, and fossils that have been interpreted as ctenophores have been found only in lagerstätten, places where the environment was exceptionally suited to preservation of soft tissue. Until the mid-1990s only two specimens good enough for analysis were known, both members of the crown group, from the early Devonian (Emsian) period. Three additional putative species were then found in the Burgess Shale and other Canadian rocks of similar age, about 505 million years ago in the mid-Cambrian period. All three apparently lacked tentacles but had between 24 and 80 comb rows, far more than the 8 typical of living species. They also appear to have had internal organ-like structures unlike anything found in living ctenophores. One of the fossil species first reported in 1996 had a large mouth, apparently surrounded by a folded edge that may have been muscular. Evidence from China a year later suggests that such ctenophores were widespread in the Cambrian, but perhaps very different from modern species – for example one fossil's comb-rows were mounted on prominent vanes. The Ediacaran Eoandromeda could putatively represent a comb jelly.",IRRELEVANT,True,True,True
5729ef266aef05140015511e,hard,20,para:740,In lands attributed to what tribe are found remains of large settlements?,"['Xingu tribe', 'Xingu']","In 2008, Japan Aerospace Exploration Agency's SELENE probe observed evidence of the halo surrounding the Apollo 15 Lunar Module blast crater while orbiting above the lunar surface. In 2009, NASA's robotic Lunar Reconnaissance Orbiter, while orbiting 50 kilometers (31 mi) above the Moon, began photographing the remnants of the Apollo program left on the lunar surface, and photographed each site where manned Apollo flights landed. All of the U. S. flags left on the Moon during the Apollo missions were found to still be standing, with the exception of the one left during the Apollo 11 mission, which was blown over during that mission's lift-off from the lunar surface and return to the mission Command Module in lunar orbit; the degree to which these flags retain their original colors remains unknown.",IRRELEVANT,True,True,True
5729ef266aef05140015511e,hard,21,para:2031,In lands attributed to what tribe are found remains of large settlements?,"['Xingu tribe', 'Xingu']","Newton's Third Law is a result of applying symmetry to situations where forces can be attributed to the presence of different objects. The third law means that all forces are interactions between different bodies,[Note 3] and thus that there is no such thing as a unidirectional force or a force that acts on only one body. Whenever a first body exerts a force F on a second body, the second body exerts a force −F on the first body. F and −F are equal in magnitude and opposite in direction. This law is sometimes referred to as the action-reaction law, with F called the ""action"" and −F the ""reaction"". The action and the reaction are simultaneous:",IRRELEVANT,True,True,True
5729ef266aef05140015511e,hard,22,para:125,In lands attributed to what tribe are found remains of large settlements?,"['Xingu tribe', 'Xingu']","The Normans had a profound effect on Irish culture and history after their invasion at Bannow Bay in 1169. Initially the Normans maintained a distinct culture and ethnicity. Yet, with time, they came to be subsumed into Irish culture to the point that it has been said that they became ""more Irish than the Irish themselves."" The Normans settled mostly in an area in the east of Ireland, later known as the Pale, and also built many fine castles and settlements, including Trim Castle and Dublin Castle. Both cultures intermixed, borrowing from each other's language, culture and outlook. Norman descendants today can be recognised by their surnames. Names such as French, (De) Roche, Devereux, D'Arcy, Treacy and Lacy are particularly common in the southeast of Ireland, especially in the southern part of County Wexford where the first Norman settlements were established. Other Norman names such as Furlong predominate there. Another common Norman-Irish name was Morell (Murrell) derived from the French Norman name Morel. Other names beginning with Fitz (from the Norman for son) indicate Norman ancestry. These included Fitzgerald, FitzGibbons (Gibbons) dynasty, Fitzmaurice. Other families bearing such surnames as Barry (de Barra) and De Búrca (Burke) are also of Norman extraction.",IRRELEVANT,True,True,True
5729ef266aef05140015511e,hard,23,para:1421,In lands attributed to what tribe are found remains of large settlements?,"['Xingu tribe', 'Xingu']","British researchers Richard G. Wilkinson and Kate Pickett have found higher rates of health and social problems (obesity, mental illness, homicides, teenage births, incarceration, child conflict, drug use), and lower rates of social goods (life expectancy by country, educational performance, trust among strangers, women's status, social mobility, even numbers of patents issued) in countries and states with higher inequality. Using statistics from 23 developed countries and the 50 states of the US, they found social/health problems lower in countries like Japan and Finland and states like Utah and New Hampshire with high levels of equality, than in countries (US and UK) and states (Mississippi and New York) with large differences in household income.",IRRELEVANT,True,True,True
5729ef266aef05140015511e,hard,24,para:834,In lands attributed to what tribe are found remains of large settlements?,"['Xingu tribe', 'Xingu']","The early Cambrian sessile frond-like fossil Stromatoveris, from China's Chengjiang lagerstätte and dated to about 515 million years ago, is very similar to Vendobionta of the preceding Ediacaran period. De-Gan Shu, Simon Conway Morris et al. found on its branches what they considered rows of cilia, used for filter feeding. They suggested that Stromatoveris was an evolutionary ""aunt"" of ctenophores, and that ctenophores originated from sessile animals whose descendants became swimmers and changed the cilia from a feeding mechanism to a propulsion system.",IRRELEVANT,True,True,True
5729ef266aef05140015511e,hard,25,para:2032,In lands attributed to what tribe are found remains of large settlements?,"['Xingu tribe', 'Xingu']","This means that in a closed system of particles, there are no internal forces that are unbalanced. That is, the action-reaction force shared between any two objects in a closed system will not cause the center of mass of the system to accelerate. The constituent objects only accelerate with respect to each other, the system itself remains unaccelerated. Alternatively, if an external force acts on the system, then the center of mass will experience an acceleration proportional to the magnitude of the external force divided by the mass of the system.:19-1",IRRELEVANT,True,True,True
5729ef266aef05140015511e,hard,26,para:308,In lands attributed to what tribe are found remains of large settlements?,"['Xingu tribe', 'Xingu']","A modern example of school discipline in North America and Western Europe relies upon the idea of an assertive teacher who is prepared to impose their will upon a class. Positive reinforcement is balanced with immediate and fair punishment for misbehavior and firm, clear boundaries define what is appropriate and inappropriate behavior. Teachers are expected to respect their students; sarcasm and attempts to humiliate pupils are seen as falling outside of what constitutes reasonable discipline.[verification needed]",IRRELEVANT,True,True,True
5729ef266aef05140015511e,hard,27,para:306,In lands attributed to what tribe are found remains of large settlements?,"['Xingu tribe', 'Xingu']","Official corporal punishment, often by caning, remains commonplace in schools in some Asian, African and Caribbean countries. For details of individual countries see School corporal punishment.",IRRELEVANT,True,True,True
5729ef266aef05140015511e,hard,28,para:1778,In lands attributed to what tribe are found remains of large settlements?,"['Xingu tribe', 'Xingu']","The dominant economic sectors in the Middle Rhine area are viniculture and tourism. The Rhine Gorge between Rüdesheim am Rhein and Koblenz is listed as a UNESCO World Heritage Site. Near Sankt Goarshausen, the Rhine flows around the famous rock Lorelei. With its outstanding architectural monuments, the slopes full of vines, settlements crowded on the narrow river banks and scores of castles lined up along the top of the steep slopes, the Middle Rhine Valley can be considered the epitome of the Rhine romanticism.",IRRELEVANT,True,True,True
5729ef266aef05140015511e,hard,29,para:1715,In lands attributed to what tribe are found remains of large settlements?,"['Xingu tribe', 'Xingu']","In some plants such as cacti, chloroplasts are found in the stems, though in most plants, chloroplasts are concentrated in the leaves. One square millimeter of leaf tissue can contain half a million chloroplasts. Within a leaf, chloroplasts are mainly found in the mesophyll layers of a leaf, and the guard cells of stomata. Palisade mesophyll cells can contain 30–70 chloroplasts per cell, while stomatal guard cells contain only around 8–15 per cell, as well as much less chlorophyll. Chloroplasts can also be found in the bundle sheath cells of a leaf, especially in C4 plants, which carry out the Calvin cycle in their bundle sheath cells. They are often absent from the epidermis of a leaf.",IRRELEVANT,True,True,True
5729ef266aef05140015511e,hard,30,para:1726,In lands attributed to what tribe are found remains of large settlements?,"['Xingu tribe', 'Xingu']","Chloroplasts are a special type of a plant cell organelle called a plastid, though the two terms are sometimes used interchangeably. There are many other types of plastids, which carry out various functions. All chloroplasts in a plant are descended from undifferentiated proplastids found in the zygote, or fertilized egg. Proplastids are commonly found in an adult plant's apical meristems. Chloroplasts do not normally develop from proplastids in root tip meristems—instead, the formation of starch-storing amyloplasts is more common.",IRRELEVANT,True,True,True
5729ef266aef05140015511e,easy,1,para:1377,In lands attributed to what tribe are found remains of large settlements?,"['Xingu tribe', 'Xingu']","Other: Civil rights leader W. E. B. Du Bois; philosopher Henry David Thoreau; authors Ralph Waldo Emerson and William S. Burroughs; educators Werner Baer, Harlan Hanson; poets Wallace Stevens, T. S. Eliot and E. E. Cummings; conductor Leonard Bernstein; cellist Yo Yo Ma; pianist and composer Charlie Albright; composer John Alden Carpenter; comedian, television show host and writer Conan O'Brien; actors Tatyana Ali, Nestor Carbonell, Matt Damon, Fred Gwynne, Hill Harper, Rashida Jones, Tommy Lee Jones, Ashley Judd, Jack Lemmon, Natalie Portman, Mira Sorvino, Elisabeth Shue, and Scottie Thompson; film directors Darren Aronofsky, Terrence Malick, Mira Nair, and Whit Stillman; architect Philip Johnson; musicians Rivers Cuomo, Tom Morello, and Gram Parsons; musician, producer and composer Ryan Leslie; serial killer Ted Kaczynski; programmer and activist Richard Stallman; NFL quarterback Ryan Fitzpatrick; NFL center Matt Birk; NBA player Jeremy Lin; US Ski Team skier Ryan Max Riley; physician Sachin H. Jain; physicist J. Robert Oppenheimer; computer pioneer and inventor An Wang; Tibetologist George de Roerich; and Marshall Admiral Isoroku Yamamoto.",IRRELEVANT,True,True,True
5729ef266aef05140015511e,easy,2,para:1378,In lands attributed to what tribe are found remains of large settlements?,"['Xingu tribe', 'Xingu']","Harvard's faculty includes scholars such as biologist E. O. Wilson, cognitive scientist Steven Pinker, physicists Lisa Randall and Roy Glauber, chemists Elias Corey, Dudley R. Herschbach and George M. Whitesides, computer scientists Michael O. Rabin and Leslie Valiant, Shakespeare scholar Stephen Greenblatt, writer Louis Menand, critic Helen Vendler, historians Henry Louis Gates, Jr. and Niall Ferguson, economists Amartya Sen, N. Gregory Mankiw, Robert Barro, Stephen A. Marglin, Don M. Wilson III and Martin Feldstein, political philosophers Harvey Mansfield, Baroness Shirley Williams and Michael Sandel, Fields Medalist mathematician Shing-Tung Yau, political scientists Robert Putnam, Joseph Nye, and Stanley Hoffmann, scholar/composers Robert Levin and Bernard Rands, astrophysicist Alyssa A. Goodman, and legal scholars Alan Dershowitz and Lawrence Lessig.",IRRELEVANT,True,True,True
5729ef266aef05140015511e,easy,3,para:23,In lands attributed to what tribe are found remains of large settlements?,"['Xingu tribe', 'Xingu']",The Panthers used the San Jose State practice facility and stayed at the San Jose Marriott. The Broncos practiced at Stanford University and stayed at the Santa Clara Marriott.,IRRELEVANT,True,True,True
5729ef266aef05140015511e,easy,4,para:291,In lands attributed to what tribe are found remains of large settlements?,"['Xingu tribe', 'Xingu']","Religious and spiritual teachers, such as gurus, mullahs, rabbis, pastors/youth pastors and lamas, may teach religious texts such as the Quran, Torah or Bible.",IRRELEVANT,True,True,True
5729ef266aef05140015511e,easy,5,para:39,In lands attributed to what tribe are found remains of large settlements?,"['Xingu tribe', 'Xingu']","Westwood One will carry the game throughout North America, with Kevin Harlan as play-by-play announcer, Boomer Esiason and Dan Fouts as color analysts, and James Lofton and Mark Malone as sideline reporters. Jim Gray will anchor the pre-game and halftime coverage.",IRRELEVANT,True,True,True
5729ef266aef05140015511e,easy,6,para:43,In lands attributed to what tribe are found remains of large settlements?,"['Xingu tribe', 'Xingu']","Six-time Grammy winner and Academy Award nominee Lady Gaga performed the national anthem, while Academy Award winner Marlee Matlin provided American Sign Language (ASL) translation.",IRRELEVANT,True,True,True
5729ef266aef05140015511e,easy,7,para:683,In lands attributed to what tribe are found remains of large settlements?,"['Xingu tribe', 'Xingu']","Compact trucks were introduced, such as the Toyota Hilux and the Datsun Truck, followed by the Mazda Truck (sold as the Ford Courier), and the Isuzu-built Chevrolet LUV. Mitsubishi rebranded its Forte as the Dodge D-50 a few years after the oil crisis. Mazda, Mitsubishi and Isuzu had joint partnerships with Ford, Chrysler, and GM, respectively. Later the American makers introduced their domestic replacements (Ford Ranger, Dodge Dakota and the Chevrolet S10/GMC S-15), ending their captive import policy.",IRRELEVANT,True,True,True
5729ef266aef05140015511e,easy,8,para:444,In lands attributed to what tribe are found remains of large settlements?,"['Xingu tribe', 'Xingu']","Southern California, often abbreviated SoCal, is a geographic and cultural region that generally comprises California's southernmost 10 counties. The region is traditionally described as ""eight counties"", based on demographics and economic ties: Imperial, Los Angeles, Orange, Riverside, San Bernardino, San Diego, Santa Barbara, and Ventura. The more extensive 10-county definition, including Kern and San Luis Obispo counties, is also used based on historical political divisions. Southern California is a major economic center for the state of California and the United States.",IRRELEVANT,True,True,True
5729ef266aef05140015511e,easy,9,para:452,In lands attributed to what tribe are found remains of large settlements?,"['Xingu tribe', 'Xingu']","Many locals and tourists frequent the southern California coast for its popular beaches, and the desert city of Palm Springs is popular for its resort feel and nearby open spaces.",IRRELEVANT,True,True,True
5729ef266aef05140015511e,easy,10,para:263,In lands attributed to what tribe are found remains of large settlements?,"['Xingu tribe', 'Xingu']","Of course, some complexity classes have complicated definitions that do not fit into this framework. Thus, a typical complexity class has a definition like the following:",IRRELEVANT,True,True,True
5729ef266aef05140015511e,easy,11,para:193,In lands attributed to what tribe are found remains of large settlements?,"['Xingu tribe', 'Xingu']","The Colorado experiments had prepared Tesla for the establishment of the trans-Atlantic wireless telecommunications facility known as Wardenclyffe near Shoreham, Long Island.",IRRELEVANT,True,True,True
5729ef266aef05140015511e,easy,12,para:473,In lands attributed to what tribe are found remains of large settlements?,"['Xingu tribe', 'Xingu']","Orange County is a rapidly developing business center that includes Downtown Santa Ana, the South Coast Metro and Newport Center districts; as well as the Irvine business centers of The Irvine Spectrum, West Irvine, and international corporations headquartered at the University of California, Irvine. West Irvine includes the Irvine Tech Center and Jamboree Business Parks.",IRRELEVANT,True,True,True
5729ef266aef05140015511e,easy,13,para:180,In lands attributed to what tribe are found remains of large settlements?,"['Xingu tribe', 'Xingu']","At the beginning of 1893 Westinghouse engineer Benjamin Lamme had made great progress developing an efficient version of Tesla's induction motor and Westinghouse Electric started branding their complete polyphase phase AC system as the ""Tesla Polyphase System"", noting how they believed Tesla's patents gave them patent priority over other AC systems.",IRRELEVANT,True,True,True
5729ef266aef05140015511e,easy,14,para:248,In lands attributed to what tribe are found remains of large settlements?,"['Xingu tribe', 'Xingu']","A function problem is a computational problem where a single output (of a total function) is expected for every input, but the output is more complex than that of a decision problem, that is, it isn't just yes or no. Notable examples include the traveling salesman problem and the integer factorization problem.",IRRELEVANT,True,True,True
5729ef266aef05140015511e,easy,15,para:848,In lands attributed to what tribe are found remains of large settlements?,"['Xingu tribe', 'Xingu']","The neighborhood features restaurants, live theater and nightclubs, as well as several independent shops and bookstores, currently operating on or near Olive Avenue, and all within a few hundred feet of each other. Since renewal, the Tower District has become an attractive area for restaurant and other local businesses. Today, the Tower District is also known as the center of Fresno's LGBT and hipster Communities.; Additionally, Tower District is also known as the center of Fresno's local punk/goth/deathrock and heavy metal community.[citation needed]",IRRELEVANT,True,True,True
5729ef266aef05140015511e,easy,16,para:1544,In lands attributed to what tribe are found remains of large settlements?,"['Xingu tribe', 'Xingu']","Current faculty include the anthropologist Marshall Sahlins, historian Dipesh Chakrabarty, paleontologists Neil Shubin and Paul Sereno, evolutionary biologist Jerry Coyne, Nobel prize winning physicist Yoichiro Nambu, Nobel prize winning physicist James Cronin, Nobel Prize winning economists Eugene Fama, James Heckman, Lars Peter Hansen, Roger Myerson and Robert Lucas, Jr., Freakonomics author and noted economist Steven Levitt, current governor of India's central bank Raghuram Rajan, the 74th United States Secretary of the Treasury and former Goldman Sachs Chairman and CEO Hank Paulson, former Chairman of President Barack Obama's Council of Economic Advisors Austan Goolsbee, Shakespeare scholar David Bevington, and renowned political scientists John Mearsheimer and Robert Pape.",IRRELEVANT,True,True,True
5729ef266aef05140015511e,easy,17,para:478,In lands attributed to what tribe are found remains of large settlements?,"['Xingu tribe', 'Xingu']","The Tech Coast is a moniker that has gained use as a descriptor for the region's diversified technology and industrial base as well as its multitude of prestigious and world-renowned research universities and other public and private institutions. Amongst these include 5 University of California campuses (Irvine, Los Angeles, Riverside, Santa Barbara, and San Diego); 12 California State University campuses (Bakersfield, Channel Islands, Dominguez Hills, Fullerton, Los Angeles, Long Beach, Northridge, Pomona, San Bernardino, San Diego, San Marcos, and San Luis Obispo); and private institutions such as the California Institute of Technology, Chapman University, the Claremont Colleges (Claremont McKenna College, Harvey Mudd College, Pitzer College, Pomona College, and Scripps College), Loma Linda University, Loyola Marymount University, Occidental College, Pepperdine University, University of Redlands, University of San Diego, and the University of Southern California.",IRRELEVANT,True,True,True
5729ef266aef05140015511e,easy,18,para:476,In lands attributed to what tribe are found remains of large settlements?,"['Xingu tribe', 'Xingu']","Six of the seven lines of the commuter rail system, Metrolink, run out of Downtown Los Angeles, connecting Los Angeles, Ventura, San Bernardino, Riverside, Orange, and San Diego counties with the other line connecting San Bernardino, Riverside, and Orange counties directly.",IRRELEVANT,True,True,True
5729ef266aef05140015511e,easy,19,para:1045,In lands attributed to what tribe are found remains of large settlements?,"['Xingu tribe', 'Xingu']","One of the earliest surviving examples of European quilting, the late 14th-century Sicilian Tristan Quilt, is also held by the collection. The collection has numerous examples of various types of textiles designed by William Morris, including, embroidery, woven fabrics, tapestries (Including 'The Forest' tapestry of 1887), rugs and carpets, as well as pattern books and paper designs. The art deco period is covered by rugs and fabrics designed by Marion Dorn. From the same period there is a rug designed by Serge Chermayeff.",IRRELEVANT,True,True,True
5729ef266aef05140015511e,easy,20,para:366,In lands attributed to what tribe are found remains of large settlements?,"['Xingu tribe', 'Xingu']","Luther's rediscovery of ""Christ and His salvation"" was the first of two points that became the foundation for the Reformation. His railing against the sale of indulgences was based on it.",IRRELEVANT,True,True,True
5729ef266aef05140015511e,easy,21,para:229,In lands attributed to what tribe are found remains of large settlements?,"['Xingu tribe', 'Xingu']","Tesla was generally antagonistic towards theories about the conversion of matter into energy.:247 He was also critical of Einstein's theory of relativity, saying:",IRRELEVANT,True,True,True
5729ef266aef05140015511e,easy,22,para:1859,In lands attributed to what tribe are found remains of large settlements?,"['Xingu tribe', 'Xingu']","Maududi also believed that Muslim society could not be Islamic without Sharia, and Islam required the establishment of an Islamic state. This state should be a ""theo-democracy,"" based on the principles of: tawhid (unity of God), risala (prophethood) and khilafa (caliphate). Although Maududi talked about Islamic revolution, by ""revolution"" he meant not the violence or populist policies of the Iranian Revolution, but the gradual changing the hearts and minds of individuals from the top of society downward through an educational process or da'wah.",IRRELEVANT,True,True,True
5729ef266aef05140015511e,easy,23,para:1197,In lands attributed to what tribe are found remains of large settlements?,"['Xingu tribe', 'Xingu']","Although the famous Mughal emperors were proud descendants of Genghis Khan and particularly Timur, they clearly distanced themselves from the Mongol atrocities committed against the Khwarizim Shahs, Turks, Persians, the citizens of Baghdad and Damascus, Nishapur, Bukhara and historical figures such as Attar of Nishapur and many other notable Muslims. However, Mughal Emperors directly patronized the legacies of Genghis Khan and Timur; together their names were synonymous with the names of other distinguished personalities particularly among the Muslim populations of South Asia.",IRRELEVANT,True,True,True
5729ef266aef05140015511e,easy,24,para:1507,In lands attributed to what tribe are found remains of large settlements?,"['Xingu tribe', 'Xingu']","Doctor Who has been satirised and spoofed on many occasions by comedians including Spike Milligan (a Dalek invades his bathroom — Milligan, naked, hurls a soap sponge at it) and Lenny Henry. Jon Culshaw frequently impersonates the Fourth Doctor in the BBC Dead Ringers series. Doctor Who fandom has also been lampooned on programs such as Saturday Night Live, The Chaser's War on Everything, Mystery Science Theater 3000, Family Guy, American Dad!, Futurama, South Park, Community as Inspector Spacetime, The Simpsons and The Big Bang Theory.",IRRELEVANT,True,True,True
5729ef266aef05140015511e,easy,25,para:1771,In lands attributed to what tribe are found remains of large settlements?,"['Xingu tribe', 'Xingu']","The flow of cold, gray mountain water continues for some distance into the lake. The cold water flows near the surface and at first doesn't mix with the warmer, green waters of Upper Lake. But then, at the so-called Rheinbrech, the Rhine water abruptly falls into the depths because of the greater density of cold water. The flow reappears on the surface at the northern (German) shore of the lake, off the island of Lindau. The water then follows the northern shore until Hagnau am Bodensee. A small fraction of the flow is diverted off the island of Mainau into Lake Überlingen. Most of the water flows via the Constance hopper into the Rheinrinne (""Rhine Gutter"") and Seerhein. Depending on the water level, this flow of the Rhine water is clearly visible along the entire length of the lake.",IRRELEVANT,True,True,True
5729ef266aef05140015511e,easy,26,para:1521,In lands attributed to what tribe are found remains of large settlements?,"['Xingu tribe', 'Xingu']","The academic bodies of the University of Chicago consist of the College, four divisions of graduate research and seven professional schools. The university also contains a library system, the University of Chicago Press, the University of Chicago Laboratory Schools, and the University of Chicago Medical Center, and holds ties with a number of independent academic institutions, including Fermilab, Argonne National Laboratory, and the Marine Biological Laboratory. The university is accredited by The Higher Learning Commission.",IRRELEVANT,True,True,True
5729ef266aef05140015511e,easy,27,para:2,In lands attributed to what tribe are found remains of large settlements?,"['Xingu tribe', 'Xingu']","The Broncos took an early lead in Super Bowl 50 and never trailed. Newton was limited by Denver's defense, which sacked him seven times and forced him into three turnovers, including a fumble which they recovered for a touchdown. Denver linebacker Von Miller was named Super Bowl MVP, recording five solo tackles, 2½ sacks, and two forced fumbles.",IRRELEVANT,True,True,True
5729ef266aef05140015511e,easy,28,para:41,In lands attributed to what tribe are found remains of large settlements?,"['Xingu tribe', 'Xingu']","In the United Kingdom, BBC Radio 5 Live and 5 Live Sports Extra will carry the contest. The BBC will carry its own British English broadcast, with Greg Brady, Darren Fletcher and Rocky Boiman on commentary.",IRRELEVANT,True,True,True
5729ef266aef05140015511e,easy,29,para:289,In lands attributed to what tribe are found remains of large settlements?,"['Xingu tribe', 'Xingu']","A teacher's role may vary among cultures. Teachers may provide instruction in literacy and numeracy, craftsmanship or vocational training, the arts, religion, civics, community roles, or life skills.",IRRELEVANT,True,True,True
5729ef266aef05140015511e,easy,30,para:321,In lands attributed to what tribe are found remains of large settlements?,"['Xingu tribe', 'Xingu']","In the United States especially, several high-profile cases such as Debra LaFave, Pamela Rogers, and Mary Kay Letourneau have caused increased scrutiny on teacher misconduct.",IRRELEVANT,True,True,True
57379a4b1c456719005744d0,hard,1,para:912,What is the force that causes rigid strength in structures?,"['normal', 'normal force']","In the 1960s, a series of discoveries, the most important of which was seafloor spreading, showed that the Earth's lithosphere, which includes the crust and rigid uppermost portion of the upper mantle, is separated into a number of tectonic plates that move across the plastically deforming, solid, upper mantle, which is called the asthenosphere. There is an intimate coupling between the movement of the plates on the surface and the convection of the mantle: oceanic plate motions and mantle convection currents always move in the same direction, because the oceanic lithosphere is the rigid upper thermal boundary layer of the convecting mantle. This coupling between rigid plates moving on the surface of the Earth and the convecting mantle is called plate tectonics.",IRRELEVANT,True,True,True
57379a4b1c456719005744d0,hard,2,para:1694,What is the force that causes rigid strength in structures?,"['normal', 'normal force']","One of competing model for cpDNA replication asserts that most cpDNA is linear and participates in homologous recombination and replication structures similar to bacteriophage T4. It has been established that some plants have linear cpDNA, such as maize, and that more species still contain complex structures that scientists do not yet understand. When the original experiments on cpDNA were performed, scientists did notice linear structures; however, they attributed these linear forms to broken circles. If the branched and complex structures seen in cpDNA experiments are real and not artifacts of concatenated circular DNA or broken circles, then a D-loop mechanism of replication is insufficient to explain how those structures would replicate. At the same time, homologous recombination does not expand the multiple A --> G gradients seen in plastomes. Because of the failure to explain the deamination gradient as well as the numerous plant species that have been shown to have circular cpDNA, the predominant theory continues to hold that most cpDNA is circular and most likely replicates via a D loop mechanism.",IRRELEVANT,True,True,True
57379a4b1c456719005744d0,hard,3,para:179,What is the force that causes rigid strength in structures?,"['normal', 'normal force']","Tesla noted the hazards of working with his circuit and single-node X-ray-producing devices. In his many notes on the early investigation of this phenomenon, he attributed the skin damage to various causes. He believed early on that damage to the skin was not caused by the Roentgen rays, but by the ozone generated in contact with the skin, and to a lesser extent, by nitrous acid. Tesla incorrectly believed that X-rays were longitudinal waves, such as those produced in waves in plasmas. These plasma waves can occur in force-free magnetic fields.",IRRELEVANT,True,True,True
57379a4b1c456719005744d0,hard,4,para:310,What is the force that causes rigid strength in structures?,"['normal', 'normal force']","It's not clear, however that this stereotypical view reflects the reality of East Asian classrooms or that the educational goals in these countries are commensurable with those in Western countries. In Japan, for example, although average attainment on standardized tests may exceed those in Western countries, classroom discipline and behavior is highly problematic. Although, officially, schools have extremely rigid codes of behavior, in practice many teachers find the students unmanageable and do not enforce discipline at all.",IRRELEVANT,True,True,True
57379a4b1c456719005744d0,hard,5,para:1728,What is the force that causes rigid strength in structures?,"['normal', 'normal force']","Plastid differentiation is not permanent, in fact many interconversions are possible. Chloroplasts may be converted to chromoplasts, which are pigment-filled plastids responsible for the bright colors seen in flowers and ripe fruit. Starch storing amyloplasts can also be converted to chromoplasts, and it is possible for proplastids to develop straight into chromoplasts. Chromoplasts and amyloplasts can also become chloroplasts, like what happens when a carrot or a potato is illuminated. If a plant is injured, or something else causes a plant cell to revert to a meristematic state, chloroplasts and other plastids can turn back into proplastids. Chloroplast, amyloplast, chromoplast, proplast, etc., are not absolute states—intermediate forms are common.",IRRELEVANT,True,True,True
57379a4b1c456719005744d0,hard,6,para:2011,What is the force that causes rigid strength in structures?,"['normal', 'normal force']","Loudoun, a capable administrator but a cautious field commander, planned one major operation for 1757: an attack on New France's capital, Quebec. Leaving a sizable force at Fort William Henry to distract Montcalm, he began organizing for the expedition to Quebec. He was then ordered by William Pitt, the Secretary of State responsible for the colonies, to attack Louisbourg first. Beset by delays of all kinds, the expedition was finally ready to sail from Halifax, Nova Scotia in early August. In the meantime French ships had escaped the British blockade of the French coast, and a fleet outnumbering the British one awaited Loudoun at Louisbourg. Faced with this strength, Loudoun returned to New York amid news that a massacre had occurred at Fort William Henry.",IRRELEVANT,True,True,True
57379a4b1c456719005744d0,hard,7,para:1322,What is the force that causes rigid strength in structures?,"['normal', 'normal force']","Construction is one of the most dangerous occupations in the world, incurring more occupational fatalities than any other sector in both the United States and in the European Union. In 2009, the fatal occupational injury rate among construction workers in the United States was nearly three times that for all workers. Falls are one of the most common causes of fatal and non-fatal injuries among construction workers. Proper safety equipment such as harnesses and guardrails and procedures such as securing ladders and inspecting scaffolding can curtail the risk of occupational injuries in the construction industry. Other major causes of fatalities in the construction industry include electrocution, transportation accidents, and trench cave-ins.",IRRELEVANT,True,True,True
57379a4b1c456719005744d0,hard,8,para:1311,What is the force that causes rigid strength in structures?,"['normal', 'normal force']","Several project structures can assist the owner in this integration, including design-build, partnering and construction management. In general, each of these project structures allows the owner to integrate the services of architects, interior designers, engineers and constructors throughout design and construction. In response, many companies are growing beyond traditional offerings of design or construction services alone and are placing more emphasis on establishing relationships with other necessary participants through the design-build process.",IRRELEVANT,True,True,True
57379a4b1c456719005744d0,hard,9,para:1693,What is the force that causes rigid strength in structures?,"['normal', 'normal force']","In cpDNA, there are several A → G deamination gradients. DNA becomes susceptible to deamination events when it is single stranded. When replication forks form, the strand not being copied is single stranded, and thus at risk for A → G deamination. Therefore, gradients in deamination indicate that replication forks were most likely present and the direction that they initially opened (the highest gradient is most likely nearest the start site because it was single stranded for the longest amount of time). This mechanism is still the leading theory today; however, a second theory suggests that most cpDNA is actually linear and replicates through homologous recombination. It further contends that only a minority of the genetic material is kept in circular chromosomes while the rest is in branched, linear, or other complex structures.",IRRELEVANT,True,True,True
57379a4b1c456719005744d0,hard,10,para:1706,What is the force that causes rigid strength in structures?,"['normal', 'normal force']","The chloroplasts of some hornworts and algae contain structures called pyrenoids. They are not found in higher plants. Pyrenoids are roughly spherical and highly refractive bodies which are a site of starch accumulation in plants that contain them. They consist of a matrix opaque to electrons, surrounded by two hemispherical starch plates. The starch is accumulated as the pyrenoids mature. In algae with carbon concentrating mechanisms, the enzyme rubisco is found in the pyrenoids. Starch can also accumulate around the pyrenoids when CO2 is scarce. Pyrenoids can divide to form new pyrenoids, or be produced ""de novo"".",IRRELEVANT,True,True,True
57379a4b1c456719005744d0,hard,11,para:1939,What is the force that causes rigid strength in structures?,"['normal', 'normal force']","Sanctifying Grace is that grace of God which sustains the believers in the journey toward Christian Perfection: a genuine love of God with heart, soul, mind, and strength, and a genuine love of our neighbors as ourselves. Sanctifying grace enables us to respond to God by leading a Spirit-filled and Christ-like life aimed toward love. Wesley never claimed this state of perfection for himself but instead insisted the attainment of perfection was possible for all Christians. Here the English Reformer parted company with both Luther and Calvin, who denied that a man would ever reach a state in this life in which he could not fall into sin. Such a man can lose all inclination to evil and can gain perfection in this life.",IRRELEVANT,True,True,True
57379a4b1c456719005744d0,hard,12,para:1257,What is the force that causes rigid strength in structures?,"['normal', 'normal force']","Long-term active memory is acquired following infection by activation of B and T cells. Active immunity can also be generated artificially, through vaccination. The principle behind vaccination (also called immunization) is to introduce an antigen from a pathogen in order to stimulate the immune system and develop specific immunity against that particular pathogen without causing disease associated with that organism. This deliberate induction of an immune response is successful because it exploits the natural specificity of the immune system, as well as its inducibility. With infectious disease remaining one of the leading causes of death in the human population, vaccination represents the most effective manipulation of the immune system mankind has developed.",IRRELEVANT,True,True,True
57379a4b1c456719005744d0,hard,13,para:1245,What is the force that causes rigid strength in structures?,"['normal', 'normal force']","Helper T cells express T cell receptors (TCR) that recognize antigen bound to Class II MHC molecules. The MHC:antigen complex is also recognized by the helper cell's CD4 co-receptor, which recruits molecules inside the T cell (e.g., Lck) that are responsible for the T cell's activation. Helper T cells have a weaker association with the MHC:antigen complex than observed for killer T cells, meaning many receptors (around 200–300) on the helper T cell must be bound by an MHC:antigen in order to activate the helper cell, while killer T cells can be activated by engagement of a single MHC:antigen molecule. Helper T cell activation also requires longer duration of engagement with an antigen-presenting cell. The activation of a resting helper T cell causes it to release cytokines that influence the activity of many cell types. Cytokine signals produced by helper T cells enhance the microbicidal function of macrophages and the activity of killer T cells. In addition, helper T cell activation causes an upregulation of molecules expressed on the T cell's surface, such as CD40 ligand (also called CD154), which provide extra stimulatory signals typically required to activate antibody-producing B cells.",IRRELEVANT,True,True,True
57379a4b1c456719005744d0,hard,14,para:242,What is the force that causes rigid strength in structures?,"['normal', 'normal force']","Closely related fields in theoretical computer science are analysis of algorithms and computability theory. A key distinction between analysis of algorithms and computational complexity theory is that the former is devoted to analyzing the amount of resources needed by a particular algorithm to solve a problem, whereas the latter asks a more general question about all possible algorithms that could be used to solve the same problem. More precisely, it tries to classify problems that can or cannot be solved with appropriately restricted resources. In turn, imposing restrictions on the available resources is what distinguishes computational complexity from computability theory: the latter theory asks what kind of problems can, in principle, be solved algorithmically.",IRRELEVANT,True,True,True
57379a4b1c456719005744d0,hard,15,para:1610,What is the force that causes rigid strength in structures?,"['normal', 'normal force']","On 28 February 2008, Kibaki and Odinga signed an agreement on the formation of a coalition government in which Odinga would become Kenya's second Prime Minister. Under the deal, the president would appoint cabinet ministers from both PNU and ODM camps depending on each party's strength in Parliament. The agreement stipulated that the cabinet would include a vice-president and two deputy Prime Ministers. After debates, it was passed by Parliament, the coalition would hold until the end of the current Parliament or if either of the parties withdraws from the deal before then.",IRRELEVANT,True,True,True
57379a4b1c456719005744d0,hard,16,para:1629,What is the force that causes rigid strength in structures?,"['normal', 'normal force']","Child labour is common in Kenya. Most working children are active in agriculture. In 2006, UNICEF estimated that up to 30% of girls in the coastal areas of Malindi, Mombasa, Kilifi, and Diani were subject to prostitution. Most of the prostitutes in Kenya are aged 9–18. The Ministry of Gender and Child Affairs employed 400 child protection officers in 2009. The causes of child labour include poverty, the lack of access to education and weak government institutions. Kenya has ratified Convention No. 81 on labour inspection in industries and Convention No. 129 on labour inspection in agriculture.",IRRELEVANT,True,True,True
57379a4b1c456719005744d0,hard,17,para:1676,What is the force that causes rigid strength in structures?,"['normal', 'normal force']","The alga Cyanophora, a glaucophyte, is thought to be one of the first organisms to contain a chloroplast. The glaucophyte chloroplast group is the smallest of the three primary chloroplast lineages, being found in only 13 species, and is thought to be the one that branched off the earliest. Glaucophytes have chloroplasts that retain a peptidoglycan wall between their double membranes, like their cyanobacterial parent. For this reason, glaucophyte chloroplasts are also known as muroplasts. Glaucophyte chloroplasts also contain concentric unstacked thylakoids, which surround a carboxysome - an icosahedral structure that glaucophyte chloroplasts and cyanobacteria keep their carbon fixation enzyme rubisco in. The starch that they synthesize collects outside the chloroplast. Like cyanobacteria, glaucophyte chloroplast thylakoids are studded with light collecting structures called phycobilisomes. For these reasons, glaucophyte chloroplasts are considered a primitive intermediate between cyanobacteria and the more evolved chloroplasts in red algae and plants.",IRRELEVANT,True,True,True
57379a4b1c456719005744d0,hard,18,para:1701,What is the force that causes rigid strength in structures?,"['normal', 'normal force']","The chloroplast membranes sometimes protrude out into the cytoplasm, forming a stromule, or stroma-containing tubule. Stromules are very rare in chloroplasts, and are much more common in other plastids like chromoplasts and amyloplasts in petals and roots, respectively. They may exist to increase the chloroplast's surface area for cross-membrane transport, because they are often branched and tangled with the endoplasmic reticulum. When they were first observed in 1962, some plant biologists dismissed the structures as artifactual, claiming that stromules were just oddly shaped chloroplasts with constricted regions or dividing chloroplasts. However, there is a growing body of evidence that stromules are functional, integral features of plant cell plastids, not merely artifacts.",IRRELEVANT,True,True,True
57379a4b1c456719005744d0,hard,19,para:2000,What is the force that causes rigid strength in structures?,"['normal', 'normal force']","After Washington had returned to Williamsburg, Dinwiddie ordered him to lead a larger force to assist Trent in his work. While en route, Washington learned of Trent's retreat. Since Tanaghrisson had promised support to the British, Washington continued toward Fort Duquesne and met with the Mingo leader. Learning of a French scouting party in the area, Washington, with Tanaghrisson and his party, surprised the Canadians on May 28 in what became known as the Battle of Jumonville Glen. They killed many of the Canadians, including their commanding officer, Joseph Coulon de Jumonville, whose head was reportedly split open by Tanaghrisson with a tomahawk. The historian Fred Anderson suggests that Tanaghrisson was acting to gain the support of the British and regain authority over his own people. They had been inclined to support the French, with whom they had long trading relationships. One of Tanaghrisson's men told Contrecoeur that Jumonville had been killed by British musket fire.",IRRELEVANT,True,True,True
57379a4b1c456719005744d0,hard,20,para:1689,What is the force that causes rigid strength in structures?,"['normal', 'normal force']","While most chloroplasts originate from that first set of endosymbiotic events, Paulinella chromatophora is an exception that acquired a photosynthetic cyanobacterial endosymbiont more recently. It is not clear whether that symbiont is closely related to the ancestral chloroplast of other eukaryotes. Being in the early stages of endosymbiosis, Paulinella chromatophora can offer some insights into how chloroplasts evolved. Paulinella cells contain one or two sausage shaped blue-green photosynthesizing structures called chromatophores, descended from the cyanobacterium Synechococcus. Chromatophores cannot survive outside their host. Chromatophore DNA is about a million base pairs long, containing around 850 protein encoding genes—far less than the three million base pair Synechococcus genome, but much larger than the approximately 150,000 base pair genome of the more assimilated chloroplast. Chromatophores have transferred much less of their DNA to the nucleus of their host. About 0.3–0.8% of the nuclear DNA in Paulinella is from the chromatophore, compared with 11–14% from the chloroplast in plants.",IRRELEVANT,True,True,True
57379a4b1c456719005744d0,hard,21,para:1226,What is the force that causes rigid strength in structures?,"['normal', 'normal force']","The immune system is a system of many biological structures and processes within an organism that protects against disease. To function properly, an immune system must detect a wide variety of agents, known as pathogens, from viruses to parasitic worms, and distinguish them from the organism's own healthy tissue. In many species, the immune system can be classified into subsystems, such as the innate immune system versus the adaptive immune system, or humoral immunity versus cell-mediated immunity. In humans, the blood–brain barrier, blood–cerebrospinal fluid barrier, and similar fluid–brain barriers separate the peripheral immune system from the neuroimmune system which protects the brain.",IRRELEVANT,True,True,True
57379a4b1c456719005744d0,hard,22,para:308,What is the force that causes rigid strength in structures?,"['normal', 'normal force']","A modern example of school discipline in North America and Western Europe relies upon the idea of an assertive teacher who is prepared to impose their will upon a class. Positive reinforcement is balanced with immediate and fair punishment for misbehavior and firm, clear boundaries define what is appropriate and inappropriate behavior. Teachers are expected to respect their students; sarcasm and attempts to humiliate pupils are seen as falling outside of what constitutes reasonable discipline.[verification needed]",IRRELEVANT,True,True,True
57379a4b1c456719005744d0,hard,23,para:1436,What is the force that causes rigid strength in structures?,"['normal', 'normal force']","In many poor and developing countries much land and housing is held outside the formal or legal property ownership registration system. Much unregistered property is held in informal form through various associations and other arrangements. Reasons for extra-legal ownership include excessive bureaucratic red tape in buying property and building, In some countries it can take over 200 steps and up to 14 years to build on government land. Other causes of extra-legal property are failures to notarize transaction documents or having documents notarized but failing to have them recorded with the official agency.",IRRELEVANT,True,True,True
57379a4b1c456719005744d0,hard,24,para:1441,What is the force that causes rigid strength in structures?,"['normal', 'normal force']","Robert Nozick argued that government redistributes wealth by force (usually in the form of taxation), and that the ideal moral society would be one where all individuals are free from force. However, Nozick recognized that some modern economic inequalities were the result of forceful taking of property, and a certain amount of redistribution would be justified to compensate for this force but not because of the inequalities themselves. John Rawls argued in A Theory of Justice that inequalities in the distribution of wealth are only justified when they improve society as a whole, including the poorest members. Rawls does not discuss the full implications of his theory of justice. Some see Rawls's argument as a justification for capitalism since even the poorest members of society theoretically benefit from increased innovations under capitalism; others believe only a strong welfare state can satisfy Rawls's theory of justice.",IRRELEVANT,True,True,True
57379a4b1c456719005744d0,hard,25,para:822,What is the force that causes rigid strength in structures?,"['normal', 'normal force']","The Lobata have a pair of lobes, which are muscular, cuplike extensions of the body that project beyond the mouth. Their inconspicuous tentacles originate from the corners of the mouth, running in convoluted grooves and spreading out over the inner surface of the lobes (rather than trailing far behind, as in the Cydippida). Between the lobes on either side of the mouth, many species of lobates have four auricles, gelatinous projections edged with cilia that produce water currents that help direct microscopic prey toward the mouth. This combination of structures enables lobates to feed continuously on suspended planktonic prey.",IRRELEVANT,True,True,True
57379a4b1c456719005744d0,hard,26,para:1908,What is the force that causes rigid strength in structures?,"['normal', 'normal force']","Britain's imperialist ambitions can be seen as early as the sixteenth century. In 1599 the British East India Company was established and was chartered by Queen Elizabeth in the following year. With the establishment of trading posts in India, the British were able to maintain strength relative to others empires such as the Portuguese who already had set up trading posts in India. In 1767 political activity caused exploitation of the East India Company causing the plundering of the local economy, almost bringing the company into bankruptcy.",IRRELEVANT,True,True,True
57379a4b1c456719005744d0,hard,27,para:1951,What is the force that causes rigid strength in structures?,"['normal', 'normal force']","The United Methodist Church teaches that pornography is ""about violence, degradation, exploitation, and coercion"" and ""deplore[s] all forms of commercialization, abuse, and exploitation of sex."" The Sexual Ethics Task Force of The United Methodist Church states that ""Research shows it [pornography] is not an 'innocent activity.' It is harmful and is generally addictive. Persons who are addicted to pornography are physiologically altered, as is their perspective, relationships with parishioners and family, and their perceptions of girls and women.""",IRRELEVANT,True,True,True
57379a4b1c456719005744d0,hard,28,para:1270,What is the force that causes rigid strength in structures?,"['normal', 'normal force']","The mechanisms used to evade the adaptive immune system are more complicated. The simplest approach is to rapidly change non-essential epitopes (amino acids and/or sugars) on the surface of the pathogen, while keeping essential epitopes concealed. This is called antigenic variation. An example is HIV, which mutates rapidly, so the proteins on its viral envelope that are essential for entry into its host target cell are constantly changing. These frequent changes in antigens may explain the failures of vaccines directed at this virus. The parasite Trypanosoma brucei uses a similar strategy, constantly switching one type of surface protein for another, allowing it to stay one step ahead of the antibody response. Masking antigens with host molecules is another common strategy for avoiding detection by the immune system. In HIV, the envelope that covers the virion is formed from the outermost membrane of the host cell; such ""self-cloaked"" viruses make it difficult for the immune system to identify them as ""non-self"" structures.",IRRELEVANT,True,True,True
57379a4b1c456719005744d0,easy,1,para:1377,What is the force that causes rigid strength in structures?,"['normal', 'normal force']","Other: Civil rights leader W. E. B. Du Bois; philosopher Henry David Thoreau; authors Ralph Waldo Emerson and William S. Burroughs; educators Werner Baer, Harlan Hanson; poets Wallace Stevens, T. S. Eliot and E. E. Cummings; conductor Leonard Bernstein; cellist Yo Yo Ma; pianist and composer Charlie Albright; composer John Alden Carpenter; comedian, television show host and writer Conan O'Brien; actors Tatyana Ali, Nestor Carbonell, Matt Damon, Fred Gwynne, Hill Harper, Rashida Jones, Tommy Lee Jones, Ashley Judd, Jack Lemmon, Natalie Portman, Mira Sorvino, Elisabeth Shue, and Scottie Thompson; film directors Darren Aronofsky, Terrence Malick, Mira Nair, and Whit Stillman; architect Philip Johnson; musicians Rivers Cuomo, Tom Morello, and Gram Parsons; musician, producer and composer Ryan Leslie; serial killer Ted Kaczynski; programmer and activist Richard Stallman; NFL quarterback Ryan Fitzpatrick; NFL center Matt Birk; NBA player Jeremy Lin; US Ski Team skier Ryan Max Riley; physician Sachin H. Jain; physicist J. Robert Oppenheimer; computer pioneer and inventor An Wang; Tibetologist George de Roerich; and Marshall Admiral Isoroku Yamamoto.",IRRELEVANT,True,True,True
57379a4b1c456719005744d0,easy,2,para:1378,What is the force that causes rigid strength in structures?,"['normal', 'normal force']","Harvard's faculty includes scholars such as biologist E. O. Wilson, cognitive scientist Steven Pinker, physicists Lisa Randall and Roy Glauber, chemists Elias Corey, Dudley R. Herschbach and George M. Whitesides, computer scientists Michael O. Rabin and Leslie Valiant, Shakespeare scholar Stephen Greenblatt, writer Louis Menand, critic Helen Vendler, historians Henry Louis Gates, Jr. and Niall Ferguson, economists Amartya Sen, N. Gregory Mankiw, Robert Barro, Stephen A. Marglin, Don M. Wilson III and Martin Feldstein, political philosophers Harvey Mansfield, Baroness Shirley Williams and Michael Sandel, Fields Medalist mathematician Shing-Tung Yau, political scientists Robert Putnam, Joseph Nye, and Stanley Hoffmann, scholar/composers Robert Levin and Bernard Rands, astrophysicist Alyssa A. Goodman, and legal scholars Alan Dershowitz and Lawrence Lessig.",IRRELEVANT,True,True,True
57379a4b1c456719005744d0,easy,3,para:227,What is the force that causes rigid strength in structures?,"['normal', 'normal force']","Tesla could be harsh at times and openly expressed disgust for overweight people, such as when he fired a secretary because of her weight.:110 He was quick to criticize clothing; on several occasions, Tesla directed a subordinate to go home and change her dress.:33",IRRELEVANT,True,True,True
57379a4b1c456719005744d0,easy,4,para:334,What is the force that causes rigid strength in structures?,"['normal', 'normal force']","Many counties offer alternative licensing programs to attract people into teaching, especially for hard-to-fill positions. Excellent job opportunities are expected as retirements, especially among secondary school teachers, outweigh slowing enrollment growth; opportunities will vary by geographic area and subject taught.[citation needed]",IRRELEVANT,True,True,True
57379a4b1c456719005744d0,easy,5,para:1376,What is the force that causes rigid strength in structures?,"['normal', 'normal force']","Politics: U.N. Secretary General Ban Ki-moon; American political leaders John Hancock, John Adams, John Quincy Adams, Rutherford B. Hayes, Theodore Roosevelt, Franklin D. Roosevelt, John F. Kennedy, Al Gore, George W. Bush and Barack Obama; Chilean President Sebastián Piñera; Colombian President Juan Manuel Santos; Costa Rican President José María Figueres; Mexican Presidents Felipe Calderón, Carlos Salinas de Gortari and Miguel de la Madrid; Mongolian President Tsakhiagiin Elbegdorj; Peruvian President Alejandro Toledo; Taiwanese President Ma Ying-jeou; Canadian Governor General David Lloyd Johnston; Indian Member of Parliament Jayant Sinha; Albanian Prime Minister Fan S. Noli; Canadian Prime Ministers Mackenzie King and Pierre Trudeau; Greek Prime Minister Antonis Samaras; Israeli Prime Minister Benjamin Netanyahu; former Pakistani Prime Minister Benazir Bhutto; U. S. Secretary of Housing and Urban Development Shaun Donovan; Canadian political leader Michael Ignatieff; Pakistani Members of Provincial Assembly Murtaza Bhutto and Sanam Bhutto; Bangladesh Minister of Finance Abul Maal Abdul Muhith; President of Puntland Abdiweli Mohamed Ali; U.S. Ambassador to the European Union Anthony Luzzatto Gardner.",IRRELEVANT,True,True,True
57379a4b1c456719005744d0,easy,6,para:43,What is the force that causes rigid strength in structures?,"['normal', 'normal force']","Six-time Grammy winner and Academy Award nominee Lady Gaga performed the national anthem, while Academy Award winner Marlee Matlin provided American Sign Language (ASL) translation.",IRRELEVANT,True,True,True
57379a4b1c456719005744d0,easy,7,para:229,What is the force that causes rigid strength in structures?,"['normal', 'normal force']","Tesla was generally antagonistic towards theories about the conversion of matter into energy.:247 He was also critical of Einstein's theory of relativity, saying:",IRRELEVANT,True,True,True
57379a4b1c456719005744d0,easy,8,para:291,What is the force that causes rigid strength in structures?,"['normal', 'normal force']","Religious and spiritual teachers, such as gurus, mullahs, rabbis, pastors/youth pastors and lamas, may teach religious texts such as the Quran, Torah or Bible.",IRRELEVANT,True,True,True
57379a4b1c456719005744d0,easy,9,para:1731,What is the force that causes rigid strength in structures?,"['normal', 'normal force']","Light has been shown to be a requirement for chloroplast division. Chloroplasts can grow and progress through some of the constriction stages under poor quality green light, but are slow to complete division—they require exposure to bright white light to complete division. Spinach leaves grown under green light have been observed to contain many large dumbbell-shaped chloroplasts. Exposure to white light can stimulate these chloroplasts to divide and reduce the population of dumbbell-shaped chloroplasts.",IRRELEVANT,True,True,True
57379a4b1c456719005744d0,easy,10,para:1544,What is the force that causes rigid strength in structures?,"['normal', 'normal force']","Current faculty include the anthropologist Marshall Sahlins, historian Dipesh Chakrabarty, paleontologists Neil Shubin and Paul Sereno, evolutionary biologist Jerry Coyne, Nobel prize winning physicist Yoichiro Nambu, Nobel prize winning physicist James Cronin, Nobel Prize winning economists Eugene Fama, James Heckman, Lars Peter Hansen, Roger Myerson and Robert Lucas, Jr., Freakonomics author and noted economist Steven Levitt, current governor of India's central bank Raghuram Rajan, the 74th United States Secretary of the Treasury and former Goldman Sachs Chairman and CEO Hank Paulson, former Chairman of President Barack Obama's Council of Economic Advisors Austan Goolsbee, Shakespeare scholar David Bevington, and renowned political scientists John Mearsheimer and Robert Pape.",IRRELEVANT,True,True,True
57379a4b1c456719005744d0,easy,11,para:180,What is the force that causes rigid strength in structures?,"['normal', 'normal force']","At the beginning of 1893 Westinghouse engineer Benjamin Lamme had made great progress developing an efficient version of Tesla's induction motor and Westinghouse Electric started branding their complete polyphase phase AC system as the ""Tesla Polyphase System"", noting how they believed Tesla's patents gave them patent priority over other AC systems.",IRRELEVANT,True,True,True
57379a4b1c456719005744d0,easy,12,para:39,What is the force that causes rigid strength in structures?,"['normal', 'normal force']","Westwood One will carry the game throughout North America, with Kevin Harlan as play-by-play announcer, Boomer Esiason and Dan Fouts as color analysts, and James Lofton and Mark Malone as sideline reporters. Jim Gray will anchor the pre-game and halftime coverage.",IRRELEVANT,True,True,True
57379a4b1c456719005744d0,easy,13,para:148,What is the force that causes rigid strength in structures?,"['normal', 'normal force']","Nikola Tesla (Serbian Cyrillic: Никола Тесла; 10 July 1856 – 7 January 1943) was a Serbian American inventor, electrical engineer, mechanical engineer, physicist, and futurist best known for his contributions to the design of the modern alternating current (AC) electricity supply system.",IRRELEVANT,True,True,True
57379a4b1c456719005744d0,easy,14,para:1250,What is the force that causes rigid strength in structures?,"['normal', 'normal force']","Hormones can act as immunomodulators, altering the sensitivity of the immune system. For example, female sex hormones are known immunostimulators of both adaptive and innate immune responses. Some autoimmune diseases such as lupus erythematosus strike women preferentially, and their onset often coincides with puberty. By contrast, male sex hormones such as testosterone seem to be immunosuppressive. Other hormones appear to regulate the immune system as well, most notably prolactin, growth hormone and vitamin D.",IRRELEVANT,True,True,True
57379a4b1c456719005744d0,easy,15,para:35,What is the force that causes rigid strength in structures?,"['normal', 'normal force']","As opposed to broadcasts of primetime series, CBS broadcast special episodes of its late night talk shows as its lead-out programs for Super Bowl 50, beginning with a special episode of The Late Show with Stephen Colbert following the game. Following a break for late local programming, CBS also aired a special episode of The Late Late Show with James Corden.",IRRELEVANT,True,True,True
57379a4b1c456719005744d0,easy,16,para:980,What is the force that causes rigid strength in structures?,"['normal', 'normal force']","From Newcastle International Ferry Terminal, at North Shields, Danish DFDS Seaways run a service to IJmuiden (near Amsterdam). The DFDS ferry service to Gothenburg, Sweden, ceased at the end of October 2006 – the company cited high fuel prices and new competition from low-cost air services as the cause – and their service to Bergen and Stavanger, Norway was terminated late 2008. Since summer 2007, Thomson cruise lines have included Newcastle as a departure port on its Norwegian and Fjords cruise.",IRRELEVANT,True,True,True
57379a4b1c456719005744d0,easy,17,para:236,What is the force that causes rigid strength in structures?,"['normal', 'normal force']","Tesla wrote a number of books and articles for magazines and journals. Among his books are My Inventions: The Autobiography of Nikola Tesla, compiled and edited by Ben Johnston; The Fantastic Inventions of Nikola Tesla, compiled and edited by David Hatcher Childress; and The Tesla Papers.",IRRELEVANT,True,True,True
57379a4b1c456719005744d0,easy,18,para:217,What is the force that causes rigid strength in structures?,"['normal', 'normal force']","Tesla worked every day from 9:00 a.m. until 6:00 p.m. or later, with dinner from exactly 8:10 p.m., at Delmonico's restaurant and later the Waldorf-Astoria Hotel. Tesla would telephone his dinner order to the headwaiter, who also could be the only one to serve him. ""The meal was required to be ready at eight o'clock ... He dined alone, except on the rare occasions when he would give a dinner to a group to meet his social obligations. Tesla would then resume his work, often until 3:00 a.m."":283, 286",IRRELEVANT,True,True,True
57379a4b1c456719005744d0,easy,19,para:1685,What is the force that causes rigid strength in structures?,"['normal', 'normal force']","The fucoxanthin dinophyte lineages (including Karlodinium and Karenia) lost their original red algal derived chloroplast, and replaced it with a new chloroplast derived from a haptophyte endosymbiont. Karlodinium and Karenia probably took up different heterokontophytes. Because the haptophyte chloroplast has four membranes, tertiary endosymbiosis would be expected to create a six membraned chloroplast, adding the haptophyte's cell membrane and the dinophyte's phagosomal vacuole. However, the haptophyte was heavily reduced, stripped of a few membranes and its nucleus, leaving only its chloroplast (with its original double membrane), and possibly one or two additional membranes around it.",IRRELEVANT,True,True,True
57379a4b1c456719005744d0,easy,20,para:476,What is the force that causes rigid strength in structures?,"['normal', 'normal force']","Six of the seven lines of the commuter rail system, Metrolink, run out of Downtown Los Angeles, connecting Los Angeles, Ventura, San Bernardino, Riverside, Orange, and San Diego counties with the other line connecting San Bernardino, Riverside, and Orange counties directly.",IRRELEVANT,True,True,True
57379a4b1c456719005744d0,easy,21,para:1157,What is the force that causes rigid strength in structures?,"['normal', 'normal force']","As an incentive for absolute obedience and following his rule of law, the Yassa code, Temüjin promised civilians and soldiers wealth from future possible war spoils. As he defeated rival tribes, he did not drive away enemy soldiers and abandon the rest. Instead, he took the conquered tribe under his protection and integrated its members into his own tribe. He would even have his mother adopt orphans from the conquered tribe, bringing them into his family. These political innovations inspired great loyalty among the conquered people, making Temüjin stronger with each victory.",IRRELEVANT,True,True,True
57379a4b1c456719005744d0,easy,22,para:34,What is the force that causes rigid strength in structures?,"['normal', 'normal force']","CBS provided digital streams of the game via CBSSports.com, and the CBS Sports apps on tablets, Windows 10, Xbox One and other digital media players (such as Chromecast and Roku). Due to Verizon Communications exclusivity, streaming on smartphones was only provided to Verizon Wireless customers via the NFL Mobile service. The ESPN Deportes Spanish broadcast was made available through WatchESPN.",IRRELEVANT,True,True,True
57379a4b1c456719005744d0,easy,23,para:487,What is the force that causes rigid strength in structures?,"['normal', 'normal force']","BSkyB utilises the VideoGuard pay-TV scrambling system owned by NDS, a Cisco Systems company. There are tight controls over use of VideoGuard decoders; they are not available as stand-alone DVB CAMs (conditional-access modules). BSkyB has design authority over all digital satellite receivers capable of receiving their service. The receivers, though designed and built by different manufacturers, must conform to the same user interface look-and-feel as all the others. This extends to the Personal video recorder (PVR) offering (branded Sky+).",IRRELEVANT,True,True,True
57379a4b1c456719005744d0,easy,24,para:703,What is the force that causes rigid strength in structures?,"['normal', 'normal force']","But even after NASA reached internal agreement, it was far from smooth sailing. Kennedy's science advisor Jerome Wiesner, who had expressed his opposition to manned spaceflight to Kennedy before the President took office, and had opposed the decision to land men on the Moon, hired Golovin, who had left NASA, to chair his own ""Space Vehicle Panel"", ostensibly to monitor, but actually to second-guess NASA's decisions on the Saturn V launch vehicle and LOR by forcing Shea, Seamans, and even Webb to defend themselves, delaying its formal announcement to the press on July 11, 1962, and forcing Webb to still hedge the decision as ""tentative"".",IRRELEVANT,True,True,True
57379a4b1c456719005744d0,easy,25,para:685,What is the force that causes rigid strength in structures?,"['normal', 'normal force']","Federal safety standards, such as NHTSA Federal Motor Vehicle Safety Standard 215 (pertaining to safety bumpers), and compacts like the 1974 Mustang I were a prelude to the DOT ""downsize"" revision of vehicle categories. By 1977, GM's full-sized cars reflected the crisis. By 1979, virtually all ""full-size"" American cars had shrunk, featuring smaller engines and smaller outside dimensions. Chrysler ended production of their full-sized luxury sedans at the end of the 1981 model year, moving instead to a full front-wheel drive lineup for 1982 (except for the M-body Dodge Diplomat/Plymouth Gran Fury and Chrysler New Yorker Fifth Avenue sedans).",IRRELEVANT,True,True,True
57379a4b1c456719005744d0,easy,26,para:5,What is the force that causes rigid strength in structures?,"['normal', 'normal force']","The league eventually narrowed the bids to three sites: New Orleans' Mercedes-Benz Superdome, Miami's Sun Life Stadium, and the San Francisco Bay Area's Levi's Stadium.",IRRELEVANT,True,True,True
57379a4b1c456719005744d0,easy,27,para:259,What is the force that causes rigid strength in structures?,"['normal', 'normal force']","The best, worst and average case complexity refer to three different ways of measuring the time complexity (or any other complexity measure) of different inputs of the same size. Since some inputs of size n may be faster to solve than others, we define the following complexities:",IRRELEVANT,True,True,True
57379a4b1c456719005744d0,easy,28,para:193,What is the force that causes rigid strength in structures?,"['normal', 'normal force']","The Colorado experiments had prepared Tesla for the establishment of the trans-Atlantic wireless telecommunications facility known as Wardenclyffe near Shoreham, Long Island.",IRRELEVANT,True,True,True
57379a4b1c456719005744d0,easy,29,para:1211,What is the force that causes rigid strength in structures?,"['normal', 'normal force']","The clinical pharmacist's role involves creating a comprehensive drug therapy plan for patient-specific problems, identifying goals of therapy, and reviewing all prescribed medications prior to dispensing and administration to the patient. The review process often involves an evaluation of the appropriateness of the drug therapy (e.g., drug choice, dose, route, frequency, and duration of therapy) and its efficacy. The pharmacist must also monitor for potential drug interactions, adverse drug reactions, and assess patient drug allergies while designing and initiating a drug therapy plan.",IRRELEVANT,True,True,True
57379a4b1c456719005744d0,easy,30,para:710,What is the force that causes rigid strength in structures?,"['normal', 'normal force']","The Lunar Module (LM) was designed to descend from lunar orbit to land two astronauts on the Moon and take them back to orbit to rendezvous with the Command Module. Not designed to fly through the Earth's atmosphere or return to Earth, its fuselage was designed totally without aerodynamic considerations, and was of an extremely lightweight construction. It consisted of separate descent and ascent stages, each with its own engine. The descent stage contained storage for the descent propellant, surface stay consumables, and surface exploration equipment. The ascent stage contained the crew cabin, ascent propellant, and a reaction control system. The initial LM model weighed approximately 33,300 pounds (15,100 kg), and allowed surface stays up to around 34 hours. An Extended Lunar Module weighed over 36,200 pounds (16,400 kg), and allowed surface stays of over 3 days.",IRRELEVANT,True,True,True
56e76ea737bdd419002c3fa1,hard,1,para:1346,Where does a private school get funding to operate?,"['the private sector, businesses and sponsors', 'private sector', 'private sector, businesses and sponsors']","Funding for private schools is generally provided through student tuition, endowments, scholarship/voucher funds, and donations and grants from religious organizations or private individuals. Government funding for religious schools is either subject to restrictions or possibly forbidden, according to the courts' interpretation of the Establishment Clause of the First Amendment or individual state Blaine Amendments. Non-religious private schools theoretically could qualify for such funding without hassle, preferring the advantages of independent control of their student admissions and course content instead of the public funding they could get with charter status.",RELEVANT,False,True,True
56e76ea737bdd419002c3fa1,hard,2,para:1337,Where does a private school get funding to operate?,"['the private sector, businesses and sponsors', 'private sector', 'private sector, businesses and sponsors']","As of April 2014, there are 88 private schools in New Zealand, catering for around 28,000 students or 3.7% of the entire student population. Private school numbers have been in decline since the mid-1970s as a result of many private schools opting to become state-integrated schools, mostly due of financial difficulties stemming from changes in student numbers and/or the economy. State-integrated schools keep their private school special character and receives state funds in return for having to operate like a state school, e.g. they must teach the state curriculum, they must employ registered teachers, and they can't charge tuition fees (they can charge ""attendance dues"" for the upkeep on the still-private school land and buildings). The largest decline in private school numbers occurred between 1979 and 1984, when the nation's then-private Catholic school system integrated. As a result, private schools in New Zealand are now largely restricted to the largest cities (Auckland, Hamilton, Wellington and Christchurch) and niche markets.",IRRELEVANT,True,True,True
56e76ea737bdd419002c3fa1,hard,3,para:1333,Where does a private school get funding to operate?,"['the private sector, businesses and sponsors', 'private sector', 'private sector, businesses and sponsors']","Legally, only non-profit trusts and societies can run schools in India. They will have to satisfy a number of infrastructure and human resource related criteria to get Recognition (a form of license) from the government. Critics of this system point out that this leads to corruption by school inspectors who check compliance and to fewer schools in a country that has the largest adult illiterate population in the world. While official data does not capture the real extent of private schooling in the country, various studies have reported unpopularity of government schools and an increasing number of private schools. The Annual Status of Education Report (ASER), which evaluates learning levels in rural India, has been reporting poorer academic achievement in government schools than in private schools. A key difference between the government and private schools is that the medium of education in private schools is English while it is the local language in government schools.",IRRELEVANT,True,True,True
56e76ea737bdd419002c3fa1,hard,4,para:1323,Where does a private school get funding to operate?,"['the private sector, businesses and sponsors', 'private sector', 'private sector, businesses and sponsors']","Private schools, also known as independent schools, non-governmental, or nonstate schools, are not administered by local, state or national governments; thus, they retain the right to select their students and are funded in whole or in part by charging their students tuition, rather than relying on mandatory taxation through public (government) funding; at some private schools students may be able to get a scholarship, which makes the cost cheaper, depending on a talent the student may have (e.g. sport scholarship, art scholarship, academic scholarship), financial need, or tax credit scholarships that might be available.",RELEVANT,False,True,True
56e76ea737bdd419002c3fa1,hard,5,para:515,Where does a private school get funding to operate?,"['the private sector, businesses and sponsors', 'private sector', 'private sector, businesses and sponsors']","Victorian schools are either publicly or privately funded. Public schools, also known as state or government schools, are funded and run directly by the Victoria Department of Education . Students do not pay tuition fees, but some extra costs are levied. Private fee-paying schools include parish schools run by the Roman Catholic Church and independent schools similar to British public schools. Independent schools are usually affiliated with Protestant churches. Victoria also has several private Jewish and Islamic primary and secondary schools. Private schools also receive some public funding. All schools must comply with government-set curriculum standards. In addition, Victoria has four government selective schools, Melbourne High School for boys, MacRobertson Girls' High School for girls, the coeducational schools John Monash Science School, Nossal High School and Suzanne Cory High School, and The Victorian College of the Arts Secondary School. Students at these schools are exclusively admitted on the basis of an academic selective entry test.",IRRELEVANT,True,True,True
56e76ea737bdd419002c3fa1,hard,6,para:1343,Where does a private school get funding to operate?,"['the private sector, businesses and sponsors', 'private sector', 'private sector, businesses and sponsors']","In Sweden, pupils are free to choose a private school and the private school gets paid the same amount as municipal schools. Over 10% of Swedish pupils were enrolled in private schools in 2008. Sweden is internationally known for this innovative school voucher model that provides Swedish pupils with the opportunity to choose the school they prefer. For instance, the biggest school chain, Kunskapsskolan (“The Knowledge School”), offers 30 schools and a web-based environment, has 700 employees and teaches nearly 10,000 pupils. The Swedish system has been recommended to Barack Obama.",IRRELEVANT,True,True,True
56e76ea737bdd419002c3fa1,hard,7,para:1330,Where does a private school get funding to operate?,"['the private sector, businesses and sponsors', 'private sector', 'private sector, businesses and sponsors']","Ersatzschulen are ordinary primary or secondary schools, which are run by private individuals, private organizations or religious groups. These schools offer the same types of diplomas as public schools. Ersatzschulen lack the freedom to operate completely outside of government regulation. Teachers at Ersatzschulen must have at least the same education and at least the same wages as teachers at public schools, an Ersatzschule must have at least the same academic standards as a public school and Article 7, Paragraph 4 of the Grundgesetz, also forbids segregation of pupils according to the means of their parents (the so-called Sonderungsverbot). Therefore, most Ersatzschulen have very low tuition fees and/or offer scholarships, compared to most other Western European countries. However, it is not possible to finance these schools with such low tuition fees, which is why all German Ersatzschulen are additionally financed with public funds. The percentages of public money could reach 100% of the personnel expenditures. Nevertheless, Private Schools became insolvent in the past in Germany.",IRRELEVANT,True,True,True
56e76ea737bdd419002c3fa1,hard,8,para:1338,Where does a private school get funding to operate?,"['the private sector, businesses and sponsors', 'private sector', 'private sector, businesses and sponsors']","Private schools are often Anglican, such as King's College and Diocesan School for Girls in Auckland, St Paul's Collegiate School in Hamilton, St Peter's School in Cambridge, Samuel Marsden Collegiate School in Wellington, and Christ's College and St Margaret's College in Christchurch; or Presbyterian, such as Saint Kentigern College and St Cuthbert's College in Auckland, Scots College and Queen Margaret College in Wellington, and St Andrew's College and Rangi Ruru Girls' School in Christchurch. Academic Colleges Group is a recent group of private schools run as a business, with schools throughout Auckland, including ACG Senior College in Auckland’s CBD, ACG Parnell College in Parnell, and international school ACG New Zealand International College. There are three private schools (including the secondary school, St Dominic's College) operated by the Catholic schismatic group, the Society of St Pius X in Wanganui.",IRRELEVANT,True,True,True
56e76ea737bdd419002c3fa1,hard,9,para:519,Where does a private school get funding to operate?,"['the private sector, businesses and sponsors', 'private sector', 'private sector, businesses and sponsors']","Rail transport in Victoria is provided by several private and public railway operators who operate over government-owned lines. Major operators include: Metro Trains Melbourne which runs an extensive, electrified, passenger system throughout Melbourne and suburbs; V/Line which is now owned by the Victorian Government, operates a concentrated service to major regional centres, as well as long distance services on other lines; Pacific National, CFCL Australia which operate freight services; Great Southern Rail which operates The Overland Melbourne—Adelaide; and NSW TrainLink which operates XPTs Melbourne—Sydney.",IRRELEVANT,True,True,True
56e76ea737bdd419002c3fa1,hard,10,para:1331,Where does a private school get funding to operate?,"['the private sector, businesses and sponsors', 'private sector', 'private sector, businesses and sponsors']","Ergänzungsschulen are secondary or post-secondary (non-tertiary) schools, which are run by private individuals, private organizations or rarely, religious groups and offer a type of education which is not available at public schools. Most of these schools are vocational schools. However, these vocational schools are not part of the German dual education system. Ergänzungsschulen have the freedom to operate outside of government regulation and are funded in whole by charging their students tuition fees.",RELEVANT,False,True,True
56e76ea737bdd419002c3fa1,hard,11,para:522,Where does a private school get funding to operate?,"['the private sector, businesses and sponsors', 'private sector', 'private sector, businesses and sponsors']","As of August 2010, Victoria had 1,548 public schools, 489 Catholic schools and 214 independent schools. Just under 540,800 students were enrolled in public schools, and just over 311,800 in private schools. Over 61 per cent of private students attend Catholic schools. More than 462,000 students were enrolled in primary schools and more than 390,000 in secondary schools. Retention rates for the final two years of secondary school were 77 per cent for public school students and 90 per cent for private school students. Victoria has about 63,519 full-time teachers.",IRRELEVANT,True,True,True
56e76ea737bdd419002c3fa1,hard,12,para:1336,Where does a private school get funding to operate?,"['the private sector, businesses and sponsors', 'private sector', 'private sector, businesses and sponsors']","The other category of schools are those run and partly or fully funded by private individuals, private organizations and religious groups. The ones that accept government funds are called 'aided' schools. The private 'un-aided' schools are fully funded by private parties. The standard and the quality of education is quite high. Technically, these would be categorized as private schools, but many of them have the name ""Public School"" appended to them, e.g., the Galaxy Public School in Kathmandu. Most of the middle-class families send their children to such schools, which might be in their own city or far off, like boarding schools. The medium of education is English, but as a compulsory subject, Nepali and/or the state's official language is also taught. Preschool education is mostly limited to organized neighbourhood nursery schools.",RELEVANT,False,True,True
56e76ea737bdd419002c3fa1,hard,13,para:1332,Where does a private school get funding to operate?,"['the private sector, businesses and sponsors', 'private sector', 'private sector, businesses and sponsors']","In India, private schools are called independent schools, but since some private schools receive financial aid from the government, it can be an aided or an unaided school. So, in a strict sense, a private school is an unaided independent school. For the purpose of this definition, only receipt of financial aid is considered, not land purchased from the government at a subsidized rate. It is within the power of both the union government and the state governments to govern schools since Education appears in the Concurrent list of legislative subjects in the constitution. The practice has been for the union government to provide the broad policy directions while the states create their own rules and regulations for the administration of the sector. Among other things, this has also resulted in 30 different Examination Boards or academic authorities that conduct examinations for school leaving certificates. Prominent Examination Boards that are present in multiple states are the CBSE and the CISCE, NENBSE",IRRELEVANT,True,True,True
56e76ea737bdd419002c3fa1,hard,14,para:1325,Where does a private school get funding to operate?,"['the private sector, businesses and sponsors', 'private sector', 'private sector, businesses and sponsors']","The secondary level includes schools offering years 7 through 12 (year twelve is known as lower sixth) and year 13 (upper sixth). This category includes university-preparatory schools or ""prep schools"", boarding schools and day schools. Tuition at private secondary schools varies from school to school and depends on many factors, including the location of the school, the willingness of parents to pay, peer tuitions and the school's financial endowment. High tuition, schools claim, is used to pay higher salaries for the best teachers and also used to provide enriched learning environments, including a low student to teacher ratio, small class sizes and services, such as libraries, science laboratories and computers. Some private schools are boarding schools and many military academies are privately owned or operated as well.",IRRELEVANT,True,True,True
56e76ea737bdd419002c3fa1,hard,15,para:1340,Where does a private school get funding to operate?,"['the private sector, businesses and sponsors', 'private sector', 'private sector, businesses and sponsors']","The Education Service Contracting scheme of the government provides financial assistance for tuition and other school fees of students turned away from public high schools because of enrollment overflows. The Tuition Fee Supplement is geared to students enrolled in priority courses in post-secondary and non-degree programmes, including vocational and technical courses. The Private Education Student Financial Assistance is made available to underprivileged, but deserving high school graduates, who wish to pursue college/technical education in private colleges and universities.",IRRELEVANT,True,True,True
56e76ea737bdd419002c3fa1,hard,16,para:1345,Where does a private school get funding to operate?,"['the private sector, businesses and sponsors', 'private sector', 'private sector, businesses and sponsors']","In many parts of the United States, after the 1954 decision in the landmark court case Brown v. Board of Education of Topeka that demanded United States schools desegregate ""with all deliberate speed"", local families organized a wave of private ""Christian academies"". In much of the U.S. South, many white students migrated to the academies, while public schools became in turn more heavily concentrated with African-American students (see List of private schools in Mississippi). The academic content of the academies was usually College Preparatory. Since the 1970s, many of these ""segregation academies"" have shut down, although some continue to operate.[citation needed]",IRRELEVANT,True,True,True
56e76ea737bdd419002c3fa1,hard,17,para:1334,Where does a private school get funding to operate?,"['the private sector, businesses and sponsors', 'private sector', 'private sector, businesses and sponsors']","In Ireland, private schools (Irish: scoil phríobháideach) are unusual because a certain number of teacher's salaries are paid by the State. If the school wishes to employ extra teachers they are paid for with school fees, which tend to be relatively low in Ireland compared to the rest of the world. There is, however, a limited element of state assessment of private schools, because of the requirement that the state ensure that children receive a certain minimum education; Irish private schools must still work towards the Junior Certificate and the Leaving Certificate, for example. Many private schools in Ireland also double as boarding schools. The average fee is around €5,000 annually for most schools, but some of these schools also provide boarding and the fees may then rise up to €25,000 per year. The fee-paying schools are usually run by a religious order, i.e., the Society of Jesus or Congregation of Christian Brothers, etc.",IRRELEVANT,True,True,True
56e76ea737bdd419002c3fa1,hard,18,para:1344,Where does a private school get funding to operate?,"['the private sector, businesses and sponsors', 'private sector', 'private sector, businesses and sponsors']","Private schools generally prefer to be called independent schools, because of their freedom to operate outside of government and local government control. Some of these are also known as public schools. Preparatory schools in the UK prepare pupils aged up to 13 years old to enter public schools. The name ""public school"" is based on the fact that the schools were open to pupils from anywhere, and not merely to those from a certain locality, and of any religion or occupation. According to The Good Schools Guide approximately 9 per cent of children being educated in the UK are doing so at fee-paying schools at GSCE level and 13 per cent at A-level.[citation needed] Many independent schools are single-sex (though this is becoming less common). Fees range from under £3,000 to £21,000 and above per year for day pupils, rising to £27,000+ per year for boarders. For details in Scotland, see ""Meeting the Cost"".",IRRELEVANT,True,True,True
56e76ea737bdd419002c3fa1,hard,19,para:1508,Where does a private school get funding to operate?,"['the private sector, businesses and sponsors', 'private sector', 'private sector, businesses and sponsors']","The University of Chicago (UChicago, Chicago, or U of C) is a private research university in Chicago. The university, established in 1890, consists of The College, various graduate programs, interdisciplinary committees organized into four academic research divisions and seven professional schools. Beyond the arts and sciences, Chicago is also well known for its professional schools, which include the Pritzker School of Medicine, the University of Chicago Booth School of Business, the Law School, the School of Social Service Administration, the Harris School of Public Policy Studies, the Graham School of Continuing Liberal and Professional Studies and the Divinity School. The university currently enrolls approximately 5,000 students in the College and around 15,000 students overall.",IRRELEVANT,True,True,True
56e76ea737bdd419002c3fa1,hard,20,para:219,Where does a private school get funding to operate?,"['the private sector, businesses and sponsors', 'private sector', 'private sector, businesses and sponsors']","In an interview with newspaper editor Arthur Brisbane, Tesla said that he did not believe in telepathy, stating, ""Suppose I made up my mind to murder you,"" he said, ""In a second you would know it. Now, isn't that wonderful? By what process does the mind get at all this?"" In the same interview, Tesla said that he believed that all fundamental laws could be reduced to one.",IRRELEVANT,True,True,True
56e76ea737bdd419002c3fa1,hard,21,para:1327,Where does a private school get funding to operate?,"['the private sector, businesses and sponsors', 'private sector', 'private sector, businesses and sponsors']","Private schools in Australia may be favoured for many reasons: prestige and the social status of the 'old school tie'; better quality physical infrastructure and more facilities (e.g. playing fields, swimming pools, etc.), higher-paid teachers; and/or the belief that private schools offer a higher quality of education. Some schools offer the removal of the purported distractions of co-education; the presence of boarding facilities; or stricter discipline based on their power of expulsion, a tool not readily available to government schools. Student uniforms for Australian private schools are generally stricter and more formal than in government schools - for example, a compulsory blazer. Private schools in Australia are always more expensive than their public counterparts.[citation needed]",IRRELEVANT,True,True,True
56e76ea737bdd419002c3fa1,hard,22,para:153,Where does a private school get funding to operate?,"['the private sector, businesses and sponsors', 'private sector', 'private sector, businesses and sponsors']","Tesla was the fourth of five children. He had an older brother named Dane and three sisters, Milka, Angelina and Marica. Dane was killed in a horse-riding accident when Nikola was five. In 1861, Tesla attended the ""Lower"" or ""Primary"" School in Smiljan where he studied German, arithmetic, and religion. In 1862, the Tesla family moved to Gospić, Austrian Empire, where Tesla's father worked as a pastor. Nikola completed ""Lower"" or ""Primary"" School, followed by the ""Lower Real Gymnasium"" or ""Normal School.""",IRRELEVANT,True,True,True
56e76ea737bdd419002c3fa1,hard,23,para:591,Where does a private school get funding to operate?,"['the private sector, businesses and sponsors', 'private sector', 'private sector, businesses and sponsors']","The working fluid in a Rankine cycle can operate as a closed loop system, where the working fluid is recycled continuously, or may be an ""open loop"" system, where the exhaust steam is directly released to the atmosphere, and a separate source of water feeding the boiler is supplied. Normally water is the fluid of choice due to its favourable properties, such as non-toxic and unreactive chemistry, abundance, low cost, and its thermodynamic properties. Mercury is the working fluid in the mercury vapor turbine. Low boiling hydrocarbons can be used in a binary cycle.",IRRELEVANT,True,True,True
56e76ea737bdd419002c3fa1,hard,24,para:1342,Where does a private school get funding to operate?,"['the private sector, businesses and sponsors', 'private sector', 'private sector, businesses and sponsors']","In the final years of the apartheid era, parents at white government schools were given the option to convert to a ""semi-private"" form called Model C, and many of these schools changed their admissions policies to accept children of other races. Following the transition to democracy, the legal form of ""Model C"" was abolished, however, the term continues to be used to describe government schools formerly reserved for white children.. These schools tend to produce better academic results than government schools formerly reserved for other race groups . Former ""Model C"" schools are not private schools, as they are state-controlled. All schools in South Africa (including both independent schools and public schools) have the right to set compulsory school fees, and formerly model C schools tend to set much higher school fees than other public schools.",IRRELEVANT,True,True,True
56e76ea737bdd419002c3fa1,hard,25,para:886,Where does a private school get funding to operate?,"['the private sector, businesses and sponsors', 'private sector', 'private sector, businesses and sponsors']","The National Science Foundation Network (NSFNET) was a program of coordinated, evolving projects sponsored by the National Science Foundation (NSF) beginning in 1985 to promote advanced research and education networking in the United States. NSFNET was also the name given to several nationwide backbone networks operating at speeds of 56 kbit/s, 1.5 Mbit/s (T1), and 45 Mbit/s (T3) that were constructed to support NSF's networking initiatives from 1985-1995. Initially created to link researchers to the nation's NSF-funded supercomputing centers, through further public funding and private industry partnerships it developed into a major part of the Internet backbone.",IRRELEVANT,True,True,True
56e76ea737bdd419002c3fa1,hard,26,para:1650,Where does a private school get funding to operate?,"['the private sector, businesses and sponsors', 'private sector', 'private sector, businesses and sponsors']","The IPCC does not carry out research nor does it monitor climate related data. Lead authors of IPCC reports assess the available information about climate change based on published sources. According to IPCC guidelines, authors should give priority to peer-reviewed sources. Authors may refer to non-peer-reviewed sources (the ""grey literature""), provided that they are of sufficient quality. Examples of non-peer-reviewed sources include model results, reports from government agencies and non-governmental organizations, and industry journals. Each subsequent IPCC report notes areas where the science has improved since the previous report and also notes areas where further research is required.",IRRELEVANT,True,True,True
56e76ea737bdd419002c3fa1,hard,27,para:1524,Where does a private school get funding to operate?,"['the private sector, businesses and sponsors', 'private sector', 'private sector, businesses and sponsors']","The university runs a number of academic institutions and programs apart from its undergraduate and postgraduate schools. It operates the University of Chicago Laboratory Schools (a private day school for K-12 students and day care), the Sonia Shankman Orthogenic School (a residential treatment program for those with behavioral and emotional problems), and four public charter schools on the South Side of Chicago administered by the university's Urban Education Institute. In addition, the Hyde Park Day School, a school for students with learning disabilities, maintains a location on the University of Chicago campus. Since 1983, the University of Chicago has maintained the University of Chicago School Mathematics Project, a mathematics program used in urban primary and secondary schools. The university runs a program called the Council on Advanced Studies in the Social Sciences and Humanities, which administers interdisciplinary workshops to provide a forum for graduate students, faculty, and visiting scholars to present scholarly work in progress. The university also operates the University of Chicago Press, the largest university press in the United States.",IRRELEVANT,True,True,True
56e76ea737bdd419002c3fa1,hard,28,para:1316,Where does a private school get funding to operate?,"['the private sector, businesses and sponsors', 'private sector', 'private sector, businesses and sponsors']","There is also a growing number of new forms of procurement that involve relationship contracting where the emphasis is on a co-operative relationship between the principal and contractor and other stakeholders within a construction project. New forms include partnering such as Public-Private Partnering (PPPs) aka private finance initiatives (PFIs) and alliances such as ""pure"" or ""project"" alliances and ""impure"" or ""strategic"" alliances. The focus on co-operation is to ameliorate the many problems that arise from the often highly competitive and adversarial practices within the construction industry.",IRRELEVANT,True,True,True
56e76ea737bdd419002c3fa1,hard,29,para:499,Where does a private school get funding to operate?,"['the private sector, businesses and sponsors', 'private sector', 'private sector, businesses and sponsors']","BSkyB has no veto over the presence of channels on their EPG, with open access being an enforced part of their operating licence from Ofcom. Any channel which can get carriage on a suitable beam of a satellite at 28° East is entitled to access to BSkyB's EPG for a fee, ranging from £15–100,000. Third-party channels which opt for encryption receive discounts ranging from reduced price to free EPG entries, free carriage on a BSkyB leased transponder, or actual payment for being carried. However, even in this case, BSkyB does not carry any control over the channel's content or carriage issues such as picture quality.",IRRELEVANT,True,True,True
56e76ea737bdd419002c3fa1,hard,30,para:154,Where does a private school get funding to operate?,"['the private sector, businesses and sponsors', 'private sector', 'private sector, businesses and sponsors']","In 1870, Tesla moved to Karlovac, to attend school at the Higher Real Gymnasium, where he was profoundly influenced by a math teacher Martin Sekulić.:32 The classes were held in German, as it was a school within the Austro-Hungarian Military Frontier. Tesla was able to perform integral calculus in his head, which prompted his teachers to believe that he was cheating. He finished a four-year term in three years, graduating in 1873.:33",IRRELEVANT,True,True,True
56e76ea737bdd419002c3fa1,easy,1,para:1007,Where does a private school get funding to operate?,"['the private sector, businesses and sponsors', 'private sector', 'private sector, businesses and sponsors']","Not only are all the major British architects of the last four hundred years represented, but many European (especially Italian) and American architects' drawings are held in the collection. The RIBA's holdings of over 330 drawings by Andrea Palladio are the largest in the world, other Europeans well represented are Jacques Gentilhatre and Antonio Visentini. British architects whose drawings, and in some cases models of their buildings, in the collection, include: Inigo Jones, Sir Christopher Wren, Sir John Vanbrugh, Nicholas Hawksmoor, William Kent, James Gibbs, Robert Adam, Sir William Chambers, James Wyatt, Henry Holland, John Nash, Sir John Soane, Sir Charles Barry, Charles Robert Cockerell, Augustus Welby Northmore Pugin, Sir George Gilbert Scott, John Loughborough Pearson, George Edmund Street, Richard Norman Shaw, Alfred Waterhouse, Sir Edwin Lutyens, Charles Rennie Mackintosh, Charles Holden, Frank Hoar, Lord Richard Rogers, Lord Norman Foster, Sir Nicholas Grimshaw, Zaha Hadid and Alick Horsnell.",IRRELEVANT,True,True,True
56e76ea737bdd419002c3fa1,easy,2,para:1025,Where does a private school get funding to operate?,"['the private sector, businesses and sponsors', 'private sector', 'private sector, businesses and sponsors']","The collection of drawings includes over 10,000 British and 2,000 old master works, including works by: Dürer, Giovanni Benedetto Castiglione, Bernardo Buontalenti, Rembrandt, Antonio Verrio, Paul Sandby, John Russell, Angelica Kauffman, John Flaxman, Hugh Douglas Hamilton, Thomas Rowlandson, William Kilburn, Thomas Girtin, Jean Auguste Dominique Ingres, David Wilkie, John Martin, Samuel Palmer, Sir Edwin Henry Landseer, Lord Frederic Leighton, Sir Samuel Luke Fildes and Aubrey Beardsley. Modern British artists represented in the collection include: Paul Nash, Percy Wyndham Lewis, Eric Gill, Stanley Spencer, John Piper, Graham Sutherland, Lucian Freud and David Hockney.",IRRELEVANT,True,True,True
56e76ea737bdd419002c3fa1,easy,3,para:1036,Where does a private school get funding to operate?,"['the private sector, businesses and sponsors', 'private sector', 'private sector, businesses and sponsors']","Several French paintings entered the collection as part of the 260 paintings and miniatures (not all the works were French, for example Carlo Crivelli's Virgin and Child) that formed part of the Jones bequest of 1882 and as such are displayed in the galleries of continental art 1600–1800, including the portrait of François, Duc d'Alençon by François Clouet, Gaspard Dughet and works by François Boucher including his portrait of Madame de Pompadour dated 1758, Jean François de Troy, Jean-Baptiste Pater and their contemporaries.",IRRELEVANT,True,True,True
56e76ea737bdd419002c3fa1,easy,4,para:1157,Where does a private school get funding to operate?,"['the private sector, businesses and sponsors', 'private sector', 'private sector, businesses and sponsors']","As an incentive for absolute obedience and following his rule of law, the Yassa code, Temüjin promised civilians and soldiers wealth from future possible war spoils. As he defeated rival tribes, he did not drive away enemy soldiers and abandon the rest. Instead, he took the conquered tribe under his protection and integrated its members into his own tribe. He would even have his mother adopt orphans from the conquered tribe, bringing them into his family. These political innovations inspired great loyalty among the conquered people, making Temüjin stronger with each victory.",IRRELEVANT,True,True,True
56e76ea737bdd419002c3fa1,easy,5,para:1197,Where does a private school get funding to operate?,"['the private sector, businesses and sponsors', 'private sector', 'private sector, businesses and sponsors']","Although the famous Mughal emperors were proud descendants of Genghis Khan and particularly Timur, they clearly distanced themselves from the Mongol atrocities committed against the Khwarizim Shahs, Turks, Persians, the citizens of Baghdad and Damascus, Nishapur, Bukhara and historical figures such as Attar of Nishapur and many other notable Muslims. However, Mughal Emperors directly patronized the legacies of Genghis Khan and Timur; together their names were synonymous with the names of other distinguished personalities particularly among the Muslim populations of South Asia.",IRRELEVANT,True,True,True
56e76ea737bdd419002c3fa1,easy,6,para:1199,Where does a private school get funding to operate?,"['the private sector, businesses and sponsors', 'private sector', 'private sector, businesses and sponsors']","Genghis Khan, the title is spelled in variety of ways in different languages such as Mongolian Chinggis Khaan, English Chinghiz, Chinghis, and Chingiz, Chinese: 成吉思汗; pinyin: Chéngjísī Hán, Turkic: Cengiz Han, Çingiz Xan, Çingiz Han, Chingizxon, Çıñğız Xan, Chengez Khan, Chinggis Khan, Chinggis Xaan, Chingis Khan, Jenghis Khan, Chinggis Qan, Djingis Kahn, Russian: Чингисхан (Čingiskhan) or Чингиз-хан (Čingiz-khan), etc. Temüjin is written in Chinese as simplified Chinese: 铁木真; traditional Chinese: 鐵木眞; pinyin: Tiěmùzhēn.",IRRELEVANT,True,True,True
56e76ea737bdd419002c3fa1,easy,7,para:1239,Where does a private school get funding to operate?,"['the private sector, businesses and sponsors', 'private sector', 'private sector, businesses and sponsors']","Leukocytes (white blood cells) act like independent, single-celled organisms and are the second arm of the innate immune system. The innate leukocytes include the phagocytes (macrophages, neutrophils, and dendritic cells), mast cells, eosinophils, basophils, and natural killer cells. These cells identify and eliminate pathogens, either by attacking larger pathogens through contact or by engulfing and then killing microorganisms. Innate cells are also important mediators in the activation of the adaptive immune system.",IRRELEVANT,True,True,True
56e76ea737bdd419002c3fa1,easy,8,para:124,Where does a private school get funding to operate?,"['the private sector, businesses and sponsors', 'private sector', 'private sector, businesses and sponsors']","Eventually, the Normans merged with the natives, combining languages and traditions. In the course of the Hundred Years' War, the Norman aristocracy often identified themselves as English. The Anglo-Norman language became distinct from the Latin language, something that was the subject of some humour by Geoffrey Chaucer. The Anglo-Norman language was eventually absorbed into the Anglo-Saxon language of their subjects (see Old English) and influenced it, helping (along with the Norse language of the earlier Anglo-Norse settlers and the Latin used by the church) in the development of Middle English. It in turn evolved into Modern English.",IRRELEVANT,True,True,True
56e76ea737bdd419002c3fa1,easy,9,para:131,Where does a private school get funding to operate?,"['the private sector, businesses and sponsors', 'private sector', 'private sector, businesses and sponsors']","In 1096, Crusaders passing by the siege of Amalfi were joined by Bohemond of Taranto and his nephew Tancred with an army of Italo-Normans. Bohemond was the de facto leader of the Crusade during its passage through Asia Minor. After the successful Siege of Antioch in 1097, Bohemond began carving out an independent principality around that city. Tancred was instrumental in the conquest of Jerusalem and he worked for the expansion of the Crusader kingdom in Transjordan and the region of Galilee.[citation needed]",IRRELEVANT,True,True,True
56e76ea737bdd419002c3fa1,easy,10,para:1322,Where does a private school get funding to operate?,"['the private sector, businesses and sponsors', 'private sector', 'private sector, businesses and sponsors']","Construction is one of the most dangerous occupations in the world, incurring more occupational fatalities than any other sector in both the United States and in the European Union. In 2009, the fatal occupational injury rate among construction workers in the United States was nearly three times that for all workers. Falls are one of the most common causes of fatal and non-fatal injuries among construction workers. Proper safety equipment such as harnesses and guardrails and procedures such as securing ladders and inspecting scaffolding can curtail the risk of occupational injuries in the construction industry. Other major causes of fatalities in the construction industry include electrocution, transportation accidents, and trench cave-ins.",IRRELEVANT,True,True,True
56e76ea737bdd419002c3fa1,easy,11,para:137,Where does a private school get funding to operate?,"['the private sector, businesses and sponsors', 'private sector', 'private sector, businesses and sponsors']","Between 1402 and 1405, the expedition led by the Norman noble Jean de Bethencourt and the Poitevine Gadifer de la Salle conquered the Canarian islands of Lanzarote, Fuerteventura and El Hierro off the Atlantic coast of Africa. Their troops were gathered in Normandy, Gascony and were later reinforced by Castilian colonists.",IRRELEVANT,True,True,True
56e76ea737bdd419002c3fa1,easy,12,para:1377,Where does a private school get funding to operate?,"['the private sector, businesses and sponsors', 'private sector', 'private sector, businesses and sponsors']","Other: Civil rights leader W. E. B. Du Bois; philosopher Henry David Thoreau; authors Ralph Waldo Emerson and William S. Burroughs; educators Werner Baer, Harlan Hanson; poets Wallace Stevens, T. S. Eliot and E. E. Cummings; conductor Leonard Bernstein; cellist Yo Yo Ma; pianist and composer Charlie Albright; composer John Alden Carpenter; comedian, television show host and writer Conan O'Brien; actors Tatyana Ali, Nestor Carbonell, Matt Damon, Fred Gwynne, Hill Harper, Rashida Jones, Tommy Lee Jones, Ashley Judd, Jack Lemmon, Natalie Portman, Mira Sorvino, Elisabeth Shue, and Scottie Thompson; film directors Darren Aronofsky, Terrence Malick, Mira Nair, and Whit Stillman; architect Philip Johnson; musicians Rivers Cuomo, Tom Morello, and Gram Parsons; musician, producer and composer Ryan Leslie; serial killer Ted Kaczynski; programmer and activist Richard Stallman; NFL quarterback Ryan Fitzpatrick; NFL center Matt Birk; NBA player Jeremy Lin; US Ski Team skier Ryan Max Riley; physician Sachin H. Jain; physicist J. Robert Oppenheimer; computer pioneer and inventor An Wang; Tibetologist George de Roerich; and Marshall Admiral Isoroku Yamamoto.",IRRELEVANT,True,True,True
56e76ea737bdd419002c3fa1,easy,13,para:139,Where does a private school get funding to operate?,"['the private sector, businesses and sponsors', 'private sector', 'private sector, businesses and sponsors']","The customary law of Normandy was developed between the 10th and 13th centuries and survives today through the legal systems of Jersey and Guernsey in the Channel Islands. Norman customary law was transcribed in two customaries in Latin by two judges for use by them and their colleagues: These are the Très ancien coutumier (Very ancient customary), authored between 1200 and 1245; and the Grand coutumier de Normandie (Great customary of Normandy, originally Summa de legibus Normanniae in curia laïcali), authored between 1235 and 1245.",IRRELEVANT,True,True,True
56e76ea737bdd419002c3fa1,easy,14,para:1421,Where does a private school get funding to operate?,"['the private sector, businesses and sponsors', 'private sector', 'private sector, businesses and sponsors']","British researchers Richard G. Wilkinson and Kate Pickett have found higher rates of health and social problems (obesity, mental illness, homicides, teenage births, incarceration, child conflict, drug use), and lower rates of social goods (life expectancy by country, educational performance, trust among strangers, women's status, social mobility, even numbers of patents issued) in countries and states with higher inequality. Using statistics from 23 developed countries and the 50 states of the US, they found social/health problems lower in countries like Japan and Finland and states like Utah and New Hampshire with high levels of equality, than in countries (US and UK) and states (Mississippi and New York) with large differences in household income.",IRRELEVANT,True,True,True
56e76ea737bdd419002c3fa1,easy,15,para:1423,Where does a private school get funding to operate?,"['the private sector, businesses and sponsors', 'private sector', 'private sector, businesses and sponsors']","In recent years the characteristic that has strongly correlated with health in developed countries is income inequality. Creating an index of ""Health and Social Problems"" from nine factors, authors Richard Wilkinson and Kate Pickett found health and social problems ""more common in countries with bigger income inequalities"", and more common among states in the US with larger income inequalities. Other studies have confirmed this relationship. The UNICEF index of ""child well-being in rich countries"", studying 40 indicators in 22 countries, correlates with greater equality but not per capita income.",IRRELEVANT,True,True,True
56e76ea737bdd419002c3fa1,easy,16,para:143,Where does a private school get funding to operate?,"['the private sector, businesses and sponsors', 'private sector', 'private sector, businesses and sponsors']","The French Wars of Religion in the 16th century and French Revolution in the 18th successively destroyed much of what existed in the way of the architectural and artistic remnant of this Norman creativity. The former, with their violence, caused the wanton destruction of many Norman edifices; the latter, with its assault on religion, caused the purposeful destruction of religious objects of any type, and its destabilisation of society resulted in rampant pillaging.",IRRELEVANT,True,True,True
56e76ea737bdd419002c3fa1,easy,17,para:1463,Where does a private school get funding to operate?,"['the private sector, businesses and sponsors', 'private sector', 'private sector, businesses and sponsors']","""Official"" reconstructions have also been released by the BBC on VHS, on MP3 CD-ROM, and as special features on DVD. The BBC, in conjunction with animation studio Cosgrove Hall, reconstructed the missing episodes 1 and 4 of The Invasion (1968), using remastered audio tracks and the comprehensive stage notes for the original filming, for the serial's DVD release in November 2006. The missing episodes of The Reign of Terror were animated by animation company Theta-Sigma, in collaboration with Big Finish, and became available for purchase in May 2013 through Amazon.com. Subsequent animations made in 2013 include The Tenth Planet, The Ice Warriors and The Moonbase.",IRRELEVANT,True,True,True
56e76ea737bdd419002c3fa1,easy,18,para:1499,Where does a private school get funding to operate?,"['the private sector, businesses and sponsors', 'private sector', 'private sector, businesses and sponsors']","Since 1999, Big Finish Productions has released several different series of Doctor Who audios on CD. The earliest of these featured the Fifth, Sixth and Seventh Doctors, with Paul McGann's Eight Doctor joining the line in 2001. Tom Baker's Fourth Doctor began appearing for Big Finish in 2012. Along with the main range, adventures of the First, Second and Third Doctors have been produced in both limited cast and full cast formats, as well as audiobooks. The 2013 series Destiny of the Doctor, produced as part of the series' 50th Anniversary celebrations, marked the first time Big Finish created stories (in this case audiobooks) featuring the Doctors from the revived show.",IRRELEVANT,True,True,True
56e76ea737bdd419002c3fa1,easy,19,para:1522,Where does a private school get funding to operate?,"['the private sector, businesses and sponsors', 'private sector', 'private sector, businesses and sponsors']","The College of the University of Chicago grants Bachelor of Arts and Bachelor of Science degrees in 50 academic majors and 28 minors. The college's academics are divided into five divisions: the Biological Sciences Collegiate Division, the Physical Sciences Collegiate Division, the Social Sciences Collegiate Division, the Humanities Collegiate Division, and the New Collegiate Division. The first four are sections within their corresponding graduate divisions, while the New Collegiate Division administers interdisciplinary majors and studies which do not fit in one of the other four divisions.",IRRELEVANT,True,True,True
56e76ea737bdd419002c3fa1,easy,20,para:1531,Where does a private school get funding to operate?,"['the private sector, businesses and sponsors', 'private sector', 'private sector, businesses and sponsors']","Students at the University of Chicago run over 400 clubs and organizations known as Recognized Student Organizations (RSOs). These include cultural and religious groups, academic clubs and teams, and common-interest organizations. Notable extracurricular groups include the University of Chicago College Bowl Team, which has won 118 tournaments and 15 national championships, leading both categories internationally. The university's competitive Model United Nations team was the top ranked team in North America in 2013-14 and 2014-2015. Among notable RSOs are the nation's longest continuously running student film society Doc Films, organizing committee for the University of Chicago Scavenger Hunt, the twice-weekly student newspaper The Chicago Maroon, the alternative weekly student newspaper South Side Weekly, the nation's second oldest continuously running student improvisational theater troupe Off-Off Campus, and the university-owned radio station WHPK.",IRRELEVANT,True,True,True
56e76ea737bdd419002c3fa1,easy,21,para:1533,Where does a private school get funding to operate?,"['the private sector, businesses and sponsors', 'private sector', 'private sector, businesses and sponsors']","There are fifteen fraternities and seven sororities at the University of Chicago, as well as one co-ed community service fraternity, Alpha Phi Omega. Four of the sororities are members of the National Panhellenic Conference, and ten of the fraternities form the University of Chicago Interfraternity Council. In 2002, the Associate Director of Student Activities estimated that 8–10 percent of undergraduates were members of fraternities or sororities. The student activities office has used similar figures, stating that one in ten undergraduates participate in Greek life.",IRRELEVANT,True,True,True
56e76ea737bdd419002c3fa1,easy,22,para:1535,Where does a private school get funding to operate?,"['the private sector, businesses and sponsors', 'private sector', 'private sector, businesses and sponsors']","In business, notable alumni include Microsoft CEO Satya Nadella, Oracle Corporation founder and the third richest man in America Larry Ellison, Goldman Sachs and MF Global CEO as well as former Governor of New Jersey Jon Corzine, McKinsey & Company founder and author of the first management accounting textbook James O. McKinsey, Arley D. Cathey, Bloomberg L.P. CEO Daniel Doctoroff, Credit Suisse CEO Brady Dougan, Morningstar, Inc. founder and CEO Joe Mansueto, Chicago Cubs owner and chairman Thomas S. Ricketts, and NBA commissioner Adam Silver.",IRRELEVANT,True,True,True
56e76ea737bdd419002c3fa1,easy,23,para:1537,Where does a private school get funding to operate?,"['the private sector, businesses and sponsors', 'private sector', 'private sector, businesses and sponsors']","In literature, author of the New York Times bestseller Before I Fall Lauren Oliver, Pulitzer Prize winning novelist Philip Roth, Canadian-born Pulitzer Prize and Nobel Prize for Literature winning writer Saul Bellow, political philosopher, literary critic and author of the New York Times bestseller ""The Closing of the American Mind"" Allan Bloom, ''The Good War"" author Studs Terkel, American writer, essayist, filmmaker, teacher, and political activist Susan Sontag, analytic philosopher and Stanford University Professor of Comparative Literature Richard Rorty, and American writer and satirist Kurt Vonnegut are notable alumni.",IRRELEVANT,True,True,True
56e76ea737bdd419002c3fa1,easy,24,para:1538,Where does a private school get funding to operate?,"['the private sector, businesses and sponsors', 'private sector', 'private sector, businesses and sponsors']","In the arts and entertainment, minimalist composer Philip Glass, dancer, choreographer and leader in the field of dance anthropology Katherine Dunham, Bungie founder and developer of the Halo video game series Alex Seropian, Serial host Sarah Koenig, actor Ed Asner, Pulitzer Prize for Criticism winning film critic and the subject of the 2014 documentary film Life Itself Roger Ebert, director, writer, and comedian Mike Nichols, film director and screenwriter Philip Kaufman, and Carl Van Vechten, photographer and writer, are graduates.",IRRELEVANT,True,True,True
56e76ea737bdd419002c3fa1,easy,25,para:1543,Where does a private school get funding to operate?,"['the private sector, businesses and sponsors', 'private sector', 'private sector, businesses and sponsors']","Past faculty have also included Egyptologist James Henry Breasted, mathematician Alberto Calderón, Nobel prize winning economist and classical liberalism defender Friedrich Hayek, meteorologist Ted Fujita, chemists Glenn T. Seaborg, the developer of the actinide concept and Nobel Prize winner Yuan T. Lee, Nobel Prize winning novelist Saul Bellow, political philosopher and author Allan Bloom, cancer researchers Charles Brenton Huggins and Janet Rowley, astronomer Gerard Kuiper, one of the most important figures in the early development of the discipline of linguistics Edward Sapir, and the founder of McKinsey & Co., James O. McKinsey.",IRRELEVANT,True,True,True
56e76ea737bdd419002c3fa1,easy,26,para:1544,Where does a private school get funding to operate?,"['the private sector, businesses and sponsors', 'private sector', 'private sector, businesses and sponsors']","Current faculty include the anthropologist Marshall Sahlins, historian Dipesh Chakrabarty, paleontologists Neil Shubin and Paul Sereno, evolutionary biologist Jerry Coyne, Nobel prize winning physicist Yoichiro Nambu, Nobel prize winning physicist James Cronin, Nobel Prize winning economists Eugene Fama, James Heckman, Lars Peter Hansen, Roger Myerson and Robert Lucas, Jr., Freakonomics author and noted economist Steven Levitt, current governor of India's central bank Raghuram Rajan, the 74th United States Secretary of the Treasury and former Goldman Sachs Chairman and CEO Hank Paulson, former Chairman of President Barack Obama's Council of Economic Advisors Austan Goolsbee, Shakespeare scholar David Bevington, and renowned political scientists John Mearsheimer and Robert Pape.",IRRELEVANT,True,True,True
56e76ea737bdd419002c3fa1,easy,27,para:1565,Where does a private school get funding to operate?,"['the private sector, businesses and sponsors', 'private sector', 'private sector, businesses and sponsors']","The final years of the Yuan dynasty were marked by struggle, famine, and bitterness among the populace. In time, Kublai Khan's successors lost all influence on other Mongol lands across Asia, while the Mongols beyond the Middle Kingdom saw them as too Chinese. Gradually, they lost influence in China as well. The reigns of the later Yuan emperors were short and marked by intrigues and rivalries. Uninterested in administration, they were separated from both the army and the populace, and China was torn by dissension and unrest. Outlaws ravaged the country without interference from the weakening Yuan armies.",IRRELEVANT,True,True,True
56e76ea737bdd419002c3fa1,easy,28,para:1631,Where does a private school get funding to operate?,"['the private sector, businesses and sponsors', 'private sector', 'private sector, businesses and sponsors']","The vast majority of Kenyans are Christian (83%), with 47.7% regarding themselves as Protestant and 23.5% as Roman Catholic of the Latin Rite. The Presbyterian Church of East Africa has 3 million followers in Kenya and the surrounding countries. There are smaller conservative Reformed churches, the Africa Evangelical Presbyterian Church, the Independent Presbyterian Church in Kenya, and the Reformed Church of East Africa. 621,200 of Kenyans are Orthodox Christians. Notably, Kenya has the highest number of Quakers in the world, with around 133,000 members. The only Jewish synagogue in the country is located in the capital, Nairobi.",IRRELEVANT,True,True,True
56e76ea737bdd419002c3fa1,easy,29,para:1690,Where does a private school get funding to operate?,"['the private sector, businesses and sponsors', 'private sector', 'private sector, businesses and sponsors']","Chloroplasts have their own DNA, often abbreviated as ctDNA, or cpDNA. It is also known as the plastome. Its existence was first proved in 1962, and first sequenced in 1986—when two Japanese research teams sequenced the chloroplast DNA of liverwort and tobacco. Since then, hundreds of chloroplast DNAs from various species have been sequenced, but they're mostly those of land plants and green algae—glaucophytes, red algae, and other algal groups are extremely underrepresented, potentially introducing some bias in views of ""typical"" chloroplast DNA structure and content.",IRRELEVANT,True,True,True
56e76ea737bdd419002c3fa1,easy,30,para:1786,Where does a private school get funding to operate?,"['the private sector, businesses and sponsors', 'private sector', 'private sector, businesses and sponsors']","The hydrography of the current delta is characterized by the delta's main arms, disconnected arms (Hollandse IJssel, Linge, Vecht, etc.) and smaller rivers and streams. Many rivers have been closed (""dammed"") and now serve as drainage channels for the numerous polders. The construction of Delta Works changed the Delta in the second half of the 20th Century fundamentally. Currently Rhine water runs into the sea, or into former marine bays now separated from the sea, in five places, namely at the mouths of the Nieuwe Merwede, Nieuwe Waterway (Nieuwe Maas), Dordtse Kil, Spui and IJssel.",IRRELEVANT,True,True,True
56beb90c3aeaaa14008c92c7,hard,1,para:1660,When was Manning picked #1 in the NFL Draft?,['1998'],"These studies were widely presented as demonstrating that the current warming period is exceptional in comparison to temperatures between 1000 and 1900, and the MBH99 based graph featured in publicity. Even at the draft stage, this finding was disputed by contrarians: in May 2000 Fred Singer's Science and Environmental Policy Project held a press event on Capitol Hill, Washington, D.C., featuring comments on the graph Wibjörn Karlén and Singer argued against the graph at a United States Senate Committee on Commerce, Science and Transportation hearing on 18 July 2000. Contrarian John Lawrence Daly featured a modified version of the IPCC 1990 schematic, which he mis-identified as appearing in the IPCC 1995 report, and argued that ""Overturning its own previous view in the 1995 report, the IPCC presented the 'Hockey Stick' as the new orthodoxy with hardly an apology or explanation for the abrupt U-turn since its 1995 report"". Criticism of the MBH99 reconstruction in a review paper, which was quickly discredited in the Soon and Baliunas controversy, was picked up by the Bush administration, and a Senate speech by US Republican senator James Inhofe alleged that ""manmade global warming is the greatest hoax ever perpetrated on the American people"". The data and methodology used to produce the ""hockey stick graph"" was criticized in papers by Stephen McIntyre and Ross McKitrick, and in turn the criticisms in these papers were examined by other studies and comprehensively refuted by Wahl & Ammann 2007, which showed errors in the methods used by McIntyre and McKitrick.",IRRELEVANT,True,True,True
56beb90c3aeaaa14008c92c7,hard,2,para:917,When was Manning picked #1 in the NFL Draft?,['1998'],"The principle of inclusions and components states that, with sedimentary rocks, if inclusions (or clasts) are found in a formation, then the inclusions must be older than the formation that contains them. For example, in sedimentary rocks, it is common for gravel from an older formation to be ripped up and included in a newer layer. A similar situation with igneous rocks occurs when xenoliths are found. These foreign bodies are picked up as magma or lava flows, and are incorporated, later to cool in the matrix. As a result, xenoliths are older than the rock which contains them.",IRRELEVANT,True,True,True
56beb90c3aeaaa14008c92c7,hard,3,para:484,When was Manning picked #1 in the NFL Draft?,['1998'],"Following a lengthy legal battle with the European Commission, which deemed the exclusivity of the rights to be against the interests of competition and the consumer, BSkyB's monopoly came to an end from the 2007–08 season. In May 2006, the Irish broadcaster Setanta Sports was awarded two of the six Premier League packages that the English FA offered to broadcasters. Sky picked up the remaining four for £1.3bn. In February 2015, Sky bid £4.2bn for a package of 120 premier league games across the three seasons from 2016. This represented an increase of 70% on the previous contract and was said to be £1bn more than the company had expected to pay. The move has been followed by staff cuts, increased subscription prices (including 9% in Sky's family package) and the dropping of the 3D channel.",IRRELEVANT,True,True,True
56beb90c3aeaaa14008c92c7,hard,4,para:616,When was Manning picked #1 in the NFL Draft?,['1998'],"Other components are often present; pumps (such as an injector) to supply water to the boiler during operation, condensers to recirculate the water and recover the latent heat of vaporisation, and superheaters to raise the temperature of the steam above its saturated vapour point, and various mechanisms to increase the draft for fireboxes. When coal is used, a chain or screw stoking mechanism and its drive engine or motor may be included to move the fuel from a supply bin (bunker) to the firebox. See: Mechanical stoker",IRRELEVANT,True,True,True
56beb90c3aeaaa14008c92c7,hard,5,para:1489,When was Manning picked #1 in the NFL Draft?,['1998'],"TVOntario picked up the show in 1976 beginning with The Three Doctors and aired each series (several years late) through to series 24 in 1991. From 1979 to 1981, TVO airings were bookended by science-fiction writer Judith Merril who would introduce the episode and then, after the episode concluded, try to place it in an educational context in keeping with TVO's status as an educational channel. Its airing of The Talons of Weng-Chiang was cancelled as a result of accusations that the story was racist; the story was later broadcast in the 1990s on cable station YTV. CBC began showing the series again in 2005. The series moved to the Canadian cable channel Space in 2009.[citation needed]",IRRELEVANT,True,True,True
56beb90c3aeaaa14008c92c7,hard,6,para:1278,When was Manning picked #1 in the NFL Draft?,['1998'],"It has been argued that the term ""civil disobedience"" has always suffered from ambiguity and in modern times, become utterly debased. Marshall Cohen notes, ""It has been used to describe everything from bringing a test-case in the federal courts to taking aim at a federal official. Indeed, for Vice President Agnew it has become a code-word describing the activities of muggers, arsonists, draft evaders, campaign hecklers, campus militants, anti-war demonstrators, juvenile delinquents and political assassins.""",IRRELEVANT,True,True,True
56beb90c3aeaaa14008c92c7,hard,7,para:375,When was Manning picked #1 in the NFL Draft?,['1998'],"Over the next five days, private conferences were held to determine Luther's fate. The Emperor presented the final draft of the Edict of Worms on 25 May 1521, declaring Luther an outlaw, banning his literature, and requiring his arrest: ""We want him to be apprehended and punished as a notorious heretic."" It also made it a crime for anyone in Germany to give Luther food or shelter. It permitted anyone to kill Luther without legal consequence.",IRRELEVANT,True,True,True
56beb90c3aeaaa14008c92c7,hard,8,para:1739,When was Manning picked #1 in the NFL Draft?,['1998'],"A large body of mathematical work would still be valid when calling 1 a prime, but Euclid's fundamental theorem of arithmetic (mentioned above) would not hold as stated. For example, the number 15 can be factored as 3 · 5 and 1 · 3 · 5; if 1 were admitted as a prime, these two presentations would be considered different factorizations of 15 into prime numbers, so the statement of that theorem would have to be modified. Similarly, the sieve of Eratosthenes would not work correctly if 1 were considered a prime: a modified version of the sieve that considers 1 as prime would eliminate all multiples of 1 (that is, all other numbers) and produce as output only the single number 1. Furthermore, the prime numbers have several properties that the number 1 lacks, such as the relationship of the number to its corresponding value of Euler's totient function or the sum of divisors function.",IRRELEVANT,True,True,True
56beb90c3aeaaa14008c92c7,hard,9,para:479,When was Manning picked #1 in the NFL Draft?,['1998'],"Professional sports teams in Southern California include teams from the NFL (Los Angeles Rams, San Diego Chargers); NBA (Los Angeles Lakers, Los Angeles Clippers); MLB (Los Angeles Dodgers, Los Angeles Angels of Anaheim, San Diego Padres); NHL (Los Angeles Kings, Anaheim Ducks); and MLS (LA Galaxy).",IRRELEVANT,True,True,True
56beb90c3aeaaa14008c92c7,hard,10,para:1833,When was Manning picked #1 in the NFL Draft?,['1998'],Bills can be introduced to Parliament in a number of ways; the Scottish Government can introduce new laws or amendments to existing laws as a bill; a committee of the Parliament can present a bill in one of the areas under its remit; a member of the Scottish Parliament can introduce a bill as a private member; or a private bill can be submitted to Parliament by an outside proposer. Most draft laws are government bills introduced by ministers in the governing party. Bills pass through Parliament in a number of stages:,IRRELEVANT,True,True,True
56beb90c3aeaaa14008c92c7,hard,11,para:1092,When was Manning picked #1 in the NFL Draft?,['1998'],"In 1970, ABC debuted Monday Night Football as part of its Monday prime time schedule; the program became a hit for the network and served as the National Football League (NFL)'s premier game of the week until 2006, when Sunday Night Football, which moved to NBC that year as part of a broadcast deal that in turn saw MNF move to ESPN, took over as the league's marquee game. According to Goldenson, Monday Night Football helped earn ABC regularly score an audience share of 15%–16%; ABC Sports managed the budget for the Monday night time slot to reallocate the weekly budget for ABC's prime time schedule to just six days, as opposed to seven on competing networks. 1970 also saw the premieres of several soap operas including the long-running All My Children, which ran on the network for 41 years.",IRRELEVANT,True,True,True
56beb90c3aeaaa14008c92c7,hard,12,para:1494,When was Manning picked #1 in the NFL Draft?,['1998'],"The Sarah Jane Adventures, starring Elisabeth Sladen who reprised her role as investigative journalist Sarah Jane Smith, was developed by CBBC; a special aired on New Year's Day 2007 and a full series began on 24 September 2007. A second series followed in 2008, notable for (as noted above) featuring the return of Brigadier Lethbridge-Stewart. A third in 2009 featured a crossover appearance from the main show by David Tennant as the Tenth Doctor. In 2010, a further such appearance featured Matt Smith as the Eleventh Doctor alongside former companion actress Katy Manning reprising her role as Jo Grant. A final, three-story fifth series was transmitted in autumn 2011 – uncompleted due to the death of Elisabeth Sladen in early 2011.",IRRELEVANT,True,True,True
56beb90c3aeaaa14008c92c7,hard,13,para:1807,When was Manning picked #1 in the NFL Draft?,['1998'],"Until 1932 the generally accepted length of the Rhine was 1,230 kilometres (764 miles). In 1932 the German encyclopedia Knaurs Lexikon stated the length as 1,320 kilometres (820 miles), presumably a typographical error. After this number was placed into the authoritative Brockhaus Enzyklopädie, it became generally accepted and found its way into numerous textbooks and official publications. The error was discovered in 2010, and the Dutch Rijkswaterstaat confirms the length at 1,232 kilometres (766 miles).[note 1]",IRRELEVANT,True,True,True
56beb90c3aeaaa14008c92c7,hard,14,para:813,When was Manning picked #1 in the NFL Draft?,['1998'],"Ranging from about 1 millimeter (0.039 in) to 1.5 meters (4.9 ft) in size, ctenophores are the largest non-colonial animals that use cilia (""hairs"") as their main method of locomotion. Most species have eight strips, called comb rows, that run the length of their bodies and bear comb-like bands of cilia, called ""ctenes,"" stacked along the comb rows so that when the cilia beat, those of each comb touch the comb below. The name ""ctenophora"" means ""comb-bearing"", from the Greek κτείς (stem-form κτεν-) meaning ""comb"" and the Greek suffix -φορος meaning ""carrying"".",IRRELEVANT,True,True,True
56beb90c3aeaaa14008c92c7,hard,15,para:1289,When was Manning picked #1 in the NFL Draft?,['1998'],"Some forms of civil disobedience, such as illegal boycotts, refusals to pay taxes, draft dodging, distributed denial-of-service attacks, and sit-ins, make it more difficult for a system to function. In this way, they might be considered coercive. Brownlee notes that ""although civil disobedients are constrained in their use of coercion by their conscientious aim to engage in moral dialogue, nevertheless they may find it necessary to employ limited coercion in order to get their issue onto the table."" The Plowshares organization temporarily closed GCSB Waihopai by padlocking the gates and using sickles to deflate one of the large domes covering two satellite dishes.",IRRELEVANT,True,True,True
56beb90c3aeaaa14008c92c7,hard,16,para:80,When was Manning picked #1 in the NFL Draft?,['1998'],"After the German Invasion of Poland on 1 September 1939 began the Second World War, Warsaw was defended till September 27. Central Poland, including Warsaw, came under the rule of the General Government, a German Nazi colonial administration. All higher education institutions were immediately closed and Warsaw's entire Jewish population – several hundred thousand, some 30% of the city – herded into the Warsaw Ghetto. The city would become the centre of urban resistance to Nazi rule in occupied Europe. When the order came to annihilate the ghetto as part of Hitler's ""Final Solution"" on 19 April 1943, Jewish fighters launched the Warsaw Ghetto Uprising. Despite being heavily outgunned and outnumbered, the Ghetto held out for almost a month. When the fighting ended, almost all survivors were massacred, with only a few managing to escape or hide.",IRRELEVANT,True,True,True
56beb90c3aeaaa14008c92c7,hard,17,para:1737,When was Manning picked #1 in the NFL Draft?,['1998'],"Hence, 6 is not prime. The image at the right illustrates that 12 is not prime: 12 = 3 · 4. No even number greater than 2 is prime because by definition, any such number n has at least three distinct divisors, namely 1, 2, and n. This implies that n is not prime. Accordingly, the term odd prime refers to any prime number greater than 2. Similarly, when written in the usual decimal system, all prime numbers larger than 5 end in 1, 3, 7, or 9, since even numbers are multiples of 2 and numbers ending in 0 or 5 are multiples of 5.",IRRELEVANT,True,True,True
56beb90c3aeaaa14008c92c7,hard,18,para:648,When was Manning picked #1 in the NFL Draft?,['1998'],"Free oxygen gas was almost nonexistent in Earth's atmosphere before photosynthetic archaea and bacteria evolved, probably about 3.5 billion years ago. Free oxygen first appeared in significant quantities during the Paleoproterozoic eon (between 3.0 and 2.3 billion years ago). For the first billion years, any free oxygen produced by these organisms combined with dissolved iron in the oceans to form banded iron formations. When such oxygen sinks became saturated, free oxygen began to outgas from the oceans 3–2.7 billion years ago, reaching 10% of its present level around 1.7 billion years ago.",IRRELEVANT,True,True,True
56beb90c3aeaaa14008c92c7,hard,19,para:1377,When was Manning picked #1 in the NFL Draft?,['1998'],"Other: Civil rights leader W. E. B. Du Bois; philosopher Henry David Thoreau; authors Ralph Waldo Emerson and William S. Burroughs; educators Werner Baer, Harlan Hanson; poets Wallace Stevens, T. S. Eliot and E. E. Cummings; conductor Leonard Bernstein; cellist Yo Yo Ma; pianist and composer Charlie Albright; composer John Alden Carpenter; comedian, television show host and writer Conan O'Brien; actors Tatyana Ali, Nestor Carbonell, Matt Damon, Fred Gwynne, Hill Harper, Rashida Jones, Tommy Lee Jones, Ashley Judd, Jack Lemmon, Natalie Portman, Mira Sorvino, Elisabeth Shue, and Scottie Thompson; film directors Darren Aronofsky, Terrence Malick, Mira Nair, and Whit Stillman; architect Philip Johnson; musicians Rivers Cuomo, Tom Morello, and Gram Parsons; musician, producer and composer Ryan Leslie; serial killer Ted Kaczynski; programmer and activist Richard Stallman; NFL quarterback Ryan Fitzpatrick; NFL center Matt Birk; NBA player Jeremy Lin; US Ski Team skier Ryan Max Riley; physician Sachin H. Jain; physicist J. Robert Oppenheimer; computer pioneer and inventor An Wang; Tibetologist George de Roerich; and Marshall Admiral Isoroku Yamamoto.",IRRELEVANT,True,True,True
56beb90c3aeaaa14008c92c7,hard,20,para:1354,When was Manning picked #1 in the NFL Draft?,['1998'],"Throughout the 18th century, Enlightenment ideas of the power of reason and free will became widespread among Congregationalist ministers, putting those ministers and their congregations in tension with more traditionalist, Calvinist parties.:1–4 When the Hollis Professor of Divinity David Tappan died in 1803 and the president of Harvard Joseph Willard died a year later, in 1804, a struggle broke out over their replacements. Henry Ware was elected to the chair in 1805, and the liberal Samuel Webber was appointed to the presidency of Harvard two years later, which signaled the changing of the tide from the dominance of traditional ideas at Harvard to the dominance of liberal, Arminian ideas (defined by traditionalists as Unitarian ideas).:4–5:24",IRRELEVANT,True,True,True
56beb90c3aeaaa14008c92c7,hard,21,para:439,When was Manning picked #1 in the NFL Draft?,['1998'],"The negotiations were successfully concluded on 17 February 1546. After 8 a.m., he experienced chest pains. When he went to his bed, he prayed, ""Into your hand I commit my spirit; you have redeemed me, O Lord, faithful God"" (Ps. 31:5), the common prayer of the dying. At 1 a.m. he awoke with more chest pain and was warmed with hot towels. He thanked God for revealing his Son to him in whom he had believed. His companions, Justus Jonas and Michael Coelius, shouted loudly, ""Reverend father, are you ready to die trusting in your Lord Jesus Christ and to confess the doctrine which you have taught in his name?"" A distinct ""Yes"" was Luther's reply.",IRRELEVANT,True,True,True
56beb90c3aeaaa14008c92c7,hard,22,para:1664,When was Manning picked #1 in the NFL Draft?,['1998'],"Another example of scientific research which suggests that previous estimates by the IPCC, far from overstating dangers and risks, have actually understated them is a study on projected rises in sea levels. When the researchers' analysis was ""applied to the possible scenarios outlined by the Intergovernmental Panel on Climate Change (IPCC), the researchers found that in 2100 sea levels would be 0.5–1.4 m [50–140 cm] above 1990 levels. These values are much greater than the 9–88 cm as projected by the IPCC itself in its Third Assessment Report, published in 2001"". This may have been due, in part, to the expanding human understanding of climate.",IRRELEVANT,True,True,True
56beb90c3aeaaa14008c92c7,hard,23,para:858,When was Manning picked #1 in the NFL Draft?,['1998'],"The 2010 United States Census reported that Fresno had a population of 494,665. The population density was 4,404.5 people per square mile (1,700.6/km²). The racial makeup of Fresno was 245,306 (49.6%) White, 40,960 (8.3%) African American, 8,525 (1.7%) Native American, 62,528 (12.6%) Asian (3.6% Hmong, 1.7% Indian, 1.2% Filipino, 1.2% Laotian, 1.0% Thai, 0.8% Cambodian, 0.7% Chinese, 0.5% Japanese, 0.4% Vietnamese, 0.2% Korean), 849 (0.2%) Pacific Islander, 111,984 (22.6%) from other races, and 24,513 (5.0%) from two or more races. Hispanic or Latino of any race were 232,055 persons (46.9%). Among the Hispanic population, 42.7% of the total population are Mexican, 0.4% Salvadoran, and 0.4% Puerto Rican. Non-Hispanic Whites were 30.0% of the population in 2010, down from 72.6% in 1970.",IRRELEVANT,True,True,True
56beb90c3aeaaa14008c92c7,hard,24,para:782,When was Manning picked #1 in the NFL Draft?,['1998'],"In 2006, a toxic waste spill off the coast of Côte d'Ivoire, from a European ship, prompted the Commission to look into legislation against toxic waste. Environment Commissioner Stavros Dimas stated that ""Such highly toxic waste should never have left the European Union"". With countries such as Spain not even having a crime against shipping toxic waste, Franco Frattini, the Justice, Freedom and Security Commissioner, proposed with Dimas to create criminal sentences for ""ecological crimes"". The competence for the Union to do this was contested in 2005 at the Court of Justice resulting in a victory for the Commission. That ruling set a precedent that the Commission, on a supranational basis, may legislate in criminal law – something never done before. So far, the only other proposal has been the draft intellectual property rights directive. Motions were tabled in the European Parliament against that legislation on the basis that criminal law should not be an EU competence, but was rejected at vote. However, in October 2007, the Court of Justice ruled that the Commission could not propose what the criminal sanctions could be, only that there must be some.",IRRELEVANT,True,True,True
56beb90c3aeaaa14008c92c7,hard,25,para:1748,When was Manning picked #1 in the NFL Draft?,['1998'],"can have infinitely many primes only when a and q are coprime, i.e., their greatest common divisor is one. If this necessary condition is satisfied, Dirichlet's theorem on arithmetic progressions asserts that the progression contains infinitely many primes. The picture below illustrates this with q = 9: the numbers are ""wrapped around"" as soon as a multiple of 9 is passed. Primes are highlighted in red. The rows (=progressions) starting with a = 3, 6, or 9 contain at most one prime number. In all other rows (a = 1, 2, 4, 5, 7, and 8) there are infinitely many prime numbers. What is more, the primes are distributed equally among those rows in the long run—the density of all primes congruent a modulo 9 is 1/6.",IRRELEVANT,True,True,True
56beb90c3aeaaa14008c92c7,hard,26,para:860,When was Manning picked #1 in the NFL Draft?,['1998'],"As of the census of 2000, there were 427,652 people, 140,079 households, and 97,915 families residing in the city. The population density was 4,097.9 people per square mile (1,582.2/km²). There were 149,025 housing units at an average density of 1,427.9 square miles (3,698 km2). The racial makeup of the city was 50.2% White, 8.4% Black or African American, 1.6% Native American, 11.2% Asian (about a third of which is Hmong), 0.1% Pacific Islander, 23.4% from other races, and 5.2% from two or more races. Hispanic or Latino of any race were 39.9% of the population.",IRRELEVANT,True,True,True
56beb90c3aeaaa14008c92c7,hard,27,para:245,When was Manning picked #1 in the NFL Draft?,['1998'],"When considering computational problems, a problem instance is a string over an alphabet. Usually, the alphabet is taken to be the binary alphabet (i.e., the set {0,1}), and thus the strings are bitstrings. As in a real-world computer, mathematical objects other than bitstrings must be suitably encoded. For example, integers can be represented in binary notation, and graphs can be encoded directly via their adjacency matrices, or by encoding their adjacency lists in binary.",IRRELEVANT,True,True,True
56beb90c3aeaaa14008c92c7,hard,28,para:805,When was Manning picked #1 in the NFL Draft?,['1998'],"In 2010 the Amazon rainforest experienced another severe drought, in some ways more extreme than the 2005 drought. The affected region was approximate 1,160,000 square miles (3,000,000 km2) of rainforest, compared to 734,000 square miles (1,900,000 km2) in 2005. The 2010 drought had three epicenters where vegetation died off, whereas in 2005 the drought was focused on the southwestern part. The findings were published in the journal Science. In a typical year the Amazon absorbs 1.5 gigatons of carbon dioxide; during 2005 instead 5 gigatons were released and in 2010 8 gigatons were released.",IRRELEVANT,True,True,True
56beb90c3aeaaa14008c92c7,hard,29,para:883,When was Manning picked #1 in the NFL Draft?,['1998'],"Datanet 1 was the public switched data network operated by the Dutch PTT Telecom (now known as KPN). Strictly speaking Datanet 1 only referred to the network and the connected users via leased lines (using the X.121 DNIC 2041), the name also referred to the public PAD service Telepad (using the DNIC 2049). And because the main Videotex service used the network and modified PAD devices as infrastructure the name Datanet 1 was used for these services as well. Although this use of the name was incorrect all these services were managed by the same people within one department of KPN contributed to the confusion.",IRRELEVANT,True,True,True
56beb90c3aeaaa14008c92c7,hard,30,para:2066,When was Manning picked #1 in the NFL Draft?,['1998'],"The pound-force has a metric counterpart, less commonly used than the newton: the kilogram-force (kgf) (sometimes kilopond), is the force exerted by standard gravity on one kilogram of mass. The kilogram-force leads to an alternate, but rarely used unit of mass: the metric slug (sometimes mug or hyl) is that mass that accelerates at 1 m·s−2 when subjected to a force of 1 kgf. The kilogram-force is not a part of the modern SI system, and is generally deprecated; however it still sees use for some purposes as expressing aircraft weight, jet thrust, bicycle spoke tension, torque wrench settings and engine output torque. Other arcane units of force include the sthène, which is equivalent to 1000 N, and the kip, which is equivalent to 1000 lbf.",IRRELEVANT,True,True,True
56beb90c3aeaaa14008c92c7,easy,1,para:1378,When was Manning picked #1 in the NFL Draft?,['1998'],"Harvard's faculty includes scholars such as biologist E. O. Wilson, cognitive scientist Steven Pinker, physicists Lisa Randall and Roy Glauber, chemists Elias Corey, Dudley R. Herschbach and George M. Whitesides, computer scientists Michael O. Rabin and Leslie Valiant, Shakespeare scholar Stephen Greenblatt, writer Louis Menand, critic Helen Vendler, historians Henry Louis Gates, Jr. and Niall Ferguson, economists Amartya Sen, N. Gregory Mankiw, Robert Barro, Stephen A. Marglin, Don M. Wilson III and Martin Feldstein, political philosophers Harvey Mansfield, Baroness Shirley Williams and Michael Sandel, Fields Medalist mathematician Shing-Tung Yau, political scientists Robert Putnam, Joseph Nye, and Stanley Hoffmann, scholar/composers Robert Levin and Bernard Rands, astrophysicist Alyssa A. Goodman, and legal scholars Alan Dershowitz and Lawrence Lessig.",IRRELEVANT,True,True,True
56beb90c3aeaaa14008c92c7,easy,2,para:218,When was Manning picked #1 in the NFL Draft?,['1998'],"For exercise, Tesla walked between 8 to 10 miles per day. He squished his toes one hundred times for each foot every night, saying that it stimulated his brain cells.",IRRELEVANT,True,True,True
56beb90c3aeaaa14008c92c7,easy,3,para:334,When was Manning picked #1 in the NFL Draft?,['1998'],"Many counties offer alternative licensing programs to attract people into teaching, especially for hard-to-fill positions. Excellent job opportunities are expected as retirements, especially among secondary school teachers, outweigh slowing enrollment growth; opportunities will vary by geographic area and subject taught.[citation needed]",IRRELEVANT,True,True,True
56beb90c3aeaaa14008c92c7,easy,4,para:470,When was Manning picked #1 in the NFL Draft?,['1998'],"Southern California is home to many major business districts. Central business districts (CBD) include Downtown Los Angeles, Downtown San Diego, Downtown San Bernardino, Downtown Bakersfield, South Coast Metro and Downtown Riverside.",IRRELEVANT,True,True,True
56beb90c3aeaaa14008c92c7,easy,5,para:811,When was Manning picked #1 in the NFL Draft?,['1998'],"Ctenophores form an animal phylum that is more complex than sponges, about as complex as cnidarians (jellyfish, sea anemones, etc.), and less complex than bilaterians (which include almost all other animals). Unlike sponges, both ctenophores and cnidarians have: cells bound by inter-cell connections and carpet-like basement membranes; muscles; nervous systems; and some have sensory organs. Ctenophores are distinguished from all other animals by having colloblasts, which are sticky and adhere to prey, although a few ctenophore species lack them.",IRRELEVANT,True,True,True
56beb90c3aeaaa14008c92c7,easy,6,para:1376,When was Manning picked #1 in the NFL Draft?,['1998'],"Politics: U.N. Secretary General Ban Ki-moon; American political leaders John Hancock, John Adams, John Quincy Adams, Rutherford B. Hayes, Theodore Roosevelt, Franklin D. Roosevelt, John F. Kennedy, Al Gore, George W. Bush and Barack Obama; Chilean President Sebastián Piñera; Colombian President Juan Manuel Santos; Costa Rican President José María Figueres; Mexican Presidents Felipe Calderón, Carlos Salinas de Gortari and Miguel de la Madrid; Mongolian President Tsakhiagiin Elbegdorj; Peruvian President Alejandro Toledo; Taiwanese President Ma Ying-jeou; Canadian Governor General David Lloyd Johnston; Indian Member of Parliament Jayant Sinha; Albanian Prime Minister Fan S. Noli; Canadian Prime Ministers Mackenzie King and Pierre Trudeau; Greek Prime Minister Antonis Samaras; Israeli Prime Minister Benjamin Netanyahu; former Pakistani Prime Minister Benazir Bhutto; U. S. Secretary of Housing and Urban Development Shaun Donovan; Canadian political leader Michael Ignatieff; Pakistani Members of Provincial Assembly Murtaza Bhutto and Sanam Bhutto; Bangladesh Minister of Finance Abul Maal Abdul Muhith; President of Puntland Abdiweli Mohamed Ali; U.S. Ambassador to the European Union Anthony Luzzatto Gardner.",IRRELEVANT,True,True,True
56beb90c3aeaaa14008c92c7,easy,7,para:1215,When was Manning picked #1 in the NFL Draft?,['1998'],"While most Internet pharmacies sell prescription drugs and require a valid prescription, some Internet pharmacies sell prescription drugs without requiring a prescription. Many customers order drugs from such pharmacies to avoid the ""inconvenience"" of visiting a doctor or to obtain medications which their doctors were unwilling to prescribe. However, this practice has been criticized as potentially dangerous, especially by those who feel that only doctors can reliably assess contraindications, risk/benefit ratios, and an individual's overall suitability for use of a medication. There also have been reports of such pharmacies dispensing substandard products.",IRRELEVANT,True,True,True
56beb90c3aeaaa14008c92c7,easy,8,para:1887,When was Manning picked #1 in the NFL Draft?,['1998'],"Imperialism is defined as ""A policy of extending a country’s power and influence through diplomacy or military force."" Imperialism is particularly focused on the control that one group, often a state power, has on another group of people. This is often through various forms of ""othering"" (see other) based on racial, religious, or cultural stereotypes. There are ""formal"" or ""informal"" imperialisms. ""Formal imperialism"" is defined as ""physical control or full-fledged colonial rule"". ""Informal imperialism"" is less direct; however, it is still a powerful form of dominance.",IRRELEVANT,True,True,True
56beb90c3aeaaa14008c92c7,easy,9,para:1855,When was Manning picked #1 in the NFL Draft?,['1998'],"Islamist movements such as the Muslim Brotherhood, ""are well known for providing shelters, educational assistance, free or low cost medical clinics, housing assistance to students from out of town, student advisory groups, facilitation of inexpensive mass marriage ceremonies to avoid prohibitively costly dowry demands, legal assistance, sports facilities, and women's groups."" All this compares very favourably against incompetent, inefficient, or neglectful governments whose commitment to social justice is limited to rhetoric.",IRRELEVANT,True,True,True
56beb90c3aeaaa14008c92c7,easy,10,para:266,When was Manning picked #1 in the NFL Draft?,['1998'],"Other important complexity classes include BPP, ZPP and RP, which are defined using probabilistic Turing machines; AC and NC, which are defined using Boolean circuits; and BQP and QMA, which are defined using quantum Turing machines. #P is an important complexity class of counting problems (not decision problems). Classes like IP and AM are defined using Interactive proof systems. ALL is the class of all decision problems.",IRRELEVANT,True,True,True
56beb90c3aeaaa14008c92c7,easy,11,para:263,When was Manning picked #1 in the NFL Draft?,['1998'],"Of course, some complexity classes have complicated definitions that do not fit into this framework. Thus, a typical complexity class has a definition like the following:",IRRELEVANT,True,True,True
56beb90c3aeaaa14008c92c7,easy,12,para:291,When was Manning picked #1 in the NFL Draft?,['1998'],"Religious and spiritual teachers, such as gurus, mullahs, rabbis, pastors/youth pastors and lamas, may teach religious texts such as the Quran, Torah or Bible.",IRRELEVANT,True,True,True
56beb90c3aeaaa14008c92c7,easy,13,para:528,When was Manning picked #1 in the NFL Draft?,['1998'],"During 2003–04, the gross value of Victorian agricultural production increased by 17% to $8.7 billion. This represented 24% of national agricultural production total gross value. As of 2004, an estimated 32,463 farms occupied around 136,000 square kilometres (52,500 sq mi) of Victorian land. This comprises more than 60% of the state's total land surface. Victorian farms range from small horticultural outfits to large-scale livestock and grain productions. A quarter of farmland is used to grow consumable crops.",IRRELEVANT,True,True,True
56beb90c3aeaaa14008c92c7,easy,14,para:1731,When was Manning picked #1 in the NFL Draft?,['1998'],"Light has been shown to be a requirement for chloroplast division. Chloroplasts can grow and progress through some of the constriction stages under poor quality green light, but are slow to complete division—they require exposure to bright white light to complete division. Spinach leaves grown under green light have been observed to contain many large dumbbell-shaped chloroplasts. Exposure to white light can stimulate these chloroplasts to divide and reduce the population of dumbbell-shaped chloroplasts.",IRRELEVANT,True,True,True
56beb90c3aeaaa14008c92c7,easy,15,para:2033,When was Manning picked #1 in the NFL Draft?,['1998'],"Since forces are perceived as pushes or pulls, this can provide an intuitive understanding for describing forces. As with other physical concepts (e.g. temperature), the intuitive understanding of forces is quantified using precise operational definitions that are consistent with direct observations and compared to a standard measurement scale. Through experimentation, it is determined that laboratory measurements of forces are fully consistent with the conceptual definition of force offered by Newtonian mechanics.",IRRELEVANT,True,True,True
56beb90c3aeaaa14008c92c7,easy,16,para:464,When was Manning picked #1 in the NFL Draft?,['1998'],"Southern California is divided culturally, politically, and economically into distinctive regions, each containing its own culture and atmosphere, anchored usually by a city with both national and sometimes global recognition, which are often the hub of economic activity for its respective region and being home to many tourist destinations. Each region is further divided into many culturally distinct areas but as a whole combine to create the southern California atmosphere.",IRRELEVANT,True,True,True
56beb90c3aeaaa14008c92c7,easy,17,para:1544,When was Manning picked #1 in the NFL Draft?,['1998'],"Current faculty include the anthropologist Marshall Sahlins, historian Dipesh Chakrabarty, paleontologists Neil Shubin and Paul Sereno, evolutionary biologist Jerry Coyne, Nobel prize winning physicist Yoichiro Nambu, Nobel prize winning physicist James Cronin, Nobel Prize winning economists Eugene Fama, James Heckman, Lars Peter Hansen, Roger Myerson and Robert Lucas, Jr., Freakonomics author and noted economist Steven Levitt, current governor of India's central bank Raghuram Rajan, the 74th United States Secretary of the Treasury and former Goldman Sachs Chairman and CEO Hank Paulson, former Chairman of President Barack Obama's Council of Economic Advisors Austan Goolsbee, Shakespeare scholar David Bevington, and renowned political scientists John Mearsheimer and Robert Pape.",IRRELEVANT,True,True,True
56beb90c3aeaaa14008c92c7,easy,18,para:1832,When was Manning picked #1 in the NFL Draft?,['1998'],"Reserved matters are subjects that are outside the legislative competence of the Scotland Parliament. The Scottish Parliament is unable to legislate on such issues that are reserved to, and dealt with at, Westminster (and where Ministerial functions usually lie with UK Government ministers). These include abortion, broadcasting policy, civil service, common markets for UK goods and services, constitution, electricity, coal, oil, gas, nuclear energy, defence and national security, drug policy, employment, foreign policy and relations with Europe, most aspects of transport safety and regulation, National Lottery, protection of borders, social security and stability of UK's fiscal, economic and monetary system.",IRRELEVANT,True,True,True
56beb90c3aeaaa14008c92c7,easy,19,para:180,When was Manning picked #1 in the NFL Draft?,['1998'],"At the beginning of 1893 Westinghouse engineer Benjamin Lamme had made great progress developing an efficient version of Tesla's induction motor and Westinghouse Electric started branding their complete polyphase phase AC system as the ""Tesla Polyphase System"", noting how they believed Tesla's patents gave them patent priority over other AC systems.",IRRELEVANT,True,True,True
56beb90c3aeaaa14008c92c7,easy,20,para:1418,When was Manning picked #1 in the NFL Draft?,['1998'],"Economist Joseph Stiglitz argues that rather than explaining concentrations of wealth and income, market forces should serve as a brake on such concentration, which may better be explained by the non-market force known as ""rent-seeking"". While the market will bid up compensation for rare and desired skills to reward wealth creation, greater productivity, etc., it will also prevent successful entrepreneurs from earning excess profits by fostering competition to cut prices, profits and large compensation. A better explainer of growing inequality, according to Stiglitz, is the use of political power generated by wealth by certain groups to shape government policies financially beneficial to them. This process, known to economists as rent-seeking, brings income not from creation of wealth but from ""grabbing a larger share of the wealth that would otherwise have been produced without their effort""",IRRELEVANT,True,True,True
56beb90c3aeaaa14008c92c7,easy,21,para:286,When was Manning picked #1 in the NFL Draft?,['1998'],"Even though some proofs of complexity-theoretic theorems regularly assume some concrete choice of input encoding, one tries to keep the discussion abstract enough to be independent of the choice of encoding. This can be achieved by ensuring that different representations can be transformed into each other efficiently.",IRRELEVANT,True,True,True
56beb90c3aeaaa14008c92c7,easy,22,para:1951,When was Manning picked #1 in the NFL Draft?,['1998'],"The United Methodist Church teaches that pornography is ""about violence, degradation, exploitation, and coercion"" and ""deplore[s] all forms of commercialization, abuse, and exploitation of sex."" The Sexual Ethics Task Force of The United Methodist Church states that ""Research shows it [pornography] is not an 'innocent activity.' It is harmful and is generally addictive. Persons who are addicted to pornography are physiologically altered, as is their perspective, relationships with parishioners and family, and their perceptions of girls and women.""",IRRELEVANT,True,True,True
56beb90c3aeaaa14008c92c7,easy,23,para:1250,When was Manning picked #1 in the NFL Draft?,['1998'],"Hormones can act as immunomodulators, altering the sensitivity of the immune system. For example, female sex hormones are known immunostimulators of both adaptive and innate immune responses. Some autoimmune diseases such as lupus erythematosus strike women preferentially, and their onset often coincides with puberty. By contrast, male sex hormones such as testosterone seem to be immunosuppressive. Other hormones appear to regulate the immune system as well, most notably prolactin, growth hormone and vitamin D.",IRRELEVANT,True,True,True
56beb90c3aeaaa14008c92c7,easy,24,para:220,When was Manning picked #1 in the NFL Draft?,['1998'],"Near the end of his life, Tesla walked to the park every day to feed the pigeons and even brought injured ones into his hotel room to nurse back to health. He said that he had been visited by a specific injured white pigeon daily. Tesla spent over $2,000, including building a device that comfortably supported her so her bones could heal, to fix her broken wing and leg. Tesla stated,",IRRELEVANT,True,True,True
56beb90c3aeaaa14008c92c7,easy,25,para:1350,When was Manning picked #1 in the NFL Draft?,['1998'],"Harvard is a large, highly residential research university. The nominal cost of attendance is high, but the University's large endowment allows it to offer generous financial aid packages. It operates several arts, cultural, and scientific museums, alongside the Harvard Library, which is the world's largest academic and private library system, comprising 79 individual libraries with over 18 million volumes. Harvard's alumni include eight U.S. presidents, several foreign heads of state, 62 living billionaires, 335 Rhodes Scholars, and 242 Marshall Scholars. To date, some 150 Nobel laureates, 18 Fields Medalists and 13 Turing Award winners have been affiliated as students, faculty, or staff.",IRRELEVANT,True,True,True
56beb90c3aeaaa14008c92c7,easy,26,para:452,When was Manning picked #1 in the NFL Draft?,['1998'],"Many locals and tourists frequent the southern California coast for its popular beaches, and the desert city of Palm Springs is popular for its resort feel and nearby open spaces.",IRRELEVANT,True,True,True
56beb90c3aeaaa14008c92c7,easy,27,para:478,When was Manning picked #1 in the NFL Draft?,['1998'],"The Tech Coast is a moniker that has gained use as a descriptor for the region's diversified technology and industrial base as well as its multitude of prestigious and world-renowned research universities and other public and private institutions. Amongst these include 5 University of California campuses (Irvine, Los Angeles, Riverside, Santa Barbara, and San Diego); 12 California State University campuses (Bakersfield, Channel Islands, Dominguez Hills, Fullerton, Los Angeles, Long Beach, Northridge, Pomona, San Bernardino, San Diego, San Marcos, and San Luis Obispo); and private institutions such as the California Institute of Technology, Chapman University, the Claremont Colleges (Claremont McKenna College, Harvey Mudd College, Pitzer College, Pomona College, and Scripps College), Loma Linda University, Loyola Marymount University, Occidental College, Pepperdine University, University of Redlands, University of San Diego, and the University of Southern California.",IRRELEVANT,True,True,True
56beb90c3aeaaa14008c92c7,easy,28,para:248,When was Manning picked #1 in the NFL Draft?,['1998'],"A function problem is a computational problem where a single output (of a total function) is expected for every input, but the output is more complex than that of a decision problem, that is, it isn't just yes or no. Notable examples include the traveling salesman problem and the integer factorization problem.",IRRELEVANT,True,True,True
56beb90c3aeaaa14008c92c7,easy,29,para:444,When was Manning picked #1 in the NFL Draft?,['1998'],"Southern California, often abbreviated SoCal, is a geographic and cultural region that generally comprises California's southernmost 10 counties. The region is traditionally described as ""eight counties"", based on demographics and economic ties: Imperial, Los Angeles, Orange, Riverside, San Bernardino, San Diego, Santa Barbara, and Ventura. The more extensive 10-county definition, including Kern and San Luis Obispo counties, is also used based on historical political divisions. Southern California is a major economic center for the state of California and the United States.",IRRELEVANT,True,True,True
56beb90c3aeaaa14008c92c7,easy,30,para:736,When was Manning picked #1 in the NFL Draft?,['1998'],"Almost all the rocks show evidence of impact process effects. Many samples appear to be pitted with micrometeoroid impact craters, which is never seen on Earth rocks, due to the thick atmosphere. Many show signs of being subjected to high pressure shock waves that are generated during impact events. Some of the returned samples are of impact melt (materials melted near an impact crater.) All samples returned from the Moon are highly brecciated as a result of being subjected to multiple impact events.",IRRELEVANT,True,True,True
571117d4a58dae1900cd6c0e,hard,1,para:1998,Who is the patron saint of the Huguenots?,['Saint Nicolas'],"Jacques Legardeur de Saint-Pierre, who succeeded Marin as commander of the French forces after the latter died on October 29, invited Washington to dine with him. Over dinner, Washington presented Saint-Pierre with the letter from Dinwiddie demanding an immediate French withdrawal from the Ohio Country. Saint-Pierre said, ""As to the Summons you send me to retire, I do not think myself obliged to obey it."" He told Washington that France's claim to the region was superior to that of the British, since René-Robert Cavelier, Sieur de La Salle had explored the Ohio Country nearly a century earlier.",IRRELEVANT,True,True,True
571117d4a58dae1900cd6c0e,hard,2,para:147,Who is the patron saint of the Huguenots?,['Saint Nicolas'],"At Saint Evroul, a tradition of singing had developed and the choir achieved fame in Normandy. Under the Norman abbot Robert de Grantmesnil, several monks of Saint-Evroul fled to southern Italy, where they were patronised by Robert Guiscard and established a Latin monastery at Sant'Eufemia. There they continued the tradition of singing.",IRRELEVANT,True,True,True
571117d4a58dae1900cd6c0e,hard,3,para:142,Who is the patron saint of the Huguenots?,['Saint Nicolas'],"In the visual arts, the Normans did not have the rich and distinctive traditions of the cultures they conquered. However, in the early 11th century the dukes began a programme of church reform, encouraging the Cluniac reform of monasteries and patronising intellectual pursuits, especially the proliferation of scriptoria and the reconstitution of a compilation of lost illuminated manuscripts. The church was utilised by the dukes as a unifying force for their disparate duchy. The chief monasteries taking part in this ""renaissance"" of Norman art and scholarship were Mont-Saint-Michel, Fécamp, Jumièges, Bec, Saint-Ouen, Saint-Evroul, and Saint-Wandrille. These centres were in contact with the so-called ""Winchester school"", which channeled a pure Carolingian artistic tradition to Normandy. In the final decade of the 11th and first of the 12th century, Normandy experienced a golden age of illustrated manuscripts, but it was brief and the major scriptoria of Normandy ceased to function after the midpoint of the century.",IRRELEVANT,True,True,True
571117d4a58dae1900cd6c0e,hard,4,para:1032,Who is the patron saint of the Huguenots?,['Saint Nicolas'],"One of the rarest items in the collection is the 58 cm high Gloucester Candlestick, dated to c1110, made from gilt bronze; with highly elaborate and intricate intertwining branches containing small figures and inscriptions, it is a tour de force of bronze casting. Also of importance is the Becket Casket dated c1180 to contain relics of St Thomas Becket, made from gilt copper, with enamelled scenes of the saint's martyrdom. Another highlight is the 1351 Reichenau Crozier. The Burghley Nef, a salt-cellar, French, dated 1527–28, uses a nautilus shell to form the hull of a vessel, which rests on the tail of a parcelgilt mermaid, who rests on a hexagonal gilt plinth on six claw-and-ball feet. Both masts have main and top-sails, and battlemented fighting-tops are made from gold. These items are displayed in the new Medieval & Renaissance galleries.",IRRELEVANT,True,True,True
571117d4a58dae1900cd6c0e,hard,5,para:214,Who is the patron saint of the Huguenots?,['Saint Nicolas'],"On 10 January 1943, New York City mayor Fiorello La Guardia read a eulogy written by Slovene-American author Louis Adamic live over the WNYC radio while violin pieces ""Ave Maria"" and ""Tamo daleko"" were played in the background. On 12 January, two thousand people attended a state funeral for Tesla at the Cathedral of Saint John the Divine. After the funeral, Tesla's body was taken to the Ferncliff Cemetery in Ardsley, New York, where it was later cremated. The following day, a second service was conducted by prominent priests in the Trinity Chapel (today's Serbian Orthodox Cathedral of Saint Sava) in New York City.",IRRELEVANT,True,True,True
571117d4a58dae1900cd6c0e,hard,6,para:1015,Who is the patron saint of the Huguenots?,['Saint Nicolas'],"Writers whose papers are in the library are as diverse as Charles Dickens and Beatrix Potter. Illuminated manuscripts in the library dating from the 12th to 16th centuries include: the Eadwine Psalter[citation needed], Canterbury; Pocket Book of Hours, Reims; Missal from the Royal Abbey of Saint Denis, Paris; the Simon Marmion Book of Hours, Bruges; 1524 Charter illuminated by Lucas Horenbout, London; the Armagnac manuscript of the trial and rehabilitation of Joan of Arc, Rouen. also the Victorian period is represented by William Morris.",IRRELEVANT,True,True,True
571117d4a58dae1900cd6c0e,hard,7,para:352,Who is the patron saint of the Huguenots?,['Saint Nicolas'],"He later attributed his decision to an event: on 2 July 1505, he was returning to university on horseback after a trip home. During a thunderstorm, a lightning bolt struck near him. Later telling his father he was terrified of death and divine judgment, he cried out, ""Help! Saint Anna, I will become a monk!"" He came to view his cry for help as a vow he could never break. He left law school, sold his books, and entered a closed Augustinian cloister in Erfurt on 17 July 1505. One friend blamed the decision on Luther's sadness over the deaths of two friends. Luther himself seemed saddened by the move. Those who attended a farewell supper walked him to the door of the Black Cloister. ""This day you see me, and then, not ever again,"" he said. His father was furious over what he saw as a waste of Luther's education.",IRRELEVANT,True,True,True
571117d4a58dae1900cd6c0e,hard,8,para:1156,Who is the patron saint of the Huguenots?,['Saint Nicolas'],"As Jamukha and Temüjin drifted apart in their friendship, each began consolidating power, and soon became rivals. Jamukha supported the traditional Mongolian aristocracy, while Temüjin followed a meritocratic method, and attracted a broader, though lower class, range of followers. Due to his earlier defeat of the Merkits, and a proclamation by the shaman Kokochu that the Eternal Blue Sky had set aside the world for Temüjin, Temüjin began rising to power. In 1186, Temüjin was elected khan of the Mongols. However, Jamukha, threatened by Temüjin's rapid ascent, quickly moved to stop Temüjin's ambitions. In 1187, he launched an attack against his former friend with an army of thirty thousand troops. Temüjin hastily gathered together his followers to defend against the attack, but he was decisively beaten in the Battle of Dalan Balzhut. Jamukha horrified people greatly and harmed his image by boiling seventy young male captives alive in cauldrons, alienating many of his potential followers and eliciting sympathy for Temüjin. Toghrul, as Temüjin's patron, was exiled to the Qara Khitai. The life of Temüjin for the next ten years is very unclear, as historical records are mostly silent on that period.",IRRELEVANT,True,True,True
571117d4a58dae1900cd6c0e,hard,9,para:2006,Who is the patron saint of the Huguenots?,['Saint Nicolas'],"Colonel Monckton, in the sole British success that year, captured Fort Beauséjour in June 1755, cutting the French fortress at Louisbourg off from land-based reinforcements. To cut vital supplies to Louisbourg, Nova Scotia's Governor Charles Lawrence ordered the deportation of the French-speaking Acadian population from the area. Monckton's forces, including companies of Rogers' Rangers, forcibly removed thousands of Acadians, chasing down many who resisted, and sometimes committing atrocities. More than any other factor, the cutting off of supplies to Louisbourg led to its demise. The Acadian resistance, in concert with native allies, including the Mi'kmaq, was sometimes quite stiff, with ongoing frontier raids (against Dartmouth and Lunenburg among others). Other than the campaigns to expel the Acadians (ranging around the Bay of Fundy, on the Petitcodiac and St. John rivers, and Île Saint-Jean), the only clashes of any size were at Petitcodiac in 1755 and at Bloody Creek near Annapolis Royal in 1757.",IRRELEVANT,True,True,True
571117d4a58dae1900cd6c0e,hard,10,para:146,Who is the patron saint of the Huguenots?,['Saint Nicolas'],"Normandy was the site of several important developments in the history of classical music in the 11th century. Fécamp Abbey and Saint-Evroul Abbey were centres of musical production and education. At Fécamp, under two Italian abbots, William of Volpiano and John of Ravenna, the system of denoting notes by letters was developed and taught. It is still the most common form of pitch representation in English- and German-speaking countries today. Also at Fécamp, the staff, around which neumes were oriented, was first developed and taught in the 11th century. Under the German abbot Isembard, La Trinité-du-Mont became a centre of musical composition.",IRRELEVANT,True,True,True
571117d4a58dae1900cd6c0e,hard,11,para:1027,Who is the patron saint of the Huguenots?,['Saint Nicolas'],"In 2002, the Museum acquired the Costiff collection of 178 Vivienne Westwood costumes. Other famous designers with work in the collection include Coco Chanel, Hubert de Givenchy, Christian Dior, Cristóbal Balenciaga, Yves Saint Laurent, Guy Laroche, Irene Galitzine, Mila Schön, Valentino Garavani, Norman Norell, Norman Hartnell, Zandra Rhodes, Hardy Amies, Mary Quant, Christian Lacroix, Jean Muir and Pierre Cardin. The museum continues to acquire examples of modern fashion to add to the collection.",IRRELEVANT,True,True,True
571117d4a58dae1900cd6c0e,hard,12,para:1981,Who is the patron saint of the Huguenots?,['Saint Nicolas'],"The outcome was one of the most significant developments in a century of Anglo-French conflict. France ceded its territory east of the Mississippi to Great Britain. It ceded French Louisiana west of the Mississippi River (including New Orleans) to its ally Spain, in compensation for Spain's loss to Britain of Florida (Spain had ceded this to Britain in exchange for the return of Havana, Cuba). France's colonial presence north of the Caribbean was reduced to the islands of Saint Pierre and Miquelon, confirming Britain's position as the dominant colonial power in eastern North America.",IRRELEVANT,True,True,True
571117d4a58dae1900cd6c0e,hard,13,para:1999,Who is the patron saint of the Huguenots?,['Saint Nicolas'],"Even before Washington returned, Dinwiddie had sent a company of 40 men under William Trent to that point, where in the early months of 1754 they began construction of a small stockaded fort. Governor Duquesne sent additional French forces under Claude-Pierre Pecaudy de Contrecœur to relieve Saint-Pierre during the same period, and Contrecœur led 500 men south from Fort Venango on April 5, 1754. When these forces arrived at the fort on April 16, Contrecœur generously allowed Trent's small company to withdraw. He purchased their construction tools to continue building what became Fort Duquesne.",IRRELEVANT,True,True,True
571117d4a58dae1900cd6c0e,hard,14,para:1955,Who is the patron saint of the Huguenots?,['Saint Nicolas'],"Methodist institutions may be named after a biblical figure (e.g., ""St. James UMC""). Methodists also honor notable heroes and heroines of the Christian faith and look to these prominent saints as providing examples of holy living and commitment to Christ that are worthy of imitation (see 1 Corinthians 11:1). Such exemplary saints include martyrs, confessors of the Faith, evangelists, or important biblical figures such as Saint Matthew, Lutheran theologian and martyr to the Nazis Dietrich Bonhoeffer, Salvation Army Founder William Booth, African missionary David Livingstone and Methodism's revered founder John Wesley are among many cited as Protestant saints.",IRRELEVANT,True,True,True
571117d4a58dae1900cd6c0e,hard,15,para:1338,Who is the patron saint of the Huguenots?,['Saint Nicolas'],"Private schools are often Anglican, such as King's College and Diocesan School for Girls in Auckland, St Paul's Collegiate School in Hamilton, St Peter's School in Cambridge, Samuel Marsden Collegiate School in Wellington, and Christ's College and St Margaret's College in Christchurch; or Presbyterian, such as Saint Kentigern College and St Cuthbert's College in Auckland, Scots College and Queen Margaret College in Wellington, and St Andrew's College and Rangi Ruru Girls' School in Christchurch. Academic Colleges Group is a recent group of private schools run as a business, with schools throughout Auckland, including ACG Senior College in Auckland’s CBD, ACG Parnell College in Parnell, and international school ACG New Zealand International College. There are three private schools (including the secondary school, St Dominic's College) operated by the Catholic schismatic group, the Society of St Pius X in Wanganui.",IRRELEVANT,True,True,True
571117d4a58dae1900cd6c0e,hard,16,para:2020,Who is the patron saint of the Huguenots?,['Saint Nicolas'],"Britain gained control of French Canada and Acadia, colonies containing approximately 80,000 primarily French-speaking Roman Catholic residents. The deportation of Acadians beginning in 1755 resulted in land made available to migrants from Europe and the colonies further south. The British resettled many Acadians throughout its North American provinces, but many went to France, and some went to New Orleans, which they had expected to remain French. Some were sent to colonize places as diverse as French Guiana and the Falkland Islands; these latter efforts were unsuccessful. Others migrated to places like Saint-Domingue, and fled to New Orleans after the Haitian Revolution. The Louisiana population contributed to the founding of the modern Cajun population. (The French word ""Acadien"" evolved to ""Cadien"", then to ""Cajun"".)",IRRELEVANT,True,True,True
571117d4a58dae1900cd6c0e,hard,17,para:1328,Who is the patron saint of the Huguenots?,['Saint Nicolas'],"Although most are non-aligned, some of the best known independent schools also belong to the large, long-established religious foundations, such as the Anglican Church, Uniting Church and Presbyterian Church, but in most cases, they do not insist on their students’ religious allegiance. These schools are typically viewed as 'elite schools'. Many of the 'grammar schools' also fall in this category. They are usually expensive schools that tend to be up-market and traditional in style, some Catholic schools fall into this category as well, e.g. St Joseph's College, Gregory Terrace, Saint Ignatius' College, Riverview, St Gregory's College, Campbelltown, St Aloysius' College (Sydney) and St Joseph's College, Hunters Hill, as well as Loreto Kirribilli, Monte Sant Angelo Mercy College, St Ursula's College and Loreto Normanhurst for girls.",IRRELEVANT,True,True,True
571117d4a58dae1900cd6c0e,hard,18,para:1475,Who is the patron saint of the Huguenots?,['Saint Nicolas'],"The Master is the Doctor's archenemy, a renegade Time Lord who desires to rule the universe. Conceived as ""Professor Moriarty to the Doctor's Sherlock Holmes"", the character first appeared in 1971. As with the Doctor, the role has been portrayed by several actors, since the Master is a Time Lord as well and able to regenerate; the first of these actors was Roger Delgado, who continued in the role until his death in 1973. The Master was briefly played by Peter Pratt and Geoffrey Beevers until Anthony Ainley took over and continued to play the character until Doctor Who's hiatus in 1989. The Master returned in the 1996 television movie of Doctor Who, and was played by American actor Eric Roberts.",IRRELEVANT,True,True,True
571117d4a58dae1900cd6c0e,hard,19,para:301,Who is the patron saint of the Huguenots?,['Saint Nicolas'],"This is true throughout most of the United States as well. However, alternative approaches for primary education do exist. One of these, sometimes referred to as a ""platoon"" system, involves placing a group of students together in one class that moves from one specialist to another for every subject. The advantage here is that students learn from teachers who specialize in one subject and who tend to be more knowledgeable in that one area than a teacher who teaches many subjects. Students still derive a strong sense of security by staying with the same group of peers for all classes.",IRRELEVANT,True,True,True
571117d4a58dae1900cd6c0e,hard,20,para:1500,Who is the patron saint of the Huguenots?,['Saint Nicolas'],"Doctor Who books have been published from the mid-sixties through to the present day. From 1965 to 1991 the books published were primarily novelised adaptations of broadcast episodes; beginning in 1991 an extensive line of original fiction was launched, the Virgin New Adventures and Virgin Missing Adventures. Since the relaunch of the programme in 2005, a new range of novels have been published by BBC Books. Numerous non-fiction books about the series, including guidebooks and critical studies, have also been published, and a dedicated Doctor Who Magazine with newsstand circulation has been published regularly since 1979. This is published by Panini, as is the Doctor Who Adventures magazine for younger fans.",IRRELEVANT,True,True,True
571117d4a58dae1900cd6c0e,hard,21,para:1850,Who is the patron saint of the Huguenots?,['Saint Nicolas'],"Islamism is a controversial concept not just because it posits a political role for Islam but also because its supporters believe their views merely reflect Islam, while the contrary idea that Islam is, or can be, apolitical is an error. Scholars and observers who do not believe that Islam is merely a political ideology include Fred Halliday, John Esposito and Muslim intellectuals like Javed Ahmad Ghamidi. Hayri Abaza argues the failure to distinguish between Islam and Islamism leads many in the West to support illiberal Islamic regimes, to the detriment of progressive moderates who seek to separate religion from politics.",IRRELEVANT,True,True,True
571117d4a58dae1900cd6c0e,hard,22,para:106,Who is the patron saint of the Huguenots?,['Saint Nicolas'],"In the course of the 10th century, the initially destructive incursions of Norse war bands into the rivers of France evolved into more permanent encampments that included local women and personal property. The Duchy of Normandy, which began in 911 as a fiefdom, was established by the treaty of Saint-Clair-sur-Epte between King Charles III of West Francia and the famed Viking ruler Rollo, and was situated in the former Frankish kingdom of Neustria. The treaty offered Rollo and his men the French lands between the river Epte and the Atlantic coast in exchange for their protection against further Viking incursions. The area corresponded to the northern part of present-day Upper Normandy down to the river Seine, but the Duchy would eventually extend west beyond the Seine. The territory was roughly equivalent to the old province of Rouen, and reproduced the Roman administrative structure of Gallia Lugdunensis II (part of the former Gallia Lugdunensis).",IRRELEVANT,True,True,True
571117d4a58dae1900cd6c0e,hard,23,para:347,Who is the patron saint of the Huguenots?,['Saint Nicolas'],"Luther taught that salvation and subsequently eternal life is not earned by good deeds but is received only as a free gift of God's grace through faith in Jesus Christ as redeemer from sin. His theology challenged the authority and office of the Pope by teaching that the Bible is the only source of divinely revealed knowledge from God and opposed sacerdotalism by considering all baptized Christians to be a holy priesthood. Those who identify with these, and all of Luther's wider teachings, are called Lutherans even though Luther insisted on Christian or Evangelical as the only acceptable names for individuals who professed Christ.",IRRELEVANT,True,True,True
571117d4a58dae1900cd6c0e,hard,24,para:1949,Who is the patron saint of the Huguenots?,['Saint Nicolas'],"The United Methodist Church opposes conscription as incompatible with the teaching of Scripture. Therefore, the Church supports and extends its ministry to those persons who conscientiously oppose all war, or any particular war, and who therefore refuse to serve in the armed forces or to cooperate with systems of military conscription. However, the United Methodist Church also supports and extends its ministry to those persons who conscientiously choose to serve in the armed forces or to accept alternative service. The church also states that ""as Christians they are aware that neither the way of military action, nor the way of inaction is always righteous before God.""",IRRELEVANT,True,True,True
571117d4a58dae1900cd6c0e,hard,25,para:1497,Who is the patron saint of the Huguenots?,['Saint Nicolas'],"There have also been many references to Doctor Who in popular culture and other science fiction, including Star Trek: The Next Generation (""The Neutral Zone"") and Leverage. In the Channel 4 series Queer as Folk (created by later Doctor Who executive producer Russell T. Davies), the character of Vince was portrayed as an avid Doctor Who fan, with references appearing many times throughout in the form of clips from the programme. In a similar manner, the character of Oliver on Coupling (created and written by current show runner Steven Moffat) is portrayed as a Doctor Who collector and enthusiast. References to Doctor Who have also appeared in the young adult fantasy novels Brisingr and High Wizardry, the video game Rock Band, the soap opera EastEnders, the Adult Swim comedy show Robot Chicken, the Family Guy episodes ""Blue Harvest"" and ""420"", and the game RuneScape. It has also be referenced in Destroy All Humans! 2, by civilians in the game's variation of England, and in Apollo Justice: Ace Attorney.",IRRELEVANT,True,True,True
571117d4a58dae1900cd6c0e,hard,26,para:313,Who is the patron saint of the Huguenots?,['Saint Nicolas'],"Since teachers can affect how students perceive the course materials, it has been found that teachers who showed enthusiasm towards the course materials and students can affect a positive learning experience towards the course materials. On teacher/course evaluations, it was found that teachers who have a positive disposition towards the course content tend to transfer their passion to receptive students. These teachers do not teach by rote but attempt to find new invigoration for the course materials on a daily basis. One of the difficulties in this approach is that teachers may have repeatedly covered a curriculum until they begin to feel bored with the subject which in turn bores the students as well. Students who had enthusiastic teachers tend to rate them higher than teachers who didn't show much enthusiasm for the course materials.",IRRELEVANT,True,True,True
571117d4a58dae1900cd6c0e,hard,27,para:1541,Who is the patron saint of the Huguenots?,['Saint Nicolas'],"Other prominent alumni include anthropologists David Graeber and Donald Johanson, who is best known for discovering the fossil of a female hominid australopithecine known as ""Lucy"" in the Afar Triangle region, psychologist John B. Watson, American psychologist who established the psychological school of behaviorism, communication theorist Harold Innis, chess grandmaster Samuel Reshevsky, and conservative international relations scholar and White House Coordinator of Security Planning for the National Security Council Samuel P. Huntington.",IRRELEVANT,True,True,True
571117d4a58dae1900cd6c0e,easy,1,para:1377,Who is the patron saint of the Huguenots?,['Saint Nicolas'],"Other: Civil rights leader W. E. B. Du Bois; philosopher Henry David Thoreau; authors Ralph Waldo Emerson and William S. Burroughs; educators Werner Baer, Harlan Hanson; poets Wallace Stevens, T. S. Eliot and E. E. Cummings; conductor Leonard Bernstein; cellist Yo Yo Ma; pianist and composer Charlie Albright; composer John Alden Carpenter; comedian, television show host and writer Conan O'Brien; actors Tatyana Ali, Nestor Carbonell, Matt Damon, Fred Gwynne, Hill Harper, Rashida Jones, Tommy Lee Jones, Ashley Judd, Jack Lemmon, Natalie Portman, Mira Sorvino, Elisabeth Shue, and Scottie Thompson; film directors Darren Aronofsky, Terrence Malick, Mira Nair, and Whit Stillman; architect Philip Johnson; musicians Rivers Cuomo, Tom Morello, and Gram Parsons; musician, producer and composer Ryan Leslie; serial killer Ted Kaczynski; programmer and activist Richard Stallman; NFL quarterback Ryan Fitzpatrick; NFL center Matt Birk; NBA player Jeremy Lin; US Ski Team skier Ryan Max Riley; physician Sachin H. Jain; physicist J. Robert Oppenheimer; computer pioneer and inventor An Wang; Tibetologist George de Roerich; and Marshall Admiral Isoroku Yamamoto.",IRRELEVANT,True,True,True
571117d4a58dae1900cd6c0e,easy,2,para:1378,Who is the patron saint of the Huguenots?,['Saint Nicolas'],"Harvard's faculty includes scholars such as biologist E. O. Wilson, cognitive scientist Steven Pinker, physicists Lisa Randall and Roy Glauber, chemists Elias Corey, Dudley R. Herschbach and George M. Whitesides, computer scientists Michael O. Rabin and Leslie Valiant, Shakespeare scholar Stephen Greenblatt, writer Louis Menand, critic Helen Vendler, historians Henry Louis Gates, Jr. and Niall Ferguson, economists Amartya Sen, N. Gregory Mankiw, Robert Barro, Stephen A. Marglin, Don M. Wilson III and Martin Feldstein, political philosophers Harvey Mansfield, Baroness Shirley Williams and Michael Sandel, Fields Medalist mathematician Shing-Tung Yau, political scientists Robert Putnam, Joseph Nye, and Stanley Hoffmann, scholar/composers Robert Levin and Bernard Rands, astrophysicist Alyssa A. Goodman, and legal scholars Alan Dershowitz and Lawrence Lessig.",IRRELEVANT,True,True,True
571117d4a58dae1900cd6c0e,easy,3,para:192,Who is the patron saint of the Huguenots?,['Saint Nicolas'],"On 7 January 1900, Tesla left Colorado Springs.[citation needed] His lab was torn down in 1904, and its contents were sold two years later to satisfy a debt.",IRRELEVANT,True,True,True
571117d4a58dae1900cd6c0e,easy,4,para:218,Who is the patron saint of the Huguenots?,['Saint Nicolas'],"For exercise, Tesla walked between 8 to 10 miles per day. He squished his toes one hundred times for each foot every night, saying that it stimulated his brain cells.",IRRELEVANT,True,True,True
571117d4a58dae1900cd6c0e,easy,5,para:221,Who is the patron saint of the Huguenots?,['Saint Nicolas'],"Tesla was 6 feet 2 inches (1.88 m) tall and weighed 142 pounds (64 kg), with almost no weight variance from 1888 to about 1926.:292 He was an elegant, stylish figure in New York City, meticulous in his grooming, clothing, and regimented in his daily activities.",IRRELEVANT,True,True,True
571117d4a58dae1900cd6c0e,easy,6,para:235,Who is the patron saint of the Huguenots?,['Saint Nicolas'],"However, his religious views remain uncertain due to other statements that he made. For example, in his article, ""A Machine to End War"", published in 1937, Tesla stated:",IRRELEVANT,True,True,True
571117d4a58dae1900cd6c0e,easy,7,para:333,Who is the patron saint of the Huguenots?,['Saint Nicolas'],"Salaries for Nursery, Primary and Secondary School teachers ranged from £20,133 to £41,004 in September 2007, although some salaries can go much higher depending on experience and extra responsibilities. Preschool teachers may earn £20,980 annually.[citation needed] Teachers in state schools must have at least a bachelor's degree, complete an approved teacher education program, and be licensed.",IRRELEVANT,True,True,True
571117d4a58dae1900cd6c0e,easy,8,para:334,Who is the patron saint of the Huguenots?,['Saint Nicolas'],"Many counties offer alternative licensing programs to attract people into teaching, especially for hard-to-fill positions. Excellent job opportunities are expected as retirements, especially among secondary school teachers, outweigh slowing enrollment growth; opportunities will vary by geographic area and subject taught.[citation needed]",IRRELEVANT,True,True,True
571117d4a58dae1900cd6c0e,easy,9,para:410,Who is the patron saint of the Huguenots?,['Saint Nicolas'],"Luther's hymns inspired composers to write music. Johann Sebastian Bach included several verses as chorales in his cantatas and based chorale cantatas entirely on them, namely Christ lag in Todes Banden, BWV 4, as early as possibly 1707, in his second annual cycle (1724 to 1725) Ach Gott, vom Himmel sieh darein, BWV 2, Christ unser Herr zum Jordan kam, BWV 7, Nun komm, der Heiden Heiland, BWV 62, Gelobet seist du, Jesu Christ, BWV 91, and Aus tiefer Not schrei ich zu dir, BWV 38, later Ein feste Burg ist unser Gott, BWV 80, and in 1735 Wär Gott nicht mit uns diese Zeit, BWV 14.",IRRELEVANT,True,True,True
571117d4a58dae1900cd6c0e,easy,10,para:162,Who is the patron saint of the Huguenots?,['Saint Nicolas'],"In 1882, Tesla began working for the Continental Edison Company in France, designing and making improvements to electrical equipment. In June 1884, he relocated to New York City:57–60 where he was hired by Thomas Edison to work at his Edison Machine Works on Manhattan's lower east side. Tesla's work for Edison began with simple electrical engineering and quickly progressed to solving more difficult problems.",IRRELEVANT,True,True,True
571117d4a58dae1900cd6c0e,easy,11,para:436,Who is the patron saint of the Huguenots?,['Saint Nicolas'],"His poor physical health made him short-tempered and even harsher in his writings and comments. His wife Katharina was overheard saying, ""Dear husband, you are too rude,"" and he responded, ""They are teaching me to be rude."" In 1545 and 1546 Luther preached three times in the Market Church in Halle, staying with his friend Justus Jonas during Christmas.",IRRELEVANT,True,True,True
571117d4a58dae1900cd6c0e,easy,12,para:2,Who is the patron saint of the Huguenots?,['Saint Nicolas'],"The Broncos took an early lead in Super Bowl 50 and never trailed. Newton was limited by Denver's defense, which sacked him seven times and forced him into three turnovers, including a fumble which they recovered for a touchdown. Denver linebacker Von Miller was named Super Bowl MVP, recording five solo tackles, 2½ sacks, and two forced fumbles.",IRRELEVANT,True,True,True
571117d4a58dae1900cd6c0e,easy,13,para:290,Who is the patron saint of the Huguenots?,['Saint Nicolas'],"In some countries, formal education can take place through home schooling. Informal learning may be assisted by a teacher occupying a transient or ongoing role, such as a family member, or by anyone with knowledge or skills in the wider community setting.",IRRELEVANT,True,True,True
571117d4a58dae1900cd6c0e,easy,14,para:234,Who is the patron saint of the Huguenots?,['Saint Nicolas'],"Tesla was raised an Orthodox Christian. Later in his life, he did not consider himself to be a ""believer in the orthodox sense,"" and opposed religious fanaticism. Despite this, he had a profound respect for both Buddhism and Christianity.",IRRELEVANT,True,True,True
571117d4a58dae1900cd6c0e,easy,15,para:191,Who is the patron saint of the Huguenots?,['Saint Nicolas'],"In 1899, John Jacob Astor IV invested $100,000 for Tesla to further develop and produce a new lighting system. Instead, Tesla used the money to fund his Colorado Springs experiments.",IRRELEVANT,True,True,True
571117d4a58dae1900cd6c0e,easy,16,para:289,Who is the patron saint of the Huguenots?,['Saint Nicolas'],"A teacher's role may vary among cultures. Teachers may provide instruction in literacy and numeracy, craftsmanship or vocational training, the arts, religion, civics, community roles, or life skills.",IRRELEVANT,True,True,True
571117d4a58dae1900cd6c0e,easy,17,para:321,Who is the patron saint of the Huguenots?,['Saint Nicolas'],"In the United States especially, several high-profile cases such as Debra LaFave, Pamela Rogers, and Mary Kay Letourneau have caused increased scrutiny on teacher misconduct.",IRRELEVANT,True,True,True
571117d4a58dae1900cd6c0e,easy,18,para:43,Who is the patron saint of the Huguenots?,['Saint Nicolas'],"Six-time Grammy winner and Academy Award nominee Lady Gaga performed the national anthem, while Academy Award winner Marlee Matlin provided American Sign Language (ASL) translation.",IRRELEVANT,True,True,True
571117d4a58dae1900cd6c0e,easy,19,para:291,Who is the patron saint of the Huguenots?,['Saint Nicolas'],"Religious and spiritual teachers, such as gurus, mullahs, rabbis, pastors/youth pastors and lamas, may teach religious texts such as the Quran, Torah or Bible.",IRRELEVANT,True,True,True
571117d4a58dae1900cd6c0e,easy,20,para:156,Who is the patron saint of the Huguenots?,['Saint Nicolas'],"In 1874, Tesla evaded being drafted into the Austro-Hungarian Army in Smiljan by running away to Tomingaj, near Gračac. There, he explored the mountains in hunter's garb. Tesla said that this contact with nature made him stronger, both physically and mentally. He read many books while in Tomingaj, and later said that Mark Twain's works had helped him to miraculously recover from his earlier illness.",IRRELEVANT,True,True,True
571117d4a58dae1900cd6c0e,easy,21,para:219,Who is the patron saint of the Huguenots?,['Saint Nicolas'],"In an interview with newspaper editor Arthur Brisbane, Tesla said that he did not believe in telepathy, stating, ""Suppose I made up my mind to murder you,"" he said, ""In a second you would know it. Now, isn't that wonderful? By what process does the mind get at all this?"" In the same interview, Tesla said that he believed that all fundamental laws could be reduced to one.",IRRELEVANT,True,True,True
571117d4a58dae1900cd6c0e,easy,22,para:258,Who is the patron saint of the Huguenots?,['Saint Nicolas'],"Analogous definitions can be made for space requirements. Although time and space are the most well-known complexity resources, any complexity measure can be viewed as a computational resource. Complexity measures are very generally defined by the Blum complexity axioms. Other complexity measures used in complexity theory include communication complexity, circuit complexity, and decision tree complexity.",IRRELEVANT,True,True,True
571117d4a58dae1900cd6c0e,easy,23,para:329,Who is the patron saint of the Huguenots?,['Saint Nicolas'],"In Germany, teachers are mainly civil servants recruited in special university classes, called Lehramtstudien (Teaching Education Studies). There are many differences between the teachers for elementary schools (Grundschule), lower secondary schools (Hauptschule), middle level secondary schools (Realschule) and higher level secondary schools (Gymnasium). Salaries for teachers depend on the civil servants' salary index scale (Bundesbesoldungsordnung).",IRRELEVANT,True,True,True
571117d4a58dae1900cd6c0e,easy,24,para:1323,Who is the patron saint of the Huguenots?,['Saint Nicolas'],"Private schools, also known as independent schools, non-governmental, or nonstate schools, are not administered by local, state or national governments; thus, they retain the right to select their students and are funded in whole or in part by charging their students tuition, rather than relying on mandatory taxation through public (government) funding; at some private schools students may be able to get a scholarship, which makes the cost cheaper, depending on a talent the student may have (e.g. sport scholarship, art scholarship, academic scholarship), financial need, or tax credit scholarships that might be available.",IRRELEVANT,True,True,True
571117d4a58dae1900cd6c0e,easy,25,para:239,Who is the patron saint of the Huguenots?,['Saint Nicolas'],"On Tesla's 75th birthday in 1931, Time magazine put him on its cover. The cover caption ""All the world's his power house"" noted his contribution to electrical power generation. He received congratulatory letters from more than 70 pioneers in science and engineering, including Albert Einstein.",IRRELEVANT,True,True,True
571117d4a58dae1900cd6c0e,easy,26,para:39,Who is the patron saint of the Huguenots?,['Saint Nicolas'],"Westwood One will carry the game throughout North America, with Kevin Harlan as play-by-play announcer, Boomer Esiason and Dan Fouts as color analysts, and James Lofton and Mark Malone as sideline reporters. Jim Gray will anchor the pre-game and halftime coverage.",IRRELEVANT,True,True,True
571117d4a58dae1900cd6c0e,easy,27,para:1718,Who is the patron saint of the Huguenots?,['Saint Nicolas'],"Chloroplasts can serve as cellular sensors. After detecting stress in a cell, which might be due to a pathogen, chloroplasts begin producing molecules like salicylic acid, jasmonic acid, nitric oxide and reactive oxygen species which can serve as defense-signals. As cellular signals, reactive oxygen species are unstable molecules, so they probably don't leave the chloroplast, but instead pass on their signal to an unknown second messenger molecule. All these molecules initiate retrograde signaling—signals from the chloroplast that regulate gene expression in the nucleus.",IRRELEVANT,True,True,True
571117d4a58dae1900cd6c0e,easy,28,para:575,Who is the patron saint of the Huguenots?,['Saint Nicolas'],"The first commercially successful true engine, in that it could generate power and transmit it to a machine, was the atmospheric engine, invented by Thomas Newcomen around 1712. It was an improvement over Savery's steam pump, using a piston as proposed by Papin. Newcomen's engine was relatively inefficient, and in most cases was used for pumping water. It worked by creating a partial vacuum by condensing steam under a piston within a cylinder. It was employed for draining mine workings at depths hitherto impossible, and also for providing a reusable water supply for driving waterwheels at factories sited away from a suitable ""head"". Water that had passed over the wheel was pumped back up into a storage reservoir above the wheel.",IRRELEVANT,True,True,True
571117d4a58dae1900cd6c0e,easy,29,para:154,Who is the patron saint of the Huguenots?,['Saint Nicolas'],"In 1870, Tesla moved to Karlovac, to attend school at the Higher Real Gymnasium, where he was profoundly influenced by a math teacher Martin Sekulić.:32 The classes were held in German, as it was a school within the Austro-Hungarian Military Frontier. Tesla was able to perform integral calculus in his head, which prompted his teachers to believe that he was cheating. He finished a four-year term in three years, graduating in 1873.:33",IRRELEVANT,True,True,True
571117d4a58dae1900cd6c0e,easy,30,para:1234,Who is the patron saint of the Huguenots?,['Saint Nicolas'],"Chemical barriers also protect against infection. The skin and respiratory tract secrete antimicrobial peptides such as the β-defensins. Enzymes such as lysozyme and phospholipase A2 in saliva, tears, and breast milk are also antibacterials. Vaginal secretions serve as a chemical barrier following menarche, when they become slightly acidic, while semen contains defensins and zinc to kill pathogens. In the stomach, gastric acid and proteases serve as powerful chemical defenses against ingested pathogens.",IRRELEVANT,True,True,True
